{"credit":"Polygony Creation Co.,Ltd.","textures":{"0":"summer_furniture_set:counter_1","2":"summer_furniture_set:sign_1","3":"summer_furniture_set:coconut","particle":"summer_furniture_set:counter_1"},"elements":[{"from":[0,-15,0],"to":[16,0,10.4],"rotation":{"angle":0,"axis":"y","origin":[0,-15,0]},"faces":{"north":{"uv":[0,3,2.66667,5.5],"texture":"#0"},"east":{"uv":[6,7.16667,7.66667,9.66667],"texture":"#0"},"south":{"uv":[2.66667,3,5.33333,5.5],"texture":"#0"},"west":{"uv":[7.33333,1.66667,9,4.16667],"texture":"#0"},"up":{"uv":[8.66667,1.66667,6,0],"texture":"#0"},"down":{"uv":[8.66667,5.5,6,7.16667],"texture":"#0"}}},{"from":[-10,16.5,4.25],"to":[26,25.5,5.25],"rotation":{"angle":0,"axis":"y","origin":[0,-6,0]},"faces":{"north":{"uv":[0,0,6,1.5],"texture":"#0"},"south":{"uv":[0,1.5,6,3],"texture":"#0"},"up":{"uv":[15,2.83333,9,2.66667],"texture":"#0"},"down":{"uv":[15,2.83333,9,3],"texture":"#0"}}},{"from":[0,-1,10.4],"to":[16,0,12.65],"rotation":{"angle":0,"axis":"y","origin":[0,-15,10]},"faces":{"east":{"uv":[6,2.33333,6.5,2.5],"texture":"#0"},"south":{"uv":[9,4,11.66667,4.16667],"texture":"#0"},"west":{"uv":[6,2.5,6.5,2.66667],"texture":"#0"},"up":{"uv":[11.66667,2.16667,9,1.66667],"texture":"#0"},"down":{"uv":[11.66667,2.16667,9,2.66667],"texture":"#0"}}},{"from":[13.47762,-14.9965,2.68087],"to":[25.47762,-0.0035,12.68087],"rotation":{"angle":-22.5,"axis":"y","origin":[21.47762,-6.4965,7.68087]},"faces":{"north":{"uv":[5.33333,3,7.33333,5.5],"texture":"#0"},"east":{"uv":[7.66667,7.16667,9.33333,9.66667],"texture":"#0"},"south":{"uv":[0,5.5,2,8],"texture":"#0"},"up":{"uv":[3.66667,9.66667,1.66667,8],"texture":"#0"},"down":{"uv":[5.66667,8,3.66667,9.66667],"texture":"#0"}}},{"from":[-9.47762,-0.9965,12.68087],"to":[2.52238,-0.0035,14.68087],"rotation":{"angle":22.5,"axis":"y","origin":[-5.47762,-6.4965,7.68087]},"faces":{"south":{"uv":[9.66667,5.83333,11.66667,6],"texture":"#0"},"west":{"uv":[6,2.66667,6.33333,2.83333],"texture":"#0"},"up":{"uv":[11,3.33333,9,3],"texture":"#0"},"down":{"uv":[11,3.33333,9,3.66667],"texture":"#0"}}},{"from":[13.47762,-0.9965,12.68087],"to":[25.47762,-0.0035,14.68087],"rotation":{"angle":-22.5,"axis":"y","origin":[21.47762,-6.4965,7.68087]},"faces":{"east":{"uv":[6,2.83333,6.33333,3],"texture":"#0"},"south":{"uv":[6,9.66667,8,9.83333],"texture":"#0"},"up":{"uv":[11,4,9,3.66667],"texture":"#0"},"down":{"uv":[5.66667,9.66667,3.66667,10],"texture":"#0"}}},{"from":[-9.47762,-14.9965,2.68087],"to":[2.52238,-0.0035,12.68087],"rotation":{"angle":22.5,"axis":"y","origin":[-5.47762,-6.4965,7.68087]},"faces":{"north":{"uv":[2,5.5,4,8],"texture":"#0"},"south":{"uv":[4,5.5,6,8],"texture":"#0"},"west":{"uv":[0,8,1.66667,10.5],"texture":"#0"},"up":{"uv":[10.66667,1.66667,8.66667,0],"texture":"#0"},"down":{"uv":[10.66667,4.16667,8.66667,5.83333],"texture":"#0"}}},{"from":[-11.85192,-0.0035,4.74444],"to":[-9.85192,26,6.74444],"rotation":{"angle":22.5,"axis":"y","origin":[-11.85192,-0.0035,2.74444]},"faces":{"north":{"uv":[5.66667,8,6,12.33333],"texture":"#0"},"east":{"uv":[9.33333,5.83333,9.66667,10.16667],"texture":"#0"},"south":{"uv":[1.66667,9.66667,2,14],"texture":"#0"},"west":{"uv":[2,9.66667,2.33333,14],"texture":"#0"},"up":{"uv":[6.33333,2,6,1.66667],"texture":"#0"}}},{"from":[25.85192,-0.0035,4.74444],"to":[27.85192,26,6.74444],"rotation":{"angle":-22.5,"axis":"y","origin":[27.85192,-0.0035,2.74444]},"faces":{"north":{"uv":[2.33333,9.66667,2.66667,14],"texture":"#0"},"east":{"uv":[2.66667,9.66667,3,14],"texture":"#0"},"south":{"uv":[3,9.66667,3.33333,14],"texture":"#0"},"west":{"uv":[3.33333,9.66667,3.66667,14],"texture":"#0"},"up":{"uv":[6.33333,2.33333,6,2],"texture":"#0"}}},{"from":[-8.5,13,3.5],"to":[24.5,29,3.53],"rotation":{"angle":0,"axis":"y","origin":[-0.5,15,3.5]},"faces":{"north":{"uv":[0,0,11,5.33333],"texture":"#2"},"south":{"uv":[11,0,0,5.33333],"texture":"#2"}}},{"from":[-3.5,0,4],"to":[0.5,4,8],"rotation":{"angle":22.5,"axis":"y","origin":[-3.97414,5.75,8.42788]},"faces":{"north":{"uv":[0,0,4,4],"texture":"#3"},"east":{"uv":[0,4,4,8],"texture":"#3"},"south":{"uv":[4,0,8,4],"texture":"#3"},"west":{"uv":[4,4,8,8],"texture":"#3"},"up":{"uv":[4,12,0,8],"texture":"#3"},"down":{"uv":[12,0,8,4],"texture":"#3"}}},{"from":[-4,4,6],"to":[-1,7,6.03],"rotation":{"angle":22.5,"axis":"y","origin":[-3.97414,5.75,8.42788]},"faces":{"north":{"uv":[4,8,7,11],"texture":"#3"},"south":{"uv":[7,8,4,11],"texture":"#3"}}},{"from":[-3.84513,0,7.7324],"to":[0.15487,4,11.7324],"rotation":{"angle":-22.5,"axis":"y","origin":[-3.97414,5.75,8.42788]},"faces":{"north":{"uv":[0,0,4,4],"texture":"#3"},"east":{"uv":[0,4,4,8],"texture":"#3"},"south":{"uv":[4,0,8,4],"texture":"#3"},"west":{"uv":[4,4,8,8],"texture":"#3"},"up":{"uv":[4,12,0,8],"texture":"#3"},"down":{"uv":[12,0,8,4],"texture":"#3"}}},{"from":[-4.34513,4,9.7324],"to":[-1.34513,7,9.7624],"rotation":{"angle":-22.5,"axis":"y","origin":[-3.97414,5.75,8.42788]},"faces":{"north":{"uv":[4,8,7,11],"texture":"#3"},"south":{"uv":[7,8,4,11],"texture":"#3"}}},{"from":[-7.33436,0,4.28274],"to":[-3.33436,4,8.28274],"rotation":{"angle":45,"axis":"y","origin":[-3.97414,5.75,8.42788]},"faces":{"north":{"uv":[4,4,8,8],"texture":"#3"},"east":{"uv":[0,0,4,4],"texture":"#3"},"south":{"uv":[0,4,4,8],"texture":"#3"},"west":{"uv":[4,0,8,4],"texture":"#3"},"up":{"uv":[4,12,0,8],"rotation":90,"texture":"#3"},"down":{"uv":[12,0,8,4],"rotation":270,"texture":"#3"}}},{"from":[-5.36436,4,3.78274],"to":[-5.33436,7,6.78274],"rotation":{"angle":45,"axis":"y","origin":[-3.97414,5.75,8.42788]},"faces":{"east":{"uv":[4,8,7,11],"texture":"#3"},"west":{"uv":[7,8,4,11],"texture":"#3"}}},{"from":[-5.92793,8,7.94623],"to":[-2.92793,11,7.97623],"rotation":{"angle":0,"axis":"y","origin":[-3.97414,5.75,8.42788]},"faces":{"north":{"uv":[4,8,7,11],"texture":"#3"},"south":{"uv":[7,8,4,11],"texture":"#3"}}},{"from":[-5.42793,4,5.94623],"to":[-1.42793,8,9.94623],"rotation":{"angle":0,"axis":"y","origin":[-3.97414,5.75,8.42788]},"faces":{"north":{"uv":[0,0,4,4],"texture":"#3"},"east":{"uv":[0,4,4,8],"texture":"#3"},"south":{"uv":[4,0,8,4],"texture":"#3"},"west":{"uv":[4,4,8,8],"texture":"#3"},"up":{"uv":[4,12,0,8],"texture":"#3"},"down":{"uv":[12,0,8,4],"texture":"#3"}}},{"from":[15.5,0,4],"to":[19.5,4,8],"rotation":{"angle":-45,"axis":"y","origin":[19.97414,5.75,8.42788]},"faces":{"north":{"uv":[4,0,0,4],"texture":"#3"},"east":{"uv":[8,4,4,8],"texture":"#3"},"south":{"uv":[8,0,4,4],"texture":"#3"},"west":{"uv":[4,4,0,8],"texture":"#3"},"up":{"uv":[0,12,4,8],"texture":"#3"},"down":{"uv":[8,0,12,4],"texture":"#3"}}},{"from":[17,4,6],"to":[20,7,6.03],"rotation":{"angle":-45,"axis":"y","origin":[19.97414,5.75,8.42788]},"faces":{"north":{"uv":[7,8,4,11],"texture":"#3"},"south":{"uv":[4,8,7,11],"texture":"#3"}}},{"from":[17.34513,4,9.7324],"to":[20.34513,7,9.7624],"rotation":{"angle":0,"axis":"y","origin":[19.97414,5.75,8.42788]},"faces":{"north":{"uv":[7,8,4,11],"texture":"#3"},"south":{"uv":[4,8,7,11],"texture":"#3"}}},{"from":[15.84513,0,7.7324],"to":[19.84513,4,11.7324],"rotation":{"angle":0,"axis":"y","origin":[19.97414,5.75,8.42788]},"faces":{"north":{"uv":[4,0,0,4],"texture":"#3"},"east":{"uv":[8,4,4,8],"texture":"#3"},"south":{"uv":[8,0,4,4],"texture":"#3"},"west":{"uv":[4,4,0,8],"texture":"#3"},"up":{"uv":[0,12,4,8],"texture":"#3"},"down":{"uv":[8,0,12,4],"texture":"#3"}}},{"from":[21.61927,4,9.7881],"to":[24.61927,7,9.8181],"rotation":{"angle":22.5,"axis":"y","origin":[19.97414,5.75,8.42788]},"faces":{"north":{"uv":[7,8,4,11],"texture":"#3"},"south":{"uv":[4,8,7,11],"texture":"#3"}}},{"from":[20.11927,0,7.7881],"to":[24.11927,4,11.7881],"rotation":{"angle":22.5,"axis":"y","origin":[19.97414,5.75,8.42788]},"faces":{"north":{"uv":[4,0,0,4],"texture":"#3"},"east":{"uv":[8,4,4,8],"texture":"#3"},"south":{"uv":[8,0,4,4],"texture":"#3"},"west":{"uv":[4,4,0,8],"texture":"#3"},"up":{"uv":[4,8,0,12],"rotation":180,"texture":"#3"},"down":{"uv":[12,4,8,0],"rotation":180,"texture":"#3"}}},{"from":[17.42793,4,5.94623],"to":[21.42793,8,9.94623],"rotation":{"angle":-22.5,"axis":"y","origin":[19.97414,5.75,8.42788]},"faces":{"north":{"uv":[4,0,0,4],"texture":"#3"},"east":{"uv":[8,4,4,8],"texture":"#3"},"south":{"uv":[8,0,4,4],"texture":"#3"},"west":{"uv":[4,4,0,8],"texture":"#3"},"up":{"uv":[0,12,4,8],"texture":"#3"},"down":{"uv":[8,0,12,4],"texture":"#3"}}},{"from":[18.92793,8,7.94623],"to":[21.92793,11,7.97623],"rotation":{"angle":-22.5,"axis":"y","origin":[19.97414,5.75,8.42788]},"faces":{"north":{"uv":[7,8,4,11],"texture":"#3"},"south":{"uv":[4,8,7,11],"texture":"#3"}}}],"gui_light":"front","display":{"thirdperson_righthand":{"rotation":[55.25,0,0],"translation":[0,4,6],"scale":[0.3,0.3,0.3]},"thirdperson_lefthand":{"rotation":[55.25,0,0],"translation":[0,4,6],"scale":[0.3,0.3,0.3]},"firstperson_righthand":{"rotation":[-16.25,0,0],"translation":[1.75,4.75,0],"scale":[0.63086,0.63086,0.63086]},"firstperson_lefthand":{"rotation":[-16.25,0,0],"translation":[1.75,4.75,0],"scale":[0.63086,0.63086,0.63086]},"ground":{"translation":[0,5,0],"scale":[0.5,0.5,0.5]},"gui":{"rotation":[25,135,0],"translation":[0,0.75,0],"scale":[0.4,0.4,0.4]},"head":{"rotation":[0,180,0],"translation":[0,-6.25,0],"scale":[1.6,1.6,1.6]},"fixed":{"rotation":[-90,0,0],"translation":[0,0,-46],"scale":[2,2,2]}}}