{"credit":"Polygony Creation Co.,Ltd.","texture_size":[48,48],"textures":{"0":"summer_furniture_set:surfboard_1","1":"summer_furniture_set:surfboard_2","2":"summer_furniture_set:surfboard_3","3":"summer_furniture_set:surfboard_stand","particle":"summer_furniture_set:surfboard_3"},"elements":[{"from":[13.5,2.5,10.75],"to":[22.5,24.5,11.75],"rotation":{"angle":22.5,"axis":"x","origin":[8,13.5,11.2838]},"faces":{"north":{"uv":[0.66667,2,3.66667,9.33333],"texture":"#0"},"east":{"uv":[7.33333,2,7.66667,9.33333],"texture":"#0"},"south":{"uv":[4,2,7,9.33333],"texture":"#0"},"west":{"uv":[8,2,8.33333,9.33333],"texture":"#0"}}},{"from":[13.5,23.48427,14.92404],"to":[22.5,26.48427,15.92404],"rotation":{"angle":0,"axis":"x","origin":[8,13.5,11.2838]},"faces":{"north":{"uv":[0.66667,1,3.66667,2],"texture":"#0"},"east":{"uv":[10.33333,2,10.66667,3],"texture":"#0"},"south":{"uv":[4,1,7,2],"texture":"#0"},"west":{"uv":[10.66667,2,11,3],"texture":"#0"},"up":{"uv":[7,0.66667,4,0.33333],"texture":"#0"}}},{"from":[13.5,0.51573,14.92404],"to":[22.5,3.51573,15.92404],"rotation":{"angle":45,"axis":"x","origin":[8,13.5,11.2838]},"faces":{"north":{"uv":[0.66667,9.33333,3.66667,10.33333],"texture":"#0"},"east":{"uv":[10.33333,4.66667,10.66667,5.66667],"texture":"#0"},"south":{"uv":[4,9.33333,7,10.33333],"texture":"#0"},"west":{"uv":[10.66667,4.66667,11,5.66667],"texture":"#0"},"down":{"uv":[7,10.66667,4,11],"texture":"#0"}}},{"from":[17.5,6.69027,5.77982],"to":[18.5,10.69027,8.77982],"rotation":{"angle":-22.5,"axis":"x","origin":[8,13.5,11.2838]},"faces":{"north":{"uv":[11,6,10.66667,7.33333],"rotation":180,"texture":"#0"},"east":{"uv":[8.66667,2,10,3],"rotation":270,"texture":"#0"},"south":{"uv":[10.66667,7.33333,10.33333,6],"texture":"#0"},"west":{"uv":[8.66667,3,10,4],"rotation":90,"texture":"#0"},"up":{"uv":[10.33333,3.33333,10.66667,4.33333],"rotation":180,"texture":"#0"},"down":{"uv":[10.66667,3.33333,11,4.33333],"texture":"#0"}}},{"from":[3.5,2.5,10.75],"to":[12.5,24.5,11.75],"rotation":{"angle":22.5,"axis":"x","origin":[8,13.5,11.2838]},"faces":{"north":{"uv":[0.66667,2,3.66667,9.33333],"texture":"#1"},"east":{"uv":[7.33333,2,7.66667,9.33333],"texture":"#1"},"south":{"uv":[4,2,7,9.33333],"texture":"#1"},"west":{"uv":[8,2,8.33333,9.33333],"texture":"#1"}}},{"from":[3.5,23.48427,14.92404],"to":[12.5,26.48427,15.92404],"rotation":{"angle":0,"axis":"x","origin":[8,13.5,11.2838]},"faces":{"north":{"uv":[0.66667,1,3.66667,2],"texture":"#1"},"east":{"uv":[10.33333,2,10.66667,3],"texture":"#1"},"south":{"uv":[4,1,7,2],"texture":"#1"},"west":{"uv":[10.66667,2,11,3],"texture":"#1"},"up":{"uv":[7,0.66667,4,0.33333],"texture":"#1"}}},{"from":[3.5,0.51573,14.92404],"to":[12.5,3.51573,15.92404],"rotation":{"angle":45,"axis":"x","origin":[8,13.5,11.2838]},"faces":{"north":{"uv":[0.66667,9.33333,3.66667,10.33333],"texture":"#1"},"east":{"uv":[10.33333,4.66667,10.66667,5.66667],"texture":"#1"},"south":{"uv":[4,9.33333,7,10.33333],"texture":"#1"},"west":{"uv":[10.66667,4.66667,11,5.66667],"texture":"#1"},"down":{"uv":[7,10.66667,4,11],"texture":"#1"}}},{"from":[7.5,6.69027,5.77982],"to":[8.5,10.69027,8.77982],"rotation":{"angle":-22.5,"axis":"x","origin":[8,13.5,11.2838]},"faces":{"north":{"uv":[11,6,10.66667,7.33333],"rotation":180,"texture":"#1"},"east":{"uv":[8.66667,2,10,3],"rotation":270,"texture":"#1"},"south":{"uv":[10.66667,7.33333,10.33333,6],"texture":"#1"},"west":{"uv":[8.66667,3,10,4],"rotation":90,"texture":"#1"},"up":{"uv":[10.33333,3.33333,10.66667,4.33333],"rotation":180,"texture":"#1"},"down":{"uv":[10.66667,3.33333,11,4.33333],"texture":"#1"}}},{"from":[-6.5,2.5,10.75],"to":[2.5,24.5,11.75],"rotation":{"angle":22.5,"axis":"x","origin":[8,13.5,11.2838]},"faces":{"north":{"uv":[0.66667,2,3.66667,9.33333],"texture":"#2"},"east":{"uv":[7.33333,2,7.66667,9.33333],"texture":"#2"},"south":{"uv":[4,2,7,9.33333],"texture":"#2"},"west":{"uv":[8,2,8.33333,9.33333],"texture":"#2"}}},{"from":[-6.5,23.48427,14.92404],"to":[2.5,26.48427,15.92404],"rotation":{"angle":0,"axis":"x","origin":[8,13.5,11.2838]},"faces":{"north":{"uv":[0.66667,1,3.66667,2],"texture":"#2"},"east":{"uv":[10.33333,2,10.66667,3],"texture":"#2"},"south":{"uv":[4,1,7,2],"texture":"#2"},"west":{"uv":[10.66667,2,11,3],"texture":"#2"},"up":{"uv":[7,0.66667,4,0.33333],"texture":"#2"}}},{"from":[-6.5,0.51573,14.92404],"to":[2.5,3.51573,15.92404],"rotation":{"angle":45,"axis":"x","origin":[8,13.5,11.2838]},"faces":{"north":{"uv":[0.66667,9.33333,3.66667,10.33333],"texture":"#2"},"east":{"uv":[10.33333,4.66667,10.66667,5.66667],"texture":"#2"},"south":{"uv":[4,9.33333,7,10.33333],"texture":"#2"},"west":{"uv":[10.66667,4.66667,11,5.66667],"texture":"#2"},"down":{"uv":[7,10.66667,4,11],"texture":"#2"}}},{"from":[-2.5,6.69027,5.77982],"to":[-1.5,10.69027,8.77982],"rotation":{"angle":-22.5,"axis":"x","origin":[8,13.5,11.2838]},"faces":{"north":{"uv":[11,6,10.66667,7.33333],"rotation":180,"texture":"#2"},"east":{"uv":[8.66667,2,10,3],"rotation":270,"texture":"#2"},"south":{"uv":[10.66667,7.33333,10.33333,6],"texture":"#2"},"west":{"uv":[8.66667,3,10,4],"rotation":90,"texture":"#2"},"up":{"uv":[10.33333,3.33333,10.66667,4.33333],"rotation":180,"texture":"#2"},"down":{"uv":[10.66667,3.33333,11,4.33333],"texture":"#2"}}},{"from":[24.5,1,5],"to":[25.5,2,11],"rotation":{"angle":0,"axis":"y","origin":[34.5,1,5]},"faces":{"east":{"uv":[3.33333,3.33333,5.33333,3.66667],"texture":"#3"},"west":{"uv":[3.33333,3.66667,5.33333,4],"texture":"#3"},"up":{"uv":[3.66667,6,3.33333,4],"texture":"#3"},"down":{"uv":[4,4,3.66667,6],"texture":"#3"}}},{"from":[24.5,11,5],"to":[25.5,12,11],"rotation":{"angle":0,"axis":"y","origin":[34.5,11,5]},"faces":{"east":{"uv":[3.33333,3.33333,5.33333,3.66667],"texture":"#3"},"west":{"uv":[3.33333,3.66667,5.33333,4],"texture":"#3"},"up":{"uv":[3.66667,6,3.33333,4],"texture":"#3"},"down":{"uv":[4,4,3.66667,6],"texture":"#3"}}},{"from":[-9.5,11,5],"to":[-8.5,12,11],"rotation":{"angle":0,"axis":"y","origin":[-18.5,11,5]},"faces":{"east":{"uv":[5.33333,3.66667,3.33333,4],"texture":"#3"},"west":{"uv":[5.33333,3.33333,3.33333,3.66667],"texture":"#3"},"up":{"uv":[3.33333,6,3.66667,4],"texture":"#3"},"down":{"uv":[3.66667,4,4,6],"texture":"#3"}}},{"from":[-9.5,1,5],"to":[-8.5,2,11],"rotation":{"angle":0,"axis":"y","origin":[-18.5,1,5]},"faces":{"east":{"uv":[5.33333,3.66667,3.33333,4],"texture":"#3"},"west":{"uv":[5.33333,3.33333,3.33333,3.66667],"texture":"#3"},"up":{"uv":[3.33333,6,3.66667,4],"texture":"#3"},"down":{"uv":[3.66667,4,4,6],"texture":"#3"}}},{"from":[24.5,4,5],"to":[25.5,5,11],"rotation":{"angle":0,"axis":"y","origin":[34.5,4,5]},"faces":{"east":{"uv":[2.66667,2.66667,4.66667,3],"texture":"#3"},"west":{"uv":[2.66667,3,4.66667,3.33333],"texture":"#3"},"up":{"uv":[3,5.33333,2.66667,3.33333],"texture":"#3"},"down":{"uv":[3.33333,3.33333,3,5.33333],"texture":"#3"}}},{"from":[-9.5,4,5],"to":[-8.5,5,11],"rotation":{"angle":0,"axis":"y","origin":[-18.5,4,5]},"faces":{"east":{"uv":[4.66667,3,2.66667,3.33333],"texture":"#3"},"west":{"uv":[4.66667,2.66667,2.66667,3],"texture":"#3"},"up":{"uv":[2.66667,5.33333,3,3.33333],"texture":"#3"},"down":{"uv":[3,3.33333,3.33333,5.33333],"texture":"#3"}}},{"from":[24,0,3],"to":[26,13,5],"rotation":{"angle":0,"axis":"y","origin":[16,0,3]},"faces":{"north":{"uv":[0,2.66667,0.66667,7],"texture":"#3"},"east":{"uv":[0.66667,2.66667,1.33333,7],"texture":"#3"},"south":{"uv":[1.33333,2.66667,2,7],"texture":"#3"},"west":{"uv":[2,2.66667,2.66667,7],"texture":"#3"},"up":{"uv":[4.66667,4.66667,4,4],"texture":"#3"},"down":{"uv":[5.33333,2.66667,4.66667,3.33333],"texture":"#3"}}},{"from":[-10,0,3],"to":[-8,13,5],"rotation":{"angle":0,"axis":"y","origin":[0,0,3]},"faces":{"north":{"uv":[0.66667,2.66667,0,7],"texture":"#3"},"east":{"uv":[2.66667,2.66667,2,7],"texture":"#3"},"south":{"uv":[2,2.66667,1.33333,7],"texture":"#3"},"west":{"uv":[1.33333,2.66667,0.66667,7],"texture":"#3"},"up":{"uv":[4,4.66667,4.66667,4],"texture":"#3"},"down":{"uv":[4.66667,2.66667,5.33333,3.33333],"texture":"#3"}}},{"from":[-10,0,11],"to":[-8,13,13],"rotation":{"angle":0,"axis":"y","origin":[0,0,13]},"faces":{"north":{"uv":[1.33333,2.66667,2,7],"texture":"#3"},"east":{"uv":[2,2.66667,2.66667,7],"texture":"#3"},"south":{"uv":[0,2.66667,0.66667,7],"texture":"#3"},"west":{"uv":[0.66667,2.66667,1.33333,7],"texture":"#3"},"up":{"uv":[4,4,4.66667,4.66667],"texture":"#3"},"down":{"uv":[4.66667,3.33333,5.33333,2.66667],"texture":"#3"}}},{"from":[24,0,11],"to":[26,13,13],"rotation":{"angle":0,"axis":"y","origin":[16,0,13]},"faces":{"north":{"uv":[2,2.66667,1.33333,7],"texture":"#3"},"east":{"uv":[1.33333,2.66667,0.66667,7],"texture":"#3"},"south":{"uv":[0.66667,2.66667,0,7],"texture":"#3"},"west":{"uv":[2.66667,2.66667,2,7],"texture":"#3"},"up":{"uv":[4.66667,4,4,4.66667],"texture":"#3"},"down":{"uv":[5.33333,3.33333,4.66667,2.66667],"texture":"#3"}}},{"from":[-8,1,3.5],"to":[24,2,4.5],"rotation":{"angle":0,"axis":"y","origin":[2,1,4.5]},"faces":{"north":{"uv":[0,1.33333,10.66667,1.66667],"texture":"#3"},"south":{"uv":[0,1.66667,10.66667,2],"texture":"#3"},"up":{"uv":[10.66667,2.33333,0,2],"texture":"#3"},"down":{"uv":[10.66667,2.33333,0,2.66667],"texture":"#3"}}},{"from":[-8,1,11.5],"to":[24,2,12.5],"rotation":{"angle":0,"axis":"y","origin":[2,1,12.5]},"faces":{"north":{"uv":[0,1.33333,10.66667,1.66667],"texture":"#3"},"south":{"uv":[0,1.66667,10.66667,2],"texture":"#3"},"up":{"uv":[10.66667,2.33333,0,2],"texture":"#3"},"down":{"uv":[10.66667,2.33333,0,2.66667],"texture":"#3"}}},{"from":[-8,11,3.5],"to":[24,12,4.5],"rotation":{"angle":0,"axis":"y","origin":[2,11,4.5]},"faces":{"north":{"uv":[0,1.33333,10.66667,1.66667],"texture":"#3"},"south":{"uv":[0,1.66667,10.66667,2],"texture":"#3"},"up":{"uv":[10.66667,2.33333,0,2],"texture":"#3"},"down":{"uv":[10.66667,2.33333,0,2.66667],"texture":"#3"}}},{"from":[-8.5,4,5.5],"to":[24.5,5,6.5],"rotation":{"angle":0,"axis":"y","origin":[2,4,6.5]},"faces":{"north":{"uv":[0,0,11,0.33333],"texture":"#3"},"east":{"uv":[4,4.66667,4.33333,5],"texture":"#3"},"south":{"uv":[0,0.33333,11,0.66667],"texture":"#3"},"west":{"uv":[4.66667,4,5,4.33333],"texture":"#3"},"up":{"uv":[11,1,0,0.66667],"texture":"#3"},"down":{"uv":[11,1,0,1.33333],"texture":"#3"}}},{"from":[-8.5,11,11.5],"to":[24.5,12,12.5],"rotation":{"angle":0,"axis":"y","origin":[2,11,12.5]},"faces":{"north":{"uv":[0,0,11,0.33333],"texture":"#3"},"east":{"uv":[4,4.66667,4.33333,5],"texture":"#3"},"south":{"uv":[0,0.33333,11,0.66667],"texture":"#3"},"west":{"uv":[4.66667,4,5,4.33333],"texture":"#3"},"up":{"uv":[11,1,0,0.66667],"texture":"#3"},"down":{"uv":[11,1,0,1.33333],"texture":"#3"}}}],"gui_light":"front","display":{"thirdperson_righthand":{"rotation":[84.5,90,0],"translation":[0,8.5,3.25],"scale":[0.5,0.5,0.5]},"thirdperson_lefthand":{"rotation":[84.5,90,0],"translation":[0,8.5,3.25],"scale":[0.5,0.5,0.5]},"firstperson_righthand":{"rotation":[51,90,0],"translation":[5.75,3.5,0]},"firstperson_lefthand":{"rotation":[51,90,0],"translation":[5.75,3.5,0]},"ground":{"translation":[0,5,0],"scale":[0.7,0.7,0.7]},"gui":{"rotation":[35,135,0],"translation":[0,-2,0],"scale":[0.5,0.5,0.5]},"head":{"rotation":[0,180,0],"translation":[0,-30,0],"scale":[1.6,1.6,1.6]},"fixed":{"rotation":[-90,0,0],"translation":[0,0,-15.75],"scale":[2,2,2]}}}