{"textures​":{"layer0":"minecraft:item/diamond_shovel"},"credit":"Made with Blockbench","\u0074\u0065\u0078\u0074\u0075\u0072\u0065\u0073":{"0":"\u0074\u0077\u0069\u006c\u0069\u0067\u0068\u0074_\u006f\u0066_\u0065\u006e\u0064\u0065\u0072:\u0073\u0068\u0069\u0065\u006c\u0064_\u0062\u006c\u006f\u0063\u006b\u0069\u006e\u0067_0","1":"\u0074\u0077\u0069\u006c\u0069\u0067\u0068\u0074_\u006f\u0066_\u0065\u006e\u0064\u0065\u0072:\u0073\u0068\u0069\u0065\u006c\u0064_\u0062\u006c\u006f\u0063\u006b\u0069\u006e\u0067_1","\u0070\u0061\u0072\u0074\u0069\u0063\u006c\u0065":"#0"},"elements":[{"from":[5.21076,10.85,7.12497],"to":[6.61076,13.45,7.12497],"faces":{"north":{"uv":[7.5,9,7.84,9.66],"texture":"#1"},"east":{"uv":[0,0,0,0.66],"texture":"#1"},"south":{"uv":[4.5,9.25,4.84,9.91],"texture":"#1"},"west":{"uv":[0,0,0,0.66],"texture":"#1"},"up":{"uv":[0.34,0,0,0],"texture":"#1"},"down":{"uv":[0.34,0,0,0],"texture":"#1"}},"rotation":{"origin":[5.61076,12.15,7.12497],"axis":"y","angle":45,"rescale":false}},{"from":[5.32821,11.85,7.40711],"to":[5.32821,14.45,9.80711],"faces":{"north":{"uv":[0,0,0,0.66],"texture":"#1"},"east":{"uv":[6,7.25,6.59,7.91],"texture":"#1"},"south":{"uv":[0,0,0,0.66],"texture":"#1"},"west":{"uv":[6.75,7.25,7.34,7.91],"texture":"#1"},"up":{"uv":[0,0.59,0,0],"texture":"#1"},"down":{"uv":[0,0,0,0.59],"texture":"#1"}}},{"from":[6,10.65,6.475],"to":[9,14.65,6.475],"faces":{"north":{"uv":[9,8,6,4],"texture":"#0"},"east":{"uv":[0,4,0,0],"texture":"#0"},"south":{"uv":[6,8,9,4],"texture":"#0"},"west":{"uv":[0,4,0,0],"texture":"#0"},"up":{"uv":[0,0,0,3],"texture":"#0","rotation":90},"down":{"uv":[0,0,0,3],"texture":"#0","rotation":270}},"rotation":{"origin":[7.5,12.65,6.475],"axis":"y","angle":-45,"rescale":false}},{"from":[6.03532,12.85,9.51422],"to":[6.03532,15.45,11.91422],"faces":{"north":{"uv":[0,0,0,0.66],"texture":"#1"},"east":{"uv":[7.5,7.25,8.09,7.91],"texture":"#1"},"south":{"uv":[0,0,0,0.66],"texture":"#1"},"west":{"uv":[2,7.75,2.59,8.41],"texture":"#1"},"up":{"uv":[0,0.59,0,0],"texture":"#1"},"down":{"uv":[0,0,0,0.59],"texture":"#1"}},"rotation":{"origin":[6.03532,14.15,10.51422],"axis":"y","angle":45,"rescale":false}},{"from":[6.31716,9.85,6.41816],"to":[7.21716,12.45,6.41816],"faces":{"north":{"uv":[9,9.25,9.22,9.91],"texture":"#1"},"east":{"uv":[0,0,0,0.66],"texture":"#1"},"south":{"uv":[9.5,3.75,9.72,4.41],"texture":"#1"},"west":{"uv":[0,0,0,0.66],"texture":"#1"},"up":{"uv":[0.22,0,0,0],"texture":"#1"},"down":{"uv":[0.22,0,0,0],"texture":"#1"}}},{"from":[6.5,17.25,8.8],"to":[9.5,21.25,8.8],"faces":{"north":{"uv":[9,4,6,8],"texture":"#0"},"east":{"uv":[0,0,0,4],"texture":"#0"},"south":{"uv":[6,4,9,8],"texture":"#0"},"west":{"uv":[0,0,0,4],"texture":"#0"},"up":{"uv":[0,0,0,3],"texture":"#0","rotation":270},"down":{"uv":[0,0,0,3],"texture":"#0","rotation":90}},"rotation":{"origin":[8,19.25,8.8],"axis":"y","angle":-45,"rescale":false}},{"from":[6.825,9.75,7.45],"to":[6.825,11.6,8.55],"faces":{"north":{"uv":[0,0,0,0.47],"texture":"#1"},"east":{"uv":[6.25,9.5,6.53,9.97],"texture":"#1"},"south":{"uv":[0,0,0,0.47],"texture":"#1"},"west":{"uv":[9.5,6.5,9.78,6.97],"texture":"#1"},"up":{"uv":[0,0.28,0,0],"texture":"#1"},"down":{"uv":[0,0,0,0.28],"texture":"#1"}}},{"from":[6.861,17.55,7.99445],"to":[6.861,23.55,8.39445],"faces":{"north":{"uv":[0,0,0,1.5],"texture":"#1"},"east":{"uv":[5.25,9.5,5.34,11],"texture":"#1"},"south":{"uv":[0,0,0,1.5],"texture":"#1"},"west":{"uv":[5.5,9.5,5.59,11],"texture":"#1"},"up":{"uv":[0,0.09,0,0],"texture":"#1"},"down":{"uv":[0,0,0,0.09],"texture":"#1"}},"rotation":{"origin":[8,22.45,8],"axis":"y","angle":-45,"rescale":false}},{"from":[6.875,9.75,7.45],"to":[7.375,11.6,8.55],"faces":{"north":{"uv":[4.75,10,4.88,10.47],"texture":"#1"},"east":{"uv":[5.75,9.5,6.03,9.97],"texture":"#1"},"south":{"uv":[10,6.5,10.12,6.97],"texture":"#1"},"west":{"uv":[9.5,6,9.78,6.47],"texture":"#1"},"up":{"uv":[10.12,8.28,10,8],"texture":"#1"},"down":{"uv":[8.38,10,8.25,10.28],"texture":"#1"}}},{"from":[6.97019,20.55,7.67626],"to":[6.97019,24.55,8.07626],"faces":{"north":{"uv":[0,0,0,1],"texture":"#1"},"east":{"uv":[10,1.25,10.09,2.25],"texture":"#1"},"south":{"uv":[0,0,0,1],"texture":"#1"},"west":{"uv":[1.5,10,1.59,11],"texture":"#1"},"up":{"uv":[0,0.09,0,0],"texture":"#1"},"down":{"uv":[0,0,0,0.09],"texture":"#1"}},"rotation":{"origin":[8,22.45,8],"axis":"y","angle":45,"rescale":false}},{"from":[7,13.15,7],"to":[9,15.15,9],"faces":{"north":{"uv":[9,0,11,2],"texture":"#0"},"east":{"uv":[11,6,9,8],"texture":"#0"},"south":{"uv":[9,4,11,6],"texture":"#0"},"west":{"uv":[9,6,11,8],"texture":"#0"},"up":{"uv":[12,10,10,8],"texture":"#0"},"down":{"uv":[12,10,10,12],"texture":"#0"}}},{"from":[7,15.15,7],"to":[8,15.9,8],"faces":{"north":{"uv":[12,11,13,11.75],"texture":"#0"},"east":{"uv":[12,12,13,12.75],"texture":"#0"},"south":{"uv":[13,2,14,2.75],"texture":"#0"},"west":{"uv":[13,3,14,3.75],"texture":"#0"},"up":{"uv":[13,8,12,7],"texture":"#0"},"down":{"uv":[13,8,12,9],"texture":"#0"}}},{"from":[7.075,7,7],"to":[8.925,9,9],"faces":{"north":{"uv":[8.75,7.25,9.25,7.75],"texture":"#1"},"east":{"uv":[8.75,7.75,9.25,8.25],"texture":"#1"},"south":{"uv":[8.75,8.25,9.25,8.75],"texture":"#1"},"west":{"uv":[8.75,8.75,9.25,9.25],"texture":"#1"},"up":{"uv":[7,9.5,6.5,9],"texture":"#1"},"down":{"uv":[7.5,9,7,9.5],"texture":"#1"}}},{"from":[7.1,7.41421,2.3],"to":[8.9,9.16421,8],"faces":{"north":{"uv":[9.5,2.75,9.94,3.19],"texture":"#1"},"east":{"uv":[2,7.25,3.44,7.69],"texture":"#1"},"south":{"uv":[3,9.5,3.44,9.94],"texture":"#1"},"west":{"uv":[3.5,7.25,4.94,7.69],"texture":"#1"},"up":{"uv":[5.44,8.69,5,7.25],"texture":"#1"},"down":{"uv":[5.94,7.25,5.5,8.69],"texture":"#1"}},"rotation":{"origin":[8,8.41421,7],"axis":"x","angle":45,"rescale":false}},{"from":[7.125,13.91066,7.00711],"to":[7.925,14.43566,7.53211],"faces":{"north":{"uv":[13,9,13.75,9.5],"texture":"#0"},"east":{"uv":[13,13,13.5,13.5],"texture":"#0"},"south":{"uv":[10,13,10.75,13.5],"texture":"#0"},"west":{"uv":[13,13,13.5,13.5],"texture":"#0"},"up":{"uv":[13.75,10.5,13,10],"texture":"#0"},"down":{"uv":[11.75,13,11,13.5],"texture":"#0"}},"rotation":{"origin":[7.4,15.16066,6.75711],"axis":"x","angle":45,"rescale":false}},{"from":[7.125,16.16066,7.00711],"to":[7.925,16.68566,7.53211],"faces":{"north":{"uv":[13,5,13.75,5.5],"texture":"#0"},"east":{"uv":[12,13,12.5,13.5],"texture":"#0"},"south":{"uv":[13,6,13.75,6.5],"texture":"#0"},"west":{"uv":[12,13,12.5,13.5],"texture":"#0"},"up":{"uv":[13.75,7.5,13,7],"texture":"#0"},"down":{"uv":[13.75,8,13,8.5],"texture":"#0"}},"rotation":{"origin":[7.4,17.41066,6.75711],"axis":"x","angle":45,"rescale":false}},{"from":[7.15,14.1,6.05],"to":[7.9,16.35,6.8],"faces":{"north":{"uv":[6,11,6.75,13.25],"texture":"#0"},"east":{"uv":[9,11,9.75,13.25],"texture":"#0"},"south":{"uv":[8,11,8.75,13.25],"texture":"#0"},"west":{"uv":[9,11,9.75,13.25],"texture":"#0"},"up":{"uv":[13.75,4.75,13,4],"texture":"#0"},"down":{"uv":[5.75,13,5,13.75],"texture":"#0"}}},{"from":[7.175,11.33707,2.58569],"to":[8.825,14.03707,4.11069],"faces":{"north":{"uv":[4.5,8.5,4.91,9.19],"texture":"#1"},"east":{"uv":[5.5,8.75,5.88,9.44],"texture":"#1"},"south":{"uv":[5,8.75,5.41,9.44],"texture":"#1"},"west":{"uv":[6,8.75,6.38,9.44],"texture":"#1"},"up":{"uv":[9.91,3.62,9.5,3.25],"texture":"#1"},"down":{"uv":[3.91,9.5,3.5,9.88],"texture":"#1"}},"rotation":{"origin":[8,12.33707,3.51069],"axis":"x","angle":-22.5,"rescale":false}},{"from":[7.19069,9,8.21213],"to":[7.69069,11.875,8.81213],"faces":{"north":{"uv":[1.75,10,1.88,10.72],"texture":"#1"},"east":{"uv":[9.75,7.5,9.91,8.22],"texture":"#1"},"south":{"uv":[10,2.25,10.12,2.97],"texture":"#1"},"west":{"uv":[7.75,9.75,7.91,10.47],"texture":"#1"},"up":{"uv":[4.12,10.41,4,10.25],"texture":"#1"},"down":{"uv":[10.38,4,10.25,4.16],"texture":"#1"}},"rotation":{"origin":[7.44069,10.675,8.76213],"axis":"y","angle":45,"rescale":false}},{"from":[7.19069,9.25,7.18787],"to":[7.69069,12.1,7.78787],"faces":{"north":{"uv":[3,10,3.12,10.72],"texture":"#1"},"east":{"uv":[9.75,8.25,9.91,8.97],"texture":"#1"},"south":{"uv":[10,3,10.12,3.72],"texture":"#1"},"west":{"uv":[9.75,9,9.91,9.72],"texture":"#1"},"up":{"uv":[4.38,10.41,4.25,10.25],"texture":"#1"},"down":{"uv":[10.38,4.25,10.25,4.41],"texture":"#1"}},"rotation":{"origin":[7.44069,10.675,7.23787],"axis":"y","angle":-45,"rescale":false}},{"from":[7.225,2.85368,2.05554],"to":[8.775,13.55368,3.48054],"faces":{"north":{"uv":[0,7.25,0.38,9.94],"texture":"#1"},"east":{"uv":[1,7.25,1.34,9.94],"texture":"#1"},"south":{"uv":[0.5,7.25,0.88,9.94],"texture":"#1"},"west":{"uv":[1.5,7.25,1.84,9.94],"texture":"#1"},"up":{"uv":[10.12,5.09,9.75,4.75],"texture":"#1"},"down":{"uv":[10.12,5.25,9.75,5.59],"texture":"#1"}}},{"from":[7.25,-0.5037,3.81254],"to":[8.75,3.5463,5.08754],"faces":{"north":{"uv":[6.75,8,7.12,9],"texture":"#1"},"east":{"uv":[2.5,8.5,2.81,9.5],"texture":"#1"},"south":{"uv":[7.25,8,7.62,9],"texture":"#1"},"west":{"uv":[3,8.5,3.31,9.5],"texture":"#1"},"up":{"uv":[10.12,7.31,9.75,7],"texture":"#1"},"down":{"uv":[7.62,9.75,7.25,10.06],"texture":"#1"}},"rotation":{"origin":[8,-1.1537,4.66254],"axis":"x","angle":-22.5,"rescale":false}},{"from":[7.275,-2.95082,6.72794],"to":[8.725,1.09918,7.85294],"faces":{"north":{"uv":[7.75,8,8.12,9],"texture":"#1"},"east":{"uv":[3.5,8.5,3.78,9.5],"texture":"#1"},"south":{"uv":[8.25,7.25,8.62,8.25],"texture":"#1"},"west":{"uv":[4,8.5,4.28,9.5],"texture":"#1"},"up":{"uv":[0.88,10.28,0.5,10],"texture":"#1"},"down":{"uv":[1.38,10,1,10.28],"texture":"#1"}},"rotation":{"origin":[8,-3.60082,7.55294],"axis":"x","angle":-45,"rescale":false}},{"from":[7.325,-5.53598,6.46791],"to":[8.675,-4.61098,10.51791],"faces":{"north":{"uv":[6.25,10,6.59,10.22],"texture":"#1"},"east":{"uv":[9.5,0.75,10.5,0.97],"texture":"#1"},"south":{"uv":[10,6.25,10.34,6.47],"texture":"#1"},"west":{"uv":[9.5,1,10.5,1.22],"texture":"#1"},"up":{"uv":[8.59,9.25,8.25,8.25],"texture":"#1"},"down":{"uv":[2.34,8.5,2,9.5],"texture":"#1"}},"rotation":{"origin":[8,-4.76098,11.16791],"axis":"x","angle":22.5,"rescale":false}},{"from":[7.35307,9,8.70377],"to":[7.75307,9.875,9.20377],"faces":{"north":{"uv":[10.25,1.5,10.34,1.72],"texture":"#1"},"east":{"uv":[9.5,7,9.62,7.22],"texture":"#1"},"south":{"uv":[10.25,1.75,10.34,1.97],"texture":"#1"},"west":{"uv":[7.25,9.5,7.38,9.72],"texture":"#1"},"up":{"uv":[6.59,10.38,6.5,10.25],"texture":"#1"},"down":{"uv":[10.34,6.5,10.25,6.62],"texture":"#1"}},"rotation":{"origin":[7.90307,8.675,8.95377],"axis":"y","angle":-22.5,"rescale":false}},{"from":[7.35307,9.25,6.79623],"to":[7.75307,10.1,7.29623],"faces":{"north":{"uv":[2,10.25,2.09,10.47],"texture":"#1"},"east":{"uv":[9.75,5.75,9.88,5.97],"texture":"#1"},"south":{"uv":[10.25,2,10.34,2.22],"texture":"#1"},"west":{"uv":[8.75,10,8.88,10.22],"texture":"#1"},"up":{"uv":[10.34,6.88,10.25,6.75],"texture":"#1"},"down":{"uv":[10.34,7,10.25,7.12],"texture":"#1"}},"rotation":{"origin":[7.90307,8.925,7.04623],"axis":"y","angle":22.5,"rescale":false}},{"from":[7.35307,11,8.70377],"to":[7.75307,11.875,9.20377],"faces":{"north":{"uv":[10.25,0.5,10.34,0.72],"texture":"#1"},"east":{"uv":[6.5,8.75,6.62,8.97],"texture":"#1"},"south":{"uv":[10.25,1.25,10.34,1.47],"texture":"#1"},"west":{"uv":[8,9,8.12,9.22],"texture":"#1"},"up":{"uv":[10.34,5.62,10.25,5.5],"texture":"#1"},"down":{"uv":[6.34,10.25,6.25,10.38],"texture":"#1"}},"rotation":{"origin":[7.90307,10.7,8.95377],"axis":"y","angle":-22.5,"rescale":false}},{"from":[7.35307,11.25,6.79623],"to":[7.75307,12.1,7.29623],"faces":{"north":{"uv":[2.25,10.25,2.34,10.47],"texture":"#1"},"east":{"uv":[9,10,9.12,10.22],"texture":"#1"},"south":{"uv":[10.25,2.25,10.34,2.47],"texture":"#1"},"west":{"uv":[10,9,10.12,9.22],"texture":"#1"},"up":{"uv":[7.34,10.38,7.25,10.25],"texture":"#1"},"down":{"uv":[10.34,7.25,10.25,7.38],"texture":"#1"}},"rotation":{"origin":[7.90307,10.925,7.04623],"axis":"y","angle":22.5,"rescale":false}},{"from":[7.45,8.95,7.45],"to":[8.55,11.85,8.55],"faces":{"north":{"uv":[9.5,1.25,9.78,1.97],"texture":"#1"},"east":{"uv":[2,9.5,2.28,10.22],"texture":"#1"},"south":{"uv":[9.5,2,9.78,2.72],"texture":"#1"},"west":{"uv":[2.5,9.5,2.78,10.22],"texture":"#1"},"up":{"uv":[6.03,10.28,5.75,10],"texture":"#1"},"down":{"uv":[10.28,5.75,10,6.03],"texture":"#1"}}},{"from":[7.475,16.28388,9.09099],"to":[8.525,17.35888,10.16599],"faces":{"north":{"uv":[12,2,13,3.12],"texture":"#0"},"east":{"uv":[2.12,12,1,13.12],"texture":"#0"},"south":{"uv":[3,12,4,13.12],"texture":"#0"},"west":{"uv":[1,12,2.12,13.12],"texture":"#0"},"up":{"uv":[5,13.12,4,12],"texture":"#0"},"down":{"uv":[13,4,12,5.12],"texture":"#0"}},"rotation":{"origin":[8,18.03388,9.59099],"axis":"x","angle":45,"rescale":false}},{"from":[7.5,9.25,6.3],"to":[7.5,11.85,7.7],"faces":{"north":{"uv":[0,0,0,0.66],"texture":"#1"},"east":{"uv":[9.25,7.25,9.59,7.91],"texture":"#1"},"south":{"uv":[0,0,0,0.66],"texture":"#1"},"west":{"uv":[8,9.25,8.34,9.91],"texture":"#1"},"up":{"uv":[0,0.34,0,0],"texture":"#1"},"down":{"uv":[0,0,0,0.34],"texture":"#1"}},"rotation":{"origin":[7.5,10.55,6.7],"axis":"y","angle":45,"rescale":false}},{"from":[7.5,10.65,4.975],"to":[7.5,14.65,7.975],"faces":{"north":{"uv":[0,4,0,0],"texture":"#0"},"east":{"uv":[9,8,6,4],"texture":"#0"},"south":{"uv":[0,4,0,0],"texture":"#0"},"west":{"uv":[6,8,9,4],"texture":"#0"},"up":{"uv":[0,3,0,0],"texture":"#0"},"down":{"uv":[0,3,0,0],"texture":"#0"}},"rotation":{"origin":[7.5,12.65,6.475],"axis":"y","angle":-45,"rescale":false}},{"from":[7.5,14.4,8],"to":[8.5,17.15,9.5],"faces":{"north":{"uv":[11,0,12,2.75],"texture":"#0"},"east":{"uv":[6,8,7.5,10.75],"texture":"#0"},"south":{"uv":[11,3,12,5.75],"texture":"#0"},"west":{"uv":[8,8,9.5,10.75],"texture":"#0"},"up":{"uv":[12,7.5,11,6],"texture":"#0"},"down":{"uv":[1,12,0,13.5],"texture":"#0"}}},{"from":[7.55,20.0875,7.7875],"to":[8.35,20.6125,8.3125],"faces":{"north":{"uv":[10.75,13,10,13.5],"texture":"#0"},"east":{"uv":[13,13,13.5,13.5],"texture":"#0"},"south":{"uv":[13.75,9,13,9.5],"texture":"#0"},"west":{"uv":[13.5,13,13,13.5],"texture":"#0"},"up":{"uv":[13.75,10,13,10.5],"texture":"#0"},"down":{"uv":[11.75,13.5,11,13],"texture":"#0"}},"rotation":{"origin":[7.95,20.35,8.05],"axis":"x","angle":-45,"rescale":false}},{"from":[7.55931,22.26213,7.875],"to":[8.35931,22.78713,8.4],"faces":{"north":{"uv":[13.75,6,13,6.5],"texture":"#0"},"east":{"uv":[12,13,12.5,13.5],"texture":"#0"},"south":{"uv":[13.75,5,13,5.5],"texture":"#0"},"west":{"uv":[12.5,13,12,13.5],"texture":"#0"},"up":{"uv":[13.75,7,13,7.5],"texture":"#0"},"down":{"uv":[13.75,8.5,13,8],"texture":"#0"}},"rotation":{"origin":[8,22.45,8],"axis":"x","angle":-45,"rescale":false}},{"from":[7.58431,20.35,7.66569],"to":[8.33431,22.6,8.41569],"faces":{"north":{"uv":[8.75,11,8,13.25],"texture":"#0"},"east":{"uv":[9,11,9.75,13.25],"texture":"#0"},"south":{"uv":[6.75,11,6,13.25],"texture":"#0"},"west":{"uv":[9.75,11,9,13.25],"texture":"#0"},"up":{"uv":[13.75,4,13,4.75],"texture":"#0"},"down":{"uv":[5.75,13.75,5,13],"texture":"#0"}}},{"from":[7.9955,22.05,6.48232],"to":[7.9955,26.05,9.48232],"faces":{"north":{"uv":[0,0,0,4],"texture":"#0"},"east":{"uv":[9,4,6,8],"texture":"#0"},"south":{"uv":[0,0,0,4],"texture":"#0"},"west":{"uv":[6,4,9,8],"texture":"#0"},"up":{"uv":[0,0,0,3],"texture":"#0"},"down":{"uv":[0,0,0,3],"texture":"#0"}},"rotation":{"origin":[8,22.45,8],"axis":"y","angle":45,"rescale":false}},{"from":[8,-16,-1.5],"to":[8,13,17.5],"faces":{"north":{"uv":[0,0,0,7.25],"texture":"#1"},"east":{"uv":[0,0,4.75,7.25],"texture":"#1"},"south":{"uv":[0,0,0,7.25],"texture":"#1"},"west":{"uv":[4.75,0,9.5,7.25],"texture":"#1"},"up":{"uv":[0,4.75,0,0],"texture":"#1"},"down":{"uv":[0,0,0,4.75],"texture":"#1"}}},{"from":[8,12.4,8],"to":[9,13.15,9],"faces":{"north":{"uv":[12,9,13,9.75],"texture":"#0"},"east":{"uv":[10,12,11,12.75],"texture":"#0"},"south":{"uv":[12,10,13,10.75],"texture":"#0"},"west":{"uv":[11,12,12,12.75],"texture":"#0"},"up":{"uv":[6,13,5,12],"texture":"#0"},"down":{"uv":[13,6,12,7],"texture":"#0"}}},{"from":[8,17.25,7.3],"to":[8,21.25,10.3],"faces":{"north":{"uv":[0,0,0,4],"texture":"#0"},"east":{"uv":[9,4,6,8],"texture":"#0"},"south":{"uv":[0,0,0,4],"texture":"#0"},"west":{"uv":[6,4,9,8],"texture":"#0"},"up":{"uv":[0,0,0,3],"texture":"#0"},"down":{"uv":[0,0,0,3],"texture":"#0"}},"rotation":{"origin":[8,19.25,8.8],"axis":"y","angle":-45,"rescale":false}},{"from":[8.24693,9,6.79623],"to":[8.64693,9.875,7.29623],"faces":{"north":{"uv":[10.25,3.5,10.34,3.72],"texture":"#1"},"east":{"uv":[10.25,0,10.38,0.22],"texture":"#1"},"south":{"uv":[10.25,3.75,10.34,3.97],"texture":"#1"},"west":{"uv":[10.25,0.25,10.38,0.47],"texture":"#1"},"up":{"uv":[8.84,10.38,8.75,10.25],"texture":"#1"},"down":{"uv":[10.34,8.75,10.25,8.88],"texture":"#1"}},"rotation":{"origin":[8.09693,8.675,7.04623],"axis":"y","angle":-22.5,"rescale":false}},{"from":[8.24693,9.25,8.70377],"to":[8.64693,10.1,9.20377],"faces":{"north":{"uv":[2.5,10.25,2.59,10.47],"texture":"#1"},"east":{"uv":[9.25,10,9.38,10.22],"texture":"#1"},"south":{"uv":[10.25,2.5,10.34,2.72],"texture":"#1"},"west":{"uv":[10,9.25,10.12,9.47],"texture":"#1"},"up":{"uv":[7.59,10.38,7.5,10.25],"texture":"#1"},"down":{"uv":[10.34,7.5,10.25,7.62],"texture":"#1"}},"rotation":{"origin":[8.09693,8.925,8.95377],"axis":"y","angle":22.5,"rescale":false}},{"from":[8.24693,11,6.79623],"to":[8.64693,11.875,7.29623],"faces":{"north":{"uv":[10.25,3,10.34,3.22],"texture":"#1"},"east":{"uv":[10,9.75,10.12,9.97],"texture":"#1"},"south":{"uv":[10.25,3.25,10.34,3.47],"texture":"#1"},"west":{"uv":[10,10,10.12,10.22],"texture":"#1"},"up":{"uv":[10.34,8.38,10.25,8.25],"texture":"#1"},"down":{"uv":[10.34,8.5,10.25,8.62],"texture":"#1"}},"rotation":{"origin":[8.09693,10.7,7.04623],"axis":"y","angle":-22.5,"rescale":false}},{"from":[8.24693,11.25,8.70377],"to":[8.64693,12.1,9.20377],"faces":{"north":{"uv":[2.75,10.25,2.84,10.47],"texture":"#1"},"east":{"uv":[9.5,10,9.62,10.22],"texture":"#1"},"south":{"uv":[10.25,2.75,10.34,2.97],"texture":"#1"},"west":{"uv":[10,9.5,10.12,9.72],"texture":"#1"},"up":{"uv":[10.34,7.88,10.25,7.75],"texture":"#1"},"down":{"uv":[10.34,8,10.25,8.12],"texture":"#1"}},"rotation":{"origin":[8.09693,10.925,8.95377],"axis":"y","angle":22.5,"rescale":false}},{"from":[8.30931,9,7.18787],"to":[8.80931,11.875,7.78787],"faces":{"north":{"uv":[3.75,10,3.88,10.72],"texture":"#1"},"east":{"uv":[10,0,10.16,0.72],"texture":"#1"},"south":{"uv":[4.5,10,4.62,10.72],"texture":"#1"},"west":{"uv":[0.25,10,0.41,10.72],"texture":"#1"},"up":{"uv":[10.38,5.16,10.25,5],"texture":"#1"},"down":{"uv":[10.38,5.25,10.25,5.41],"texture":"#1"}},"rotation":{"origin":[8.55931,10.675,7.23787],"axis":"y","angle":45,"rescale":false}},{"from":[8.30931,9.25,8.21213],"to":[8.80931,12.1,8.81213],"faces":{"north":{"uv":[3.25,10,3.38,10.72],"texture":"#1"},"east":{"uv":[9.75,9.75,9.91,10.47],"texture":"#1"},"south":{"uv":[3.5,10,3.62,10.72],"texture":"#1"},"west":{"uv":[0,10,0.16,10.72],"texture":"#1"},"up":{"uv":[10.38,4.66,10.25,4.5],"texture":"#1"},"down":{"uv":[10.38,4.75,10.25,4.91],"texture":"#1"}},"rotation":{"origin":[8.55931,10.675,8.76213],"axis":"y","angle":-45,"rescale":false}},{"from":[8.5,9.25,8.3],"to":[8.5,11.85,9.7],"faces":{"north":{"uv":[0,0,0,0.66],"texture":"#1"},"east":{"uv":[9.25,8,9.59,8.66],"texture":"#1"},"south":{"uv":[0,0,0,0.66],"texture":"#1"},"west":{"uv":[8.5,9.25,8.84,9.91],"texture":"#1"},"up":{"uv":[0,0.34,0,0],"texture":"#1"},"down":{"uv":[0,0,0,0.34],"texture":"#1"}},"rotation":{"origin":[8.5,10.55,9.3],"axis":"y","angle":45,"rescale":false}},{"from":[8.625,9.75,7.45],"to":[9.125,11.6,8.55],"faces":{"north":{"uv":[6.75,10,6.88,10.47],"texture":"#1"},"east":{"uv":[9.75,3.75,10.03,4.22],"texture":"#1"},"south":{"uv":[7,10,7.12,10.47],"texture":"#1"},"west":{"uv":[9.75,4.25,10.03,4.72],"texture":"#1"},"up":{"uv":[8.62,10.28,8.5,10],"texture":"#1"},"down":{"uv":[10.12,8.5,10,8.78],"texture":"#1"}}},{"from":[8.78284,9.85,9.58184],"to":[9.68284,12.45,9.58184],"faces":{"north":{"uv":[4,9.5,4.22,10.16],"texture":"#1"},"east":{"uv":[0,0,0,0.66],"texture":"#1"},"south":{"uv":[4.25,9.5,4.47,10.16],"texture":"#1"},"west":{"uv":[0,0,0,0.66],"texture":"#1"},"up":{"uv":[0.22,0,0,0],"texture":"#1"},"down":{"uv":[0.22,0,0,0],"texture":"#1"}}},{"from":[9.0461,20.65,8.04298],"to":[9.0461,26.65,8.44298],"faces":{"north":{"uv":[0,0,0,1.5],"texture":"#1"},"east":{"uv":[9.5,4.5,9.59,6],"texture":"#1"},"south":{"uv":[0,0,0,1.5],"texture":"#1"},"west":{"uv":[5,9.5,5.09,11],"texture":"#1"},"up":{"uv":[0,0.09,0,0],"texture":"#1"},"down":{"uv":[0,0,0,0.09],"texture":"#1"}},"rotation":{"origin":[8,22.45,8],"axis":"y","angle":45,"rescale":false}},{"from":[9.139,23.35,7.60555],"to":[9.139,25.35,8.00555],"faces":{"north":{"uv":[0,0,0,0.5],"texture":"#1"},"east":{"uv":[10,7.5,10.09,8],"texture":"#1"},"south":{"uv":[0,0,0,0.5],"texture":"#1"},"west":{"uv":[8,10,8.09,10.5],"texture":"#1"},"up":{"uv":[0,0.09,0,0],"texture":"#1"},"down":{"uv":[0,0,0,0.09],"texture":"#1"}},"rotation":{"origin":[8,22.45,8],"axis":"y","angle":-45,"rescale":false}},{"from":[9.175,9.75,7.45],"to":[9.175,11.6,8.55],"faces":{"north":{"uv":[0,0,0,0.47],"texture":"#1"},"east":{"uv":[6.75,9.5,7.03,9.97],"texture":"#1"},"south":{"uv":[0,0,0,0.47],"texture":"#1"},"west":{"uv":[9.25,9.5,9.53,9.97],"texture":"#1"},"up":{"uv":[0,0.28,0,0],"texture":"#1"},"down":{"uv":[0,0,0,0.28],"texture":"#1"}}},{"from":[9.38924,10.85,8.87503],"to":[10.78924,13.45,8.87503],"faces":{"north":{"uv":[9.25,8.75,9.59,9.41],"texture":"#1"},"east":{"uv":[0,0,0,0.66],"texture":"#1"},"south":{"uv":[9.5,0,9.84,0.66],"texture":"#1"},"west":{"uv":[0,0,0,0.66],"texture":"#1"},"up":{"uv":[0.34,0,0,0],"texture":"#1"},"down":{"uv":[0.34,0,0,0],"texture":"#1"}},"rotation":{"origin":[10.38924,12.15,8.87503],"axis":"y","angle":45,"rescale":false}},{"from":[9.96468,12.85,4.08578],"to":[9.96468,15.45,6.48578],"faces":{"north":{"uv":[0,0,0,0.66],"texture":"#1"},"east":{"uv":[4.25,7.75,4.84,8.41],"texture":"#1"},"south":{"uv":[0,0,0,0.66],"texture":"#1"},"west":{"uv":[6,8,6.59,8.66],"texture":"#1"},"up":{"uv":[0,0.59,0,0],"texture":"#1"},"down":{"uv":[0,0,0,0.59],"texture":"#1"}},"rotation":{"origin":[9.96468,14.15,5.48578],"axis":"y","angle":45,"rescale":false}},{"from":[10.67179,11.85,6.19289],"to":[10.67179,14.45,8.59289],"faces":{"north":{"uv":[0,0,0,0.66],"texture":"#1"},"east":{"uv":[2.75,7.75,3.34,8.41],"texture":"#1"},"south":{"uv":[0,0,0,0.66],"texture":"#1"},"west":{"uv":[3.5,7.75,4.09,8.41],"texture":"#1"},"up":{"uv":[0,0.59,0,0],"texture":"#1"},"down":{"uv":[0,0,0,0.59],"texture":"#1"}}}],"display":{"thirdperson_righthand":{"rotation":[10.25,0,0],"translation":[4.25,3.5,8],"scale":[0.77,0.77,0.77]},"thirdperson_lefthand":{"rotation":[10.25,0,0],"translation":[4.25,3.5,8],"scale":[0.77,0.77,0.77]},"firstperson_righthand":{"rotation":[51.95,62.92,-48.7],"translation":[0.5,4.75,0.75],"scale":[0.66,0.66,0.66]},"firstperson_lefthand":{"rotation":[51.95,62.92,-48.7],"translation":[0.5,4.75,0.75],"scale":[0.66,0.66,0.66]},"ground":{"rotation":[-45,0,0],"translation":[0,3,0],"scale":[0.3,0.3,0.3]},"gui":{"rotation":[-90,-46,-85.9],"translation":[3.25,3,0],"scale":[0.69,0.69,0.69]},"head":{"scale":[0,0,0]},"fixed":{"rotation":[0,-90,0]}},"gui_light":"front","mcmodels":"a1b7011007843a3af4c4b6687f4247a8"}