{"model":{"type":"range_dispatch","property":"custom_model_data","index":0,"fallback":{"type":"minecraft:condition","on_false":{"type":"minecraft:model","model":"minecraft:item/fishing_rod"},"on_true":{"type":"minecraft:model","model":"minecraft:item/fishing_rod_cast"},"property":"minecraft:fishing_rod/cast"},"entries":[{"threshold":10002,"model":{"type":"minecraft:condition","on_false":{"type":"model","model":"nexusset:fishing_rod"},"on_true":{"type":"model","model":"nexusset:fishing_rod_cast"},"property":"minecraft:fishing_rod/cast"}},{"threshold":10003,"model":{"type":"minecraft:condition","on_false":{"type":"model","model":"plny_halloween_pumpkin_set:fishing_rod"},"on_true":{"type":"model","model":"plny_halloween_pumpkin_set:fishing_rod_cast"},"property":"minecraft:fishing_rod/cast"}},{"threshold":10047,"model":{"type":"minecraft:condition","on_false":{"type":"model","model":"plny_spectral_corsair:fishing_rod"},"on_true":{"type":"model","model":"plny_spectral_corsair:fishing_rod_cast"},"property":"minecraft:fishing_rod/cast"}},{"threshold":22291,"model":{"type":"minecraft:condition","on_false":{"type":"model","model":"twilight_of_ender:fishing_rod"},"on_true":{"type":"model","model":"twilight_of_ender:fishing_rod_cast"},"property":"minecraft:fishing_rod/cast"}},{"threshold":22292,"model":{"type":"minecraft:condition","on_false":{"type":"model","model":"item/fishing_rod"},"on_true":{"type":"minecraft:model","model":"minecraft:item/fishing_rod_cast"},"property":"minecraft:fishing_rod/cast"}}]},"oversized_in_gui":true}