{"model":{"type":"range_dispatch","property":"custom_model_data","index":0,"fallback":{"type":"minecraft:model","model":"minecraft:item/netherite_shovel"},"entries":[{"threshold":10002,"model":{"type":"model","model":"nexusset:shovel"}},{"threshold":10003,"model":{"type":"model","model":"plny_halloween_pumpkin_set:shovel"}},{"threshold":10031,"model":{"type":"model","model":"plny_spectral_corsair:shovel"}},{"threshold":10032,"model":{"type":"model","model":"vanilla_sets:item/ia_auto/sculk_shovel"}},{"threshold":10033,"model":{"type":"model","model":"vanilla_sets:item/ia_auto/crimson_shovel"}},{"threshold":10034,"model":{"type":"model","model":"vanilla_sets:item/ia_auto/amethyst_shovel"}},{"threshold":10035,"model":{"type":"model","model":"vanilla_sets:item/ia_auto/bone_shovel"}},{"threshold":10036,"model":{"type":"model","model":"vanilla_sets:item/ia_auto/nautilus_shovel"}},{"threshold":17814,"model":{"type":"model","model":"twilight_of_ender:shovel"}},{"threshold":17815,"model":{"type":"model","model":"item/netherite_shovel"}}]},"oversized_in_gui":true}