{"model":{"type":"range_dispatch","property":"custom_model_data","index":0,"fallback":{"type":"minecraft:condition","on_false":{"type":"minecraft:special","base":"minecraft:item/shield","model":{"type":"minecraft:shield"}},"on_true":{"type":"minecraft:special","base":"minecraft:item/shield_blocking","model":{"type":"minecraft:shield"}},"property":"minecraft:using_item"},"entries":[{"threshold":10002,"model":{"type":"minecraft:condition","on_false":{"type":"model","base":"minecraft:item/shield","model":"nexusset:shield"},"on_true":{"type":"model","base":"minecraft:item/shield_blocking","model":"nexusset:shield_blocking"},"property":"minecraft:using_item"}},{"threshold":10003,"model":{"type":"minecraft:condition","on_false":{"type":"model","base":"minecraft:item/shield","model":"plny_halloween_pumpkin_set:shield"},"on_true":{"type":"model","base":"minecraft:item/shield_blocking","model":"plny_halloween_pumpkin_set:shield_blocking"},"property":"minecraft:using_item"}},{"threshold":10031,"model":{"type":"minecraft:condition","on_false":{"type":"model","base":"minecraft:item/shield","model":"plny_spectral_corsair:shield"},"on_true":{"type":"model","base":"minecraft:item/shield_blocking","model":"plny_spectral_corsair:shield_blocking"},"property":"minecraft:using_item"}},{"threshold":21841,"model":{"type":"minecraft:condition","on_false":{"type":"model","base":"minecraft:item/shield","model":"twilight_of_ender:shield"},"on_true":{"type":"model","base":"minecraft:item/shield_blocking","model":"twilight_of_ender:shield_blocking"},"property":"minecraft:using_item"}},{"threshold":21842,"model":{"type":"minecraft:condition","on_false":{"type":"model","base":"minecraft:item/shield","model":"item/shield"},"on_true":{"type":"minecraft:special","base":"minecraft:item/shield_blocking","model":{"type":"minecraft:shield"}},"property":"minecraft:using_item"}}]},"oversized_in_gui":true}