{"model":{"type":"range_dispatch","property":"custom_model_data","index":0,"fallback":{"type":"minecraft:model","model":"minecraft:item/netherite_hoe"},"entries":[{"threshold":21547,"model":{"type":"model","model":"twilight_of_ender:hoe"}},{"threshold":50000,"model":{"type":"model","model":"plny_halloween_pumpkin_set:hoe"}},{"threshold":50001,"model":{"type":"model","model":"nexusset:hoe"}},{"threshold":50002,"model":{"type":"model","model":"vanilla_sets:item/ia_auto/amethyst_hoe"}},{"threshold":50003,"model":{"type":"model","model":"vanilla_sets:item/ia_auto/bone_hoe"}},{"threshold":50004,"model":{"type":"model","model":"vanilla_sets:item/ia_auto/crimson_hoe"}},{"threshold":50005,"model":{"type":"model","model":"plny_spectral_corsair:hoe"}},{"threshold":50006,"model":{"type":"model","model":"vanilla_sets:item/ia_auto/sculk_hoe"}},{"threshold":50007,"model":{"type":"model","model":"vanilla_sets:item/ia_auto/nautilus_hoe"}},{"threshold":50008,"model":{"type":"model","model":"item/netherite_hoe"}}]},"oversized_in_gui":true}