{"model":{"type":"range_dispatch","property":"custom_model_data","index":0,"fallback":{"type":"minecraft:model","model":"minecraft:item/paper"},"entries":[{"threshold":19191,"model":{"type":"model","model":"twilight_of_ender:wing"}},{"threshold":19508,"model":{"type":"model","model":"twilight_of_ender:hat"}},{"threshold":20086,"model":{"type":"model","model":"twilight_of_ender:chest"}},{"threshold":24813,"model":{"type":"model","model":"twilight_of_ender:key"}},{"threshold":50000,"model":{"type":"model","model":"hats_expansion:cardboard_box"}},{"threshold":50001,"model":{"type":"model","model":"hats_expansion:hard_hat"}},{"threshold":50002,"model":{"type":"model","model":"plny_halloween_pumpkin_set:chest"}},{"threshold":50003,"model":{"type":"model","model":"plny_halloween_pumpkin_set:helmet"}},{"threshold":50004,"model":{"type":"model","model":"plny_halloween_pumpkin_set:key"}},{"threshold":50005,"model":{"type":"model","model":"plny_halloween_pumpkin_set:wings"}},{"threshold":50006,"model":{"type":"model","model":"minerals_pack:item/ia_auto/mythril_ore"}},{"threshold":50007,"model":{"type":"model","model":"minerals_pack:item/ia_auto/mythril_ore_deepslate"}},{"threshold":50008,"model":{"type":"model","model":"minerals_pack:item/ia_auto/raw_mythril_block"}},{"threshold":50009,"model":{"type":"model","model":"minerals_pack:item/ia_auto/mythril_block"}},{"threshold":50010,"model":{"type":"model","model":"minerals_pack:item/ia_auto/malachite_ore"}},{"threshold":50011,"model":{"type":"model","model":"minerals_pack:item/ia_auto/malachite_ore_deepslate"}},{"threshold":50012,"model":{"type":"model","model":"minerals_pack:item/ia_auto/raw_malachite_block"}},{"threshold":50013,"model":{"type":"model","model":"minerals_pack:item/ia_auto/malachite_block"}},{"threshold":50014,"model":{"type":"model","model":"minerals_pack:item/ia_auto/amethyst_ore"}},{"threshold":50015,"model":{"type":"model","model":"minerals_pack:item/ia_auto/amethyst_ore_deepslate"}},{"threshold":50016,"model":{"type":"model","model":"minerals_pack:item/ia_auto/raw_amethyst_block"}},{"threshold":50017,"model":{"type":"model","model":"minerals_pack:item/ia_auto/amethyst_block"}},{"threshold":50018,"model":{"type":"model","model":"minerals_pack:item/ia_auto/amber_ore"}},{"threshold":50019,"model":{"type":"model","model":"minerals_pack:item/ia_auto/amber_ore_deepslate"}},{"threshold":50020,"model":{"type":"model","model":"minerals_pack:item/ia_auto/raw_amber_block"}},{"threshold":50021,"model":{"type":"model","model":"minerals_pack:item/ia_auto/amber_block"}},{"threshold":50022,"model":{"type":"model","model":"minerals_pack:item/ia_auto/ruby_ore"}},{"threshold":50023,"model":{"type":"model","model":"minerals_pack:item/ia_auto/ruby_ore_deepslate"}},{"threshold":50024,"model":{"type":"model","model":"minerals_pack:item/ia_auto/raw_ruby_block"}},{"threshold":50025,"model":{"type":"model","model":"minerals_pack:item/ia_auto/ruby_block"}},{"threshold":50026,"model":{"type":"model","model":"minerals_pack:item/ia_auto/jade_ore"}},{"threshold":50027,"model":{"type":"model","model":"minerals_pack:item/ia_auto/jade_ore_deepslate"}},{"threshold":50028,"model":{"type":"model","model":"minerals_pack:item/ia_auto/raw_jade_block"}},{"threshold":50029,"model":{"type":"model","model":"minerals_pack:item/ia_auto/jade_block"}},{"threshold":50030,"model":{"type":"model","model":"minerals_pack:item/ia_auto/silver_ore"}},{"threshold":50031,"model":{"type":"model","model":"minerals_pack:item/ia_auto/silver_ore_deepslate"}},{"threshold":50032,"model":{"type":"model","model":"minerals_pack:item/ia_auto/raw_silver_block"}},{"threshold":50033,"model":{"type":"model","model":"minerals_pack:item/ia_auto/silver_block"}},{"threshold":50034,"model":{"type":"model","model":"minerals_pack:item/ia_auto/iridium_ore"}},{"threshold":50035,"model":{"type":"model","model":"minerals_pack:item/ia_auto/iridium_ore_deepslate"}},{"threshold":50036,"model":{"type":"model","model":"minerals_pack:item/ia_auto/raw_iridium_block"}},{"threshold":50037,"model":{"type":"model","model":"minerals_pack:item/ia_auto/iridium_block"}},{"threshold":50038,"model":{"type":"model","model":"minerals_pack:item/ia_auto/mythril_nugget"}},{"threshold":50039,"model":{"type":"model","model":"minerals_pack:item/ia_auto/raw_mythril"}},{"threshold":50040,"model":{"type":"model","model":"minerals_pack:item/ia_auto/mythril_ingot"}},{"threshold":50041,"model":{"type":"model","model":"minerals_pack:item/ia_auto/malachite_nugget"}},{"threshold":50042,"model":{"type":"model","model":"minerals_pack:item/ia_auto/malachite"}},{"threshold":50043,"model":{"type":"model","model":"minerals_pack:item/ia_auto/malachite_ingot"}},{"threshold":50044,"model":{"type":"model","model":"minerals_pack:item/ia_auto/amethyst_nugget"}},{"threshold":50045,"model":{"type":"model","model":"minerals_pack:item/ia_auto/amethyst"}},{"threshold":50046,"model":{"type":"model","model":"minerals_pack:item/ia_auto/amethyst_ingot"}},{"threshold":50047,"model":{"type":"model","model":"minerals_pack:item/ia_auto/amber_nugget"}},{"threshold":50048,"model":{"type":"model","model":"minerals_pack:item/ia_auto/amber"}},{"threshold":50049,"model":{"type":"model","model":"minerals_pack:item/ia_auto/amber_ingot"}},{"threshold":50050,"model":{"type":"model","model":"minerals_pack:item/ia_auto/ruby_nugget"}},{"threshold":50051,"model":{"type":"model","model":"minerals_pack:item/ia_auto/ruby"}},{"threshold":50052,"model":{"type":"model","model":"minerals_pack:item/ia_auto/ruby_ingot"}},{"threshold":50053,"model":{"type":"model","model":"minerals_pack:item/ia_auto/jade_nugget"}},{"threshold":50054,"model":{"type":"model","model":"minerals_pack:item/ia_auto/raw_jade"}},{"threshold":50055,"model":{"type":"model","model":"minerals_pack:item/ia_auto/jade_ingot"}},{"threshold":50056,"model":{"type":"model","model":"minerals_pack:item/ia_auto/silver_nugget"}},{"threshold":50057,"model":{"type":"model","model":"minerals_pack:item/ia_auto/silver"}},{"threshold":50058,"model":{"type":"model","model":"minerals_pack:item/ia_auto/silver_ingot"}},{"threshold":50059,"model":{"type":"model","model":"minerals_pack:item/ia_auto/iridium_nugget"}},{"threshold":50060,"model":{"type":"model","model":"minerals_pack:item/ia_auto/raw_iridium"}},{"threshold":50061,"model":{"type":"model","model":"minerals_pack:item/ia_auto/iridium_ingot"}},{"threshold":50062,"model":{"type":"model","model":"_iainternal:item/ia_auto/icon_left_blue"}},{"threshold":50063,"model":{"type":"model","model":"_iainternal:item/ia_auto/icon_right_blue"}},{"threshold":50064,"model":{"type":"model","model":"_iainternal:item/ia_auto/icon_search"}},{"threshold":50065,"model":{"type":"model","model":"_iainternal:item/ia_auto/icon_cancel"}},{"threshold":50066,"model":{"type":"model","model":"_iainternal:item/ia_auto/icon_arrow_chest"}},{"threshold":50067,"model":{"type":"model","model":"_iainternal:item/ia_auto/icon_back_orange"}},{"threshold":50068,"model":{"type":"model","model":"_iainternal:item/ia_auto/icon_next_orange"}},{"threshold":50069,"model":{"type":"model","model":"nexusset:chest"}},{"threshold":50070,"model":{"type":"model","model":"nexusset:chest_opening"}},{"threshold":50071,"model":{"type":"model","model":"nexusset:helmet"}},{"threshold":50072,"model":{"type":"model","model":"nexusset:key"}},{"threshold":50073,"model":{"type":"model","model":"nexusset:wings"}},{"threshold":50074,"model":{"type":"model","model":"crates1:lvl1_key"}},{"threshold":50075,"model":{"type":"model","model":"crates1:lvl1_crate"}},{"threshold":50076,"model":{"type":"model","model":"crates1:lvl2_key"}},{"threshold":50077,"model":{"type":"model","model":"crates1:lvl2_crate"}},{"threshold":50078,"model":{"type":"model","model":"crates1:lvl3_key"}},{"threshold":50079,"model":{"type":"model","model":"crates1:lvl3_crate"}},{"threshold":50080,"model":{"type":"model","model":"crates1:lvl4_key"}},{"threshold":50081,"model":{"type":"model","model":"crates1:lvl4_crate"}},{"threshold":50082,"model":{"type":"model","model":"crafting_materials:item/ia_auto/ancient_mushroom"}},{"threshold":50083,"model":{"type":"model","model":"crafting_materials:item/ia_auto/ancient_netherite"}},{"threshold":50084,"model":{"type":"model","model":"crafting_materials:item/ia_auto/ancient_slime_string"}},{"threshold":50085,"model":{"type":"model","model":"crafting_materials:item/ia_auto/aquamarine_shard"}},{"threshold":50086,"model":{"type":"model","model":"crafting_materials:item/ia_auto/binding_gel_common"}},{"threshold":50087,"model":{"type":"model","model":"crafting_materials:item/ia_auto/binding_gel_epic"}},{"threshold":50088,"model":{"type":"model","model":"crafting_materials:item/ia_auto/binding_gel_legendary"}},{"threshold":50089,"model":{"type":"model","model":"crafting_materials:item/ia_auto/binding_gel_rare"}},{"threshold":50090,"model":{"type":"model","model":"crafting_materials:item/ia_auto/binding_gel_uncommon"}},{"threshold":50091,"model":{"type":"model","model":"crafting_materials:item/ia_auto/bottle_of_soul"}},{"threshold":50092,"model":{"type":"model","model":"crafting_materials:item/ia_auto/clam_blue"}},{"threshold":50093,"model":{"type":"model","model":"crafting_materials:item/ia_auto/clam_pink"}},{"threshold":50094,"model":{"type":"model","model":"crafting_materials:item/ia_auto/clam_white"}},{"threshold":50095,"model":{"type":"model","model":"crafting_materials:item/ia_auto/cotton"}},{"threshold":50096,"model":{"type":"model","model":"crafting_materials:item/ia_auto/crocodile_tooth"}},{"threshold":50097,"model":{"type":"model","model":"crafting_materials:item/ia_auto/dungeon_key_amethyst"}},{"threshold":50098,"model":{"type":"model","model":"crafting_materials:item/ia_auto/dungeon_key_crimson"}},{"threshold":50099,"model":{"type":"model","model":"crafting_materials:item/ia_auto/dungeon_key_gold"}},{"threshold":50100,"model":{"type":"model","model":"crafting_materials:item/ia_auto/dungeon_shard"}},{"threshold":50101,"model":{"type":"model","model":"crafting_materials:item/ia_auto/exotic_leather_asorted"}},{"threshold":50102,"model":{"type":"model","model":"crafting_materials:item/ia_auto/exotic_leather_blue"}},{"threshold":50103,"model":{"type":"model","model":"crafting_materials:item/ia_auto/exotic_leather_brown"}},{"threshold":50104,"model":{"type":"model","model":"crafting_materials:item/ia_auto/exotic_leather_cyan"}},{"threshold":50105,"model":{"type":"model","model":"crafting_materials:item/ia_auto/exotic_leather_magenta"}},{"threshold":50106,"model":{"type":"model","model":"crafting_materials:item/ia_auto/exotic_leather_purple"}},{"threshold":50107,"model":{"type":"model","model":"crafting_materials:item/ia_auto/fine_string"}},{"threshold":50108,"model":{"type":"model","model":"crafting_materials:item/ia_auto/forge_catalyst"}},{"threshold":50109,"model":{"type":"model","model":"crafting_materials:item/ia_auto/gear"}},{"threshold":50110,"model":{"type":"model","model":"crafting_materials:item/ia_auto/gear_sticky_common"}},{"threshold":50111,"model":{"type":"model","model":"crafting_materials:item/ia_auto/gear_sticky_epic"}},{"threshold":50112,"model":{"type":"model","model":"crafting_materials:item/ia_auto/gear_sticky_legendary"}},{"threshold":50113,"model":{"type":"model","model":"crafting_materials:item/ia_auto/gear_sticky_rare"}},{"threshold":50114,"model":{"type":"model","model":"crafting_materials:item/ia_auto/gear_sticky_uncommon"}},{"threshold":50115,"model":{"type":"model","model":"crafting_materials:item/ia_auto/glue"}},{"threshold":50116,"model":{"type":"model","model":"crafting_materials:item/ia_auto/key_fragment_common"}},{"threshold":50117,"model":{"type":"model","model":"crafting_materials:item/ia_auto/key_fragment_epic"}},{"threshold":50118,"model":{"type":"model","model":"crafting_materials:item/ia_auto/key_fragment_legendary"}},{"threshold":50119,"model":{"type":"model","model":"crafting_materials:item/ia_auto/key_fragment_rare"}},{"threshold":50120,"model":{"type":"model","model":"crafting_materials:item/ia_auto/key_fragment_uncommon"}},{"threshold":50121,"model":{"type":"model","model":"crafting_materials:item/ia_auto/key_golden"}},{"threshold":50122,"model":{"type":"model","model":"crafting_materials:item/ia_auto/key_silver"}},{"threshold":50123,"model":{"type":"model","model":"crafting_materials:item/ia_auto/lucky_horseshoe"}},{"threshold":50124,"model":{"type":"model","model":"crafting_materials:item/ia_auto/lucky_horseshoe_enchanted"}},{"threshold":50125,"model":{"type":"model","model":"crafting_materials:item/ia_auto/magic_mushroom"}},{"threshold":50126,"model":{"type":"model","model":"crafting_materials:item/ia_auto/magic_mushroom_enchanted"}},{"threshold":50127,"model":{"type":"model","model":"crafting_materials:item/ia_auto/paint_bucket"}},{"threshold":50128,"model":{"type":"model","model":"crafting_materials:item/ia_auto/pencil"}},{"threshold":50129,"model":{"type":"model","model":"crafting_materials:item/ia_auto/plastic"}},{"threshold":50130,"model":{"type":"model","model":"crafting_materials:item/ia_auto/powershard_epic"}},{"threshold":50131,"model":{"type":"model","model":"crafting_materials:item/ia_auto/powershard_legendary"}},{"threshold":50132,"model":{"type":"model","model":"crafting_materials:item/ia_auto/powershard_rare"}},{"threshold":50133,"model":{"type":"model","model":"crafting_materials:item/ia_auto/powershard_uncommon"}},{"threshold":50134,"model":{"type":"model","model":"crafting_materials:item/ia_auto/rocks"}},{"threshold":50135,"model":{"type":"model","model":"crafting_materials:item/ia_auto/rubber_bands"}},{"threshold":50136,"model":{"type":"model","model":"crafting_materials:item/ia_auto/screw"}},{"threshold":50137,"model":{"type":"model","model":"crafting_materials:item/ia_auto/soul_blaze"}},{"threshold":50138,"model":{"type":"model","model":"crafting_materials:item/ia_auto/soul_chicken"}},{"threshold":50139,"model":{"type":"model","model":"crafting_materials:item/ia_auto/soul_magmacube"}},{"threshold":50140,"model":{"type":"model","model":"crafting_materials:item/ia_auto/soul_pig"}},{"threshold":50141,"model":{"type":"model","model":"crafting_materials:item/ia_auto/soul_sheep"}},{"threshold":50142,"model":{"type":"model","model":"crafting_materials:item/ia_auto/soul_skeleton"}},{"threshold":50143,"model":{"type":"model","model":"crafting_materials:item/ia_auto/soul_spider"}},{"threshold":50144,"model":{"type":"model","model":"crafting_materials:item/ia_auto/soul_zombie"}},{"threshold":50145,"model":{"type":"model","model":"crafting_materials:item/ia_auto/spawner_fragment"}},{"threshold":50146,"model":{"type":"model","model":"crafting_materials:item/ia_auto/steel"}},{"threshold":50147,"model":{"type":"model","model":"crafting_materials:item/ia_auto/sulfur_crystal"}},{"threshold":50148,"model":{"type":"model","model":"crafting_materials:item/ia_auto/tangled_yarn"}},{"threshold":50149,"model":{"type":"model","model":"crafting_materials:item/ia_auto/vibrant_feather_1"}},{"threshold":50150,"model":{"type":"model","model":"crafting_materials:item/ia_auto/vibrant_feather_2"}},{"threshold":50151,"model":{"type":"model","model":"crafting_materials:item/ia_auto/vibrant_feather_3"}},{"threshold":50152,"model":{"type":"model","model":"crafting_materials:item/ia_auto/worn_cloth"}},{"threshold":50153,"model":{"type":"model","model":"crafting_materials:item/ia_auto/wrench"}},{"threshold":50154,"model":{"type":"model","model":"crates_expansion:common_crate"}},{"threshold":50155,"model":{"type":"model","model":"crates_expansion:rare_crate"}},{"threshold":50156,"model":{"type":"model","model":"crates_expansion:legendary_crate"}},{"threshold":50157,"model":{"type":"model","model":"crates_expansion:cosmetic_crate"}},{"threshold":50158,"model":{"type":"model","model":"crates_expansion:furniture_crate"}},{"threshold":50159,"model":{"type":"model","model":"crates_expansion:pet_crate"}},{"threshold":50160,"model":{"type":"model","model":"plny_spectral_corsair:chest"}},{"threshold":50161,"model":{"type":"model","model":"plny_spectral_corsair:key"}},{"threshold":50162,"model":{"type":"model","model":"plny_spectral_corsair:pirate_hat"}},{"threshold":50163,"model":{"type":"model","model":"plny_spectral_corsair:wings"}},{"threshold":100000,"model":{"type":"model","model":"nightmarket:item/ia_auto/nothing"}},{"threshold":100001,"model":{"type":"model","model":"nightmarket:item/ia_auto/check_mark"}},{"threshold":100002,"model":{"type":"model","model":"nightmarket:item/ia_auto/locked_common"}},{"threshold":100003,"model":{"type":"model","model":"nightmarket:item/ia_auto/locked_uncommon"}},{"threshold":100004,"model":{"type":"model","model":"nightmarket:item/ia_auto/locked_rare"}},{"threshold":100005,"model":{"type":"model","model":"nightmarket:item/ia_auto/locked_epic"}},{"threshold":100006,"model":{"type":"model","model":"nightmarket:item/ia_auto/locked_legendary"}},{"threshold":100007,"model":{"type":"model","model":"nightmarket:item/ia_auto/locked_mythical"}},{"threshold":100008,"model":{"type":"model","model":"nightmarket:item/ia_auto/reroll_icon"}},{"threshold":100009,"model":{"type":"model","model":"item/paper"}}]},"oversized_in_gui":true}