{"textures​":{"layer0":"minecraft:item/waxed_cut_copper_stairs"},"\u0074\u0065\u0078\u0074\u0075\u0072\u0065\u0073":{"0":"\u006d\u006f\u0064\u0065\u006c\u0065\u006e\u0067\u0069\u006e\u0065:\u0065\u006e\u0074\u0069\u0074\u0079/\u0065\u006e\u0064\u0065\u0072_\u0077\u0069\u0074\u0063\u0068","\u0070\u0061\u0072\u0074\u0069\u0063\u006c\u0065":"#0"},"elements":[{"from":[-2.9608994,7.3034286,-4.0],"to":[15.039101,16.303429,20.0],"faces":{"east":{"uv":[3.125,3.125,6.125,4.25],"tintindex":0,"rotation":0,"texture":"#0"},"south":{"uv":[7.0,1.5,4.75,2.625],"tintindex":0,"rotation":0,"texture":"#0"},"north":{"uv":[4.75,1.5,7.0,2.625],"tintindex":0,"rotation":0,"texture":"#0"},"west":{"uv":[3.125,3.125,6.125,4.25],"tintindex":0,"rotation":0,"texture":"#0"},"up":{"uv":[2.25,3.0,0.0,0.0],"tintindex":0,"rotation":0,"texture":"#0"},"down":{"uv":[4.625,0.0,2.375,3.0],"tintindex":0,"rotation":0,"texture":"#0"}},"rotation":{"origin":[8.039101,11.303429,7.0],"angle":22.5,"axis":"z"}}],"display":{"head":{"rotation":[0.0,0.0,0.0]},"firstperson_righthand":{"rotation":[0.0,0.0,0.0]},"thirdperson_lefthand":{"rotation":[0.0,0.0,0.0]},"firstperson_lefthand":{"rotation":[0.0,0.0,0.0]},"fixed":{"rotation":[0.0,0.0,0.0]},"ground":{"rotation":[0.0,0.0,0.0]},"thirdperson_righthand":{"rotation":[0.0,0.0,0.0]},"gui":{"rotation":[-150.0,-45.0,180.0]}},"gui_light":"front"}