{"textures​":{"layer0":"minecraft:item/splash_potion"},"\u0074\u0065\u0078\u0074\u0075\u0072\u0065\u0073":{"0":"\u006d\u006f\u0064\u0065\u006c\u0065\u006e\u0067\u0069\u006e\u0065:\u0065\u006e\u0074\u0069\u0074\u0079/\u0065\u006e\u0064\u0065\u0072_\u0077\u0069\u0074\u0063\u0068","\u0070\u0061\u0072\u0074\u0069\u0063\u006c\u0065":"#0"},"elements":[{"from":[0.5,6.0,2.5],"to":[15.5,20.0,13.5],"faces":{"east":{"uv":[0.0,6.25,1.375,8.0],"tintindex":0,"rotation":0,"texture":"#0"},"south":{"uv":[2.0,4.375,3.875,6.125],"tintindex":0,"rotation":0,"texture":"#0"},"north":{"uv":[0.0,4.375,1.875,6.125],"tintindex":0,"rotation":0,"texture":"#0"},"west":{"uv":[1.5,6.25,2.875,8.0],"tintindex":0,"rotation":0,"texture":"#0"},"up":{"uv":[5.875,5.75,4.0,4.375],"tintindex":0,"rotation":0,"texture":"#0"},"down":{"uv":[6.625,0.0,4.75,1.375],"tintindex":0,"rotation":0,"texture":"#0"}}}],"display":{"head":{"rotation":[0.0,0.0,0.0]},"firstperson_righthand":{"rotation":[0.0,0.0,0.0]},"thirdperson_lefthand":{"rotation":[0.0,0.0,0.0]},"firstperson_lefthand":{"rotation":[0.0,0.0,0.0]},"fixed":{"rotation":[0.0,0.0,0.0]},"ground":{"rotation":[0.0,0.0,0.0]},"thirdperson_righthand":{"rotation":[0.0,0.0,0.0]},"gui":{"rotation":[-150.0,-45.0,180.0]}},"gui_light":"front"}