{"credit":"Made with Blockbench","texture_size":[128,128],"textures":{"0":"elitecreatures:thanks_giving_2023_v2/thanksgiving_texture_01","particle":"elitecreatures:thanks_giving_2023_v2/thanksgiving_texture_01"},"elements":[{"from":[7,-13,7],"to":[9,10,9],"rotation":{"angle":0,"axis":"y","origin":[0,-1,0]},"faces":{"north":{"uv":[0.25,3.75,0.5,6.625],"texture":"#0"},"east":{"uv":[0.25,3.75,0,6.625],"texture":"#0"},"south":{"uv":[0.25,3.75,0.5,6.625],"texture":"#0"},"west":{"uv":[0.25,3.75,0,6.625],"texture":"#0"},"up":{"uv":[0,1.25,0.25,1.5],"texture":"#0"},"down":{"uv":[0,1.25,0.25,1.5],"texture":"#0"}}},{"from":[6.9,0,8],"to":[9.1,1.5,13.5],"faces":{"north":{"uv":[5.25,4.1875,5.5,4.375],"texture":"#0"},"east":{"uv":[5.9375,3.3125,5.25,3.5],"texture":"#0"},"south":{"uv":[5.25,4.1875,5.5,4.375],"texture":"#0"},"west":{"uv":[5.25,3.3125,5.9375,3.5],"texture":"#0"},"up":{"uv":[5.25,3.5,5.5,4.1875],"texture":"#0"},"down":{"uv":[5.25,3.5,5.5,4.1875],"texture":"#0"}}},{"from":[7,1.5,12],"to":[9,4.5,13.5],"faces":{"north":{"uv":[5.6875,3.5,5.9375,3.875],"texture":"#0"},"east":{"uv":[5.6875,3.5,5.5,3.875],"texture":"#0"},"south":{"uv":[5.6875,3.5,5.9375,3.875],"texture":"#0"},"west":{"uv":[5.5,3.5,5.6875,3.875],"texture":"#0"},"up":{"uv":[5.25,4.375,5.5,4.5625],"texture":"#0"},"down":{"uv":[5.25,4.375,5.5,4.5625],"texture":"#0"}}},{"from":[7,2.5,10.5],"to":[9,4.5,12],"faces":{"north":{"uv":[5.6875,3.875,5.9375,4.0625],"texture":"#0"},"east":{"uv":[5.6875,3.875,5.5,4.125],"texture":"#0"},"south":{"uv":[5.6875,3.875,5.9375,4.0625],"texture":"#0"},"west":{"uv":[5.5,3.875,5.6875,4.125],"texture":"#0"},"up":{"uv":[5.5,4.125,5.75,4.3125],"texture":"#0"},"down":{"uv":[5.5,4.125,5.75,4.3125],"texture":"#0"}}},{"from":[7,2.5,4],"to":[9,4.5,5.5],"rotation":{"angle":0,"axis":"y","origin":[0,0,16]},"faces":{"north":{"uv":[5.9375,3.875,5.6875,4.0625],"texture":"#0"},"east":{"uv":[5.5,3.875,5.6875,4.125],"texture":"#0"},"south":{"uv":[5.9375,3.875,5.6875,4.0625],"texture":"#0"},"west":{"uv":[5.6875,3.875,5.5,4.125],"texture":"#0"},"up":{"uv":[5.5,4.3125,5.75,4.125],"texture":"#0"},"down":{"uv":[5.5,4.3125,5.75,4.125],"texture":"#0"}}},{"from":[7,1.5,2.5],"to":[9,4.5,4],"rotation":{"angle":0,"axis":"y","origin":[0,0,16]},"faces":{"north":{"uv":[5.9375,3.5,5.6875,3.875],"texture":"#0"},"east":{"uv":[5.5,3.5,5.6875,3.875],"texture":"#0"},"south":{"uv":[5.9375,3.5,5.6875,3.875],"texture":"#0"},"west":{"uv":[5.6875,3.5,5.5,3.875],"texture":"#0"},"up":{"uv":[5.25,4.5625,5.5,4.375],"texture":"#0"},"down":{"uv":[5.25,4.5625,5.5,4.375],"texture":"#0"}}},{"from":[6.9,0,2.5],"to":[9.1,1.5,8],"rotation":{"angle":0,"axis":"y","origin":[0,0,16]},"faces":{"north":{"uv":[5.5,4.1875,5.25,4.375],"texture":"#0"},"east":{"uv":[5.25,3.3125,5.9375,3.5],"texture":"#0"},"south":{"uv":[5.5,4.1875,5.25,4.375],"texture":"#0"},"west":{"uv":[5.9375,3.3125,5.25,3.5],"texture":"#0"},"up":{"uv":[5.25,4.1875,5.5,3.5],"texture":"#0"},"down":{"uv":[5.25,4.1875,5.5,3.5],"texture":"#0"}}},{"from":[6.75,-14,8.5],"to":[9.25,-11.5,11],"rotation":{"angle":0,"axis":"y","origin":[7,11.5,8]},"faces":{"north":{"uv":[0.8125,0.625,0.5,0.9375],"texture":"#0"},"east":{"uv":[0.5,0.3125,0.8125,0],"texture":"#0"},"south":{"uv":[0.8125,0.625,0.5,0.3125],"texture":"#0"},"west":{"uv":[0.8125,0.3125,0.5,0],"texture":"#0"},"up":{"uv":[0.5,0.625,0.8125,0.9375],"texture":"#0"},"down":{"uv":[0.5,0.9375,0.8125,1.25],"texture":"#0"}}},{"from":[6.75,-14,5],"to":[9.25,-11.5,7.5],"rotation":{"angle":0,"axis":"y","origin":[7,11.5,8]},"faces":{"north":{"uv":[0.5,0.625,0.8125,0.3125],"texture":"#0"},"east":{"uv":[0.8125,0.3125,0.5,0],"texture":"#0"},"south":{"uv":[0.5,0.625,0.8125,0.9375],"texture":"#0"},"west":{"uv":[0.5,0.3125,0.8125,0],"texture":"#0"},"up":{"uv":[0.5,0.9375,0.8125,0.625],"texture":"#0"},"down":{"uv":[0.5,1.25,0.8125,0.9375],"texture":"#0"}}},{"from":[4,6,4],"to":[12,26,12],"rotation":{"angle":0,"axis":"y","origin":[6.5,7.5,7.5]},"faces":{"north":{"uv":[0,14.0625,1,11.5625],"texture":"#0"},"east":{"uv":[0,14.0625,1,11.5625],"texture":"#0"},"south":{"uv":[0,14.0625,1,11.5625],"texture":"#0"},"west":{"uv":[0,14.0625,1,11.5625],"texture":"#0"},"up":{"uv":[0,15.0625,1,14.0625],"texture":"#0"},"down":{"uv":[0,15.0625,1,14.0625],"texture":"#0"}}},{"from":[6,4.5,1],"to":[6,14.5,11],"rotation":{"angle":0,"axis":"z","origin":[8,8,1]},"faces":{"north":{"uv":[0.625,1.5625,1.875,1.5625],"rotation":270,"texture":"#missing"},"east":{"uv":[14.75,0,16,1.25],"rotation":90,"texture":"#0"},"south":{"uv":[0.625,1.5625,1.875,1.5625],"rotation":90,"texture":"#missing"},"west":{"uv":[14.75,1.25,16,0],"rotation":90,"texture":"#0"},"up":{"uv":[0.625,1.5625,1.875,1.5625],"rotation":90,"texture":"#0"},"down":{"uv":[0.625,1.5625,1.875,1.5625],"rotation":90,"texture":"#missing"}}},{"from":[10,4.5,1],"to":[10,14.5,11],"rotation":{"angle":0,"axis":"z","origin":[8,8,1]},"faces":{"north":{"uv":[0.625,1.5625,1.875,1.5625],"rotation":270,"texture":"#missing"},"east":{"uv":[14.75,0,16,1.25],"rotation":90,"texture":"#0"},"south":{"uv":[0.625,1.5625,1.875,1.5625],"rotation":90,"texture":"#missing"},"west":{"uv":[14.75,1.25,16,0],"rotation":90,"texture":"#0"},"up":{"uv":[0.625,1.5625,1.875,1.5625],"rotation":90,"texture":"#0"},"down":{"uv":[0.625,1.5625,1.875,1.5625],"rotation":90,"texture":"#missing"}}},{"from":[6,11,1],"to":[6,21,11],"rotation":{"angle":0,"axis":"z","origin":[8,8,1]},"faces":{"north":{"uv":[0.625,1.5625,1.875,1.5625],"rotation":270,"texture":"#missing"},"east":{"uv":[14.75,0,16,1.25],"rotation":90,"texture":"#0"},"south":{"uv":[0.625,1.5625,1.875,1.5625],"rotation":90,"texture":"#missing"},"west":{"uv":[14.75,1.25,16,0],"rotation":90,"texture":"#0"},"up":{"uv":[0.625,1.5625,1.875,1.5625],"rotation":90,"texture":"#0"},"down":{"uv":[0.625,1.5625,1.875,1.5625],"rotation":90,"texture":"#missing"}}},{"from":[10,11,1],"to":[10,21,11],"rotation":{"angle":0,"axis":"z","origin":[8,8,1]},"faces":{"north":{"uv":[0.625,1.5625,1.875,1.5625],"rotation":270,"texture":"#missing"},"east":{"uv":[14.75,0,16,1.25],"rotation":90,"texture":"#0"},"south":{"uv":[0.625,1.5625,1.875,1.5625],"rotation":90,"texture":"#missing"},"west":{"uv":[14.75,1.25,16,0],"rotation":90,"texture":"#0"},"up":{"uv":[0.625,1.5625,1.875,1.5625],"rotation":90,"texture":"#0"},"down":{"uv":[0.625,1.5625,1.875,1.5625],"rotation":90,"texture":"#missing"}}},{"from":[6,18,0.5],"to":[6,28,10.5],"rotation":{"angle":0,"axis":"z","origin":[8,8,1]},"faces":{"north":{"uv":[0.625,1.5625,1.875,1.5625],"rotation":270,"texture":"#missing"},"east":{"uv":[14.75,0,16,1.25],"rotation":90,"texture":"#0"},"south":{"uv":[0.625,1.5625,1.875,1.5625],"rotation":90,"texture":"#missing"},"west":{"uv":[14.75,1.25,16,0],"rotation":90,"texture":"#0"},"up":{"uv":[0.625,1.5625,1.875,1.5625],"rotation":90,"texture":"#0"},"down":{"uv":[0.625,1.5625,1.875,1.5625],"rotation":90,"texture":"#missing"}}},{"from":[10,18,0.5],"to":[10,28,10.5],"rotation":{"angle":0,"axis":"z","origin":[8,8,1]},"faces":{"north":{"uv":[0.625,1.5625,1.875,1.5625],"rotation":270,"texture":"#missing"},"east":{"uv":[14.75,0,16,1.25],"rotation":90,"texture":"#0"},"south":{"uv":[0.625,1.5625,1.875,1.5625],"rotation":90,"texture":"#missing"},"west":{"uv":[14.75,1.25,16,0],"rotation":90,"texture":"#0"},"up":{"uv":[0.625,1.5625,1.875,1.5625],"rotation":90,"texture":"#0"},"down":{"uv":[0.625,1.5625,1.875,1.5625],"rotation":90,"texture":"#missing"}}},{"from":[10,18,5.5],"to":[10,28,15.5],"rotation":{"angle":0,"axis":"z","origin":[8,8,15]},"faces":{"north":{"uv":[0.625,1.5625,1.875,1.5625],"rotation":90,"texture":"#missing"},"east":{"uv":[14.75,1.25,16,0],"rotation":90,"texture":"#0"},"south":{"uv":[0.625,1.5625,1.875,1.5625],"rotation":270,"texture":"#missing"},"west":{"uv":[14.75,0,16,1.25],"rotation":90,"texture":"#0"},"up":{"uv":[1.875,1.5625,0.625,1.5625],"rotation":90,"texture":"#0"},"down":{"uv":[1.875,1.5625,0.625,1.5625],"rotation":90,"texture":"#missing"}}},{"from":[6,18,5.5],"to":[6,28,15.5],"rotation":{"angle":0,"axis":"z","origin":[8,8,15]},"faces":{"north":{"uv":[0.625,1.5625,1.875,1.5625],"rotation":90,"texture":"#missing"},"east":{"uv":[14.75,1.25,16,0],"rotation":90,"texture":"#0"},"south":{"uv":[0.625,1.5625,1.875,1.5625],"rotation":270,"texture":"#missing"},"west":{"uv":[14.75,0,16,1.25],"rotation":90,"texture":"#0"},"up":{"uv":[1.875,1.5625,0.625,1.5625],"rotation":90,"texture":"#0"},"down":{"uv":[1.875,1.5625,0.625,1.5625],"rotation":90,"texture":"#missing"}}},{"from":[6,11,5],"to":[6,21,15],"rotation":{"angle":0,"axis":"z","origin":[8,8,15]},"faces":{"north":{"uv":[0.625,1.5625,1.875,1.5625],"rotation":90,"texture":"#missing"},"east":{"uv":[14.75,1.25,16,0],"rotation":90,"texture":"#0"},"south":{"uv":[0.625,1.5625,1.875,1.5625],"rotation":270,"texture":"#missing"},"west":{"uv":[14.75,0,16,1.25],"rotation":90,"texture":"#0"},"up":{"uv":[1.875,1.5625,0.625,1.5625],"rotation":90,"texture":"#0"},"down":{"uv":[1.875,1.5625,0.625,1.5625],"rotation":90,"texture":"#missing"}}},{"from":[6,4.5,5],"to":[6,14.5,15],"rotation":{"angle":0,"axis":"z","origin":[8,8,15]},"faces":{"north":{"uv":[0.625,1.5625,1.875,1.5625],"rotation":90,"texture":"#missing"},"east":{"uv":[14.75,1.25,16,0],"rotation":90,"texture":"#0"},"south":{"uv":[0.625,1.5625,1.875,1.5625],"rotation":270,"texture":"#missing"},"west":{"uv":[14.75,0,16,1.25],"rotation":90,"texture":"#0"},"up":{"uv":[1.875,1.5625,0.625,1.5625],"rotation":90,"texture":"#0"},"down":{"uv":[1.875,1.5625,0.625,1.5625],"rotation":90,"texture":"#missing"}}},{"from":[10,11,5],"to":[10,21,15],"rotation":{"angle":0,"axis":"z","origin":[8,8,15]},"faces":{"north":{"uv":[0.625,1.5625,1.875,1.5625],"rotation":90,"texture":"#missing"},"east":{"uv":[14.75,1.25,16,0],"rotation":90,"texture":"#0"},"south":{"uv":[0.625,1.5625,1.875,1.5625],"rotation":270,"texture":"#missing"},"west":{"uv":[14.75,0,16,1.25],"rotation":90,"texture":"#0"},"up":{"uv":[1.875,1.5625,0.625,1.5625],"rotation":90,"texture":"#0"},"down":{"uv":[1.875,1.5625,0.625,1.5625],"rotation":90,"texture":"#missing"}}},{"from":[10,4.5,5],"to":[10,14.5,15],"rotation":{"angle":0,"axis":"z","origin":[8,8,15]},"faces":{"north":{"uv":[0.625,1.5625,1.875,1.5625],"rotation":90,"texture":"#missing"},"east":{"uv":[14.75,1.25,16,0],"rotation":90,"texture":"#0"},"south":{"uv":[0.625,1.5625,1.875,1.5625],"rotation":270,"texture":"#missing"},"west":{"uv":[14.75,0,16,1.25],"rotation":90,"texture":"#0"},"up":{"uv":[1.875,1.5625,0.625,1.5625],"rotation":90,"texture":"#0"},"down":{"uv":[1.875,1.5625,0.625,1.5625],"rotation":90,"texture":"#missing"}}},{"from":[0.5,18,10],"to":[10.5,28,10],"rotation":{"angle":0,"axis":"z","origin":[8,16,8]},"faces":{"north":{"uv":[14.75,0,16,1.25],"rotation":90,"texture":"#0"},"east":{"uv":[0.625,1.5625,1.875,1.5625],"rotation":90,"texture":"#missing"},"south":{"uv":[14.75,1.25,16,0],"rotation":90,"texture":"#0"},"west":{"uv":[0.625,1.5625,1.875,1.5625],"rotation":270,"texture":"#missing"},"up":{"uv":[1.875,1.5625,0.625,1.5625],"rotation":180,"texture":"#0"},"down":{"uv":[1.875,1.5625,0.625,1.5625],"texture":"#missing"}}},{"from":[0.5,18,6],"to":[10.5,28,6],"rotation":{"angle":0,"axis":"z","origin":[8,16,8]},"faces":{"north":{"uv":[14.75,0,16,1.25],"rotation":90,"texture":"#0"},"east":{"uv":[0.625,1.5625,1.875,1.5625],"rotation":90,"texture":"#missing"},"south":{"uv":[14.75,1.25,16,0],"rotation":90,"texture":"#0"},"west":{"uv":[0.625,1.5625,1.875,1.5625],"rotation":270,"texture":"#missing"},"up":{"uv":[1.875,1.5625,0.625,1.5625],"rotation":180,"texture":"#0"},"down":{"uv":[1.875,1.5625,0.625,1.5625],"texture":"#missing"}}},{"from":[1,11,6],"to":[11,21,6],"rotation":{"angle":0,"axis":"z","origin":[8,16,8]},"faces":{"north":{"uv":[14.75,0,16,1.25],"rotation":90,"texture":"#0"},"east":{"uv":[0.625,1.5625,1.875,1.5625],"rotation":90,"texture":"#missing"},"south":{"uv":[14.75,1.25,16,0],"rotation":90,"texture":"#0"},"west":{"uv":[0.625,1.5625,1.875,1.5625],"rotation":270,"texture":"#missing"},"up":{"uv":[1.875,1.5625,0.625,1.5625],"rotation":180,"texture":"#0"},"down":{"uv":[1.875,1.5625,0.625,1.5625],"texture":"#missing"}}},{"from":[1,4.5,6],"to":[11,14.5,6],"rotation":{"angle":0,"axis":"z","origin":[8,16,8]},"faces":{"north":{"uv":[14.75,0,16,1.25],"rotation":90,"texture":"#0"},"east":{"uv":[0.625,1.5625,1.875,1.5625],"rotation":90,"texture":"#missing"},"south":{"uv":[14.75,1.25,16,0],"rotation":90,"texture":"#0"},"west":{"uv":[0.625,1.5625,1.875,1.5625],"rotation":270,"texture":"#missing"},"up":{"uv":[1.875,1.5625,0.625,1.5625],"rotation":180,"texture":"#0"},"down":{"uv":[1.875,1.5625,0.625,1.5625],"texture":"#missing"}}},{"from":[1,11,10],"to":[11,21,10],"rotation":{"angle":0,"axis":"z","origin":[8,16,8]},"faces":{"north":{"uv":[14.75,0,16,1.25],"rotation":90,"texture":"#0"},"east":{"uv":[0.625,1.5625,1.875,1.5625],"rotation":90,"texture":"#missing"},"south":{"uv":[14.75,1.25,16,0],"rotation":90,"texture":"#0"},"west":{"uv":[0.625,1.5625,1.875,1.5625],"rotation":270,"texture":"#missing"},"up":{"uv":[1.875,1.5625,0.625,1.5625],"rotation":180,"texture":"#0"},"down":{"uv":[1.875,1.5625,0.625,1.5625],"texture":"#missing"}}},{"from":[1,4.5,10],"to":[11,14.5,10],"rotation":{"angle":0,"axis":"z","origin":[8,16,8]},"faces":{"north":{"uv":[14.75,0,16,1.25],"rotation":90,"texture":"#0"},"east":{"uv":[0.625,1.5625,1.875,1.5625],"rotation":90,"texture":"#missing"},"south":{"uv":[14.75,1.25,16,0],"rotation":90,"texture":"#0"},"west":{"uv":[0.625,1.5625,1.875,1.5625],"rotation":270,"texture":"#missing"},"up":{"uv":[1.875,1.5625,0.625,1.5625],"rotation":180,"texture":"#0"},"down":{"uv":[1.875,1.5625,0.625,1.5625],"texture":"#missing"}}},{"from":[5.5,18,6],"to":[15.5,28,6],"rotation":{"angle":0,"axis":"z","origin":[8,16,8]},"faces":{"north":{"uv":[14.75,1.25,16,0],"rotation":90,"texture":"#0"},"east":{"uv":[0.625,1.5625,1.875,1.5625],"rotation":270,"texture":"#missing"},"south":{"uv":[14.75,0,16,1.25],"rotation":90,"texture":"#0"},"west":{"uv":[0.625,1.5625,1.875,1.5625],"rotation":90,"texture":"#missing"},"up":{"uv":[0.625,1.5625,1.875,1.5625],"rotation":180,"texture":"#0"},"down":{"uv":[0.625,1.5625,1.875,1.5625],"texture":"#missing"}}},{"from":[5.5,18,10],"to":[15.5,28,10],"rotation":{"angle":0,"axis":"z","origin":[8,16,8]},"faces":{"north":{"uv":[14.75,1.25,16,0],"rotation":90,"texture":"#0"},"east":{"uv":[0.625,1.5625,1.875,1.5625],"rotation":270,"texture":"#missing"},"south":{"uv":[14.75,0,16,1.25],"rotation":90,"texture":"#0"},"west":{"uv":[0.625,1.5625,1.875,1.5625],"rotation":90,"texture":"#missing"},"up":{"uv":[0.625,1.5625,1.875,1.5625],"rotation":180,"texture":"#0"},"down":{"uv":[0.625,1.5625,1.875,1.5625],"texture":"#missing"}}},{"from":[5,11,6],"to":[15,21,6],"rotation":{"angle":0,"axis":"z","origin":[8,16,8]},"faces":{"north":{"uv":[14.75,1.25,16,0],"rotation":90,"texture":"#0"},"east":{"uv":[0.625,1.5625,1.875,1.5625],"rotation":270,"texture":"#missing"},"south":{"uv":[14.75,0,16,1.25],"rotation":90,"texture":"#0"},"west":{"uv":[0.625,1.5625,1.875,1.5625],"rotation":90,"texture":"#missing"},"up":{"uv":[0.625,1.5625,1.875,1.5625],"rotation":180,"texture":"#0"},"down":{"uv":[0.625,1.5625,1.875,1.5625],"texture":"#missing"}}},{"from":[5,11,10],"to":[15,21,10],"rotation":{"angle":0,"axis":"z","origin":[8,16,8]},"faces":{"north":{"uv":[14.75,1.25,16,0],"rotation":90,"texture":"#0"},"east":{"uv":[0.625,1.5625,1.875,1.5625],"rotation":270,"texture":"#missing"},"south":{"uv":[14.75,0,16,1.25],"rotation":90,"texture":"#0"},"west":{"uv":[0.625,1.5625,1.875,1.5625],"rotation":90,"texture":"#missing"},"up":{"uv":[0.625,1.5625,1.875,1.5625],"rotation":180,"texture":"#0"},"down":{"uv":[0.625,1.5625,1.875,1.5625],"texture":"#missing"}}},{"from":[5,4.5,6],"to":[15,14.5,6],"rotation":{"angle":0,"axis":"z","origin":[8,16,8]},"faces":{"north":{"uv":[14.75,1.25,16,0],"rotation":90,"texture":"#0"},"east":{"uv":[0.625,1.5625,1.875,1.5625],"rotation":270,"texture":"#missing"},"south":{"uv":[14.75,0,16,1.25],"rotation":90,"texture":"#0"},"west":{"uv":[0.625,1.5625,1.875,1.5625],"rotation":90,"texture":"#missing"},"up":{"uv":[0.625,1.5625,1.875,1.5625],"rotation":180,"texture":"#0"},"down":{"uv":[0.625,1.5625,1.875,1.5625],"texture":"#missing"}}},{"from":[5,4.5,10],"to":[15,14.5,10],"rotation":{"angle":0,"axis":"z","origin":[8,16,8]},"faces":{"north":{"uv":[14.75,1.25,16,0],"rotation":90,"texture":"#0"},"east":{"uv":[0.625,1.5625,1.875,1.5625],"rotation":270,"texture":"#missing"},"south":{"uv":[14.75,0,16,1.25],"rotation":90,"texture":"#0"},"west":{"uv":[0.625,1.5625,1.875,1.5625],"rotation":90,"texture":"#missing"},"up":{"uv":[0.625,1.5625,1.875,1.5625],"rotation":180,"texture":"#0"},"down":{"uv":[0.625,1.5625,1.875,1.5625],"texture":"#missing"}}},{"from":[5,1,5],"to":[11,6,11],"rotation":{"angle":0,"axis":"y","origin":[6.5,7.5,7.5]},"faces":{"north":{"uv":[4.125,6.25,3.375,5.625],"texture":"#0"},"east":{"uv":[3.375,6.25,4.125,5.625],"texture":"#0"},"south":{"uv":[4.125,6.25,3.375,5.625],"texture":"#0"},"west":{"uv":[3.375,6.25,4.125,5.625],"texture":"#0"},"up":{"uv":[3.375,7,4.125,6.25],"texture":"#0"},"down":{"uv":[3.375,7,4.125,6.25],"texture":"#0"}}},{"from":[7.9,1.5,3.95461],"to":[7.9,9.5,6.95461],"rotation":{"angle":-22.5,"axis":"x","origin":[8,3.34358,3.22731]},"faces":{"north":{"uv":[0,0,0,1],"texture":"#0"},"east":{"uv":[0.875,5.25,1.25,6.25],"texture":"#0"},"south":{"uv":[0,0,0,1],"texture":"#0"},"west":{"uv":[1.25,5.25,0.875,6.25],"texture":"#0"},"up":{"uv":[0,0,0,0.375],"rotation":180,"texture":"#0"},"down":{"uv":[0,0,0,0.375],"rotation":180,"texture":"#0"}}},{"from":[8.1,2.49613,-2.7541],"to":[8.1,5.49613,5.2459],"rotation":{"angle":45,"axis":"x","origin":[8,3.34358,3.22731]},"faces":{"north":{"uv":[0,0,0,0.375],"texture":"#0"},"east":{"uv":[0.875,6.25,0.5,5.25],"rotation":270,"texture":"#0"},"south":{"uv":[0,0,0,0.375],"rotation":180,"texture":"#0"},"west":{"uv":[0.5,6.25,0.875,5.25],"rotation":90,"texture":"#0"},"up":{"uv":[0,0,0,1],"texture":"#0"},"down":{"uv":[0,0,0,1],"rotation":180,"texture":"#0"}}},{"from":[7.9,1.11492,-2.13678],"to":[7.9,4.11492,5.86322],"rotation":{"angle":22.5,"axis":"x","origin":[8,3.34358,3.22731]},"faces":{"north":{"uv":[0,0,0,0.375],"texture":"#0"},"east":{"uv":[1.25,6.25,0.875,5.25],"rotation":270,"texture":"#0"},"south":{"uv":[0,0,0,0.375],"rotation":180,"texture":"#0"},"west":{"uv":[0.875,6.25,1.25,5.25],"rotation":90,"texture":"#0"},"up":{"uv":[0,0,0,1],"texture":"#0"},"down":{"uv":[0,0,0,1],"rotation":180,"texture":"#0"}}},{"from":[8.1,-0.50104,-2.54539],"to":[8.1,2.49896,5.45461],"rotation":{"angle":0,"axis":"y","origin":[8,3.84358,3.22731]},"faces":{"north":{"uv":[0,0,0,0.375],"texture":"#0"},"east":{"uv":[0.875,6.25,0.5,5.25],"rotation":270,"texture":"#0"},"south":{"uv":[0,0,0,0.375],"rotation":180,"texture":"#0"},"west":{"uv":[0.5,6.25,0.875,5.25],"rotation":90,"texture":"#0"},"up":{"uv":[0,0,0,1],"texture":"#0"},"down":{"uv":[0,0,0,1],"rotation":180,"texture":"#0"}}},{"from":[7.9,1.5,9.04539],"to":[7.9,9.5,12.04539],"rotation":{"angle":22.5,"axis":"x","origin":[8,3.34358,12.77269]},"faces":{"north":{"uv":[0,0,0,1],"texture":"#0"},"east":{"uv":[1.25,5.25,0.875,6.25],"texture":"#0"},"south":{"uv":[0,0,0,1],"texture":"#0"},"west":{"uv":[0.875,5.25,1.25,6.25],"texture":"#0"},"up":{"uv":[0,0.375,0,0],"rotation":180,"texture":"#0"},"down":{"uv":[0,0.375,0,0],"rotation":180,"texture":"#0"}}},{"from":[8.1,2.49613,10.7541],"to":[8.1,5.49613,18.7541],"rotation":{"angle":-45,"axis":"x","origin":[8,3.34358,12.77269]},"faces":{"north":{"uv":[0,0,0,0.375],"rotation":180,"texture":"#0"},"east":{"uv":[0.875,5.25,0.5,6.25],"rotation":270,"texture":"#0"},"south":{"uv":[0,0,0,0.375],"texture":"#0"},"west":{"uv":[0.5,5.25,0.875,6.25],"rotation":90,"texture":"#0"},"up":{"uv":[0,1,0,0],"texture":"#0"},"down":{"uv":[0,1,0,0],"rotation":180,"texture":"#0"}}},{"from":[7.9,1.11492,10.13678],"to":[7.9,4.11492,18.13678],"rotation":{"angle":-22.5,"axis":"x","origin":[8,3.34358,12.77269]},"faces":{"north":{"uv":[0,0,0,0.375],"rotation":180,"texture":"#0"},"east":{"uv":[1.25,5.25,0.875,6.25],"rotation":270,"texture":"#0"},"south":{"uv":[0,0,0,0.375],"texture":"#0"},"west":{"uv":[0.875,5.25,1.25,6.25],"rotation":90,"texture":"#0"},"up":{"uv":[0,1,0,0],"texture":"#0"},"down":{"uv":[0,1,0,0],"rotation":180,"texture":"#0"}}},{"from":[8.1,-0.50104,10.54539],"to":[8.1,2.49896,18.54539],"rotation":{"angle":0,"axis":"y","origin":[8,3.84358,12.77269]},"faces":{"north":{"uv":[0,0,0,0.375],"rotation":180,"texture":"#0"},"east":{"uv":[0.875,5.25,0.5,6.25],"rotation":270,"texture":"#0"},"south":{"uv":[0,0,0,0.375],"texture":"#0"},"west":{"uv":[0.5,5.25,0.875,6.25],"rotation":90,"texture":"#0"},"up":{"uv":[0,1,0,0],"texture":"#0"},"down":{"uv":[0,1,0,0],"rotation":180,"texture":"#0"}}},{"from":[6.75,-3,6.5],"to":[9.25,2.5,8.5],"rotation":{"angle":-45,"axis":"x","origin":[9,0,8]},"faces":{"north":{"uv":[1.875,0,1.5625,0.6875],"texture":"#0"},"east":{"uv":[1.5625,0,1.3125,0.6875],"texture":"#0"},"south":{"uv":[1.875,0,1.5625,0.6875],"texture":"#0"},"west":{"uv":[1.5625,0,1.3125,0.6875],"texture":"#0"},"up":{"uv":[1.5625,0.9375,1.875,0.6875],"texture":"#0"},"down":{"uv":[1.5625,0.9375,1.875,0.6875],"texture":"#0"}}},{"from":[6.25,-3,7.5],"to":[9.75,2.5,9.5],"rotation":{"angle":45,"axis":"x","origin":[9,0,8]},"faces":{"north":{"uv":[1.5625,0,2,0.6875],"texture":"#0"},"east":{"uv":[1.3125,0,1.5625,0.6875],"texture":"#0"},"south":{"uv":[1.5625,0,2,0.6875],"texture":"#0"},"west":{"uv":[1.3125,0,1.5625,0.6875],"texture":"#0"},"up":{"uv":[1.5625,0.6875,2,0.9375],"texture":"#0"},"down":{"uv":[1.5625,0.6875,2,0.9375],"texture":"#0"}}}],"gui_light":"front","display":{"thirdperson_righthand":{"translation":[0,7.75,1.5],"scale":[0.65,0.65,0.65]},"thirdperson_lefthand":{"translation":[0,7.75,1.5],"scale":[0.65,0.65,0.65]},"firstperson_righthand":{"rotation":[-12,15,3],"translation":[2.75,4.25,-2.25],"scale":[0.51953,0.51953,0.51953]},"firstperson_lefthand":{"rotation":[-12,15,3],"translation":[2.75,4.25,-2.25],"scale":[0.51953,0.51953,0.51953]},"ground":{"rotation":[0,0,90],"translation":[1.25,0.25,0],"scale":[0.5,0.5,0.5]},"gui":{"rotation":[106,135,-90],"translation":[-0.5,0,-1.25],"scale":[0.4068,0.4068,0.4068]},"head":{"rotation":[90,-168,90],"translation":[-0.5,11.75,0],"scale":[0.56,0.56,0.56]},"fixed":{"rotation":[0,90,0],"translation":[0,-2.25,-2.25],"scale":[0.87,0.87,0.87]}}}