{"credit":"Made with Blockbench","texture_size":[128,128],"textures":{"0":"elitecreatures:thanks_giving_2023_v2/thanksgiving_texture_01","particle":"elitecreatures:thanks_giving_2023_v2/thanksgiving_texture_01"},"elements":[{"from":[7,-13,7],"to":[9,10,9],"rotation":{"angle":0,"axis":"y","origin":[0,-1,0]},"faces":{"north":{"uv":[0.25,3.75,0.5,6.625],"texture":"#0"},"east":{"uv":[0.25,3.75,0,6.625],"texture":"#0"},"south":{"uv":[0.25,3.75,0.5,6.625],"texture":"#0"},"west":{"uv":[0.25,3.75,0,6.625],"texture":"#0"},"up":{"uv":[0,1.25,0.25,1.5],"texture":"#0"},"down":{"uv":[0,1.25,0.25,1.5],"texture":"#0"}}},{"from":[6.75,-14,8.5],"to":[9.25,-11.5,11],"rotation":{"angle":0,"axis":"y","origin":[7,11.5,8]},"faces":{"north":{"uv":[0.8125,0.625,0.5,0.9375],"texture":"#0"},"east":{"uv":[0.5,0.3125,0.8125,0],"texture":"#0"},"south":{"uv":[0.8125,0.625,0.5,0.3125],"texture":"#0"},"west":{"uv":[0.8125,0.3125,0.5,0],"texture":"#0"},"up":{"uv":[0.5,0.625,0.8125,0.9375],"texture":"#0"},"down":{"uv":[0.5,0.9375,0.8125,1.25],"texture":"#0"}}},{"from":[6.75,-14,5],"to":[9.25,-11.5,7.5],"rotation":{"angle":0,"axis":"y","origin":[7,11.5,8]},"faces":{"north":{"uv":[0.5,0.625,0.8125,0.3125],"texture":"#0"},"east":{"uv":[0.8125,0.3125,0.5,0],"texture":"#0"},"south":{"uv":[0.5,0.625,0.8125,0.9375],"texture":"#0"},"west":{"uv":[0.5,0.3125,0.8125,0],"texture":"#0"},"up":{"uv":[0.5,0.9375,0.8125,0.625],"texture":"#0"},"down":{"uv":[0.5,1.25,0.8125,0.9375],"texture":"#0"}}},{"from":[3.5,6,3.5],"to":[12.5,10,12.5],"rotation":{"angle":0,"axis":"y","origin":[6.5,7.5,7.5]},"faces":{"north":{"uv":[3.375,7.5625,2.25,7.0625],"texture":"#0"},"east":{"uv":[2.25,7.5625,3.375,7.0625],"texture":"#0"},"south":{"uv":[3.375,7.5625,2.25,7.0625],"texture":"#0"},"west":{"uv":[2.25,7.5625,3.375,7.0625],"texture":"#0"},"up":{"uv":[2.25,7.0625,3.375,5.9375],"texture":"#0"},"down":{"uv":[2.25,7.0625,3.375,5.9375],"texture":"#0"}}},{"from":[2.5,10,2.5],"to":[13.5,22,13.5],"rotation":{"angle":0,"axis":"y","origin":[6.5,1.5,7.5]},"faces":{"north":{"uv":[4.75,4.25,3.375,2.75],"texture":"#0"},"east":{"uv":[3.375,4.25,4.75,2.75],"texture":"#0"},"south":{"uv":[4.75,4.25,3.375,2.75],"texture":"#0"},"west":{"uv":[3.375,4.25,4.75,2.75],"texture":"#0"},"up":{"uv":[3.375,5.625,4.75,4.25],"texture":"#0"},"down":{"uv":[3.375,5.625,4.75,4.25],"texture":"#0"}}},{"from":[5,1,5],"to":[11,6,11],"rotation":{"angle":0,"axis":"y","origin":[6.5,7.5,7.5]},"faces":{"north":{"uv":[4.125,6.25,3.375,5.625],"texture":"#0"},"east":{"uv":[3.375,6.25,4.125,5.625],"texture":"#0"},"south":{"uv":[4.125,6.25,3.375,5.625],"texture":"#0"},"west":{"uv":[3.375,6.25,4.125,5.625],"texture":"#0"},"up":{"uv":[3.375,7,4.125,6.25],"texture":"#0"},"down":{"uv":[3.375,7,4.125,6.25],"texture":"#0"}}},{"from":[6,22,6],"to":[10,25.5,10],"rotation":{"angle":0,"axis":"y","origin":[8,33,8]},"faces":{"north":{"uv":[1.875,3.875,2.375,4.3125],"texture":"#0"},"east":{"uv":[1.875,3.875,2.375,4.3125],"texture":"#0"},"south":{"uv":[1.875,3.875,2.375,4.3125],"texture":"#0"},"west":{"uv":[1.875,3.875,2.375,4.3125],"texture":"#0"},"up":{"uv":[1.5,4.3125,2,4.8125],"texture":"#0"},"down":{"uv":[1.5,4.3125,2,4.8125],"texture":"#0"}}},{"from":[8,25.5,7.2],"to":[8,28,9.2],"rotation":{"angle":0,"axis":"y","origin":[8,33,8]},"faces":{"north":{"uv":[1.875,3.875,2.375,4.3125],"texture":"#0"},"east":{"uv":[0.75,4.4375,0.5,4.75],"texture":"#0"},"south":{"uv":[1.875,3.875,2.375,4.3125],"texture":"#0"},"west":{"uv":[0.5,4.4375,0.75,4.75],"texture":"#0"},"up":{"uv":[1.5,4.3125,2,4.8125],"texture":"#0"},"down":{"uv":[1.5,4.3125,2,4.8125],"texture":"#0"}}},{"from":[5.22867,0.05642,0.90861],"to":[8.22867,0.05642,8.90861],"rotation":{"angle":22.5,"axis":"y","origin":[6,0.15642,6.27269]},"faces":{"north":{"uv":[0,0.375,0,0],"rotation":270,"texture":"#0"},"east":{"uv":[0,1,0,0],"rotation":270,"texture":"#0"},"south":{"uv":[0,0.375,0,0],"rotation":270,"texture":"#0"},"west":{"uv":[0,1,0,0],"rotation":90,"texture":"#0"},"up":{"uv":[1.25,6.25,0.875,5.25],"rotation":180,"texture":"#0"},"down":{"uv":[0.875,6.25,1.25,5.25],"texture":"#0"}}},{"from":[0.0186,0.25642,5.42524],"to":[8.0186,0.25642,8.42524],"rotation":{"angle":-22.5,"axis":"y","origin":[6,0.15642,6.27269]},"faces":{"north":{"uv":[0,1,0,0],"rotation":270,"texture":"#0"},"east":{"uv":[0,0.375,0,0],"rotation":270,"texture":"#0"},"south":{"uv":[0,1,0,0],"rotation":90,"texture":"#0"},"west":{"uv":[0,0.375,0,0],"rotation":270,"texture":"#0"},"up":{"uv":[0.875,6.25,0.5,5.25],"rotation":90,"texture":"#0"},"down":{"uv":[0.5,6.25,0.875,5.25],"rotation":90,"texture":"#0"}}},{"from":[6.84745,0.25642,0.29129],"to":[9.84745,0.25642,8.29129],"rotation":{"angle":0,"axis":"y","origin":[6,0.15642,6.27269]},"faces":{"north":{"uv":[0,0.375,0,0],"rotation":270,"texture":"#0"},"east":{"uv":[0,1,0,0],"rotation":270,"texture":"#0"},"south":{"uv":[0,0.375,0,0],"rotation":270,"texture":"#0"},"west":{"uv":[0,1,0,0],"rotation":90,"texture":"#0"},"up":{"uv":[0.875,6.25,0.5,5.25],"rotation":180,"texture":"#0"},"down":{"uv":[0.5,6.25,0.875,5.25],"texture":"#0"}}},{"from":[-0.15642,0.05642,7],"to":[7.84358,0.05642,10],"rotation":{"angle":0,"axis":"y","origin":[6,0.15642,6.27269]},"faces":{"north":{"uv":[0,1,0,0],"rotation":270,"texture":"#0"},"east":{"uv":[0,0.375,0,0],"rotation":270,"texture":"#0"},"south":{"uv":[0,1,0,0],"rotation":90,"texture":"#0"},"west":{"uv":[0,0.375,0,0],"rotation":270,"texture":"#0"},"up":{"uv":[0.875,5.25,1.25,6.25],"rotation":270,"texture":"#0"},"down":{"uv":[1.25,5.25,0.875,6.25],"rotation":270,"texture":"#0"}}},{"from":[6.15255,0.25642,7.70871],"to":[9.15255,0.25642,15.70871],"rotation":{"angle":0,"axis":"y","origin":[10,0.15642,9.72731]},"faces":{"north":{"uv":[0,0.375,0,0],"rotation":270,"texture":"#0"},"east":{"uv":[0,1,0,0],"rotation":90,"texture":"#0"},"south":{"uv":[0,0.375,0,0],"rotation":270,"texture":"#0"},"west":{"uv":[0,1,0,0],"rotation":270,"texture":"#0"},"up":{"uv":[0.5,5.25,0.875,6.25],"rotation":180,"texture":"#0"},"down":{"uv":[0.875,5.25,0.5,6.25],"texture":"#0"}}},{"from":[7.77133,0.05642,7.09139],"to":[10.77133,0.05642,15.09139],"rotation":{"angle":22.5,"axis":"y","origin":[10,0.15642,9.72731]},"faces":{"north":{"uv":[0,0.375,0,0],"rotation":270,"texture":"#0"},"east":{"uv":[0,1,0,0],"rotation":90,"texture":"#0"},"south":{"uv":[0,0.375,0,0],"rotation":270,"texture":"#0"},"west":{"uv":[0,1,0,0],"rotation":270,"texture":"#0"},"up":{"uv":[0.875,5.25,1.25,6.25],"rotation":180,"texture":"#0"},"down":{"uv":[1.25,5.25,0.875,6.25],"texture":"#0"}}},{"from":[7.9814,0.25642,7.57476],"to":[15.9814,0.25642,10.57476],"rotation":{"angle":-22.5,"axis":"y","origin":[10,0.15642,9.72731]},"faces":{"north":{"uv":[0,1,0,0],"rotation":90,"texture":"#0"},"east":{"uv":[0,0.375,0,0],"rotation":270,"texture":"#0"},"south":{"uv":[0,1,0,0],"rotation":270,"texture":"#0"},"west":{"uv":[0,0.375,0,0],"rotation":270,"texture":"#0"},"up":{"uv":[0.5,5.25,0.875,6.25],"rotation":90,"texture":"#0"},"down":{"uv":[0.875,5.25,0.5,6.25],"rotation":90,"texture":"#0"}}},{"from":[8.15642,0.05642,6],"to":[16.15642,0.05642,9],"rotation":{"angle":0,"axis":"y","origin":[10,0.15642,9.72731]},"faces":{"north":{"uv":[0,1,0,0],"rotation":90,"texture":"#0"},"east":{"uv":[0,0.375,0,0],"rotation":270,"texture":"#0"},"south":{"uv":[0,1,0,0],"rotation":270,"texture":"#0"},"west":{"uv":[0,0.375,0,0],"rotation":270,"texture":"#0"},"up":{"uv":[1.25,6.25,0.875,5.25],"rotation":270,"texture":"#0"},"down":{"uv":[0.875,6.25,1.25,5.25],"rotation":270,"texture":"#0"}}}],"gui_light":"front","display":{"thirdperson_righthand":{"translation":[0,7.75,1.5],"scale":[0.65,0.65,0.65]},"thirdperson_lefthand":{"translation":[0,7.75,1.5],"scale":[0.65,0.65,0.65]},"firstperson_righthand":{"rotation":[-12,15,3],"translation":[2.75,4.25,-2.25],"scale":[0.51953,0.51953,0.51953]},"firstperson_lefthand":{"rotation":[-12,15,3],"translation":[2.75,4.25,-2.25],"scale":[0.51953,0.51953,0.51953]},"ground":{"rotation":[0,0,90],"translation":[1.25,0.25,0],"scale":[0.5,0.5,0.5]},"gui":{"rotation":[106,135,-90],"translation":[-0.5,0,-1.25],"scale":[0.4068,0.4068,0.4068]},"head":{"rotation":[90,-168,90],"translation":[-0.5,11.75,0],"scale":[0.56,0.56,0.56]},"fixed":{"rotation":[0,90,0],"translation":[0,-2.25,-2.25],"scale":[0.87,0.87,0.87]}}}