{"credit":"Made with Blockbench","texture_size":[128,128],"textures":{"0":"elitecreatures:thanks_giving_2023_v2/thanksgiving_texture_01","particle":"elitecreatures:thanks_giving_2023_v2/thanksgiving_texture_01"},"elements":[{"from":[7,-13,7],"to":[9,-3,9],"rotation":{"angle":0,"axis":"y","origin":[0,-1,0]},"faces":{"north":{"uv":[0,0,0.25,1.25],"texture":"#0"},"east":{"uv":[0.25,0,0.5,1.25],"texture":"#0"},"south":{"uv":[0,0,0.25,1.25],"texture":"#0"},"west":{"uv":[0.25,0,0.5,1.25],"texture":"#0"},"up":{"uv":[0,1.25,0.25,1.5],"texture":"#0"},"down":{"uv":[0,1.25,0.25,1.5],"texture":"#0"}}},{"from":[7,-2,3],"to":[9,0,13],"rotation":{"angle":0,"axis":"y","origin":[0,-1,0]},"faces":{"north":{"uv":[0.25,1.25,0.5,1.5],"texture":"#0"},"east":{"uv":[0.8125,0,1.0625,1.25],"rotation":270,"texture":"#0"},"south":{"uv":[0.25,1.25,0.5,1.5],"texture":"#0"},"west":{"uv":[0.8125,0,1.0625,1.25],"rotation":270,"texture":"#0"},"up":{"uv":[1.3125,0,1.0625,1.25],"rotation":180,"texture":"#0"},"down":{"uv":[1.3125,0,1.0625,1.25],"rotation":180,"texture":"#0"}}},{"from":[6.75,-14,8.5],"to":[9.25,-11.5,11],"rotation":{"angle":0,"axis":"y","origin":[7,11.5,8]},"faces":{"north":{"uv":[0.8125,0.625,0.5,0.9375],"texture":"#0"},"east":{"uv":[0.5,0.3125,0.8125,0],"texture":"#0"},"south":{"uv":[0.8125,0.625,0.5,0.3125],"texture":"#0"},"west":{"uv":[0.8125,0.3125,0.5,0],"texture":"#0"},"up":{"uv":[0.5,0.625,0.8125,0.9375],"texture":"#0"},"down":{"uv":[0.5,0.9375,0.8125,1.25],"texture":"#0"}}},{"from":[6.75,-14,5],"to":[9.25,-11.5,7.5],"rotation":{"angle":0,"axis":"y","origin":[7,11.5,8]},"faces":{"north":{"uv":[0.5,0.625,0.8125,0.3125],"texture":"#0"},"east":{"uv":[0.8125,0.3125,0.5,0],"texture":"#0"},"south":{"uv":[0.5,0.625,0.8125,0.9375],"texture":"#0"},"west":{"uv":[0.5,0.3125,0.8125,0],"texture":"#0"},"up":{"uv":[0.5,0.9375,0.8125,0.625],"texture":"#0"},"down":{"uv":[0.5,1.25,0.8125,0.9375],"texture":"#0"}}},{"from":[6.25,-4,7.5],"to":[9.75,1.5,9.5],"rotation":{"angle":45,"axis":"x","origin":[9,-1,8]},"faces":{"north":{"uv":[1.5625,0,2,0.6875],"texture":"#0"},"east":{"uv":[1.3125,0,1.5625,0.6875],"texture":"#0"},"south":{"uv":[1.5625,0,2,0.6875],"texture":"#0"},"west":{"uv":[1.3125,0,1.5625,0.6875],"texture":"#0"},"up":{"uv":[1.5625,0.6875,2,0.9375],"texture":"#0"},"down":{"uv":[1.5625,0.6875,2,0.9375],"texture":"#0"}}},{"from":[6.75,-4,6.5],"to":[9.25,1.5,8.5],"rotation":{"angle":-45,"axis":"x","origin":[9,-1,8]},"faces":{"north":{"uv":[1.875,0,1.5625,0.6875],"texture":"#0"},"east":{"uv":[1.5625,0,1.3125,0.6875],"texture":"#0"},"south":{"uv":[1.875,0,1.5625,0.6875],"texture":"#0"},"west":{"uv":[1.5625,0,1.3125,0.6875],"texture":"#0"},"up":{"uv":[1.5625,0.9375,1.875,0.6875],"texture":"#0"},"down":{"uv":[1.5625,0.9375,1.875,0.6875],"texture":"#0"}}},{"from":[6.75,-0.5,11.75],"to":[9.25,1.5,13.75],"rotation":{"angle":0,"axis":"y","origin":[8,0.5,12.75]},"faces":{"north":{"uv":[1.4375,1.5,1.75,1.25],"texture":"#0"},"east":{"uv":[0.5,1.25,0.75,1.5],"rotation":90,"texture":"#0"},"south":{"uv":[0.75,1.5,1.0625,1.25],"texture":"#0"},"west":{"uv":[0.5,1.5,0.75,1.25],"rotation":90,"texture":"#0"},"up":{"uv":[1.4375,1.25,1.75,1],"rotation":180,"texture":"#0"},"down":{"uv":[1.4375,1,1.75,1.25],"rotation":180,"texture":"#0"}}},{"from":[6.75,-3.5,11.75],"to":[9.25,-1.5,13.75],"rotation":{"angle":0,"axis":"y","origin":[8,15.5,12.75]},"faces":{"north":{"uv":[1.4375,1.25,1.75,1.5],"texture":"#0"},"east":{"uv":[0.75,1.25,0.5,1.5],"rotation":90,"texture":"#0"},"south":{"uv":[0.75,1.25,1.0625,1.5],"texture":"#0"},"west":{"uv":[0.75,1.5,0.5,1.25],"rotation":90,"texture":"#0"},"up":{"uv":[1.4375,1,1.75,1.25],"rotation":180,"texture":"#0"},"down":{"uv":[1.4375,1,1.75,1.25],"rotation":180,"texture":"#0"}}},{"from":[6.75,-0.5,2.25],"to":[9.25,1.5,4.25],"rotation":{"angle":0,"axis":"y","origin":[8,0.5,3.25]},"faces":{"north":{"uv":[1.0625,1.5,0.75,1.25],"texture":"#0"},"east":{"uv":[0.5,1.5,0.75,1.25],"rotation":90,"texture":"#0"},"south":{"uv":[1.75,1.5,1.4375,1.25],"texture":"#0"},"west":{"uv":[0.5,1.25,0.75,1.5],"rotation":90,"texture":"#0"},"up":{"uv":[1.4375,1,1.75,1.25],"rotation":180,"texture":"#0"},"down":{"uv":[1.4375,1.25,1.75,1],"rotation":180,"texture":"#0"}}},{"from":[6.75,-3.5,2.25],"to":[9.25,-1.5,4.25],"rotation":{"angle":0,"axis":"y","origin":[8,15.5,3.25]},"faces":{"north":{"uv":[1.0625,1.25,0.75,1.5],"texture":"#0"},"east":{"uv":[0.75,1.5,0.5,1.25],"rotation":90,"texture":"#0"},"south":{"uv":[1.75,1.25,1.4375,1.5],"texture":"#0"},"west":{"uv":[0.75,1.25,0.5,1.5],"rotation":90,"texture":"#0"},"up":{"uv":[1.4375,1.25,1.75,1],"rotation":180,"texture":"#0"},"down":{"uv":[1.4375,1.25,1.75,1],"rotation":180,"texture":"#0"}}},{"from":[7,0,7],"to":[9,13,9],"rotation":{"angle":0,"axis":"y","origin":[0,-1,0]},"faces":{"north":{"uv":[0.25,4.5625,0.5,6.1875],"texture":"#0"},"east":{"uv":[0.25,4.5625,0,6.1875],"texture":"#0"},"south":{"uv":[0.25,4.5625,0.5,6.1875],"texture":"#0"},"west":{"uv":[0,4.5625,0.25,6.1875],"texture":"#0"},"up":{"uv":[0,1.25,0.25,1.5],"texture":"#0"},"down":{"uv":[0,1.25,0.25,1.5],"texture":"#0"}}},{"from":[6.9,11,3],"to":[9.1,14,9.1],"faces":{"north":{"uv":[5.25,6.0625,5.5,6.4375],"texture":"#0"},"east":{"uv":[4.75,5.6875,5.5,6.0625],"texture":"#0"},"south":{"uv":[5,6.0625,5.25,6.4375],"texture":"#0"},"west":{"uv":[4.75,5.6875,5.5,6.0625],"texture":"#0"},"up":{"uv":[4.75,6.0625,5,6.8125],"texture":"#0"},"down":{"uv":[4.75,6.0625,5,6.8125],"texture":"#0"}}},{"from":[6.9,7,4],"to":[9.1,9,9.1],"faces":{"north":{"uv":[6.1875,5.4375,6.4375,5.6875],"texture":"#0"},"east":{"uv":[6.125,5.6875,5.5,5.9375],"texture":"#0"},"south":{"uv":[6.4375,5.4375,6.6875,5.6875],"texture":"#0"},"west":{"uv":[5.5,5.6875,6.125,5.9375],"texture":"#0"},"up":{"uv":[4.5,6.1875,4.75,6.8125],"texture":"#0"},"down":{"uv":[4.5,6.1875,4.75,6.8125],"texture":"#0"}}},{"from":[6.9,3,4],"to":[9.1,5,9.1],"faces":{"north":{"uv":[6.1875,5.4375,6.4375,5.6875],"texture":"#0"},"east":{"uv":[6.125,5.6875,5.5,5.9375],"texture":"#0"},"south":{"uv":[6.4375,5.4375,6.6875,5.6875],"texture":"#0"},"west":{"uv":[5.5,5.6875,6.125,5.9375],"texture":"#0"},"up":{"uv":[4.5,6.1875,4.75,6.8125],"texture":"#0"},"down":{"uv":[4.5,6.1875,4.75,6.8125],"texture":"#0"}}},{"from":[8,0.9,8.6],"to":[8,3.4,10.6],"rotation":{"angle":0,"axis":"y","origin":[8,25,8]},"faces":{"north":{"uv":[1.875,3.875,2.375,4.3125],"texture":"#0"},"east":{"uv":[0.75,4.4375,0.5,4.75],"texture":"#0"},"south":{"uv":[1.875,3.875,2.375,4.3125],"texture":"#0"},"west":{"uv":[0.5,4.4375,0.75,4.75],"texture":"#0"},"up":{"uv":[1.5,4.3125,2,4.8125],"texture":"#0"},"down":{"uv":[1.5,4.3125,2,4.8125],"texture":"#0"}}}],"gui_light":"front","display":{"thirdperson_righthand":{"translation":[0,7.75,1.5],"scale":[0.65,0.65,0.65]},"thirdperson_lefthand":{"translation":[0,7.75,1.5],"scale":[0.65,0.65,0.65]},"firstperson_righthand":{"rotation":[-12,15,3],"translation":[2.75,4.75,-2.25],"scale":[0.51953,0.51953,0.51953]},"firstperson_lefthand":{"rotation":[-12,15,3],"translation":[2.75,4.75,-2.25],"scale":[0.51953,0.51953,0.51953]},"ground":{"rotation":[0,0,90],"translation":[-3.75,0.25,0],"scale":[0.5,0.5,0.5]},"gui":{"rotation":[106,135,-90],"translation":[-1.75,2,-1.25],"scale":[0.4068,0.4068,0.4068]},"head":{"rotation":[90,-168,90],"translation":[-0.5,11.75,0],"scale":[0.56,0.56,0.56]},"fixed":{"rotation":[0,90,0],"translation":[0,3.75,-2.25],"scale":[0.87,0.87,0.87]}}}