{"credit":"Made with Blockbench","texture_size":[128,128],"textures":{"0":"elitecreatures:thanks_giving_2023_v2/thanksgiving_texture_01","particle":"elitecreatures:thanks_giving_2023_v2/thanksgiving_texture_01"},"elements":[{"from":[7,10,3],"to":[9,12,13],"rotation":{"angle":0,"axis":"y","origin":[0,11,0]},"faces":{"north":{"uv":[0.25,1.25,0.5,1.5],"texture":"#0"},"east":{"uv":[0.8125,0,1.0625,1.25],"rotation":270,"texture":"#0"},"south":{"uv":[0.25,1.25,0.5,1.5],"texture":"#0"},"west":{"uv":[0.8125,0,1.0625,1.25],"rotation":270,"texture":"#0"},"up":{"uv":[1.3125,0,1.0625,1.25],"rotation":180,"texture":"#0"},"down":{"uv":[1.3125,0,1.0625,1.25],"rotation":180,"texture":"#0"}}},{"from":[6.75,-14,8.5],"to":[9.25,-11.5,11],"rotation":{"angle":0,"axis":"y","origin":[7,11.5,8]},"faces":{"north":{"uv":[0.8125,0.625,0.5,0.9375],"texture":"#0"},"east":{"uv":[0.5,0.3125,0.8125,0],"texture":"#0"},"south":{"uv":[0.8125,0.625,0.5,0.3125],"texture":"#0"},"west":{"uv":[0.8125,0.3125,0.5,0],"texture":"#0"},"up":{"uv":[0.5,0.625,0.8125,0.9375],"texture":"#0"},"down":{"uv":[0.5,0.9375,0.8125,1.25],"texture":"#0"}}},{"from":[6.75,-14,5],"to":[9.25,-11.5,7.5],"rotation":{"angle":0,"axis":"y","origin":[7,11.5,8]},"faces":{"north":{"uv":[0.5,0.625,0.8125,0.3125],"texture":"#0"},"east":{"uv":[0.8125,0.3125,0.5,0],"texture":"#0"},"south":{"uv":[0.5,0.625,0.8125,0.9375],"texture":"#0"},"west":{"uv":[0.5,0.3125,0.8125,0],"texture":"#0"},"up":{"uv":[0.5,0.9375,0.8125,0.625],"texture":"#0"},"down":{"uv":[0.5,1.25,0.8125,0.9375],"texture":"#0"}}},{"from":[6.75,11.5,11.75],"to":[9.25,13.5,13.75],"rotation":{"angle":0,"axis":"y","origin":[8,12.5,12.75]},"faces":{"north":{"uv":[1.4375,1.5,1.75,1.25],"texture":"#0"},"east":{"uv":[0.5,1.25,0.75,1.5],"rotation":90,"texture":"#0"},"south":{"uv":[0.75,1.5,1.0625,1.25],"texture":"#0"},"west":{"uv":[0.5,1.5,0.75,1.25],"rotation":90,"texture":"#0"},"up":{"uv":[1.0625,1.5,1.375,1.25],"rotation":180,"texture":"#0"},"down":{"uv":[1.0625,1.5,1.375,1.25],"rotation":180,"texture":"#0"}}},{"from":[6.75,8.5,11.75],"to":[9.25,10.5,13.75],"rotation":{"angle":0,"axis":"y","origin":[8,27.5,12.75]},"faces":{"north":{"uv":[1.4375,1.25,1.75,1.5],"texture":"#0"},"east":{"uv":[0.75,1.25,0.5,1.5],"rotation":90,"texture":"#0"},"south":{"uv":[0.75,1.25,1.0625,1.5],"texture":"#0"},"west":{"uv":[0.75,1.5,0.5,1.25],"rotation":90,"texture":"#0"},"up":{"uv":[1.0625,1.25,1.375,1.5],"rotation":180,"texture":"#0"},"down":{"uv":[1.0625,1.25,1.375,1.5],"rotation":180,"texture":"#0"}}},{"from":[6.75,11.5,2.25],"to":[9.25,13.5,4.25],"rotation":{"angle":0,"axis":"y","origin":[8,12.5,3.25]},"faces":{"north":{"uv":[1.0625,1.5,0.75,1.25],"texture":"#0"},"east":{"uv":[0.5,1.5,0.75,1.25],"rotation":90,"texture":"#0"},"south":{"uv":[1.75,1.5,1.4375,1.25],"texture":"#0"},"west":{"uv":[0.5,1.25,0.75,1.5],"rotation":90,"texture":"#0"},"up":{"uv":[1.0625,1.25,1.375,1.5],"rotation":180,"texture":"#0"},"down":{"uv":[1.0625,1.25,1.375,1.5],"rotation":180,"texture":"#0"}}},{"from":[6.75,8.5,2.25],"to":[9.25,10.5,4.25],"rotation":{"angle":0,"axis":"y","origin":[8,27.5,3.25]},"faces":{"north":{"uv":[1.0625,1.25,0.75,1.5],"texture":"#0"},"east":{"uv":[0.75,1.5,0.5,1.25],"rotation":90,"texture":"#0"},"south":{"uv":[1.75,1.25,1.4375,1.5],"texture":"#0"},"west":{"uv":[0.75,1.25,0.5,1.5],"rotation":90,"texture":"#0"},"up":{"uv":[1.0625,1.5,1.375,1.25],"rotation":180,"texture":"#0"},"down":{"uv":[1.0625,1.5,1.375,1.25],"rotation":180,"texture":"#0"}}},{"from":[6.25,8,7.5],"to":[9.75,13.5,9.5],"rotation":{"angle":45,"axis":"x","origin":[9,11,8]},"faces":{"north":{"uv":[1.5625,0,2,0.6875],"texture":"#0"},"east":{"uv":[1.3125,0,1.5625,0.6875],"texture":"#0"},"south":{"uv":[1.5625,0,2,0.6875],"texture":"#0"},"west":{"uv":[1.3125,0,1.5625,0.6875],"texture":"#0"},"up":{"uv":[1.5625,0.6875,2,0.9375],"texture":"#0"},"down":{"uv":[1.5625,0.6875,2,0.9375],"texture":"#0"}}},{"from":[6.75,8,6.5],"to":[9.25,13.5,8.5],"rotation":{"angle":-45,"axis":"x","origin":[9,11,8]},"faces":{"north":{"uv":[1.875,0,1.5625,0.6875],"texture":"#0"},"east":{"uv":[1.5625,0,1.3125,0.6875],"texture":"#0"},"south":{"uv":[1.875,0,1.5625,0.6875],"texture":"#0"},"west":{"uv":[1.5625,0,1.3125,0.6875],"texture":"#0"},"up":{"uv":[1.5625,0.9375,1.875,0.6875],"texture":"#0"},"down":{"uv":[1.5625,0.9375,1.875,0.6875],"texture":"#0"}}},{"from":[7,-13,7],"to":[9,10,9],"rotation":{"angle":0,"axis":"y","origin":[0,-1,0]},"faces":{"north":{"uv":[0.25,3.75,0.5,6.625],"texture":"#0"},"east":{"uv":[0.25,3.75,0,6.625],"texture":"#0"},"south":{"uv":[0.25,3.75,0.5,6.625],"texture":"#0"},"west":{"uv":[0.25,3.75,0,6.625],"texture":"#0"},"up":{"uv":[0,1.25,0.25,1.5],"texture":"#0"},"down":{"uv":[0,1.25,0.25,1.5],"texture":"#0"}}},{"from":[7.25,13.5,4.5],"to":[8.75,20.5,11.5],"rotation":{"angle":0,"axis":"y","origin":[0,0.5,0]},"faces":{"north":{"uv":[0.875,7.1875,1.0625,8.0625],"texture":"#0"},"east":{"uv":[0,8.0625,0.875,8.9375],"texture":"#0"},"south":{"uv":[1.0625,7.1875,0.875,8.0625],"texture":"#0"},"west":{"uv":[0,7.1875,0.875,8.0625],"texture":"#0"},"up":{"uv":[1,6.3125,1.1875,7.1875],"texture":"#0"},"down":{"uv":[1,6.3125,1.1875,7.1875],"texture":"#0"}}},{"from":[7.35,20.5,4.5],"to":[8.65,22.6,6.5],"rotation":{"angle":45,"axis":"x","origin":[8,20.5,4.5]},"faces":{"north":{"uv":[1.8125,5.9375,1.975,6.1875],"texture":"#0"},"east":{"uv":[2,5.9375,2.25,6.1875],"texture":"#0"},"south":{"uv":[1.8125,5.9375,1.975,6.1875],"texture":"#0"},"west":{"uv":[2,5.9375,2.25,6.1875],"texture":"#0"},"up":{"uv":[1,6.3125,1.1625,6.5625],"texture":"#0"},"down":{"uv":[1,6.3125,1.1625,6.5625],"texture":"#0"}}},{"from":[7.35,20.5,9.5],"to":[8.65,22.6,11.5],"rotation":{"angle":-45,"axis":"x","origin":[8,20.5,11.5]},"faces":{"north":{"uv":[1.975,5.9375,1.8125,6.1875],"texture":"#0"},"east":{"uv":[2.25,5.9375,2,6.1875],"texture":"#0"},"south":{"uv":[1.975,5.9375,1.8125,6.1875],"texture":"#0"},"west":{"uv":[2.25,5.9375,2,6.1875],"texture":"#0"},"up":{"uv":[1,6.5625,1.1625,6.3125],"texture":"#0"},"down":{"uv":[1,6.5625,1.1625,6.3125],"texture":"#0"}}},{"from":[7.25,20.5,6],"to":[8.75,22,10],"rotation":{"angle":0,"axis":"y","origin":[0,1.5,0]},"faces":{"north":{"uv":[0.5,6.9375,0.3125,7.125],"texture":"#0"},"east":{"uv":[0.5,6.9375,1,7.125],"texture":"#0"},"south":{"uv":[0.5,6.9375,0.3125,7.125],"texture":"#0"},"west":{"uv":[0.5,6.9375,1,7.125],"texture":"#0"},"up":{"uv":[1.1875,7.0625,1.375,7.5625],"texture":"#0"},"down":{"uv":[1.1875,7.0625,1.375,7.5625],"texture":"#0"}}},{"from":[7.25,11.5,5.5],"to":[8.75,13.5,10.5],"rotation":{"angle":0,"axis":"y","origin":[0,0.5,0]},"faces":{"north":{"uv":[1.5625,5.6875,1.75,5.9375],"texture":"#0"},"east":{"uv":[1.75,5.6875,2.375,5.9375],"texture":"#0"},"south":{"uv":[1.5625,5.6875,1.75,5.9375],"texture":"#0"},"west":{"uv":[1.75,5.6875,2.375,5.9375],"texture":"#0"},"up":{"uv":[1.375,5.6875,1.5625,6.3125],"texture":"#0"},"down":{"uv":[1.375,5.6875,1.5625,6.3125],"texture":"#0"}}},{"from":[8.1,11.99613,8.70871],"to":[8.1,14.99613,16.70871],"rotation":{"angle":-45,"axis":"x","origin":[8,12.84358,10.72731]},"faces":{"north":{"uv":[0,0,0,0.375],"rotation":180,"texture":"#0"},"east":{"uv":[0.875,5.25,0.5,6.25],"rotation":270,"texture":"#0"},"south":{"uv":[0,0,0,0.375],"texture":"#0"},"west":{"uv":[0.5,5.25,0.875,6.25],"rotation":90,"texture":"#0"},"up":{"uv":[0,0,0,1],"rotation":180,"texture":"#0"},"down":{"uv":[0,0,0,1],"texture":"#0"}}},{"from":[7.9,10.61492,8.09139],"to":[7.9,13.61492,16.09139],"rotation":{"angle":-22.5,"axis":"x","origin":[8,12.84358,10.72731]},"faces":{"north":{"uv":[0,0,0,0.375],"rotation":180,"texture":"#0"},"east":{"uv":[1.25,5.25,0.875,6.25],"rotation":270,"texture":"#0"},"south":{"uv":[0,0,0,0.375],"texture":"#0"},"west":{"uv":[0.875,5.25,1.25,6.25],"rotation":90,"texture":"#0"},"up":{"uv":[0,0,0,1],"rotation":180,"texture":"#0"},"down":{"uv":[0,0,0,1],"texture":"#0"}}},{"from":[8.1,8.49896,7.95984],"to":[8.1,11.49896,15.95984],"rotation":{"angle":0,"axis":"y","origin":[8,12.84358,10.72731]},"faces":{"north":{"uv":[0,0,0,0.375],"rotation":180,"texture":"#0"},"east":{"uv":[0.875,5.25,0.5,6.25],"rotation":270,"texture":"#0"},"south":{"uv":[0,0,0,0.375],"texture":"#0"},"west":{"uv":[0.5,5.25,0.875,6.25],"rotation":90,"texture":"#0"},"up":{"uv":[0,0,0,1],"rotation":180,"texture":"#0"},"down":{"uv":[0,0,0,1],"texture":"#0"}}},{"from":[8.1,11.99613,-0.70871],"to":[8.1,14.99613,7.29129],"rotation":{"angle":45,"axis":"x","origin":[8,12.84358,5.27269]},"faces":{"north":{"uv":[0,0,0,0.375],"texture":"#0"},"east":{"uv":[0.875,6.25,0.5,5.25],"rotation":270,"texture":"#0"},"south":{"uv":[0,0,0,0.375],"rotation":180,"texture":"#0"},"west":{"uv":[0.5,6.25,0.875,5.25],"rotation":90,"texture":"#0"},"up":{"uv":[0,1,0,0],"rotation":180,"texture":"#0"},"down":{"uv":[0,1,0,0],"texture":"#0"}}},{"from":[7.9,10.61492,-0.09139],"to":[7.9,13.61492,7.90861],"rotation":{"angle":22.5,"axis":"x","origin":[8,12.84358,5.27269]},"faces":{"north":{"uv":[0,0,0,0.375],"texture":"#0"},"east":{"uv":[1.25,6.25,0.875,5.25],"rotation":270,"texture":"#0"},"south":{"uv":[0,0,0,0.375],"rotation":180,"texture":"#0"},"west":{"uv":[0.875,6.25,1.25,5.25],"rotation":90,"texture":"#0"},"up":{"uv":[0,1,0,0],"rotation":180,"texture":"#0"},"down":{"uv":[0,1,0,0],"texture":"#0"}}},{"from":[8.1,8.49896,0.04016],"to":[8.1,11.49896,8.04016],"rotation":{"angle":0,"axis":"y","origin":[8,12.84358,5.27269]},"faces":{"north":{"uv":[0,0,0,0.375],"texture":"#0"},"east":{"uv":[0.875,6.25,0.5,5.25],"rotation":270,"texture":"#0"},"south":{"uv":[0,0,0,0.375],"rotation":180,"texture":"#0"},"west":{"uv":[0.5,6.25,0.875,5.25],"rotation":90,"texture":"#0"},"up":{"uv":[0,1,0,0],"rotation":180,"texture":"#0"},"down":{"uv":[0,1,0,0],"texture":"#0"}}}],"gui_light":"front","display":{"thirdperson_righthand":{"translation":[0,6,1.5],"scale":[0.65,0.65,0.65]},"thirdperson_lefthand":{"translation":[0,6,1.5],"scale":[0.65,0.65,0.65]},"firstperson_righthand":{"rotation":[-12,15,3],"translation":[2.75,4.25,-2.25],"scale":[0.51953,0.51953,0.51953]},"firstperson_lefthand":{"rotation":[-12,15,3],"translation":[2.75,4.25,-2.25],"scale":[0.51953,0.51953,0.51953]},"ground":{"rotation":[0,0,90],"translation":[-3,0.25,0],"scale":[0.5,0.5,0.5]},"gui":{"rotation":[106,135,-90],"translation":[-1,0.75,-1.25],"scale":[0.4068,0.4068,0.4068]},"head":{"rotation":[90,-168,90],"translation":[-0.5,11.75,0],"scale":[0.56,0.56,0.56]},"fixed":{"rotation":[0,90,0],"translation":[0,3.25,-0.75],"scale":[0.9325,0.9325,0.9325]}}}