{"credit":"Made with Blockbench","texture_size":[128,128],"textures":{"0":"elitecreatures:thanks_giving_2023_v2/thanksgiving_texture_01","particle":"elitecreatures:thanks_giving_2023_v2/thanksgiving_texture_01"},"elements":[{"from":[7,-13,7],"to":[9,10,9],"rotation":{"angle":0,"axis":"y","origin":[0,-1,0]},"faces":{"north":{"uv":[0.25,3.75,0.5,6.625],"texture":"#0"},"east":{"uv":[0.25,3.75,0,6.625],"texture":"#0"},"south":{"uv":[0.25,3.75,0.5,6.625],"texture":"#0"},"west":{"uv":[0.25,3.75,0,6.625],"texture":"#0"},"up":{"uv":[0,1.25,0.25,1.5],"texture":"#0"},"down":{"uv":[0,1.25,0.25,1.5],"texture":"#0"}}},{"from":[7.5,19,7.5],"to":[8.5,22,8.5],"rotation":{"angle":0,"axis":"y","origin":[0,-1,0]},"faces":{"north":{"uv":[0.125,4.5,0,4.875],"texture":"#0"},"east":{"uv":[0.125,4.5,0,4.875],"texture":"#0"},"south":{"uv":[0,4.5,0.125,4.875],"texture":"#0"},"west":{"uv":[0,4.5,0.125,4.875],"texture":"#0"},"up":{"uv":[0,1.25,0.125,1.375],"texture":"#0"},"down":{"uv":[0,1.25,0.125,1.375],"texture":"#0"}}},{"from":[7.5,18,7],"to":[8.5,19,9],"rotation":{"angle":0,"axis":"y","origin":[0,-1,0]},"faces":{"north":{"uv":[0.375,6.625,0.25,6.75],"texture":"#0"},"east":{"uv":[0.25,6.625,0,6.75],"texture":"#0"},"south":{"uv":[0.25,6.625,0.375,6.75],"texture":"#0"},"west":{"uv":[0,6.625,0.25,6.75],"texture":"#0"},"up":{"uv":[0.375,6.625,0.5,6.875],"texture":"#0"},"down":{"uv":[0.375,6.625,0.5,6.875],"texture":"#0"}}},{"from":[6.5,21,6.5],"to":[9.5,25,9.5],"rotation":{"angle":0,"axis":"y","origin":[8,5.53035,8.82503]},"faces":{"north":{"uv":[7.4375,3.625,7.8125,4.125],"rotation":180,"texture":"#0"},"east":{"uv":[7.4375,3.625,7.8125,4.125],"rotation":180,"texture":"#0"},"south":{"uv":[7.4375,3.625,7.8125,4.125],"rotation":180,"texture":"#0"},"west":{"uv":[7.4375,3.625,7.8125,4.125],"rotation":180,"texture":"#0"},"up":{"uv":[7.4375,4.125,7.8125,4.5],"rotation":180,"texture":"#0"},"down":{"uv":[7.4375,4.125,7.8125,4.5],"rotation":180,"texture":"#0"}}},{"from":[7.4,16,6],"to":[7.4,19.5,9],"rotation":{"angle":-22.5,"axis":"x","origin":[8,17.75,8]},"faces":{"north":{"uv":[0,0,0,0.4375],"texture":"#missing"},"east":{"uv":[1.875,3.875,1.5,4.3125],"texture":"#0"},"south":{"uv":[0,0,0,0.4375],"texture":"#missing"},"west":{"uv":[1.5,3.875,1.875,4.3125],"texture":"#0"},"up":{"uv":[0,0,0,0.5],"texture":"#missing"},"down":{"uv":[0,0,0,0.5],"texture":"#missing"}}},{"from":[8.6,16,6],"to":[8.6,19.5,9],"rotation":{"angle":-22.5,"axis":"x","origin":[8,17.75,8]},"faces":{"north":{"uv":[0,0,0,0.4375],"texture":"#missing"},"east":{"uv":[1.875,3.875,1.5,4.3125],"texture":"#0"},"south":{"uv":[0,0,0,0.4375],"texture":"#missing"},"west":{"uv":[1.5,3.875,1.875,4.3125],"texture":"#0"},"up":{"uv":[0,0,0,0.5],"texture":"#missing"},"down":{"uv":[0,0,0,0.5],"texture":"#missing"}}},{"from":[6.75,-14,8.5],"to":[9.25,-11.5,11],"rotation":{"angle":0,"axis":"y","origin":[7,11.5,8]},"faces":{"north":{"uv":[0.8125,0.625,0.5,0.9375],"texture":"#0"},"east":{"uv":[0.5,0.3125,0.8125,0],"texture":"#0"},"south":{"uv":[0.8125,0.625,0.5,0.3125],"texture":"#0"},"west":{"uv":[0.8125,0.3125,0.5,0],"texture":"#0"},"up":{"uv":[0.5,0.625,0.8125,0.9375],"texture":"#0"},"down":{"uv":[0.5,0.9375,0.8125,1.25],"texture":"#0"}}},{"from":[6.75,-14,5],"to":[9.25,-11.5,7.5],"rotation":{"angle":0,"axis":"y","origin":[7,11.5,8]},"faces":{"north":{"uv":[0.5,0.625,0.8125,0.3125],"texture":"#0"},"east":{"uv":[0.8125,0.3125,0.5,0],"texture":"#0"},"south":{"uv":[0.5,0.625,0.8125,0.9375],"texture":"#0"},"west":{"uv":[0.5,0.3125,0.8125,0],"texture":"#0"},"up":{"uv":[0.5,0.9375,0.8125,0.625],"texture":"#0"},"down":{"uv":[0.5,1.25,0.8125,0.9375],"texture":"#0"}}},{"from":[7.1,7,3],"to":[8.9,9,13],"rotation":{"angle":0,"axis":"y","origin":[0,8,0]},"faces":{"north":{"uv":[0.25,1.25,0.5,1.5],"texture":"#0"},"east":{"uv":[0.8125,0,1.0625,1.25],"rotation":270,"texture":"#0"},"south":{"uv":[0.25,1.25,0.5,1.5],"texture":"#0"},"west":{"uv":[0.8125,0,1.0625,1.25],"rotation":270,"texture":"#0"},"up":{"uv":[1.3125,0,1.0625,1.25],"rotation":180,"texture":"#0"},"down":{"uv":[1.3125,0,1.0625,1.25],"rotation":180,"texture":"#0"}}},{"from":[6.75,8.5,11.75],"to":[9.25,10.5,13.75],"rotation":{"angle":0,"axis":"y","origin":[8,9.5,12.75]},"faces":{"north":{"uv":[1.375,1.5,1.6875,1.25],"texture":"#0"},"east":{"uv":[0.5,1.25,0.75,1.5],"rotation":90,"texture":"#0"},"south":{"uv":[0.75,1.5,1.0625,1.25],"texture":"#0"},"west":{"uv":[0.5,1.5,0.75,1.25],"rotation":90,"texture":"#0"},"up":{"uv":[1.0625,1.5,1.375,1.25],"rotation":180,"texture":"#0"},"down":{"uv":[1.0625,1.5,1.375,1.25],"rotation":180,"texture":"#0"}}},{"from":[6.75,5.5,11.75],"to":[9.25,7.5,13.75],"rotation":{"angle":0,"axis":"y","origin":[8,24.5,12.75]},"faces":{"north":{"uv":[1.375,1.25,1.6875,1.5],"texture":"#0"},"east":{"uv":[0.75,1.25,0.5,1.5],"rotation":90,"texture":"#0"},"south":{"uv":[0.75,1.25,1.0625,1.5],"texture":"#0"},"west":{"uv":[0.75,1.5,0.5,1.25],"rotation":90,"texture":"#0"},"up":{"uv":[1.0625,1.25,1.375,1.5],"rotation":180,"texture":"#0"},"down":{"uv":[1.0625,1.25,1.375,1.5],"rotation":180,"texture":"#0"}}},{"from":[6.75,8.5,2.25],"to":[9.25,10.5,4.25],"rotation":{"angle":0,"axis":"y","origin":[8,9.5,3.25]},"faces":{"north":{"uv":[1.0625,1.5,0.75,1.25],"texture":"#0"},"east":{"uv":[0.5,1.5,0.75,1.25],"rotation":90,"texture":"#0"},"south":{"uv":[1.6875,1.5,1.375,1.25],"texture":"#0"},"west":{"uv":[0.5,1.25,0.75,1.5],"rotation":90,"texture":"#0"},"up":{"uv":[1.0625,1.25,1.375,1.5],"rotation":180,"texture":"#0"},"down":{"uv":[1.0625,1.25,1.375,1.5],"rotation":180,"texture":"#0"}}},{"from":[6.75,5.5,2.25],"to":[9.25,7.5,4.25],"rotation":{"angle":0,"axis":"y","origin":[8,24.5,3.25]},"faces":{"north":{"uv":[1.0625,1.25,0.75,1.5],"texture":"#0"},"east":{"uv":[0.75,1.5,0.5,1.25],"rotation":90,"texture":"#0"},"south":{"uv":[1.6875,1.25,1.375,1.5],"texture":"#0"},"west":{"uv":[0.75,1.25,0.5,1.5],"rotation":90,"texture":"#0"},"up":{"uv":[1.0625,1.5,1.375,1.25],"rotation":180,"texture":"#0"},"down":{"uv":[1.0625,1.5,1.375,1.25],"rotation":180,"texture":"#0"}}},{"from":[6.25,5,7.5],"to":[9.75,10.5,9.5],"rotation":{"angle":45,"axis":"x","origin":[9,8,8]},"faces":{"north":{"uv":[1.5625,0,2,0.6875],"texture":"#0"},"east":{"uv":[1.5625,0,1.3125,0.6875],"texture":"#0"},"south":{"uv":[1.5625,0,2,0.6875],"texture":"#0"},"west":{"uv":[1.3125,0,1.5625,0.6875],"texture":"#0"},"up":{"uv":[1.5625,0.6875,2,0.9375],"texture":"#0"},"down":{"uv":[1.5625,0.6875,2,0.9375],"texture":"#0"}}},{"from":[6.75,5,6.5],"to":[9.25,10.5,8.5],"rotation":{"angle":-45,"axis":"x","origin":[9,8,8]},"faces":{"north":{"uv":[1.875,0,1.5625,0.6875],"texture":"#0"},"east":{"uv":[0.5,3.75,0.75,4.4375],"texture":"#0"},"south":{"uv":[1.875,0,1.5625,0.6875],"texture":"#0"},"west":{"uv":[0.75,3.75,0.5,4.4375],"texture":"#0"},"up":{"uv":[1.5625,0.9375,1.875,0.6875],"texture":"#0"},"down":{"uv":[1.5625,0.9375,1.875,0.6875],"texture":"#0"}}},{"from":[5,10,5],"to":[11,16,11],"rotation":{"angle":-45,"axis":"y","origin":[8,13,8]},"faces":{"north":{"uv":[0.75,3.75,1.5,4.5],"texture":"#0"},"east":{"uv":[0.75,3.75,1.5,4.5],"texture":"#0"},"south":{"uv":[0.75,3.75,1.5,4.5],"texture":"#0"},"west":{"uv":[0.75,3.75,1.5,4.5],"texture":"#0"},"up":{"uv":[0.75,4.5,1.5,5.25],"texture":"#0"},"down":{"uv":[0.75,4.5,1.5,5.25],"texture":"#0"}}},{"from":[5,9.9,5],"to":[11,16.1,11],"rotation":{"angle":0,"axis":"y","origin":[8,13,8]},"faces":{"north":{"uv":[0.75,3.75,1.5,4.5],"texture":"#0"},"east":{"uv":[0.75,3.75,1.5,4.5],"texture":"#0"},"south":{"uv":[0.75,3.75,1.5,4.5],"texture":"#0"},"west":{"uv":[0.75,3.75,1.5,4.5],"texture":"#0"},"up":{"uv":[0.75,4.5,1.5,5.25],"rotation":90,"texture":"#0"},"down":{"uv":[0.75,4.5,1.5,5.25],"rotation":270,"texture":"#0"}}},{"from":[8.1,13.5,8.5],"to":[8.1,21.5,11.5],"rotation":{"angle":22.5,"axis":"x","origin":[8,15.34358,12.22731]},"faces":{"north":{"uv":[0,0,0,1],"texture":"#0"},"east":{"uv":[1.25,5.25,0.875,6.25],"texture":"#0"},"south":{"uv":[0,0,0,1],"texture":"#0"},"west":{"uv":[0.875,5.25,1.25,6.25],"texture":"#0"},"up":{"uv":[0,0,0,0.375],"texture":"#0"},"down":{"uv":[0,0,0,0.375],"texture":"#0"}}},{"from":[7.9,14.49613,10.20871],"to":[7.9,17.49613,18.20871],"rotation":{"angle":-45,"axis":"x","origin":[8,15.34358,12.22731]},"faces":{"north":{"uv":[0,0,0,0.375],"rotation":180,"texture":"#0"},"east":{"uv":[0.5,6.25,0.875,5.25],"rotation":90,"texture":"#0"},"south":{"uv":[0,0,0,0.375],"texture":"#0"},"west":{"uv":[0.875,6.25,0.5,5.25],"rotation":270,"texture":"#0"},"up":{"uv":[0,0,0,1],"rotation":180,"texture":"#0"},"down":{"uv":[0,0,0,1],"texture":"#0"}}},{"from":[8.1,13.11492,9.59139],"to":[8.1,16.11492,17.59139],"rotation":{"angle":-22.5,"axis":"x","origin":[8,15.34358,12.22731]},"faces":{"north":{"uv":[0,0,0,0.375],"rotation":180,"texture":"#0"},"east":{"uv":[0.875,6.25,1.25,5.25],"rotation":90,"texture":"#0"},"south":{"uv":[0,0,0,0.375],"texture":"#0"},"west":{"uv":[1.25,6.25,0.875,5.25],"rotation":270,"texture":"#0"},"up":{"uv":[0,0,0,1],"rotation":180,"texture":"#0"},"down":{"uv":[0,0,0,1],"texture":"#0"}}},{"from":[7.9,11.49896,10],"to":[7.9,14.49896,18],"rotation":{"angle":0,"axis":"y","origin":[8,15.84358,12.22731]},"faces":{"north":{"uv":[0,0,0,0.375],"rotation":180,"texture":"#0"},"east":{"uv":[0.5,6.25,0.875,5.25],"rotation":90,"texture":"#0"},"south":{"uv":[0,0,0,0.375],"texture":"#0"},"west":{"uv":[0.875,6.25,0.5,5.25],"rotation":270,"texture":"#0"},"up":{"uv":[0,0,0,1],"rotation":180,"texture":"#0"},"down":{"uv":[0,0,0,1],"texture":"#0"}}},{"from":[8.1,13.5,4.5],"to":[8.1,21.5,7.5],"rotation":{"angle":-22.5,"axis":"x","origin":[8,15.34358,3.77269]},"faces":{"north":{"uv":[0,0,0,1],"texture":"#0"},"east":{"uv":[0.875,5.25,1.25,6.25],"texture":"#0"},"south":{"uv":[0,0,0,1],"texture":"#0"},"west":{"uv":[1.25,5.25,0.875,6.25],"texture":"#0"},"up":{"uv":[0,0.375,0,0],"texture":"#0"},"down":{"uv":[0,0.375,0,0],"texture":"#0"}}},{"from":[7.9,14.49613,-2.20871],"to":[7.9,17.49613,5.79129],"rotation":{"angle":45,"axis":"x","origin":[8,15.34358,3.77269]},"faces":{"north":{"uv":[0,0,0,0.375],"texture":"#0"},"east":{"uv":[0.5,5.25,0.875,6.25],"rotation":90,"texture":"#0"},"south":{"uv":[0,0,0,0.375],"rotation":180,"texture":"#0"},"west":{"uv":[0.875,5.25,0.5,6.25],"rotation":270,"texture":"#0"},"up":{"uv":[0,1,0,0],"rotation":180,"texture":"#0"},"down":{"uv":[0,1,0,0],"texture":"#0"}}},{"from":[8.1,13.11492,-1.59139],"to":[8.1,16.11492,6.40861],"rotation":{"angle":22.5,"axis":"x","origin":[8,15.34358,3.77269]},"faces":{"north":{"uv":[0,0,0,0.375],"texture":"#0"},"east":{"uv":[0.875,5.25,1.25,6.25],"rotation":90,"texture":"#0"},"south":{"uv":[0,0,0,0.375],"rotation":180,"texture":"#0"},"west":{"uv":[1.25,5.25,0.875,6.25],"rotation":270,"texture":"#0"},"up":{"uv":[0,1,0,0],"rotation":180,"texture":"#0"},"down":{"uv":[0,1,0,0],"texture":"#0"}}},{"from":[7.9,11.49896,-2],"to":[7.9,14.49896,6],"rotation":{"angle":0,"axis":"y","origin":[8,15.84358,3.77269]},"faces":{"north":{"uv":[0,0,0,0.375],"texture":"#0"},"east":{"uv":[0.5,5.25,0.875,6.25],"rotation":90,"texture":"#0"},"south":{"uv":[0,0,0,0.375],"rotation":180,"texture":"#0"},"west":{"uv":[0.875,5.25,0.5,6.25],"rotation":270,"texture":"#0"},"up":{"uv":[0,1,0,0],"rotation":180,"texture":"#0"},"down":{"uv":[0,1,0,0],"texture":"#0"}}},{"from":[7.5,3,12],"to":[7.5,12,18],"rotation":{"angle":45,"axis":"x","origin":[8,7,18]},"faces":{"north":{"uv":[0,0,0,0.875],"texture":"#missing"},"east":{"uv":[3.5,7.5625,2.75,8.6875],"texture":"#0"},"south":{"uv":[0,0,0,0.875],"texture":"#missing"},"west":{"uv":[2.75,7.5625,3.5,8.6875],"texture":"#0"},"up":{"uv":[0,0,0,0.625],"texture":"#missing"},"down":{"uv":[0,0,0,0.625],"texture":"#missing"}}},{"from":[7.5,3,-2],"to":[7.5,12,4],"rotation":{"angle":-45,"axis":"x","origin":[8,7,-2]},"faces":{"north":{"uv":[0,0,0,0.875],"texture":"#missing"},"east":{"uv":[2.75,7.5625,3.5,8.6875],"texture":"#0"},"south":{"uv":[0,0,0,0.875],"texture":"#missing"},"west":{"uv":[3.5,7.5625,2.75,8.6875],"texture":"#0"},"up":{"uv":[0,0.625,0,0],"texture":"#missing"},"down":{"uv":[0,0.625,0,0],"texture":"#missing"}}},{"from":[8.5,3,12],"to":[8.5,12,18],"rotation":{"angle":45,"axis":"x","origin":[8,7,18]},"faces":{"north":{"uv":[0,0,0,0.875],"texture":"#missing"},"east":{"uv":[3.5,7.5625,2.75,8.6875],"texture":"#0"},"south":{"uv":[0,0,0,0.875],"texture":"#missing"},"west":{"uv":[2.75,7.5625,3.5,8.6875],"texture":"#0"},"up":{"uv":[0,0,0,0.625],"texture":"#missing"},"down":{"uv":[0,0,0,0.625],"texture":"#missing"}}},{"from":[8.5,3,-2],"to":[8.5,12,4],"rotation":{"angle":-45,"axis":"x","origin":[8,7,-2]},"faces":{"north":{"uv":[0,0,0,0.875],"texture":"#missing"},"east":{"uv":[2.75,7.5625,3.5,8.6875],"texture":"#0"},"south":{"uv":[0,0,0,0.875],"texture":"#missing"},"west":{"uv":[3.5,7.5625,2.75,8.6875],"texture":"#0"},"up":{"uv":[0,0.625,0,0],"texture":"#missing"},"down":{"uv":[0,0.625,0,0],"texture":"#missing"}}}],"gui_light":"front","display":{"thirdperson_righthand":{"rotation":[31,20,8],"translation":[-0.5,4,4.75],"scale":[0.65,0.65,0.65]},"thirdperson_lefthand":{"rotation":[31,20,8],"translation":[-0.5,4,4.75],"scale":[0.65,0.65,0.65]},"firstperson_righthand":{"rotation":[-12,15,3],"translation":[2.75,4.25,-2.25],"scale":[0.51953,0.51953,0.51953]},"firstperson_lefthand":{"rotation":[-12,15,3],"translation":[2.75,4.25,-2.25],"scale":[0.51953,0.51953,0.51953]},"ground":{"rotation":[0,0,90],"translation":[1.25,0.25,0],"scale":[0.5,0.5,0.5]},"gui":{"rotation":[106,135,-90],"translation":[-0.75,0.5,-1.25],"scale":[0.4068,0.4068,0.4068]},"head":{"rotation":[90,-168,90],"translation":[-0.5,11.75,0],"scale":[0.56,0.56,0.56]},"fixed":{"rotation":[0,90,0],"translation":[0,-2.25,-2.25],"scale":[0.87,0.87,0.87]}}}