{"textures​":{"layer0":"minecraft:item/spruce_planks"},"credit":"Made by Nog's Menagerie","\u0074\u0065\u0078\u0074\u0075\u0072\u0065\u0073":{"1":"\u006e\u006f\u0067\u0073_\u006d\u0065\u006e\u0061\u0067\u0065\u0072\u0069\u0065:\u0069\u0063\u006f\u006e\u0073/\u006e\u006d_\u0069\u0063\u006f\u006e_\u0074\u0072\u0061\u0064\u0069\u006e\u0067_\u0063\u0061\u0072\u0064_\u006c\u006f\u0063\u006b\u0065\u0064","\u0070\u0061\u0072\u0074\u0069\u0063\u006c\u0065":"#1"},"elements":[{"from":[-8,-15,8],"to":[24,17,8],"rotation":{"angle":0,"axis":"y","origin":[7,0,-1]},"faces":{"north":{"uv":[0,0,16,16],"texture":"#1"},"east":{"uv":[0,0,0,16],"texture":"#missing"},"south":{"uv":[0,0,16,16],"texture":"#1"},"west":{"uv":[0,0,0,16],"texture":"#missing"},"up":{"uv":[0,0,16,0],"texture":"#missing"},"down":{"uv":[0,0,16,0],"texture":"#missing"}}}],"gui_light":"front","display":{"thirdperson_righthand":{"rotation":[10,180,0],"translation":[0,4.25,0.75],"scale":[0.22,0.22,0.22]},"thirdperson_lefthand":{"rotation":[10,180,0],"translation":[0,4.25,0.75],"scale":[0.22,0.22,0.22]},"firstperson_righthand":{"rotation":[-22,147,16],"translation":[1,6.75,0],"scale":[0.28,0.28,0.28]},"firstperson_lefthand":{"rotation":[-22,147,16],"translation":[1,6.75,0],"scale":[0.28,0.28,0.28]},"ground":{"rotation":[90,0,0],"translation":[0,1.75,1.75],"scale":[0.3,0.3,0.3]},"gui":{"rotation":[-14,165,16],"translation":[1,2.75,0],"scale":[0.43,0.43,0.43]},"fixed":{"translation":[0,7,-0.25]}},"mcmodels":"488c25fefc773b784994f8fb5f37de03"}