{"parent":"minecraft:item/handheld","textures":{"layer0":"minecraft:item/iron_sword"},"overrides":[{"predicate":{"custom_model_data":1499001},"model":"summerwatergunspack:watergun_1"},{"predicate":{"custom_model_data":1499002},"model":"summerwatergunspack:watergun_2"},{"predicate":{"custom_model_data":1499003},"model":"summerwatergunspack:watergun_3"},{"predicate":{"custom_model_data":1499004},"model":"summerwatergunspack:watergun_4"},{"predicate":{"custom_model_data":1499005},"model":"summerwatergunspack:watergun_5"},{"predicate":{"custom_model_data":1499006},"model":"summerwatergunspack:watergun_6"},{"predicate":{"custom_model_data":1499007},"model":"item/iron_sword"}]}