{"parent":"minecraft:item/handheld","textures":{"layer0":"minecraft:item/netherite_sword"},"overrides":[{"predicate":{"custom_model_data":10141},"model":"enderdragonset:sword"},{"predicate":{"custom_model_data":10155},"model":"saturnstudio:lightsaber_1"},{"predicate":{"custom_model_data":10156},"model":"saturnstudio:lightsaber_2"},{"predicate":{"custom_model_data":10157},"model":"saturnstudio:lightsaber_3"},{"predicate":{"custom_model_data":10158},"model":"saturnstudio:lightsaber_4"},{"predicate":{"custom_model_data":10159},"model":"saturnstudio:lightsaber_5"},{"predicate":{"custom_model_data":10160},"model":"saturnstudio:lightsaber_6"},{"predicate":{"custom_model_data":10176},"model":"plny_spectral_corsair:hammer"},{"predicate":{"custom_model_data":10177},"model":"plny_spectral_corsair:mace"},{"predicate":{"custom_model_data":10178},"model":"plny_spectral_corsair:scythe"},{"predicate":{"custom_model_data":10179},"model":"plny_spectral_corsair:spear"},{"predicate":{"custom_model_data":10180},"model":"plny_spectral_corsair:staff"},{"predicate":{"custom_model_data":10181},"model":"plny_spectral_corsair:sword"},{"predicate":{"custom_model_data":10182},"model":"plny_spectral_corsair:trident"},{"predicate":{"custom_model_data":10183},"model":"item/netherite_sword"}]}