{"textures​":{"layer0":"minecraft:item/candle_cake"},"credit":"Made with Blockbench","texture_size":[64,64],"\u0074\u0065\u0078\u0074\u0075\u0072\u0065\u0073":{"2":"\u0068\u0061\u0074\u0073_\u0065\u0078\u0070\u0061\u006e\u0073\u0069\u006f\u006e:\u0074\u0076_\u0068\u0065\u0061\u0064","\u0070\u0061\u0072\u0074\u0069\u0063\u006c\u0065":"\u0068\u0061\u0074\u0073_\u0065\u0078\u0070\u0061\u006e\u0073\u0069\u006f\u006e:\u0074\u0076_\u0068\u0065\u0061\u0064"},"elements":[{"from":[1,0,2],"to":[15,11,11],"rotation":{"angle":0,"axis":"y","origin":[0,0,2]},"faces":{"north":{"uv":[3.5,0,7,2.75],"texture":"#2"},"east":{"uv":[0,7.75,2.25,10.5],"texture":"#2"},"south":{"uv":[3.5,2.75,7,5.5],"texture":"#2"},"west":{"uv":[2.25,7.75,4.5,10.5],"texture":"#2"},"up":{"uv":[10.5,2.25,7,0],"texture":"#2"},"down":{"uv":[10.5,2.25,7,4.5],"texture":"#2"}}},{"from":[6.5,11,4],"to":[9.5,12,6],"rotation":{"angle":0,"axis":"y","origin":[0,0,2]},"faces":{"north":{"uv":[5,10,5.75,10.25],"texture":"#2"},"east":{"uv":[6.5,9.5,7,9.75],"texture":"#2"},"south":{"uv":[5.75,10,6.5,10.25],"texture":"#2"},"west":{"uv":[6.5,9.75,7,10],"texture":"#2"},"up":{"uv":[5.75,10,5,9.5],"texture":"#2"},"down":{"uv":[6.5,9.5,5.75,10],"texture":"#2"}}},{"from":[5.25,12,5],"to":[6.25,19,5],"rotation":{"angle":22.5,"axis":"z","origin":[7,15.5,4]},"faces":{"north":{"uv":[4.5,9.5,4.75,11.25],"texture":"#2"},"east":{"uv":[0,0,0,1.75],"texture":"#2"},"south":{"uv":[4.75,9.5,5,11.25],"texture":"#2"},"west":{"uv":[0,0,0,1.75],"texture":"#2"},"up":{"uv":[0.25,0,0,0],"texture":"#2"},"down":{"uv":[0.25,0,0,0],"texture":"#2"}}},{"from":[3.25,14,5],"to":[4.25,21,5],"rotation":{"angle":-22.5,"axis":"z","origin":[0,0,2]},"faces":{"north":{"uv":[6.5,7.75,6.75,9.5],"texture":"#2"},"east":{"uv":[0,0,0,1.75],"texture":"#2"},"south":{"uv":[6.75,7.75,7,9.5],"texture":"#2"},"west":{"uv":[0,0,0,1.75],"texture":"#2"},"up":{"uv":[0.25,0,0,0],"texture":"#2"},"down":{"uv":[0.25,0,0,0],"texture":"#2"}}},{"from":[2,1,11],"to":[14,8,15],"rotation":{"angle":0,"axis":"y","origin":[0,0,2]},"faces":{"north":{"uv":[9.25,4.5,12.25,6.25],"texture":"#2","tintindex":0},"east":{"uv":[4.5,7.75,5.5,9.5],"texture":"#2","tintindex":0},"south":{"uv":[9.25,6.25,12.25,8],"texture":"#2","tintindex":0},"west":{"uv":[5.5,7.75,6.5,9.5],"texture":"#2","tintindex":0},"up":{"uv":[12.25,9,9.25,8],"texture":"#2","tintindex":0},"down":{"uv":[12.25,9,9.25,10],"texture":"#2","tintindex":0}}},{"from":[1,0,2],"to":[15,11,11],"rotation":{"angle":0,"axis":"y","origin":[0,0,2]},"faces":{"north":{"uv":[0,0,3.5,2.75],"texture":"#2","tintindex":0},"east":{"uv":[7,4.5,9.25,7.25],"texture":"#2","tintindex":0},"south":{"uv":[0,2.75,3.5,5.5],"texture":"#2","tintindex":0},"west":{"uv":[7,7.25,9.25,10],"texture":"#2","tintindex":0},"up":{"uv":[3.5,7.75,0,5.5],"texture":"#2","tintindex":0},"down":{"uv":[7,5.5,3.5,7.75],"texture":"#2","tintindex":0}}}],"display":{"thirdperson_righthand":{"rotation":[40,40,0],"scale":[0.5,0.5,0.5]},"thirdperson_lefthand":{"rotation":[40,40,0],"scale":[0.5,0.5,0.5]},"firstperson_righthand":{"rotation":[0,135,0],"translation":[6.5,0,-5],"scale":[0.5,0.5,0.5]},"firstperson_lefthand":{"rotation":[0,135,0],"translation":[6.5,0,-5],"scale":[0.5,0.5,0.5]},"ground":{"scale":[0.5,0.5,0.5]},"gui":{"rotation":[28,-154,0],"translation":[0,1.25,0],"scale":[0.75,0.75,0.75]},"head":{"translation":[0,5.75,2.5],"scale":[1.65,1.65,1.65]}},"gui_light":"front"}