{"model":{"entries":[{"model":{"model":"modelengine:voidstormdragon/body","tints":[{"default":-1,"type":"minecraft:dye"}],"type":"minecraft:model"},"threshold":1},{"model":{"model":"modelengine:voidstormdragon/arm_right3","tints":[{"default":-1,"type":"minecraft:dye"}],"type":"minecraft:model"},"threshold":2},{"model":{"model":"modelengine:voidstormdragon/wing_left","tints":[{"default":-1,"type":"minecraft:dye"}],"type":"minecraft:model"},"threshold":3},{"model":{"model":"modelengine:voidstormdragon/wing_right","tints":[{"default":-1,"type":"minecraft:dye"}],"type":"minecraft:model"},"threshold":4},{"model":{"model":"modelengine:voidstormdragon/leg_right2","tints":[{"default":-1,"type":"minecraft:dye"}],"type":"minecraft:model"},"threshold":5},{"model":{"model":"modelengine:voidstormdragon/leg_left","tints":[{"default":-1,"type":"minecraft:dye"}],"type":"minecraft:model"},"threshold":6},{"model":{"model":"modelengine:voidstormdragon/neck","tints":[{"default":-1,"type":"minecraft:dye"}],"type":"minecraft:model"},"threshold":7},{"model":{"model":"modelengine:voidstormdragon/arm_left2","tints":[{"default":-1,"type":"minecraft:dye"}],"type":"minecraft:model"},"threshold":8},{"model":{"model":"modelengine:voidstormdragon/tail","tints":[{"default":-1,"type":"minecraft:dye"}],"type":"minecraft:model"},"threshold":9},{"model":{"model":"modelengine:voidstormdragon/armrightbottom","tints":[{"default":-1,"type":"minecraft:dye"}],"type":"minecraft:model"},"threshold":10},{"model":{"model":"modelengine:voidstormdragon/wing_lefttop","tints":[{"default":-1,"type":"minecraft:dye"}],"type":"minecraft:model"},"threshold":11},{"model":{"model":"modelengine:voidstormdragon/wing_righttop","tints":[{"default":-1,"type":"minecraft:dye"}],"type":"minecraft:model"},"threshold":12},{"model":{"model":"modelengine:voidstormdragon/legrightbottom","tints":[{"default":-1,"type":"minecraft:dye"}],"type":"minecraft:model"},"threshold":13},{"model":{"model":"modelengine:voidstormdragon/legleftbottom","tints":[{"default":-1,"type":"minecraft:dye"}],"type":"minecraft:model"},"threshold":14},{"model":{"model":"modelengine:voidstormdragon/neck2","tints":[{"default":-1,"type":"minecraft:dye"}],"type":"minecraft:model"},"threshold":15},{"model":{"model":"modelengine:voidstormdragon/armleftbottom","tints":[{"default":-1,"type":"minecraft:dye"}],"type":"minecraft:model"},"threshold":16},{"model":{"model":"modelengine:voidstormdragon/tail2","tints":[{"default":-1,"type":"minecraft:dye"}],"type":"minecraft:model"},"threshold":17},{"model":{"model":"modelengine:voidstormdragon/leftwingextra","tints":[{"default":-1,"type":"minecraft:dye"}],"type":"minecraft:model"},"threshold":18},{"model":{"model":"modelengine:voidstormdragon/rightwingextra","tints":[{"default":-1,"type":"minecraft:dye"}],"type":"minecraft:model"},"threshold":19},{"model":{"model":"modelengine:voidstormdragon/head","tints":[{"default":-1,"type":"minecraft:dye"}],"type":"minecraft:model"},"threshold":20},{"model":{"model":"modelengine:voidstormdragon/mouth","tints":[{"default":-1,"type":"minecraft:dye"}],"type":"minecraft:model"},"threshold":21},{"model":{"model":"modelengine:vfx_ender_web/bone","tints":[{"default":-1,"type":"minecraft:dye"}],"type":"minecraft:model"},"threshold":22},{"model":{"model":"modelengine:ender_clam/pearl","tints":[{"default":-1,"type":"minecraft:dye"}],"type":"minecraft:model"},"threshold":23},{"model":{"model":"modelengine:vfx_ender_laser/boine","tints":[{"default":-1,"type":"minecraft:dye"}],"type":"minecraft:model"},"threshold":24},{"model":{"model":"modelengine:ender_slime/upper_body","tints":[{"default":-1,"type":"minecraft:dye"}],"type":"minecraft:model"},"threshold":25},{"model":{"model":"modelengine:ender_slime_small/upper_body","tints":[{"default":-1,"type":"minecraft:dye"}],"type":"minecraft:model"},"threshold":26},{"model":{"model":"modelengine:vfx_ender_laser/trail","tints":[{"default":-1,"type":"minecraft:dye"}],"type":"minecraft:model"},"threshold":27},{"model":{"model":"modelengine:ender_slime/right_eye","tints":[{"default":-1,"type":"minecraft:dye"}],"type":"minecraft:model"},"threshold":28},{"model":{"model":"modelengine:ender_slime/left_eye","tints":[{"default":-1,"type":"minecraft:dye"}],"type":"minecraft:model"},"threshold":29},{"model":{"model":"modelengine:ender_slime_small/right_eye","tints":[{"default":-1,"type":"minecraft:dye"}],"type":"minecraft:model"},"threshold":30},{"model":{"model":"modelengine:ender_slime_small/left_eye","tints":[{"default":-1,"type":"minecraft:dye"}],"type":"minecraft:model"},"threshold":31},{"model":{"model":"modelengine:ender_clam/bottom","tints":[{"default":-1,"type":"minecraft:dye"}],"type":"minecraft:model"},"threshold":32},{"model":{"model":"modelengine:ender_clam/top","tints":[{"default":-1,"type":"minecraft:dye"}],"type":"minecraft:model"},"threshold":33},{"model":{"model":"modelengine:ender_hammerhead/left_leg","tints":[{"default":-1,"type":"minecraft:dye"}],"type":"minecraft:model"},"threshold":34},{"model":{"model":"modelengine:ender_hammerhead/right_leg","tints":[{"default":-1,"type":"minecraft:dye"}],"type":"minecraft:model"},"threshold":35},{"model":{"model":"modelengine:ender_hammerhead/upper_body","tints":[{"default":-1,"type":"minecraft:dye"}],"type":"minecraft:model"},"threshold":36},{"model":{"model":"modelengine:ender_hammerhead/left_arm","tints":[{"default":-1,"type":"minecraft:dye"}],"type":"minecraft:model"},"threshold":37},{"model":{"model":"modelengine:ender_hammerhead/right_arm","tints":[{"default":-1,"type":"minecraft:dye"}],"type":"minecraft:model"},"threshold":38},{"model":{"model":"modelengine:ender_hammerhead/head","tints":[{"default":-1,"type":"minecraft:dye"}],"type":"minecraft:model"},"threshold":39},{"model":{"model":"modelengine:ender_hammerhead/tail","tints":[{"default":-1,"type":"minecraft:dye"}],"type":"minecraft:model"},"threshold":40},{"model":{"model":"modelengine:ender_hammerhead/right_eye","tints":[{"default":-1,"type":"minecraft:dye"}],"type":"minecraft:model"},"threshold":41},{"model":{"model":"modelengine:ender_hammerhead/left_eye","tints":[{"default":-1,"type":"minecraft:dye"}],"type":"minecraft:model"},"threshold":42},{"model":{"model":"modelengine:ender_hammerhead/tail_end","tints":[{"default":-1,"type":"minecraft:dye"}],"type":"minecraft:model"},"threshold":43},{"model":{"model":"modelengine:ender_ripper/upper_body","tints":[{"default":-1,"type":"minecraft:dye"}],"type":"minecraft:model"},"threshold":44},{"model":{"model":"modelengine:ender_ripper/right_leg","tints":[{"default":-1,"type":"minecraft:dye"}],"type":"minecraft:model"},"threshold":45},{"model":{"model":"modelengine:ender_ripper/left_leg","tints":[{"default":-1,"type":"minecraft:dye"}],"type":"minecraft:model"},"threshold":46},{"model":{"model":"modelengine:ender_ripper/left_arm","tints":[{"default":-1,"type":"minecraft:dye"}],"type":"minecraft:model"},"threshold":47},{"model":{"model":"modelengine:ender_ripper/head","tints":[{"default":-1,"type":"minecraft:dye"}],"type":"minecraft:model"},"threshold":48},{"model":{"model":"modelengine:ender_ripper/right_arm","tints":[{"default":-1,"type":"minecraft:dye"}],"type":"minecraft:model"},"threshold":49},{"model":{"model":"modelengine:ender_ripper/right_eye","tints":[{"default":-1,"type":"minecraft:dye"}],"type":"minecraft:model"},"threshold":50},{"model":{"model":"modelengine:ender_ripper/left_eye","tints":[{"default":-1,"type":"minecraft:dye"}],"type":"minecraft:model"},"threshold":51},{"model":{"model":"modelengine:ender_witch/upper_body","tints":[{"default":-1,"type":"minecraft:dye"}],"type":"minecraft:model"},"threshold":52},{"model":{"model":"modelengine:ender_witch/right_leg","tints":[{"default":-1,"type":"minecraft:dye"}],"type":"minecraft:model"},"threshold":53},{"model":{"model":"modelengine:ender_witch/left_leg","tints":[{"default":-1,"type":"minecraft:dye"}],"type":"minecraft:model"},"threshold":54},{"model":{"model":"modelengine:ender_witch/left_arm","tints":[{"default":-1,"type":"minecraft:dye"}],"type":"minecraft:model"},"threshold":55},{"model":{"model":"modelengine:ender_witch/right_arm","tints":[{"default":-1,"type":"minecraft:dye"}],"type":"minecraft:model"},"threshold":56},{"model":{"model":"modelengine:ender_witch/mushroom","tints":[{"default":-1,"type":"minecraft:dye"}],"type":"minecraft:model"},"threshold":57},{"model":{"model":"modelengine:ender_witch/neck","tints":[{"default":-1,"type":"minecraft:dye"}],"type":"minecraft:model"},"threshold":58},{"model":{"model":"modelengine:ender_witch/left_eye","tints":[{"default":-1,"type":"minecraft:dye"}],"type":"minecraft:model"},"threshold":59},{"model":{"model":"modelengine:ender_witch/right_eye","tints":[{"default":-1,"type":"minecraft:dye"}],"type":"minecraft:model"},"threshold":60},{"model":{"model":"modelengine:ender_witch/mushroom_mid","tints":[{"default":-1,"type":"minecraft:dye"}],"type":"minecraft:model"},"threshold":61},{"model":{"model":"modelengine:ender_witch/head","tints":[{"default":-1,"type":"minecraft:dye"}],"type":"minecraft:model"},"threshold":62},{"model":{"model":"modelengine:ender_witch/mushroom_head","tints":[{"default":-1,"type":"minecraft:dye"}],"type":"minecraft:model"},"threshold":63},{"model":{"model":"modelengine:ender_witch/nose","tints":[{"default":-1,"type":"minecraft:dye"}],"type":"minecraft:model"},"threshold":64},{"model":{"model":"modelengine:end_scuttler/right_mid_leg","tints":[{"default":-1,"type":"minecraft:dye"}],"type":"minecraft:model"},"threshold":65},{"model":{"model":"modelengine:end_scuttler/upper_body","tints":[{"default":-1,"type":"minecraft:dye"}],"type":"minecraft:model"},"threshold":66},{"model":{"model":"modelengine:end_scuttler/right_front_leg","tints":[{"default":-1,"type":"minecraft:dye"}],"type":"minecraft:model"},"threshold":67},{"model":{"model":"modelengine:end_scuttler/left_mid_leg","tints":[{"default":-1,"type":"minecraft:dye"}],"type":"minecraft:model"},"threshold":68},{"model":{"model":"modelengine:end_scuttler/left_front_leg","tints":[{"default":-1,"type":"minecraft:dye"}],"type":"minecraft:model"},"threshold":69},{"model":{"model":"modelengine:end_scuttler/head","tints":[{"default":-1,"type":"minecraft:dye"}],"type":"minecraft:model"},"threshold":70},{"model":{"model":"modelengine:end_scuttler/lower_body","tints":[{"default":-1,"type":"minecraft:dye"}],"type":"minecraft:model"},"threshold":71},{"model":{"model":"modelengine:end_scuttler/left_eye","tints":[{"default":-1,"type":"minecraft:dye"}],"type":"minecraft:model"},"threshold":72},{"model":{"model":"modelengine:end_scuttler/right_eye","tints":[{"default":-1,"type":"minecraft:dye"}],"type":"minecraft:model"},"threshold":73},{"model":{"model":"modelengine:end_scuttler/right_back_leg","tints":[{"default":-1,"type":"minecraft:dye"}],"type":"minecraft:model"},"threshold":74},{"model":{"model":"modelengine:end_scuttler/left_back_leg","tints":[{"default":-1,"type":"minecraft:dye"}],"type":"minecraft:model"},"threshold":75},{"model":{"model":"modelengine:end_scuttler/tail1","tints":[{"default":-1,"type":"minecraft:dye"}],"type":"minecraft:model"},"threshold":76},{"model":{"model":"modelengine:end_scuttler/tail_mid","tints":[{"default":-1,"type":"minecraft:dye"}],"type":"minecraft:model"},"threshold":77},{"model":{"model":"modelengine:end_scuttler/tail_end","tints":[{"default":-1,"type":"minecraft:dye"}],"type":"minecraft:model"},"threshold":78},{"model":{"model":"modelengine:void_beholder/head","tints":[{"default":-1,"type":"minecraft:dye"}],"type":"minecraft:model"},"threshold":79},{"model":{"model":"modelengine:void_beholder/chest","tints":[{"default":-1,"type":"minecraft:dye"}],"type":"minecraft:model"},"threshold":80},{"model":{"model":"modelengine:void_beholder/eye","tints":[{"default":-1,"type":"minecraft:dye"}],"type":"minecraft:model"},"threshold":81},{"model":{"model":"modelengine:void_beholder/up_left_tentacle","tints":[{"default":-1,"type":"minecraft:dye"}],"type":"minecraft:model"},"threshold":82},{"model":{"model":"modelengine:void_beholder/up_right_tentacle","tints":[{"default":-1,"type":"minecraft:dye"}],"type":"minecraft:model"},"threshold":83},{"model":{"model":"modelengine:void_beholder/left_tentacle","tints":[{"default":-1,"type":"minecraft:dye"}],"type":"minecraft:model"},"threshold":84},{"model":{"model":"modelengine:void_beholder/right_tentacle","tints":[{"default":-1,"type":"minecraft:dye"}],"type":"minecraft:model"},"threshold":85},{"model":{"model":"modelengine:void_beholder/chest_eye","tints":[{"default":-1,"type":"minecraft:dye"}],"type":"minecraft:model"},"threshold":86},{"model":{"model":"modelengine:void_beholder/stomach","tints":[{"default":-1,"type":"minecraft:dye"}],"type":"minecraft:model"},"threshold":87},{"model":{"model":"modelengine:void_beholder/pupil","tints":[{"default":-1,"type":"minecraft:dye"}],"type":"minecraft:model"},"threshold":88},{"model":{"model":"modelengine:void_beholder/up_left_tentacle_mid","tints":[{"default":-1,"type":"minecraft:dye"}],"type":"minecraft:model"},"threshold":89},{"model":{"model":"modelengine:void_beholder/up_right_tentacle_mid","tints":[{"default":-1,"type":"minecraft:dye"}],"type":"minecraft:model"},"threshold":90},{"model":{"model":"modelengine:void_beholder/left_tentacle_mid","tints":[{"default":-1,"type":"minecraft:dye"}],"type":"minecraft:model"},"threshold":91},{"model":{"model":"modelengine:void_beholder/right_tentacle_mid","tints":[{"default":-1,"type":"minecraft:dye"}],"type":"minecraft:model"},"threshold":92},{"model":{"model":"modelengine:void_beholder/chest_pupil","tints":[{"default":-1,"type":"minecraft:dye"}],"type":"minecraft:model"},"threshold":93},{"model":{"model":"modelengine:void_beholder/tail","tints":[{"default":-1,"type":"minecraft:dye"}],"type":"minecraft:model"},"threshold":94},{"model":{"model":"modelengine:void_beholder/up_left_tentacle_end","tints":[{"default":-1,"type":"minecraft:dye"}],"type":"minecraft:model"},"threshold":95},{"model":{"model":"modelengine:void_beholder/up_right_tentacle_end","tints":[{"default":-1,"type":"minecraft:dye"}],"type":"minecraft:model"},"threshold":96},{"model":{"model":"modelengine:void_beholder/left_tentacle_end","tints":[{"default":-1,"type":"minecraft:dye"}],"type":"minecraft:model"},"threshold":97},{"model":{"model":"modelengine:void_beholder/right_tentacle_end","tints":[{"default":-1,"type":"minecraft:dye"}],"type":"minecraft:model"},"threshold":98}],"fallback":{"model":"minecraft:item/leather_horse_armor","tints":[{"default":-6265536,"type":"minecraft:dye"}],"type":"minecraft:model"},"property":"minecraft:custom_model_data","type":"minecraft:range_dispatch"},"oversized_in_gui":true}