{"textures":{"0":"modelengine:entity/voiddragon","particle":"#0"},"elements":[{"from":[-4.457938,8.938785,13.630482],"to":[3.3968,9.280295,14.085829],"faces":{"east":{"uv":[9.03125,7.3125,9.09375,7.359375],"tintindex":0,"rotation":0,"texture":"#0"},"south":{"uv":[8.25,7.96875,9.328125,8.015625],"tintindex":0,"rotation":0,"texture":"#0"},"north":{"uv":[8.25,7.90625,9.328125,7.953125],"tintindex":0,"rotation":0,"texture":"#0"},"west":{"uv":[9.03125,7.375,9.09375,7.421875],"tintindex":0,"rotation":0,"texture":"#0"},"up":{"uv":[8.890625,3.5,7.8125,3.4375],"tintindex":0,"rotation":0,"texture":"#0"},"down":{"uv":[8.984375,5.03125,7.90625,5.09375],"tintindex":0,"rotation":0,"texture":"#0"}},"rotation":{"origin":[-0.53057003,9.10954,13.858155],"angle":45.0,"axis":"y"}},{"from":[-6.145707,9.109313,21.866837],"to":[-5.69036,9.109313,24.143574],"faces":{"up":{"uv":[1.375,9.15625,1.3125,8.84375],"tintindex":0,"rotation":0,"texture":"#0"},"down":{"uv":[1.375,8.84375,1.3125,9.15625],"tintindex":0,"rotation":0,"texture":"#0"}},"rotation":{"origin":[-5.9180326,9.109313,23.005205],"angle":-22.5,"axis":"y"}},{"from":[-4.3629313,8.944477,16.322437],"to":[-4.1352587,9.274604,21.629625],"faces":{"east":{"uv":[8.4375,3.625,9.28125,3.671875],"tintindex":0,"rotation":0,"texture":"#0"},"south":{"uv":[4.34375,9.0625,4.375,9.109375],"tintindex":0,"rotation":0,"texture":"#0"},"north":{"uv":[4.3125,9.0625,4.34375,9.109375],"tintindex":0,"rotation":0,"texture":"#0"},"west":{"uv":[8.4375,4.9375,9.28125,4.984375],"tintindex":0,"rotation":0,"texture":"#0"},"up":{"uv":[5.28125,9.53125,5.25,8.6875],"tintindex":0,"rotation":0,"texture":"#0"},"down":{"uv":[5.3125,8.6875,5.28125,9.53125],"tintindex":0,"rotation":0,"texture":"#0"}},"rotation":{"origin":[-4.249095,9.10954,18.976032],"angle":-22.5,"axis":"y"}},{"from":[-5.601163,8.881866,21.40597],"to":[-5.145816,9.3372135,21.975153],"faces":{"east":{"uv":[2.0625,9.0,2.140625,9.0625],"tintindex":0,"rotation":0,"texture":"#0"},"south":{"uv":[2.40625,9.03125,2.46875,9.09375],"tintindex":0,"rotation":0,"texture":"#0"},"north":{"uv":[9.03125,2.125,9.09375,2.1875],"tintindex":0,"rotation":0,"texture":"#0"},"west":{"uv":[9.0,2.21875,9.078125,2.28125],"tintindex":0,"rotation":0,"texture":"#0"},"up":{"uv":[9.0625,2.859375,9.0,2.78125],"tintindex":0,"rotation":0,"texture":"#0"},"down":{"uv":[3.0625,9.0,3.0,9.078125],"tintindex":0,"rotation":0,"texture":"#0"}},"rotation":{"origin":[-5.3734903,9.10954,21.690561],"angle":-22.5,"axis":"y"}},{"from":[-2.1256285,9.109313,8.469926],"to":[10.05491,9.109313,27.209854],"faces":{"up":{"uv":[5.046875,2.6875,3.375,0.0],"tintindex":0,"rotation":0,"texture":"#0"},"down":{"uv":[5.046875,0.0,3.375,2.6875],"tintindex":0,"rotation":0,"texture":"#0"}},"rotation":{"origin":[3.9646406,9.109313,17.83989],"angle":-45.0,"axis":"y"}},{"from":[1.8887453,8.881866,9.572047],"to":[8.377442,9.3372135,10.255068],"faces":{"east":{"uv":[8.96875,5.96875,9.0625,6.03125],"tintindex":0,"rotation":0,"texture":"#0"},"south":{"uv":[8.0625,0.96875,8.953125,1.03125],"tintindex":0,"rotation":0,"texture":"#0"},"north":{"uv":[8.03125,1.28125,8.921875,1.34375],"tintindex":0,"rotation":0,"texture":"#0"},"west":{"uv":[8.96875,6.125,9.0625,6.1875],"tintindex":0,"rotation":0,"texture":"#0"},"up":{"uv":[8.234375,1.6875,7.34375,1.59375],"tintindex":0,"rotation":0,"texture":"#0"},"down":{"uv":[8.515625,6.15625,7.625,6.25],"tintindex":0,"rotation":0,"texture":"#0"}},"rotation":{"origin":[5.133094,9.10954,9.913557],"angle":22.5,"axis":"y"}}],"display":{"head":{"rotation":[0.0,0.0,0.0]},"firstperson_righthand":{"rotation":[0.0,0.0,0.0]},"thirdperson_lefthand":{"rotation":[0.0,-0.0,-0.0]},"firstperson_lefthand":{"rotation":[0.0,-0.0,-0.0]},"fixed":{"rotation":[0.0,0.0,0.0]},"ground":{"rotation":[0.0,0.0,0.0]},"thirdperson_righthand":{"rotation":[0.0,0.0,0.0]},"gui":{"rotation":[-150.0,-45.0,180.0]}}}