{"elements":[{"from":[2.3662395,-6.2728653,5.716912],"to":[5.6942396,5.247136,9.044912],"rotation":{"angle":-22.5,"axis":"z","origin":[12.32,11.2,4.96]},"faces":{"east":{"uv":[2.5,11.25,3.0,13.0],"rotation":0,"texture":"#0","tintindex":0},"south":{"uv":[3.0,11.25,3.5,13.0],"rotation":0,"texture":"#0","tintindex":0},"north":{"uv":[10.75,11.0,11.25,12.75],"rotation":0,"texture":"#0","tintindex":0},"west":{"uv":[3.5,11.25,4.0,13.0],"rotation":0,"texture":"#0","tintindex":0},"up":{"uv":[10.75,6.25,10.25,5.75],"rotation":0,"texture":"#0","tintindex":0},"down":{"uv":[11.25,6.75,10.75,7.25],"rotation":0,"texture":"#0","tintindex":0}}},{"from":[9.98576,-6.2728653,5.716912],"to":[13.313761,5.247136,9.044912],"rotation":{"angle":22.5,"axis":"z","origin":[3.3599997,11.2,4.96]},"faces":{"east":{"uv":[4.5,11.5,5.0,13.25],"rotation":0,"texture":"#0","tintindex":0},"south":{"uv":[11.75,0.0,12.25,1.75],"rotation":0,"texture":"#0","tintindex":0},"north":{"uv":[4.0,11.5,4.5,13.25],"rotation":0,"texture":"#0","tintindex":0},"west":{"uv":[11.75,3.5,12.25,5.25],"rotation":0,"texture":"#0","tintindex":0},"up":{"uv":[9.75,13.75,9.25,13.25],"rotation":0,"texture":"#0","tintindex":0},"down":{"uv":[13.75,9.25,13.25,9.75],"rotation":0,"texture":"#0","tintindex":0}}}],"textures":{"0":"modelengine:entity/lostasset_mob5_crystalsc"},"display":{"head":{"translation":[0.0,-6.4,0.0],"scale":[4.0,4.0,4.0]}}}