{"textures":{"0":"modelengine:entity/lostasset_mob5_crystalsc","particle":"#0"},"elements":[{"from":[-0.96000004,6.2817364,-5.1528044],"to":[16.96,19.721737,5.5991955],"faces":{"east":{"uv":[1.0,9.75,2.0,11.0],"tintindex":0,"rotation":0,"texture":"#0"},"south":{"uv":[2.75,7.25,4.25,8.5],"tintindex":0,"rotation":0,"texture":"#0"},"north":{"uv":[1.25,7.25,2.75,8.5],"tintindex":0,"rotation":0,"texture":"#0"},"west":{"uv":[9.75,2.25,10.75,3.5],"tintindex":0,"rotation":0,"texture":"#0"},"up":{"uv":[6.5,10.25,5.0,9.25],"tintindex":0,"rotation":0,"texture":"#0"},"down":{"uv":[10.75,6.25,9.25,7.25],"tintindex":0,"rotation":0,"texture":"#0"}},"rotation":{"origin":[8.0,24.631535,17.837772],"angle":-22.5,"axis":"x"}},{"from":[12.2,11.600001,5.13],"to":[20.6,22.8,5.2],"faces":{"south":{"uv":[12.25,4.5,13.0,5.5],"tintindex":0,"rotation":0,"texture":"#0"},"north":{"uv":[12.25,6.5,13.0,7.5],"tintindex":0,"rotation":0,"texture":"#0"}},"rotation":{"origin":[16.4,17.2,5.2],"angle":-22.5,"axis":"z"}},{"from":[-4.6000004,11.600001,5.13],"to":[3.8000002,22.8,5.2],"faces":{"south":{"uv":[13.0,4.5,12.25,5.5],"tintindex":0,"rotation":0,"texture":"#0"},"north":{"uv":[12.25,4.5,13.0,5.5],"tintindex":0,"rotation":0,"texture":"#0"}},"rotation":{"origin":[-0.39999962,17.2,5.2],"angle":22.5,"axis":"z"}}],"display":{"head":{"rotation":[0.0,0.0,0.0]},"firstperson_righthand":{"rotation":[0.0,0.0,0.0]},"thirdperson_lefthand":{"rotation":[0.0,-0.0,-0.0]},"firstperson_lefthand":{"rotation":[0.0,-0.0,-0.0]},"fixed":{"rotation":[0.0,0.0,0.0]},"ground":{"rotation":[0.0,0.0,0.0]},"thirdperson_righthand":{"rotation":[0.0,0.0,0.0]},"gui":{"rotation":[-150.0,-45.0,180.0]}}}