{"textures":{"0":"modelengine:entity/lostasset_mob5_crystalsc","particle":"#0"},"elements":[{"from":[14.60198,5.440954,13.8667],"to":[17.40198,9.850954,17.2267],"faces":{"east":{"uv":[13.0,7.75,13.5,8.5],"tintindex":0,"rotation":0,"texture":"#0"},"south":{"uv":[12.5,13.0,13.0,13.75],"tintindex":0,"rotation":0,"texture":"#0"},"north":{"uv":[13.0,7.0,13.5,7.75],"tintindex":0,"rotation":0,"texture":"#0"},"west":{"uv":[13.0,13.0,13.5,13.75],"tintindex":0,"rotation":0,"texture":"#0"},"up":{"uv":[13.75,12.25,13.25,11.75],"tintindex":0,"rotation":0,"texture":"#0"},"down":{"uv":[13.75,12.25,13.25,12.75],"tintindex":0,"rotation":0,"texture":"#0"}},"rotation":{"origin":[-4.5999994,19.199999,24.800001],"angle":45.0,"axis":"y"}},{"from":[14.60198,4.565954,17.2267],"to":[17.96198,10.725954,22.8267],"faces":{"east":{"uv":[7.25,10.75,8.25,11.75],"tintindex":0,"rotation":0,"texture":"#0"},"south":{"uv":[11.0,12.75,11.5,13.75],"tintindex":0,"rotation":0,"texture":"#0"},"north":{"uv":[10.5,12.75,11.0,13.75],"tintindex":0,"rotation":0,"texture":"#0"},"west":{"uv":[8.25,10.75,9.25,11.75],"tintindex":0,"rotation":0,"texture":"#0"},"up":{"uv":[12.0,13.75,11.5,12.75],"tintindex":0,"rotation":0,"texture":"#0"},"down":{"uv":[12.5,12.75,12.0,13.75],"tintindex":0,"rotation":0,"texture":"#0"}},"rotation":{"origin":[-4.5999994,19.199999,24.800001],"angle":45.0,"axis":"y"}}],"display":{"head":{"rotation":[0.0,0.0,0.0]},"firstperson_righthand":{"rotation":[0.0,0.0,0.0]},"thirdperson_lefthand":{"rotation":[0.0,-0.0,-0.0]},"firstperson_lefthand":{"rotation":[0.0,-0.0,-0.0]},"fixed":{"rotation":[0.0,0.0,0.0]},"ground":{"rotation":[0.0,0.0,0.0]},"thirdperson_righthand":{"rotation":[0.0,0.0,0.0]},"gui":{"rotation":[-150.0,-45.0,180.0]}}}