{"textures":{"0":"modelengine:entity/end_seeker"},"elements":[{"from":[2.0,10.0,2.5],"to":[2.0,18.0,13.5],"faces":{"east":{"uv":[8.625,3.625,7.25,4.625],"tintindex":-2,"rotation":0,"texture":"#0"},"west":{"uv":[7.25,3.625,8.625,4.625],"tintindex":-2,"rotation":0,"texture":"#0"}}},{"from":[2.0,-3.0,2.5],"to":[8.0,10.0,13.5],"faces":{"east":{"uv":[9.5,6.0,10.875,7.625],"tintindex":-2,"rotation":0,"texture":"#0"},"south":{"uv":[3.0,7.5,3.75,9.125],"tintindex":-2,"rotation":0,"texture":"#0"},"north":{"uv":[3.0,7.5,3.75,9.125],"tintindex":-2,"rotation":0,"texture":"#0"},"west":{"uv":[0.0,6.25,1.375,7.875],"tintindex":-2,"rotation":0,"texture":"#0"},"up":{"uv":[8.5,7.25,7.75,5.875],"tintindex":-2,"rotation":0,"texture":"#0"},"down":{"uv":[7.25,7.75,6.5,9.125],"tintindex":-2,"rotation":0,"texture":"#0"}}}],"display":{"gui":{"rotation":[30,225,0]}}}