{"textures":{"0":"modelengine:entity/end_seeker"},"elements":[{"from":[-1.5,7.5,1.5],"to":[17.5,12.5,14.5],"faces":{"east":{"uv":[8.25,0.0,9.875,0.625],"tintindex":-2,"rotation":0,"texture":"#0"},"south":{"uv":[6.75,1.75,9.125,2.375],"tintindex":-2,"rotation":0,"texture":"#0"},"north":{"uv":[1.5,6.75,3.875,7.375],"tintindex":-2,"rotation":0,"texture":"#0"},"west":{"uv":[8.25,0.75,9.875,1.375],"tintindex":-2,"rotation":0,"texture":"#0"},"up":{"uv":[4.875,5.125,2.5,3.5],"tintindex":-2,"rotation":0,"texture":"#0"},"down":{"uv":[2.375,4.5,0.0,6.125],"tintindex":-2,"rotation":0,"texture":"#0"}}}],"display":{"gui":{"rotation":[30,225,0]}}}