{"textures":{"0":"modelengine:entity/end_seeker"},"elements":[{"from":[-0.5,19.75,2.5],"to":[16.5,23.75,13.5],"faces":{"east":{"uv":[8.75,4.0,10.125,4.25],"tintindex":-2,"rotation":0,"texture":"#0"},"south":{"uv":[8.75,3.625,10.875,3.875],"tintindex":-2,"rotation":0,"texture":"#0"},"north":{"uv":[8.25,3.25,10.375,3.5],"tintindex":-2,"rotation":0,"texture":"#0"},"west":{"uv":[8.75,4.375,10.125,4.625],"tintindex":-2,"rotation":0,"texture":"#0"},"up":{"uv":[7.125,5.875,5.0,4.5],"tintindex":-2,"rotation":0,"texture":"#0"},"down":{"uv":[4.625,5.25,2.5,6.625],"tintindex":-2,"rotation":0,"texture":"#0"}}},{"from":[-1.5,3.75,1.5],"to":[17.5,20.75,14.5],"faces":{"east":{"uv":[5.0,0.0,6.625,2.125],"tintindex":-2,"rotation":0,"texture":"#0"},"south":{"uv":[0.0,2.25,2.375,4.375],"tintindex":-2,"rotation":0,"texture":"#0"},"north":{"uv":[0.0,0.0,2.375,2.125],"tintindex":-2,"rotation":0,"texture":"#0"},"west":{"uv":[5.0,2.25,6.625,4.375],"tintindex":-2,"rotation":0,"texture":"#0"},"up":{"uv":[4.875,1.625,2.5,0.0],"tintindex":-2,"rotation":0,"texture":"#0"},"down":{"uv":[4.875,1.75,2.5,3.375],"tintindex":-2,"rotation":0,"texture":"#0"}}}],"display":{"gui":{"rotation":[30,225,0]}}}