{"credit":"Made with Blockbench","textures":{"3":"furnace_gearworks:texture","4":"furnace_gearworks:cog","5":"furnace_gearworks:piston","6":"furnace_gearworks:smoke","7":"furnace_gearworks:piston_1"},"elements":[{"from":[6.3995,8.83903,7.38005],"to":[8.6005,10.83903,9.38005],"rotation":{"angle":-45,"axis":"x","origin":[7.5,9.45897,8]},"faces":{"north":{"uv":[2.25,5.5,1.75,6],"texture":"#3"},"east":{"uv":[6,0,5.5,0.5],"texture":"#3"},"south":{"uv":[4.75,5.25,4.25,5.75],"texture":"#3"},"west":{"uv":[3,5.5,2.5,6],"texture":"#3"},"up":{"uv":[6.25,0.75,5.75,1.25],"texture":"#3"},"down":{"uv":[6.25,2,5.75,1.5],"texture":"#3"}}},{"from":[6.49,7.08159,7.81656],"to":[8.51,7.79159,8.52656],"rotation":{"angle":-22.5,"axis":"x","origin":[7.5,9.45897,8]},"faces":{"north":{"uv":[2.75,8.75,2.25,8.875],"texture":"#3"},"east":{"uv":[9.375,5.5,9.25,5.625],"texture":"#3"},"south":{"uv":[2,8.75,1.5,8.875],"texture":"#3"},"west":{"uv":[9.375,6,9.25,6.125],"texture":"#3"},"up":{"uv":[9.25,4,8.75,4.125],"texture":"#3"},"down":{"uv":[9.25,4.625,8.75,4.5],"texture":"#3"}}},{"from":[6.495,8.15025,9.0534],"to":[8.505,10.65025,10.0534],"rotation":{"angle":22.5,"axis":"x","origin":[7.5,9.45897,8]},"faces":{"north":{"uv":[5.5,4,5,4.625],"texture":"#3"},"east":{"uv":[6.25,6.75,6,7.375],"texture":"#3"},"south":{"uv":[5.5,3,5,3.625],"texture":"#3"},"west":{"uv":[7.25,2.75,7,3.375],"texture":"#3"},"up":{"uv":[2.75,8.25,2.25,8.5],"texture":"#3"},"down":{"uv":[8.75,2.75,8.25,2.5],"texture":"#3"}}},{"from":[6.5,8.18202,8.65514],"to":[8.5,10.68202,9.65514],"rotation":{"angle":0,"axis":"y","origin":[7.5,9.45897,8]},"faces":{"north":{"uv":[4,5.25,3.5,5.875],"texture":"#3"},"east":{"uv":[3.25,7,3,7.625],"texture":"#3"},"south":{"uv":[5.5,5,5,5.625],"texture":"#3"},"west":{"uv":[3.75,7,3.5,7.625],"texture":"#3"},"up":{"uv":[8.75,3,8.25,3.25],"texture":"#3"},"down":{"uv":[8.75,3.75,8.25,3.5],"texture":"#3"}}},{"from":[6.5,8.18202,6.34486],"to":[8.5,10.68202,7.34486],"rotation":{"angle":0,"axis":"y","origin":[7.5,9.45897,8]},"faces":{"north":{"uv":[5,5,5.5,5.625],"texture":"#3"},"east":{"uv":[3,7,3.25,7.625],"texture":"#3"},"south":{"uv":[3.5,5.25,4,5.875],"texture":"#3"},"west":{"uv":[3.5,7,3.75,7.625],"texture":"#3"},"up":{"uv":[8.75,3.25,8.25,3],"texture":"#3"},"down":{"uv":[8.75,3.5,8.25,3.75],"texture":"#3"}}},{"from":[6.495,8.15025,5.9466],"to":[8.505,10.65025,6.9466],"rotation":{"angle":-22.5,"axis":"x","origin":[7.5,9.45897,8]},"faces":{"north":{"uv":[5,3,5.5,3.625],"texture":"#3"},"east":{"uv":[6,6.75,6.25,7.375],"texture":"#3"},"south":{"uv":[5,4,5.5,4.625],"texture":"#3"},"west":{"uv":[7,2.75,7.25,3.375],"texture":"#3"},"up":{"uv":[2.75,8.5,2.25,8.25],"texture":"#3"},"down":{"uv":[8.75,2.5,8.25,2.75],"texture":"#3"}}},{"from":[6.49,7.08159,7.47344],"to":[8.51,7.79159,8.18344],"rotation":{"angle":22.5,"axis":"x","origin":[7.5,9.45897,8]},"faces":{"north":{"uv":[1.5,8.75,2,8.875],"texture":"#3"},"east":{"uv":[9.25,5.5,9.375,5.625],"texture":"#3"},"south":{"uv":[2.25,8.75,2.75,8.875],"texture":"#3"},"west":{"uv":[9.25,6,9.375,6.125],"texture":"#3"},"up":{"uv":[9.25,4.125,8.75,4],"texture":"#3"},"down":{"uv":[9.25,4.5,8.75,4.625],"texture":"#3"}}},{"from":[7,8.98374,4.97524],"to":[8,12.48374,8.47524],"rotation":{"angle":45,"axis":"x","origin":[7.5,9.45897,8]},"faces":{"east":{"uv":[0,16,16,0],"texture":"#4"},"west":{"uv":[0,0,16,16],"rotation":180,"texture":"#4"}}},{"from":[7,10.46176,4.93824],"to":[9,12.46176,5.93824],"rotation":{"angle":0,"axis":"x","origin":[8,7.95,4.48824]},"faces":{"north":{"uv":[6.25,2.25,5.75,2.75],"rotation":180,"texture":"#3"},"east":{"uv":[8,5.25,7.5,5.5],"rotation":90,"texture":"#3"},"south":{"uv":[6.25,3.5,5.75,3],"texture":"#3"},"west":{"uv":[8,6.25,7.5,6.5],"rotation":270,"texture":"#3"},"up":{"uv":[8,4.75,7.5,5],"texture":"#3"},"down":{"uv":[8,5.75,7.5,6],"rotation":180,"texture":"#3"}}},{"from":[6.995,12.29053,3.17741],"to":[9.005,14.29053,4.17741],"rotation":{"angle":22.5,"axis":"x","origin":[8,7.95,4.48824]},"faces":{"north":{"uv":[6.25,3.75,5.75,4.25],"rotation":180,"texture":"#3"},"east":{"uv":[8,7.25,7.5,7.5],"rotation":90,"texture":"#3"},"south":{"uv":[6.25,5,5.75,4.5],"texture":"#3"},"west":{"uv":[8.25,1,7.75,1.25],"rotation":270,"texture":"#3"},"up":{"uv":[8,6.75,7.5,7],"texture":"#3"},"down":{"uv":[8.25,0.5,7.75,0.75],"rotation":180,"texture":"#3"}}},{"from":[7.25,9.42565,0.99751],"to":[8.75,12.92565,4.49751],"rotation":{"angle":45,"axis":"x","origin":[8,7.95,4.48824]},"faces":{"north":{"uv":[4.625,2.75,4.25,3.625],"rotation":180,"texture":"#3"},"east":{"uv":[3.625,0,2.75,0.875],"rotation":90,"texture":"#3"},"south":{"uv":[4.625,4.875,4.25,4],"texture":"#3"},"west":{"uv":[3.625,1.25,2.75,2.125],"rotation":270,"texture":"#3"},"up":{"uv":[3.875,4,3.5,4.875],"texture":"#3"},"down":{"uv":[4.625,1.5,4.25,2.375],"rotation":180,"texture":"#3"}}},{"from":[7.5,5.50121,3.86129],"to":[8.5,9.00121,7.36129],"rotation":{"angle":45,"axis":"x","origin":[8,7.95,4.48824]},"faces":{"east":{"uv":[0,0,16,16],"rotation":90,"texture":"#4"},"west":{"uv":[0,16,16,0],"rotation":90,"texture":"#4"}}},{"from":[7.95,8.72349,-5.06684],"to":[8.05,12.22349,-1.56684],"rotation":{"angle":45,"axis":"x","origin":[8,7.45,5.38824]},"faces":{"east":{"uv":[0,0,16,16],"rotation":90,"texture":"#6"},"west":{"uv":[0,16,16,0],"rotation":90,"texture":"#6"}}},{"from":[7.875,8.47349,-3.10616],"to":[8.125,12.47349,0.89384],"rotation":{"angle":45,"axis":"x","origin":[8,7.45,5.38824]},"faces":{"east":{"uv":[0,0.2,16,16],"rotation":90,"texture":"#5"},"west":{"uv":[16,0.2,0,16],"rotation":270,"texture":"#5"}}},{"from":[7.875,6.84955,-0.48109],"to":[8.125,10.84955,3.51891],"rotation":{"angle":22.5,"axis":"x","origin":[8,8.15,5.28824]},"faces":{"east":{"uv":[0,0.2,16,16],"rotation":90,"texture":"#7"},"west":{"uv":[16,0.2,0,16],"rotation":270,"texture":"#7"}}},{"from":[7.95,7.09955,-2.44177],"to":[8.05,10.59955,1.05823],"rotation":{"angle":22.5,"axis":"x","origin":[8,8.15,5.28824]},"faces":{"east":{"uv":[0,0,16,16],"rotation":90,"texture":"#6"},"west":{"uv":[0,16,16,0],"rotation":90,"texture":"#6"}}},{"from":[7.34,8.01851,3.6742],"to":[8.66,8.72851,4.3842],"rotation":{"angle":-22.5,"axis":"x","origin":[8,7.95,4.48824]},"faces":{"north":{"uv":[9.375,1.625,9,1.5],"rotation":180,"texture":"#3"},"east":{"uv":[9.25,6.5,9.375,6.625],"rotation":90,"texture":"#3"},"south":{"uv":[9.375,2.5,9,2.625],"texture":"#3"},"west":{"uv":[6.75,9.25,6.875,9.375],"rotation":270,"texture":"#3"},"up":{"uv":[9,1,9.375,1.125],"texture":"#3"},"down":{"uv":[9,0.5,9.375,0.625],"rotation":180,"texture":"#3"}}},{"from":[7.35,7.92487,3.36213],"to":[8.65,10.42487,4.36213],"rotation":{"angle":22.5,"axis":"x","origin":[8,7.95,4.48824]},"faces":{"north":{"uv":[6.875,1.375,6.5,0.75],"rotation":180,"texture":"#3"},"east":{"uv":[1,7,1.625,7.25],"rotation":90,"texture":"#3"},"south":{"uv":[6.875,1.75,6.5,2.375],"texture":"#3"},"west":{"uv":[2,7,2.625,7.25],"rotation":270,"texture":"#3"},"up":{"uv":[8.25,7,8.625,7.25],"texture":"#3"},"down":{"uv":[6.75,8.25,7.125,8.5],"rotation":180,"texture":"#3"}}},{"from":[6.995,8.09835,5.8652],"to":[9.005,10.09835,6.8652],"rotation":{"angle":-22.5,"axis":"x","origin":[8,7.95,4.48824]},"faces":{"north":{"uv":[6.25,4.25,5.75,3.75],"rotation":180,"texture":"#3"},"east":{"uv":[7.5,7.25,8,7.5],"rotation":90,"texture":"#3"},"south":{"uv":[6.25,4.5,5.75,5],"texture":"#3"},"west":{"uv":[7.75,1,8.25,1.25],"rotation":270,"texture":"#3"},"up":{"uv":[7.75,0.5,8.25,0.75],"texture":"#3"},"down":{"uv":[7.5,6.75,8,7],"rotation":180,"texture":"#3"}}},{"from":[7,7.23566,5.06409],"to":[9,9.73566,6.06409],"rotation":{"angle":22.5,"axis":"x","origin":[8,7.95,4.48824]},"faces":{"north":{"uv":[2.25,5.125,1.75,4.5],"rotation":180,"texture":"#3"},"east":{"uv":[4,6.75,4.625,7],"rotation":90,"texture":"#3"},"south":{"uv":[5.25,0,4.75,0.625],"texture":"#3"},"west":{"uv":[5,6.75,5.625,7],"rotation":270,"texture":"#3"},"up":{"uv":[0,8.25,0.5,8.5],"texture":"#3"},"down":{"uv":[8,7.75,8.5,8],"rotation":180,"texture":"#3"}}},{"from":[6.995,7.13073,5.25308],"to":[9.005,9.63073,6.25308],"rotation":{"angle":45,"axis":"x","origin":[8,7.95,4.48824]},"faces":{"north":{"uv":[5.5,1.625,5,1],"rotation":180,"texture":"#3"},"east":{"uv":[0,7,0.625,7.25],"rotation":90,"texture":"#3"},"south":{"uv":[5.5,2,5,2.625],"texture":"#3"},"west":{"uv":[7,0,7.625,0.25],"rotation":270,"texture":"#3"},"up":{"uv":[1.5,8.25,2,8.5],"texture":"#3"},"down":{"uv":[0.75,8.25,1.25,8.5],"rotation":180,"texture":"#3"}}},{"from":[6.99,6.12276,4.44686],"to":[9.01,6.83276,5.15686],"rotation":{"angle":0,"axis":"x","origin":[8,7.95,4.48824]},"faces":{"north":{"uv":[9.25,0.125,8.75,0],"rotation":180,"texture":"#3"},"east":{"uv":[4.25,9,4.375,9.125],"rotation":90,"texture":"#3"},"south":{"uv":[1.25,8.75,0.75,8.875],"texture":"#3"},"west":{"uv":[9.25,5,9.375,5.125],"rotation":270,"texture":"#3"},"up":{"uv":[0,8.75,0.5,8.875],"texture":"#3"},"down":{"uv":[8.5,2,9,2.125],"rotation":180,"texture":"#3"}}},{"from":[8,-3.69576,2.94982],"to":[8,9.30424,8.19982],"rotation":{"angle":-22.5,"axis":"y","origin":[8,2.80424,5.57482]},"faces":{"east":{"uv":[10.5,9.375,9,13.125],"texture":"#3"},"west":{"uv":[9,9.375,10.5,13.125],"texture":"#3"}}},{"from":[8,-3.69576,7.80018],"to":[8,9.30424,13.05018],"rotation":{"angle":22.5,"axis":"y","origin":[8,2.80424,10.42518]},"faces":{"east":{"uv":[12,9.375,10.5,13.125],"texture":"#3"},"west":{"uv":[10.5,9.375,12,13.125],"texture":"#3"}}},{"from":[8.95,0.49428,-0.55213],"to":[9.05,12.74428,5.69787],"rotation":{"angle":-22.5,"axis":"y","origin":[9,6.61928,2.57287]},"faces":{"east":{"uv":[14,8,12,12],"texture":"#3"},"west":{"uv":[12,8,14,12],"texture":"#3"}}},{"from":[7,10.46176,10.06176],"to":[9,12.46176,11.06176],"rotation":{"angle":0,"axis":"x","origin":[8,7.95,11.51176]},"faces":{"north":{"uv":[5.75,3.5,6.25,3],"texture":"#3"},"east":{"uv":[8,5.5,7.5,5.25],"rotation":90,"texture":"#3"},"south":{"uv":[5.75,2.25,6.25,2.75],"rotation":180,"texture":"#3"},"west":{"uv":[8,6.5,7.5,6.25],"rotation":270,"texture":"#3"},"up":{"uv":[8,5,7.5,4.75],"texture":"#3"},"down":{"uv":[8,6,7.5,5.75],"rotation":180,"texture":"#3"}}},{"from":[6.995,12.29053,11.82259],"to":[9.005,14.29053,12.82259],"rotation":{"angle":-22.5,"axis":"x","origin":[8,7.95,11.51176]},"faces":{"north":{"uv":[5.75,5,6.25,4.5],"texture":"#3"},"east":{"uv":[8,7.5,7.5,7.25],"rotation":90,"texture":"#3"},"south":{"uv":[5.75,3.75,6.25,4.25],"rotation":180,"texture":"#3"},"west":{"uv":[8.25,1.25,7.75,1],"rotation":270,"texture":"#3"},"up":{"uv":[8,7,7.5,6.75],"texture":"#3"},"down":{"uv":[8.25,0.75,7.75,0.5],"rotation":180,"texture":"#3"}}},{"from":[7.25,9.42565,11.50249],"to":[8.75,12.92565,15.00249],"rotation":{"angle":-45,"axis":"x","origin":[8,7.95,11.51176]},"faces":{"north":{"uv":[4.25,4.875,4.625,4],"texture":"#3"},"east":{"uv":[3.625,0.875,2.75,0],"rotation":90,"texture":"#3"},"south":{"uv":[4.25,2.75,4.625,3.625],"rotation":180,"texture":"#3"},"west":{"uv":[3.625,2.125,2.75,1.25],"rotation":270,"texture":"#3"},"up":{"uv":[3.875,4.875,3.5,4],"texture":"#3"},"down":{"uv":[4.625,2.375,4.25,1.5],"rotation":180,"texture":"#3"}}},{"from":[7.5,5.50121,8.63871],"to":[8.5,9.00121,12.13871],"rotation":{"angle":-45,"axis":"x","origin":[8,7.95,11.51176]},"faces":{"east":{"uv":[0,16,16,0],"rotation":90,"texture":"#4"},"west":{"uv":[0,0,16,16],"rotation":90,"texture":"#4"}}},{"from":[7.95,8.72349,17.56684],"to":[8.05,12.22349,21.06684],"rotation":{"angle":-45,"axis":"x","origin":[8,7.45,10.61176]},"faces":{"east":{"uv":[0,16,16,0],"rotation":90,"texture":"#6"},"west":{"uv":[0,0,16,16],"rotation":90,"texture":"#6"}}},{"from":[7.875,8.47349,15.10616],"to":[8.125,12.47349,19.10616],"rotation":{"angle":-45,"axis":"x","origin":[8,7.45,10.61176]},"faces":{"east":{"uv":[0,16,16,0.2],"rotation":90,"texture":"#5"},"west":{"uv":[16,16,0,0.2],"rotation":270,"texture":"#5"}}},{"from":[7.875,6.84955,12.48109],"to":[8.125,10.84955,16.48109],"rotation":{"angle":-22.5,"axis":"x","origin":[8,8.15,10.71176]},"faces":{"east":{"uv":[0,16,16,0.2],"rotation":90,"texture":"#7"},"west":{"uv":[16,16,0,0.2],"rotation":270,"texture":"#7"}}},{"from":[7.95,7.09955,14.94177],"to":[8.05,10.59955,18.44177],"rotation":{"angle":-22.5,"axis":"x","origin":[8,8.15,10.71176]},"faces":{"east":{"uv":[0,16,16,0],"rotation":90,"texture":"#6"},"west":{"uv":[0,0,16,16],"rotation":90,"texture":"#6"}}},{"from":[7.34,8.01851,11.6158],"to":[8.66,8.72851,12.3258],"rotation":{"angle":22.5,"axis":"x","origin":[8,7.95,11.51176]},"faces":{"north":{"uv":[9,2.5,9.375,2.625],"texture":"#3"},"east":{"uv":[9.25,6.625,9.375,6.5],"rotation":90,"texture":"#3"},"south":{"uv":[9,1.625,9.375,1.5],"rotation":180,"texture":"#3"},"west":{"uv":[6.75,9.375,6.875,9.25],"rotation":270,"texture":"#3"},"up":{"uv":[9,1.125,9.375,1],"texture":"#3"},"down":{"uv":[9,0.625,9.375,0.5],"rotation":180,"texture":"#3"}}},{"from":[7.35,7.92487,11.63787],"to":[8.65,10.42487,12.63787],"rotation":{"angle":-22.5,"axis":"x","origin":[8,7.95,11.51176]},"faces":{"north":{"uv":[6.5,1.75,6.875,2.375],"texture":"#3"},"east":{"uv":[1,7.25,1.625,7],"rotation":90,"texture":"#3"},"south":{"uv":[6.5,1.375,6.875,0.75],"rotation":180,"texture":"#3"},"west":{"uv":[2,7.25,2.625,7],"rotation":270,"texture":"#3"},"up":{"uv":[8.25,7.25,8.625,7],"texture":"#3"},"down":{"uv":[6.75,8.5,7.125,8.25],"rotation":180,"texture":"#3"}}},{"from":[6.995,8.09835,9.1348],"to":[9.005,10.09835,10.1348],"rotation":{"angle":22.5,"axis":"x","origin":[8,7.95,11.51176]},"faces":{"north":{"uv":[5.75,4.5,6.25,5],"texture":"#3"},"east":{"uv":[7.5,7.5,8,7.25],"rotation":90,"texture":"#3"},"south":{"uv":[5.75,4.25,6.25,3.75],"rotation":180,"texture":"#3"},"west":{"uv":[7.75,1.25,8.25,1],"rotation":270,"texture":"#3"},"up":{"uv":[7.75,0.75,8.25,0.5],"texture":"#3"},"down":{"uv":[7.5,7,8,6.75],"rotation":180,"texture":"#3"}}},{"from":[7,7.23566,9.93591],"to":[9,9.73566,10.93591],"rotation":{"angle":-22.5,"axis":"x","origin":[8,7.95,11.51176]},"faces":{"north":{"uv":[4.75,0,5.25,0.625],"texture":"#3"},"east":{"uv":[4,7,4.625,6.75],"rotation":90,"texture":"#3"},"south":{"uv":[1.75,5.125,2.25,4.5],"rotation":180,"texture":"#3"},"west":{"uv":[5,7,5.625,6.75],"rotation":270,"texture":"#3"},"up":{"uv":[0,8.5,0.5,8.25],"texture":"#3"},"down":{"uv":[8,8,8.5,7.75],"rotation":180,"texture":"#3"}}},{"from":[6.995,7.13073,9.74692],"to":[9.005,9.63073,10.74692],"rotation":{"angle":-45,"axis":"x","origin":[8,7.95,11.51176]},"faces":{"north":{"uv":[5,2,5.5,2.625],"texture":"#3"},"east":{"uv":[0,7.25,0.625,7],"rotation":90,"texture":"#3"},"south":{"uv":[5,1.625,5.5,1],"rotation":180,"texture":"#3"},"west":{"uv":[7,0.25,7.625,0],"rotation":270,"texture":"#3"},"up":{"uv":[1.5,8.5,2,8.25],"texture":"#3"},"down":{"uv":[0.75,8.5,1.25,8.25],"rotation":180,"texture":"#3"}}},{"from":[6.99,6.12276,10.84314],"to":[9.01,6.83276,11.55314],"rotation":{"angle":0,"axis":"x","origin":[8,7.95,11.51176]},"faces":{"north":{"uv":[0.75,8.75,1.25,8.875],"texture":"#3"},"east":{"uv":[4.25,9.125,4.375,9],"rotation":90,"texture":"#3"},"south":{"uv":[8.75,0.125,9.25,0],"rotation":180,"texture":"#3"},"west":{"uv":[9.25,5.125,9.375,5],"rotation":270,"texture":"#3"},"up":{"uv":[0,8.875,0.5,8.75],"texture":"#3"},"down":{"uv":[8.5,2.125,9,2],"rotation":180,"texture":"#3"}}},{"from":[8.95,0.49428,10.30213],"to":[9.05,12.74428,16.55213],"rotation":{"angle":22.5,"axis":"y","origin":[9,6.61928,13.42713]},"faces":{"east":{"uv":[12,8,14,12],"texture":"#3"},"west":{"uv":[14,8,12,12],"texture":"#3"}}}],"gui_light":"front","display":{"thirdperson_righthand":{"rotation":[0,180,0],"translation":[3.5,-1.5,1.5],"scale":[1.2,1.2,1.2]},"thirdperson_lefthand":{"translation":[3.5,-1.5,1.5],"scale":[1.2,1.2,1.2]},"firstperson_righthand":{"rotation":[162.5,-79,163.12],"translation":[1.25,0,-0.75]},"firstperson_lefthand":{"rotation":[162.5,-79,163.12],"translation":[1.25,0,-0.75]},"ground":{"rotation":[0,0,-48],"translation":[1.5,3.25,0],"scale":[0.67,0.67,0.67]},"gui":{"rotation":[0,90,0],"translation":[0,1,0],"scale":[0.71,0.71,0.71]},"head":{"scale":[0.01,0.01,0.01]},"fixed":{"rotation":[0,-90,0],"translation":[0,5.5,-3.5],"scale":[2.33,2.33,2.33]}}}