{"elements":[{"from":[0.79999924,10.057143,6.36],"to":[5.6,16.457144,6.4],"rotation":{"angle":22.5,"axis":"z","origin":[3.1999998,13.257143,6.4]},"faces":{"south":{"uv":[13.0,4.5,12.25,5.5],"rotation":0,"texture":"#0","tintindex":0},"north":{"uv":[12.25,4.5,13.0,5.5],"rotation":0,"texture":"#0","tintindex":0}}},{"from":[2.8799996,7.018135,0.4841113],"to":[13.120001,14.698135,6.628112],"rotation":{"angle":-22.5,"axis":"x","origin":[8.0,17.503735,13.621584]},"faces":{"east":{"uv":[1.0,9.75,2.0,11.0],"rotation":0,"texture":"#0","tintindex":0},"south":{"uv":[2.75,7.25,4.25,8.5],"rotation":0,"texture":"#0","tintindex":0},"north":{"uv":[1.25,7.25,2.75,8.5],"rotation":0,"texture":"#0","tintindex":0},"west":{"uv":[9.75,2.25,10.75,3.5],"rotation":0,"texture":"#0","tintindex":0},"up":{"uv":[6.5,10.25,5.0,9.25],"rotation":0,"texture":"#0","tintindex":0},"down":{"uv":[10.75,6.25,9.25,7.25],"rotation":0,"texture":"#0","tintindex":0}}},{"from":[10.4,10.057143,6.36],"to":[15.200001,16.457144,6.4],"rotation":{"angle":-22.5,"axis":"z","origin":[12.8,13.257143,6.4]},"faces":{"south":{"uv":[12.25,4.5,13.0,5.5],"rotation":0,"texture":"#0","tintindex":0},"north":{"uv":[12.25,6.5,13.0,7.5],"rotation":0,"texture":"#0","tintindex":0}}}],"textures":{"0":"modelengine:entity/lostasset_mob5_crystalsc"},"display":{"head":{"translation":[0.0,-6.4,0.0],"scale":[4.0,4.0,4.0]}}}