{"elements":[{"from":[-3.3851204,4.0753756,18.5448],"to":[0.45487928,11.115376,24.944801],"rotation":{"angle":-45.0,"axis":"y","origin":[22.400002,20.8,27.2]},"faces":{"east":{"uv":[9.25,10.75,10.25,11.75],"rotation":0,"texture":"#0","tintindex":0},"south":{"uv":[1.0,13.0,1.5,14.0],"rotation":0,"texture":"#0","tintindex":0},"north":{"uv":[13.0,0.75,13.5,1.75],"rotation":0,"texture":"#0","tintindex":0},"west":{"uv":[1.0,11.0,2.0,12.0],"rotation":0,"texture":"#0","tintindex":0},"up":{"uv":[2.0,14.0,1.5,13.0],"rotation":0,"texture":"#0","tintindex":0},"down":{"uv":[3.0,13.0,2.5,14.0],"rotation":0,"texture":"#0","tintindex":0}}},{"from":[-2.745121,5.0753756,14.704801],"to":[0.45487928,10.115376,18.5448],"rotation":{"angle":-45.0,"axis":"y","origin":[22.400002,20.8,27.2]},"faces":{"east":{"uv":[4.0,13.25,4.5,14.0],"rotation":0,"texture":"#0","tintindex":0},"south":{"uv":[4.5,13.25,5.0,14.0],"rotation":0,"texture":"#0","tintindex":0},"north":{"uv":[2.0,13.25,2.5,14.0],"rotation":0,"texture":"#0","tintindex":0},"west":{"uv":[13.25,8.5,13.75,9.25],"rotation":0,"texture":"#0","tintindex":0},"up":{"uv":[14.0,1.25,13.5,0.75],"rotation":0,"texture":"#0","tintindex":0},"down":{"uv":[14.0,1.25,13.5,1.75],"rotation":0,"texture":"#0","tintindex":0}}}],"textures":{"0":"modelengine:entity/lostasset_mob5_crystalsc"},"display":{"head":{"translation":[0.0,-6.4,0.0],"scale":[4.0,4.0,4.0]}}}