{"textures​":{"layer0":"minecraft:item/potted_jungle_sapling"},"credit":"Made with Blockbench","texture_size":[128,128],"\u0074\u0065\u0078\u0074\u0075\u0072\u0065\u0073":{"3":"\u0063\u0072\u0061\u0074\u0065\u00731:\u006c\u0076\u006c4_\u0063\u0072\u0061\u0074\u0065","\u0070\u0061\u0072\u0074\u0069\u0063\u006c\u0065":"#3"},"elements":[{"from":[-2,2,-1],"to":[18,12,17],"rotation":{"angle":0,"axis":"y","origin":[8,0,8]},"faces":{"north":{"uv":[0,5,2.5,6.25],"texture":"#3"},"east":{"uv":[5.25,1.25,7.5,2.5],"texture":"#3"},"south":{"uv":[5.25,0,7.75,1.25],"texture":"#3"},"west":{"uv":[5.25,2.5,7.5,3.75],"texture":"#3"},"up":{"uv":[5.25,2.25,2.75,0],"texture":"#3"},"down":{"uv":[5.25,2.25,2.75,4.5],"texture":"#3"}}},{"from":[0,12,-1],"to":[16,15,1],"rotation":{"angle":0,"axis":"y","origin":[8,0,8]},"faces":{"north":{"uv":[5.5,6.25,7.5,6.625],"texture":"#3"},"east":{"uv":[8,7.25,8.25,7.625],"texture":"#3"},"south":{"uv":[5.5,6.625,7.5,7],"texture":"#3"},"west":{"uv":[8.75,5.875,9,6.25],"texture":"#3"},"up":{"uv":[9.5,3.375,7.5,3.125],"texture":"#3"},"down":{"uv":[9.5,3.375,7.5,3.625],"texture":"#3"}}},{"from":[-2,12,1],"to":[0,15,15],"rotation":{"angle":0,"axis":"y","origin":[8,0,8]},"faces":{"north":{"uv":[8,9.125,8.25,9.5],"texture":"#3"},"east":{"uv":[1,7.25,2.75,7.625],"texture":"#3"},"south":{"uv":[6.875,10.625,7.125,11],"texture":"#3"},"west":{"uv":[2.75,7.25,4.5,7.625],"texture":"#3"},"up":{"uv":[4.75,10.625,4.5,8.875],"texture":"#3"},"down":{"uv":[5,8.875,4.75,10.625],"texture":"#3"}}},{"from":[16,12,1],"to":[18,15,15],"rotation":{"angle":0,"axis":"y","origin":[8,0,8]},"faces":{"north":{"uv":[10.625,7.875,10.875,8.25],"texture":"#3"},"east":{"uv":[7.25,3.75,9,4.125],"texture":"#3"},"south":{"uv":[0.375,10.75,0.625,11.125],"texture":"#3"},"west":{"uv":[4.5,7.25,6.25,7.625],"texture":"#3"},"up":{"uv":[5.25,10.625,5,8.875],"texture":"#3"},"down":{"uv":[5.5,8.875,5.25,10.625],"texture":"#3"}}},{"from":[0,12,15],"to":[16,15,17],"rotation":{"angle":0,"axis":"y","origin":[8,0,8]},"faces":{"north":{"uv":[6.75,4.375,8.75,4.75],"texture":"#3"},"east":{"uv":[0.625,10.75,0.875,11.125],"texture":"#3"},"south":{"uv":[6.75,4.75,8.75,5.125],"texture":"#3"},"west":{"uv":[0.875,10.75,1.125,11.125],"texture":"#3"},"up":{"uv":[9.75,1,7.75,0.75],"texture":"#3"},"down":{"uv":[9.75,1,7.75,1.25],"texture":"#3"}}},{"from":[0,12,1],"to":[16,17,15],"rotation":{"angle":0,"axis":"y","origin":[8,0,8]},"faces":{"north":{"uv":[5.25,3.75,7.25,4.375],"texture":"#3"},"east":{"uv":[2,6.25,3.75,6.875],"texture":"#3"},"south":{"uv":[0,6.25,2,6.875],"texture":"#3"},"west":{"uv":[3.75,6.25,5.5,6.875],"texture":"#3"},"up":{"uv":[4.75,6.25,2.75,4.5],"texture":"#3"},"down":{"uv":[6.75,4.5,4.75,6.25],"texture":"#3"}}},{"from":[-4,0.1,-3],"to":[0,10.1,1],"rotation":{"angle":0,"axis":"y","origin":[8,0.1,8]},"faces":{"north":{"uv":[7.5,1.625,8,2.875],"texture":"#3"},"east":{"uv":[0,7.625,0.5,8.875],"texture":"#3"},"south":{"uv":[0.5,7.625,1,8.875],"texture":"#3"},"west":{"uv":[1,7.625,1.5,8.875],"texture":"#3"},"up":{"uv":[8.5,2.875,8,2.375],"texture":"#3"},"down":{"uv":[9,2.375,8.5,2.875],"texture":"#3"}}},{"from":[-4,-0.3,-4.9],"to":[0,2.7,-1.9],"rotation":{"angle":45,"axis":"x","origin":[-2,1.6,-1]},"faces":{"north":{"uv":[9,7.5,9.5,7.875],"texture":"#3"},"east":{"uv":[6,10.125,6.375,10.5],"texture":"#3"},"south":{"uv":[9,7.875,9.5,8.25],"texture":"#3"},"west":{"uv":[6.375,10.125,6.75,10.5],"texture":"#3"},"up":{"uv":[9.5,8.625,9,8.25],"texture":"#3"},"down":{"uv":[9.5,8.625,9,9],"texture":"#3"}}},{"from":[-4,0.01421,-5.10122],"to":[0,3.01421,-2.10122],"rotation":{"angle":0,"axis":"y","origin":[-2,1.91421,-1.20122]},"faces":{"north":{"uv":[9,9,9.5,9.375],"texture":"#3"},"east":{"uv":[9,10.125,9.375,10.5],"texture":"#3"},"south":{"uv":[7.5,9.125,8,9.5],"texture":"#3"},"west":{"uv":[9.375,10.125,9.75,10.5],"texture":"#3"},"up":{"uv":[9.75,0.375,9.25,0],"texture":"#3"},"down":{"uv":[9.75,0.375,9.25,0.75],"texture":"#3"}}},{"from":[-0.87868,0.01421,-2.9799],"to":[2.12132,3.01421,-0.9799],"rotation":{"angle":0,"axis":"y","origin":[-1.77868,1.91421,-0.9799]},"faces":{"north":{"uv":[10.25,0,10.625,0.375],"texture":"#3"},"east":{"uv":[1.125,10.75,1.375,11.125],"texture":"#3"},"south":{"uv":[10.25,0.375,10.625,0.75],"texture":"#3"},"west":{"uv":[1.375,10.75,1.625,11.125],"texture":"#3"},"up":{"uv":[10.875,7.625,10.5,7.375],"texture":"#3"},"down":{"uv":[2,10.75,1.625,11],"texture":"#3"}}},{"from":[-1.0799,-0.3,-2.9799],"to":[1.9201,2.7,-0.9799],"rotation":{"angle":45,"axis":"z","origin":[-1.9799,1.6,-0.9799]},"faces":{"north":{"uv":[10.25,0.75,10.625,1.125],"texture":"#3"},"east":{"uv":[2.75,10.75,3,11.125],"texture":"#3"},"south":{"uv":[10.25,1.125,10.625,1.5],"texture":"#3"},"west":{"uv":[3,10.75,3.25,11.125],"texture":"#3"},"up":{"uv":[3.625,11,3.25,10.75],"texture":"#3"},"down":{"uv":[11.125,3.25,10.75,3.5],"texture":"#3"}}},{"from":[-5.9201,-0.3,-2.9799],"to":[-2.9201,2.7,1.0201],"rotation":{"angle":-45,"axis":"z","origin":[-2.0201,1.6,-0.9799]},"faces":{"north":{"uv":[10.25,1.5,10.625,1.875],"texture":"#3"},"east":{"uv":[9.25,1.25,9.75,1.625],"texture":"#3"},"south":{"uv":[2,10.25,2.375,10.625],"texture":"#3"},"west":{"uv":[9.25,5.125,9.75,5.5],"texture":"#3"},"up":{"uv":[5.875,9.875,5.5,9.375],"texture":"#3"},"down":{"uv":[6.25,9.375,5.875,9.875],"texture":"#3"}}},{"from":[-6.12132,0.01421,-2.9799],"to":[-3.12132,3.01421,1.0201],"rotation":{"angle":0,"axis":"y","origin":[-2.22132,1.91421,-0.9799]},"faces":{"north":{"uv":[2.375,10.25,2.75,10.625],"texture":"#3"},"east":{"uv":[9.25,5.5,9.75,5.875],"texture":"#3"},"south":{"uv":[10.25,3.5,10.625,3.875],"texture":"#3"},"west":{"uv":[6.25,9.375,6.75,9.75],"texture":"#3"},"up":{"uv":[7.125,9.875,6.75,9.375],"texture":"#3"},"down":{"uv":[7.5,9.375,7.125,9.875],"texture":"#3"}}},{"from":[-4,0.01421,0.14142],"to":[-2,3.01421,3.14142],"rotation":{"angle":0,"axis":"y","origin":[-2,1.91421,-0.75858]},"faces":{"north":{"uv":[3.625,10.75,3.875,11.125],"texture":"#3"},"east":{"uv":[10.25,3.875,10.625,4.25],"texture":"#3"},"south":{"uv":[3.875,10.75,4.125,11.125],"texture":"#3"},"west":{"uv":[10.25,5.125,10.625,5.5],"texture":"#3"},"up":{"uv":[11,6.125,10.75,5.75],"texture":"#3"},"down":{"uv":[11,6.125,10.75,6.5],"texture":"#3"}}},{"from":[-4,-0.3,-0.0598],"to":[-2,2.7,2.9402],"rotation":{"angle":-45,"axis":"x","origin":[-2,1.6,-0.9598]},"faces":{"north":{"uv":[10.75,6.5,11,6.875],"texture":"#3"},"east":{"uv":[5.5,10.25,5.875,10.625],"texture":"#3"},"south":{"uv":[7.125,10.75,7.375,11.125],"texture":"#3"},"west":{"uv":[6.75,10.25,7.125,10.625],"texture":"#3"},"up":{"uv":[7.625,11.125,7.375,10.75],"texture":"#3"},"down":{"uv":[7.875,10.75,7.625,11.125],"texture":"#3"}}},{"from":[-5,10.1,-4],"to":[1,12.1,2],"rotation":{"angle":0,"axis":"y","origin":[8,0.1,8]},"faces":{"north":{"uv":[9,9.375,9.75,9.625],"texture":"#3"},"east":{"uv":[1.5,9.5,2.25,9.75],"texture":"#3"},"south":{"uv":[9.5,1.625,10.25,1.875],"texture":"#3"},"west":{"uv":[9.5,1.875,10.25,2.125],"texture":"#3"},"up":{"uv":[8.25,7,7.5,6.25],"texture":"#3"},"down":{"uv":[8.25,7.625,7.5,8.375],"texture":"#3"}}},{"from":[18,-0.3,-0.0598],"to":[20,2.7,2.9402],"rotation":{"angle":-45,"axis":"x","origin":[18,1.6,-0.9598]},"faces":{"north":{"uv":[7.875,10.75,8.125,11.125],"texture":"#3"},"east":{"uv":[10.25,7.875,10.625,8.25],"texture":"#3"},"south":{"uv":[8.125,10.75,8.375,11.125],"texture":"#3"},"west":{"uv":[0.5,10.375,0.875,10.75],"texture":"#3"},"up":{"uv":[8.625,11.125,8.375,10.75],"texture":"#3"},"down":{"uv":[8.875,10.75,8.625,11.125],"texture":"#3"}}},{"from":[18,0.01421,0.14142],"to":[20,3.01421,3.14142],"rotation":{"angle":0,"axis":"y","origin":[18,1.91421,-0.75858]},"faces":{"north":{"uv":[9.75,10.75,10,11.125],"texture":"#3"},"east":{"uv":[0.875,10.375,1.25,10.75],"texture":"#3"},"south":{"uv":[10,10.75,10.25,11.125],"texture":"#3"},"west":{"uv":[1.25,10.375,1.625,10.75],"texture":"#3"},"up":{"uv":[10.5,11.125,10.25,10.75],"texture":"#3"},"down":{"uv":[0.25,10.875,0,11.25],"texture":"#3"}}},{"from":[14.0799,-0.3,-2.9799],"to":[17.0799,2.7,-0.9799],"rotation":{"angle":-45,"axis":"z","origin":[17.9799,1.6,-0.9799]},"faces":{"north":{"uv":[1.625,10.375,2,10.75],"texture":"#3"},"east":{"uv":[10.875,1.875,11.125,2.25],"texture":"#3"},"south":{"uv":[2.75,10.375,3.125,10.75],"texture":"#3"},"west":{"uv":[10.875,2.25,11.125,2.625],"texture":"#3"},"up":{"uv":[11.125,7.875,10.75,7.625],"texture":"#3"},"down":{"uv":[11.25,2.625,10.875,2.875],"texture":"#3"}}},{"from":[13.87868,0.01421,-2.9799],"to":[16.87868,3.01421,-0.9799],"rotation":{"angle":0,"axis":"y","origin":[17.77868,1.91421,-0.9799]},"faces":{"north":{"uv":[3.125,10.375,3.5,10.75],"texture":"#3"},"east":{"uv":[10.875,4.25,11.125,4.625],"texture":"#3"},"south":{"uv":[3.5,10.375,3.875,10.75],"texture":"#3"},"west":{"uv":[10.875,4.625,11.125,5],"texture":"#3"},"up":{"uv":[6.125,11.125,5.75,10.875],"texture":"#3"},"down":{"uv":[6.5,10.875,6.125,11.125],"texture":"#3"}}},{"from":[18.9201,-0.3,-2.9799],"to":[21.9201,2.7,1.0201],"rotation":{"angle":45,"axis":"z","origin":[18.0201,1.6,-0.9799]},"faces":{"north":{"uv":[3.875,10.375,4.25,10.75],"texture":"#3"},"east":{"uv":[9.5,2.125,10,2.5],"texture":"#3"},"south":{"uv":[7.125,10.375,7.5,10.75],"texture":"#3"},"west":{"uv":[2.25,9.5,2.75,9.875],"texture":"#3"},"up":{"uv":[3.125,10,2.75,9.5],"texture":"#3"},"down":{"uv":[3.5,9.5,3.125,10],"texture":"#3"}}},{"from":[19.12132,0.01421,-2.9799],"to":[22.12132,3.01421,1.0201],"rotation":{"angle":0,"axis":"y","origin":[18.22132,1.91421,-0.9799]},"faces":{"north":{"uv":[7.5,10.375,7.875,10.75],"texture":"#3"},"east":{"uv":[9.5,2.5,10,2.875],"texture":"#3"},"south":{"uv":[7.875,10.375,8.25,10.75],"texture":"#3"},"west":{"uv":[9.5,3.125,10,3.5],"texture":"#3"},"up":{"uv":[3.875,10,3.5,9.5],"texture":"#3"},"down":{"uv":[9.875,3.5,9.5,4],"texture":"#3"}}},{"from":[16,-0.3,-4.9],"to":[20,2.7,-1.9],"rotation":{"angle":45,"axis":"x","origin":[18,1.6,-1]},"faces":{"north":{"uv":[3.875,9.5,4.375,9.875],"texture":"#3"},"east":{"uv":[8.25,10.375,8.625,10.75],"texture":"#3"},"south":{"uv":[9.5,4.375,10,4.75],"texture":"#3"},"west":{"uv":[8.625,10.375,9,10.75],"texture":"#3"},"up":{"uv":[10,5.125,9.5,4.75],"texture":"#3"},"down":{"uv":[10,5.875,9.5,6.25],"texture":"#3"}}},{"from":[16,0.01421,-5.10122],"to":[20,3.01421,-2.10122],"rotation":{"angle":0,"axis":"y","origin":[18,1.91421,-1.20122]},"faces":{"north":{"uv":[9.5,6.25,10,6.625],"texture":"#3"},"east":{"uv":[9.75,10.375,10.125,10.75],"texture":"#3"},"south":{"uv":[9.5,6.625,10,7],"texture":"#3"},"west":{"uv":[10.125,10.375,10.5,10.75],"texture":"#3"},"up":{"uv":[8,9.875,7.5,9.5],"texture":"#3"},"down":{"uv":[10,7.5,9.5,7.875],"texture":"#3"}}},{"from":[16,0.1,-3],"to":[20,10.1,1],"rotation":{"angle":0,"axis":"y","origin":[8,0.1,8]},"faces":{"north":{"uv":[1.5,7.625,2,8.875],"texture":"#3"},"east":{"uv":[2,7.625,2.5,8.875],"texture":"#3"},"south":{"uv":[2.5,7.625,3,8.875],"texture":"#3"},"west":{"uv":[3,7.625,3.5,8.875],"texture":"#3"},"up":{"uv":[6,9.375,5.5,8.875],"texture":"#3"},"down":{"uv":[6.5,8.875,6,9.375],"texture":"#3"}}},{"from":[15,10.1,-4],"to":[21,12.1,2],"rotation":{"angle":0,"axis":"y","origin":[8,0.1,8]},"faces":{"north":{"uv":[9.5,7,10.25,7.25],"texture":"#3"},"east":{"uv":[9.5,7.875,10.25,8.125],"texture":"#3"},"south":{"uv":[8,9.5,8.75,9.75],"texture":"#3"},"west":{"uv":[9.5,8.125,10.25,8.375],"texture":"#3"},"up":{"uv":[8.5,0.75,7.75,0],"texture":"#3"},"down":{"uv":[8.5,5.125,7.75,5.875],"texture":"#3"}}},{"from":[-4,0.01421,12.85858],"to":[-2,3.01421,15.85858],"rotation":{"angle":0,"axis":"y","origin":[-2,1.91421,16.75858]},"faces":{"north":{"uv":[10.875,6.875,11.125,7.25],"texture":"#3"},"east":{"uv":[0,10.5,0.375,10.875],"texture":"#3"},"south":{"uv":[10.875,7.25,11.125,7.625],"texture":"#3"},"west":{"uv":[10.5,1.875,10.875,2.25],"texture":"#3"},"up":{"uv":[11.125,8.25,10.875,7.875],"texture":"#3"},"down":{"uv":[11.125,8.25,10.875,8.625],"texture":"#3"}}},{"from":[-4,-0.3,13.0598],"to":[-2,2.7,16.0598],"rotation":{"angle":45,"axis":"x","origin":[-2,1.6,16.9598]},"faces":{"north":{"uv":[10.875,8.625,11.125,9],"texture":"#3"},"east":{"uv":[10.5,2.25,10.875,2.625],"texture":"#3"},"south":{"uv":[8.875,10.875,9.125,11.25],"texture":"#3"},"west":{"uv":[10.5,2.625,10.875,3],"texture":"#3"},"up":{"uv":[11.125,9.375,10.875,9],"texture":"#3"},"down":{"uv":[9.375,10.875,9.125,11.25],"texture":"#3"}}},{"from":[-6.12132,0.01421,14.9799],"to":[-3.12132,3.01421,18.9799],"rotation":{"angle":0,"axis":"y","origin":[-2.22132,1.91421,16.9799]},"faces":{"north":{"uv":[10.5,4.25,10.875,4.625],"texture":"#3"},"east":{"uv":[9.5,8.375,10,8.75],"texture":"#3"},"south":{"uv":[10.5,4.625,10.875,5],"texture":"#3"},"west":{"uv":[9.5,8.75,10,9.125],"texture":"#3"},"up":{"uv":[0.375,10.125,0,9.625],"texture":"#3"},"down":{"uv":[0.75,9.625,0.375,10.125],"texture":"#3"}}},{"from":[-5.9201,-0.3,14.9799],"to":[-2.9201,2.7,18.9799],"rotation":{"angle":-45,"axis":"z","origin":[-2.0201,1.6,16.9799]},"faces":{"north":{"uv":[5.875,10.5,6.25,10.875],"texture":"#3"},"east":{"uv":[0.75,9.625,1.25,10],"texture":"#3"},"south":{"uv":[6.25,10.5,6.625,10.875],"texture":"#3"},"west":{"uv":[8.75,9.625,9.25,10],"texture":"#3"},"up":{"uv":[9.625,10.125,9.25,9.625],"texture":"#3"},"down":{"uv":[10,9.625,9.625,10.125],"texture":"#3"}}},{"from":[-4,-0.3,17.9],"to":[0,2.7,20.9],"rotation":{"angle":-45,"axis":"x","origin":[-2,1.6,17]},"faces":{"north":{"uv":[9.75,0,10.25,0.375],"texture":"#3"},"east":{"uv":[10.5,7,10.875,7.375],"texture":"#3"},"south":{"uv":[9.75,0.375,10.25,0.75],"texture":"#3"},"west":{"uv":[10.5,8.25,10.875,8.625],"texture":"#3"},"up":{"uv":[10.25,1.125,9.75,0.75],"texture":"#3"},"down":{"uv":[10.25,1.125,9.75,1.5],"texture":"#3"}}},{"from":[-4,0.01421,18.10122],"to":[0,3.01421,21.10122],"rotation":{"angle":0,"axis":"y","origin":[-2,1.91421,17.20122]},"faces":{"north":{"uv":[1.25,9.75,1.75,10.125],"texture":"#3"},"east":{"uv":[10.5,8.625,10.875,9],"texture":"#3"},"south":{"uv":[1.75,9.75,2.25,10.125],"texture":"#3"},"west":{"uv":[9,10.5,9.375,10.875],"texture":"#3"},"up":{"uv":[10.25,4.375,9.75,4],"texture":"#3"},"down":{"uv":[10.25,5.125,9.75,5.5],"texture":"#3"}}},{"from":[-0.87868,0.01421,16.9799],"to":[2.12132,3.01421,18.9799],"rotation":{"angle":0,"axis":"y","origin":[-1.77868,1.91421,16.9799]},"faces":{"north":{"uv":[10.5,9,10.875,9.375],"texture":"#3"},"east":{"uv":[9.375,10.875,9.625,11.25],"texture":"#3"},"south":{"uv":[9.375,10.5,9.75,10.875],"texture":"#3"},"west":{"uv":[10.875,9.375,11.125,9.75],"texture":"#3"},"up":{"uv":[11.25,10,10.875,9.75],"texture":"#3"},"down":{"uv":[11.25,10,10.875,10.25],"texture":"#3"}}},{"from":[-1.0799,-0.3,16.9799],"to":[1.9201,2.7,18.9799],"rotation":{"angle":45,"axis":"z","origin":[-1.9799,1.6,16.9799]},"faces":{"north":{"uv":[10.5,9.375,10.875,9.75],"texture":"#3"},"east":{"uv":[10.875,10.25,11.125,10.625],"texture":"#3"},"south":{"uv":[10.5,9.75,10.875,10.125],"texture":"#3"},"west":{"uv":[10.5,10.875,10.75,11.25],"texture":"#3"},"up":{"uv":[11.25,10.875,10.875,10.625],"texture":"#3"},"down":{"uv":[11.125,10.875,10.75,11.125],"texture":"#3"}}},{"from":[-4,0.1,15],"to":[0,10.1,19],"rotation":{"angle":0,"axis":"y","origin":[8,0.1,8]},"faces":{"north":{"uv":[3.5,7.625,4,8.875],"texture":"#3"},"east":{"uv":[4,7.625,4.5,8.875],"texture":"#3"},"south":{"uv":[4.5,7.625,5,8.875],"texture":"#3"},"west":{"uv":[5,7.625,5.5,8.875],"texture":"#3"},"up":{"uv":[7,9.375,6.5,8.875],"texture":"#3"},"down":{"uv":[7.5,8.875,7,9.375],"texture":"#3"}}},{"from":[-5,10.1,14],"to":[1,12.1,20],"rotation":{"angle":0,"axis":"y","origin":[8,0.1,8]},"faces":{"north":{"uv":[9.5,9.125,10.25,9.375],"texture":"#3"},"east":{"uv":[9.75,5.5,10.5,5.75],"texture":"#3"},"south":{"uv":[8,9.75,8.75,10],"texture":"#3"},"west":{"uv":[9.75,9.375,10.5,9.625],"texture":"#3"},"up":{"uv":[8.75,2.375,8,1.625],"texture":"#3"},"down":{"uv":[9,6.25,8.25,7],"texture":"#3"}}},{"from":[18,-0.3,13.0598],"to":[20,2.7,16.0598],"rotation":{"angle":45,"axis":"x","origin":[18,1.6,16.9598]},"faces":{"north":{"uv":[11,0,11.25,0.375],"texture":"#3"},"east":{"uv":[10.5,10.125,10.875,10.5],"texture":"#3"},"south":{"uv":[11,0.375,11.25,0.75],"texture":"#3"},"west":{"uv":[10.5,10.5,10.875,10.875],"texture":"#3"},"up":{"uv":[11.25,1.125,11,0.75],"texture":"#3"},"down":{"uv":[11.25,1.125,11,1.5],"texture":"#3"}}},{"from":[18,0.01421,12.85858],"to":[20,3.01421,15.85858],"rotation":{"angle":0,"axis":"y","origin":[18,1.91421,16.75858]},"faces":{"north":{"uv":[11,1.5,11.25,1.875],"texture":"#3"},"east":{"uv":[10.625,0,11,0.375],"texture":"#3"},"south":{"uv":[1.625,11,1.875,11.375],"texture":"#3"},"west":{"uv":[10.625,0.375,11,0.75],"texture":"#3"},"up":{"uv":[2.125,11.375,1.875,11],"texture":"#3"},"down":{"uv":[2.375,11,2.125,11.375],"texture":"#3"}}},{"from":[14.0799,-0.3,16.9799],"to":[17.0799,2.7,18.9799],"rotation":{"angle":-45,"axis":"z","origin":[17.9799,1.6,16.9799]},"faces":{"north":{"uv":[10.625,0.75,11,1.125],"texture":"#3"},"east":{"uv":[2.375,11,2.625,11.375],"texture":"#3"},"south":{"uv":[10.625,1.125,11,1.5],"texture":"#3"},"west":{"uv":[11,2.875,11.25,3.25],"texture":"#3"},"up":{"uv":[3.625,11.25,3.25,11],"texture":"#3"},"down":{"uv":[11.375,3.5,11,3.75],"texture":"#3"}}},{"from":[13.87868,0.01421,16.9799],"to":[16.87868,3.01421,18.9799],"rotation":{"angle":0,"axis":"y","origin":[17.77868,1.91421,16.9799]},"faces":{"north":{"uv":[10.625,1.5,11,1.875],"texture":"#3"},"east":{"uv":[11,3.75,11.25,4.125],"texture":"#3"},"south":{"uv":[2,10.625,2.375,11],"texture":"#3"},"west":{"uv":[4.125,11,4.375,11.375],"texture":"#3"},"up":{"uv":[4.75,11.25,4.375,11],"texture":"#3"},"down":{"uv":[5.125,11,4.75,11.25],"texture":"#3"}}},{"from":[18.9201,-0.3,14.9799],"to":[21.9201,2.7,18.9799],"rotation":{"angle":45,"axis":"z","origin":[18.0201,1.6,16.9799]},"faces":{"north":{"uv":[2.375,10.625,2.75,11],"texture":"#3"},"east":{"uv":[6.25,9.75,6.75,10.125],"texture":"#3"},"south":{"uv":[10.625,3.5,11,3.875],"texture":"#3"},"west":{"uv":[2.25,9.875,2.75,10.25],"texture":"#3"},"up":{"uv":[10.25,4,9.875,3.5],"texture":"#3"},"down":{"uv":[4.25,9.875,3.875,10.375],"texture":"#3"}}},{"from":[19.12132,0.01421,14.9799],"to":[22.12132,3.01421,18.9799],"rotation":{"angle":0,"axis":"y","origin":[18.22132,1.91421,16.9799]},"faces":{"north":{"uv":[10.625,3.875,11,4.25],"texture":"#3"},"east":{"uv":[5.5,9.875,6,10.25],"texture":"#3"},"south":{"uv":[4.25,10.625,4.625,11],"texture":"#3"},"west":{"uv":[6.75,9.875,7.25,10.25],"texture":"#3"},"up":{"uv":[7.625,10.375,7.25,9.875],"texture":"#3"},"down":{"uv":[8,9.875,7.625,10.375],"texture":"#3"}}},{"from":[16,-0.3,17.9],"to":[20,2.7,20.9],"rotation":{"angle":-45,"axis":"x","origin":[18,1.6,17]},"faces":{"north":{"uv":[0.75,10,1.25,10.375],"texture":"#3"},"east":{"uv":[4.625,10.625,5,11],"texture":"#3"},"south":{"uv":[10,2.125,10.5,2.5],"texture":"#3"},"west":{"uv":[5,10.625,5.375,11],"texture":"#3"},"up":{"uv":[10.5,2.875,10,2.5],"texture":"#3"},"down":{"uv":[3.25,10,2.75,10.375],"texture":"#3"}}},{"from":[16,0.01421,18.10122],"to":[20,3.01421,21.10122],"rotation":{"angle":0,"axis":"y","origin":[18,1.91421,17.20122]},"faces":{"north":{"uv":[10,2.875,10.5,3.25],"texture":"#3"},"east":{"uv":[10.625,5,11,5.375],"texture":"#3"},"south":{"uv":[3.25,10,3.75,10.375],"texture":"#3"},"west":{"uv":[5.375,10.625,5.75,11],"texture":"#3"},"up":{"uv":[10.5,4.75,10,4.375],"texture":"#3"},"down":{"uv":[10.5,4.75,10,5.125],"texture":"#3"}}},{"from":[16,0.1,15],"to":[20,10.1,19],"rotation":{"angle":0,"axis":"y","origin":[8,0.1,8]},"faces":{"north":{"uv":[5.5,7.625,6,8.875],"texture":"#3"},"east":{"uv":[6,7.625,6.5,8.875],"texture":"#3"},"south":{"uv":[6.5,7.625,7,8.875],"texture":"#3"},"west":{"uv":[7,7.625,7.5,8.875],"texture":"#3"},"up":{"uv":[9.5,2.875,9,2.375],"texture":"#3"},"down":{"uv":[9.5,3.625,9,4.125],"texture":"#3"}}},{"from":[15,10.1,14],"to":[21,12.1,20],"rotation":{"angle":0,"axis":"y","origin":[8,0.1,8]},"faces":{"north":{"uv":[10,3.25,10.75,3.5],"texture":"#3"},"east":{"uv":[10,5.75,10.75,6],"texture":"#3"},"south":{"uv":[10,6,10.75,6.25],"texture":"#3"},"west":{"uv":[10,6.25,10.75,6.5],"texture":"#3"},"up":{"uv":[9,8,8.25,7.25],"texture":"#3"},"down":{"uv":[9,8,8.25,8.75],"texture":"#3"}}},{"from":[-3,0,-2],"to":[19,2,18],"rotation":{"angle":0,"axis":"y","origin":[8,0,8]},"faces":{"north":{"uv":[3,7,5.75,7.25],"texture":"#3"},"east":{"uv":[7.25,4.125,9.75,4.375],"texture":"#3"},"south":{"uv":[5.75,7,8.5,7.25],"texture":"#3"},"west":{"uv":[7.5,2.875,10,3.125],"texture":"#3"},"up":{"uv":[2.75,2.5,0,0],"texture":"#3"},"down":{"uv":[2.75,2.5,0,5],"texture":"#3"}}},{"from":[-3.6,6.1,5],"to":[-2.6,11.1,11],"rotation":{"angle":-22.5,"axis":"z","origin":[-3,7,8]},"faces":{"north":{"uv":[11,5,11.125,5.625],"texture":"#3"},"east":{"uv":[1.5,8.875,2.25,9.5],"texture":"#3"},"south":{"uv":[5.125,11,5.25,11.625],"texture":"#3"},"west":{"uv":[2.25,8.875,3,9.5],"texture":"#3"},"up":{"uv":[0.375,11.625,0.25,10.875],"texture":"#3"},"down":{"uv":[6.625,10.875,6.5,11.625],"texture":"#3"}}},{"from":[18.6,6.1,5],"to":[19.6,11.1,11],"rotation":{"angle":22.5,"axis":"z","origin":[19,7,8]},"faces":{"north":{"uv":[5.25,11,5.375,11.625],"texture":"#3"},"east":{"uv":[3,8.875,3.75,9.5],"texture":"#3"},"south":{"uv":[5.375,11,5.5,11.625],"texture":"#3"},"west":{"uv":[3.75,8.875,4.5,9.5],"texture":"#3"},"up":{"uv":[9.75,11.625,9.625,10.875],"texture":"#3"},"down":{"uv":[2.75,11,2.625,11.75],"texture":"#3"}}},{"from":[6,10,17],"to":[10,14,19],"rotation":{"angle":0,"axis":"y","origin":[8,0,8]},"faces":{"north":{"uv":[9,5.875,9.5,6.375],"texture":"#3"},"east":{"uv":[2.5,5.75,2.75,6.25],"texture":"#3"},"south":{"uv":[9,6.375,9.5,6.875],"texture":"#3"},"west":{"uv":[6.625,10.625,6.875,11.125],"texture":"#3"},"up":{"uv":[11,3.25,10.5,3],"texture":"#3"},"down":{"uv":[11,5.5,10.5,5.75],"texture":"#3"}}},{"from":[4,16,5],"to":[12,18,11],"rotation":{"angle":0,"axis":"x","origin":[8,17,9]},"faces":{"north":{"uv":[8.5,7,9.5,7.25],"texture":"#3"},"east":{"uv":[10,6.5,10.75,6.75],"texture":"#3"},"south":{"uv":[9,7.25,10,7.5],"texture":"#3"},"west":{"uv":[10,6.75,10.75,7],"texture":"#3"},"up":{"uv":[7.75,5.875,6.75,5.125],"texture":"#3"},"down":{"uv":[1,6.875,0,7.625],"texture":"#3"}}},{"from":[0,17,1],"to":[0,20,15],"rotation":{"angle":0,"axis":"y","origin":[0,17,1]},"faces":{"north":{"uv":[0,0,0,0.375],"texture":"#3"},"east":{"uv":[6.25,7.25,8,7.625],"texture":"#3"},"south":{"uv":[0,0,0,0.375],"texture":"#3"},"west":{"uv":[7.5,1.25,9.25,1.625],"texture":"#3"},"up":{"uv":[0,1.75,0,0],"texture":"#3"},"down":{"uv":[0,0,0,1.75],"texture":"#3"}}},{"from":[0,17,1],"to":[16,20,1],"rotation":{"angle":0,"axis":"y","origin":[0,17,1]},"faces":{"north":{"uv":[6.75,5.875,8.75,6.25],"texture":"#3"},"east":{"uv":[0,0,0,0.375],"texture":"#3"},"south":{"uv":[1,6.875,3,7.25],"texture":"#3"},"west":{"uv":[0,0,0,0.375],"texture":"#3"},"up":{"uv":[2,0,0,0],"texture":"#3"},"down":{"uv":[2,0,0,0],"texture":"#3"}}},{"from":[16,17,1],"to":[16,20,15],"rotation":{"angle":0,"axis":"y","origin":[16,17,15]},"faces":{"north":{"uv":[0,0,0,0.375],"texture":"#3"},"east":{"uv":[7.5,1.25,9.25,1.625],"texture":"#3"},"south":{"uv":[0,0,0,0.375],"texture":"#3"},"west":{"uv":[6.25,7.25,8,7.625],"texture":"#3"},"up":{"uv":[0,0,0,1.75],"texture":"#3"},"down":{"uv":[0,1.75,0,0],"texture":"#3"}}},{"from":[0,17,15],"to":[16,20,15],"rotation":{"angle":0,"axis":"y","origin":[16,17,15]},"faces":{"north":{"uv":[1,6.875,3,7.25],"texture":"#3"},"east":{"uv":[0,0,0,0.375],"texture":"#3"},"south":{"uv":[6.75,5.875,8.75,6.25],"texture":"#3"},"west":{"uv":[0,0,0,0.375],"texture":"#3"},"up":{"uv":[0,0,2,0],"texture":"#3"},"down":{"uv":[0,0,2,0],"texture":"#3"}}},{"from":[-3,13.1,-2],"to":[-1,15.1,0],"rotation":{"angle":-45,"axis":"z","origin":[-2,14.1,-1]},"faces":{"north":{"uv":[6,9.875,6.25,10.125],"texture":"#3"},"east":{"uv":[0.5,10.125,0.75,10.375],"texture":"#3"},"south":{"uv":[9.75,10.125,10,10.375],"texture":"#3"},"west":{"uv":[10.25,1.875,10.5,2.125],"texture":"#3"},"up":{"uv":[10.5,7.25,10.25,7],"texture":"#3"},"down":{"uv":[10.5,9.125,10.25,9.375],"texture":"#3"}}},{"from":[17,13.1,-2],"to":[19,15.1,0],"rotation":{"angle":45,"axis":"z","origin":[18,14.1,-1]},"faces":{"north":{"uv":[5.5,11,5.75,11.25],"texture":"#3"},"east":{"uv":[11,5.625,11.25,5.875],"texture":"#3"},"south":{"uv":[11,5.875,11.25,6.125],"texture":"#3"},"west":{"uv":[11,6.125,11.25,6.375],"texture":"#3"},"up":{"uv":[11.25,6.625,11,6.375],"texture":"#3"},"down":{"uv":[11.25,6.625,11,6.875],"texture":"#3"}}},{"from":[-3,13.1,16],"to":[-1,15.1,18],"rotation":{"angle":-45,"axis":"z","origin":[-2,14.1,17]},"faces":{"north":{"uv":[6.875,11,7.125,11.25],"texture":"#3"},"east":{"uv":[0.375,11.125,0.625,11.375],"texture":"#3"},"south":{"uv":[0.625,11.125,0.875,11.375],"texture":"#3"},"west":{"uv":[0.875,11.125,1.125,11.375],"texture":"#3"},"up":{"uv":[1.375,11.375,1.125,11.125],"texture":"#3"},"down":{"uv":[1.625,11.125,1.375,11.375],"texture":"#3"}}},{"from":[3,17.1,7],"to":[5,19.1,9],"rotation":{"angle":-45,"axis":"z","origin":[4,18.1,8]},"faces":{"north":{"uv":[11.125,1.875,11.375,2.125],"texture":"#3"},"east":{"uv":[11.125,2.125,11.375,2.375],"texture":"#3"},"south":{"uv":[11.125,2.375,11.375,2.625],"texture":"#3"},"west":{"uv":[2.75,11.125,3,11.375],"texture":"#3"},"up":{"uv":[3.25,11.375,3,11.125],"texture":"#3"},"down":{"uv":[11.375,3.25,11.125,3.5],"texture":"#3"}}},{"from":[11,17.1,7],"to":[13,19.1,9],"rotation":{"angle":-45,"axis":"z","origin":[12,18.1,8]},"faces":{"north":{"uv":[3.625,11.125,3.875,11.375],"texture":"#3"},"east":{"uv":[3.875,11.125,4.125,11.375],"texture":"#3"},"south":{"uv":[11.125,4.125,11.375,4.375],"texture":"#3"},"west":{"uv":[11.125,4.375,11.375,4.625],"texture":"#3"},"up":{"uv":[11.375,4.875,11.125,4.625],"texture":"#3"},"down":{"uv":[11.375,4.875,11.125,5.125],"texture":"#3"}}},{"from":[17,13.1,16],"to":[19,15.1,18],"rotation":{"angle":45,"axis":"z","origin":[18,14.1,17]},"faces":{"north":{"uv":[11.125,5.125,11.375,5.375],"texture":"#3"},"east":{"uv":[11.125,5.375,11.375,5.625],"texture":"#3"},"south":{"uv":[5.75,11.125,6,11.375],"texture":"#3"},"west":{"uv":[6,11.125,6.25,11.375],"texture":"#3"},"up":{"uv":[6.5,11.375,6.25,11.125],"texture":"#3"},"down":{"uv":[6.875,11.125,6.625,11.375],"texture":"#3"}}},{"from":[-4,7.1,-4],"to":[0,10.1,-4],"rotation":{"angle":0,"axis":"y","origin":[8,0.1,8]},"faces":{"north":{"uv":[10,7.25,10.5,7.625],"texture":"#3"},"east":{"uv":[0,0,0,0.375],"texture":"#3"},"south":{"uv":[8,10,8.5,10.375],"texture":"#3"},"west":{"uv":[0,0,0,0.375],"texture":"#3"},"up":{"uv":[0.5,0,0,0],"texture":"#3"},"down":{"uv":[0.5,0,0,0],"texture":"#3"}}},{"from":[16,7.1,-4],"to":[20,10.1,-4],"rotation":{"angle":0,"axis":"y","origin":[8,0,8]},"faces":{"north":{"uv":[10,8.375,10.5,8.75],"texture":"#3"},"east":{"uv":[0,0,0,0.375],"texture":"#3"},"south":{"uv":[8.5,10,9,10.375],"texture":"#3"},"west":{"uv":[0,0,0,0.375],"texture":"#3"},"up":{"uv":[0.5,0,0,0],"texture":"#3"},"down":{"uv":[0.5,0,0,0],"texture":"#3"}}},{"from":[-4,7.1,20],"to":[0,10.1,20],"rotation":{"angle":0,"axis":"y","origin":[8,0.1,8]},"faces":{"north":{"uv":[10,8.75,10.5,9.125],"texture":"#3"},"east":{"uv":[0,0,0,0.375],"texture":"#3"},"south":{"uv":[10,9.625,10.5,10],"texture":"#3"},"west":{"uv":[0,0,0,0.375],"texture":"#3"},"up":{"uv":[0.5,0,0,0],"texture":"#3"},"down":{"uv":[0.5,0,0,0],"texture":"#3"}}},{"from":[16,7.1,20],"to":[20,10.1,20],"rotation":{"angle":0,"axis":"y","origin":[8,0.1,8]},"faces":{"north":{"uv":[10,10,10.5,10.375],"texture":"#3"},"east":{"uv":[0,0,0,0.375],"texture":"#3"},"south":{"uv":[0,10.125,0.5,10.5],"texture":"#3"},"west":{"uv":[0,0,0,0.375],"texture":"#3"},"up":{"uv":[0.5,0,0,0],"texture":"#3"},"down":{"uv":[0.5,0,0,0],"texture":"#3"}}},{"from":[5,5.1,-2],"to":[11,11.1,0],"rotation":{"angle":45,"axis":"z","origin":[8,8.1,-1]},"faces":{"north":{"uv":[7.5,8.375,8.25,9.125],"texture":"#3"},"east":{"uv":[2.5,5,2.75,5.75],"texture":"#3"},"south":{"uv":[8.5,0,9.25,0.75],"texture":"#3"},"west":{"uv":[4.25,9.875,4.5,10.625],"texture":"#3"},"up":{"uv":[10.75,7.875,10,7.625],"texture":"#3"},"down":{"uv":[2,10.125,1.25,10.375],"texture":"#3"}}},{"from":[5,17.1,5.25],"to":[11,23.1,10.75],"rotation":{"angle":45,"axis":"z","origin":[8,20.1,-3]},"faces":{"north":{"uv":[8.5,5.125,9.25,5.875],"texture":"#3"},"east":{"uv":[8.75,1.625,9.5,2.375],"texture":"#3"},"south":{"uv":[8.75,4.375,9.5,5.125],"texture":"#3"},"west":{"uv":[8.25,8.75,9,9.5],"texture":"#3"},"up":{"uv":[0.75,9.625,0,8.875],"texture":"#3"},"down":{"uv":[1.5,8.875,0.75,9.625],"texture":"#3"}}}],"display":{"thirdperson_righthand":{"scale":[0.3,0.3,0.3]},"thirdperson_lefthand":{"scale":[0.3,0.3,0.3]},"firstperson_righthand":{"translation":[1.5,3,0],"scale":[0.3,0.3,0.3]},"firstperson_lefthand":{"translation":[1.5,3,0],"scale":[0.3,0.3,0.3]},"ground":{"scale":[0.3,0.3,0.3]},"gui":{"rotation":[35,130,0],"scale":[0.4,0.4,0.4]},"head":{"rotation":[0,180,0],"translation":[0,-29,0],"scale":[1.75,1.75,1.75]},"fixed":{"rotation":[-90,0,0],"translation":[0,0,-13.25],"scale":[1.65,1.65,1.65]}}}