{"parent":"minecraft:item/handheld","textures":{"layer0":"minecraft:item/netherite_axe"},"overrides":[{"predicate":{"custom_model_data":10000},"model":"sweetheartset:axe"},{"predicate":{"custom_model_data":10010},"model":"thunderboltset:axe"},{"predicate":{"custom_model_data":10024},"model":"littlesharkset:axe"},{"predicate":{"custom_model_data":10030},"model":"void_dragon_set:void_dragon_set/axe"},{"predicate":{"custom_model_data":10037},"model":"enderdragonset:axe"},{"predicate":{"custom_model_data":10040},"model":"space_set:axe"},{"predicate":{"custom_model_data":10043},"model":"plny_spectral_corsair:axe"},{"predicate":{"custom_model_data":10044},"model":"item/netherite_axe"}]}