{"parent":"minecraft:item/handheld","textures":{"layer0":"minecraft:item/netherite_sword"},"overrides":[{"predicate":{"custom_model_data":10000},"model":"sweetheartset:hammer"},{"predicate":{"custom_model_data":10001},"model":"sweetheartset:scythe"},{"predicate":{"custom_model_data":10002},"model":"sweetheartset:spear"},{"predicate":{"custom_model_data":10004},"model":"sweetheartset:staff"},{"predicate":{"custom_model_data":10005},"model":"sweetheartset:greatsword"},{"predicate":{"custom_model_data":10006},"model":"sweetheartset:sword"},{"predicate":{"custom_model_data":10022},"model":"thunderboltset:hammer"},{"predicate":{"custom_model_data":10023},"model":"thunderboltset:scythe"},{"predicate":{"custom_model_data":10024},"model":"thunderboltset:spear"},{"predicate":{"custom_model_data":10025},"model":"thunderboltset:staff"},{"predicate":{"custom_model_data":10026},"model":"thunderboltset:sword"},{"predicate":{"custom_model_data":10027},"model":"thunderboltset:greatsword"},{"predicate":{"custom_model_data":10088},"model":"littlesharkset:hammer"},{"predicate":{"custom_model_data":10089},"model":"littlesharkset:spear"},{"predicate":{"custom_model_data":10090},"model":"littlesharkset:trident"},{"predicate":{"custom_model_data":10091},"model":"littlesharkset:staff"},{"predicate":{"custom_model_data":10092},"model":"littlesharkset:sword"},{"predicate":{"custom_model_data":10126},"model":"void_dragon_set:void_dragon_set/spear"},{"predicate":{"custom_model_data":10127},"model":"void_dragon_set:void_dragon_set/sword"},{"predicate":{"custom_model_data":10141},"model":"enderdragonset:sword"},{"predicate":{"custom_model_data":10155},"model":"saturnstudio:lightsaber_1"},{"predicate":{"custom_model_data":10156},"model":"saturnstudio:lightsaber_2"},{"predicate":{"custom_model_data":10157},"model":"saturnstudio:lightsaber_3"},{"predicate":{"custom_model_data":10158},"model":"saturnstudio:lightsaber_4"},{"predicate":{"custom_model_data":10159},"model":"saturnstudio:lightsaber_5"},{"predicate":{"custom_model_data":10160},"model":"saturnstudio:lightsaber_6"},{"predicate":{"custom_model_data":10161},"model":"space_set:sun_sword"},{"predicate":{"custom_model_data":10176},"model":"plny_spectral_corsair:hammer"},{"predicate":{"custom_model_data":10177},"model":"plny_spectral_corsair:mace"},{"predicate":{"custom_model_data":10178},"model":"plny_spectral_corsair:scythe"},{"predicate":{"custom_model_data":10179},"model":"plny_spectral_corsair:spear"},{"predicate":{"custom_model_data":10180},"model":"plny_spectral_corsair:staff"},{"predicate":{"custom_model_data":10181},"model":"plny_spectral_corsair:sword"},{"predicate":{"custom_model_data":10182},"model":"plny_spectral_corsair:trident"},{"predicate":{"custom_model_data":10183},"model":"item/netherite_sword"}]}