{"textures":{"0":"modelengine:entity/void_beholder","particle":"#0"},"elements":[{"from":[4.4875,-6.2205334,1.1558485],"to":[10.4875,8.779467,9.1558485],"faces":{"east":{"uv":[9.875,10.75,10.875,12.625],"tintindex":0,"rotation":0,"texture":"#0"},"south":{"uv":[1.25,11.5,2.0,13.375],"tintindex":0,"rotation":0,"texture":"#0"},"north":{"uv":[1.25,11.5,2.0,13.375],"tintindex":0,"rotation":0,"texture":"#0"},"west":{"uv":[9.875,10.75,10.875,12.625],"tintindex":0,"rotation":0,"texture":"#0"},"up":{"uv":[5.25,14.0,4.5,13.0],"tintindex":0,"rotation":0,"texture":"#0"},"down":{"uv":[13.75,5.5,13.0,6.5],"tintindex":0,"rotation":0,"texture":"#0"}},"rotation":{"origin":[7.4875,2.2794666,5.1558485],"angle":22.5,"axis":"x"}}],"display":{"head":{"rotation":[0.0,0.0,0.0]},"firstperson_righthand":{"rotation":[0.0,0.0,0.0]},"thirdperson_lefthand":{"rotation":[0.0,-0.0,-0.0]},"firstperson_lefthand":{"rotation":[0.0,-0.0,-0.0]},"fixed":{"rotation":[0.0,0.0,0.0]},"ground":{"rotation":[0.0,0.0,0.0]},"thirdperson_righthand":{"rotation":[0.0,0.0,0.0]},"gui":{"rotation":[-150.0,-45.0,180.0]}}}