{"textures​":{"layer0":"minecraft:item/spruce_stairs"},"\u0074\u0065\u0078\u0074\u0075\u0072\u0065\u0073":{"0":"\u006d\u006f\u0064\u0065\u006c\u0065\u006e\u0067\u0069\u006e\u0065:\u0065\u006e\u0074\u0069\u0074\u0079/\u0076\u0068_\u006d_\u006d\u0065\u0074\u0065\u006f\u0072","\u0070\u0061\u0072\u0074\u0069\u0063\u006c\u0065":"#0"},"elements":[{"from":[10.0,10.0,10.0],"to":[6.0,6.0,6.0],"faces":{"east":{"uv":[6.0,6.0,8.0,8.0],"tintindex":0,"rotation":0,"texture":"#0"},"south":{"uv":[6.0,2.0,8.0,4.0],"tintindex":0,"rotation":0,"texture":"#0"},"north":{"uv":[6.0,4.0,8.0,6.0],"tintindex":0,"rotation":0,"texture":"#0"},"west":{"uv":[4.0,6.0,6.0,8.0],"tintindex":0,"rotation":0,"texture":"#0"},"up":{"uv":[12.0,4.0,10.0,2.0],"tintindex":0,"rotation":0,"texture":"#0"},"down":{"uv":[6.0,10.0,4.0,12.0],"tintindex":0,"rotation":0,"texture":"#0"}}},{"from":[11.0,11.0,11.0],"to":[5.0,5.0,5.0],"faces":{"east":{"uv":[8.0,4.0,10.0,6.0],"tintindex":0,"rotation":0,"texture":"#0"},"south":{"uv":[2.0,8.0,4.0,10.0],"tintindex":0,"rotation":0,"texture":"#0"},"north":{"uv":[4.0,8.0,6.0,10.0],"tintindex":0,"rotation":0,"texture":"#0"},"west":{"uv":[8.0,2.0,10.0,4.0],"tintindex":0,"rotation":0,"texture":"#0"},"up":{"uv":[12.0,6.0,10.0,4.0],"tintindex":0,"rotation":0,"texture":"#0"},"down":{"uv":[8.0,10.0,6.0,12.0],"tintindex":0,"rotation":0,"texture":"#0"}}}],"display":{"gui":{"rotation":[-150.0,-45.0,180.0]}},"gui_light":"front"}