{"textures​":{"layer0":"minecraft:item/deepslate_redstone_ore"},"format_version":"1.9.0","credit":"Pologony Creation Co.,Ltd.","texture_size":[40,40],"\u0074\u0065\u0078\u0074\u0075\u0072\u0065\u0073":{"3":"\u0070\u006c\u006e\u0079_\u006e\u0065\u0077_\u0079\u0065\u0061\u0072_2026_\u0073\u0065\u0074:\u0061\u006e\u0069\u006d\u0061\u0074\u0065\u0064/\u0061\u006e\u0069\u006d\u0061\u0074\u0065\u0064_1","4":"\u0070\u006c\u006e\u0079_\u006e\u0065\u0077_\u0079\u0065\u0061\u0072_2026_\u0073\u0065\u0074:\u0061\u0078\u0065","5":"\u0070\u006c\u006e\u0079_\u006e\u0065\u0077_\u0079\u0065\u0061\u0072_2026_\u0073\u0065\u0074:\u0061\u006e\u0069\u006d\u0061\u0074\u0065\u0064/\u0061\u006e\u0069\u006d\u0061\u0074\u0065\u0064_2","\u0070\u0061\u0072\u0074\u0069\u0063\u006c\u0065":"\u0070\u006c\u006e\u0079_\u006e\u0065\u0077_\u0079\u0065\u0061\u0072_2026_\u0073\u0065\u0074:\u0061\u0078\u0065"},"elements":[{"from":[7,1.5,7],"to":[9,2,9],"rotation":{"angle":0,"axis":"y","origin":[7.5,1.25,7.5]},"faces":{"north":{"uv":[11.6,12,12.4,12.2],"texture":"#4"},"east":{"uv":[2.4,12.4,3.2,12.6],"texture":"#4"},"south":{"uv":[12.4,2.4,13.2,2.6],"texture":"#4"},"west":{"uv":[12.4,3.2,13.2,3.4],"texture":"#4"},"up":{"uv":[4,8.4,3.2,7.6],"texture":"#4"},"down":{"uv":[8.4,4,7.6,4.8],"texture":"#4"}}},{"from":[7,8.5,7],"to":[9,9,9],"rotation":{"angle":0,"axis":"y","origin":[7.5,8.25,7.5]},"faces":{"north":{"uv":[12.4,4,13.2,4.2],"texture":"#4"},"east":{"uv":[12.4,4.8,13.2,5],"texture":"#4"},"south":{"uv":[12.4,5.6,13.2,5.8],"texture":"#4"},"west":{"uv":[12.4,6.4,13.2,6.6],"texture":"#4"},"up":{"uv":[8.4,6,7.6,5.2],"texture":"#4"},"down":{"uv":[8.4,6.4,7.6,7.2],"texture":"#4"}}},{"from":[7,11,7],"to":[9,11.75,9],"rotation":{"angle":45,"axis":"y","origin":[8,11.375,8]},"faces":{"north":{"uv":[4.8,11.2,5.6,11.5],"texture":"#4"},"east":{"uv":[11.2,4.8,12,5.1],"texture":"#4"},"south":{"uv":[11.2,5.6,12,5.9],"texture":"#4"},"west":{"uv":[6,11.2,6.8,11.5],"texture":"#4"},"up":{"uv":[8.4,8.4,7.6,7.6],"texture":"#4"},"down":{"uv":[8.8,1.6,8,2.4],"texture":"#4"}}},{"from":[7.25,0.5,7.25],"to":[8.75,1.5,8.75],"rotation":{"angle":0,"axis":"y","origin":[7.5,0.75,7.5]},"faces":{"north":{"uv":[11.2,6.4,11.8,6.8],"texture":"#4"},"east":{"uv":[7.2,11.2,7.8,11.6],"texture":"#4"},"south":{"uv":[11.2,7.2,11.8,7.6],"texture":"#4"},"west":{"uv":[11.2,8,11.8,8.4],"texture":"#4"},"up":{"uv":[4.2,9.8,3.6,9.2],"texture":"#4"},"down":{"uv":[10.2,0,9.6,0.6],"texture":"#4"}}},{"from":[7.25,2,7.25],"to":[8.75,3,8.75],"rotation":{"angle":0,"axis":"y","origin":[7.5,2.25,7.5]},"faces":{"north":{"uv":[8.4,11.2,9,11.6],"texture":"#4"},"east":{"uv":[9.6,11.2,10.2,11.6],"texture":"#4"},"south":{"uv":[11.6,0,12.2,0.4],"texture":"#4"},"west":{"uv":[11.6,0.8,12.2,1.2],"texture":"#4"},"up":{"uv":[1.8,10.6,1.2,10],"texture":"#4"},"down":{"uv":[10.6,3.2,10,3.8],"texture":"#4"}}},{"from":[7.375,3,7.375],"to":[8.625,7.5,8.625],"rotation":{"angle":0,"axis":"y","origin":[7.375,3.75,7.625]},"faces":{"north":{"uv":[4.4,5.6,4.9,7.4],"texture":"#4"},"east":{"uv":[5.6,4.8,6.1,6.6],"texture":"#4"},"south":{"uv":[6.4,0,6.9,1.8],"texture":"#4"},"west":{"uv":[0,6.8,0.5,8.6],"texture":"#4"},"up":{"uv":[11.7,2.9,11.2,2.4],"texture":"#4"},"down":{"uv":[11.7,3.6,11.2,4.1],"texture":"#4"}}},{"from":[7.25,7.5,7.25],"to":[8.75,8.5,8.75],"rotation":{"angle":0,"axis":"y","origin":[7.5,7.25,7.5]},"faces":{"north":{"uv":[11.6,1.6,12.2,2],"texture":"#4"},"east":{"uv":[11.6,8.8,12.2,9.2],"texture":"#4"},"south":{"uv":[11.6,9.6,12.2,10],"texture":"#4"},"west":{"uv":[11.6,10.4,12.2,10.8],"texture":"#4"},"up":{"uv":[10.6,5,10,4.4],"texture":"#4"},"down":{"uv":[5.4,10,4.8,10.6],"texture":"#4"}}},{"from":[7.25,9,7.25],"to":[8.75,11,8.75],"rotation":{"angle":45,"axis":"y","origin":[8,10.5,8]},"faces":{"north":{"uv":[8.8,4,9.4,4.8],"texture":"#4"},"east":{"uv":[8.8,5.2,9.4,6],"texture":"#4"},"south":{"uv":[5.6,8.8,6.2,9.6],"texture":"#4"},"west":{"uv":[8.8,6.4,9.4,7.2],"texture":"#4"},"up":{"uv":[10.6,8.6,10,8],"texture":"#4"},"down":{"uv":[9,10,8.4,10.6],"texture":"#4"}}},{"from":[7.5,12.25,6.5],"to":[8.5,15.25,9.5],"rotation":{"angle":0,"axis":"y","origin":[7.5,11.75,7.5]},"faces":{"north":{"uv":[1.2,8.4,1.6,9.6],"texture":"#4"},"east":{"uv":[2.4,4,3.6,5.2],"texture":"#4"},"south":{"uv":[2,8.4,2.4,9.6],"texture":"#4"},"west":{"uv":[4,4,5.2,5.2],"texture":"#4"},"up":{"uv":[9.2,1.2,8.8,0],"texture":"#4"},"down":{"uv":[3.2,8.8,2.8,10],"texture":"#4"}}},{"from":[7.25,11.75,9.5],"to":[8.75,15.75,10],"rotation":{"angle":0,"axis":"y","origin":[7.5,11.75,7.75]},"faces":{"north":{"uv":[0,4.8,0.6,6.4],"texture":"#4"},"east":{"uv":[10,9.2,10.2,10.8],"texture":"#4"},"south":{"uv":[1.2,4.8,1.8,6.4],"texture":"#4"},"west":{"uv":[0,10.4,0.2,12],"texture":"#4"},"up":{"uv":[13.4,1.8,12.8,1.6],"texture":"#4"},"down":{"uv":[4.2,12.8,3.6,13],"texture":"#4"}}},{"from":[7.25,15.25,6.5],"to":[8.75,15.75,9.5],"rotation":{"angle":0,"axis":"y","origin":[7.5,11.75,7.25]},"faces":{"north":{"uv":[4.8,12.8,5.4,13],"texture":"#4"},"east":{"uv":[11.6,11.2,12.8,11.4],"texture":"#4"},"south":{"uv":[6,12.8,6.6,13],"texture":"#4"},"west":{"uv":[4,12,5.2,12.2],"texture":"#4"},"up":{"uv":[1.8,8,1.2,6.8],"texture":"#4"},"down":{"uv":[7.4,2.4,6.8,3.6],"texture":"#4"}}},{"from":[7.5,10.75,5.25],"to":[8.5,16.75,6],"rotation":{"angle":0,"axis":"x","origin":[8,13.75,5.10539]},"faces":{"north":{"uv":[5.6,0,6,2.4],"texture":"#4"},"east":{"uv":[6.8,4,7.1,6.4],"texture":"#4"},"south":{"uv":[2.4,5.6,2.8,8],"texture":"#4"},"west":{"uv":[6.8,6.8,7.1,9.2],"texture":"#4"},"up":{"uv":[2,13.1,1.6,12.8],"texture":"#4"},"down":{"uv":[7.6,12.8,7.2,13.1],"texture":"#4"}}},{"from":[7.4975,10.41031,4.03087],"to":[8.5025,11.16031,5.03087],"rotation":{"angle":-45,"axis":"x","origin":[8,11.75,5.10539]},"faces":{"north":{"uv":[8,12.8,8.4,13.1],"texture":"#4"},"east":{"uv":[12.8,8.8,13.2,9.1],"texture":"#4"},"south":{"uv":[12.8,9.6,13.2,9.9],"texture":"#4"},"west":{"uv":[12.8,10.4,13.2,10.7],"texture":"#4"},"up":{"uv":[9.6,3.6,9.2,3.2],"texture":"#4"},"down":{"uv":[5.2,9.2,4.8,9.6],"texture":"#4"}}},{"from":[7.4975,11.16031,3.53087],"to":[8.5025,11.66031,4.53087],"rotation":{"angle":-45,"axis":"x","origin":[8,11.75,5.10539]},"faces":{"north":{"uv":[13.6,3.6,14,3.8],"texture":"#4"},"east":{"uv":[4.4,13.6,4.8,13.8],"texture":"#4"},"south":{"uv":[13.6,4.4,14,4.6],"texture":"#4"},"west":{"uv":[5.2,13.6,5.6,13.8],"texture":"#4"},"up":{"uv":[0.4,12.8,0,12.4],"texture":"#4"},"down":{"uv":[12.8,7.2,12.4,7.6],"texture":"#4"}}},{"from":[7.4975,10.91031,3.53087],"to":[8.5025,11.16031,3.78087],"rotation":{"angle":-45,"axis":"x","origin":[8,11.75,5.10539]},"faces":{"north":{"uv":[11.2,13.6,11.6,13.7],"texture":"#4"},"east":{"uv":[3.6,14.4,3.7,14.5],"texture":"#4"},"south":{"uv":[12,13.6,12.4,13.7],"texture":"#4"},"west":{"uv":[14.4,3.6,14.5,3.7],"texture":"#4"},"up":{"uv":[14,12.1,13.6,12],"texture":"#4"},"down":{"uv":[13.2,13.6,12.8,13.7],"texture":"#4"}}},{"from":[7.4975,15.82453,5.69508],"to":[8.5025,16.82453,6.44508],"rotation":{"angle":-45,"axis":"x","origin":[8,15.75,5.10539]},"faces":{"north":{"uv":[12.4,8,12.8,8.4],"texture":"#4"},"east":{"uv":[11.2,12.8,11.5,13.2],"texture":"#4"},"south":{"uv":[10.4,12.4,10.8,12.8],"texture":"#4"},"west":{"uv":[12,12.8,12.3,13.2],"texture":"#4"},"up":{"uv":[13.2,12.3,12.8,12],"texture":"#4"},"down":{"uv":[13.2,12.8,12.8,13.1],"texture":"#4"}}},{"from":[7.4975,17.07453,5.69508],"to":[8.5025,17.32453,5.94508],"rotation":{"angle":-45,"axis":"x","origin":[8,15.75,5.10539]},"faces":{"north":{"uv":[13.6,12.8,14,12.9],"texture":"#4"},"east":{"uv":[4.4,14.4,4.5,14.5],"texture":"#4"},"south":{"uv":[13.6,13.6,14,13.7],"texture":"#4"},"west":{"uv":[14.4,4.4,14.5,4.5],"texture":"#4"},"up":{"uv":[0.4,14.1,0,14],"texture":"#4"},"down":{"uv":[14.4,1.2,14,1.3],"texture":"#4"}}},{"from":[7.4975,16.32453,5.19508],"to":[8.5025,17.32453,5.69508],"rotation":{"angle":-45,"axis":"x","origin":[8,15.75,5.10539]},"faces":{"north":{"uv":[12.8,0,13.2,0.4],"texture":"#4"},"east":{"uv":[13.6,5.2,13.8,5.6],"texture":"#4"},"south":{"uv":[12.8,0.8,13.2,1.2],"texture":"#4"},"west":{"uv":[6,13.6,6.2,14],"texture":"#4"},"up":{"uv":[14,6.2,13.6,6],"texture":"#4"},"down":{"uv":[7.2,13.6,6.8,13.8],"texture":"#4"}}},{"from":[7.5,10.75,10],"to":[8.5,16.75,10.75],"rotation":{"angle":0,"axis":"x","origin":[8,13.75,10.89461]},"faces":{"north":{"uv":[2.8,5.6,2.4,8],"texture":"#4"},"east":{"uv":[7.1,4,6.8,6.4],"texture":"#4"},"south":{"uv":[6,0,5.6,2.4],"texture":"#4"},"west":{"uv":[7.1,6.8,6.8,9.2],"texture":"#4"},"up":{"uv":[2,12.8,1.6,13.1],"texture":"#4"},"down":{"uv":[7.6,13.1,7.2,12.8],"texture":"#4"}}},{"from":[7.4975,10.41031,10.96913],"to":[8.5025,11.16031,11.96913],"rotation":{"angle":45,"axis":"x","origin":[8,11.75,10.89461]},"faces":{"north":{"uv":[13.2,9.6,12.8,9.9],"texture":"#4"},"east":{"uv":[13.2,8.8,12.8,9.1],"texture":"#4"},"south":{"uv":[8.4,12.8,8,13.1],"texture":"#4"},"west":{"uv":[13.2,10.4,12.8,10.7],"texture":"#4"},"up":{"uv":[9.6,3.2,9.2,3.6],"texture":"#4"},"down":{"uv":[5.2,9.6,4.8,9.2],"texture":"#4"}}},{"from":[7.4975,11.16031,11.46913],"to":[8.5025,11.66031,12.46913],"rotation":{"angle":45,"axis":"x","origin":[8,11.75,10.89461]},"faces":{"north":{"uv":[14,4.4,13.6,4.6],"texture":"#4"},"east":{"uv":[4.8,13.6,4.4,13.8],"texture":"#4"},"south":{"uv":[14,3.6,13.6,3.8],"texture":"#4"},"west":{"uv":[5.6,13.6,5.2,13.8],"texture":"#4"},"up":{"uv":[0.4,12.4,0,12.8],"texture":"#4"},"down":{"uv":[12.8,7.6,12.4,7.2],"texture":"#4"}}},{"from":[7.4975,10.91031,12.21913],"to":[8.5025,11.16031,12.46913],"rotation":{"angle":45,"axis":"x","origin":[8,11.75,10.89461]},"faces":{"north":{"uv":[12.4,13.6,12,13.7],"texture":"#4"},"east":{"uv":[3.7,14.4,3.6,14.5],"texture":"#4"},"south":{"uv":[11.6,13.6,11.2,13.7],"texture":"#4"},"west":{"uv":[14.5,3.6,14.4,3.7],"texture":"#4"},"up":{"uv":[14,12,13.6,12.1],"texture":"#4"},"down":{"uv":[13.2,13.7,12.8,13.6],"texture":"#4"}}},{"from":[7.4975,15.82453,9.55492],"to":[8.5025,16.82453,10.30492],"rotation":{"angle":45,"axis":"x","origin":[8,15.75,10.89461]},"faces":{"north":{"uv":[10.8,12.4,10.4,12.8],"texture":"#4"},"east":{"uv":[11.5,12.8,11.2,13.2],"texture":"#4"},"south":{"uv":[12.8,8,12.4,8.4],"texture":"#4"},"west":{"uv":[12.3,12.8,12,13.2],"texture":"#4"},"up":{"uv":[13.2,12,12.8,12.3],"texture":"#4"},"down":{"uv":[13.2,13.1,12.8,12.8],"texture":"#4"}}},{"from":[7.4975,17.07453,10.05492],"to":[8.5025,17.32453,10.30492],"rotation":{"angle":45,"axis":"x","origin":[8,15.75,10.89461]},"faces":{"north":{"uv":[14,13.6,13.6,13.7],"texture":"#4"},"east":{"uv":[4.5,14.4,4.4,14.5],"texture":"#4"},"south":{"uv":[14,12.8,13.6,12.9],"texture":"#4"},"west":{"uv":[14.5,4.4,14.4,4.5],"texture":"#4"},"up":{"uv":[0.4,14,0,14.1],"texture":"#4"},"down":{"uv":[14.4,1.3,14,1.2],"texture":"#4"}}},{"from":[7.4975,16.32453,10.30492],"to":[8.5025,17.32453,10.80492],"rotation":{"angle":45,"axis":"x","origin":[8,15.75,10.89461]},"faces":{"north":{"uv":[13.2,0.8,12.8,1.2],"texture":"#4"},"east":{"uv":[13.8,5.2,13.6,5.6],"texture":"#4"},"south":{"uv":[13.2,0,12.8,0.4],"texture":"#4"},"west":{"uv":[6.2,13.6,6,14],"texture":"#4"},"up":{"uv":[14,6,13.6,6.2],"texture":"#4"},"down":{"uv":[7.2,13.8,6.8,13.6],"texture":"#4"}}},{"from":[7.25,11.75,6.5],"to":[8.75,12.25,9.5],"rotation":{"angle":0,"axis":"y","origin":[7.5,8.25,7.25]},"faces":{"north":{"uv":[0,13.2,0.6,13.4],"texture":"#4"},"east":{"uv":[5.6,12,6.8,12.2],"texture":"#4"},"south":{"uv":[2.4,13.2,3,13.4],"texture":"#4"},"west":{"uv":[7.2,12,8.4,12.2],"texture":"#4"},"up":{"uv":[6.2,8.4,5.6,7.2],"texture":"#4"},"down":{"uv":[8.2,0,7.6,1.2],"texture":"#4"}}},{"from":[7.25,11.75,6],"to":[8.75,15.75,6.5],"rotation":{"angle":0,"axis":"y","origin":[7.5,11.75,4.25]},"faces":{"north":{"uv":[5.6,2.8,6.2,4.4],"texture":"#4"},"east":{"uv":[2.4,10.4,2.6,12],"texture":"#4"},"south":{"uv":[3.2,5.6,3.8,7.2],"texture":"#4"},"west":{"uv":[3.2,10.4,3.4,12],"texture":"#4"},"up":{"uv":[13.8,7.4,13.2,7.2],"texture":"#4"},"down":{"uv":[13.8,8,13.2,8.2],"texture":"#4"}}},{"from":[7.5,-0.5,7],"to":[8.5,1.5,9],"rotation":{"angle":-45,"axis":"x","origin":[8,0.5,8]},"faces":{"north":{"uv":[4,10.4,4.4,11.2],"texture":"#4"},"east":{"uv":[8,2.8,8.8,3.6],"texture":"#4"},"south":{"uv":[10.8,0,11.2,0.8],"texture":"#4"},"west":{"uv":[4.4,8,5.2,8.8],"texture":"#4"},"up":{"uv":[11.2,2,10.8,1.2],"texture":"#4"},"down":{"uv":[11.2,9.2,10.8,10],"texture":"#4"}}},{"from":[7.7535,-1.25,7.5],"to":[8.2465,0.25,9],"rotation":{"angle":-45,"axis":"x","origin":[8.0035,-0.75,8]},"faces":{"north":{"uv":[10.4,13.2,10.6,13.8],"texture":"#4"},"east":{"uv":[10,5.6,10.6,6.2],"texture":"#4"},"south":{"uv":[13.6,0,13.8,0.6],"texture":"#4"},"west":{"uv":[6,10,6.6,10.6],"texture":"#4"},"up":{"uv":[1.4,14.2,1.2,13.6],"texture":"#4"},"down":{"uv":[13.8,2.4,13.6,3],"texture":"#4"}}},{"from":[7.75,-0.43278,5.53849],"to":[8.25,0.56722,8.03849],"rotation":{"angle":-22.5,"axis":"x","origin":[8,-0.64996,6.44095]},"faces":{"north":{"uv":[7.6,13.6,7.8,14],"texture":"#4"},"east":{"uv":[9.2,1.6,10.2,2],"texture":"#4"},"south":{"uv":[8.4,13.6,8.6,14],"texture":"#4"},"west":{"uv":[9.2,2.4,10.2,2.8],"texture":"#4"},"up":{"uv":[9,13,8.8,12],"texture":"#4"},"down":{"uv":[9.8,12,9.6,13],"texture":"#4"}}},{"from":[7.75,-1.43278,5.53849],"to":[8.25,-0.43278,6.28849],"rotation":{"angle":-22.5,"axis":"x","origin":[8,-0.64996,6.44095]},"faces":{"north":{"uv":[13.6,8.8,13.8,9.2],"texture":"#4"},"east":{"uv":[13.2,11.2,13.5,11.6],"texture":"#4"},"south":{"uv":[9.2,13.6,9.4,14],"texture":"#4"},"west":{"uv":[3.6,13.6,3.9,14],"texture":"#4"},"up":{"uv":[13.8,9.9,13.6,9.6],"texture":"#4"},"down":{"uv":[13.8,10.4,13.6,10.7],"texture":"#4"}}},{"from":[7.75,-1.43278,6.28849],"to":[8.25,-0.93278,6.78849],"rotation":{"angle":-22.5,"axis":"x","origin":[8,-0.64996,6.44095]},"faces":{"north":{"uv":[2,14,2.2,14.2],"texture":"#4"},"east":{"uv":[2.8,14,3,14.2],"texture":"#4"},"south":{"uv":[14,11.2,14.2,11.4],"texture":"#4"},"west":{"uv":[14.4,0,14.6,0.2],"texture":"#4"},"up":{"uv":[14.6,2.2,14.4,2],"texture":"#4"},"down":{"uv":[14.6,2.8,14.4,3],"texture":"#4"}}},{"from":[7.75,-0.43278,7.96151],"to":[8.25,0.56722,10.46151],"rotation":{"angle":22.5,"axis":"x","origin":[8,-0.64996,9.55905]},"faces":{"north":{"uv":[8.6,13.6,8.4,14],"texture":"#4"},"east":{"uv":[10.2,1.6,9.2,2],"texture":"#4"},"south":{"uv":[7.8,13.6,7.6,14],"texture":"#4"},"west":{"uv":[10.2,2.4,9.2,2.8],"texture":"#4"},"up":{"uv":[9,12,8.8,13],"texture":"#4"},"down":{"uv":[9.8,13,9.6,12],"texture":"#4"}}},{"from":[7.75,-1.43278,9.71151],"to":[8.25,-0.43278,10.46151],"rotation":{"angle":22.5,"axis":"x","origin":[8,-0.64996,9.55905]},"faces":{"north":{"uv":[9.4,13.6,9.2,14],"texture":"#4"},"east":{"uv":[13.5,11.2,13.2,11.6],"texture":"#4"},"south":{"uv":[13.8,8.8,13.6,9.2],"texture":"#4"},"west":{"uv":[3.9,13.6,3.6,14],"texture":"#4"},"up":{"uv":[13.8,9.6,13.6,9.9],"texture":"#4"},"down":{"uv":[13.8,10.7,13.6,10.4],"texture":"#4"}}},{"from":[7.75,-1.43278,9.21151],"to":[8.25,-0.93278,9.71151],"rotation":{"angle":22.5,"axis":"x","origin":[8,-0.64996,9.55905]},"faces":{"north":{"uv":[14.2,11.2,14,11.4],"texture":"#4"},"east":{"uv":[3,14,2.8,14.2],"texture":"#4"},"south":{"uv":[2.2,14,2,14.2],"texture":"#4"},"west":{"uv":[14.6,0,14.4,0.2],"texture":"#4"},"up":{"uv":[14.6,2,14.4,2.2],"texture":"#4"},"down":{"uv":[14.6,3,14.4,2.8],"texture":"#4"}}},{"from":[7.125,-0.25,7.25],"to":[8.875,1.25,8.75],"rotation":{"angle":-45,"axis":"x","origin":[8.125,0.5,8]},"faces":{"north":{"uv":[7.6,8.8,8.3,9.4],"texture":"#4"},"east":{"uv":[10,6.8,10.6,7.4],"texture":"#4"},"south":{"uv":[8.8,7.6,9.5,8.2],"texture":"#4"},"west":{"uv":[7.2,10,7.8,10.6],"texture":"#4"},"up":{"uv":[9.5,9.4,8.8,8.8],"texture":"#4"},"down":{"uv":[0.7,9.2,0,9.8],"texture":"#4"}}},{"from":[7,12.25,3.25],"to":[9,15.25,12.75],"light_emission":15,"rotation":{"angle":0,"axis":"y","origin":[7.5,11.75,7.5]},"faces":{"east":{"uv":[0,0,12.66667,4],"texture":"#3"},"west":{"uv":[0,0,12.66667,4],"texture":"#3"}}},{"from":[7.05,12.25,3.25],"to":[8.95,15.25,12.75],"light_emission":15,"rotation":{"angle":0,"axis":"y","origin":[7.5,11.75,7.5]},"faces":{"east":{"uv":[0,5.33333,12.66667,9.33333],"texture":"#3"},"west":{"uv":[0,5.33333,12.66667,9.33333],"texture":"#3"}}},{"from":[7.1,12.25,3.25],"to":[8.9,15.25,12.75],"light_emission":15,"rotation":{"angle":0,"axis":"y","origin":[7.5,11.75,7.5]},"faces":{"east":{"uv":[0,5.33333,12.66667,9.33333],"texture":"#3"},"west":{"uv":[0,5.33333,12.66667,9.33333],"texture":"#3"}}},{"from":[7.15,12.25,3.25],"to":[8.85,15.25,12.75],"light_emission":15,"rotation":{"angle":0,"axis":"y","origin":[7.5,11.75,7.5]},"faces":{"east":{"uv":[0,5.33333,12.66667,9.33333],"texture":"#3"},"west":{"uv":[0,5.33333,12.66667,9.33333],"texture":"#3"}}},{"from":[7.985,16,5],"to":[8.015,22,11],"light_emission":15,"rotation":{"angle":0,"axis":"y","origin":[7.985,1,5]},"faces":{"east":{"uv":[8,0,0,8],"texture":"#5"},"west":{"uv":[0,0,8,8],"texture":"#5"}}},{"from":[6.925,13.25,9.75],"to":[9.075,16.25,12.75],"light_emission":15,"rotation":{"angle":0,"axis":"y","origin":[8,-3.75,9.75]},"faces":{"east":{"uv":[12.33333,5.66667,8.33333,9.66667],"texture":"#5"},"west":{"uv":[8.33333,5.66667,12.33333,9.66667],"texture":"#5"}}},{"from":[6.85,11.75,6],"to":[9.15,15.75,10],"light_emission":15,"rotation":{"angle":0,"axis":"y","origin":[8,-5.25,6]},"faces":{"east":{"uv":[13.66667,0,8.33333,5.33333],"texture":"#5"},"west":{"uv":[8.33333,0,13.66667,5.33333],"texture":"#5"}}},{"from":[7.6,14.75,0],"to":[8.4,18.75,4],"light_emission":15,"rotation":{"angle":0,"axis":"x","origin":[8,16.75,2]},"faces":{"east":{"uv":[13.66667,0,8.33333,5.33333],"rotation":90,"texture":"#5"},"west":{"uv":[8.33333,0,13.66667,5.33333],"rotation":270,"texture":"#5"}}},{"from":[7.6,8.75,12],"to":[8.4,12.75,16],"light_emission":15,"rotation":{"angle":0,"axis":"x","origin":[8,10.75,14]},"faces":{"east":{"uv":[13.66667,5.33333,8.33333,0],"rotation":90,"texture":"#5"},"west":{"uv":[8.33333,5.33333,13.66667,0],"rotation":270,"texture":"#5"}}},{"from":[6.925,11.5,2.75],"to":[9.075,14.5,5.75],"light_emission":15,"rotation":{"angle":0,"axis":"y","origin":[8,-5.5,2.75]},"faces":{"east":{"uv":[12.33333,5.66667,8.33333,9.66667],"texture":"#5"},"west":{"uv":[8.33333,5.66667,12.33333,9.66667],"texture":"#5"}}},{"from":[7.7535,10.51642,4.5],"to":[8.2465,14.01642,7.5],"rotation":{"angle":-22.5,"axis":"x","origin":[7.5035,10.51642,4.5]},"faces":{"north":{"uv":[10.8,10.4,11,11.8],"texture":"#4"},"east":{"uv":[2.4,0,3.6,1.4],"texture":"#4"},"west":{"uv":[2.4,2,3.6,3.4],"texture":"#4"}}},{"from":[7.995,8.25,0.71612],"to":[8.005,19.25,5.71612],"rotation":{"angle":0,"axis":"x","origin":[7.995,12.50724,4.21612]},"faces":{"east":{"uv":[2,0,0,4.4],"texture":"#4"},"west":{"uv":[0,0,2,4.4],"texture":"#4"}}},{"from":[7.75,13.48358,4.5],"to":[8.25,16.98358,7.5],"rotation":{"angle":22.5,"axis":"x","origin":[7.5,16.98358,4.5]},"faces":{"north":{"uv":[0.8,11.2,1,12.6],"texture":"#4"},"east":{"uv":[4,0,5.2,1.4],"texture":"#4"},"west":{"uv":[4,2,5.2,3.4],"texture":"#4"},"down":{"uv":[1.8,11.2,1.6,12.4],"texture":"#4"}}},{"from":[7.7535,10.51642,8.5],"to":[8.2465,14.01642,11.5],"rotation":{"angle":22.5,"axis":"x","origin":[7.5035,10.51642,11.5]},"faces":{"east":{"uv":[3.6,0,2.4,1.4],"texture":"#4"},"south":{"uv":[11,10.4,10.8,11.8],"texture":"#4"},"west":{"uv":[3.6,2,2.4,3.4],"texture":"#4"}}},{"from":[7.75,13.48358,8.5],"to":[8.25,16.98358,11.5],"rotation":{"angle":-22.5,"axis":"x","origin":[7.5,16.98358,11.5]},"faces":{"east":{"uv":[5.2,0,4,1.4],"texture":"#4"},"south":{"uv":[1,11.2,0.8,12.6],"texture":"#4"},"west":{"uv":[5.2,2,4,3.4],"texture":"#4"},"down":{"uv":[1.8,12.4,1.6,11.2],"texture":"#4"}}},{"from":[7.995,8.25,10.28388],"to":[8.005,19.25,15.28388],"rotation":{"angle":0,"axis":"x","origin":[7.995,12.50724,11.78388]},"faces":{"east":{"uv":[0,0,2,4.4],"texture":"#4"},"west":{"uv":[2,0,0,4.4],"texture":"#4"}}}],"gui_light":"front","display":{"thirdperson_righthand":{"translation":[0,0.75,1]},"thirdperson_lefthand":{"translation":[0,0.75,1]},"firstperson_righthand":{"rotation":[-5,0,0],"translation":[2.75,1.25,0],"scale":[0.7,0.7,0.7]},"firstperson_lefthand":{"rotation":[-5,0,0],"translation":[2.75,1.25,0],"scale":[0.7,0.7,0.7]},"ground":{"rotation":[45,0,0],"translation":[0,5,0],"scale":[0.5,0.5,0.5]},"gui":{"rotation":[-90,135,90],"translation":[-1.5,-1.5,0],"scale":[0.81,0.81,0.81]},"head":{"rotation":[0,-90,0]},"fixed":{"rotation":[0,-90,0],"translation":[0,0,-1.75],"scale":[2,2,2]},"on_shelf":{"rotation":[0,-90,0],"translation":[0,3,0],"scale":[0.7,0.7,0.7]}},"USER":"9700","NONCE":"2242ca00779b0da3b29c3e9640ae400d","TIMESTAMP":"1767158733","RESOURCE":"15575","MCMODELS":"1","mcmodels":"2242ca00779b0da3b29c3e9640ae400d"}