{"textures​":{"layer0":"minecraft:item/polished_granite_slab"},"format_version":"1.9.0","credit":"Pologony Creation Co.,Ltd.","texture_size":[28,28],"\u0074\u0065\u0078\u0074\u0075\u0072\u0065\u0073":{"3":"\u0070\u006c\u006e\u0079_\u006e\u0065\u0077_\u0079\u0065\u0061\u0072_2026_\u0073\u0065\u0074:\u0061\u006e\u0069\u006d\u0061\u0074\u0065\u0064/\u0061\u006e\u0069\u006d\u0061\u0074\u0065\u0064_1","4":"\u0070\u006c\u006e\u0079_\u006e\u0065\u0077_\u0079\u0065\u0061\u0072_2026_\u0073\u0065\u0074:\u0061\u006e\u0069\u006d\u0061\u0074\u0065\u0064/\u0061\u006e\u0069\u006d\u0061\u0074\u0065\u0064_3","5":"\u0070\u006c\u006e\u0079_\u006e\u0065\u0077_\u0079\u0065\u0061\u0072_2026_\u0073\u0065\u0074:\u0061\u006e\u0069\u006d\u0061\u0074\u0065\u0064/\u0061\u006e\u0069\u006d\u0061\u0074\u0065\u0064_2","6":"\u0070\u006c\u006e\u0079_\u006e\u0065\u0077_\u0079\u0065\u0061\u0072_2026_\u0073\u0065\u0074:\u0077\u0069\u006e\u0067\u0073","7":"\u0070\u006c\u006e\u0079_\u006e\u0065\u0077_\u0079\u0065\u0061\u0072_2026_\u0073\u0065\u0074:\u0061\u006e\u0069\u006d\u0061\u0074\u0065\u0064/\u0061\u006e\u0069\u006d\u0061\u0074\u0065\u0064_5","\u0070\u0061\u0072\u0074\u0069\u0063\u006c\u0065":"\u0070\u006c\u006e\u0079_\u006e\u0065\u0077_\u0079\u0065\u0061\u0072_2026_\u0073\u0065\u0074:\u0061\u006e\u0069\u006d\u0061\u0074\u0065\u0064/\u0061\u006e\u0069\u006d\u0061\u0074\u0065\u0064_3"},"elements":[{"from":[6.5,6.125,7.86538],"to":[9.5,9.125,8.86538],"rotation":{"angle":0,"axis":"y","origin":[8,8,10.5]},"faces":{"north":{"uv":[8.44444,1.77778,9.77778,3.11111],"texture":"#6","tintindex":0},"east":{"uv":[7.11111,11.11111,7.55556,12.44444],"texture":"#6","tintindex":0},"south":{"uv":[8.44444,0,9.77778,1.33333],"texture":"#6","tintindex":0},"west":{"uv":[8,11.11111,8.44444,12.44444],"texture":"#6","tintindex":0},"up":{"uv":[9.33333,12.44444,8.88889,11.11111],"rotation":90,"texture":"#6","tintindex":0},"down":{"uv":[10.22222,11.11111,9.77778,12.44444],"rotation":270,"texture":"#6","tintindex":0}}},{"from":[6,5.625,7.61538],"to":[6.5,9.625,9.11538],"rotation":{"angle":0,"axis":"y","origin":[8,8,10.5]},"faces":{"north":{"uv":[2.22222,12.88889,2.44444,14.66667],"texture":"#6","tintindex":0},"east":{"uv":[8.44444,3.55556,9.11111,5.33333],"texture":"#6","tintindex":0},"south":{"uv":[1.33333,12.88889,1.55556,14.66667],"texture":"#6","tintindex":0},"west":{"uv":[9.77778,3.55556,10.44444,5.33333],"texture":"#6","tintindex":0},"up":{"uv":[14,7.33333,13.33333,7.11111],"rotation":90,"texture":"#6","tintindex":0},"down":{"uv":[14,8,13.33333,8.22222],"rotation":270,"texture":"#6","tintindex":0}}},{"from":[6.5,9.125,7.61538],"to":[9.5,9.625,9.11538],"rotation":{"angle":0,"axis":"y","origin":[8,8,10.5]},"faces":{"north":{"uv":[8.88889,12.88889,10.22222,13.11111],"texture":"#6","tintindex":0},"east":{"uv":[13.33333,8.88889,14,9.11111],"texture":"#6","tintindex":0},"south":{"uv":[7.11111,12.88889,8.44444,13.11111],"texture":"#6","tintindex":0},"west":{"uv":[13.33333,9.77778,14,10],"texture":"#6","tintindex":0},"up":{"uv":[2,12.44444,1.33333,11.11111],"rotation":90,"texture":"#6","tintindex":0},"down":{"uv":[3.33333,11.11111,2.66667,12.44444],"rotation":270,"texture":"#6","tintindex":0}}},{"from":[6.5,5.625,7.61538],"to":[9.5,6.125,9.11538],"rotation":{"angle":0,"axis":"y","origin":[8,8,10.5]},"faces":{"north":{"uv":[12.44444,12.88889,13.77778,13.11111],"texture":"#6","tintindex":0},"east":{"uv":[13.33333,10.66667,14,10.88889],"texture":"#6","tintindex":0},"south":{"uv":[10.66667,12.88889,12,13.11111],"texture":"#6","tintindex":0},"west":{"uv":[13.33333,11.55556,14,11.77778],"texture":"#6","tintindex":0},"up":{"uv":[11.77778,4.44444,11.11111,3.11111],"rotation":90,"texture":"#6","tintindex":0},"down":{"uv":[4.66667,11.11111,4,12.44444],"rotation":270,"texture":"#6","tintindex":0}}},{"from":[9.5,5.625,7.61538],"to":[10,9.625,9.11538],"rotation":{"angle":0,"axis":"y","origin":[8,8,10.5]},"faces":{"north":{"uv":[4,12.88889,4.22222,14.66667],"texture":"#6","tintindex":0},"east":{"uv":[10.22222,0,10.88889,1.77778],"texture":"#6","tintindex":0},"south":{"uv":[3.11111,12.88889,3.33333,14.66667],"texture":"#6","tintindex":0},"west":{"uv":[0,11.11111,0.66667,12.88889],"texture":"#6","tintindex":0},"up":{"uv":[7.77778,14,7.11111,13.77778],"rotation":90,"texture":"#6","tintindex":0},"down":{"uv":[9.11111,13.77778,8.44444,14],"rotation":270,"texture":"#6","tintindex":0}}},{"from":[3.25,6.125,9.36538],"to":[12.75,9.125,9.36538],"light_emission":15,"rotation":{"angle":0,"axis":"y","origin":[8,8,10.5]},"faces":{"south":{"uv":[0,0,12.66667,4],"texture":"#3","tintindex":0}}},{"from":[3.25,6.125,9.31538],"to":[12.75,9.125,9.31538],"light_emission":15,"rotation":{"angle":0,"axis":"y","origin":[8,8,10.5]},"faces":{"south":{"uv":[0,5.33333,12.66667,9.33333],"texture":"#3","tintindex":0}}},{"from":[3.25,6.125,9.26538],"to":[12.75,9.125,9.26538],"light_emission":15,"rotation":{"angle":0,"axis":"y","origin":[8,8,10.5]},"faces":{"south":{"uv":[0,5.33333,12.66667,9.33333],"texture":"#3","tintindex":0}}},{"from":[3.25,6.125,9.21538],"to":[12.75,9.125,9.21538],"light_emission":15,"rotation":{"angle":0,"axis":"y","origin":[8,8,10.5]},"faces":{"south":{"uv":[0,5.33333,12.66667,9.33333],"texture":"#3","tintindex":0}}},{"from":[14.75,9.125,8.35538],"to":[21.5,15.875,8.37538],"light_emission":15,"rotation":{"angle":0,"axis":"y","origin":[8,8,10.5]},"faces":{"north":{"uv":[0,7,6.75,13.75],"texture":"#4","tintindex":0},"south":{"uv":[6.75,7,0,13.75],"texture":"#4","tintindex":0}}},{"from":[10.75,11.625,8.35038],"to":[17.5,18.375,8.38038],"light_emission":15,"rotation":{"angle":0,"axis":"y","origin":[8,8,10.5]},"faces":{"north":{"uv":[0,0,6.75,6.75],"texture":"#4","tintindex":0},"south":{"uv":[6.75,0,0,6.75],"texture":"#4","tintindex":0}}},{"from":[11.43243,11.2979,8.36038],"to":[12.43243,18.2979,8.37038],"light_emission":15,"rotation":{"angle":-45,"axis":"z","origin":[8,8,10.5]},"faces":{"north":{"uv":[7,7,8,14],"texture":"#4","tintindex":0},"south":{"uv":[8,7,7,14],"texture":"#4","tintindex":0}}},{"from":[10.49396,9.91086,8.36538],"to":[11.49396,16.91086,8.37538],"light_emission":15,"rotation":{"angle":-22.5,"axis":"z","origin":[8,8,10.5]},"faces":{"north":{"uv":[8.25,7,9.25,14],"texture":"#4","tintindex":0},"south":{"uv":[9.25,7,8.25,14],"texture":"#4","tintindex":0}}},{"from":[-5.5,9.125,8.35538],"to":[1.25,15.875,8.37538],"light_emission":15,"rotation":{"angle":0,"axis":"y","origin":[8,8,10.5]},"faces":{"north":{"uv":[6.75,7,0,13.75],"texture":"#4","tintindex":0},"south":{"uv":[0,7,6.75,13.75],"texture":"#4","tintindex":0}}},{"from":[3.56757,11.2979,8.36038],"to":[4.56757,18.2979,8.37038],"light_emission":15,"rotation":{"angle":45,"axis":"z","origin":[8,8,10.5]},"faces":{"north":{"uv":[8,7,7,14],"texture":"#4","tintindex":0},"south":{"uv":[7,7,8,14],"texture":"#4","tintindex":0}}},{"from":[4.50604,9.91086,8.36538],"to":[5.50604,16.91086,8.37538],"light_emission":15,"rotation":{"angle":22.5,"axis":"z","origin":[8,8,10.5]},"faces":{"north":{"uv":[9.25,7,8.25,14],"texture":"#4","tintindex":0},"south":{"uv":[8.25,7,9.25,14],"texture":"#4","tintindex":0}}},{"from":[-1.5,11.625,8.35038],"to":[5.25,18.375,8.38038],"light_emission":15,"rotation":{"angle":0,"axis":"y","origin":[8,8,10.5]},"faces":{"north":{"uv":[6.75,0,0,6.75],"texture":"#4","tintindex":0},"south":{"uv":[0,0,6.75,6.75],"texture":"#4","tintindex":0}}},{"from":[10,7.375,7.36038],"to":[14,11.375,9.37038],"light_emission":15,"rotation":{"angle":0,"axis":"y","origin":[8,8,10.5]},"faces":{"north":{"uv":[8.33333,0,13.66667,5.33333],"texture":"#5","tintindex":0},"south":{"uv":[13.66667,0,8.33333,5.33333],"texture":"#5","tintindex":0}}},{"from":[2,5.375,7.36038],"to":[6,9.375,9.37038],"light_emission":15,"rotation":{"angle":0,"axis":"y","origin":[8,8,10.5]},"faces":{"north":{"uv":[13.66667,0,8.33333,5.33333],"texture":"#5","tintindex":0},"south":{"uv":[8.33333,0,13.66667,5.33333],"texture":"#5","tintindex":0}}},{"from":[5,14.875,8.36038],"to":[11,20.875,8.37038],"light_emission":15,"rotation":{"angle":0,"axis":"y","origin":[8,8,10.5]},"faces":{"north":{"uv":[0,0,8,8],"texture":"#5","tintindex":0},"south":{"uv":[8,0,0,8],"texture":"#5","tintindex":0}}},{"from":[5,8.875,8.36038],"to":[11,14.875,8.37038],"light_emission":15,"rotation":{"angle":0,"axis":"y","origin":[8,8,10.5]},"faces":{"north":{"uv":[0,8,8,16],"texture":"#5","tintindex":0},"south":{"uv":[8,8,0,16],"texture":"#5","tintindex":0}}},{"from":[3.25,9.125,7.29038],"to":[6.25,12.125,9.44038],"light_emission":15,"rotation":{"angle":0,"axis":"y","origin":[8,8,10.5]},"faces":{"north":{"uv":[8.33333,5.66667,12.33333,9.66667],"texture":"#5","tintindex":0},"south":{"uv":[12.33333,5.66667,8.33333,9.66667],"texture":"#5","tintindex":0}}},{"from":[6,7.625,7.21538],"to":[10,11.625,9.51538],"light_emission":15,"rotation":{"angle":0,"axis":"y","origin":[8,8,10.5]},"faces":{"north":{"uv":[8.33333,0,13.66667,5.33333],"texture":"#5","tintindex":0},"south":{"uv":[13.66667,0,8.33333,5.33333],"texture":"#5","tintindex":0}}},{"from":[10.25,4.375,7.29038],"to":[13.25,7.375,9.44038],"light_emission":15,"rotation":{"angle":0,"axis":"y","origin":[8,8,10.5]},"faces":{"north":{"uv":[8.33333,5.66667,12.33333,9.66667],"texture":"#5","tintindex":0},"south":{"uv":[12.33333,5.66667,8.33333,9.66667],"texture":"#5","tintindex":0}}},{"from":[5.25,5.875,7.99038],"to":[10.75,6.875,8.74038],"rotation":{"angle":0,"axis":"y","origin":[8,8,10.5]},"faces":{"north":{"uv":[10.22222,2.22222,12.66667,2.66667],"texture":"#6","tintindex":0},"east":{"uv":[9.77778,13.77778,10.11111,14.22222],"texture":"#6","tintindex":0},"south":{"uv":[8.44444,5.77778,10.88889,6.22222],"texture":"#6","tintindex":0},"west":{"uv":[10.66667,13.77778,11,14.22222],"texture":"#6","tintindex":0},"up":{"uv":[5.66667,13.55556,5.33333,11.11111],"rotation":90,"texture":"#6","tintindex":0},"down":{"uv":[6.55556,11.11111,6.22222,13.55556],"rotation":270,"texture":"#6","tintindex":0}}},{"from":[10.97119,6.93802,7.98788],"to":[12.47119,8.01302,8.74288],"rotation":{"angle":-22.5,"axis":"z","origin":[8,8,10.5]},"faces":{"north":{"uv":[13.33333,0,14,0.44444],"texture":"#6","tintindex":0},"east":{"uv":[11.55556,13.77778,11.88889,14.22222],"texture":"#6","tintindex":0},"south":{"uv":[0,13.33333,0.66667,13.77778],"texture":"#6","tintindex":0},"west":{"uv":[12.44444,13.77778,12.77778,14.22222],"texture":"#6","tintindex":0},"up":{"uv":[13.66667,1.55556,13.33333,0.88889],"rotation":90,"texture":"#6","tintindex":0},"down":{"uv":[13.66667,2.22222,13.33333,2.88889],"rotation":270,"texture":"#6","tintindex":0}}},{"from":[10.49396,7.66086,7.86538],"to":[11.49396,9.91086,8.86538],"rotation":{"angle":-22.5,"axis":"z","origin":[8,8,10.5]},"faces":{"north":{"uv":[11.55556,11.11111,12,12.11111],"texture":"#6","tintindex":0},"east":{"uv":[10.66667,11.11111,11.11111,12.11111],"texture":"#6","tintindex":0},"south":{"uv":[11.55556,0,12,1],"texture":"#6","tintindex":0},"west":{"uv":[11.55556,4.88889,12,5.88889],"texture":"#6","tintindex":0},"up":{"uv":[13.77778,4,13.33333,3.55556],"rotation":90,"texture":"#6","tintindex":0},"down":{"uv":[13.77778,4.44444,13.33333,4.88889],"rotation":270,"texture":"#6","tintindex":0}}},{"from":[11.43243,9.04789,7.86538],"to":[12.43243,11.29789,8.86538],"rotation":{"angle":-45,"axis":"z","origin":[8,8,10.5]},"faces":{"north":{"uv":[12.44444,11.11111,12.88889,12.11111],"texture":"#6","tintindex":0},"east":{"uv":[12.44444,0,12.88889,1],"texture":"#6","tintindex":0},"south":{"uv":[12.44444,3.11111,12.88889,4.11111],"texture":"#6","tintindex":0},"west":{"uv":[12.44444,4.88889,12.88889,5.88889],"texture":"#6","tintindex":0},"up":{"uv":[13.77778,5.77778,13.33333,5.33333],"rotation":90,"texture":"#6","tintindex":0},"down":{"uv":[13.77778,6.22222,13.33333,6.66667],"rotation":270,"texture":"#6","tintindex":0}}},{"from":[4.50604,7.66086,7.86538],"to":[5.50604,9.91086,8.86538],"rotation":{"angle":22.5,"axis":"z","origin":[8,8,10.5]},"faces":{"north":{"uv":[12,11.11111,11.55556,12.11111],"texture":"#6","tintindex":0},"east":{"uv":[12,4.88889,11.55556,5.88889],"texture":"#6","tintindex":0},"south":{"uv":[12,0,11.55556,1],"texture":"#6","tintindex":0},"west":{"uv":[11.11111,11.11111,10.66667,12.11111],"texture":"#6","tintindex":0},"up":{"uv":[13.77778,3.55556,13.33333,4],"rotation":90,"texture":"#6","tintindex":0},"down":{"uv":[13.77778,4.88889,13.33333,4.44444],"rotation":270,"texture":"#6","tintindex":0}}},{"from":[3.56757,9.04789,7.86538],"to":[4.56757,11.29789,8.86538],"rotation":{"angle":45,"axis":"z","origin":[8,8,10.5]},"faces":{"north":{"uv":[12.88889,11.11111,12.44444,12.11111],"texture":"#6","tintindex":0},"east":{"uv":[12.88889,4.88889,12.44444,5.88889],"texture":"#6","tintindex":0},"south":{"uv":[12.88889,3.11111,12.44444,4.11111],"texture":"#6","tintindex":0},"west":{"uv":[12.88889,0,12.44444,1],"texture":"#6","tintindex":0},"up":{"uv":[13.77778,5.33333,13.33333,5.77778],"rotation":90,"texture":"#6","tintindex":0},"down":{"uv":[13.77778,6.66667,13.33333,6.22222],"rotation":270,"texture":"#6","tintindex":0}}},{"from":[3.52881,6.93802,7.98788],"to":[5.02881,8.01302,8.74288],"rotation":{"angle":22.5,"axis":"z","origin":[8,8,10.5]},"faces":{"north":{"uv":[14,0,13.33333,0.44444],"texture":"#6","tintindex":0},"east":{"uv":[12.77778,13.77778,12.44444,14.22222],"texture":"#6","tintindex":0},"south":{"uv":[0.66667,13.33333,0,13.77778],"texture":"#6","tintindex":0},"west":{"uv":[11.88889,13.77778,11.55556,14.22222],"texture":"#6","tintindex":0},"up":{"uv":[13.66667,0.88889,13.33333,1.55556],"rotation":90,"texture":"#6","tintindex":0},"down":{"uv":[13.66667,2.88889,13.33333,2.22222],"rotation":270,"texture":"#6","tintindex":0}}},{"from":[11.16702,2.875,7.76575],"to":[29.16702,16.875,7.77575],"rotation":{"angle":-22.5,"axis":"y","origin":[8,8,10.5]},"faces":{"north":{"uv":[0,0,8,6.22222],"texture":"#6","tintindex":0},"south":{"uv":[8,0,0,6.22222],"texture":"#6","tintindex":0}}},{"from":[11.16702,2.875,7.51575],"to":[29.16702,16.875,8.02575],"rotation":{"angle":-22.5,"axis":"y","origin":[8,8,10.5]},"faces":{"north":{"uv":[0,0,10.28571,8],"texture":"#7","tintindex":0},"south":{"uv":[10.28571,0,0,8],"texture":"#7","tintindex":0}}},{"from":[12.20573,0.74037,9.18585],"to":[26.20573,9.74037,9.19585],"rotation":{"angle":-45,"axis":"z","origin":[8,8,10.5]},"faces":{"north":{"uv":[0,6.66667,6.22222,10.66667],"texture":"#6","tintindex":0},"south":{"uv":[6.22222,6.66667,0,10.66667],"texture":"#6","tintindex":0}}},{"from":[12.20573,0.74037,8.93585],"to":[26.20573,9.74037,9.44585],"rotation":{"angle":-45,"axis":"z","origin":[8,8,10.5]},"faces":{"north":{"uv":[8,8.28571,16,13.42857],"texture":"#7","tintindex":0},"south":{"uv":[16,8.28571,8,13.42857],"texture":"#7","tintindex":0}}},{"from":[9.74037,3.79427,9.18585],"to":[23.74037,12.79427,9.19585],"rotation":{"angle":45,"axis":"z","origin":[8,8,10.5]},"faces":{"north":{"uv":[6.66667,6.66667,12.88889,10.66667],"texture":"#6","tintindex":0},"south":{"uv":[12.88889,6.66667,6.66667,10.66667],"texture":"#6","tintindex":0}}},{"from":[9.74037,3.79427,8.93585],"to":[23.74037,12.79427,9.44585],"rotation":{"angle":45,"axis":"z","origin":[8,8,10.5]},"faces":{"north":{"uv":[0,8.28571,8,13.42857],"texture":"#7","tintindex":0},"south":{"uv":[8,8.28571,0,13.42857],"texture":"#7","tintindex":0}}},{"from":[-13.16702,2.875,7.51575],"to":[4.83298,16.875,8.02575],"rotation":{"angle":22.5,"axis":"y","origin":[8,8,10.5]},"faces":{"north":{"uv":[10.28571,0,0,8],"texture":"#7","tintindex":0},"south":{"uv":[0,0,10.28571,8],"texture":"#7","tintindex":0}}},{"from":[-7.74037,3.79427,8.93585],"to":[6.25963,12.79427,9.44585],"rotation":{"angle":-45,"axis":"z","origin":[8,8,10.5]},"faces":{"north":{"uv":[8,8.28571,0,13.42857],"texture":"#7","tintindex":0},"south":{"uv":[0,8.28571,8,13.42857],"texture":"#7","tintindex":0}}},{"from":[-10.20573,0.74037,8.93585],"to":[3.79427,9.74037,9.44585],"rotation":{"angle":45,"axis":"z","origin":[8,8,10.5]},"faces":{"north":{"uv":[16,8.28571,8,13.42857],"texture":"#7","tintindex":0},"south":{"uv":[8,8.28571,16,13.42857],"texture":"#7","tintindex":0}}},{"from":[-13.16702,2.875,7.76575],"to":[4.83298,16.875,7.77575],"rotation":{"angle":22.5,"axis":"y","origin":[8,8,10.5]},"faces":{"north":{"uv":[8,0,0,6.22222],"texture":"#6","tintindex":0},"south":{"uv":[0,0,8,6.22222],"texture":"#6","tintindex":0}}},{"from":[-10.20573,0.74037,9.18585],"to":[3.79427,9.74037,9.19585],"rotation":{"angle":45,"axis":"z","origin":[8,8,10.5]},"faces":{"north":{"uv":[6.22222,6.66667,0,10.66667],"texture":"#6","tintindex":0},"south":{"uv":[0,6.66667,6.22222,10.66667],"texture":"#6","tintindex":0}}},{"from":[-7.74037,3.79427,9.18585],"to":[6.25963,12.79427,9.19585],"rotation":{"angle":-45,"axis":"z","origin":[8,8,10.5]},"faces":{"north":{"uv":[12.88889,6.66667,6.66667,10.66667],"texture":"#6","tintindex":0},"south":{"uv":[6.66667,6.66667,12.88889,10.66667],"texture":"#6","tintindex":0}}}],"gui_light":"front","display":{"thirdperson_righthand":{"rotation":[-125,0,-180],"translation":[0,1,2.25],"scale":[0.8,0.8,0.8]},"thirdperson_lefthand":{"rotation":[68.25,0,0],"translation":[-5.5,-6.75,9.75]},"firstperson_righthand":{"rotation":[-19,0,0],"translation":[4,2.25,0],"scale":[0.55,0.55,0.55]},"firstperson_lefthand":{"rotation":[-19,0,0],"translation":[4,2.25,0],"scale":[0,0,0]},"ground":{"rotation":[-45,0,0],"translation":[0,5,0],"scale":[0.5,0.5,0.5]},"gui":{"translation":[0,1,0],"scale":[0.4,0.4,0.4]},"head":{"translation":[0,-61.75,6.75],"scale":[2,2,2]},"fixed":{"rotation":[0,-180,0],"translation":[0,0,-1.75],"scale":[2,2,2]}},"mcmodels":"2242ca00779b0da3b29c3e9640ae400d"}