{"textures​":{"layer0":"minecraft:item/attached_melon_stem"},"\u0074\u0065\u0078\u0074\u0075\u0072\u0065\u0073":{"0":"\u006d\u006f\u0064\u0065\u006c\u0065\u006e\u0067\u0069\u006e\u0065:\u0065\u006e\u0074\u0069\u0074\u0079/\u0076\u006f\u0069\u0064\u0073\u006c\u0069\u006e\u0067","\u0070\u0061\u0072\u0074\u0069\u0063\u006c\u0065":"#0"},"elements":[{"from":[4.8,4.8,0.8],"to":[11.2,11.2,15.2],"faces":{"east":{"uv":[2.375,11.125,0.625,11.875],"tintindex":0,"rotation":0,"texture":"#0"},"south":{"uv":[3.75,8.75,3.0,9.5],"tintindex":0,"rotation":0,"texture":"#0"},"north":{"uv":[9.5,2.25,8.75,3.0],"tintindex":0,"rotation":0,"texture":"#0"},"west":{"uv":[0.625,11.125,2.375,11.875],"tintindex":0,"rotation":0,"texture":"#0"},"up":{"uv":[0.75,7.375,1.5,5.625],"tintindex":0,"rotation":0,"texture":"#0"},"down":{"uv":[0.75,5.625,1.5,7.375],"tintindex":0,"rotation":0,"texture":"#0"}}},{"from":[5.0,5.0,1.0],"to":[11.0,11.0,15.0],"faces":{"east":{"uv":[4.625,12.5,6.375,13.25],"tintindex":0,"rotation":0,"texture":"#0"},"south":{"uv":[9.5,1.5,8.75,2.25],"tintindex":0,"rotation":0,"texture":"#0"},"north":{"uv":[9.5,0.75,8.75,1.5],"tintindex":0,"rotation":0,"texture":"#0"},"west":{"uv":[4.625,12.5,6.375,13.25],"tintindex":0,"rotation":0,"texture":"#0"},"up":{"uv":[0.0,7.375,0.75,5.625],"tintindex":0,"rotation":0,"texture":"#0"},"down":{"uv":[0.0,5.625,0.75,7.375],"tintindex":0,"rotation":0,"texture":"#0"}}}],"display":{"head":{"rotation":[0.0,0.0,0.0]},"firstperson_righthand":{"rotation":[0.0,0.0,0.0]},"thirdperson_lefthand":{"rotation":[0.0,0.0,0.0]},"firstperson_lefthand":{"rotation":[0.0,0.0,0.0]},"fixed":{"rotation":[0.0,0.0,0.0]},"ground":{"rotation":[0.0,0.0,0.0]},"thirdperson_righthand":{"rotation":[0.0,0.0,0.0]},"gui":{"rotation":[-150.0,-45.0,180.0]}},"gui_light":"front"}