{"textures":{"0":"modelengine:entity/ender_clam","particle":"#0"},"elements":[{"from":[1.0,4.975,-3.0],"to":[15.0,7.975,8.0],"faces":{"east":{"uv":[7.0,5.5,9.75,6.25],"tintindex":0,"rotation":0,"texture":"#0"},"south":{"uv":[7.0,0.0,10.5,0.75],"tintindex":0,"rotation":0,"texture":"#0"},"north":{"uv":[3.25,6.75,6.75,7.5],"tintindex":0,"rotation":0,"texture":"#0"},"west":{"uv":[7.0,6.5,9.75,7.25],"tintindex":0,"rotation":0,"texture":"#0"},"up":{"uv":[3.5,2.75,0.0,0.0],"tintindex":0,"rotation":0,"texture":"#0"},"down":{"uv":[3.5,3.0,0.0,5.75],"tintindex":0,"rotation":0,"texture":"#0"}}},{"from":[15.0,7.975,-3.0],"to":[15.0,10.975,8.0],"faces":{"east":{"uv":[9.75,7.5,7.0,8.25],"tintindex":0,"rotation":0,"texture":"#0"},"west":{"uv":[7.0,7.5,9.75,8.25],"tintindex":0,"rotation":0,"texture":"#0"}}},{"from":[1.0,7.975,-3.0],"to":[15.0,10.975,-3.0],"faces":{"south":{"uv":[10.5,1.0,7.0,1.75],"tintindex":0,"rotation":0,"texture":"#0"},"north":{"uv":[7.0,1.0,10.5,1.75],"tintindex":0,"rotation":0,"texture":"#0"}}},{"from":[1.0,7.975,-3.0],"to":[1.0,10.975,8.0],"faces":{"east":{"uv":[9.75,7.5,7.0,8.25],"tintindex":0,"rotation":0,"texture":"#0"},"west":{"uv":[7.0,7.5,9.75,8.25],"tintindex":0,"rotation":0,"texture":"#0"}}}],"display":{"head":{"rotation":[0.0,0.0,0.0]},"firstperson_righthand":{"rotation":[0.0,0.0,0.0]},"thirdperson_lefthand":{"rotation":[0.0,-0.0,-0.0]},"firstperson_lefthand":{"rotation":[0.0,-0.0,-0.0]},"fixed":{"rotation":[0.0,0.0,0.0]},"ground":{"rotation":[0.0,0.0,0.0]},"thirdperson_righthand":{"rotation":[0.0,0.0,0.0]},"gui":{"rotation":[-150.0,-45.0,180.0]}}}