{"credit":"Made by PolygonMC","textures":{"1":"summerset:animations/spin_animations","3":"summerset:animations/bubble_1","4":"summerset:mask","particle":"summerset:animations/bubble_1"},"elements":[{"from":[6,5.13702,4.5],"to":[10,6.63702,5],"rotation":{"angle":0,"axis":"y","origin":[9,4.63702,4]},"faces":{"north":{"uv":[6,4,10,5.5],"texture":"#4","tintindex":0},"east":{"uv":[11,2,11.5,3.5],"texture":"#4","tintindex":0},"south":{"uv":[6,6,10,7.5],"texture":"#4","tintindex":0},"west":{"uv":[3,11,3.5,12.5],"texture":"#4","tintindex":0},"down":{"uv":[10,9,6,9.5],"texture":"#4","tintindex":0}}},{"from":[5.25,6.63702,4.5],"to":[10.75,10.38702,5],"rotation":{"angle":0,"axis":"y","origin":[9,6.13702,4]},"faces":{"north":{"uv":[0,0,5.5,3.75],"texture":"#4","tintindex":0},"east":{"uv":[0,10,0.5,13.75],"texture":"#4","tintindex":0},"south":{"uv":[0,4,5.5,7.75],"texture":"#4","tintindex":0},"west":{"uv":[1,10,1.5,13.75],"texture":"#4","tintindex":0},"up":{"uv":[7.5,8.5,2,8],"texture":"#4","tintindex":0},"down":{"uv":[13.5,8,8,8.5],"texture":"#4","tintindex":0}}},{"from":[8.4,10.55,4.725],"to":[10.4,12.55,4.755],"rotation":{"angle":22.5,"axis":"z","origin":[9.4,11.55,4.74]},"faces":{"north":{"uv":[13,0,15,2],"texture":"#4","tintindex":0},"south":{"uv":[15,0,13,2],"texture":"#4","tintindex":0}}},{"from":[9.4,10.3,4.825],"to":[11.4,12.3,4.855],"rotation":{"angle":0,"axis":"z","origin":[10.4,11.3,4.84]},"faces":{"north":{"uv":[13,0,15,2],"texture":"#4","tintindex":0},"south":{"uv":[15,0,13,2],"texture":"#4","tintindex":0}}},{"from":[4.6,10.3,4.825],"to":[6.6,12.3,4.855],"rotation":{"angle":0,"axis":"z","origin":[5.6,11.3,4.84]},"faces":{"north":{"uv":[15,0,13,2],"texture":"#4","tintindex":0},"south":{"uv":[13,0,15,2],"texture":"#4","tintindex":0}}},{"from":[5.6,10.55,4.725],"to":[7.6,12.55,4.755],"rotation":{"angle":-22.5,"axis":"z","origin":[6.6,11.55,4.74]},"faces":{"north":{"uv":[15,0,13,2],"texture":"#4","tintindex":0},"south":{"uv":[13,0,15,2],"texture":"#4","tintindex":0}}},{"from":[10.75,9.75,4.725],"to":[11.75,10.75,4.755],"rotation":{"angle":0,"axis":"y","origin":[11.25,10.25,4.74]},"faces":{"north":{"uv":[14,2.5,15,3.5],"texture":"#4","tintindex":0},"south":{"uv":[15,2.5,14,3.5],"texture":"#4","tintindex":0}}},{"from":[10.75,9,4.825],"to":[11.75,10,4.855],"rotation":{"angle":-22.5,"axis":"z","origin":[11.25,9.5,4.84]},"faces":{"north":{"uv":[14,2.5,15,3.5],"texture":"#4","tintindex":0},"south":{"uv":[15,2.5,14,3.5],"texture":"#4","tintindex":0}}},{"from":[7.5,10.9,4.575],"to":[8.5,11.9,4.605],"rotation":{"angle":45,"axis":"z","origin":[8,11.4,4.59]},"faces":{"north":{"uv":[14,2.5,15,3.5],"texture":"#4","tintindex":0},"south":{"uv":[15,2.5,14,3.5],"texture":"#4","tintindex":0}}},{"from":[10.75,8.25,4.9],"to":[11.75,9.25,4.93],"rotation":{"angle":-45,"axis":"z","origin":[11.25,8.75,4.915]},"faces":{"north":{"uv":[14,2.5,15,3.5],"texture":"#4","tintindex":0},"south":{"uv":[15,2.5,14,3.5],"texture":"#4","tintindex":0}}},{"from":[10.75,7.75,4.825],"to":[11.5,8.5,4.855],"rotation":{"angle":22.5,"axis":"z","origin":[11.125,8.125,4.84]},"faces":{"north":{"uv":[14.25,4,15,4.75],"rotation":270,"texture":"#4","tintindex":0},"south":{"uv":[15,4,14.25,4.75],"rotation":90,"texture":"#4","tintindex":0}}},{"from":[4.5,7.75,4.825],"to":[5.25,8.5,4.855],"rotation":{"angle":-22.5,"axis":"z","origin":[4.875,8.125,4.84]},"faces":{"north":{"uv":[14.25,4.75,15,4],"rotation":270,"texture":"#4","tintindex":0},"south":{"uv":[15,4.75,14.25,4],"rotation":90,"texture":"#4","tintindex":0}}},{"from":[4.25,8.25,4.9],"to":[5.25,9.25,4.93],"rotation":{"angle":45,"axis":"z","origin":[4.75,8.75,4.915]},"faces":{"north":{"uv":[15,2.5,14,3.5],"texture":"#4","tintindex":0},"south":{"uv":[14,2.5,15,3.5],"texture":"#4","tintindex":0}}},{"from":[4.25,9,4.825],"to":[5.25,10,4.855],"rotation":{"angle":22.5,"axis":"z","origin":[4.75,9.5,4.84]},"faces":{"north":{"uv":[15,2.5,14,3.5],"texture":"#4","tintindex":0},"south":{"uv":[14,2.5,15,3.5],"texture":"#4","tintindex":0}}},{"from":[4.25,9.75,4.725],"to":[5.25,10.75,4.755],"rotation":{"angle":0,"axis":"y","origin":[4.75,10.25,4.74]},"faces":{"north":{"uv":[15,2.5,14,3.5],"texture":"#4","tintindex":0},"south":{"uv":[14,2.5,15,3.5],"texture":"#4","tintindex":0}}},{"from":[5.25,7.88702,9.999],"to":[10.75,9.38702,9.999],"rotation":{"angle":0,"axis":"y","origin":[8,8.63702,9.999]},"faces":{"north":{"uv":[11.5,0,6,1.5],"texture":"#4","tintindex":0},"south":{"uv":[6,0,11.5,1.5],"texture":"#4","tintindex":0}}},{"from":[10.75,7.88702,5],"to":[10.75,9.38702,10],"rotation":{"angle":0,"axis":"y","origin":[12.75,6.13702,5]},"faces":{"east":{"uv":[6,2,11,3.5],"texture":"#4","tintindex":0},"west":{"uv":[11,2,6,3.5],"texture":"#4","tintindex":0}}},{"from":[5.25,7.88702,5],"to":[5.25,9.38702,10],"rotation":{"angle":0,"axis":"y","origin":[3.25,6.13702,5]},"faces":{"east":{"uv":[6,2,11,3.5],"texture":"#4","tintindex":0},"west":{"uv":[11,2,6,3.5],"texture":"#4","tintindex":0}}},{"from":[7.25,9.13702,4.25],"to":[8.75,10.88702,4.75],"rotation":{"angle":0,"axis":"y","origin":[7,9.13702,3.75]},"faces":{"north":{"uv":[2,9,3.5,10.75],"texture":"#4","tintindex":0},"east":{"uv":[10,9,10.5,10.75],"texture":"#4","tintindex":0},"south":{"uv":[4,9,5.5,10.75],"texture":"#4","tintindex":0},"west":{"uv":[2,11,2.5,12.75],"texture":"#4","tintindex":0},"up":{"uv":[5.5,11.5,4,11],"texture":"#4","tintindex":0},"down":{"uv":[12.5,4,11,4.5],"texture":"#4","tintindex":0}}},{"from":[4.775,7.43087,6.48083],"to":[5.275,10.93087,6.98083],"rotation":{"angle":22.5,"axis":"x","origin":[5.4,9.07907,6.92179]},"faces":{"north":{"uv":[10,4,10.5,7.5],"texture":"#4","tintindex":0},"east":{"uv":[6,10,6.5,13.5],"texture":"#4","tintindex":0},"south":{"uv":[7,10,7.5,13.5],"texture":"#4","tintindex":0},"west":{"uv":[8,10,8.5,13.5],"texture":"#4","tintindex":0},"up":{"uv":[10.5,11.5,10,11],"texture":"#4","tintindex":0},"down":{"uv":[11.5,10,11,10.5],"texture":"#4","tintindex":0}}},{"from":[4.4225,10.56049,7.15152],"to":[5.2775,11.16549,7.75652],"rotation":{"angle":-22.5,"axis":"x","origin":[5.025,10.86299,7.45402]},"faces":{"north":{"uv":[11,6,11.75,6.5],"texture":"#4","tintindex":0},"east":{"uv":[11,11,11.5,11.5],"texture":"#4","tintindex":0},"south":{"uv":[11,7,11.75,7.5],"texture":"#4","tintindex":0},"west":{"uv":[12,0,12.5,0.5],"texture":"#4","tintindex":0},"up":{"uv":[9.75,11.5,9,11],"texture":"#4","tintindex":0},"down":{"uv":[11.75,9,11,9.5],"texture":"#4","tintindex":0}}},{"from":[4.625,11.725,2.1],"to":[4.655,14.975,5.35],"rotation":{"angle":22.5,"axis":"x","origin":[-2.225,2.75,-0.7]},"faces":{"east":{"uv":[13,0,0,13],"texture":"#1","tintindex":0},"west":{"uv":[0,0,13,13],"texture":"#1","tintindex":0}}},{"from":[3.265,9.5,5.235],"to":[5.265,12.5,5.265],"rotation":{"angle":0,"axis":"y","origin":[4.265,11,5.25]},"faces":{"north":{"uv":[0,0,8,12],"texture":"#3","tintindex":0},"south":{"uv":[8,0,0,12],"texture":"#3","tintindex":0},"down":{"uv":[0,0,0,8],"rotation":270,"texture":"#3","tintindex":0}}},{"from":[10.735,9.5,5.235],"to":[12.735,12.5,5.265],"rotation":{"angle":0,"axis":"y","origin":[11.735,11,5.25]},"faces":{"north":{"uv":[8,0,0,12],"texture":"#3","tintindex":0},"south":{"uv":[0,0,8,12],"texture":"#3","tintindex":0},"down":{"uv":[0,8,0,0],"rotation":270,"texture":"#3","tintindex":0}}}],"gui_light":"front","display":{"thirdperson_righthand":{"rotation":[49,0,0],"translation":[0,-0.5,0],"scale":[0.79297,0.79297,0.79297]},"thirdperson_lefthand":{"rotation":[49,0,0],"translation":[0,-0.5,0],"scale":[0.79297,0.79297,0.79297]},"firstperson_righthand":{"rotation":[149.75,0,-180],"translation":[-4.75,5.25,4.5],"scale":[0.74805,0.74805,0.74805]},"firstperson_lefthand":{"rotation":[149.75,0,-180],"translation":[-4.75,5.25,4.5],"scale":[0.74805,0.74805,0.74805]},"ground":{"rotation":[45,0,0],"translation":[0,2.75,0],"scale":[1.40625,1.40625,1.40625]},"gui":{"rotation":[0,150,0],"translation":[1.25,-1.5,0],"scale":[1.92383,1.92383,1.92383]},"head":{"translation":[0,0.75,2],"scale":[2.83203,2.83203,2.83203]},"fixed":{"translation":[0,-1.75,4],"scale":[3.41992,3.41992,3.41992]}}}