{"textures​":{"layer0":"minecraft:item/golden_sword"},"\u0074\u0065\u0078\u0074\u0075\u0072\u0065\u0073":{"0":"\u006d\u006f\u0064\u0065\u006c\u0065\u006e\u0067\u0069\u006e\u0065:\u0065\u006e\u0074\u0069\u0074\u0079/\u0076\u006f\u0069\u0064_\u0068\u0079\u0064\u0072\u0061_\u0073\u006b\u0069\u006e","\u0070\u0061\u0072\u0074\u0069\u0063\u006c\u0065":"#0"},"elements":[{"from":[-6.0,1.0,4.0],"to":[8.0,9.0,12.0],"faces":{"east":{"uv":[14.15625,11.21875,14.40625,11.46875],"tintindex":0,"rotation":0,"texture":"#0"},"south":{"uv":[2.8125,9.90625,3.25,10.15625],"tintindex":0,"rotation":0,"texture":"#0"},"north":{"uv":[14.03125,2.859375,14.46875,3.109375],"tintindex":0,"rotation":0,"texture":"#0"},"west":{"uv":[14.140625,0.0,14.390625,0.25],"tintindex":0,"rotation":0,"texture":"#0"},"up":{"uv":[14.03125,3.109375,14.46875,3.359375],"tintindex":0,"rotation":180,"texture":"#0"},"down":{"uv":[7.359375,14.03125,7.796875,14.28125],"tintindex":0,"rotation":180,"texture":"#0"}}},{"from":[-14.0,-4.0,8.0],"to":[-6.0,9.0,8.0],"faces":{"south":{"uv":[4.90625,11.0,5.15625,11.40625],"tintindex":0,"rotation":0,"texture":"#0"},"north":{"uv":[6.375,10.96875,6.625,11.375],"tintindex":0,"rotation":0,"texture":"#0"}}}],"display":{"gui":{"rotation":[-150.0,-45.0,180.0]}},"gui_light":"front"}