{"textures​":{"layer0":"minecraft:item/smooth_stone"},"\u0074\u0065\u0078\u0074\u0075\u0072\u0065\u0073":{"0":"\u006d\u006f\u0064\u0065\u006c\u0065\u006e\u0067\u0069\u006e\u0065:\u0065\u006e\u0074\u0069\u0074\u0079/\u0076\u006f\u0069\u0064_\u0068\u0079\u0064\u0072\u0061_\u0073\u006b\u0069\u006e","\u0070\u0061\u0072\u0074\u0069\u0063\u006c\u0065":"#0"},"elements":[{"from":[3.5842562,7.6666665,-6.631256],"to":[8.250923,9.333333,4.0354104],"faces":{"east":{"uv":[9.84375,0.546875,9.34375,0.625],"tintindex":0,"rotation":0,"texture":"#0"},"south":{"uv":[1.765625,10.59375,1.546875,10.671875],"tintindex":0,"rotation":0,"texture":"#0"},"north":{"uv":[10.78125,7.53125,10.5625,7.609375],"tintindex":0,"rotation":0,"texture":"#0"},"west":{"uv":[3.796875,8.984375,3.296875,9.0625],"tintindex":0,"rotation":0,"texture":"#0"},"up":{"uv":[12.9375,13.9375,12.71875,14.4375],"tintindex":0,"rotation":0,"texture":"#0"},"down":{"uv":[10.375,13.953125,10.15625,14.453125],"tintindex":0,"rotation":0,"texture":"#0"}},"rotation":{"origin":[9.584256,16.333334,-1.2979231],"angle":-22.5,"axis":"y"}},{"from":[6.0,0.6666665,-10.0],"to":[10.0,7.6666665,8.0],"faces":{"east":{"uv":[13.125,0.375,13.96875,0.703125],"tintindex":0,"rotation":0,"texture":"#0"},"south":{"uv":[7.53125,12.328125,7.71875,12.65625],"tintindex":0,"rotation":0,"texture":"#0"},"north":{"uv":[7.09375,11.765625,7.28125,12.09375],"tintindex":0,"rotation":0,"texture":"#0"},"west":{"uv":[8.65625,13.15625,9.5,13.484375],"tintindex":0,"rotation":0,"texture":"#0"},"up":{"uv":[1.921875,8.8125,2.109375,9.65625],"tintindex":0,"rotation":0,"texture":"#0"},"down":{"uv":[10.984375,12.34375,11.171875,13.1875],"tintindex":0,"rotation":0,"texture":"#0"}}},{"from":[7.3324103,7.6666665,-6.297923],"to":[11.999077,9.333333,4.368744],"faces":{"east":{"uv":[9.84375,7.53125,10.34375,7.609375],"tintindex":0,"rotation":0,"texture":"#0"},"south":{"uv":[10.65625,9.90625,10.875,9.984375],"tintindex":0,"rotation":0,"texture":"#0"},"north":{"uv":[1.765625,10.59375,1.984375,10.671875],"tintindex":0,"rotation":0,"texture":"#0"},"west":{"uv":[9.953125,1.828125,10.453125,1.90625],"tintindex":0,"rotation":0,"texture":"#0"},"up":{"uv":[7.796875,14.03125,8.015625,14.53125],"tintindex":0,"rotation":0,"texture":"#0"},"down":{"uv":[8.015625,14.03125,8.234375,14.53125],"tintindex":0,"rotation":0,"texture":"#0"}},"rotation":{"origin":[5.999077,16.333334,-0.9645901],"angle":22.5,"axis":"y"}},{"from":[13.787987,0.73333216,1.4211526],"to":[18.454655,7.799998,6.087819],"faces":{"east":{"uv":[2.625,7.9375,2.84375,8.265625],"tintindex":0,"rotation":0,"texture":"#0"},"south":{"uv":[7.296875,10.734375,7.515625,11.0625],"tintindex":0,"rotation":0,"texture":"#0"},"north":{"uv":[3.65625,5.71875,3.875,6.046875],"tintindex":0,"rotation":0,"texture":"#0"},"west":{"uv":[7.734375,11.140625,7.953125,11.46875],"tintindex":0,"rotation":0,"texture":"#0"},"up":{"uv":[14.296875,0.25,14.515625,0.46875],"tintindex":0,"rotation":0,"texture":"#0"},"down":{"uv":[14.296875,0.46875,14.515625,0.6875],"tintindex":0,"rotation":0,"texture":"#0"}},"rotation":{"origin":[16.12132,5.799998,6.754486],"angle":45.0,"axis":"y"}},{"from":[10.0,0.6666665,1.333333],"to":[14.0,7.6666665,8.0],"faces":{"east":{"uv":[8.40625,3.96875,8.71875,4.296875],"tintindex":0,"rotation":0,"texture":"#0"},"south":{"uv":[1.78125,12.765625,1.96875,13.09375],"tintindex":0,"rotation":0,"texture":"#0"},"north":{"uv":[6.46875,12.546875,6.65625,12.875],"tintindex":0,"rotation":0,"texture":"#0"},"west":{"uv":[5.1875,10.5,5.5,10.828125],"tintindex":0,"rotation":0,"texture":"#0"},"up":{"uv":[14.21875,1.640625,14.40625,1.953125],"tintindex":0,"rotation":0,"texture":"#0"},"down":{"uv":[14.234375,5.546875,14.421875,5.859375],"tintindex":0,"rotation":0,"texture":"#0"}}},{"from":[6.081956,7.6666665,-8.521383],"to":[7.0819564,9.333333,-7.5213833],"faces":{"east":{"uv":[3.875,5.75,3.921875,5.828125],"tintindex":0,"rotation":0,"texture":"#0"},"south":{"uv":[3.875,5.671875,3.921875,5.75],"tintindex":0,"rotation":0,"texture":"#0"},"north":{"uv":[3.84375,5.59375,3.890625,5.671875],"tintindex":0,"rotation":0,"texture":"#0"},"west":{"uv":[3.890625,5.59375,3.9375,5.671875],"tintindex":0,"rotation":0,"texture":"#0"},"up":{"uv":[3.875,5.953125,3.921875,6.0],"tintindex":0,"rotation":0,"texture":"#0"},"down":{"uv":[3.875,6.0,3.921875,6.046875],"tintindex":0,"rotation":0,"texture":"#0"}},"rotation":{"origin":[6.081956,8.666667,-8.521383],"angle":45.0,"axis":"y"}},{"from":[7.749077,7.6666665,-6.631256],"to":[12.415744,9.333333,4.0354104],"faces":{"east":{"uv":[3.296875,8.984375,3.796875,9.0625],"tintindex":0,"rotation":0,"texture":"#0"},"south":{"uv":[1.546875,10.59375,1.765625,10.671875],"tintindex":0,"rotation":0,"texture":"#0"},"north":{"uv":[10.5625,7.53125,10.78125,7.609375],"tintindex":0,"rotation":0,"texture":"#0"},"west":{"uv":[9.34375,0.546875,9.84375,0.625],"tintindex":0,"rotation":0,"texture":"#0"},"up":{"uv":[12.71875,13.9375,12.9375,14.4375],"tintindex":0,"rotation":0,"texture":"#0"},"down":{"uv":[10.15625,13.953125,10.375,14.453125],"tintindex":0,"rotation":0,"texture":"#0"}},"rotation":{"origin":[6.4157434,16.333334,-1.2979231],"angle":22.5,"axis":"y"}},{"from":[11.333334,5.757695,1.8456621],"to":[13.333334,9.757695,13.178996],"faces":{"east":{"uv":[4.8125,2.4375,5.34375,2.625],"tintindex":0,"rotation":0,"texture":"#0"},"south":{"uv":[3.84375,5.40625,3.9375,5.59375],"tintindex":0,"rotation":0,"texture":"#0"},"north":{"uv":[5.34375,2.4375,5.4375,2.625],"tintindex":0,"rotation":0,"texture":"#0"},"west":{"uv":[2.03125,9.71875,2.5625,9.90625],"tintindex":0,"rotation":0,"texture":"#0"},"up":{"uv":[3.84375,4.875,3.9375,5.40625],"tintindex":0,"rotation":0,"texture":"#0"},"down":{"uv":[4.96875,8.375,5.0625,8.90625],"tintindex":0,"rotation":0,"texture":"#0"}},"rotation":{"origin":[11.333334,7.424362,6.845662],"angle":-22.5,"axis":"x"}},{"from":[3.5842562,1.0,-6.631256],"to":[8.250923,7.6666665,4.0354104],"faces":{"east":{"uv":[14.28125,9.09375,13.78125,9.40625],"tintindex":0,"rotation":0,"texture":"#0"},"south":{"uv":[14.328125,11.75,14.109375,12.0625],"tintindex":0,"rotation":0,"texture":"#0"},"north":{"uv":[13.03125,9.40625,12.8125,9.71875],"tintindex":0,"rotation":0,"texture":"#0"},"west":{"uv":[8.65625,0.6875,8.15625,1.0],"tintindex":0,"rotation":0,"texture":"#0"},"up":{"uv":[1.25,12.265625,1.03125,12.765625],"tintindex":0,"rotation":0,"texture":"#0"},"down":{"uv":[5.34375,13.9375,5.125,14.4375],"tintindex":0,"rotation":0,"texture":"#0"}},"rotation":{"origin":[9.584256,9.666667,-1.2979231],"angle":-22.5,"axis":"y"}},{"from":[-2.4546537,0.73333216,1.4211526],"to":[2.2120132,7.799998,6.087819],"faces":{"east":{"uv":[7.953125,11.140625,7.734375,11.46875],"tintindex":0,"rotation":0,"texture":"#0"},"south":{"uv":[7.515625,10.734375,7.296875,11.0625],"tintindex":0,"rotation":0,"texture":"#0"},"north":{"uv":[3.875,5.71875,3.65625,6.046875],"tintindex":0,"rotation":0,"texture":"#0"},"west":{"uv":[2.84375,7.9375,2.625,8.265625],"tintindex":0,"rotation":0,"texture":"#0"},"up":{"uv":[14.515625,0.25,14.296875,0.46875],"tintindex":0,"rotation":0,"texture":"#0"},"down":{"uv":[14.515625,0.46875,14.296875,0.6875],"tintindex":0,"rotation":0,"texture":"#0"}},"rotation":{"origin":[-0.121320724,5.799998,6.754486],"angle":-45.0,"axis":"y"}},{"from":[2.6666665,5.757695,1.8456621],"to":[4.6666665,9.757695,13.178996],"faces":{"east":{"uv":[4.8125,2.4375,5.34375,2.625],"tintindex":0,"rotation":0,"texture":"#0"},"south":{"uv":[3.84375,5.40625,3.9375,5.59375],"tintindex":0,"rotation":0,"texture":"#0"},"north":{"uv":[5.34375,2.4375,5.4375,2.625],"tintindex":0,"rotation":0,"texture":"#0"},"west":{"uv":[2.03125,9.71875,2.5625,9.90625],"tintindex":0,"rotation":0,"texture":"#0"},"up":{"uv":[3.84375,4.875,3.9375,5.40625],"tintindex":0,"rotation":0,"texture":"#0"},"down":{"uv":[4.96875,8.375,5.0625,8.90625],"tintindex":0,"rotation":0,"texture":"#0"}},"rotation":{"origin":[4.6666665,7.424362,6.845662],"angle":-22.5,"axis":"x"}},{"from":[4.000923,7.6666665,-6.297923],"to":[8.66759,9.333333,4.368744],"faces":{"east":{"uv":[10.453125,1.828125,9.953125,1.90625],"tintindex":0,"rotation":0,"texture":"#0"},"south":{"uv":[10.875,9.90625,10.65625,9.984375],"tintindex":0,"rotation":0,"texture":"#0"},"north":{"uv":[1.984375,10.59375,1.765625,10.671875],"tintindex":0,"rotation":0,"texture":"#0"},"west":{"uv":[10.34375,7.53125,9.84375,7.609375],"tintindex":0,"rotation":0,"texture":"#0"},"up":{"uv":[8.015625,14.03125,7.796875,14.53125],"tintindex":0,"rotation":0,"texture":"#0"},"down":{"uv":[8.234375,14.03125,8.015625,14.53125],"tintindex":0,"rotation":0,"texture":"#0"}},"rotation":{"origin":[10.000923,16.333334,-0.9645901],"angle":-22.5,"axis":"y"}},{"from":[5.933333,0.07027149,-9.91972],"to":[10.066668,2.0702715,-5.2530518],"faces":{"east":{"uv":[8.34375,2.84375,8.5625,2.9375],"tintindex":0,"rotation":0,"texture":"#0"},"south":{"uv":[6.75,9.78125,6.9375,9.875],"tintindex":0,"rotation":0,"texture":"#0"},"north":{"uv":[8.40625,4.296875,8.59375,4.390625],"tintindex":0,"rotation":0,"texture":"#0"},"west":{"uv":[8.359375,5.34375,8.578125,5.4375],"tintindex":0,"rotation":0,"texture":"#0"},"up":{"uv":[7.09375,12.09375,7.28125,12.3125],"tintindex":0,"rotation":0,"texture":"#0"},"down":{"uv":[3.78125,12.140625,3.96875,12.359375],"tintindex":0,"rotation":0,"texture":"#0"}},"rotation":{"origin":[8.0,2.0702715,-0.91971874],"angle":22.5,"axis":"x"}},{"from":[5.2666664,2.4483337,-11.317709],"to":[10.733334,10.781668,-5.984375],"faces":{"east":{"uv":[14.125,8.703125,14.375,9.09375],"tintindex":0,"rotation":0,"texture":"#0"},"south":{"uv":[11.21875,14.125,11.46875,14.515625],"tintindex":0,"rotation":0,"texture":"#0"},"north":{"uv":[14.09375,7.15625,14.34375,7.546875],"tintindex":0,"rotation":0,"texture":"#0"},"west":{"uv":[11.46875,14.125,11.71875,14.515625],"tintindex":0,"rotation":0,"texture":"#0"},"up":{"uv":[14.15625,13.71875,14.40625,13.96875],"tintindex":0,"rotation":0,"texture":"#0"},"down":{"uv":[14.171875,2.0,14.421875,2.25],"tintindex":0,"rotation":0,"texture":"#0"}},"rotation":{"origin":[8.0,8.448334,-16.317709],"angle":22.5,"axis":"x"}},{"from":[8.918044,7.6666665,-8.521383],"to":[9.918044,9.333333,-7.5213833],"faces":{"east":{"uv":[3.9375,5.59375,3.890625,5.671875],"tintindex":0,"rotation":0,"texture":"#0"},"south":{"uv":[3.921875,5.671875,3.875,5.75],"tintindex":0,"rotation":0,"texture":"#0"},"north":{"uv":[3.890625,5.59375,3.84375,5.671875],"tintindex":0,"rotation":0,"texture":"#0"},"west":{"uv":[3.921875,5.75,3.875,5.828125],"tintindex":0,"rotation":0,"texture":"#0"},"up":{"uv":[3.921875,5.953125,3.875,6.0],"tintindex":0,"rotation":0,"texture":"#0"},"down":{"uv":[3.921875,6.0,3.875,6.046875],"tintindex":0,"rotation":0,"texture":"#0"}},"rotation":{"origin":[9.918044,8.666667,-8.521383],"angle":-45.0,"axis":"y"}},{"from":[2.0,0.6666665,1.333333],"to":[6.0,7.6666665,8.0],"faces":{"east":{"uv":[5.5,10.5,5.1875,10.828125],"tintindex":0,"rotation":0,"texture":"#0"},"south":{"uv":[1.96875,12.765625,1.78125,13.09375],"tintindex":0,"rotation":0,"texture":"#0"},"north":{"uv":[6.65625,12.546875,6.46875,12.875],"tintindex":0,"rotation":0,"texture":"#0"},"west":{"uv":[8.71875,3.96875,8.40625,4.296875],"tintindex":0,"rotation":0,"texture":"#0"},"up":{"uv":[14.40625,1.640625,14.21875,1.953125],"tintindex":0,"rotation":0,"texture":"#0"},"down":{"uv":[14.421875,5.546875,14.234375,5.859375],"tintindex":0,"rotation":0,"texture":"#0"}}},{"from":[7.749077,1.0,-6.631256],"to":[12.415744,7.6666665,4.0354104],"faces":{"east":{"uv":[8.15625,0.6875,8.65625,1.0],"tintindex":0,"rotation":0,"texture":"#0"},"south":{"uv":[14.109375,11.75,14.328125,12.0625],"tintindex":0,"rotation":0,"texture":"#0"},"north":{"uv":[12.8125,9.40625,13.03125,9.71875],"tintindex":0,"rotation":0,"texture":"#0"},"west":{"uv":[13.78125,9.09375,14.28125,9.40625],"tintindex":0,"rotation":0,"texture":"#0"},"up":{"uv":[1.03125,12.265625,1.25,12.765625],"tintindex":0,"rotation":0,"texture":"#0"},"down":{"uv":[5.125,13.9375,5.34375,14.4375],"tintindex":0,"rotation":0,"texture":"#0"}},"rotation":{"origin":[6.4157434,9.666667,-1.2979231],"angle":22.5,"axis":"y"}}],"display":{"gui":{"rotation":[-150.0,-45.0,180.0]}},"gui_light":"front"}