{"textures​":{"0":"\u006d\u006f\u0064\u0065\u006c\u0065\u006e\u0067\u0069\u006e\u0065:\u0065\u006e\u0074\u0069\u0074\u0079/\u0076\u006f\u0069\u0064_\u0068\u0079\u0064\u0072\u0061_\u0073\u006b\u0069\u006e","\u0070\u0061\u0072\u0074\u0069\u0063\u006c\u0065":"#0"},"\u0074\u0065\u0078\u0074\u0075\u0072\u0065\u0073":{"0":"\u006d\u006f\u0064\u0065\u006c\u0065\u006e\u0067\u0069\u006e\u0065:\u0065\u006e\u0074\u0069\u0074\u0079/\u0076\u006f\u0069\u0064_\u0068\u0079\u0064\u0072\u0061_\u0073\u006b\u0069\u006e","\u0070\u0061\u0072\u0074\u0069\u0063\u006c\u0065":"#0"},"elements":[{"from":[0.125,13.0625,7.0],"to":[5.375,21.8125,7.0],"faces":{"south":{"uv":[13.90625,5.65625,14.234375,6.203125],"tintindex":0,"rotation":0,"texture":"#0"},"north":{"uv":[0.0,13.90625,0.328125,14.453125],"tintindex":0,"rotation":0,"texture":"#0"}},"rotation":{"origin":[2.75,13.0625,7.0],"angle":45.0,"axis":"z"}},{"from":[8.0,12.0,-9.5],"to":[8.0,20.0,9.5],"faces":{"east":{"uv":[10.03125,5.375,11.21875,5.875],"tintindex":0,"rotation":0,"texture":"#0"},"west":{"uv":[2.8125,10.25,4.0,10.75],"tintindex":0,"rotation":0,"texture":"#0"}}},{"from":[14.375,8.0,4.25],"to":[23.125,8.0,9.75],"faces":{"up":{"uv":[13.609375,11.21875,14.15625,11.5625],"tintindex":0,"rotation":0,"texture":"#0"},"down":{"uv":[13.609375,13.3125,14.15625,13.65625],"tintindex":0,"rotation":0,"texture":"#0"}}},{"from":[5.5,14.125,7.0],"to":[10.75,22.875,7.0],"faces":{"south":{"uv":[9.828125,13.953125,10.15625,14.5],"tintindex":0,"rotation":0,"texture":"#0"},"north":{"uv":[9.5,13.953125,9.828125,14.5],"tintindex":0,"rotation":0,"texture":"#0"}}},{"from":[8.0,-6.875,4.25],"to":[8.0,1.875,9.75],"faces":{"east":{"uv":[13.625,12.109375,13.96875,12.65625],"tintindex":0,"rotation":0,"texture":"#0"},"west":{"uv":[6.46875,13.640625,6.8125,14.1875],"tintindex":0,"rotation":0,"texture":"#0"}}},{"from":[10.625,-5.8125,7.0],"to":[15.875,2.9375,7.0],"faces":{"south":{"uv":[4.46875,13.921875,4.140625,14.46875],"tintindex":0,"rotation":0,"texture":"#0"},"north":{"uv":[14.234375,6.203125,13.90625,6.75],"tintindex":0,"rotation":0,"texture":"#0"}},"rotation":{"origin":[13.25,2.9375,7.0],"angle":45.0,"axis":"z"}},{"from":[-7.125,5.125,7.0],"to":[1.625,10.875,7.0],"faces":{"south":{"uv":[5.90625,13.5,5.359375,13.859375],"tintindex":0,"rotation":0,"texture":"#0"},"north":{"uv":[10.578125,5.875,10.03125,6.234375],"tintindex":0,"rotation":0,"texture":"#0"}}},{"from":[2.75,13.0625,4.25],"to":[2.75,21.8125,9.75],"faces":{"east":{"uv":[5.90625,13.234375,6.25,13.78125],"tintindex":0,"rotation":0,"texture":"#0"},"west":{"uv":[11.390625,13.03125,11.734375,13.578125],"tintindex":0,"rotation":0,"texture":"#0"}},"rotation":{"origin":[2.75,13.0625,7.0],"angle":45.0,"axis":"z"}},{"from":[1.75,1.75,2.75],"to":[14.25,14.25,11.25],"faces":{"east":{"uv":[5.421875,12.109375,5.9375,12.875],"tintindex":0,"rotation":0,"texture":"#0"},"south":{"uv":[10.71875,2.90625,11.484375,3.671875],"tintindex":0,"rotation":0,"texture":"#0"},"north":{"uv":[1.546875,10.6875,2.3125,11.453125],"tintindex":0,"rotation":0,"texture":"#0"},"west":{"uv":[12.125,7.484375,12.640625,8.25],"tintindex":0,"rotation":0,"texture":"#0"},"up":{"uv":[11.765625,0.375,12.53125,0.890625],"tintindex":0,"rotation":0,"texture":"#0"},"down":{"uv":[12.078125,6.0,12.84375,6.515625],"tintindex":0,"rotation":0,"texture":"#0"}}},{"from":[13.25,13.0625,4.25],"to":[13.25,21.8125,9.75],"faces":{"east":{"uv":[11.734375,13.03125,11.390625,13.578125],"tintindex":0,"rotation":0,"texture":"#0"},"west":{"uv":[6.25,13.234375,5.90625,13.78125],"tintindex":0,"rotation":0,"texture":"#0"}},"rotation":{"origin":[13.25,13.0625,7.0],"angle":-45.0,"axis":"z"}},{"from":[4.5,0.51516724,-10.0010605],"to":[11.5,7.015167,2.9989395],"faces":{"east":{"uv":[12.640625,7.828125,13.453125,8.234375],"tintindex":0,"rotation":0,"texture":"#0"},"south":{"uv":[13.90625,6.75,14.34375,7.15625],"tintindex":0,"rotation":0,"texture":"#0"},"north":{"uv":[11.953125,12.515625,12.390625,12.921875],"tintindex":0,"rotation":0,"texture":"#0"},"west":{"uv":[9.328125,12.75,10.140625,13.15625],"tintindex":0,"rotation":0,"texture":"#0"},"up":{"uv":[7.09375,12.328125,7.53125,13.140625],"tintindex":0,"rotation":0,"texture":"#0"},"down":{"uv":[10.546875,12.34375,10.984375,13.15625],"tintindex":0,"rotation":0,"texture":"#0"}}},{"from":[8.125,14.125,4.25],"to":[8.125,22.875,9.75],"faces":{"east":{"uv":[13.015625,13.8125,13.359375,14.359375],"tintindex":0,"rotation":0,"texture":"#0"},"west":{"uv":[1.390625,13.828125,1.734375,14.375],"tintindex":0,"rotation":0,"texture":"#0"}}},{"from":[10.625,13.0625,7.0],"to":[15.875,21.8125,7.0],"faces":{"south":{"uv":[14.234375,5.65625,13.90625,6.203125],"tintindex":0,"rotation":0,"texture":"#0"},"north":{"uv":[0.328125,13.90625,0.0,14.453125],"tintindex":0,"rotation":0,"texture":"#0"}},"rotation":{"origin":[13.25,13.0625,7.0],"angle":-45.0,"axis":"z"}},{"from":[8.0,-6.0,-11.75],"to":[8.0,1.75,3.75],"faces":{"east":{"uv":[11.484375,9.90625,12.453125,10.390625],"tintindex":0,"rotation":0,"texture":"#0"},"west":{"uv":[11.484375,10.390625,12.453125,10.875],"tintindex":0,"rotation":0,"texture":"#0"}}},{"from":[-7.125,8.0,4.25],"to":[1.625,8.0,9.75],"faces":{"up":{"uv":[14.15625,11.21875,13.609375,11.5625],"tintindex":0,"rotation":0,"texture":"#0"},"down":{"uv":[14.15625,13.3125,13.609375,13.65625],"tintindex":0,"rotation":0,"texture":"#0"}}},{"from":[13.25,-5.8125,4.25],"to":[13.25,2.9375,9.75],"faces":{"east":{"uv":[11.734375,13.578125,11.390625,14.125],"tintindex":0,"rotation":0,"texture":"#0"},"west":{"uv":[13.96875,3.5,13.625,4.046875],"tintindex":0,"rotation":0,"texture":"#0"}},"rotation":{"origin":[13.25,2.9375,7.0],"angle":45.0,"axis":"z"}},{"from":[4.0,4.0,-9.5],"to":[12.0,12.0,9.5],"faces":{"east":{"uv":[9.953125,1.328125,11.140625,1.828125],"tintindex":0,"rotation":0,"texture":"#0"},"south":{"uv":[13.40625,6.234375,13.90625,6.734375],"tintindex":0,"rotation":0,"texture":"#0"},"north":{"uv":[13.40625,5.734375,13.90625,6.234375],"tintindex":0,"rotation":0,"texture":"#0"},"west":{"uv":[10.0,8.84375,11.1875,9.34375],"tintindex":0,"rotation":0,"texture":"#0"},"up":{"uv":[8.75,10.1875,9.25,11.375],"tintindex":0,"rotation":0,"texture":"#0"},"down":{"uv":[10.21875,3.53125,10.71875,4.71875],"tintindex":0,"rotation":0,"texture":"#0"}}},{"from":[2.75,-5.8125,4.25],"to":[2.75,2.9375,9.75],"faces":{"east":{"uv":[13.625,3.5,13.96875,4.046875],"tintindex":0,"rotation":0,"texture":"#0"},"west":{"uv":[11.390625,13.578125,11.734375,14.125],"tintindex":0,"rotation":0,"texture":"#0"}},"rotation":{"origin":[2.75,2.9375,7.0],"angle":-45.0,"axis":"z"}},{"from":[14.375,5.125,7.0],"to":[23.125,10.875,7.0],"faces":{"south":{"uv":[5.359375,13.5,5.90625,13.859375],"tintindex":0,"rotation":0,"texture":"#0"},"north":{"uv":[10.03125,5.875,10.578125,6.234375],"tintindex":0,"rotation":0,"texture":"#0"}}},{"from":[5.375,-6.875,7.0],"to":[10.625,1.875,7.0],"faces":{"south":{"uv":[8.84375,13.921875,9.171875,14.46875],"tintindex":0,"rotation":0,"texture":"#0"},"north":{"uv":[4.46875,13.921875,4.796875,14.46875],"tintindex":0,"rotation":0,"texture":"#0"}}},{"from":[2.0,2.0,3.0],"to":[14.0,14.0,11.0],"faces":{"east":{"uv":[7.734375,12.15625,8.234375,12.90625],"tintindex":0,"rotation":0,"texture":"#0"},"south":{"uv":[9.25,10.90625,10.0,11.65625],"tintindex":0,"rotation":0,"texture":"#0"},"north":{"uv":[0.0,10.78125,0.75,11.53125],"tintindex":0,"rotation":0,"texture":"#0"},"west":{"uv":[8.234375,12.15625,8.734375,12.90625],"tintindex":0,"rotation":0,"texture":"#0"},"up":{"uv":[12.15625,4.734375,12.90625,5.234375],"tintindex":0,"rotation":0,"texture":"#0"},"down":{"uv":[12.171875,2.875,12.921875,3.375],"tintindex":0,"rotation":0,"texture":"#0"}}},{"from":[0.125,-5.8125,7.0],"to":[5.375,2.9375,7.0],"faces":{"south":{"uv":[4.140625,13.921875,4.46875,14.46875],"tintindex":0,"rotation":0,"texture":"#0"},"north":{"uv":[13.90625,6.203125,14.234375,6.75],"tintindex":0,"rotation":0,"texture":"#0"}},"rotation":{"origin":[2.75,2.9375,7.0],"angle":-45.0,"axis":"z"}}],"display":{"gui":{"rotation":[-150.0,-45.0,180.0]}},"gui_light":"front"}