{"textures​":{"layer0":"minecraft:item/stone_brick_slab"},"\u0074\u0065\u0078\u0074\u0075\u0072\u0065\u0073":{"0":"\u006d\u006f\u0064\u0065\u006c\u0065\u006e\u0067\u0069\u006e\u0065:\u0065\u006e\u0074\u0069\u0074\u0079/\u0076\u006f\u0069\u0064_\u0068\u0079\u0064\u0072\u0061_\u0073\u006b\u0069\u006e","\u0070\u0061\u0072\u0074\u0069\u0063\u006c\u0065":"#0"},"elements":[{"from":[14.6,4.3999996,4.0],"to":[20.2,11.6,12.0],"faces":{"east":{"uv":[13.21875,5.234375,12.59375,5.796875],"tintindex":0,"rotation":0,"texture":"#0"},"south":{"uv":[7.53125,13.140625,7.09375,13.703125],"tintindex":0,"rotation":0,"texture":"#0"},"north":{"uv":[1.21875,10.0,0.78125,10.5625],"tintindex":0,"rotation":0,"texture":"#0"},"west":{"uv":[13.171875,1.6875,12.546875,2.25],"tintindex":0,"rotation":0,"texture":"#0"},"up":{"uv":[5.890625,12.875,5.453125,13.5],"tintindex":0,"rotation":0,"texture":"#0"},"down":{"uv":[1.03125,13.078125,0.59375,13.703125],"tintindex":0,"rotation":0,"texture":"#0"}}},{"from":[8.0,3.1,3.1],"to":[14.6,12.9,12.9],"faces":{"east":{"uv":[11.390625,5.875,10.625,6.640625],"tintindex":0,"rotation":0,"texture":"#0"},"south":{"uv":[12.46875,11.75,11.953125,12.515625],"tintindex":0,"rotation":0,"texture":"#0"},"north":{"uv":[3.15625,11.9375,2.640625,12.703125],"tintindex":0,"rotation":0,"texture":"#0"},"west":{"uv":[1.546875,10.59375,0.78125,11.359375],"tintindex":0,"rotation":0,"texture":"#0"},"up":{"uv":[12.59375,5.234375,12.078125,6.0],"tintindex":0,"rotation":0,"texture":"#0"},"down":{"uv":[5.421875,12.109375,4.90625,12.875],"tintindex":0,"rotation":0,"texture":"#0"}}},{"from":[20.2,5.6,5.2],"to":[29.800001,10.4,10.8],"faces":{"east":{"uv":[13.796875,14.0,13.359375,14.375],"tintindex":0,"rotation":0,"texture":"#0"},"south":{"uv":[13.796875,9.90625,13.046875,10.28125],"tintindex":0,"rotation":0,"texture":"#0"},"north":{"uv":[13.59375,0.0,12.84375,0.375],"tintindex":0,"rotation":0,"texture":"#0"},"west":{"uv":[14.4375,4.671875,14.0,5.046875],"tintindex":0,"rotation":0,"texture":"#0"},"up":{"uv":[9.609375,2.90625,8.859375,3.34375],"tintindex":0,"rotation":0,"texture":"#0"},"down":{"uv":[1.78125,12.765625,1.03125,13.203125],"tintindex":0,"rotation":0,"texture":"#0"}}}],"display":{"gui":{"rotation":[-150.0,-45.0,180.0]}},"gui_light":"front"}