{"textures​":{"0":"\u006d\u006f\u0064\u0065\u006c\u0065\u006e\u0067\u0069\u006e\u0065:\u0065\u006e\u0074\u0069\u0074\u0079/\u0076\u006f\u0069\u0064_\u0068\u0079\u0064\u0072\u0061_\u0073\u006b\u0069\u006e","\u0070\u0061\u0072\u0074\u0069\u0063\u006c\u0065":"#0"},"\u0074\u0065\u0078\u0074\u0075\u0072\u0065\u0073":{"0":"\u006d\u006f\u0064\u0065\u006c\u0065\u006e\u0067\u0069\u006e\u0065:\u0065\u006e\u0074\u0069\u0074\u0079/\u0076\u006f\u0069\u0064_\u0068\u0079\u0064\u0072\u0061_\u0073\u006b\u0069\u006e","\u0070\u0061\u0072\u0074\u0069\u0063\u006c\u0065":"#0"},"elements":[{"from":[-4.2,4.3999996,4.0],"to":[1.4000001,11.6,12.0],"faces":{"east":{"uv":[12.546875,1.6875,13.171875,2.25],"tintindex":0,"rotation":0,"texture":"#0"},"south":{"uv":[7.09375,13.140625,7.53125,13.703125],"tintindex":0,"rotation":0,"texture":"#0"},"north":{"uv":[0.78125,10.0,1.21875,10.5625],"tintindex":0,"rotation":0,"texture":"#0"},"west":{"uv":[12.59375,5.234375,13.21875,5.796875],"tintindex":0,"rotation":0,"texture":"#0"},"up":{"uv":[5.890625,13.5,5.453125,12.875],"tintindex":0,"rotation":0,"texture":"#0"},"down":{"uv":[1.03125,13.078125,0.59375,13.703125],"tintindex":0,"rotation":0,"texture":"#0"}}},{"from":[1.4000001,3.1,3.1],"to":[8.0,12.9,12.9],"faces":{"east":{"uv":[0.78125,10.59375,1.546875,11.359375],"tintindex":0,"rotation":0,"texture":"#0"},"south":{"uv":[11.953125,11.75,12.46875,12.515625],"tintindex":0,"rotation":0,"texture":"#0"},"north":{"uv":[2.640625,11.9375,3.15625,12.703125],"tintindex":0,"rotation":0,"texture":"#0"},"west":{"uv":[10.625,5.875,11.390625,6.640625],"tintindex":0,"rotation":0,"texture":"#0"},"up":{"uv":[12.078125,5.234375,12.59375,6.0],"tintindex":0,"rotation":0,"texture":"#0"},"down":{"uv":[4.90625,12.109375,5.421875,12.875],"tintindex":0,"rotation":0,"texture":"#0"}}},{"from":[-13.800001,5.6,5.2],"to":[-4.2,10.4,10.8],"faces":{"east":{"uv":[14.0,4.671875,14.4375,5.046875],"tintindex":0,"rotation":0,"texture":"#0"},"south":{"uv":[13.046875,9.90625,13.796875,10.28125],"tintindex":0,"rotation":0,"texture":"#0"},"north":{"uv":[12.84375,0.0,13.59375,0.375],"tintindex":0,"rotation":0,"texture":"#0"},"west":{"uv":[13.359375,14.0,13.796875,14.375],"tintindex":0,"rotation":0,"texture":"#0"},"up":{"uv":[9.609375,3.34375,8.859375,2.90625],"tintindex":0,"rotation":0,"texture":"#0"},"down":{"uv":[1.78125,12.765625,1.03125,13.203125],"tintindex":0,"rotation":0,"texture":"#0"}}}],"display":{"head":{"rotation":[0.0,0.0,0.0]},"firstperson_righthand":{"rotation":[0.0,0.0,0.0]},"thirdperson_lefthand":{"rotation":[0.0,0.0,0.0]},"firstperson_lefthand":{"rotation":[0.0,0.0,0.0]},"fixed":{"rotation":[0.0,0.0,0.0]},"ground":{"rotation":[0.0,0.0,0.0]},"thirdperson_righthand":{"rotation":[0.0,0.0,0.0]},"gui":{"rotation":[-150.0,-45.0,180.0]}},"gui_light":"front"}