{"textures​":{"layer0":"minecraft:item/iron_shovel"},"\u0074\u0065\u0078\u0074\u0075\u0072\u0065\u0073":{"0":"\u006d\u006f\u0064\u0065\u006c\u0065\u006e\u0067\u0069\u006e\u0065:\u0065\u006e\u0074\u0069\u0074\u0079/\u0076\u006f\u0069\u0064_\u0068\u0079\u0064\u0072\u0061_\u0073\u006b\u0069\u006e","\u0070\u0061\u0072\u0074\u0069\u0063\u006c\u0065":"#0"},"elements":[{"from":[-11.333334,4.0,1.333333],"to":[8.0,12.0,14.666667],"faces":{"east":{"uv":[6.03125,4.40625,6.65625,4.78125],"tintindex":0,"rotation":0,"texture":"#0"},"south":{"uv":[12.640625,7.453125,13.546875,7.828125],"tintindex":0,"rotation":0,"texture":"#0"},"north":{"uv":[12.453125,10.375,13.359375,10.75],"tintindex":0,"rotation":0,"texture":"#0"},"west":{"uv":[13.234375,1.28125,13.859375,1.65625],"tintindex":0,"rotation":0,"texture":"#0"},"up":{"uv":[11.734375,2.453125,10.828125,1.828125],"tintindex":0,"rotation":0,"texture":"#0"},"down":{"uv":[11.765625,7.9375,10.859375,8.5625],"tintindex":0,"rotation":0,"texture":"#0"}}},{"from":[-0.666667,2.0,-0.666667],"to":[8.666667,14.0,16.666668],"faces":{"east":{"uv":[9.109375,11.65625,9.921875,12.21875],"tintindex":0,"rotation":0,"texture":"#0"},"south":{"uv":[7.96875,13.46875,8.40625,14.03125],"tintindex":0,"rotation":0,"texture":"#0"},"north":{"uv":[7.53125,13.46875,7.96875,14.03125],"tintindex":0,"rotation":0,"texture":"#0"},"west":{"uv":[11.734375,1.6875,12.546875,2.25],"tintindex":0,"rotation":0,"texture":"#0"},"up":{"uv":[4.890625,13.0,4.453125,12.1875],"tintindex":0,"rotation":0,"texture":"#0"},"down":{"uv":[1.03125,12.265625,0.59375,13.078125],"tintindex":0,"rotation":0,"texture":"#0"}}}],"display":{"head":{"rotation":[0.0,0.0,0.0]},"firstperson_righthand":{"rotation":[0.0,0.0,0.0]},"thirdperson_lefthand":{"rotation":[0.0,0.0,0.0]},"firstperson_lefthand":{"rotation":[0.0,0.0,0.0]},"fixed":{"rotation":[0.0,0.0,0.0]},"ground":{"rotation":[0.0,0.0,0.0]},"thirdperson_righthand":{"rotation":[0.0,0.0,0.0]},"gui":{"rotation":[-150.0,-45.0,180.0]}},"gui_light":"front"}