{"textures​":{"0":"\u006d\u006f\u0064\u0065\u006c\u0065\u006e\u0067\u0069\u006e\u0065:\u0065\u006e\u0074\u0069\u0074\u0079/\u0076\u006f\u0069\u0064_\u0068\u0079\u0064\u0072\u0061_\u0073\u006b\u0069\u006e","\u0070\u0061\u0072\u0074\u0069\u0063\u006c\u0065":"#0"},"\u0074\u0065\u0078\u0074\u0075\u0072\u0065\u0073":{"0":"\u006d\u006f\u0064\u0065\u006c\u0065\u006e\u0067\u0069\u006e\u0065:\u0065\u006e\u0074\u0069\u0074\u0079/\u0076\u006f\u0069\u0064_\u0068\u0079\u0064\u0072\u0061_\u0073\u006b\u0069\u006e","\u0070\u0061\u0072\u0074\u0069\u0063\u006c\u0065":"#0"},"elements":[{"from":[28.5,10.5,28.5],"to":[-12.5,5.5,-12.5],"faces":{"east":{"uv":[13.109375,8.328125,14.390625,8.484375],"tintindex":0,"rotation":0,"texture":"#0"},"south":{"uv":[12.171875,3.375,13.453125,3.53125],"tintindex":0,"rotation":0,"texture":"#0"},"north":{"uv":[12.171875,3.375,13.453125,3.53125],"tintindex":0,"rotation":0,"texture":"#0"},"west":{"uv":[13.109375,8.328125,14.390625,8.484375],"tintindex":0,"rotation":0,"texture":"#0"},"up":{"uv":[5.21875,4.84375,3.9375,3.5625],"tintindex":0,"rotation":0,"texture":"#0"},"down":{"uv":[5.21875,3.5625,3.9375,4.84375],"tintindex":0,"rotation":0,"texture":"#0"}}},{"from":[-11.5,6.5,-11.5],"to":[27.5,9.5,27.5],"faces":{"east":{"uv":[13.609375,11.65625,14.828125,11.75],"tintindex":0,"rotation":0,"texture":"#0"},"south":{"uv":[13.859375,1.546875,15.078125,1.640625],"tintindex":0,"rotation":0,"texture":"#0"},"north":{"uv":[13.609375,11.5625,14.828125,11.65625],"tintindex":0,"rotation":0,"texture":"#0"},"west":{"uv":[13.859375,10.6875,15.078125,10.78125],"tintindex":0,"rotation":0,"texture":"#0"},"up":{"uv":[6.03125,1.21875,4.8125,0.0],"tintindex":0,"rotation":0,"texture":"#0"},"down":{"uv":[6.03125,1.21875,4.8125,2.4375],"tintindex":0,"rotation":0,"texture":"#0"}}}],"display":{"head":{"rotation":[0.0,0.0,0.0]},"firstperson_righthand":{"rotation":[0.0,0.0,0.0]},"thirdperson_lefthand":{"rotation":[0.0,0.0,0.0]},"firstperson_lefthand":{"rotation":[0.0,0.0,0.0]},"fixed":{"rotation":[0.0,0.0,0.0]},"ground":{"rotation":[0.0,0.0,0.0]},"thirdperson_righthand":{"rotation":[0.0,0.0,0.0]},"gui":{"rotation":[-150.0,-45.0,180.0]}},"gui_light":"front"}