{"textures​":{"layer0":"minecraft:item/polished_diorite"},"\u0074\u0065\u0078\u0074\u0075\u0072\u0065\u0073":{"0":"\u006d\u006f\u0064\u0065\u006c\u0065\u006e\u0067\u0069\u006e\u0065:\u0065\u006e\u0074\u0069\u0074\u0079/\u0076\u006f\u0069\u0064_\u0068\u0079\u0064\u0072\u0061_\u0073\u006b\u0069\u006e","\u0070\u0061\u0072\u0074\u0069\u0063\u006c\u0065":"#0"},"elements":[{"from":[-8.0,-7.5,8.5],"to":[24.0,24.5,8.5],"faces":{"south":{"uv":[7.15625,0.0,8.15625,1.0],"tintindex":0,"rotation":0,"texture":"#0"},"north":{"uv":[5.625,7.0625,6.625,8.0625],"tintindex":0,"rotation":0,"texture":"#0"}}}],"display":{"head":{"rotation":[0.0,0.0,0.0]},"firstperson_righthand":{"rotation":[0.0,0.0,0.0]},"thirdperson_lefthand":{"rotation":[0.0,0.0,0.0]},"firstperson_lefthand":{"rotation":[0.0,0.0,0.0]},"fixed":{"rotation":[0.0,0.0,0.0]},"ground":{"rotation":[0.0,0.0,0.0]},"thirdperson_righthand":{"rotation":[0.0,0.0,0.0]},"gui":{"rotation":[-150.0,-45.0,180.0]}},"gui_light":"front"}