{"textures​":{"layer0":"minecraft:item/husk_spawn_egg"},"\u0074\u0065\u0078\u0074\u0075\u0072\u0065\u0073":{"0":"\u006d\u006f\u0064\u0065\u006c\u0065\u006e\u0067\u0069\u006e\u0065:\u0065\u006e\u0074\u0069\u0074\u0079/\u0076\u006f\u0069\u0064_\u0068\u0079\u0064\u0072\u0061_\u0073\u006b\u0069\u006e","\u0070\u0061\u0072\u0074\u0069\u0063\u006c\u0065":"#0"},"elements":[{"from":[3.333333,3.333333,6.0],"to":[12.666667,12.666667,31.333334],"faces":{"east":{"uv":[10.0,11.0,11.1875,11.4375],"tintindex":0,"rotation":0,"texture":"#0"},"south":{"uv":[13.609375,10.78125,14.046875,11.21875],"tintindex":0,"rotation":0,"texture":"#0"},"north":{"uv":[10.4375,13.59375,10.875,14.03125],"tintindex":0,"rotation":0,"texture":"#0"},"west":{"uv":[11.03125,6.640625,12.21875,7.078125],"tintindex":0,"rotation":0,"texture":"#0"},"up":{"uv":[4.90625,12.1875,4.46875,11.0],"tintindex":0,"rotation":0,"texture":"#0"},"down":{"uv":[7.734375,11.140625,7.296875,12.328125],"tintindex":0,"rotation":0,"texture":"#0"}}}],"display":{"head":{"rotation":[0.0,0.0,0.0]},"firstperson_righthand":{"rotation":[0.0,0.0,0.0]},"thirdperson_lefthand":{"rotation":[0.0,0.0,0.0]},"firstperson_lefthand":{"rotation":[0.0,0.0,0.0]},"fixed":{"rotation":[0.0,0.0,0.0]},"ground":{"rotation":[0.0,0.0,0.0]},"thirdperson_righthand":{"rotation":[0.0,0.0,0.0]},"gui":{"rotation":[-150.0,-45.0,180.0]}},"gui_light":"front"}