{"textures​":{"layer0":"minecraft:item/magenta_candle_cake"},"\u0074\u0065\u0078\u0074\u0075\u0072\u0065\u0073":{"0":"\u006d\u006f\u0064\u0065\u006c\u0065\u006e\u0067\u0069\u006e\u0065:\u0065\u006e\u0074\u0069\u0074\u0079/\u0076\u006f\u0069\u0064_\u0068\u0079\u0064\u0072\u0061_\u0073\u006b\u0069\u006e","\u0070\u0061\u0072\u0074\u0069\u0063\u006c\u0065":"#0"},"elements":[{"from":[0.0,0.0,0.0],"to":[16.0,16.0,16.0],"faces":{"east":{"uv":[13.328125,2.1875,13.828125,2.6875],"tintindex":0,"rotation":0,"texture":"#0"},"south":{"uv":[2.640625,13.328125,3.140625,13.828125],"tintindex":0,"rotation":0,"texture":"#0"},"north":{"uv":[1.53125,13.328125,2.03125,13.828125],"tintindex":0,"rotation":0,"texture":"#0"},"west":{"uv":[3.140625,13.328125,3.640625,13.828125],"tintindex":0,"rotation":0,"texture":"#0"},"up":{"uv":[13.859375,10.78125,13.359375,10.28125],"tintindex":0,"rotation":0,"texture":"#0"},"down":{"uv":[0.5,13.40625,0.0,13.90625],"tintindex":0,"rotation":0,"texture":"#0"}}},{"from":[17.5,17.5,17.5],"to":[-1.5,-1.5,-1.5],"faces":{"east":{"uv":[12.453125,9.78125,13.046875,10.375],"tintindex":0,"rotation":0,"texture":"#0"},"south":{"uv":[12.46875,11.75,13.0625,12.34375],"tintindex":0,"rotation":0,"texture":"#0"},"north":{"uv":[3.78125,12.359375,4.375,12.953125],"tintindex":0,"rotation":0,"texture":"#0"},"west":{"uv":[12.46875,12.34375,13.0625,12.9375],"tintindex":0,"rotation":0,"texture":"#0"},"up":{"uv":[13.125,0.96875,12.53125,0.375],"tintindex":0,"rotation":0,"texture":"#0"},"down":{"uv":[9.328125,12.53125,8.734375,13.125],"tintindex":0,"rotation":0,"texture":"#0"}}},{"from":[19.0,19.0,19.0],"to":[-3.0,-3.0,-3.0],"faces":{"east":{"uv":[5.59375,11.421875,6.28125,12.109375],"tintindex":0,"rotation":0,"texture":"#0"},"south":{"uv":[10.0,11.4375,10.6875,12.125],"tintindex":0,"rotation":0,"texture":"#0"},"north":{"uv":[4.90625,11.421875,5.59375,12.109375],"tintindex":0,"rotation":0,"texture":"#0"},"west":{"uv":[1.296875,11.453125,1.984375,12.140625],"tintindex":0,"rotation":0,"texture":"#0"},"up":{"uv":[3.96875,12.140625,3.28125,11.453125],"tintindex":0,"rotation":0,"texture":"#0"},"down":{"uv":[8.421875,11.46875,7.734375,12.15625],"tintindex":0,"rotation":0,"texture":"#0"}}},{"from":[20.5,20.5,20.5],"to":[-4.5,-4.5,-4.5],"faces":{"east":{"uv":[9.84375,6.25,10.625,7.03125],"tintindex":0,"rotation":0,"texture":"#0"},"south":{"uv":[2.03125,9.90625,2.8125,10.6875],"tintindex":0,"rotation":0,"texture":"#0"},"north":{"uv":[1.25,9.8125,2.03125,10.59375],"tintindex":0,"rotation":0,"texture":"#0"},"west":{"uv":[9.953125,0.546875,10.734375,1.328125],"tintindex":0,"rotation":0,"texture":"#0"},"up":{"uv":[7.53125,10.734375,6.75,9.953125],"tintindex":0,"rotation":0,"texture":"#0"},"down":{"uv":[0.78125,10.0,0.0,10.78125],"tintindex":0,"rotation":0,"texture":"#0"}}}],"display":{"head":{"rotation":[0.0,0.0,0.0]},"firstperson_righthand":{"rotation":[0.0,0.0,0.0]},"thirdperson_lefthand":{"rotation":[0.0,0.0,0.0]},"firstperson_lefthand":{"rotation":[0.0,0.0,0.0]},"fixed":{"rotation":[0.0,0.0,0.0]},"ground":{"rotation":[0.0,0.0,0.0]},"thirdperson_righthand":{"rotation":[0.0,0.0,0.0]},"gui":{"rotation":[-150.0,-45.0,180.0]}},"gui_light":"front"}