{
    "credit": "Made with Blockbench",
    "textures": {
        "3": "furnace_gearworks:texture",
        "4": "furnace_gearworks:cog",
        "5": "furnace_gearworks:piston",
        "6": "furnace_gearworks:smoke",
        "7": "furnace_gearworks:piston_1"
    },
    "elements": [
        {
            "from": [
                7,
                11.40449,
                6.03815
            ],
            "to": [
                9,
                12.40449,
                8.03815
            ],
            "rotation": {
                "angle": -45,
                "axis": "x",
                "origin": [
                    8,
                    12.78184,
                    8.9629
                ]
            },
            "faces": {
                "north": {
                    "uv": [
                        7.5,
                        4.75,
                        8,
                        5
                    ],
                    "texture": "#3"
                },
                "east": {
                    "uv": [
                        7.5,
                        5.25,
                        8,
                        5.5
                    ],
                    "texture": "#3"
                },
                "south": {
                    "uv": [
                        7.5,
                        5.75,
                        8,
                        6
                    ],
                    "texture": "#3"
                },
                "west": {
                    "uv": [
                        7.5,
                        6.25,
                        8,
                        6.5
                    ],
                    "texture": "#3"
                },
                "up": {
                    "uv": [
                        6.25,
                        2.75,
                        5.75,
                        2.25
                    ],
                    "texture": "#3"
                },
                "down": {
                    "uv": [
                        6.25,
                        3,
                        5.75,
                        3.5
                    ],
                    "texture": "#3"
                }
            }
        },
        {
            "from": [
                6.995,
                7.93531,
                8.19227
            ],
            "to": [
                9.005,
                9.93531,
                9.19227
            ],
            "rotation": {
                "angle": 22.5,
                "axis": "x",
                "origin": [
                    8,
                    12.78184,
                    8.9629
                ]
            },
            "faces": {
                "north": {
                    "uv": [
                        5.75,
                        3.75,
                        6.25,
                        4.25
                    ],
                    "texture": "#3"
                },
                "east": {
                    "uv": [
                        8,
                        7.5,
                        7.5,
                        7.25
                    ],
                    "rotation": 270,
                    "texture": "#3"
                },
                "south": {
                    "uv": [
                        5.75,
                        5,
                        6.25,
                        4.5
                    ],
                    "rotation": 180,
                    "texture": "#3"
                },
                "west": {
                    "uv": [
                        8.25,
                        1.25,
                        7.75,
                        1
                    ],
                    "rotation": 90,
                    "texture": "#3"
                },
                "up": {
                    "uv": [
                        8.25,
                        0.75,
                        7.75,
                        0.5
                    ],
                    "rotation": 180,
                    "texture": "#3"
                },
                "down": {
                    "uv": [
                        8,
                        7,
                        7.5,
                        6.75
                    ],
                    "texture": "#3"
                }
            }
        },
        {
            "from": [
                7,
                9.19264,
                3.19808
            ],
            "to": [
                9,
                10.19264,
                5.69808
            ],
            "rotation": {
                "angle": -22.5,
                "axis": "x",
                "origin": [
                    8,
                    12.78184,
                    8.9629
                ]
            },
            "faces": {
                "north": {
                    "uv": [
                        8,
                        7.75,
                        8.5,
                        8
                    ],
                    "texture": "#3"
                },
                "east": {
                    "uv": [
                        4,
                        6.75,
                        4.625,
                        7
                    ],
                    "texture": "#3"
                },
                "south": {
                    "uv": [
                        0,
                        8.25,
                        0.5,
                        8.5
                    ],
                    "texture": "#3"
                },
                "west": {
                    "uv": [
                        5,
                        6.75,
                        5.625,
                        7
                    ],
                    "texture": "#3"
                },
                "up": {
                    "uv": [
                        2.25,
                        5.125,
                        1.75,
                        4.5
                    ],
                    "texture": "#3"
                },
                "down": {
                    "uv": [
                        5.25,
                        0,
                        4.75,
                        0.625
                    ],
                    "texture": "#3"
                }
            }
        },
        {
            "from": [
                7.5,
                6.11596,
                2.61854
            ],
            "to": [
                8.5,
                9.61596,
                6.11854
            ],
            "rotation": {
                "angle": 0,
                "axis": "x",
                "origin": [
                    8,
                    12.78184,
                    8.9629
                ]
            },
            "faces": {
                "east": {
                    "uv": [
                        16,
                        16,
                        0,
                        0
                    ],
                    "rotation": 180,
                    "texture": "#4"
                },
                "west": {
                    "uv": [
                        16,
                        0,
                        0,
                        16
                    ],
                    "texture": "#4"
                }
            }
        },
        {
            "from": [
                7.75,
                8.02784,
                6.99489
            ],
            "to": [
                8.25,
                11.52784,
                10.49489
            ],
            "rotation": {
                "angle": 0,
                "axis": "x",
                "origin": [
                    8,
                    12.78184,
                    8.9629
                ]
            },
            "faces": {
                "east": {
                    "uv": [
                        16,
                        16,
                        0,
                        0
                    ],
                    "rotation": 180,
                    "texture": "#4"
                },
                "west": {
                    "uv": [
                        16,
                        0,
                        0,
                        16
                    ],
                    "texture": "#4"
                }
            }
        },
        {
            "from": [
                7.75,
                13.42882,
                6.19186
            ],
            "to": [
                8.25,
                17.42882,
                10.19186
            ],
            "rotation": {
                "angle": 0,
                "axis": "x",
                "origin": [
                    8,
                    12.78184,
                    8.9629
                ]
            },
            "faces": {
                "east": {
                    "uv": [
                        0,
                        0.2,
                        16,
                        16
                    ],
                    "texture": "#5"
                },
                "west": {
                    "uv": [
                        16,
                        0.2,
                        0,
                        16
                    ],
                    "texture": "#5"
                }
            }
        },
        {
            "from": [
                7.95,
                16.0895,
                6.44186
            ],
            "to": [
                8.05,
                19.5895,
                9.94186
            ],
            "rotation": {
                "angle": 0,
                "axis": "x",
                "origin": [
                    8,
                    12.78184,
                    8.9629
                ]
            },
            "faces": {
                "east": {
                    "uv": [
                        0,
                        0,
                        16,
                        16
                    ],
                    "texture": "#6"
                },
                "west": {
                    "uv": [
                        0,
                        16,
                        16,
                        0
                    ],
                    "rotation": 180,
                    "texture": "#6"
                }
            }
        },
        {
            "from": [
                7.8,
                9.03625,
                8.34356
            ],
            "to": [
                8.2,
                13.03625,
                12.34356
            ],
            "rotation": {
                "angle": 0,
                "axis": "x",
                "origin": [
                    8,
                    12.78184,
                    8.9629
                ]
            },
            "faces": {
                "east": {
                    "uv": [
                        0,
                        0,
                        16,
                        16
                    ],
                    "rotation": 270,
                    "texture": "#7"
                },
                "west": {
                    "uv": [
                        16,
                        0,
                        0,
                        16
                    ],
                    "rotation": 90,
                    "texture": "#7"
                }
            }
        },
        {
            "from": [
                7.9,
                9.21704,
                11.50718
            ],
            "to": [
                8.1,
                12.71704,
                15.00718
            ],
            "rotation": {
                "angle": 0,
                "axis": "x",
                "origin": [
                    8,
                    12.78184,
                    8.9629
                ]
            },
            "faces": {
                "east": {
                    "uv": [
                        16,
                        0,
                        0,
                        16
                    ],
                    "rotation": 270,
                    "texture": "#6"
                },
                "west": {
                    "uv": [
                        16,
                        16,
                        0,
                        0
                    ],
                    "rotation": 270,
                    "texture": "#6"
                }
            }
        },
        {
            "from": [
                6.995,
                7.22417,
                4.24806
            ],
            "to": [
                9.005,
                8.22417,
                6.74806
            ],
            "rotation": {
                "angle": 0,
                "axis": "x",
                "origin": [
                    8,
                    12.78184,
                    8.9629
                ]
            },
            "faces": {
                "north": {
                    "uv": [
                        0.75,
                        8.25,
                        1.25,
                        8.5
                    ],
                    "texture": "#3"
                },
                "east": {
                    "uv": [
                        0,
                        7,
                        0.625,
                        7.25
                    ],
                    "texture": "#3"
                },
                "south": {
                    "uv": [
                        1.5,
                        8.25,
                        2,
                        8.5
                    ],
                    "texture": "#3"
                },
                "west": {
                    "uv": [
                        7,
                        0,
                        7.625,
                        0.25
                    ],
                    "texture": "#3"
                },
                "up": {
                    "uv": [
                        5.5,
                        1.625,
                        5,
                        1
                    ],
                    "texture": "#3"
                },
                "down": {
                    "uv": [
                        5.5,
                        2,
                        5,
                        2.625
                    ],
                    "texture": "#3"
                }
            }
        },
        {
            "from": [
                6.99,
                12.18587,
                1.69915
            ],
            "to": [
                9.01,
                12.89587,
                2.40915
            ],
            "rotation": {
                "angle": -45,
                "axis": "x",
                "origin": [
                    8,
                    12.78184,
                    8.9629
                ]
            },
            "faces": {
                "north": {
                    "uv": [
                        8.5,
                        2,
                        9,
                        2.125
                    ],
                    "texture": "#3"
                },
                "east": {
                    "uv": [
                        4.25,
                        9,
                        4.375,
                        9.125
                    ],
                    "texture": "#3"
                },
                "south": {
                    "uv": [
                        0,
                        8.75,
                        0.5,
                        8.875
                    ],
                    "texture": "#3"
                },
                "west": {
                    "uv": [
                        9.25,
                        5,
                        9.375,
                        5.125
                    ],
                    "texture": "#3"
                },
                "up": {
                    "uv": [
                        9.25,
                        0.125,
                        8.75,
                        0
                    ],
                    "texture": "#3"
                },
                "down": {
                    "uv": [
                        1.25,
                        8.75,
                        0.75,
                        8.875
                    ],
                    "texture": "#3"
                }
            }
        },
        {
            "from": [
                7.375,
                14.59541,
                5.88689
            ],
            "to": [
                8.625,
                15.30541,
                6.59689
            ],
            "rotation": {
                "angle": 0,
                "axis": "x",
                "origin": [
                    8,
                    12.78184,
                    8.9629
                ]
            },
            "faces": {
                "north": {
                    "uv": [
                        3.875,
                        9,
                        3.5,
                        9.125
                    ],
                    "texture": "#3"
                },
                "east": {
                    "uv": [
                        7.375,
                        9.25,
                        7.25,
                        9.375
                    ],
                    "texture": "#3"
                },
                "south": {
                    "uv": [
                        9.375,
                        3,
                        9,
                        3.125
                    ],
                    "texture": "#3"
                },
                "west": {
                    "uv": [
                        9.375,
                        7.5,
                        9.25,
                        7.625
                    ],
                    "texture": "#3"
                },
                "up": {
                    "uv": [
                        9.375,
                        3.5,
                        9,
                        3.625
                    ],
                    "texture": "#3"
                },
                "down": {
                    "uv": [
                        5.625,
                        9.125,
                        5.25,
                        9
                    ],
                    "texture": "#3"
                }
            }
        },
        {
            "from": [
                7.4,
                13.98929,
                8.07432
            ],
            "to": [
                8.6,
                16.23929,
                9.07432
            ],
            "rotation": {
                "angle": -45,
                "axis": "x",
                "origin": [
                    8,
                    12.78184,
                    8.9629
                ]
            },
            "faces": {
                "north": {
                    "uv": [
                        7.25,
                        5.75,
                        7,
                        6.375
                    ],
                    "texture": "#3"
                },
                "east": {
                    "uv": [
                        7.25,
                        4.75,
                        7,
                        5.375
                    ],
                    "texture": "#3"
                },
                "south": {
                    "uv": [
                        7.25,
                        3.75,
                        7,
                        4.375
                    ],
                    "texture": "#3"
                },
                "west": {
                    "uv": [
                        7.25,
                        6.75,
                        7,
                        7.375
                    ],
                    "texture": "#3"
                },
                "up": {
                    "uv": [
                        9,
                        5,
                        8.75,
                        5.25
                    ],
                    "texture": "#3"
                },
                "down": {
                    "uv": [
                        9,
                        5.75,
                        8.75,
                        5.5
                    ],
                    "texture": "#3"
                }
            }
        },
        {
            "from": [
                7.395,
                13.00731,
                7.48077
            ],
            "to": [
                8.605,
                14.00731,
                8.23077
            ],
            "rotation": {
                "angle": 0,
                "axis": "x",
                "origin": [
                    8,
                    12.78184,
                    8.9629
                ]
            },
            "faces": {
                "north": {
                    "uv": [
                        8.75,
                        7.75,
                        9,
                        7.5
                    ],
                    "texture": "#3"
                },
                "east": {
                    "uv": [
                        8.75,
                        6.75,
                        9,
                        6.5
                    ],
                    "rotation": 270,
                    "texture": "#3"
                },
                "south": {
                    "uv": [
                        7.75,
                        8.75,
                        8,
                        9
                    ],
                    "rotation": 180,
                    "texture": "#3"
                },
                "west": {
                    "uv": [
                        7.25,
                        9,
                        7.5,
                        8.75
                    ],
                    "rotation": 90,
                    "texture": "#3"
                },
                "up": {
                    "uv": [
                        8.75,
                        6.25,
                        9,
                        6
                    ],
                    "rotation": 180,
                    "texture": "#3"
                },
                "down": {
                    "uv": [
                        6.75,
                        9,
                        7,
                        8.75
                    ],
                    "texture": "#3"
                }
            }
        },
        {
            "from": [
                7.4,
                13.27032,
                8.37279
            ],
            "to": [
                8.6,
                14.27032,
                9.62279
            ],
            "rotation": {
                "angle": -22.5,
                "axis": "x",
                "origin": [
                    8,
                    12.78184,
                    8.9629
                ]
            },
            "faces": {
                "north": {
                    "uv": [
                        5.5,
                        8.5,
                        5.25,
                        8.75
                    ],
                    "texture": "#3"
                },
                "east": {
                    "uv": [
                        7.875,
                        8.25,
                        7.5,
                        8.5
                    ],
                    "texture": "#3"
                },
                "south": {
                    "uv": [
                        6.75,
                        7.25,
                        6.5,
                        7.5
                    ],
                    "texture": "#3"
                },
                "west": {
                    "uv": [
                        8.625,
                        8.25,
                        8.25,
                        8.5
                    ],
                    "texture": "#3"
                },
                "up": {
                    "uv": [
                        8.75,
                        0.5,
                        8.5,
                        0.875
                    ],
                    "texture": "#3"
                },
                "down": {
                    "uv": [
                        8.75,
                        1.625,
                        8.5,
                        1.25
                    ],
                    "texture": "#3"
                }
            }
        },
        {
            "from": [
                7.34,
                13.56032,
                9.62279
            ],
            "to": [
                8.66,
                14.27032,
                10.33279
            ],
            "rotation": {
                "angle": -22.5,
                "axis": "x",
                "origin": [
                    8,
                    12.78184,
                    8.9629
                ]
            },
            "faces": {
                "north": {
                    "uv": [
                        9.375,
                        1,
                        9,
                        1.125
                    ],
                    "texture": "#3"
                },
                "east": {
                    "uv": [
                        9.375,
                        6.5,
                        9.25,
                        6.625
                    ],
                    "texture": "#3"
                },
                "south": {
                    "uv": [
                        9.375,
                        0.5,
                        9,
                        0.625
                    ],
                    "texture": "#3"
                },
                "west": {
                    "uv": [
                        6.875,
                        9.25,
                        6.75,
                        9.375
                    ],
                    "texture": "#3"
                },
                "up": {
                    "uv": [
                        9.375,
                        1.5,
                        9,
                        1.625
                    ],
                    "texture": "#3"
                },
                "down": {
                    "uv": [
                        9.375,
                        2.625,
                        9,
                        2.5
                    ],
                    "texture": "#3"
                }
            }
        },
        {
            "from": [
                7.35,
                11.80097,
                8.37699
            ],
            "to": [
                8.65,
                14.30097,
                9.37699
            ],
            "rotation": {
                "angle": 22.5,
                "axis": "x",
                "origin": [
                    8,
                    12.78184,
                    8.9629
                ]
            },
            "faces": {
                "north": {
                    "uv": [
                        6.5,
                        1.375,
                        6.875,
                        0.75
                    ],
                    "texture": "#3"
                },
                "east": {
                    "uv": [
                        1,
                        7.25,
                        1.625,
                        7
                    ],
                    "rotation": 270,
                    "texture": "#3"
                },
                "south": {
                    "uv": [
                        6.5,
                        1.75,
                        6.875,
                        2.375
                    ],
                    "rotation": 180,
                    "texture": "#3"
                },
                "west": {
                    "uv": [
                        2,
                        7.25,
                        2.625,
                        7
                    ],
                    "rotation": 90,
                    "texture": "#3"
                },
                "up": {
                    "uv": [
                        6.75,
                        8.5,
                        7.125,
                        8.25
                    ],
                    "rotation": 180,
                    "texture": "#3"
                },
                "down": {
                    "uv": [
                        8.25,
                        7.25,
                        8.625,
                        7
                    ],
                    "texture": "#3"
                }
            }
        },
        {
            "from": [
                6.995,
                11.07932,
                8.25295
            ],
            "to": [
                9.005,
                12.07932,
                10.25295
            ],
            "rotation": {
                "angle": -22.5,
                "axis": "x",
                "origin": [
                    8,
                    12.78184,
                    8.9629
                ]
            },
            "faces": {
                "north": {
                    "uv": [
                        8.25,
                        0.5,
                        7.75,
                        0.75
                    ],
                    "texture": "#3"
                },
                "east": {
                    "uv": [
                        8,
                        7.25,
                        7.5,
                        7.5
                    ],
                    "texture": "#3"
                },
                "south": {
                    "uv": [
                        8,
                        6.75,
                        7.5,
                        7
                    ],
                    "texture": "#3"
                },
                "west": {
                    "uv": [
                        8.25,
                        1,
                        7.75,
                        1.25
                    ],
                    "texture": "#3"
                },
                "up": {
                    "uv": [
                        6.25,
                        3.75,
                        5.75,
                        4.25
                    ],
                    "texture": "#3"
                },
                "down": {
                    "uv": [
                        6.25,
                        5,
                        5.75,
                        4.5
                    ],
                    "texture": "#3"
                }
            }
        },
        {
            "from": [
                7,
                12.49018,
                10.07895
            ],
            "to": [
                9,
                14.99018,
                11.07895
            ],
            "rotation": {
                "angle": 22.5,
                "axis": "x",
                "origin": [
                    8,
                    12.78184,
                    8.9629
                ]
            },
            "faces": {
                "north": {
                    "uv": [
                        1.75,
                        5.125,
                        2.25,
                        4.5
                    ],
                    "texture": "#3"
                },
                "east": {
                    "uv": [
                        4,
                        7,
                        4.625,
                        6.75
                    ],
                    "rotation": 270,
                    "texture": "#3"
                },
                "south": {
                    "uv": [
                        4.75,
                        0,
                        5.25,
                        0.625
                    ],
                    "rotation": 180,
                    "texture": "#3"
                },
                "west": {
                    "uv": [
                        5,
                        7,
                        5.625,
                        6.75
                    ],
                    "rotation": 90,
                    "texture": "#3"
                },
                "up": {
                    "uv": [
                        8,
                        8,
                        8.5,
                        7.75
                    ],
                    "rotation": 180,
                    "texture": "#3"
                },
                "down": {
                    "uv": [
                        0,
                        8.5,
                        0.5,
                        8.25
                    ],
                    "texture": "#3"
                }
            }
        },
        {
            "from": [
                6.995,
                12.27466,
                10.79855
            ],
            "to": [
                9.005,
                14.77466,
                11.79855
            ],
            "rotation": {
                "angle": 0,
                "axis": "x",
                "origin": [
                    8,
                    12.78184,
                    8.9629
                ]
            },
            "faces": {
                "north": {
                    "uv": [
                        5,
                        1.625,
                        5.5,
                        1
                    ],
                    "texture": "#3"
                },
                "east": {
                    "uv": [
                        0,
                        7.25,
                        0.625,
                        7
                    ],
                    "rotation": 270,
                    "texture": "#3"
                },
                "south": {
                    "uv": [
                        5,
                        2,
                        5.5,
                        2.625
                    ],
                    "rotation": 180,
                    "texture": "#3"
                },
                "west": {
                    "uv": [
                        7,
                        0.25,
                        7.625,
                        0
                    ],
                    "rotation": 90,
                    "texture": "#3"
                },
                "up": {
                    "uv": [
                        0.75,
                        8.5,
                        1.25,
                        8.25
                    ],
                    "rotation": 180,
                    "texture": "#3"
                },
                "down": {
                    "uv": [
                        1.5,
                        8.5,
                        2,
                        8.25
                    ],
                    "texture": "#3"
                }
            }
        },
        {
            "from": [
                6.99,
                12.18587,
                11.66715
            ],
            "to": [
                9.01,
                12.89587,
                12.37715
            ],
            "rotation": {
                "angle": -45,
                "axis": "x",
                "origin": [
                    8,
                    12.78184,
                    8.9629
                ]
            },
            "faces": {
                "north": {
                    "uv": [
                        0.5,
                        8.75,
                        0,
                        8.875
                    ],
                    "texture": "#3"
                },
                "east": {
                    "uv": [
                        4.375,
                        9,
                        4.25,
                        9.125
                    ],
                    "texture": "#3"
                },
                "south": {
                    "uv": [
                        9,
                        2,
                        8.5,
                        2.125
                    ],
                    "texture": "#3"
                },
                "west": {
                    "uv": [
                        9.375,
                        5,
                        9.25,
                        5.125
                    ],
                    "texture": "#3"
                },
                "up": {
                    "uv": [
                        9.25,
                        0,
                        8.75,
                        0.125
                    ],
                    "texture": "#3"
                },
                "down": {
                    "uv": [
                        1.25,
                        8.875,
                        0.75,
                        8.75
                    ],
                    "texture": "#3"
                }
            }
        },
        {
            "from": [
                7.25,
                8.97974,
                6.54298
            ],
            "to": [
                8.75,
                12.47974,
                10.04298
            ],
            "rotation": {
                "angle": 0,
                "axis": "x",
                "origin": [
                    8,
                    12.78184,
                    8.9629
                ]
            },
            "faces": {
                "north": {
                    "uv": [
                        4.25,
                        2.75,
                        4.625,
                        3.625
                    ],
                    "texture": "#3"
                },
                "east": {
                    "uv": [
                        3.625,
                        0.875,
                        2.75,
                        0
                    ],
                    "rotation": 270,
                    "texture": "#3"
                },
                "south": {
                    "uv": [
                        4.25,
                        4.875,
                        4.625,
                        4
                    ],
                    "rotation": 180,
                    "texture": "#3"
                },
                "west": {
                    "uv": [
                        3.625,
                        2.125,
                        2.75,
                        1.25
                    ],
                    "rotation": 90,
                    "texture": "#3"
                },
                "up": {
                    "uv": [
                        4.625,
                        2.375,
                        4.25,
                        1.5
                    ],
                    "rotation": 180,
                    "texture": "#3"
                },
                "down": {
                    "uv": [
                        3.875,
                        4.875,
                        3.5,
                        4
                    ],
                    "texture": "#3"
                }
            }
        },
        {
            "from": [
                7,
                7.55,
                7
            ],
            "to": [
                9,
                8.55,
                9
            ],
            "rotation": {
                "angle": 0,
                "axis": "y",
                "origin": [
                    8,
                    12.78184,
                    8.9629
                ]
            },
            "faces": {
                "north": {
                    "uv": [
                        7.75,
                        1.5,
                        8.25,
                        1.75
                    ],
                    "texture": "#3"
                },
                "east": {
                    "uv": [
                        7.75,
                        2,
                        8.25,
                        2.25
                    ],
                    "texture": "#3"
                },
                "south": {
                    "uv": [
                        5.75,
                        7.75,
                        6.25,
                        8
                    ],
                    "texture": "#3"
                },
                "west": {
                    "uv": [
                        6.5,
                        7.75,
                        7,
                        8
                    ],
                    "texture": "#3"
                },
                "up": {
                    "uv": [
                        6.25,
                        5.75,
                        5.75,
                        5.25
                    ],
                    "texture": "#3"
                },
                "down": {
                    "uv": [
                        4.75,
                        6,
                        4.25,
                        6.5
                    ],
                    "texture": "#3"
                }
            }
        },
        {
            "from": [
                7.95,
                5.0598,
                5.25
            ],
            "to": [
                8.05,
                17.3098,
                11.5
            ],
            "rotation": {
                "angle": 45,
                "axis": "x",
                "origin": [
                    8,
                    14.1098,
                    10.675
                ]
            },
            "faces": {
                "east": {
                    "uv": [
                        12,
                        8,
                        14,
                        12
                    ],
                    "rotation": 180,
                    "texture": "#3"
                },
                "west": {
                    "uv": [
                        14,
                        8,
                        12,
                        12
                    ],
                    "rotation": 180,
                    "texture": "#3"
                }
            }
        },
        {
            "from": [
                7.9,
                10.47923,
                9.25752
            ],
            "to": [
                8.1,
                15.72923,
                19.25752
            ],
            "rotation": {
                "angle": -45,
                "axis": "x",
                "origin": [
                    8.1,
                    14.1098,
                    10.675
                ]
            },
            "faces": {
                "east": {
                    "uv": [
                        11.875,
                        2.875,
                        10.375,
                        0
                    ],
                    "rotation": 90,
                    "texture": "#3"
                },
                "west": {
                    "uv": [
                        10.375,
                        2.875,
                        11.875,
                        0
                    ],
                    "rotation": 270,
                    "texture": "#3"
                }
            }
        },
        {
            "from": [
                7,
                -2.25449,
                6.03815
            ],
            "to": [
                9,
                -1.25449,
                8.03815
            ],
            "rotation": {
                "angle": 45,
                "axis": "x",
                "origin": [
                    8,
                    -2.63184,
                    8.9629
                ]
            },
            "faces": {
                "north": {
                    "uv": [
                        7.5,
                        5,
                        8,
                        4.75
                    ],
                    "texture": "#3"
                },
                "east": {
                    "uv": [
                        7.5,
                        5.5,
                        8,
                        5.25
                    ],
                    "texture": "#3"
                },
                "south": {
                    "uv": [
                        7.5,
                        6,
                        8,
                        5.75
                    ],
                    "texture": "#3"
                },
                "west": {
                    "uv": [
                        7.5,
                        6.5,
                        8,
                        6.25
                    ],
                    "texture": "#3"
                },
                "up": {
                    "uv": [
                        6.25,
                        3.5,
                        5.75,
                        3
                    ],
                    "texture": "#3"
                },
                "down": {
                    "uv": [
                        6.25,
                        2.25,
                        5.75,
                        2.75
                    ],
                    "texture": "#3"
                }
            }
        },
        {
            "from": [
                6.995,
                0.21469,
                8.19227
            ],
            "to": [
                9.005,
                2.21469,
                9.19227
            ],
            "rotation": {
                "angle": -22.5,
                "axis": "x",
                "origin": [
                    8,
                    -2.63184,
                    8.9629
                ]
            },
            "faces": {
                "north": {
                    "uv": [
                        5.75,
                        4.25,
                        6.25,
                        3.75
                    ],
                    "texture": "#3"
                },
                "east": {
                    "uv": [
                        7.5,
                        7.5,
                        8,
                        7.25
                    ],
                    "rotation": 270,
                    "texture": "#3"
                },
                "south": {
                    "uv": [
                        5.75,
                        4.5,
                        6.25,
                        5
                    ],
                    "rotation": 180,
                    "texture": "#3"
                },
                "west": {
                    "uv": [
                        7.75,
                        1.25,
                        8.25,
                        1
                    ],
                    "rotation": 90,
                    "texture": "#3"
                },
                "up": {
                    "uv": [
                        8,
                        6.75,
                        7.5,
                        7
                    ],
                    "texture": "#3"
                },
                "down": {
                    "uv": [
                        8.25,
                        0.5,
                        7.75,
                        0.75
                    ],
                    "rotation": 180,
                    "texture": "#3"
                }
            }
        },
        {
            "from": [
                7,
                -0.04264,
                3.19808
            ],
            "to": [
                9,
                0.95736,
                5.69808
            ],
            "rotation": {
                "angle": 22.5,
                "axis": "x",
                "origin": [
                    8,
                    -2.63184,
                    8.9629
                ]
            },
            "faces": {
                "north": {
                    "uv": [
                        8,
                        8,
                        8.5,
                        7.75
                    ],
                    "texture": "#3"
                },
                "east": {
                    "uv": [
                        4,
                        7,
                        4.625,
                        6.75
                    ],
                    "texture": "#3"
                },
                "south": {
                    "uv": [
                        0,
                        8.5,
                        0.5,
                        8.25
                    ],
                    "texture": "#3"
                },
                "west": {
                    "uv": [
                        5,
                        7,
                        5.625,
                        6.75
                    ],
                    "texture": "#3"
                },
                "up": {
                    "uv": [
                        5.25,
                        0.625,
                        4.75,
                        0
                    ],
                    "texture": "#3"
                },
                "down": {
                    "uv": [
                        2.25,
                        4.5,
                        1.75,
                        5.125
                    ],
                    "texture": "#3"
                }
            }
        },
        {
            "from": [
                7.5,
                0.53404,
                2.61854
            ],
            "to": [
                8.5,
                4.03404,
                6.11854
            ],
            "rotation": {
                "angle": 0,
                "axis": "x",
                "origin": [
                    8,
                    -2.63184,
                    8.9629
                ]
            },
            "faces": {
                "east": {
                    "uv": [
                        16,
                        0,
                        0,
                        16
                    ],
                    "rotation": 180,
                    "texture": "#4"
                },
                "west": {
                    "uv": [
                        16,
                        16,
                        0,
                        0
                    ],
                    "texture": "#4"
                }
            }
        },
        {
            "from": [
                7.75,
                -1.37784,
                6.99489
            ],
            "to": [
                8.25,
                2.12216,
                10.49489
            ],
            "rotation": {
                "angle": 0,
                "axis": "x",
                "origin": [
                    8,
                    -2.63184,
                    8.9629
                ]
            },
            "faces": {
                "east": {
                    "uv": [
                        16,
                        0,
                        0,
                        16
                    ],
                    "rotation": 180,
                    "texture": "#4"
                },
                "west": {
                    "uv": [
                        16,
                        16,
                        0,
                        0
                    ],
                    "texture": "#4"
                }
            }
        },
        {
            "from": [
                7.75,
                -7.27882,
                6.19186
            ],
            "to": [
                8.25,
                -3.27882,
                10.19186
            ],
            "rotation": {
                "angle": 0,
                "axis": "x",
                "origin": [
                    8,
                    -2.63184,
                    8.9629
                ]
            },
            "faces": {
                "east": {
                    "uv": [
                        0,
                        16,
                        16,
                        0.2
                    ],
                    "texture": "#5"
                },
                "west": {
                    "uv": [
                        16,
                        16,
                        0,
                        0.2
                    ],
                    "texture": "#5"
                }
            }
        },
        {
            "from": [
                7.95,
                -9.4395,
                6.44186
            ],
            "to": [
                8.05,
                -5.9395,
                9.94186
            ],
            "rotation": {
                "angle": 0,
                "axis": "x",
                "origin": [
                    8,
                    -2.63184,
                    8.9629
                ]
            },
            "faces": {
                "east": {
                    "uv": [
                        0,
                        16,
                        16,
                        0
                    ],
                    "texture": "#6"
                },
                "west": {
                    "uv": [
                        0,
                        0,
                        16,
                        16
                    ],
                    "rotation": 180,
                    "texture": "#6"
                }
            }
        },
        {
            "from": [
                7.8,
                -2.88625,
                8.34356
            ],
            "to": [
                8.2,
                1.11375,
                12.34356
            ],
            "rotation": {
                "angle": 0,
                "axis": "x",
                "origin": [
                    8,
                    -2.63184,
                    8.9629
                ]
            },
            "faces": {
                "east": {
                    "uv": [
                        16,
                        0,
                        0,
                        16
                    ],
                    "rotation": 270,
                    "texture": "#7"
                },
                "west": {
                    "uv": [
                        0,
                        0,
                        16,
                        16
                    ],
                    "rotation": 90,
                    "texture": "#7"
                }
            }
        },
        {
            "from": [
                7.9,
                -2.56704,
                11.50718
            ],
            "to": [
                8.1,
                0.93296,
                15.00718
            ],
            "rotation": {
                "angle": 0,
                "axis": "x",
                "origin": [
                    8,
                    -2.63184,
                    8.9629
                ]
            },
            "faces": {
                "east": {
                    "uv": [
                        0,
                        0,
                        16,
                        16
                    ],
                    "rotation": 270,
                    "texture": "#6"
                },
                "west": {
                    "uv": [
                        0,
                        16,
                        16,
                        0
                    ],
                    "rotation": 270,
                    "texture": "#6"
                }
            }
        },
        {
            "from": [
                6.995,
                1.92583,
                4.24806
            ],
            "to": [
                9.005,
                2.92583,
                6.74806
            ],
            "rotation": {
                "angle": 0,
                "axis": "x",
                "origin": [
                    8,
                    -2.63184,
                    8.9629
                ]
            },
            "faces": {
                "north": {
                    "uv": [
                        0.75,
                        8.5,
                        1.25,
                        8.25
                    ],
                    "texture": "#3"
                },
                "east": {
                    "uv": [
                        0,
                        7.25,
                        0.625,
                        7
                    ],
                    "texture": "#3"
                },
                "south": {
                    "uv": [
                        1.5,
                        8.5,
                        2,
                        8.25
                    ],
                    "texture": "#3"
                },
                "west": {
                    "uv": [
                        7,
                        0.25,
                        7.625,
                        0
                    ],
                    "texture": "#3"
                },
                "up": {
                    "uv": [
                        5.5,
                        2.625,
                        5,
                        2
                    ],
                    "texture": "#3"
                },
                "down": {
                    "uv": [
                        5.5,
                        1,
                        5,
                        1.625
                    ],
                    "texture": "#3"
                }
            }
        },
        {
            "from": [
                6.99,
                -2.74587,
                1.69915
            ],
            "to": [
                9.01,
                -2.03587,
                2.40915
            ],
            "rotation": {
                "angle": 45,
                "axis": "x",
                "origin": [
                    8,
                    -2.63184,
                    8.9629
                ]
            },
            "faces": {
                "north": {
                    "uv": [
                        8.5,
                        2.125,
                        9,
                        2
                    ],
                    "texture": "#3"
                },
                "east": {
                    "uv": [
                        4.25,
                        9.125,
                        4.375,
                        9
                    ],
                    "texture": "#3"
                },
                "south": {
                    "uv": [
                        0,
                        8.875,
                        0.5,
                        8.75
                    ],
                    "texture": "#3"
                },
                "west": {
                    "uv": [
                        9.25,
                        5.125,
                        9.375,
                        5
                    ],
                    "texture": "#3"
                },
                "up": {
                    "uv": [
                        1.25,
                        8.875,
                        0.75,
                        8.75
                    ],
                    "texture": "#3"
                },
                "down": {
                    "uv": [
                        9.25,
                        0,
                        8.75,
                        0.125
                    ],
                    "texture": "#3"
                }
            }
        },
        {
            "from": [
                7.375,
                -5.15541,
                5.88689
            ],
            "to": [
                8.625,
                -4.44541,
                6.59689
            ],
            "rotation": {
                "angle": 0,
                "axis": "x",
                "origin": [
                    8,
                    -2.63184,
                    8.9629
                ]
            },
            "faces": {
                "north": {
                    "uv": [
                        3.875,
                        9.125,
                        3.5,
                        9
                    ],
                    "texture": "#3"
                },
                "east": {
                    "uv": [
                        7.375,
                        9.375,
                        7.25,
                        9.25
                    ],
                    "texture": "#3"
                },
                "south": {
                    "uv": [
                        9.375,
                        3.125,
                        9,
                        3
                    ],
                    "texture": "#3"
                },
                "west": {
                    "uv": [
                        9.375,
                        7.625,
                        9.25,
                        7.5
                    ],
                    "texture": "#3"
                },
                "up": {
                    "uv": [
                        5.625,
                        9,
                        5.25,
                        9.125
                    ],
                    "texture": "#3"
                },
                "down": {
                    "uv": [
                        9.375,
                        3.625,
                        9,
                        3.5
                    ],
                    "texture": "#3"
                }
            }
        },
        {
            "from": [
                7.4,
                -6.08929,
                8.07432
            ],
            "to": [
                8.6,
                -3.83929,
                9.07432
            ],
            "rotation": {
                "angle": 45,
                "axis": "x",
                "origin": [
                    8,
                    -2.63184,
                    8.9629
                ]
            },
            "faces": {
                "north": {
                    "uv": [
                        7.25,
                        6.375,
                        7,
                        5.75
                    ],
                    "texture": "#3"
                },
                "east": {
                    "uv": [
                        7.25,
                        5.375,
                        7,
                        4.75
                    ],
                    "texture": "#3"
                },
                "south": {
                    "uv": [
                        7.25,
                        4.375,
                        7,
                        3.75
                    ],
                    "texture": "#3"
                },
                "west": {
                    "uv": [
                        7.25,
                        7.375,
                        7,
                        6.75
                    ],
                    "texture": "#3"
                },
                "up": {
                    "uv": [
                        9,
                        5.5,
                        8.75,
                        5.75
                    ],
                    "texture": "#3"
                },
                "down": {
                    "uv": [
                        9,
                        5.25,
                        8.75,
                        5
                    ],
                    "texture": "#3"
                }
            }
        },
        {
            "from": [
                7.395,
                -3.85731,
                7.48077
            ],
            "to": [
                8.605,
                -2.85731,
                8.23077
            ],
            "rotation": {
                "angle": 0,
                "axis": "x",
                "origin": [
                    8,
                    -2.63184,
                    8.9629
                ]
            },
            "faces": {
                "north": {
                    "uv": [
                        8.75,
                        7.5,
                        9,
                        7.75
                    ],
                    "texture": "#3"
                },
                "east": {
                    "uv": [
                        9,
                        6.75,
                        8.75,
                        6.5
                    ],
                    "rotation": 270,
                    "texture": "#3"
                },
                "south": {
                    "uv": [
                        7.75,
                        9,
                        8,
                        8.75
                    ],
                    "rotation": 180,
                    "texture": "#3"
                },
                "west": {
                    "uv": [
                        7.5,
                        9,
                        7.25,
                        8.75
                    ],
                    "rotation": 90,
                    "texture": "#3"
                },
                "up": {
                    "uv": [
                        6.75,
                        8.75,
                        7,
                        9
                    ],
                    "texture": "#3"
                },
                "down": {
                    "uv": [
                        8.75,
                        6,
                        9,
                        6.25
                    ],
                    "rotation": 180,
                    "texture": "#3"
                }
            }
        },
        {
            "from": [
                7.4,
                -4.12032,
                8.37279
            ],
            "to": [
                8.6,
                -3.12032,
                9.62279
            ],
            "rotation": {
                "angle": 22.5,
                "axis": "x",
                "origin": [
                    8,
                    -2.63184,
                    8.9629
                ]
            },
            "faces": {
                "north": {
                    "uv": [
                        5.5,
                        8.75,
                        5.25,
                        8.5
                    ],
                    "texture": "#3"
                },
                "east": {
                    "uv": [
                        7.875,
                        8.5,
                        7.5,
                        8.25
                    ],
                    "texture": "#3"
                },
                "south": {
                    "uv": [
                        6.75,
                        7.5,
                        6.5,
                        7.25
                    ],
                    "texture": "#3"
                },
                "west": {
                    "uv": [
                        8.625,
                        8.5,
                        8.25,
                        8.25
                    ],
                    "texture": "#3"
                },
                "up": {
                    "uv": [
                        8.75,
                        1.25,
                        8.5,
                        1.625
                    ],
                    "texture": "#3"
                },
                "down": {
                    "uv": [
                        8.75,
                        0.875,
                        8.5,
                        0.5
                    ],
                    "texture": "#3"
                }
            }
        },
        {
            "from": [
                7.34,
                -4.12032,
                9.62279
            ],
            "to": [
                8.66,
                -3.41032,
                10.33279
            ],
            "rotation": {
                "angle": 22.5,
                "axis": "x",
                "origin": [
                    8,
                    -2.63184,
                    8.9629
                ]
            },
            "faces": {
                "north": {
                    "uv": [
                        9.375,
                        1.125,
                        9,
                        1
                    ],
                    "texture": "#3"
                },
                "east": {
                    "uv": [
                        9.375,
                        6.625,
                        9.25,
                        6.5
                    ],
                    "texture": "#3"
                },
                "south": {
                    "uv": [
                        9.375,
                        0.625,
                        9,
                        0.5
                    ],
                    "texture": "#3"
                },
                "west": {
                    "uv": [
                        6.875,
                        9.375,
                        6.75,
                        9.25
                    ],
                    "texture": "#3"
                },
                "up": {
                    "uv": [
                        9.375,
                        2.5,
                        9,
                        2.625
                    ],
                    "texture": "#3"
                },
                "down": {
                    "uv": [
                        9.375,
                        1.625,
                        9,
                        1.5
                    ],
                    "texture": "#3"
                }
            }
        },
        {
            "from": [
                7.35,
                -4.15097,
                8.37699
            ],
            "to": [
                8.65,
                -1.65097,
                9.37699
            ],
            "rotation": {
                "angle": -22.5,
                "axis": "x",
                "origin": [
                    8,
                    -2.63184,
                    8.9629
                ]
            },
            "faces": {
                "north": {
                    "uv": [
                        6.5,
                        0.75,
                        6.875,
                        1.375
                    ],
                    "texture": "#3"
                },
                "east": {
                    "uv": [
                        1.625,
                        7.25,
                        1,
                        7
                    ],
                    "rotation": 270,
                    "texture": "#3"
                },
                "south": {
                    "uv": [
                        6.5,
                        2.375,
                        6.875,
                        1.75
                    ],
                    "rotation": 180,
                    "texture": "#3"
                },
                "west": {
                    "uv": [
                        2.625,
                        7.25,
                        2,
                        7
                    ],
                    "rotation": 90,
                    "texture": "#3"
                },
                "up": {
                    "uv": [
                        8.25,
                        7,
                        8.625,
                        7.25
                    ],
                    "texture": "#3"
                },
                "down": {
                    "uv": [
                        6.75,
                        8.25,
                        7.125,
                        8.5
                    ],
                    "rotation": 180,
                    "texture": "#3"
                }
            }
        },
        {
            "from": [
                6.995,
                -1.92932,
                8.25295
            ],
            "to": [
                9.005,
                -0.92932,
                10.25295
            ],
            "rotation": {
                "angle": 22.5,
                "axis": "x",
                "origin": [
                    8,
                    -2.63184,
                    8.9629
                ]
            },
            "faces": {
                "north": {
                    "uv": [
                        8.25,
                        0.75,
                        7.75,
                        0.5
                    ],
                    "texture": "#3"
                },
                "east": {
                    "uv": [
                        8,
                        7.5,
                        7.5,
                        7.25
                    ],
                    "texture": "#3"
                },
                "south": {
                    "uv": [
                        8,
                        7,
                        7.5,
                        6.75
                    ],
                    "texture": "#3"
                },
                "west": {
                    "uv": [
                        8.25,
                        1.25,
                        7.75,
                        1
                    ],
                    "texture": "#3"
                },
                "up": {
                    "uv": [
                        6.25,
                        4.5,
                        5.75,
                        5
                    ],
                    "texture": "#3"
                },
                "down": {
                    "uv": [
                        6.25,
                        4.25,
                        5.75,
                        3.75
                    ],
                    "texture": "#3"
                }
            }
        },
        {
            "from": [
                7,
                -4.84018,
                10.07895
            ],
            "to": [
                9,
                -2.34018,
                11.07895
            ],
            "rotation": {
                "angle": -22.5,
                "axis": "x",
                "origin": [
                    8,
                    -2.63184,
                    8.9629
                ]
            },
            "faces": {
                "north": {
                    "uv": [
                        1.75,
                        4.5,
                        2.25,
                        5.125
                    ],
                    "texture": "#3"
                },
                "east": {
                    "uv": [
                        4.625,
                        7,
                        4,
                        6.75
                    ],
                    "rotation": 270,
                    "texture": "#3"
                },
                "south": {
                    "uv": [
                        4.75,
                        0.625,
                        5.25,
                        0
                    ],
                    "rotation": 180,
                    "texture": "#3"
                },
                "west": {
                    "uv": [
                        5.625,
                        7,
                        5,
                        6.75
                    ],
                    "rotation": 90,
                    "texture": "#3"
                },
                "up": {
                    "uv": [
                        0,
                        8.25,
                        0.5,
                        8.5
                    ],
                    "texture": "#3"
                },
                "down": {
                    "uv": [
                        8,
                        7.75,
                        8.5,
                        8
                    ],
                    "rotation": 180,
                    "texture": "#3"
                }
            }
        },
        {
            "from": [
                6.995,
                -4.62466,
                10.79855
            ],
            "to": [
                9.005,
                -2.12466,
                11.79855
            ],
            "rotation": {
                "angle": 0,
                "axis": "x",
                "origin": [
                    8,
                    -2.63184,
                    8.9629
                ]
            },
            "faces": {
                "north": {
                    "uv": [
                        5,
                        1,
                        5.5,
                        1.625
                    ],
                    "texture": "#3"
                },
                "east": {
                    "uv": [
                        0.625,
                        7.25,
                        0,
                        7
                    ],
                    "rotation": 270,
                    "texture": "#3"
                },
                "south": {
                    "uv": [
                        5,
                        2.625,
                        5.5,
                        2
                    ],
                    "rotation": 180,
                    "texture": "#3"
                },
                "west": {
                    "uv": [
                        7.625,
                        0.25,
                        7,
                        0
                    ],
                    "rotation": 90,
                    "texture": "#3"
                },
                "up": {
                    "uv": [
                        1.5,
                        8.25,
                        2,
                        8.5
                    ],
                    "texture": "#3"
                },
                "down": {
                    "uv": [
                        0.75,
                        8.25,
                        1.25,
                        8.5
                    ],
                    "rotation": 180,
                    "texture": "#3"
                }
            }
        },
        {
            "from": [
                6.99,
                -2.74587,
                11.66715
            ],
            "to": [
                9.01,
                -2.03587,
                12.37715
            ],
            "rotation": {
                "angle": 45,
                "axis": "x",
                "origin": [
                    8,
                    -2.63184,
                    8.9629
                ]
            },
            "faces": {
                "north": {
                    "uv": [
                        0.5,
                        8.875,
                        0,
                        8.75
                    ],
                    "texture": "#3"
                },
                "east": {
                    "uv": [
                        4.375,
                        9.125,
                        4.25,
                        9
                    ],
                    "texture": "#3"
                },
                "south": {
                    "uv": [
                        9,
                        2.125,
                        8.5,
                        2
                    ],
                    "texture": "#3"
                },
                "west": {
                    "uv": [
                        9.375,
                        5.125,
                        9.25,
                        5
                    ],
                    "texture": "#3"
                },
                "up": {
                    "uv": [
                        1.25,
                        8.75,
                        0.75,
                        8.875
                    ],
                    "texture": "#3"
                },
                "down": {
                    "uv": [
                        9.25,
                        0.125,
                        8.75,
                        0
                    ],
                    "texture": "#3"
                }
            }
        },
        {
            "from": [
                7.25,
                -2.32974,
                6.54298
            ],
            "to": [
                8.75,
                1.17026,
                10.04298
            ],
            "rotation": {
                "angle": 0,
                "axis": "x",
                "origin": [
                    8,
                    -2.63184,
                    8.9629
                ]
            },
            "faces": {
                "north": {
                    "uv": [
                        4.25,
                        3.625,
                        4.625,
                        2.75
                    ],
                    "texture": "#3"
                },
                "east": {
                    "uv": [
                        2.75,
                        0.875,
                        3.625,
                        0
                    ],
                    "rotation": 270,
                    "texture": "#3"
                },
                "south": {
                    "uv": [
                        4.25,
                        4,
                        4.625,
                        4.875
                    ],
                    "rotation": 180,
                    "texture": "#3"
                },
                "west": {
                    "uv": [
                        2.75,
                        2.125,
                        3.625,
                        1.25
                    ],
                    "rotation": 90,
                    "texture": "#3"
                },
                "up": {
                    "uv": [
                        3.875,
                        4,
                        3.5,
                        4.875
                    ],
                    "texture": "#3"
                },
                "down": {
                    "uv": [
                        4.625,
                        1.5,
                        4.25,
                        2.375
                    ],
                    "rotation": 180,
                    "texture": "#3"
                }
            }
        },
        {
            "from": [
                7,
                1.6,
                7
            ],
            "to": [
                9,
                2.6,
                9
            ],
            "rotation": {
                "angle": 0,
                "axis": "y",
                "origin": [
                    8,
                    -2.63184,
                    8.9629
                ]
            },
            "faces": {
                "north": {
                    "uv": [
                        7.75,
                        1.75,
                        8.25,
                        1.5
                    ],
                    "texture": "#3"
                },
                "east": {
                    "uv": [
                        7.75,
                        2.25,
                        8.25,
                        2
                    ],
                    "texture": "#3"
                },
                "south": {
                    "uv": [
                        5.75,
                        8,
                        6.25,
                        7.75
                    ],
                    "texture": "#3"
                },
                "west": {
                    "uv": [
                        6.5,
                        8,
                        7,
                        7.75
                    ],
                    "texture": "#3"
                },
                "up": {
                    "uv": [
                        4.75,
                        6.5,
                        4.25,
                        6
                    ],
                    "texture": "#3"
                },
                "down": {
                    "uv": [
                        6.25,
                        5.25,
                        5.75,
                        5.75
                    ],
                    "texture": "#3"
                }
            }
        },
        {
            "from": [
                7.95,
                -7.1598,
                5.25
            ],
            "to": [
                8.05,
                5.0902,
                11.5
            ],
            "rotation": {
                "angle": -45,
                "axis": "x",
                "origin": [
                    8,
                    -3.9598,
                    10.675
                ]
            },
            "faces": {
                "east": {
                    "uv": [
                        12,
                        12,
                        14,
                        8
                    ],
                    "rotation": 180,
                    "texture": "#3"
                },
                "west": {
                    "uv": [
                        14,
                        12,
                        12,
                        8
                    ],
                    "rotation": 180,
                    "texture": "#3"
                }
            }
        },
        {
            "from": [
                7.9,
                -5.57923,
                9.25752
            ],
            "to": [
                8.1,
                -0.32923,
                19.25752
            ],
            "rotation": {
                "angle": 45,
                "axis": "x",
                "origin": [
                    8.1,
                    -3.9598,
                    10.675
                ]
            },
            "faces": {
                "east": {
                    "uv": [
                        10.375,
                        2.875,
                        11.875,
                        0
                    ],
                    "rotation": 90,
                    "texture": "#3"
                },
                "west": {
                    "uv": [
                        11.875,
                        2.875,
                        10.375,
                        0
                    ],
                    "rotation": 270,
                    "texture": "#3"
                }
            }
        },
        {
            "from": [
                7.25,
                2.6,
                7.25
            ],
            "to": [
                8.75,
                7.6,
                8.75
            ],
            "rotation": {
                "angle": 0,
                "axis": "y",
                "origin": [
                    8,
                    10.675,
                    8
                ]
            },
            "faces": {
                "north": {
                    "uv": [
                        2.75,
                        2.5,
                        3.125,
                        3.75
                    ],
                    "texture": "#3"
                },
                "east": {
                    "uv": [
                        3.5,
                        2.5,
                        3.875,
                        3.75
                    ],
                    "texture": "#3"
                },
                "south": {
                    "uv": [
                        4,
                        0,
                        4.375,
                        1.25
                    ],
                    "texture": "#3"
                },
                "west": {
                    "uv": [
                        2.75,
                        4,
                        3.125,
                        5.25
                    ],
                    "texture": "#3"
                },
                "up": {
                    "uv": [
                        5.375,
                        7.625,
                        5,
                        7.25
                    ],
                    "texture": "#3"
                },
                "down": {
                    "uv": [
                        0.375,
                        7.5,
                        0,
                        7.875
                    ],
                    "texture": "#3"
                }
            }
        },
        {
            "from": [
                8,
                -6.9,
                16.1
            ],
            "to": [
                8,
                17.1,
                19.6
            ],
            "rotation": {
                "angle": 0,
                "axis": "y",
                "origin": [
                    7.25,
                    5.1,
                    16.85
                ]
            },
            "faces": {
                "east": {
                    "uv": [
                        0.625,
                        9.875,
                        1.5,
                        16
                    ],
                    "texture": "#3"
                },
                "west": {
                    "uv": [
                        1.5,
                        9.875,
                        0.625,
                        16
                    ],
                    "texture": "#3"
                }
            }
        },
        {
            "from": [
                8,
                4.35,
                3.6
            ],
            "to": [
                8,
                5.85,
                20.6
            ],
            "rotation": {
                "angle": 22.5,
                "axis": "z",
                "origin": [
                    8,
                    5.1,
                    12.6
                ]
            },
            "faces": {
                "east": {
                    "uv": [
                        15.5,
                        11.75,
                        15.875,
                        16
                    ],
                    "rotation": 90,
                    "texture": "#3"
                },
                "west": {
                    "uv": [
                        15.875,
                        11.75,
                        15.5,
                        16
                    ],
                    "rotation": 270,
                    "texture": "#3"
                }
            }
        },
        {
            "from": [
                8,
                4.35,
                3.6
            ],
            "to": [
                8,
                5.85,
                20.6
            ],
            "rotation": {
                "angle": -22.5,
                "axis": "z",
                "origin": [
                    8,
                    5.1,
                    12.6
                ]
            },
            "faces": {
                "east": {
                    "uv": [
                        15.5,
                        11.75,
                        15.875,
                        16
                    ],
                    "rotation": 90,
                    "texture": "#3"
                },
                "west": {
                    "uv": [
                        15.875,
                        11.75,
                        15.5,
                        16
                    ],
                    "rotation": 270,
                    "texture": "#3"
                }
            }
        }
    ],
    "gui_light": "front",
    "display": {
        "thirdperson_righthand": {
            "translation": [
                0,
                0.5,
                1.5
            ],
            "scale": [
                0.85,
                0.85,
                0.85
            ]
        },
        "thirdperson_lefthand": {
            "translation": [
                0,
                0.5,
                1.5
            ],
            "scale": [
                0.85,
                0.85,
                0.85
            ]
        },
        "firstperson_righthand": {
            "rotation": [
                19.41,
                26.45,
                -3.41
            ],
            "translation": [
                11.25,
                6.75,
                -13.5
            ]
        },
        "firstperson_lefthand": {
            "rotation": [
                17.95,
                -7.2,
                -1.78
            ],
            "translation": [
                16.75,
                4.5,
                -3.5
            ]
        },
        "ground": {
            "rotation": [
                0,
                0,
                48
            ],
            "translation": [
                -2.5,
                3.25,
                0
            ],
            "scale": [
                0.52,
                0.52,
                0.52
            ]
        },
        "gui": {
            "rotation": [
                90,
                45,
                -90
            ],
            "translation": [
                0,
                2.25,
                0
            ],
            "scale": [
                0.54,
                0.54,
                0.54
            ]
        },
        "head": {
            "scale": [
                0.01,
                0.01,
                0.01
            ]
        },
        "fixed": {
            "rotation": [
                0,
                -90,
                0
            ],
            "translation": [
                3.75,
                9,
                -1.75
            ],
            "scale": [
                1.84,
                1.84,
                1.84
            ]
        }
    },
    "groups": [
        {
            "name": "bow",
            "origin": [
                8.035,
                3.0848,
                8
            ],
            "color": 0,
            "children": [
                {
                    "name": "group",
                    "origin": [
                        8,
                        13.45775,
                        8.94976
                    ],
                    "color": 0,
                    "children": [
                        0,
                        1,
                        2,
                        3,
                        4,
                        5,
                        6,
                        7,
                        8,
                        9,
                        10,
                        11,
                        12,
                        13,
                        14,
                        15,
                        16,
                        17,
                        18,
                        19,
                        20,
                        21,
                        22,
                        23,
                        24
                    ]
                },
                {
                    "name": "group",
                    "origin": [
                        8,
                        13.45775,
                        8.94976
                    ],
                    "color": 0,
                    "children": [
                        25,
                        26,
                        27,
                        28,
                        29,
                        30,
                        31,
                        32,
                        33,
                        34,
                        35,
                        36,
                        37,
                        38,
                        39,
                        40,
                        41,
                        42,
                        43,
                        44,
                        45,
                        46,
                        47,
                        48,
                        49
                    ]
                },
                50,
                51,
                52,
                53
            ]
        }
    ]
}