{"credit":"Made with Blockbench","texture_size":[64,64],"textures":{"0":"blueflame:chest","particle":"blueflame:chest"},"elements":[{"from":[12.16457,8.4072,2.57461],"to":[14.40633,12.25019,4.81636],"rotation":{"angle":-22.5,"axis":"z","origin":[8,4.81874,8]},"faces":{"north":{"uv":[12.75,12,13.3125,12.9375],"texture":"#0"},"east":{"uv":[13,0,13.5625,0.9375],"texture":"#0"},"south":{"uv":[7.25,13.25,7.8125,14.1875],"texture":"#0"},"west":{"uv":[13.5625,0,13,0.9375],"texture":"#0"},"up":{"uv":[14.5625,0.5625,14,0],"texture":"#0"},"down":{"uv":[14.5625,1,14,1.5625],"texture":"#0"}}},{"from":[13.05996,4.14126,2.3636],"to":[15.62196,6.70326,4.9256],"rotation":{"angle":0,"axis":"y","origin":[8,4.81874,8]},"faces":{"north":{"uv":[13,13.25,13.625,13.875],"texture":"#0"},"east":{"uv":[5.375,13.5,4.75,14.125],"texture":"#0"},"south":{"uv":[13.5,8.25,14.125,8.875],"texture":"#0"},"west":{"uv":[0.625,13.75,0,14.375],"texture":"#0"},"up":{"uv":[1.625,14.375,1,13.75],"texture":"#0"},"down":{"uv":[2.625,13.75,2,14.375],"texture":"#0"}}},{"from":[13.40996,-0.10874,2.3636],"to":[15.97196,2.45326,4.9256],"rotation":{"angle":22.5,"axis":"z","origin":[14.69096,1.17226,3.6446]},"faces":{"north":{"uv":[13,13.25,13.625,13.875],"texture":"#0"},"east":{"uv":[5.375,13.5,4.75,14.125],"texture":"#0"},"south":{"uv":[13.5,8.25,14.125,8.875],"texture":"#0"},"west":{"uv":[0.625,13.75,0,14.375],"texture":"#0"},"up":{"uv":[1.625,14.375,1,13.75],"texture":"#0"},"down":{"uv":[2.625,13.75,2,14.375],"texture":"#0"}}},{"from":[13.40996,-0.10874,11.0744],"to":[15.97196,2.45326,13.6364],"rotation":{"angle":22.5,"axis":"z","origin":[14.69096,1.17226,12.3554]},"faces":{"north":{"uv":[14.125,8.25,13.5,8.875],"texture":"#0"},"east":{"uv":[4.75,13.5,5.375,14.125],"texture":"#0"},"south":{"uv":[13.625,13.25,13,13.875],"texture":"#0"},"west":{"uv":[0,13.75,0.625,14.375],"texture":"#0"},"up":{"uv":[1.625,13.75,1,14.375],"texture":"#0"},"down":{"uv":[2.625,14.375,2,13.75],"texture":"#0"}}},{"from":[0.02804,-0.10874,11.0744],"to":[2.59004,2.45326,13.6364],"rotation":{"angle":-22.5,"axis":"z","origin":[1.30904,1.17226,12.3554]},"faces":{"north":{"uv":[13.5,8.25,14.125,8.875],"texture":"#0"},"east":{"uv":[0.625,13.75,0,14.375],"texture":"#0"},"south":{"uv":[13,13.25,13.625,13.875],"texture":"#0"},"west":{"uv":[5.375,13.5,4.75,14.125],"texture":"#0"},"up":{"uv":[1,13.75,1.625,14.375],"texture":"#0"},"down":{"uv":[2,14.375,2.625,13.75],"texture":"#0"}}},{"from":[0.02804,-0.10874,2.3636],"to":[2.59004,2.45326,4.9256],"rotation":{"angle":-22.5,"axis":"z","origin":[1.30904,1.17226,3.6446]},"faces":{"north":{"uv":[13.625,13.25,13,13.875],"texture":"#0"},"east":{"uv":[0,13.75,0.625,14.375],"texture":"#0"},"south":{"uv":[14.125,8.25,13.5,8.875],"texture":"#0"},"west":{"uv":[4.75,13.5,5.375,14.125],"texture":"#0"},"up":{"uv":[1,14.375,1.625,13.75],"texture":"#0"},"down":{"uv":[2,13.75,2.625,14.375],"texture":"#0"}}},{"from":[0.37804,4.14126,2.3636],"to":[2.94004,6.70326,4.9256],"rotation":{"angle":0,"axis":"y","origin":[8,4.81874,8]},"faces":{"north":{"uv":[13.625,13.25,13,13.875],"texture":"#0"},"east":{"uv":[0,13.75,0.625,14.375],"texture":"#0"},"south":{"uv":[14.125,8.25,13.5,8.875],"texture":"#0"},"west":{"uv":[4.75,13.5,5.375,14.125],"texture":"#0"},"up":{"uv":[1,14.375,1.625,13.75],"texture":"#0"},"down":{"uv":[2,13.75,2.625,14.375],"texture":"#0"}}},{"from":[13.05996,4.14126,11.0744],"to":[15.62196,6.70326,13.6364],"rotation":{"angle":0,"axis":"y","origin":[8,4.81874,8]},"faces":{"north":{"uv":[14.125,8.25,13.5,8.875],"texture":"#0"},"east":{"uv":[4.75,13.5,5.375,14.125],"texture":"#0"},"south":{"uv":[13.625,13.25,13,13.875],"texture":"#0"},"west":{"uv":[0,13.75,0.625,14.375],"texture":"#0"},"up":{"uv":[1.625,13.75,1,14.375],"texture":"#0"},"down":{"uv":[2.625,14.375,2,13.75],"texture":"#0"}}},{"from":[0.37804,4.14126,11.0744],"to":[2.94004,6.70326,13.6364],"rotation":{"angle":0,"axis":"y","origin":[8,4.81874,8]},"faces":{"north":{"uv":[13.5,8.25,14.125,8.875],"texture":"#0"},"east":{"uv":[0.625,13.75,0,14.375],"texture":"#0"},"south":{"uv":[13,13.25,13.625,13.875],"texture":"#0"},"west":{"uv":[5.375,13.5,4.75,14.125],"texture":"#0"},"up":{"uv":[1,13.75,1.625,14.375],"texture":"#0"},"down":{"uv":[2,14.375,2.625,13.75],"texture":"#0"}}},{"from":[13.34376,1.79826,2.666],"to":[15.2855,5.42226,4.60776],"rotation":{"angle":0,"axis":"y","origin":[8,4.81874,8]},"faces":{"north":{"uv":[9.25,13.25,9.75,14.125],"texture":"#0"},"east":{"uv":[10.75,13.25,11.25,14.125],"texture":"#0"},"south":{"uv":[11.5,13.25,12,14.125],"texture":"#0"},"west":{"uv":[12.25,13.25,12.75,14.125],"texture":"#0"},"up":{"uv":[7,10,6.5,9.5],"texture":"#0"},"down":{"uv":[7.75,9.5,7.25,10],"texture":"#0"}}},{"from":[1.27476,0.36314,3.19626],"to":[14.72526,1.84888,12.80376],"rotation":{"angle":0,"axis":"y","origin":[8,4.81874,8]},"faces":{"north":{"uv":[11,4.5,14.375,4.875],"texture":"#0"},"east":{"uv":[11.75,10.25,14.125,10.625],"texture":"#0"},"south":{"uv":[6.25,11.25,9.625,11.625],"texture":"#0"},"west":{"uv":[12,2,14.375,2.375],"texture":"#0"},"up":{"uv":[7.125,2.375,3.75,0],"texture":"#0"},"down":{"uv":[7.125,2.75,3.75,5.125],"texture":"#0"}}},{"from":[0.97476,4.68314,2.83625],"to":[15.02526,6.16888,13.16375],"rotation":{"angle":0,"axis":"y","origin":[8,4.81874,8.04115]},"faces":{"north":{"uv":[11,3,14.5,3.375],"texture":"#0"},"east":{"uv":[10.75,11.25,13.3125,11.625],"texture":"#0"},"south":{"uv":[11,3.75,14.5,4.125],"texture":"#0"},"west":{"uv":[11.5,7.5,14.0625,7.875],"texture":"#0"},"up":{"uv":[3.5,2.5625,0,0],"texture":"#0"},"down":{"uv":[3.5,3,0,5.5625],"texture":"#0"}}},{"from":[12.16457,8.4072,11.18364],"to":[14.40633,12.25019,13.42539],"rotation":{"angle":-22.5,"axis":"z","origin":[8,4.81874,8]},"faces":{"north":{"uv":[7.8125,13.25,7.25,14.1875],"texture":"#0"},"east":{"uv":[13.5625,0,13,0.9375],"texture":"#0"},"south":{"uv":[13.3125,12,12.75,12.9375],"texture":"#0"},"west":{"uv":[13,0,13.5625,0.9375],"texture":"#0"},"up":{"uv":[14.5625,0,14,0.5625],"texture":"#0"},"down":{"uv":[14.5625,1.5625,14,1],"texture":"#0"}}},{"from":[13.34376,1.79826,11.39224],"to":[15.2855,5.42226,13.334],"rotation":{"angle":0,"axis":"y","origin":[8,4.81874,8]},"faces":{"north":{"uv":[12,13.25,11.5,14.125],"texture":"#0"},"east":{"uv":[11.25,13.25,10.75,14.125],"texture":"#0"},"south":{"uv":[9.75,13.25,9.25,14.125],"texture":"#0"},"west":{"uv":[12.75,13.25,12.25,14.125],"texture":"#0"},"up":{"uv":[7,9.5,6.5,10],"texture":"#0"},"down":{"uv":[7.75,10,7.25,9.5],"texture":"#0"}}},{"from":[6.419,3.24126,2.3636],"to":[9.581,7.00326,4.9256],"rotation":{"angle":0,"axis":"y","origin":[14.34096,5.11874,8]},"faces":{"north":{"uv":[7.25,12,8.0625,12.9375],"texture":"#0"},"east":{"uv":[10.75,12,11.375,12.9375],"texture":"#0"},"south":{"uv":[8.5,12,9.3125,12.9375],"texture":"#0"},"west":{"uv":[11.75,12,12.375,12.9375],"texture":"#0"},"up":{"uv":[12.8125,9.875,12,9.25],"texture":"#0"},"down":{"uv":[14.0625,9.25,13.25,9.875],"texture":"#0"}}},{"from":[10.519,4.39126,2.594],"to":[12.681,6.65326,13.406],"rotation":{"angle":0,"axis":"y","origin":[17.44096,5.01874,7.9804]},"faces":{"north":{"uv":[14,14,14.5625,14.5625],"texture":"#0"},"east":{"uv":[10.75,5.5,13.4375,6.0625],"texture":"#0"},"south":{"uv":[13,14.25,13.5625,14.8125],"texture":"#0"},"west":{"uv":[10.75,6.5,13.4375,7.0625],"texture":"#0"},"up":{"uv":[5.8125,13.1875,5.25,10.5],"texture":"#0"},"down":{"uv":[0.5625,10.75,0,13.4375],"texture":"#0"}}},{"from":[1.595,6.10326,3.51649],"to":[14.405,8.96526,12.48351],"rotation":{"angle":0,"axis":"y","origin":[8,4.81874,8]},"faces":{"north":{"uv":[8.5,9.25,11.6875,9.9375],"texture":"#0"},"east":{"uv":[9.25,10.25,11.5,10.9375],"texture":"#0"},"south":{"uv":[3,9.5,6.1875,10.1875],"texture":"#0"},"west":{"uv":[2.75,10.5,5,11.1875],"texture":"#0"},"up":{"uv":[6.9375,7.75,3.75,5.5],"texture":"#0"},"down":{"uv":[3.1875,6,0,8.25],"texture":"#0"}}},{"from":[6.87913,6.17466,2.82913],"to":[9.12087,10.07764,13.17087],"rotation":{"angle":0,"axis":"y","origin":[8,4.81874,8.15]},"faces":{"north":{"uv":[2.75,12.5,3.3125,13.5],"texture":"#0"},"east":{"uv":[0,8.5,2.5625,9.5],"texture":"#0"},"south":{"uv":[3.75,12.5,4.3125,13.5],"texture":"#0"},"west":{"uv":[8.5,8,11.0625,9],"texture":"#0"},"up":{"uv":[1.5625,13.3125,1,10.75],"texture":"#0"},"down":{"uv":[11.5625,0,11,2.5625],"texture":"#0"}}},{"from":[10.77913,6.17466,3.24913],"to":[12.42087,9.17764,12.75087],"rotation":{"angle":0,"axis":"y","origin":[12.2,4.81874,8.15]},"faces":{"north":{"uv":[4,13.75,4.4375,14.5],"texture":"#0"},"east":{"uv":[0,9.75,2.375,10.5],"texture":"#0"},"south":{"uv":[13.75,12,14.1875,12.75],"texture":"#0"},"west":{"uv":[6.5,10.25,8.875,11],"texture":"#0"},"up":{"uv":[2.4375,13.125,2,10.75],"texture":"#0"},"down":{"uv":[10.4375,11.25,10,13.625],"texture":"#0"}}},{"from":[3.57913,6.17466,3.24913],"to":[5.22087,9.17764,12.75087],"rotation":{"angle":0,"axis":"y","origin":[3.8,4.81874,8.15]},"faces":{"north":{"uv":[4.4375,13.75,4,14.5],"texture":"#0"},"east":{"uv":[8.875,10.25,6.5,11],"texture":"#0"},"south":{"uv":[14.1875,12,13.75,12.75],"texture":"#0"},"west":{"uv":[2.375,9.75,0,10.5],"texture":"#0"},"up":{"uv":[2,13.125,2.4375,10.75],"texture":"#0"},"down":{"uv":[10,11.25,10.4375,13.625],"texture":"#0"}}},{"from":[3.319,4.39126,2.594],"to":[5.481,6.65326,13.406],"rotation":{"angle":0,"axis":"y","origin":[-1.44096,5.01874,7.9804]},"faces":{"north":{"uv":[14.5625,14,14,14.5625],"texture":"#0"},"east":{"uv":[13.4375,6.5,10.75,7.0625],"texture":"#0"},"south":{"uv":[13.5625,14.25,13,14.8125],"texture":"#0"},"west":{"uv":[13.4375,5.5,10.75,6.0625],"texture":"#0"},"up":{"uv":[5.25,13.1875,5.8125,10.5],"texture":"#0"},"down":{"uv":[0,10.75,0.5625,13.4375],"texture":"#0"}}},{"from":[12.16457,10.00845,4.7975],"to":[14.40633,12.25019,11.2025],"rotation":{"angle":-22.5,"axis":"z","origin":[8,4.81874,8]},"faces":{"north":{"uv":[4.75,14.5,5.3125,15.0625],"texture":"#0"},"east":{"uv":[2.75,11.5,4.375,12.0625],"texture":"#0"},"south":{"uv":[6.75,14.5,7.3125,15.0625],"texture":"#0"},"west":{"uv":[2.75,11.5,4.375,12.0625],"texture":"#0"},"up":{"uv":[12.5625,1.625,12,0],"texture":"#0"},"down":{"uv":[6.8125,12,6.25,13.625],"texture":"#0"}}},{"from":[1.59367,8.4072,2.57461],"to":[3.83543,12.25019,4.81636],"rotation":{"angle":22.5,"axis":"z","origin":[8,4.81874,8]},"faces":{"north":{"uv":[13.3125,12,12.75,12.9375],"texture":"#0"},"east":{"uv":[13,0,13.5625,0.9375],"texture":"#0"},"south":{"uv":[7.8125,13.25,7.25,14.1875],"texture":"#0"},"west":{"uv":[13.5625,0,13,0.9375],"texture":"#0"},"up":{"uv":[14,0.5625,14.5625,0],"texture":"#0"},"down":{"uv":[14,1,14.5625,1.5625],"texture":"#0"}}},{"from":[1.59367,10.00845,4.7975],"to":[3.83543,12.25019,11.2025],"rotation":{"angle":22.5,"axis":"z","origin":[8,4.81874,8]},"faces":{"north":{"uv":[5.3125,14.5,4.75,15.0625],"texture":"#0"},"east":{"uv":[4.375,11.5,2.75,12.0625],"texture":"#0"},"south":{"uv":[7.3125,14.5,6.75,15.0625],"texture":"#0"},"west":{"uv":[4.375,11.5,2.75,12.0625],"texture":"#0"},"up":{"uv":[12,1.625,12.5625,0],"texture":"#0"},"down":{"uv":[6.25,12,6.8125,13.625],"texture":"#0"}}},{"from":[1.59367,8.4072,11.18364],"to":[3.83543,12.25019,13.42539],"rotation":{"angle":22.5,"axis":"z","origin":[8,4.81874,8]},"faces":{"north":{"uv":[7.25,13.25,7.8125,14.1875],"texture":"#0"},"east":{"uv":[13.5625,0,13,0.9375],"texture":"#0"},"south":{"uv":[12.75,12,13.3125,12.9375],"texture":"#0"},"west":{"uv":[13,0,13.5625,0.9375],"texture":"#0"},"up":{"uv":[14,0,14.5625,0.5625],"texture":"#0"},"down":{"uv":[14,1.5625,14.5625,1],"texture":"#0"}}},{"from":[0.7145,1.79826,11.39224],"to":[2.65624,5.42226,13.334],"rotation":{"angle":0,"axis":"y","origin":[8,4.81874,8]},"faces":{"north":{"uv":[11.5,13.25,12,14.125],"texture":"#0"},"east":{"uv":[12.25,13.25,12.75,14.125],"texture":"#0"},"south":{"uv":[9.25,13.25,9.75,14.125],"texture":"#0"},"west":{"uv":[10.75,13.25,11.25,14.125],"texture":"#0"},"up":{"uv":[6.5,9.5,7,10],"texture":"#0"},"down":{"uv":[7.25,10,7.75,9.5],"texture":"#0"}}},{"from":[0.7145,1.79826,2.666],"to":[2.65624,5.42226,4.60776],"rotation":{"angle":0,"axis":"y","origin":[8,4.81874,8]},"faces":{"north":{"uv":[9.75,13.25,9.25,14.125],"texture":"#0"},"east":{"uv":[12.75,13.25,12.25,14.125],"texture":"#0"},"south":{"uv":[12,13.25,11.5,14.125],"texture":"#0"},"west":{"uv":[11.25,13.25,10.75,14.125],"texture":"#0"},"up":{"uv":[6.5,10,7,9.5],"texture":"#0"},"down":{"uv":[7.25,9.5,7.75,10],"texture":"#0"}}},{"from":[1.8575,0.44826,3.79785],"to":[14.1425,5.57226,12.23986],"rotation":{"angle":0,"axis":"y","origin":[8,4.81874,8]},"faces":{"north":{"uv":[7.5,2.5,10.5625,3.75],"texture":"#0"},"east":{"uv":[3.5,8,5.625,9.25],"texture":"#0"},"south":{"uv":[7.5,4,10.5625,5.25],"texture":"#0"},"west":{"uv":[6,8,8.125,9.25],"texture":"#0"},"up":{"uv":[10.3125,7.625,7.25,5.5],"texture":"#0"},"down":{"uv":[10.5625,0,7.5,2.125],"texture":"#0"}}}],"gui_light":"front","display":{"thirdperson_righthand":{"rotation":[53.5,0,0],"translation":[0,2.5,2],"scale":[0.55,0.55,0.55]},"thirdperson_lefthand":{"rotation":[53.5,0,0],"translation":[0,2.5,2],"scale":[0.55,0.55,0.55]},"firstperson_righthand":{"translation":[1.5,2.25,0],"scale":[0.31,0.31,0.31]},"firstperson_lefthand":{"translation":[1.5,2.25,0],"scale":[0.31,0.31,0.31]},"ground":{"translation":[0,3.5,0],"scale":[0.66,0.66,0.66]},"gui":{"rotation":[-164,36,-180],"translation":[0,1.5,0],"scale":[0.68,0.68,0.68]},"head":{"translation":[0,-21.25,0],"scale":[2.47,2.47,2.47]},"fixed":{"rotation":[-90,0,0],"translation":[0,0,-31.75],"scale":[4,4,4]}},"USER":"{{USER}}","NONCE":"{{NONCE}}","TIMESTAMP":"{{TIMESTAMP}}","RESOURCE":"{{RESOURCE}}","mcmodels":"599f0ece86de649b0c00f9276abb0f55"}