{"credit":"Made with Blockbench","textures":{"0":"blueflame:texture","1":"blueflame:spark","2":"blueflame:aura","3":"blueflame:texture_2","particle":"blueflame:texture"},"elements":[{"from":[9.58125,12.3517,12.7267],"to":[10.41875,13.3517,13.7267],"rotation":{"angle":-45,"axis":"x","origin":[9,7.625,8]},"faces":{"north":{"uv":[13.07143,0,12.28571,0.28571],"rotation":180,"texture":"#0"},"east":{"uv":[4.85714,12.57143,4.57143,12.85714],"rotation":90,"texture":"#0"},"south":{"uv":[13.07143,5.42857,12.28571,5.14286],"texture":"#0"},"west":{"uv":[4.57143,14.57143,4.28571,14.85714],"rotation":270,"texture":"#0"},"up":{"uv":[8.85714,4.85714,9.64286,4.57143],"rotation":180,"texture":"#0"},"down":{"uv":[12,3.71429,12.78571,3.42857],"texture":"#0"}}},{"from":[8.275,8.15266,10.02356],"to":[9.725,12.15266,14.02356],"rotation":{"angle":-22.5,"axis":"x","origin":[9,7.625,8]},"faces":{"north":{"uv":[10,6,10.42857,4.85714],"texture":"#0"},"east":{"uv":[6.28571,4.57143,7.42857,3.42857],"texture":"#0"},"south":{"uv":[5.14286,11.14286,5.57143,10],"texture":"#0"},"west":{"uv":[6.28571,6,7.42857,4.85714],"texture":"#0"},"up":{"uv":[10.42857,7.42857,10,6.28571],"texture":"#0"},"down":{"uv":[6.42857,10,6,11.14286],"texture":"#0"}}},{"from":[8.275,8.15266,1.97644],"to":[9.725,12.15266,5.97644],"rotation":{"angle":22.5,"axis":"x","origin":[9,7.625,8]},"faces":{"north":{"uv":[5.57143,11.14286,5.14286,10],"texture":"#0"},"east":{"uv":[7.42857,4.57143,6.28571,3.42857],"texture":"#0"},"south":{"uv":[10.42857,6,10,4.85714],"texture":"#0"},"west":{"uv":[7.42857,6,6.28571,4.85714],"texture":"#0"},"up":{"uv":[10.42857,6.28571,10,7.42857],"texture":"#0"},"down":{"uv":[6.42857,11.14286,6,10],"texture":"#0"}}},{"from":[7.05,7.01149,8.38648],"to":[9.25,8.01149,13.38648],"rotation":{"angle":-45,"axis":"x","origin":[9,7.625,8]},"faces":{"north":{"uv":[12.85714,3.14286,13.5,2.85714],"texture":"#0"},"east":{"uv":[12.28571,4.85714,10.85714,4.57143],"texture":"#0"},"south":{"uv":[12.85714,6,13.5,5.71429],"texture":"#0"},"west":{"uv":[10.85714,4.85714,12.28571,4.57143],"texture":"#0"},"up":{"uv":[8.64286,1.42857,8,0],"texture":"#0"},"down":{"uv":[8.35714,3.42857,7.71429,4.85714],"texture":"#0"}}},{"from":[7.05,7.01148,7.38649],"to":[9.25,13.01148,8.38649],"rotation":{"angle":-45,"axis":"x","origin":[9,7.625,8]},"faces":{"north":{"uv":[6.92857,6.28571,6.28571,8],"rotation":180,"texture":"#0"},"east":{"uv":[0,10.85714,1.71429,11.14286],"rotation":90,"texture":"#0"},"south":{"uv":[8.07143,8,7.42857,6.28571],"texture":"#0"},"west":{"uv":[1.71429,10.85714,0,11.14286],"rotation":270,"texture":"#0"},"up":{"uv":[6.28571,13.14286,6.92857,12.85714],"rotation":180,"texture":"#0"},"down":{"uv":[12.85714,6.57143,13.5,6.28571],"texture":"#0"}}},{"from":[7.525,-2.75,5.625],"to":[8.475,11.25,10.375],"rotation":{"angle":0,"axis":"y","origin":[9,7.625,8]},"faces":{"north":{"uv":[5.14286,4.28571,5.42857,0],"texture":"#0"},"east":{"uv":[4.78571,4.28571,3.42857,0],"texture":"#0"},"south":{"uv":[5.71429,4.28571,6,0],"texture":"#0"},"west":{"uv":[3.42857,4.28571,4.78571,0],"texture":"#0"},"up":{"uv":[11.14286,8.21429,10.85714,6.85714],"texture":"#0"},"down":{"uv":[11.14286,5.14286,10.85714,6.5],"texture":"#0"}}},{"from":[7.75,9.92068,10.29568],"to":[9.75,11.92068,12.29568],"rotation":{"angle":-45,"axis":"x","origin":[9,7.625,8]},"faces":{"north":{"uv":[4.28571,12.28571,4.78571,11.71429],"texture":"#0"},"east":{"uv":[12,5.71429,11.42857,5.14286],"texture":"#0"},"south":{"uv":[12,2.28571,12.5,1.71429],"texture":"#0"},"west":{"uv":[11.42857,5.71429,12,5.14286],"texture":"#0"},"up":{"uv":[7.07143,12.57143,6.57143,12],"texture":"#0"},"down":{"uv":[12.5,2.57143,12,3.14286],"texture":"#0"}}},{"from":[7.85,11.18579,6.9],"to":[9.65,13.38579,9.1],"rotation":{"angle":0,"axis":"y","origin":[9,7.625,8]},"faces":{"east":{"uv":[12,6.85715,11.42857,7.42858],"rotation":90,"texture":"#0"},"west":{"uv":[12,6.85715,11.42857,7.42858],"rotation":90,"texture":"#0"}}},{"from":[7.25,8.01149,8.38649],"to":[9.05,10.01149,10.38649],"rotation":{"angle":-45,"axis":"x","origin":[9,7.625,8]},"faces":{"north":{"uv":[4.28571,12.28571,4.78571,11.71429],"texture":"#0"},"east":{"uv":[12,5.71429,11.42857,5.14286],"texture":"#0"},"south":{"uv":[12,2.28571,12.5,1.71429],"texture":"#0"},"west":{"uv":[11.42857,5.71429,12,5.14286],"texture":"#0"},"up":{"uv":[7.07143,12.57143,6.57143,12],"texture":"#0"},"down":{"uv":[12.5,2.57143,12,3.14286],"texture":"#0"}}},{"from":[7.35,8.48579,6.9],"to":[8.95,10.68579,9.1],"rotation":{"angle":0,"axis":"y","origin":[9,7.625,8]},"faces":{"east":{"uv":[12,6.85715,11.42857,7.42858],"rotation":90,"texture":"#0"},"west":{"uv":[12,6.85715,11.42857,7.42858],"rotation":90,"texture":"#0"}}},{"from":[9.2,13.31479,7.73484],"to":[10.8,15.31479,9.73484],"rotation":{"angle":45,"axis":"x","origin":[9,7.625,8]},"faces":{"north":{"uv":[8.78571,12.57143,8.28571,12],"texture":"#0"},"east":{"uv":[11.42857,6.57143,12,6],"texture":"#0"},"south":{"uv":[7.92857,12.57143,7.42857,12],"texture":"#0"},"west":{"uv":[12,6.57143,11.42857,6],"texture":"#0"},"up":{"uv":[12.5,9.42857,12,10],"texture":"#0"},"down":{"uv":[12.5,9.14286,12,8.57143],"texture":"#0"}}},{"from":[9.215,14.54903,12.41462],"to":[10.785,15.25903,13.12462],"rotation":{"angle":22.5,"axis":"x","origin":[9,7.625,8]},"faces":{"north":{"uv":[0.42857,14.78571,0,14.57143],"texture":"#0"},"east":{"uv":[12.21429,14.57143,12,14.78571],"rotation":180,"texture":"#0"},"south":{"uv":[14.71429,12.78571,14.28571,12.57143],"texture":"#0"},"west":{"uv":[12.21429,14.78571,12,14.57143],"texture":"#0"},"up":{"uv":[15,1.42857,14.57143,1.64286],"texture":"#0"},"down":{"uv":[15,0.21429,14.57143,0],"texture":"#0"}}},{"from":[9.225,8.89737,15.01969],"to":[10.775,9.89737,16.51969],"rotation":{"angle":-22.5,"axis":"x","origin":[9,7.625,8]},"faces":{"north":{"uv":[14.71429,4.28571,14.28571,4],"texture":"#0"},"east":{"uv":[13.71429,12.57143,14,13],"rotation":270,"texture":"#0"},"south":{"uv":[3.85714,14.57143,3.42857,14.28571],"texture":"#0"},"west":{"uv":[13.71429,13,14,12.57143],"rotation":270,"texture":"#0"},"up":{"uv":[1.57143,13.42857,1.14286,13.85714],"texture":"#0"},"down":{"uv":[13.28571,13.57143,12.85714,13.14286],"texture":"#0"}}},{"from":[9.225,10.08579,13.25],"to":[10.775,11.58579,14.25],"rotation":{"angle":0,"axis":"y","origin":[9,7.625,8]},"faces":{"north":{"uv":[7.85714,13.28571,7.42857,12.85714],"texture":"#0"},"east":{"uv":[13.71429,13,14,12.57143],"texture":"#0"},"south":{"uv":[13.28571,7.28571,12.85714,6.85714],"texture":"#0"},"west":{"uv":[14,13,13.71429,12.57143],"texture":"#0"},"up":{"uv":[14.14286,13.42857,13.71429,13.71429],"texture":"#0"},"down":{"uv":[11.57143,1.14286,11.14286,0.85714],"texture":"#0"}}},{"from":[9.222,13.07735,9.97227],"to":[10.778,13.97735,11.47227],"rotation":{"angle":45,"axis":"x","origin":[9,7.625,8]},"faces":{"north":{"uv":[14,6.57143,14.42857,6.28571],"texture":"#0"},"east":{"uv":[14,3,14.28571,2.57143],"rotation":90,"texture":"#0"},"south":{"uv":[14,5.71429,14.42857,6],"rotation":180,"texture":"#0"},"west":{"uv":[14.28571,3,14,2.57143],"rotation":270,"texture":"#0"},"up":{"uv":[8.28571,12.85714,8.71429,13.28571],"rotation":180,"texture":"#0"},"down":{"uv":[8.28571,12.85714,8.71429,13.28571],"texture":"#0"}}},{"from":[7.9,13.67549,9.07677],"to":[10.1,14.67549,11.07677],"rotation":{"angle":22.5,"axis":"x","origin":[9,7.625,8]},"faces":{"north":{"uv":[2.35714,12.85714,1.71429,13.14286],"rotation":180,"texture":"#0"},"east":{"uv":[0.28571,14.28571,0,13.71429],"rotation":90,"texture":"#0"},"south":{"uv":[13.21429,12.85714,12.57143,12.57143],"texture":"#0"},"west":{"uv":[0.85714,14.28571,0.57143,13.71429],"rotation":270,"texture":"#0"},"up":{"uv":[11.78571,0.57143,11.14286,0],"texture":"#0"},"down":{"uv":[2.64286,11.71429,2,11.14286],"rotation":180,"texture":"#0"}}},{"from":[7.905,11.14195,13.03973],"to":[10.095,13.14195,14.03973],"rotation":{"angle":-22.5,"axis":"x","origin":[9,7.625,8]},"faces":{"north":{"uv":[11.5,11.71429,10.85714,11.14286],"texture":"#0"},"east":{"uv":[14,4.57143,13.71429,4],"texture":"#0"},"south":{"uv":[9.21429,11.71429,8.57143,11.14286],"texture":"#0"},"west":{"uv":[4.57143,14.28571,4.28571,13.71429],"texture":"#0"},"up":{"uv":[13.5,2.28571,12.85714,2.57143],"texture":"#0"},"down":{"uv":[13.5,2,12.85714,1.71429],"texture":"#0"}}},{"from":[8.2,12.78398,11.27359],"to":[9.8,14.78398,13.27359],"rotation":{"angle":0,"axis":"x","origin":[9,7.625,8]},"faces":{"north":{"uv":[8.78571,12.57143,8.28571,12],"texture":"#0"},"east":{"uv":[12,6,11.42857,6.57143],"rotation":180,"texture":"#0"},"south":{"uv":[7.92857,12.57143,7.42857,12],"texture":"#0"},"west":{"uv":[11.42857,6,12,6.57143],"rotation":180,"texture":"#0"},"up":{"uv":[12.5,9.42857,12,10],"texture":"#0"},"down":{"uv":[12.5,9.14286,12,8.57143],"texture":"#0"}}},{"from":[9.2,13.31479,6.26516],"to":[10.8,15.31479,8.26516],"rotation":{"angle":-45,"axis":"x","origin":[9,7.625,8]},"faces":{"north":{"uv":[7.42857,12.57143,7.92857,12],"texture":"#0"},"east":{"uv":[12,6.57143,11.42857,6],"texture":"#0"},"south":{"uv":[8.28571,12.57143,8.78571,12],"texture":"#0"},"west":{"uv":[11.42857,6.57143,12,6],"texture":"#0"},"up":{"uv":[12.5,10,12,9.42857],"texture":"#0"},"down":{"uv":[12.5,8.57143,12,9.14286],"texture":"#0"}}},{"from":[9.215,14.54903,2.87538],"to":[10.785,15.25903,3.58538],"rotation":{"angle":-22.5,"axis":"x","origin":[9,7.625,8]},"faces":{"north":{"uv":[14.28571,12.78571,14.71429,12.57143],"texture":"#0"},"east":{"uv":[12,14.57143,12.21429,14.78571],"rotation":180,"texture":"#0"},"south":{"uv":[0,14.78571,0.42857,14.57143],"texture":"#0"},"west":{"uv":[12,14.78571,12.21429,14.57143],"texture":"#0"},"up":{"uv":[15,1.64286,14.57143,1.42857],"texture":"#0"},"down":{"uv":[15,0,14.57143,0.21429],"texture":"#0"}}},{"from":[9.225,8.89737,-0.51969],"to":[10.775,9.89737,0.98031],"rotation":{"angle":22.5,"axis":"x","origin":[9,7.625,8]},"faces":{"north":{"uv":[3.42857,14.57143,3.85714,14.28571],"texture":"#0"},"east":{"uv":[13.71429,13,14,12.57143],"rotation":270,"texture":"#0"},"south":{"uv":[14.28571,4.28571,14.71429,4],"texture":"#0"},"west":{"uv":[13.71429,12.57143,14,13],"rotation":270,"texture":"#0"},"up":{"uv":[1.57143,13.85714,1.14286,13.42857],"texture":"#0"},"down":{"uv":[13.28571,13.14286,12.85714,13.57143],"texture":"#0"}}},{"from":[9.225,10.08579,1.75],"to":[10.775,11.58579,2.75],"rotation":{"angle":0,"axis":"y","origin":[9,7.625,8]},"faces":{"north":{"uv":[12.85714,7.28571,13.28571,6.85714],"texture":"#0"},"east":{"uv":[14,13,13.71429,12.57143],"texture":"#0"},"south":{"uv":[7.42857,13.28571,7.85714,12.85714],"texture":"#0"},"west":{"uv":[13.71429,13,14,12.57143],"texture":"#0"},"up":{"uv":[14.14286,13.71429,13.71429,13.42857],"texture":"#0"},"down":{"uv":[11.57143,0.85714,11.14286,1.14286],"texture":"#0"}}},{"from":[9.222,13.07735,4.52773],"to":[10.778,13.97735,6.02773],"rotation":{"angle":-45,"axis":"x","origin":[9,7.625,8]},"faces":{"north":{"uv":[14.42857,5.71429,14,6],"rotation":180,"texture":"#0"},"east":{"uv":[14,2.57143,14.28571,3],"rotation":90,"texture":"#0"},"south":{"uv":[14.42857,6.57143,14,6.28571],"texture":"#0"},"west":{"uv":[14.28571,2.57143,14,3],"rotation":270,"texture":"#0"},"up":{"uv":[8.28571,13.28571,8.71429,12.85714],"rotation":180,"texture":"#0"},"down":{"uv":[8.28571,13.28571,8.71429,12.85714],"texture":"#0"}}},{"from":[7.9,13.67549,4.92323],"to":[10.1,14.67549,6.92323],"rotation":{"angle":-22.5,"axis":"x","origin":[9,7.625,8]},"faces":{"north":{"uv":[12.57143,12.85714,13.21429,12.57143],"texture":"#0"},"east":{"uv":[0.28571,13.71429,0,14.28571],"rotation":90,"texture":"#0"},"south":{"uv":[1.71429,12.85714,2.35714,13.14286],"rotation":180,"texture":"#0"},"west":{"uv":[0.85714,13.71429,0.57143,14.28571],"rotation":270,"texture":"#0"},"up":{"uv":[11.78571,0,11.14286,0.57143],"texture":"#0"},"down":{"uv":[2.64286,11.14286,2,11.71429],"rotation":180,"texture":"#0"}}},{"from":[7.905,11.14195,1.96027],"to":[10.095,13.14195,2.96027],"rotation":{"angle":22.5,"axis":"x","origin":[9,7.625,8]},"faces":{"north":{"uv":[8.57143,11.71429,9.21429,11.14286],"texture":"#0"},"east":{"uv":[13.71429,4.57143,14,4],"texture":"#0"},"south":{"uv":[10.85714,11.71429,11.5,11.14286],"texture":"#0"},"west":{"uv":[4.28571,14.28571,4.57143,13.71429],"texture":"#0"},"up":{"uv":[13.5,2.57143,12.85714,2.28571],"texture":"#0"},"down":{"uv":[13.5,1.71429,12.85714,2],"texture":"#0"}}},{"from":[8.2,12.78398,2.72641],"to":[9.8,14.78398,4.72641],"rotation":{"angle":0,"axis":"x","origin":[9,7.625,8]},"faces":{"north":{"uv":[7.42857,12.57143,7.92857,12],"texture":"#0"},"east":{"uv":[11.42857,6,12,6.57143],"rotation":180,"texture":"#0"},"south":{"uv":[8.28571,12.57143,8.78571,12],"texture":"#0"},"west":{"uv":[12,6,11.42857,6.57143],"rotation":180,"texture":"#0"},"up":{"uv":[12.5,10,12,9.42857],"texture":"#0"},"down":{"uv":[12.5,8.57143,12,9.14286],"texture":"#0"}}},{"from":[7.522,-1.38623,-1.01124],"to":[8.478,1.96377,2.33876],"rotation":{"angle":-45,"axis":"x","origin":[9,7.625,8]},"faces":{"north":{"uv":[9.14286,12.92857,9.35714,12],"texture":"#0"},"east":{"uv":[8.5,6.14286,9.5,5.14286],"texture":"#0"},"south":{"uv":[5.71429,13.21429,5.92857,12.28571],"texture":"#0"},"west":{"uv":[8.57143,7.57143,9.57143,6.57143],"texture":"#0"},"up":{"uv":[12.5,8.07143,12.28571,7.14286],"texture":"#0"},"down":{"uv":[12.5,5.71429,12.28571,6.64286],"texture":"#0"}}},{"from":[7.05,12.01148,6.38649],"to":[9.25,13.01148,7.38649],"rotation":{"angle":-45,"axis":"x","origin":[9,7.625,8]},"faces":{"north":{"uv":[10.35714,13.14286,9.71429,13.42857],"rotation":180,"texture":"#0"},"east":{"uv":[11.14286,14.57143,10.85714,14.85714],"rotation":90,"texture":"#0"},"south":{"uv":[12.35714,13.42857,11.71429,13.14286],"texture":"#0"},"west":{"uv":[14.85714,10.85714,14.57143,11.14286],"rotation":270,"texture":"#0"},"up":{"uv":[13.14286,3.71429,13.78571,3.42857],"rotation":180,"texture":"#0"},"down":{"uv":[4.57143,13.42857,5.21429,13.14286],"texture":"#0"}}},{"from":[7.05,6.01149,12.38648],"to":[9.25,7.01149,13.38648],"rotation":{"angle":-45,"axis":"x","origin":[9,7.625,8]},"faces":{"north":{"uv":[5.21429,13.42857,4.57143,13.14286],"texture":"#0"},"east":{"uv":[11.14286,14.85714,10.85714,14.57143],"texture":"#0"},"south":{"uv":[13.78571,3.71429,13.14286,3.42857],"texture":"#0"},"west":{"uv":[14.85714,11.14286,14.57143,10.85714],"texture":"#0"},"up":{"uv":[12.35714,13.14286,11.71429,13.42857],"texture":"#0"},"down":{"uv":[10.35714,13.42857,9.71429,13.14286],"texture":"#0"}}},{"from":[7.72037,-7.25,1.03004],"to":[7.72037,10.75,8.53004],"rotation":{"angle":-22.5,"axis":"y","origin":[9,6.875,8]},"faces":{"east":{"uv":[7.30893,14.9375,5.625,10.80357],"texture":"#3"},"west":{"uv":[5.625,14.9375,7.30893,10.80357],"texture":"#3"}}},{"from":[7.72037,-7.25,7.46996],"to":[7.72037,10.75,14.96996],"rotation":{"angle":22.5,"axis":"y","origin":[9,6.875,8]},"faces":{"east":{"uv":[5.625,14.9375,7.30893,10.80357],"texture":"#3"},"west":{"uv":[7.30893,14.9375,5.625,10.80357],"texture":"#3"}}},{"from":[7.5,-6,-2],"to":[8.5,14,18],"rotation":{"angle":0,"axis":"y","origin":[9,7.625,8]},"faces":{"east":{"uv":[16,16,0,0],"texture":"#1"},"west":{"uv":[0,16,16,0],"texture":"#1"}}},{"from":[6.75,0.5,-1],"to":[9.25,18.5,17],"rotation":{"angle":0,"axis":"y","origin":[9,-0.875,8]},"faces":{"east":{"uv":[16,16,0,0],"texture":"#2"},"west":{"uv":[0,16,16,0],"texture":"#2"}}},{"from":[7.375,7.52969,7.90469],"to":[8.825,12.42969,12.80469],"rotation":{"angle":-45,"axis":"x","origin":[9,7.625,8]},"faces":{"north":{"uv":[6.21429,9.71429,5.71429,8.28571],"rotation":180,"texture":"#0"},"east":{"uv":[7.71429,3.14286,6.28571,1.71429],"rotation":90,"texture":"#0"},"south":{"uv":[5.07143,8.28571,4.57143,9.71429],"texture":"#0"},"west":{"uv":[7.71429,1.71429,6.28571,3.14286],"rotation":90,"texture":"#0"},"up":{"uv":[3.57143,9.71429,4.07143,8.28571],"texture":"#0"},"down":{"uv":[8,3.14286,8.5,1.71429],"rotation":180,"texture":"#0"}}}],"gui_light":"front","display":{"thirdperson_righthand":{"rotation":[0,180,0],"translation":[4.25,0.75,0]},"thirdperson_lefthand":{"translation":[4.25,0.75,0]},"firstperson_righthand":{"rotation":[180,-84.5,180]},"firstperson_lefthand":{"rotation":[0,82.5,0]},"ground":{"rotation":[0,0,-36],"translation":[0,7.75,0],"scale":[0.82,0.82,0.82]},"gui":{"rotation":[0,90,0],"translation":[0,1.75,0],"scale":[0.63,0.63,0.63]},"head":{"scale":[0.01,0.01,0.01]},"fixed":{"rotation":[0,-90,0],"translation":[0,5.75,-5.5],"scale":[1.67,1.67,1.67]}},"USER":"{{USER}}","NONCE":"{{NONCE}}","TIMESTAMP":"{{TIMESTAMP}}","RESOURCE":"{{RESOURCE}}","mcmodels":"599f0ece86de649b0c00f9276abb0f55"}