{"credit":"Made with Blockbench","textures":{"1":"blueflame:spark","2":"blueflame:aura","3":"blueflame:texture_2","particle":"blueflame:texture"},"elements":[{"from":[7.5,-4.35,-2],"to":[8.5,15.65,18],"rotation":{"angle":0,"axis":"y","origin":[8,5.65,8]},"faces":{"east":{"uv":[16,0,0,16],"texture":"#1"},"west":{"uv":[0,0,16,16],"texture":"#1"}}},{"from":[6.75,-4.1,-1],"to":[9.25,13.9,17],"rotation":{"angle":0,"axis":"y","origin":[8,4.9,8]},"faces":{"east":{"uv":[16,0,0,16],"texture":"#2"},"west":{"uv":[0,0,16,16],"texture":"#2"}}},{"from":[7.25,-10.1,7.25],"to":[8.75,-3.1,8.75],"rotation":{"angle":0,"axis":"y","origin":[8,8.26666,8]},"faces":{"north":{"uv":[1,5,1.375,6.75],"texture":"#3"},"east":{"uv":[1,5,1.375,6.75],"texture":"#3"},"south":{"uv":[1,5,1.375,6.75],"texture":"#3"},"west":{"uv":[1,5,1.375,6.75],"texture":"#3"},"up":{"uv":[7.375,2.625,7,2.25],"texture":"#3"},"down":{"uv":[5.125,7,4.75,7.375],"texture":"#3"}}},{"from":[7.1,-10.85,7.1],"to":[8.9,-2.35,8.9],"rotation":{"angle":0,"axis":"y","origin":[8,8.26666,8]},"faces":{"north":{"uv":[3,2.5,3.4375,4.625],"texture":"#3"},"east":{"uv":[3,2.5,3.4375,4.625],"texture":"#3"},"south":{"uv":[3,2.5,3.4375,4.625],"texture":"#3"},"west":{"uv":[3,2.5,3.4375,4.625],"texture":"#3"},"up":{"uv":[7.375,2.625,7,2.25],"texture":"#3"},"down":{"uv":[5.125,7,4.75,7.375],"texture":"#3"}}},{"from":[7.58125,-6.97331,22.08997],"to":[8.41875,-5.97331,23.08997],"rotation":{"angle":45,"axis":"x","origin":[8,8.11666,8]},"faces":{"north":{"uv":[8.25,3.5,8.4375,3.75],"texture":"#3"},"east":{"uv":[3.25,5,3.5,5.25],"texture":"#3"},"south":{"uv":[8.25,4,8.4375,4.25],"texture":"#3"},"west":{"uv":[5.25,1.25,5.5,1.5],"texture":"#3"},"up":{"uv":[4.4375,8.5,4.25,8.25],"texture":"#3"},"down":{"uv":[4.9375,8.25,4.75,8.5],"texture":"#3"}}},{"from":[6.9,1.33323,4.82893],"to":[9.1,3.33323,5.82893],"rotation":{"angle":-22.5,"axis":"x","origin":[8,5.5946,8]},"faces":{"north":{"uv":[6,0,6.5625,0.5],"texture":"#3"},"east":{"uv":[4.25,1.75,4.5,2.25],"texture":"#3"},"south":{"uv":[6,5,6.5625,5.5],"texture":"#3"},"west":{"uv":[1.5,7.75,1.75,8.25],"texture":"#3"},"up":{"uv":[7.5625,5.25,7,5],"texture":"#3"},"down":{"uv":[7.5625,5.5,7,5.75],"texture":"#3"}}},{"from":[6.905,-0.95382,8.47807],"to":[9.095,1.04618,9.47807],"rotation":{"angle":22.5,"axis":"x","origin":[8,5.5946,8]},"faces":{"north":{"uv":[6,5.75,6.5625,6.25],"texture":"#3"},"east":{"uv":[2,7.75,2.25,8.25],"texture":"#3"},"south":{"uv":[6.25,0.75,6.8125,1.25],"texture":"#3"},"west":{"uv":[7.75,2,8,2.5],"texture":"#3"},"up":{"uv":[7.5625,6.25,7,6],"texture":"#3"},"down":{"uv":[7.8125,0.75,7.25,1],"texture":"#3"}}},{"from":[7.275,2.57311,7.02149],"to":[8.725,6.57311,11.02149],"rotation":{"angle":45,"axis":"x","origin":[8,5.5946,8]},"faces":{"north":{"uv":[4.75,5,5.125,6],"texture":"#3"},"east":{"uv":[3,0,4,1],"texture":"#3"},"south":{"uv":[5.25,0,5.625,1],"texture":"#3"},"west":{"uv":[3,1.25,4,2.25],"texture":"#3"},"up":{"uv":[3.625,6.5,3.25,5.5],"texture":"#3"},"down":{"uv":[4.375,5.5,4,6.5],"texture":"#3"}}},{"from":[6.9,6.57311,7.02149],"to":[9.1,7.57311,12.02149],"rotation":{"angle":45,"axis":"x","origin":[8,5.5946,8]},"faces":{"north":{"uv":[1.5,7.25,2.0625,7.5],"texture":"#3"},"east":{"uv":[5.75,4,7,4.25],"texture":"#3"},"south":{"uv":[7.25,3.75,7.8125,4],"texture":"#3"},"west":{"uv":[5.75,4.5,7,4.75],"texture":"#3"},"up":{"uv":[5.3125,4.75,4.75,3.5],"texture":"#3"},"down":{"uv":[0.5625,5,0,6.25],"texture":"#3"}}},{"from":[6.9,1.57312,6.0215],"to":[9.1,7.57312,7.0215],"rotation":{"angle":45,"axis":"x","origin":[8,5.5946,8]},"faces":{"north":{"uv":[4.25,0,4.8125,1.5],"texture":"#3"},"east":{"uv":[6,1.25,5.75,2.75],"texture":"#3"},"south":{"uv":[4.75,1.75,5.3125,3.25],"texture":"#3"},"west":{"uv":[5.75,1.25,6,2.75],"texture":"#3"},"up":{"uv":[7.8125,4.5,7.25,4.25],"texture":"#3"},"down":{"uv":[6.0625,7.25,5.5,7.5],"texture":"#3"}}},{"from":[7.4,-3.85,6.625],"to":[8.6,1.25,9.375],"rotation":{"angle":0,"axis":"y","origin":[8,-1.25,8]},"faces":{"north":{"uv":[1.75,5,2.0625,6.25],"texture":"#3"},"east":{"uv":[3.75,2.5,4.4375,3.75],"texture":"#3"},"south":{"uv":[2.5,5,2.8125,6.25],"texture":"#3"},"west":{"uv":[3.75,4,4.4375,5.25],"texture":"#3"},"up":{"uv":[3.5625,7.4375,3.25,6.75],"texture":"#3"},"down":{"uv":[4.3125,6.75,4,7.4375],"texture":"#3"}}},{"from":[7.1,1.95682,9.63779],"to":[8.9,3.95682,11.63779],"rotation":{"angle":45,"axis":"x","origin":[8,5.5946,8]},"faces":{"north":{"uv":[1.75,6.5,2.1875,7],"texture":"#3"},"east":{"uv":[6.25,1.5,6.75,2],"texture":"#3"},"south":{"uv":[2.5,6.5,2.9375,7],"texture":"#3"},"west":{"uv":[6.25,2.25,6.75,2.75],"texture":"#3"},"up":{"uv":[6.4375,7,6,6.5],"texture":"#3"},"down":{"uv":[7.1875,3,6.75,3.5],"texture":"#3"}}},{"from":[7.2,0.76421,6.9],"to":[8.8,2.96421,9.1],"rotation":{"angle":0,"axis":"y","origin":[8,5.5946,8]},"faces":{"east":{"uv":[5.8125,3.0625,6.3125,3.5625],"texture":"#3"},"west":{"uv":[5.8125,3.0625,6.3125,3.5625],"texture":"#3"}}},{"from":[7.1,4.85682,9.63779],"to":[8.9,6.85682,11.63779],"rotation":{"angle":45,"axis":"x","origin":[8,8.4946,8]},"faces":{"north":{"uv":[1.75,6.5,2.1875,7],"texture":"#3"},"east":{"uv":[6.25,1.5,6.75,2],"texture":"#3"},"south":{"uv":[2.5,6.5,2.9375,7],"texture":"#3"},"west":{"uv":[6.25,2.25,6.75,2.75],"texture":"#3"},"up":{"uv":[6.4375,7,6,6.5],"texture":"#3"},"down":{"uv":[7.1875,3,6.75,3.5],"texture":"#3"}}},{"from":[7.2,3.66421,6.9],"to":[8.8,5.86421,9.1],"rotation":{"angle":0,"axis":"y","origin":[8,8.4946,8]},"faces":{"east":{"uv":[5.8125,3.0625,6.3125,3.5625],"texture":"#3"},"west":{"uv":[5.8125,3.0625,6.3125,3.5625],"texture":"#3"}}},{"from":[7.2,-0.02308,9.14281],"to":[8.8,1.97692,11.14281],"rotation":{"angle":45,"axis":"x","origin":[8,5.5946,8]},"faces":{"north":{"uv":[6.75,6.5,7.125,7],"texture":"#3"},"east":{"uv":[4.75,6.25,5.25,6.75],"texture":"#3"},"south":{"uv":[7,0,7.375,0.5],"texture":"#3"},"west":{"uv":[0,6.5,0.5,7],"texture":"#3"},"up":{"uv":[1.125,7.5,0.75,7],"texture":"#3"},"down":{"uv":[7.375,1.5,7,2],"texture":"#3"}}},{"from":[7.2,-6.90311,19.09625],"to":[8.8,-4.90311,21.09625],"rotation":{"angle":45,"axis":"x","origin":[8,8.11666,8]},"faces":{"north":{"uv":[6.75,6.5,7.125,7],"texture":"#3"},"east":{"uv":[4.75,6.25,5.25,6.75],"texture":"#3"},"south":{"uv":[7,0,7.375,0.5],"texture":"#3"},"west":{"uv":[0,6.5,0.5,7],"texture":"#3"},"up":{"uv":[1.125,7.5,0.75,7],"texture":"#3"},"down":{"uv":[7.375,1.5,7,2],"texture":"#3"}}},{"from":[6.9,-8.93852,-0.04845],"to":[9.1,-6.93852,0.95155],"rotation":{"angle":-22.5,"axis":"x","origin":[8,8.11666,8]},"faces":{"north":{"uv":[6,0,6.5625,0.5],"texture":"#3"},"east":{"uv":[4.25,1.75,4.5,2.25],"texture":"#3"},"south":{"uv":[6,5,6.5625,5.5],"texture":"#3"},"west":{"uv":[1.5,7.75,1.75,8.25],"texture":"#3"},"up":{"uv":[7.5625,5.25,7,5],"texture":"#3"},"down":{"uv":[7.5625,5.5,7,5.75],"texture":"#3"}}},{"from":[6.905,-10.92718,14.07583],"to":[9.095,-8.92718,15.07583],"rotation":{"angle":22.5,"axis":"x","origin":[8,8.11666,8]},"faces":{"north":{"uv":[6,5.75,6.5625,6.25],"texture":"#3"},"east":{"uv":[2,7.75,2.25,8.25],"texture":"#3"},"south":{"uv":[6.25,0.75,6.8125,1.25],"texture":"#3"},"west":{"uv":[7.75,2,8,2.5],"texture":"#3"},"up":{"uv":[7.5625,6.25,7,6],"texture":"#3"},"down":{"uv":[7.8125,0.75,7.25,1],"texture":"#3"}}},{"from":[7.225,1.06421,5.25],"to":[8.775,2.56421,6.25],"rotation":{"angle":0,"axis":"y","origin":[8,5.5946,8]},"faces":{"north":{"uv":[0,7.25,0.375,7.625],"texture":"#3"},"east":{"uv":[3.25,7.75,3.5,8.125],"texture":"#3"},"south":{"uv":[2.5,7.25,2.875,7.625],"texture":"#3"},"west":{"uv":[3.75,7.75,4,8.125],"texture":"#3"},"up":{"uv":[4.625,8,4.25,7.75],"texture":"#3"},"down":{"uv":[5.375,7.75,5,8],"texture":"#3"}}},{"from":[7.222,1.31436,7.40538],"to":[8.778,2.21436,8.90538],"rotation":{"angle":45,"axis":"x","origin":[8,5.5946,8]},"faces":{"north":{"uv":[5.75,7.75,6.125,8],"texture":"#3"},"east":{"uv":[2.875,8,2.5,8.25],"texture":"#3"},"south":{"uv":[0,8,0.375,8.25],"texture":"#3"},"west":{"uv":[2.5,8,2.875,8.25],"texture":"#3"},"up":{"uv":[6.875,7.625,6.5,7.25],"texture":"#3"},"down":{"uv":[6.875,7.25,6.5,7.625],"texture":"#3"}}},{"from":[6.9,1.57312,5.0215],"to":[9.1,2.57312,6.0215],"rotation":{"angle":45,"axis":"x","origin":[8,5.5946,8]},"faces":{"north":{"uv":[7.25,7.25,7.8125,7.5],"texture":"#3"},"east":{"uv":[5.5,6.75,5.75,7],"texture":"#3"},"south":{"uv":[7.5,3,8.0625,3.25],"texture":"#3"},"west":{"uv":[8.25,2.5,8.5,2.75],"texture":"#3"},"up":{"uv":[8.0625,6.75,7.5,6.5],"texture":"#3"},"down":{"uv":[8.3125,0,7.75,0.25],"texture":"#3"}}},{"from":[8,4.25,2.625],"to":[8,13.25,13.375],"rotation":{"angle":0,"axis":"y","origin":[8,8.75,8]},"faces":{"east":{"uv":[8.6875,0,11.375,2.25],"texture":"#3"},"west":{"uv":[11.375,0,8.6875,2.25],"texture":"#3"}}},{"from":[7.225,1.4566,2.49591],"to":[8.775,2.4566,3.99591],"rotation":{"angle":-22.5,"axis":"x","origin":[8,5.5946,8]},"faces":{"north":{"uv":[8,4.75,8.375,5],"texture":"#3"},"east":{"uv":[8,5.25,8.375,5.5],"texture":"#3"},"south":{"uv":[8,5.75,8.375,6],"texture":"#3"},"west":{"uv":[3.25,7.75,3.5,8.125],"texture":"#3"},"up":{"uv":[1.125,8.125,0.75,7.75],"texture":"#3"},"down":{"uv":[8.125,1.25,7.75,1.625],"texture":"#3"}}},{"from":[7.215,-1.22628,6.32693],"to":[8.785,-0.51628,7.03693],"rotation":{"angle":22.5,"axis":"x","origin":[8,5.5946,8]},"faces":{"north":{"uv":[6.5,8,6.875,8.1875],"texture":"#3"},"east":{"uv":[5.25,8.25,5.4375,8.4375],"texture":"#3"},"south":{"uv":[8,7.75,8.375,7.9375],"texture":"#3"},"west":{"uv":[5.75,8.25,5.9375,8.4375],"texture":"#3"},"up":{"uv":[8.625,0.6875,8.25,0.5],"texture":"#3"},"down":{"uv":[8.625,2,8.25,2.1875],"texture":"#3"}}},{"from":[6.9,1.57312,9.9785],"to":[9.1,2.57312,10.9785],"rotation":{"angle":-45,"axis":"x","origin":[8,5.5946,8]},"faces":{"north":{"uv":[8.0625,3,7.5,3.25],"texture":"#3"},"east":{"uv":[5.75,6.75,5.5,7],"texture":"#3"},"south":{"uv":[7.8125,7.25,7.25,7.5],"texture":"#3"},"west":{"uv":[8.5,2.5,8.25,2.75],"texture":"#3"},"up":{"uv":[8.0625,6.5,7.5,6.75],"texture":"#3"},"down":{"uv":[8.3125,0.25,7.75,0],"texture":"#3"}}},{"from":[7.222,1.31436,7.09462],"to":[8.778,2.21436,8.59462],"rotation":{"angle":-45,"axis":"x","origin":[8,5.5946,8]},"faces":{"north":{"uv":[0.375,8,0,8.25],"texture":"#3"},"east":{"uv":[2.5,8,2.875,8.25],"texture":"#3"},"south":{"uv":[6.125,7.75,5.75,8],"texture":"#3"},"west":{"uv":[2.875,8,2.5,8.25],"texture":"#3"},"up":{"uv":[6.875,7.25,6.5,7.625],"texture":"#3"},"down":{"uv":[6.875,7.625,6.5,7.25],"texture":"#3"}}},{"from":[7.225,1.06421,9.75],"to":[8.775,2.56421,10.75],"rotation":{"angle":0,"axis":"y","origin":[8,5.5946,8]},"faces":{"north":{"uv":[2.875,7.25,2.5,7.625],"texture":"#3"},"east":{"uv":[3.5,7.75,3.25,8.125],"texture":"#3"},"south":{"uv":[0.375,7.25,0,7.625],"texture":"#3"},"west":{"uv":[4,7.75,3.75,8.125],"texture":"#3"},"up":{"uv":[4.625,7.75,4.25,8],"texture":"#3"},"down":{"uv":[5.375,8,5,7.75],"texture":"#3"}}},{"from":[7.2,-0.02308,4.85719],"to":[8.8,1.97692,6.85719],"rotation":{"angle":-45,"axis":"x","origin":[8,5.5946,8]},"faces":{"north":{"uv":[7.375,0,7,0.5],"texture":"#3"},"east":{"uv":[5.25,6.25,4.75,6.75],"texture":"#3"},"south":{"uv":[7.125,6.5,6.75,7],"texture":"#3"},"west":{"uv":[0.5,6.5,0,7],"texture":"#3"},"up":{"uv":[1.125,7,0.75,7.5],"texture":"#3"},"down":{"uv":[7.375,2,7,1.5],"texture":"#3"}}},{"from":[7.215,-1.22628,8.96307],"to":[8.785,-0.51628,9.67307],"rotation":{"angle":-22.5,"axis":"x","origin":[8,5.5946,8]},"faces":{"north":{"uv":[8.375,7.75,8,7.9375],"texture":"#3"},"east":{"uv":[5.4375,8.25,5.25,8.4375],"texture":"#3"},"south":{"uv":[6.875,8,6.5,8.1875],"texture":"#3"},"west":{"uv":[5.9375,8.25,5.75,8.4375],"texture":"#3"},"up":{"uv":[8.625,0.5,8.25,0.6875],"texture":"#3"},"down":{"uv":[8.625,2.1875,8.25,2],"texture":"#3"}}},{"from":[7.225,1.4566,12.00409],"to":[8.775,2.4566,13.50409],"rotation":{"angle":22.5,"axis":"x","origin":[8,5.5946,8]},"faces":{"north":{"uv":[8.375,5.75,8,6],"texture":"#3"},"east":{"uv":[8.375,5.25,8,5.5],"texture":"#3"},"south":{"uv":[8.375,4.75,8,5],"texture":"#3"},"west":{"uv":[3.5,7.75,3.25,8.125],"texture":"#3"},"up":{"uv":[1.125,7.75,0.75,8.125],"texture":"#3"},"down":{"uv":[8.125,1.625,7.75,1.25],"texture":"#3"}}},{"from":[6.9,1.33323,10.17107],"to":[9.1,3.33323,11.17107],"rotation":{"angle":22.5,"axis":"x","origin":[8,5.5946,8]},"faces":{"north":{"uv":[6.5625,5,6,5.5],"texture":"#3"},"east":{"uv":[4.5,1.75,4.25,2.25],"texture":"#3"},"south":{"uv":[6.5625,0,6,0.5],"texture":"#3"},"west":{"uv":[1.75,7.75,1.5,8.25],"texture":"#3"},"up":{"uv":[7.5625,5,7,5.25],"texture":"#3"},"down":{"uv":[7.5625,5.75,7,5.5],"texture":"#3"}}},{"from":[6.905,-0.95382,6.52193],"to":[9.095,1.04618,7.52193],"rotation":{"angle":-22.5,"axis":"x","origin":[8,5.5946,8]},"faces":{"north":{"uv":[6.8125,0.75,6.25,1.25],"texture":"#3"},"east":{"uv":[2.25,7.75,2,8.25],"texture":"#3"},"south":{"uv":[6.5625,5.75,6,6.25],"texture":"#3"},"west":{"uv":[8,2,7.75,2.5],"texture":"#3"},"up":{"uv":[7.5625,6,7,6.25],"texture":"#3"},"down":{"uv":[7.8125,1,7.25,0.75],"texture":"#3"}}},{"from":[6.9,-3.1429,7.67678],"to":[9.1,-2.1429,9.67678],"rotation":{"angle":22.5,"axis":"x","origin":[8,-2.92323,8]},"faces":{"north":{"uv":[7.5625,5.75,7,5.5],"rotation":180,"texture":"#3"},"east":{"uv":[4.5,1.75,4.25,2.25],"rotation":270,"texture":"#3"},"south":{"uv":[7.5625,5,7,5.25],"texture":"#3"},"west":{"uv":[1.75,7.75,1.5,8.25],"rotation":90,"texture":"#3"},"up":{"uv":[6.5625,5,6,5.5],"rotation":180,"texture":"#3"},"down":{"uv":[6.5625,0,6,0.5],"texture":"#3"}}},{"from":[6.905,-3.14289,6.32323],"to":[9.095,-2.14289,8.32323],"rotation":{"angle":-22.5,"axis":"x","origin":[8,-2.92323,8]},"faces":{"north":{"uv":[7.8125,1,7.25,0.75],"rotation":180,"texture":"#3"},"east":{"uv":[2.25,7.75,2,8.25],"rotation":270,"texture":"#3"},"south":{"uv":[7.5625,6,7,6.25],"texture":"#3"},"west":{"uv":[8,2,7.75,2.5],"rotation":90,"texture":"#3"},"up":{"uv":[6.8125,0.75,6.25,1.25],"rotation":180,"texture":"#3"},"down":{"uv":[6.5625,5.75,6,6.25],"texture":"#3"}}},{"from":[6.9,-8.93852,15.04845],"to":[9.1,-6.93852,16.04845],"rotation":{"angle":22.5,"axis":"x","origin":[8,8.11666,8]},"faces":{"north":{"uv":[6.5625,5,6,5.5],"texture":"#3"},"east":{"uv":[4.5,1.75,4.25,2.25],"texture":"#3"},"south":{"uv":[6.5625,0,6,0.5],"texture":"#3"},"west":{"uv":[1.75,7.75,1.5,8.25],"texture":"#3"},"up":{"uv":[7.5625,5,7,5.25],"texture":"#3"},"down":{"uv":[7.5625,5.75,7,5.5],"texture":"#3"}}},{"from":[6.905,-10.92718,0.92417],"to":[9.095,-8.92718,1.92417],"rotation":{"angle":-22.5,"axis":"x","origin":[8,8.11666,8]},"faces":{"north":{"uv":[6.8125,0.75,6.25,1.25],"texture":"#3"},"east":{"uv":[2.25,7.75,2,8.25],"texture":"#3"},"south":{"uv":[6.5625,5.75,6,6.25],"texture":"#3"},"west":{"uv":[8,2,7.75,2.5],"texture":"#3"},"up":{"uv":[7.5625,6,7,6.25],"texture":"#3"},"down":{"uv":[7.8125,1,7.25,0.75],"texture":"#3"}}},{"from":[7.2,-6.90311,-5.09625],"to":[8.8,-4.90311,-3.09625],"rotation":{"angle":-45,"axis":"x","origin":[8,8.11666,8]},"faces":{"north":{"uv":[7.375,0,7,0.5],"texture":"#3"},"east":{"uv":[5.25,6.25,4.75,6.75],"texture":"#3"},"south":{"uv":[7.125,6.5,6.75,7],"texture":"#3"},"west":{"uv":[0.5,6.5,0,7],"texture":"#3"},"up":{"uv":[1.125,7,0.75,7.5],"texture":"#3"},"down":{"uv":[7.375,2,7,1.5],"texture":"#3"}}}],"gui_light":"front","display":{"thirdperson_righthand":{"translation":[0,9.5,1.75],"scale":[0.8,0.8,0.8]},"thirdperson_lefthand":{"translation":[0,9.5,1.75],"scale":[0.8,0.8,0.8]},"firstperson_righthand":{"rotation":[7.25,0,0],"translation":[15.25,6.25,-11.25],"scale":[1.1,1.1,1.1]},"firstperson_lefthand":{"rotation":[7.25,0,0],"translation":[15.25,6.25,-11.25],"scale":[1.1,1.1,1.1]},"ground":{"rotation":[0,0,24],"translation":[-3,10.25,0],"scale":[0.63,0.63,0.63]},"gui":{"rotation":[-90,45,90],"translation":[-3,3,0],"scale":[0.65,0.65,0.65]},"head":{"scale":[0.01,0.01,0.01]},"fixed":{"rotation":[0,90,0],"translation":[0,17.25,-0.5],"scale":[2.02,2.02,2.02]}},"USER":"{{USER}}","NONCE":"{{NONCE}}","TIMESTAMP":"{{TIMESTAMP}}","RESOURCE":"{{RESOURCE}}","mcmodels":"599f0ece86de649b0c00f9276abb0f55"}