{"credit":"Made with Blockbench","textures":{"1":"blueflame:spark","2":"blueflame:aura","3":"blueflame:texture_2","4":"blueflame:wings","particle":"blueflame:texture"},"elements":[{"from":[3,-7.64583,6.71898],"to":[13,2.35417,7.21898],"rotation":{"angle":0,"axis":"y","origin":[8,-3.5,8]},"faces":{"north":{"uv":[0,0,16,16],"texture":"#1","tintindex":0},"south":{"uv":[16,0,0,16],"texture":"#1","tintindex":0}}},{"from":[-3.52625,-14.27083,7.14313],"to":[8.00053,1.72917,7.14313],"rotation":{"angle":22.5,"axis":"y","origin":[7,-3.5,8]},"faces":{"north":{"uv":[0,0,12.14286,16],"texture":"#4","tintindex":0},"south":{"uv":[12.14286,0,0,16],"texture":"#4","tintindex":0}}},{"from":[7.99948,-14.27083,7.14313],"to":[19.52625,1.72917,7.14313],"rotation":{"angle":-22.5,"axis":"y","origin":[9,-3.5,8]},"faces":{"north":{"uv":[12.14286,0,0,16],"texture":"#4","tintindex":0},"south":{"uv":[0,0,12.14286,16],"texture":"#4","tintindex":0}}},{"from":[3.5,-7.52083,6.34398],"to":[12.5,1.47917,7.59398],"rotation":{"angle":0,"axis":"y","origin":[8,-3.5,8]},"faces":{"north":{"uv":[0,0,16,16],"texture":"#2","tintindex":0},"south":{"uv":[16,0,0,16],"texture":"#2","tintindex":0}}},{"from":[5.79073,-1.79072,6.7596],"to":[6.29073,-1.29073,7.17835],"rotation":{"angle":-45,"axis":"z","origin":[8,-3.5,8]},"faces":{"north":{"uv":[5.25,1.25,5.5,1.5],"rotation":270,"texture":"#3","tintindex":0},"east":{"uv":[4.4375,8.5,4.25,8.25],"rotation":180,"texture":"#3","tintindex":0},"south":{"uv":[3.25,5,3.5,5.25],"rotation":90,"texture":"#3","tintindex":0},"west":{"uv":[4.9375,8.25,4.75,8.5],"texture":"#3","tintindex":0},"up":{"uv":[8.25,4,8.4375,4.25],"rotation":90,"texture":"#3","tintindex":0},"down":{"uv":[8.25,3.5,8.4375,3.75],"rotation":90,"texture":"#3","tintindex":0}}},{"from":[8.76926,-4.86713,6.41898],"to":[9.26926,-3.86713,7.51898],"rotation":{"angle":-22.5,"axis":"z","origin":[8,-3.5,8]},"faces":{"north":{"uv":[1.5,7.75,1.75,8.25],"texture":"#3","tintindex":0},"east":{"uv":[6,0,6.5625,0.5],"texture":"#3","tintindex":0},"south":{"uv":[4.25,1.75,4.5,2.25],"texture":"#3","tintindex":0},"west":{"uv":[6,5,6.5625,5.5],"texture":"#3","tintindex":0},"up":{"uv":[7.5625,5.25,7,5],"rotation":90,"texture":"#3","tintindex":0},"down":{"uv":[7.5625,5.5,7,5.75],"rotation":270,"texture":"#3","tintindex":0}}},{"from":[7.57724,-6.01065,6.42148],"to":[8.07724,-5.01065,7.51648],"rotation":{"angle":22.5,"axis":"z","origin":[8,-3.5,8]},"faces":{"north":{"uv":[7.75,2,8,2.5],"texture":"#3","tintindex":0},"east":{"uv":[6,5.75,6.5625,6.25],"texture":"#3","tintindex":0},"south":{"uv":[2,7.75,2.25,8.25],"texture":"#3","tintindex":0},"west":{"uv":[6.25,0.75,6.8125,1.25],"texture":"#3","tintindex":0},"up":{"uv":[7.5625,6.25,7,6],"rotation":90,"texture":"#3","tintindex":0},"down":{"uv":[7.8125,0.75,7.25,1],"rotation":270,"texture":"#3","tintindex":0}}},{"from":[7.07366,-4.42634,6.60648],"to":[9.07365,-2.42635,7.33148],"rotation":{"angle":45,"axis":"z","origin":[8,-3.5,8]},"faces":{"north":{"uv":[3,1.25,4,2.25],"texture":"#3","tintindex":0},"east":{"uv":[4.75,5,5.125,6],"texture":"#3","tintindex":0},"south":{"uv":[3,0,4,1],"texture":"#3","tintindex":0},"west":{"uv":[5.25,0,5.625,1],"texture":"#3","tintindex":0},"up":{"uv":[3.625,6.5,3.25,5.5],"rotation":90,"texture":"#3","tintindex":0},"down":{"uv":[4.375,5.5,4,6.5],"rotation":270,"texture":"#3","tintindex":0}}},{"from":[6.57366,-2.42635,6.41898],"to":[9.07365,-1.92635,7.51898],"rotation":{"angle":45,"axis":"z","origin":[8,-3.5,8]},"faces":{"north":{"uv":[5.75,4.5,7,4.75],"texture":"#3","tintindex":0},"east":{"uv":[1.5,7.25,2.0625,7.5],"texture":"#3","tintindex":0},"south":{"uv":[5.75,4,7,4.25],"texture":"#3","tintindex":0},"west":{"uv":[7.25,3.75,7.8125,4],"texture":"#3","tintindex":0},"up":{"uv":[5.3125,4.75,4.75,3.5],"rotation":90,"texture":"#3","tintindex":0},"down":{"uv":[0.5625,5,0,6.25],"rotation":270,"texture":"#3","tintindex":0}}},{"from":[9.07365,-4.92634,6.41898],"to":[9.57365,-1.92634,7.51898],"rotation":{"angle":45,"axis":"z","origin":[8,-3.5,8]},"faces":{"north":{"uv":[5.75,1.25,6,2.75],"texture":"#3","tintindex":0},"east":{"uv":[4.25,0,4.8125,1.5],"texture":"#3","tintindex":0},"south":{"uv":[6,1.25,5.75,2.75],"texture":"#3","tintindex":0},"west":{"uv":[4.75,1.75,5.3125,3.25],"texture":"#3","tintindex":0},"up":{"uv":[7.8125,4.5,7.25,4.25],"rotation":90,"texture":"#3","tintindex":0},"down":{"uv":[6.0625,7.25,5.5,7.5],"rotation":270,"texture":"#3","tintindex":0}}},{"from":[6.76551,-4.73449,6.51898],"to":[7.76551,-3.73449,7.41898],"rotation":{"angle":45,"axis":"z","origin":[8,-3.5,8]},"faces":{"north":{"uv":[6.25,2.25,6.75,2.75],"texture":"#3","tintindex":0},"east":{"uv":[1.75,6.5,2.1875,7],"texture":"#3","tintindex":0},"south":{"uv":[6.25,1.5,6.75,2],"texture":"#3","tintindex":0},"west":{"uv":[2.5,6.5,2.9375,7],"texture":"#3","tintindex":0},"up":{"uv":[6.4375,7,6,6.5],"rotation":90,"texture":"#3","tintindex":0},"down":{"uv":[7.1875,3,6.75,3.5],"rotation":270,"texture":"#3","tintindex":0}}},{"from":[7.45,-5.08872,6.56898],"to":[8.55,-3.98872,7.36898],"rotation":{"angle":0,"axis":"y","origin":[8,-3.5,8]},"faces":{"north":{"uv":[5.8125,3.0625,6.3125,3.5625],"texture":"#3","tintindex":0},"south":{"uv":[5.8125,3.0625,6.3125,3.5625],"texture":"#3","tintindex":0}}},{"from":[7.79081,-3.70918,6.51898],"to":[8.79081,-2.70918,7.41898],"rotation":{"angle":45,"axis":"z","origin":[8,-3.5,8]},"faces":{"north":{"uv":[6.25,2.25,6.75,2.75],"texture":"#3","tintindex":0},"east":{"uv":[1.75,6.5,2.1875,7],"texture":"#3","tintindex":0},"south":{"uv":[6.25,1.5,6.75,2],"texture":"#3","tintindex":0},"west":{"uv":[2.5,6.5,2.9375,7],"texture":"#3","tintindex":0},"up":{"uv":[6.4375,7,6,6.5],"rotation":90,"texture":"#3","tintindex":0},"down":{"uv":[7.1875,3,6.75,3.5],"rotation":270,"texture":"#3","tintindex":0}}},{"from":[7.45,-3.63872,6.56898],"to":[8.55,-2.53873,7.36898],"rotation":{"angle":0,"axis":"y","origin":[8,-3.5,8]},"faces":{"north":{"uv":[5.8125,3.0625,6.3125,3.5625],"texture":"#3","tintindex":0},"south":{"uv":[5.8125,3.0625,6.3125,3.5625],"texture":"#3","tintindex":0}}},{"from":[7.013,-5.72444,6.56898],"to":[8.013,-4.72444,7.36898],"rotation":{"angle":45,"axis":"z","origin":[8,-3.5,8]},"faces":{"north":{"uv":[0,6.5,0.5,7],"texture":"#3","tintindex":0},"east":{"uv":[6.75,6.5,7.125,7],"texture":"#3","tintindex":0},"south":{"uv":[4.75,6.25,5.25,6.75],"texture":"#3","tintindex":0},"west":{"uv":[7,0,7.375,0.5],"texture":"#3","tintindex":0},"up":{"uv":[1.125,7.5,0.75,7],"rotation":90,"texture":"#3","tintindex":0},"down":{"uv":[7.375,1.5,7,2],"rotation":270,"texture":"#3","tintindex":0}}},{"from":[8.875,-4.93872,6.58148],"to":[9.375,-4.18872,7.35648],"rotation":{"angle":0,"axis":"y","origin":[8,-3.5,8]},"faces":{"north":{"uv":[3.75,7.75,4,8.125],"texture":"#3","tintindex":0},"east":{"uv":[0,7.25,0.375,7.625],"texture":"#3","tintindex":0},"south":{"uv":[3.25,7.75,3.5,8.125],"texture":"#3","tintindex":0},"west":{"uv":[2.5,7.25,2.875,7.625],"texture":"#3","tintindex":0},"up":{"uv":[4.625,8,4.25,7.75],"rotation":90,"texture":"#3","tintindex":0},"down":{"uv":[5.375,7.75,5,8],"rotation":270,"texture":"#3","tintindex":0}}},{"from":[8.13171,-5.05572,6.57998],"to":[8.88171,-4.60572,7.35798],"rotation":{"angle":45,"axis":"z","origin":[8,-3.5,8]},"faces":{"north":{"uv":[2.5,8,2.875,8.25],"texture":"#3","tintindex":0},"east":{"uv":[5.75,7.75,6.125,8],"texture":"#3","tintindex":0},"south":{"uv":[2.875,8,2.5,8.25],"texture":"#3","tintindex":0},"west":{"uv":[0,8,0.375,8.25],"texture":"#3","tintindex":0},"up":{"uv":[6.875,7.625,6.5,7.25],"rotation":90,"texture":"#3","tintindex":0},"down":{"uv":[6.875,7.25,6.5,7.625],"rotation":270,"texture":"#3","tintindex":0}}},{"from":[9.57365,-4.92634,6.41898],"to":[10.07365,-4.42634,7.51898],"rotation":{"angle":45,"axis":"z","origin":[8,-3.5,8]},"faces":{"north":{"uv":[8.25,2.5,8.5,2.75],"texture":"#3","tintindex":0},"east":{"uv":[7.25,7.25,7.8125,7.5],"texture":"#3","tintindex":0},"south":{"uv":[5.5,6.75,5.75,7],"texture":"#3","tintindex":0},"west":{"uv":[7.5,3,8.0625,3.25],"texture":"#3","tintindex":0},"up":{"uv":[8.0625,6.75,7.5,6.5],"rotation":90,"texture":"#3","tintindex":0},"down":{"uv":[8.3125,0,7.75,0.25],"rotation":270,"texture":"#3","tintindex":0}}},{"from":[9.68577,-4.80545,6.58148],"to":[10.43577,-4.30545,7.35648],"rotation":{"angle":-22.5,"axis":"z","origin":[8,-3.5,8]},"faces":{"north":{"uv":[3.25,7.75,3.5,8.125],"texture":"#3","tintindex":0},"east":{"uv":[8,4.75,8.375,5],"texture":"#3","tintindex":0},"south":{"uv":[8,5.25,8.375,5.5],"texture":"#3","tintindex":0},"west":{"uv":[8,5.75,8.375,6],"texture":"#3","tintindex":0},"up":{"uv":[1.125,8.125,0.75,7.75],"rotation":90,"texture":"#3","tintindex":0},"down":{"uv":[8.125,1.25,7.75,1.625],"rotation":270,"texture":"#3","tintindex":0}}},{"from":[8.79781,-6.14688,6.57648],"to":[9.15281,-5.79188,7.36148],"rotation":{"angle":22.5,"axis":"z","origin":[8,-3.5,8]},"faces":{"north":{"uv":[5.75,8.25,5.9375,8.4375],"texture":"#3","tintindex":0},"east":{"uv":[6.5,8,6.875,8.1875],"texture":"#3","tintindex":0},"south":{"uv":[5.25,8.25,5.4375,8.4375],"texture":"#3","tintindex":0},"west":{"uv":[8,7.75,8.375,7.9375],"texture":"#3","tintindex":0},"up":{"uv":[8.625,0.6875,8.25,0.5],"rotation":90,"texture":"#3","tintindex":0},"down":{"uv":[8.625,2,8.25,2.1875],"rotation":270,"texture":"#3","tintindex":0}}},{"from":[5.92635,-4.92634,6.41898],"to":[6.42635,-4.42634,7.51898],"rotation":{"angle":-45,"axis":"z","origin":[8,-3.5,8]},"faces":{"north":{"uv":[8.5,2.5,8.25,2.75],"texture":"#3","tintindex":0},"east":{"uv":[8.0625,3,7.5,3.25],"texture":"#3","tintindex":0},"south":{"uv":[5.75,6.75,5.5,7],"texture":"#3","tintindex":0},"west":{"uv":[7.8125,7.25,7.25,7.5],"texture":"#3","tintindex":0},"up":{"uv":[8.0625,6.5,7.5,6.75],"rotation":90,"texture":"#3","tintindex":0},"down":{"uv":[8.3125,0.25,7.75,0],"rotation":270,"texture":"#3","tintindex":0}}},{"from":[7.11829,-5.05572,6.57998],"to":[7.86829,-4.60572,7.35798],"rotation":{"angle":-45,"axis":"z","origin":[8,-3.5,8]},"faces":{"north":{"uv":[2.875,8,2.5,8.25],"texture":"#3","tintindex":0},"east":{"uv":[0.375,8,0,8.25],"texture":"#3","tintindex":0},"south":{"uv":[2.5,8,2.875,8.25],"texture":"#3","tintindex":0},"west":{"uv":[6.125,7.75,5.75,8],"texture":"#3","tintindex":0},"up":{"uv":[6.875,7.25,6.5,7.625],"rotation":90,"texture":"#3","tintindex":0},"down":{"uv":[6.875,7.625,6.5,7.25],"rotation":270,"texture":"#3","tintindex":0}}},{"from":[6.625,-4.93872,6.58148],"to":[7.125,-4.18872,7.35648],"rotation":{"angle":0,"axis":"y","origin":[8,-3.5,8]},"faces":{"north":{"uv":[4,7.75,3.75,8.125],"texture":"#3","tintindex":0},"east":{"uv":[2.875,7.25,2.5,7.625],"texture":"#3","tintindex":0},"south":{"uv":[3.5,7.75,3.25,8.125],"texture":"#3","tintindex":0},"west":{"uv":[0.375,7.25,0,7.625],"texture":"#3","tintindex":0},"up":{"uv":[4.625,7.75,4.25,8],"rotation":90,"texture":"#3","tintindex":0},"down":{"uv":[5.375,8,5,7.75],"rotation":270,"texture":"#3","tintindex":0}}},{"from":[7.98701,-5.72444,6.56898],"to":[8.98701,-4.72444,7.36898],"rotation":{"angle":-45,"axis":"z","origin":[8,-3.5,8]},"faces":{"north":{"uv":[0.5,6.5,0,7],"texture":"#3","tintindex":0},"east":{"uv":[7.375,0,7,0.5],"texture":"#3","tintindex":0},"south":{"uv":[5.25,6.25,4.75,6.75],"texture":"#3","tintindex":0},"west":{"uv":[7.125,6.5,6.75,7],"texture":"#3","tintindex":0},"up":{"uv":[1.125,7,0.75,7.5],"rotation":90,"texture":"#3","tintindex":0},"down":{"uv":[7.375,2,7,1.5],"rotation":270,"texture":"#3","tintindex":0}}},{"from":[6.84719,-6.14688,6.57648],"to":[7.20219,-5.79188,7.36148],"rotation":{"angle":-22.5,"axis":"z","origin":[8,-3.5,8]},"faces":{"north":{"uv":[5.9375,8.25,5.75,8.4375],"texture":"#3","tintindex":0},"east":{"uv":[8.375,7.75,8,7.9375],"texture":"#3","tintindex":0},"south":{"uv":[5.4375,8.25,5.25,8.4375],"texture":"#3","tintindex":0},"west":{"uv":[6.875,8,6.5,8.1875],"texture":"#3","tintindex":0},"up":{"uv":[8.625,0.5,8.25,0.6875],"rotation":90,"texture":"#3","tintindex":0},"down":{"uv":[8.625,2.1875,8.25,2],"rotation":270,"texture":"#3","tintindex":0}}},{"from":[5.56423,-4.80545,6.58148],"to":[6.31423,-4.30545,7.35648],"rotation":{"angle":22.5,"axis":"z","origin":[8,-3.5,8]},"faces":{"north":{"uv":[3.5,7.75,3.25,8.125],"texture":"#3","tintindex":0},"east":{"uv":[8.375,5.75,8,6],"texture":"#3","tintindex":0},"south":{"uv":[8.375,5.25,8,5.5],"texture":"#3","tintindex":0},"west":{"uv":[8.375,4.75,8,5],"texture":"#3","tintindex":0},"up":{"uv":[1.125,7.75,0.75,8.125],"rotation":90,"texture":"#3","tintindex":0},"down":{"uv":[8.125,1.625,7.75,1.25],"rotation":270,"texture":"#3","tintindex":0}}},{"from":[6.73074,-4.86713,6.41898],"to":[7.23074,-3.86713,7.51898],"rotation":{"angle":22.5,"axis":"z","origin":[8,-3.5,8]},"faces":{"north":{"uv":[1.75,7.75,1.5,8.25],"texture":"#3","tintindex":0},"east":{"uv":[6.5625,5,6,5.5],"texture":"#3","tintindex":0},"south":{"uv":[4.5,1.75,4.25,2.25],"texture":"#3","tintindex":0},"west":{"uv":[6.5625,0,6,0.5],"texture":"#3","tintindex":0},"up":{"uv":[7.5625,5,7,5.25],"rotation":90,"texture":"#3","tintindex":0},"down":{"uv":[7.5625,5.75,7,5.5],"rotation":270,"texture":"#3","tintindex":0}}},{"from":[7.92276,-6.01065,6.42148],"to":[8.42276,-5.01065,7.51648],"rotation":{"angle":-22.5,"axis":"z","origin":[8,-3.5,8]},"faces":{"north":{"uv":[8,2,7.75,2.5],"texture":"#3","tintindex":0},"east":{"uv":[6.8125,0.75,6.25,1.25],"texture":"#3","tintindex":0},"south":{"uv":[2.25,7.75,2,8.25],"texture":"#3","tintindex":0},"west":{"uv":[6.5625,5.75,6,6.25],"texture":"#3","tintindex":0},"up":{"uv":[7.5625,6,7,6.25],"rotation":90,"texture":"#3","tintindex":0},"down":{"uv":[7.8125,1,7.25,0.75],"rotation":270,"texture":"#3","tintindex":0}}},{"from":[4.8679,-4.08369,6.41898],"to":[5.3679,-3.08369,7.51898],"rotation":{"angle":-22.5,"axis":"z","origin":[8,-3.5,8]},"faces":{"north":{"uv":[1.75,7.75,1.5,8.25],"texture":"#3","tintindex":0},"east":{"uv":[6.5625,5,6,5.5],"texture":"#3","tintindex":0},"south":{"uv":[4.5,1.75,4.25,2.25],"texture":"#3","tintindex":0},"west":{"uv":[6.5625,0,6,0.5],"texture":"#3","tintindex":0},"up":{"uv":[7.5625,5,7,5.25],"rotation":90,"texture":"#3","tintindex":0},"down":{"uv":[7.5625,5.75,7,5.5],"rotation":270,"texture":"#3","tintindex":0}}},{"from":[4.72609,-2.05155,6.42148],"to":[5.72609,-1.55155,7.51648],"rotation":{"angle":22.5,"axis":"z","origin":[8,-3.5,8]},"faces":{"north":{"uv":[8,2,7.75,2.5],"rotation":270,"texture":"#3","tintindex":0},"east":{"uv":[7.5625,6,7,6.25],"rotation":180,"texture":"#3","tintindex":0},"south":{"uv":[2.25,7.75,2,8.25],"rotation":90,"texture":"#3","tintindex":0},"west":{"uv":[7.8125,1,7.25,0.75],"texture":"#3","tintindex":0},"up":{"uv":[6.5625,5.75,6,6.25],"rotation":90,"texture":"#3","tintindex":0},"down":{"uv":[6.8125,0.75,6.25,1.25],"rotation":90,"texture":"#3","tintindex":0}}},{"from":[4.35433,-3.05032,6.56898],"to":[5.35433,-2.05032,7.36898],"rotation":{"angle":0,"axis":"x","origin":[8,-3.5,8]},"faces":{"north":{"uv":[0.5,6.5,0,7],"rotation":270,"texture":"#3","tintindex":0},"east":{"uv":[1.125,7,0.75,7.5],"rotation":180,"texture":"#3","tintindex":0},"south":{"uv":[5.25,6.25,4.75,6.75],"rotation":90,"texture":"#3","tintindex":0},"west":{"uv":[7.375,2,7,1.5],"texture":"#3","tintindex":0},"up":{"uv":[7.125,6.5,6.75,7],"rotation":90,"texture":"#3","tintindex":0},"down":{"uv":[7.375,0,7,0.5],"rotation":90,"texture":"#3","tintindex":0}}},{"from":[10.63211,-4.08369,6.41898],"to":[11.13211,-3.08369,7.51898],"rotation":{"angle":22.5,"axis":"z","origin":[8,-3.5,8]},"faces":{"north":{"uv":[1.5,7.75,1.75,8.25],"texture":"#3","tintindex":0},"east":{"uv":[6,0,6.5625,0.5],"texture":"#3","tintindex":0},"south":{"uv":[4.25,1.75,4.5,2.25],"texture":"#3","tintindex":0},"west":{"uv":[6,5,6.5625,5.5],"texture":"#3","tintindex":0},"up":{"uv":[7.5625,5.25,7,5],"rotation":90,"texture":"#3","tintindex":0},"down":{"uv":[7.5625,5.5,7,5.75],"rotation":270,"texture":"#3","tintindex":0}}},{"from":[10.27391,-2.05155,6.42148],"to":[11.27391,-1.55155,7.51648],"rotation":{"angle":-22.5,"axis":"z","origin":[8,-3.5,8]},"faces":{"north":{"uv":[8,2.5,7.75,2],"rotation":270,"texture":"#3","tintindex":0},"east":{"uv":[7.25,1,7.8125,0.75],"texture":"#3","tintindex":0},"south":{"uv":[2.25,8.25,2,7.75],"rotation":90,"texture":"#3","tintindex":0},"west":{"uv":[7,6,7.5625,6.25],"rotation":180,"texture":"#3","tintindex":0},"up":{"uv":[6.5625,6.25,6,5.75],"rotation":90,"texture":"#3","tintindex":0},"down":{"uv":[6.8125,1.25,6.25,0.75],"rotation":90,"texture":"#3","tintindex":0}}},{"from":[10.64568,-3.05032,6.56898],"to":[11.64568,-2.05032,7.36898],"rotation":{"angle":0,"axis":"x","origin":[8,-3.5,8]},"faces":{"north":{"uv":[0.5,7,0,6.5],"rotation":270,"texture":"#3","tintindex":0},"east":{"uv":[7,2,7.375,1.5],"texture":"#3","tintindex":0},"south":{"uv":[5.25,6.75,4.75,6.25],"rotation":90,"texture":"#3","tintindex":0},"west":{"uv":[0.75,7,1.125,7.5],"rotation":180,"texture":"#3","tintindex":0},"up":{"uv":[7.125,7,6.75,6.5],"rotation":90,"texture":"#3","tintindex":0},"down":{"uv":[7.375,0.5,7,0],"rotation":90,"texture":"#3","tintindex":0}}}],"gui_light":"front","display":{"thirdperson_righthand":{"rotation":[36,0,0],"translation":[0,1.5,0.75],"scale":[0.48,0.48,0.48]},"thirdperson_lefthand":{"rotation":[68.75,0,0],"translation":[-5.5,-8.75,15.25],"scale":[1.14,1.14,1.14]},"firstperson_righthand":{"rotation":[-180,43.75,-180],"translation":[5.5,0.5,-3.25],"scale":[0.34,0.34,0.34]},"firstperson_lefthand":{"rotation":[0,24,0],"translation":[16.5,0,-3.25],"scale":[0.01,0.01,0.01]},"ground":{"rotation":[-18,0,0],"translation":[-3,10.75,0],"scale":[0.63,0.63,0.63]},"gui":{"rotation":[0,180,0],"translation":[0,1.5,0],"scale":[0.39,0.39,0.39]},"head":{"translation":[0,-67.5,12.25],"scale":[3.5,3.5,3.5]},"fixed":{"rotation":[0,180,0],"translation":[0,2.25,-6.5],"scale":[2.02,2.02,2.02]}},"USER":"{{USER}}","NONCE":"{{NONCE}}","TIMESTAMP":"{{TIMESTAMP}}","RESOURCE":"{{RESOURCE}}","mcmodels":"599f0ece86de649b0c00f9276abb0f55"}