{"credit":"Made with Blockbench","textures":{"1":"blueflame:spark","2":"blueflame:aura","3":"blueflame:texture_2","4":"blueflame:wings","particle":"blueflame:texture"},"elements":[{"from":[-2,-0.29166,5.43795],"to":[18,19.70834,6.43795],"rotation":{"angle":0,"axis":"y","origin":[8,8,8]},"faces":{"north":{"uv":[0,0,16,16],"texture":"#1","tintindex":0},"south":{"uv":[16,0,0,16],"texture":"#1","tintindex":0}}},{"from":[-15.0525,-13.54166,6.28626],"to":[8.00105,18.45834,6.28626],"rotation":{"angle":22.5,"axis":"y","origin":[6,8,8]},"faces":{"north":{"uv":[0,0,12.14286,16],"texture":"#4","tintindex":0},"south":{"uv":[12.14286,0,0,16],"texture":"#4","tintindex":0}}},{"from":[7.99895,-13.54166,6.28626],"to":[31.0525,18.45834,6.28626],"rotation":{"angle":-22.5,"axis":"y","origin":[10,8,8]},"faces":{"north":{"uv":[12.14286,0,0,16],"texture":"#4","tintindex":0},"south":{"uv":[0,0,12.14286,16],"texture":"#4","tintindex":0}}},{"from":[-1,-0.04166,4.68795],"to":[17,17.95834,7.18795],"rotation":{"angle":0,"axis":"y","origin":[8,8,8]},"faces":{"north":{"uv":[0,0,16,16],"texture":"#2","tintindex":0},"south":{"uv":[16,0,0,16],"texture":"#2","tintindex":0}}},{"from":[3.58145,11.41855,5.5192],"to":[4.58145,12.41855,6.3567],"rotation":{"angle":-45,"axis":"z","origin":[8,8,8]},"faces":{"north":{"uv":[5.25,1.25,5.5,1.5],"rotation":270,"texture":"#3","tintindex":0},"east":{"uv":[4.4375,8.5,4.25,8.25],"rotation":180,"texture":"#3","tintindex":0},"south":{"uv":[3.25,5,3.5,5.25],"rotation":90,"texture":"#3","tintindex":0},"west":{"uv":[4.9375,8.25,4.75,8.5],"texture":"#3","tintindex":0},"up":{"uv":[8.25,4,8.4375,4.25],"rotation":90,"texture":"#3","tintindex":0},"down":{"uv":[8.25,3.5,8.4375,3.75],"rotation":90,"texture":"#3","tintindex":0}}},{"from":[9.53852,5.26574,4.83795],"to":[10.53852,7.26574,7.03795],"rotation":{"angle":-22.5,"axis":"z","origin":[8,8,8]},"faces":{"north":{"uv":[1.5,7.75,1.75,8.25],"texture":"#3","tintindex":0},"east":{"uv":[6,0,6.5625,0.5],"texture":"#3","tintindex":0},"south":{"uv":[4.25,1.75,4.5,2.25],"texture":"#3","tintindex":0},"west":{"uv":[6,5,6.5625,5.5],"texture":"#3","tintindex":0},"up":{"uv":[7.5625,5.25,7,5],"rotation":90,"texture":"#3","tintindex":0},"down":{"uv":[7.5625,5.5,7,5.75],"rotation":270,"texture":"#3","tintindex":0}}},{"from":[7.15448,2.97869,4.84295],"to":[8.15448,4.97869,7.03295],"rotation":{"angle":22.5,"axis":"z","origin":[8,8,8]},"faces":{"north":{"uv":[7.75,2,8,2.5],"texture":"#3","tintindex":0},"east":{"uv":[6,5.75,6.5625,6.25],"texture":"#3","tintindex":0},"south":{"uv":[2,7.75,2.25,8.25],"texture":"#3","tintindex":0},"west":{"uv":[6.25,0.75,6.8125,1.25],"texture":"#3","tintindex":0},"up":{"uv":[7.5625,6.25,7,6],"rotation":90,"texture":"#3","tintindex":0},"down":{"uv":[7.8125,0.75,7.25,1],"rotation":270,"texture":"#3","tintindex":0}}},{"from":[6.14731,6.14731,5.21295],"to":[10.14731,10.14731,6.66295],"rotation":{"angle":45,"axis":"z","origin":[8,8,8]},"faces":{"north":{"uv":[3,1.25,4,2.25],"texture":"#3","tintindex":0},"east":{"uv":[4.75,5,5.125,6],"texture":"#3","tintindex":0},"south":{"uv":[3,0,4,1],"texture":"#3","tintindex":0},"west":{"uv":[5.25,0,5.625,1],"texture":"#3","tintindex":0},"up":{"uv":[3.625,6.5,3.25,5.5],"rotation":90,"texture":"#3","tintindex":0},"down":{"uv":[4.375,5.5,4,6.5],"rotation":270,"texture":"#3","tintindex":0}}},{"from":[5.14731,10.14731,4.83795],"to":[10.14731,11.14731,7.03795],"rotation":{"angle":45,"axis":"z","origin":[8,8,8]},"faces":{"north":{"uv":[5.75,4.5,7,4.75],"texture":"#3","tintindex":0},"east":{"uv":[1.5,7.25,2.0625,7.5],"texture":"#3","tintindex":0},"south":{"uv":[5.75,4,7,4.25],"texture":"#3","tintindex":0},"west":{"uv":[7.25,3.75,7.8125,4],"texture":"#3","tintindex":0},"up":{"uv":[5.3125,4.75,4.75,3.5],"rotation":90,"texture":"#3","tintindex":0},"down":{"uv":[0.5625,5,0,6.25],"rotation":270,"texture":"#3","tintindex":0}}},{"from":[10.1473,5.14732,4.83795],"to":[11.1473,11.14732,7.03795],"rotation":{"angle":45,"axis":"z","origin":[8,8,8]},"faces":{"north":{"uv":[5.75,1.25,6,2.75],"texture":"#3","tintindex":0},"east":{"uv":[4.25,0,4.8125,1.5],"texture":"#3","tintindex":0},"south":{"uv":[6,1.25,5.75,2.75],"texture":"#3","tintindex":0},"west":{"uv":[4.75,1.75,5.3125,3.25],"texture":"#3","tintindex":0},"up":{"uv":[7.8125,4.5,7.25,4.25],"rotation":90,"texture":"#3","tintindex":0},"down":{"uv":[6.0625,7.25,5.5,7.5],"rotation":270,"texture":"#3","tintindex":0}}},{"from":[5.53101,5.53102,5.03795],"to":[7.53101,7.53102,6.83795],"rotation":{"angle":45,"axis":"z","origin":[8,8,8]},"faces":{"north":{"uv":[6.25,2.25,6.75,2.75],"texture":"#3","tintindex":0},"east":{"uv":[1.75,6.5,2.1875,7],"texture":"#3","tintindex":0},"south":{"uv":[6.25,1.5,6.75,2],"texture":"#3","tintindex":0},"west":{"uv":[2.5,6.5,2.9375,7],"texture":"#3","tintindex":0},"up":{"uv":[6.4375,7,6,6.5],"rotation":90,"texture":"#3","tintindex":0},"down":{"uv":[7.1875,3,6.75,3.5],"rotation":270,"texture":"#3","tintindex":0}}},{"from":[6.9,4.82255,5.13795],"to":[9.1,7.02255,6.73795],"rotation":{"angle":0,"axis":"y","origin":[8,8,8]},"faces":{"north":{"uv":[5.8125,3.0625,6.3125,3.5625],"texture":"#3","tintindex":0},"south":{"uv":[5.8125,3.0625,6.3125,3.5625],"texture":"#3","tintindex":0}}},{"from":[7.58162,7.58163,5.03795],"to":[9.58162,9.58163,6.83795],"rotation":{"angle":45,"axis":"z","origin":[8,8,8]},"faces":{"north":{"uv":[6.25,2.25,6.75,2.75],"texture":"#3","tintindex":0},"east":{"uv":[1.75,6.5,2.1875,7],"texture":"#3","tintindex":0},"south":{"uv":[6.25,1.5,6.75,2],"texture":"#3","tintindex":0},"west":{"uv":[2.5,6.5,2.9375,7],"texture":"#3","tintindex":0},"up":{"uv":[6.4375,7,6,6.5],"rotation":90,"texture":"#3","tintindex":0},"down":{"uv":[7.1875,3,6.75,3.5],"rotation":270,"texture":"#3","tintindex":0}}},{"from":[6.9,7.72255,5.13795],"to":[9.1,9.92255,6.73795],"rotation":{"angle":0,"axis":"y","origin":[8,8,8]},"faces":{"north":{"uv":[5.8125,3.0625,6.3125,3.5625],"texture":"#3","tintindex":0},"south":{"uv":[5.8125,3.0625,6.3125,3.5625],"texture":"#3","tintindex":0}}},{"from":[6.02599,3.55112,5.13795],"to":[8.02599,5.55112,6.73795],"rotation":{"angle":45,"axis":"z","origin":[8,8,8]},"faces":{"north":{"uv":[0,6.5,0.5,7],"texture":"#3","tintindex":0},"east":{"uv":[6.75,6.5,7.125,7],"texture":"#3","tintindex":0},"south":{"uv":[4.75,6.25,5.25,6.75],"texture":"#3","tintindex":0},"west":{"uv":[7,0,7.375,0.5],"texture":"#3","tintindex":0},"up":{"uv":[1.125,7.5,0.75,7],"rotation":90,"texture":"#3","tintindex":0},"down":{"uv":[7.375,1.5,7,2],"rotation":270,"texture":"#3","tintindex":0}}},{"from":[9.75,5.12255,5.16295],"to":[10.75,6.62255,6.71295],"rotation":{"angle":0,"axis":"y","origin":[8,8,8]},"faces":{"north":{"uv":[3.75,7.75,4,8.125],"texture":"#3","tintindex":0},"east":{"uv":[0,7.25,0.375,7.625],"texture":"#3","tintindex":0},"south":{"uv":[3.25,7.75,3.5,8.125],"texture":"#3","tintindex":0},"west":{"uv":[2.5,7.25,2.875,7.625],"texture":"#3","tintindex":0},"up":{"uv":[4.625,8,4.25,7.75],"rotation":90,"texture":"#3","tintindex":0},"down":{"uv":[5.375,7.75,5,8],"rotation":270,"texture":"#3","tintindex":0}}},{"from":[8.26342,4.88856,5.15995],"to":[9.76342,5.78856,6.71595],"rotation":{"angle":45,"axis":"z","origin":[8,8,8]},"faces":{"north":{"uv":[2.5,8,2.875,8.25],"texture":"#3","tintindex":0},"east":{"uv":[5.75,7.75,6.125,8],"texture":"#3","tintindex":0},"south":{"uv":[2.875,8,2.5,8.25],"texture":"#3","tintindex":0},"west":{"uv":[0,8,0.375,8.25],"texture":"#3","tintindex":0},"up":{"uv":[6.875,7.625,6.5,7.25],"rotation":90,"texture":"#3","tintindex":0},"down":{"uv":[6.875,7.25,6.5,7.625],"rotation":270,"texture":"#3","tintindex":0}}},{"from":[11.1473,5.14732,4.83795],"to":[12.1473,6.14732,7.03795],"rotation":{"angle":45,"axis":"z","origin":[8,8,8]},"faces":{"north":{"uv":[8.25,2.5,8.5,2.75],"texture":"#3","tintindex":0},"east":{"uv":[7.25,7.25,7.8125,7.5],"texture":"#3","tintindex":0},"south":{"uv":[5.5,6.75,5.75,7],"texture":"#3","tintindex":0},"west":{"uv":[7.5,3,8.0625,3.25],"texture":"#3","tintindex":0},"up":{"uv":[8.0625,6.75,7.5,6.5],"rotation":90,"texture":"#3","tintindex":0},"down":{"uv":[8.3125,0,7.75,0.25],"rotation":270,"texture":"#3","tintindex":0}}},{"from":[11.37154,5.38911,5.16295],"to":[12.87154,6.38911,6.71295],"rotation":{"angle":-22.5,"axis":"z","origin":[8,8,8]},"faces":{"north":{"uv":[3.25,7.75,3.5,8.125],"texture":"#3","tintindex":0},"east":{"uv":[8,4.75,8.375,5],"texture":"#3","tintindex":0},"south":{"uv":[8,5.25,8.375,5.5],"texture":"#3","tintindex":0},"west":{"uv":[8,5.75,8.375,6],"texture":"#3","tintindex":0},"up":{"uv":[1.125,8.125,0.75,7.75],"rotation":90,"texture":"#3","tintindex":0},"down":{"uv":[8.125,1.25,7.75,1.625],"rotation":270,"texture":"#3","tintindex":0}}},{"from":[9.59562,2.70623,5.15295],"to":[10.30562,3.41623,6.72295],"rotation":{"angle":22.5,"axis":"z","origin":[8,8,8]},"faces":{"north":{"uv":[5.75,8.25,5.9375,8.4375],"texture":"#3","tintindex":0},"east":{"uv":[6.5,8,6.875,8.1875],"texture":"#3","tintindex":0},"south":{"uv":[5.25,8.25,5.4375,8.4375],"texture":"#3","tintindex":0},"west":{"uv":[8,7.75,8.375,7.9375],"texture":"#3","tintindex":0},"up":{"uv":[8.625,0.6875,8.25,0.5],"rotation":90,"texture":"#3","tintindex":0},"down":{"uv":[8.625,2,8.25,2.1875],"rotation":270,"texture":"#3","tintindex":0}}},{"from":[3.8527,5.14732,4.83795],"to":[4.8527,6.14732,7.03795],"rotation":{"angle":-45,"axis":"z","origin":[8,8,8]},"faces":{"north":{"uv":[8.5,2.5,8.25,2.75],"texture":"#3","tintindex":0},"east":{"uv":[8.0625,3,7.5,3.25],"texture":"#3","tintindex":0},"south":{"uv":[5.75,6.75,5.5,7],"texture":"#3","tintindex":0},"west":{"uv":[7.8125,7.25,7.25,7.5],"texture":"#3","tintindex":0},"up":{"uv":[8.0625,6.5,7.5,6.75],"rotation":90,"texture":"#3","tintindex":0},"down":{"uv":[8.3125,0.25,7.75,0],"rotation":270,"texture":"#3","tintindex":0}}},{"from":[6.23658,4.88856,5.15995],"to":[7.73658,5.78856,6.71595],"rotation":{"angle":-45,"axis":"z","origin":[8,8,8]},"faces":{"north":{"uv":[2.875,8,2.5,8.25],"texture":"#3","tintindex":0},"east":{"uv":[0.375,8,0,8.25],"texture":"#3","tintindex":0},"south":{"uv":[2.5,8,2.875,8.25],"texture":"#3","tintindex":0},"west":{"uv":[6.125,7.75,5.75,8],"texture":"#3","tintindex":0},"up":{"uv":[6.875,7.25,6.5,7.625],"rotation":90,"texture":"#3","tintindex":0},"down":{"uv":[6.875,7.625,6.5,7.25],"rotation":270,"texture":"#3","tintindex":0}}},{"from":[5.25,5.12255,5.16295],"to":[6.25,6.62255,6.71295],"rotation":{"angle":0,"axis":"y","origin":[8,8,8]},"faces":{"north":{"uv":[4,7.75,3.75,8.125],"texture":"#3","tintindex":0},"east":{"uv":[2.875,7.25,2.5,7.625],"texture":"#3","tintindex":0},"south":{"uv":[3.5,7.75,3.25,8.125],"texture":"#3","tintindex":0},"west":{"uv":[0.375,7.25,0,7.625],"texture":"#3","tintindex":0},"up":{"uv":[4.625,7.75,4.25,8],"rotation":90,"texture":"#3","tintindex":0},"down":{"uv":[5.375,8,5,7.75],"rotation":270,"texture":"#3","tintindex":0}}},{"from":[7.97401,3.55112,5.13795],"to":[9.97401,5.55112,6.73795],"rotation":{"angle":-45,"axis":"z","origin":[8,8,8]},"faces":{"north":{"uv":[0.5,6.5,0,7],"texture":"#3","tintindex":0},"east":{"uv":[7.375,0,7,0.5],"texture":"#3","tintindex":0},"south":{"uv":[5.25,6.25,4.75,6.75],"texture":"#3","tintindex":0},"west":{"uv":[7.125,6.5,6.75,7],"texture":"#3","tintindex":0},"up":{"uv":[1.125,7,0.75,7.5],"rotation":90,"texture":"#3","tintindex":0},"down":{"uv":[7.375,2,7,1.5],"rotation":270,"texture":"#3","tintindex":0}}},{"from":[5.69438,2.70623,5.15295],"to":[6.40438,3.41623,6.72295],"rotation":{"angle":-22.5,"axis":"z","origin":[8,8,8]},"faces":{"north":{"uv":[5.9375,8.25,5.75,8.4375],"texture":"#3","tintindex":0},"east":{"uv":[8.375,7.75,8,7.9375],"texture":"#3","tintindex":0},"south":{"uv":[5.4375,8.25,5.25,8.4375],"texture":"#3","tintindex":0},"west":{"uv":[6.875,8,6.5,8.1875],"texture":"#3","tintindex":0},"up":{"uv":[8.625,0.5,8.25,0.6875],"rotation":90,"texture":"#3","tintindex":0},"down":{"uv":[8.625,2.1875,8.25,2],"rotation":270,"texture":"#3","tintindex":0}}},{"from":[3.12846,5.38911,5.16295],"to":[4.62846,6.38911,6.71295],"rotation":{"angle":22.5,"axis":"z","origin":[8,8,8]},"faces":{"north":{"uv":[3.5,7.75,3.25,8.125],"texture":"#3","tintindex":0},"east":{"uv":[8.375,5.75,8,6],"texture":"#3","tintindex":0},"south":{"uv":[8.375,5.25,8,5.5],"texture":"#3","tintindex":0},"west":{"uv":[8.375,4.75,8,5],"texture":"#3","tintindex":0},"up":{"uv":[1.125,7.75,0.75,8.125],"rotation":90,"texture":"#3","tintindex":0},"down":{"uv":[8.125,1.625,7.75,1.25],"rotation":270,"texture":"#3","tintindex":0}}},{"from":[5.46148,5.26574,4.83795],"to":[6.46148,7.26574,7.03795],"rotation":{"angle":22.5,"axis":"z","origin":[8,8,8]},"faces":{"north":{"uv":[1.75,7.75,1.5,8.25],"texture":"#3","tintindex":0},"east":{"uv":[6.5625,5,6,5.5],"texture":"#3","tintindex":0},"south":{"uv":[4.5,1.75,4.25,2.25],"texture":"#3","tintindex":0},"west":{"uv":[6.5625,0,6,0.5],"texture":"#3","tintindex":0},"up":{"uv":[7.5625,5,7,5.25],"rotation":90,"texture":"#3","tintindex":0},"down":{"uv":[7.5625,5.75,7,5.5],"rotation":270,"texture":"#3","tintindex":0}}},{"from":[7.84552,2.97869,4.84295],"to":[8.84552,4.97869,7.03295],"rotation":{"angle":-22.5,"axis":"z","origin":[8,8,8]},"faces":{"north":{"uv":[8,2,7.75,2.5],"texture":"#3","tintindex":0},"east":{"uv":[6.8125,0.75,6.25,1.25],"texture":"#3","tintindex":0},"south":{"uv":[2.25,7.75,2,8.25],"texture":"#3","tintindex":0},"west":{"uv":[6.5625,5.75,6,6.25],"texture":"#3","tintindex":0},"up":{"uv":[7.5625,6,7,6.25],"rotation":90,"texture":"#3","tintindex":0},"down":{"uv":[7.8125,1,7.25,0.75],"rotation":270,"texture":"#3","tintindex":0}}},{"from":[1.73579,6.83262,4.83795],"to":[2.73579,8.83262,7.03795],"rotation":{"angle":-22.5,"axis":"z","origin":[8,8,8]},"faces":{"north":{"uv":[1.75,7.75,1.5,8.25],"texture":"#3","tintindex":0},"east":{"uv":[6.5625,5,6,5.5],"texture":"#3","tintindex":0},"south":{"uv":[4.5,1.75,4.25,2.25],"texture":"#3","tintindex":0},"west":{"uv":[6.5625,0,6,0.5],"texture":"#3","tintindex":0},"up":{"uv":[7.5625,5,7,5.25],"rotation":90,"texture":"#3","tintindex":0},"down":{"uv":[7.5625,5.75,7,5.5],"rotation":270,"texture":"#3","tintindex":0}}},{"from":[1.45218,10.89689,4.84295],"to":[3.45218,11.89689,7.03295],"rotation":{"angle":22.5,"axis":"z","origin":[8,8,8]},"faces":{"north":{"uv":[8,2,7.75,2.5],"rotation":270,"texture":"#3","tintindex":0},"east":{"uv":[7.5625,6,7,6.25],"rotation":180,"texture":"#3","tintindex":0},"south":{"uv":[2.25,7.75,2,8.25],"rotation":90,"texture":"#3","tintindex":0},"west":{"uv":[7.8125,1,7.25,0.75],"texture":"#3","tintindex":0},"up":{"uv":[6.5625,5.75,6,6.25],"rotation":90,"texture":"#3","tintindex":0},"down":{"uv":[6.8125,0.75,6.25,1.25],"rotation":90,"texture":"#3","tintindex":0}}},{"from":[0.70865,8.89936,5.13795],"to":[2.70865,10.89936,6.73795],"rotation":{"angle":0,"axis":"x","origin":[8,8,8]},"faces":{"north":{"uv":[0.5,6.5,0,7],"rotation":270,"texture":"#3","tintindex":0},"east":{"uv":[1.125,7,0.75,7.5],"rotation":180,"texture":"#3","tintindex":0},"south":{"uv":[5.25,6.25,4.75,6.75],"rotation":90,"texture":"#3","tintindex":0},"west":{"uv":[7.375,2,7,1.5],"texture":"#3","tintindex":0},"up":{"uv":[7.125,6.5,6.75,7],"rotation":90,"texture":"#3","tintindex":0},"down":{"uv":[7.375,0,7,0.5],"rotation":90,"texture":"#3","tintindex":0}}},{"from":[13.26421,6.83262,4.83795],"to":[14.26421,8.83262,7.03795],"rotation":{"angle":22.5,"axis":"z","origin":[8,8,8]},"faces":{"north":{"uv":[1.5,7.75,1.75,8.25],"texture":"#3","tintindex":0},"east":{"uv":[6,0,6.5625,0.5],"texture":"#3","tintindex":0},"south":{"uv":[4.25,1.75,4.5,2.25],"texture":"#3","tintindex":0},"west":{"uv":[6,5,6.5625,5.5],"texture":"#3","tintindex":0},"up":{"uv":[7.5625,5.25,7,5],"rotation":90,"texture":"#3","tintindex":0},"down":{"uv":[7.5625,5.5,7,5.75],"rotation":270,"texture":"#3","tintindex":0}}},{"from":[12.54782,10.89689,4.84295],"to":[14.54782,11.89689,7.03295],"rotation":{"angle":-22.5,"axis":"z","origin":[8,8,8]},"faces":{"north":{"uv":[8,2.5,7.75,2],"rotation":270,"texture":"#3","tintindex":0},"east":{"uv":[7.25,1,7.8125,0.75],"texture":"#3","tintindex":0},"south":{"uv":[2.25,8.25,2,7.75],"rotation":90,"texture":"#3","tintindex":0},"west":{"uv":[7,6,7.5625,6.25],"rotation":180,"texture":"#3","tintindex":0},"up":{"uv":[6.5625,6.25,6,5.75],"rotation":90,"texture":"#3","tintindex":0},"down":{"uv":[6.8125,1.25,6.25,0.75],"rotation":90,"texture":"#3","tintindex":0}}},{"from":[13.29135,8.89936,5.13795],"to":[15.29135,10.89936,6.73795],"rotation":{"angle":0,"axis":"x","origin":[8,8,8]},"faces":{"north":{"uv":[0.5,7,0,6.5],"rotation":270,"texture":"#3","tintindex":0},"east":{"uv":[7,2,7.375,1.5],"texture":"#3","tintindex":0},"south":{"uv":[5.25,6.75,4.75,6.25],"rotation":90,"texture":"#3","tintindex":0},"west":{"uv":[0.75,7,1.125,7.5],"rotation":180,"texture":"#3","tintindex":0},"up":{"uv":[7.125,7,6.75,6.5],"rotation":90,"texture":"#3","tintindex":0},"down":{"uv":[7.375,0.5,7,0],"rotation":90,"texture":"#3","tintindex":0}}}],"gui_light":"front","display":{"thirdperson_righthand":{"rotation":[36,0,0],"translation":[0,1.5,0.75],"scale":[0.48,0.48,0.48]},"thirdperson_lefthand":{"rotation":[68.75,0,0],"translation":[-5.5,-8.75,15.25],"scale":[1.14,1.14,1.14]},"firstperson_righthand":{"rotation":[-180,43.75,-180],"translation":[5.5,0.5,-3.25],"scale":[0.34,0.34,0.34]},"firstperson_lefthand":{"rotation":[0,24,0],"translation":[16.5,0,-3.25],"scale":[0.01,0.01,0.01]},"ground":{"rotation":[-18,0,0],"translation":[-3,10.75,0],"scale":[0.63,0.63,0.63]},"gui":{"rotation":[0,180,0],"translation":[0,1.5,0],"scale":[0.39,0.39,0.39]},"head":{"translation":[0,-57,12.25],"scale":[1.75,1.75,1.75]},"fixed":{"rotation":[0,180,0],"translation":[0,2.25,-6.5],"scale":[2.02,2.02,2.02]}},"USER":"{{USER}}","NONCE":"{{NONCE}}","TIMESTAMP":"{{TIMESTAMP}}","RESOURCE":"{{RESOURCE}}","mcmodels":"599f0ece86de649b0c00f9276abb0f55"}