{"credit":"Made with Blockbench","texture_size":[128,128],"textures":{"1":"crates_expansion:furniture_crate","particle":"crates_expansion:furniture_crate"},"elements":[{"from":[-5,5,0],"to":[21,13,17],"rotation":{"angle":0,"axis":"y","origin":[8,5,8]},"faces":{"north":{"uv":[5.5,6.375,8.75,7.375],"texture":"#1"},"east":{"uv":[6.75,2.75,8.875,3.75],"texture":"#1"},"south":{"uv":[6.75,0,10,1],"texture":"#1"},"west":{"uv":[0,6.875,2.125,7.875],"texture":"#1"},"up":{"uv":[6.75,2.125,3.5,0],"texture":"#1"},"down":{"uv":[6.75,2.125,3.5,4.25],"texture":"#1"}}},{"from":[-6,3,-1],"to":[22,5,18],"rotation":{"angle":0,"axis":"y","origin":[8,5,8]},"faces":{"north":{"uv":[8.75,7.125,12.25,7.375],"texture":"#1"},"east":{"uv":[10.125,1.5,12.5,1.75],"texture":"#1"},"south":{"uv":[9.25,1,12.75,1.25],"texture":"#1"},"west":{"uv":[10.125,1.75,12.5,2],"texture":"#1"},"up":{"uv":[3.5,2.375,0,0],"texture":"#1"},"down":{"uv":[3.5,2.375,0,4.75],"texture":"#1"}}},{"from":[-5,0,0],"to":[-2,3,3],"rotation":{"angle":0,"axis":"y","origin":[8,5,8]},"faces":{"north":{"uv":[2.75,6,3.125,6.375],"texture":"#1"},"east":{"uv":[3.125,6,3.5,6.375],"texture":"#1"},"south":{"uv":[6.5,9.5,6.875,9.875],"texture":"#1"},"west":{"uv":[11.25,8.625,11.625,9],"texture":"#1"},"up":{"uv":[11.75,3.75,11.375,3.375],"texture":"#1"},"down":{"uv":[11.75,3.75,11.375,4.125],"texture":"#1"}}},{"from":[18,0,0],"to":[21,3,3],"rotation":{"angle":0,"axis":"y","origin":[8,5,8]},"faces":{"north":{"uv":[4,11.375,4.375,11.75],"texture":"#1"},"east":{"uv":[4.375,11.375,4.75,11.75],"texture":"#1"},"south":{"uv":[4.75,11.375,5.125,11.75],"texture":"#1"},"west":{"uv":[5.125,11.375,5.5,11.75],"texture":"#1"},"up":{"uv":[5.875,11.75,5.5,11.375],"texture":"#1"},"down":{"uv":[11.75,7.375,11.375,7.75],"texture":"#1"}}},{"from":[18,0,14],"to":[21,3,17],"rotation":{"angle":0,"axis":"y","origin":[8,5,8]},"faces":{"north":{"uv":[0.75,11.5,1.125,11.875],"texture":"#1"},"east":{"uv":[1.125,11.5,1.5,11.875],"texture":"#1"},"south":{"uv":[7.375,11.5,7.75,11.875],"texture":"#1"},"west":{"uv":[7.75,11.5,8.125,11.875],"texture":"#1"},"up":{"uv":[8.5,11.875,8.125,11.5],"texture":"#1"},"down":{"uv":[8.875,11.5,8.5,11.875],"texture":"#1"}}},{"from":[-5,0,14],"to":[-2,3,17],"rotation":{"angle":0,"axis":"y","origin":[8,5,8]},"faces":{"north":{"uv":[11.375,7.75,11.75,8.125],"texture":"#1"},"east":{"uv":[11.375,9.375,11.75,9.75],"texture":"#1"},"south":{"uv":[11.375,9.75,11.75,10.125],"texture":"#1"},"west":{"uv":[11.375,11.25,11.75,11.625],"texture":"#1"},"up":{"uv":[0.375,11.875,0,11.5],"texture":"#1"},"down":{"uv":[0.75,11.5,0.375,11.875],"texture":"#1"}}},{"from":[-3,21,0],"to":[19,23,17],"rotation":{"angle":0,"axis":"y","origin":[8,5,8]},"faces":{"north":{"uv":[9.25,2.125,12,2.375],"texture":"#1"},"east":{"uv":[10.125,5,12.25,5.25],"texture":"#1"},"south":{"uv":[9.25,2.375,12,2.625],"texture":"#1"},"west":{"uv":[0,10.875,2.125,11.125],"texture":"#1"},"up":{"uv":[6.25,6.375,3.5,4.25],"texture":"#1"},"down":{"uv":[2.75,4.75,0,6.875],"texture":"#1"}}},{"from":[-3,13,0],"to":[19,15,17],"rotation":{"angle":0,"axis":"y","origin":[8,5,8]},"faces":{"north":{"uv":[10,0.75,12.75,1],"texture":"#1"},"east":{"uv":[2.125,10.875,4.25,11.125],"texture":"#1"},"south":{"uv":[10.125,1.25,12.875,1.5],"texture":"#1"},"west":{"uv":[4.25,10.875,6.375,11.125],"texture":"#1"},"up":{"uv":[9,6.375,6.25,4.25],"texture":"#1"},"down":{"uv":[5.5,6.375,2.75,8.5],"texture":"#1"}}},{"from":[-1.6,22.8,3.2],"to":[9.8,26.2,14.6],"rotation":{"angle":0,"axis":"y","origin":[8.6,5,7.4]},"faces":{"north":{"uv":[10.875,6.75,12.25,7.125],"texture":"#1"},"east":{"uv":[7.375,10.875,8.75,11.25],"texture":"#1"},"south":{"uv":[8.75,10.875,10.125,11.25],"texture":"#1"},"west":{"uv":[10.125,10.875,11.5,11.25],"texture":"#1"},"up":{"uv":[1.375,9.25,0,7.875],"texture":"#1"},"down":{"uv":[2.75,7.875,1.375,9.25],"texture":"#1"}}},{"from":[-0.4,26,4.4],"to":[8.6,29,13.4],"rotation":{"angle":0,"axis":"y","origin":[8.6,5,7.4]},"faces":{"north":{"uv":[11,0,12.125,0.375],"texture":"#1"},"east":{"uv":[11,0.375,12.125,0.75],"texture":"#1"},"south":{"uv":[11,2.625,12.125,3],"texture":"#1"},"west":{"uv":[11,3,12.125,3.375],"texture":"#1"},"up":{"uv":[8.125,9.875,7,8.75],"texture":"#1"},"down":{"uv":[10.125,4.25,9,5.375],"texture":"#1"}}},{"from":[-2.97115,26,9.13582],"to":[12.02885,30.1,9.13582],"rotation":{"angle":-45,"axis":"y","origin":[4.6,26,8.4]},"faces":{"north":{"uv":[6.75,3.75,8.625,4.25],"texture":"#1"},"east":{"uv":[0,0,0,0.5],"texture":"#1"},"south":{"uv":[9,5.375,10.875,5.875],"texture":"#1"},"west":{"uv":[0,0,0,0.5],"texture":"#1"},"up":{"uv":[1.875,0,0,0],"texture":"#1"},"down":{"uv":[1.875,0,0,0],"texture":"#1"}}},{"from":[-1.4,23,3.4],"to":[9.6,26,14.4],"rotation":{"angle":0,"axis":"y","origin":[8.6,5,7.4]},"faces":{"north":{"uv":[10.875,5.25,12.25,5.625],"texture":"#1"},"east":{"uv":[10.875,5.625,12.25,6],"texture":"#1"},"south":{"uv":[10.875,6,12.25,6.375],"texture":"#1"},"west":{"uv":[10.875,6.375,12.25,6.75],"texture":"#1"},"up":{"uv":[6.875,8.75,5.5,7.375],"texture":"#1"},"down":{"uv":[8.25,7.375,6.875,8.75],"texture":"#1"}}},{"from":[-3.97115,26,8.63582],"to":[11.02885,30.1,8.63582],"rotation":{"angle":45,"axis":"y","origin":[4.6,26,8.4]},"faces":{"north":{"uv":[9,5.875,10.875,6.375],"texture":"#1"},"east":{"uv":[0,0,0,0.5],"texture":"#1"},"south":{"uv":[0,9.25,1.875,9.75],"texture":"#1"},"west":{"uv":[0,0,0,0.5],"texture":"#1"},"up":{"uv":[1.875,0,0,0],"texture":"#1"},"down":{"uv":[1.875,0,0,0],"texture":"#1"}}},{"from":[9,23,7],"to":[16,29,8],"rotation":{"angle":-22.5,"axis":"y","origin":[15,24,10]},"faces":{"north":{"uv":[2,10.125,2.875,10.875],"texture":"#1"},"east":{"uv":[8.875,11.5,9,12.25],"texture":"#1"},"south":{"uv":[2.875,10.125,3.75,10.875],"texture":"#1"},"west":{"uv":[9,11.5,9.125,12.25],"texture":"#1"},"up":{"uv":[10.125,2.75,9.25,2.625],"texture":"#1"},"down":{"uv":[11,2.625,10.125,2.75],"texture":"#1"}}},{"from":[8.9,22.9,6.9],"to":[16.1,29.1,8.1],"rotation":{"angle":-22.5,"axis":"y","origin":[15,24,10]},"faces":{"north":{"uv":[10.125,9.375,11,10.125],"texture":"#1"},"east":{"uv":[11.375,11.625,11.5,12.375],"texture":"#1"},"south":{"uv":[10.125,10.125,11,10.875],"texture":"#1"},"west":{"uv":[11.5,11.625,11.625,12.375],"texture":"#1"},"up":{"uv":[12.25,4.25,11.375,4.125],"texture":"#1"},"down":{"uv":[12.25,8.125,11.375,8.25],"texture":"#1"}}},{"from":[11.4,21.54552,8.4],"to":[14.4,27.54552,9.4],"rotation":{"angle":-22.5,"axis":"x","origin":[15,24,10]},"faces":{"north":{"uv":[1.75,11.125,2.125,11.875],"texture":"#1"},"east":{"uv":[9.125,11.5,9.25,12.25],"texture":"#1"},"south":{"uv":[2.125,11.125,2.5,11.875],"texture":"#1"},"west":{"uv":[9.25,11.5,9.375,12.25],"texture":"#1"},"up":{"uv":[2.5,7.875,2.125,7.75],"texture":"#1"},"down":{"uv":[5.25,8.5,4.875,8.625],"texture":"#1"}}},{"from":[7,15,0],"to":[9,21,17],"rotation":{"angle":0,"axis":"y","origin":[8,5,8]},"faces":{"north":{"uv":[2.5,6.875,2.75,7.625],"texture":"#1"},"east":{"uv":[2.75,8.5,4.875,9.25],"texture":"#1"},"south":{"uv":[6,11.125,6.25,11.875],"texture":"#1"},"west":{"uv":[8.25,8.625,10.375,9.375],"texture":"#1"}}},{"from":[17,15,0],"to":[19,21,17],"rotation":{"angle":0,"axis":"y","origin":[8,5,8]},"faces":{"north":{"uv":[9.375,11.25,9.625,12],"texture":"#1"},"east":{"uv":[4.875,8.75,7,9.5],"texture":"#1"},"south":{"uv":[9.625,11.25,9.875,12],"texture":"#1"},"west":{"uv":[8.75,6.375,10.875,7.125],"texture":"#1"},"up":{"uv":[6.625,12.75,6.375,10.625],"texture":"#1"},"down":{"uv":[6.875,10.625,6.625,12.75],"texture":"#1"}}},{"from":[-3,15,0],"to":[-1,21,17],"rotation":{"angle":0,"axis":"y","origin":[8,5,8]},"faces":{"north":{"uv":[10.375,11.25,10.625,12],"texture":"#1"},"east":{"uv":[8.875,2.75,11,3.5],"texture":"#1"},"south":{"uv":[10.625,11.25,10.875,12],"texture":"#1"},"west":{"uv":[8.875,3.5,11,4.25],"texture":"#1"},"up":{"uv":[7.125,12.75,6.875,10.625],"texture":"#1"},"down":{"uv":[7.375,10.625,7.125,12.75],"texture":"#1"}}},{"from":[-1,15,7],"to":[7,21,9],"rotation":{"angle":0,"axis":"y","origin":[8,5,8]},"faces":{"north":{"uv":[8.125,9.375,9.125,10.125],"texture":"#1"},"south":{"uv":[9.125,9.375,10.125,10.125],"texture":"#1"}}},{"from":[9,15,7],"to":[17,21,9],"rotation":{"angle":0,"axis":"y","origin":[8,5,8]},"faces":{"north":{"uv":[0,9.75,1,10.5],"texture":"#1"},"south":{"uv":[6.5,9.875,7.5,10.625],"texture":"#1"}}},{"from":[-1,15,14],"to":[7,21,16],"rotation":{"angle":0,"axis":"y","origin":[8,5,8]},"faces":{"north":{"uv":[4.5,9.5,5.5,10.25],"texture":"#1"},"east":{"uv":[9.875,11.25,10.125,12],"texture":"#1"},"south":{"uv":[5.5,9.5,6.5,10.25],"texture":"#1"},"west":{"uv":[10.125,11.25,10.375,12],"texture":"#1"},"up":{"uv":[5,11.375,4,11.125],"texture":"#1"},"down":{"uv":[6,11.125,5,11.375],"texture":"#1"}}},{"from":[9,15,14],"to":[17,21,16],"rotation":{"angle":0,"axis":"y","origin":[8,5,8]},"faces":{"north":{"uv":[10,0,11,0.75],"texture":"#1"},"east":{"uv":[10.875,11.25,11.125,12],"texture":"#1"},"south":{"uv":[1,10.125,2,10.875],"texture":"#1"},"west":{"uv":[11.125,11.25,11.375,12],"texture":"#1"},"up":{"uv":[8.375,11.5,7.375,11.25],"texture":"#1"},"down":{"uv":[9.375,11.25,8.375,11.5],"texture":"#1"}}},{"from":[10.5,15.3,1],"to":[13.5,21.3,8],"rotation":{"angle":22.5,"axis":"z","origin":[13,15,8]},"faces":{"north":{"uv":[2.5,11.125,2.875,11.875],"texture":"#1"},"east":{"uv":[10.125,4.25,11,5],"texture":"#1"},"south":{"uv":[2.875,11.125,3.25,11.875],"texture":"#1"},"west":{"uv":[7.5,10.125,8.375,10.875],"texture":"#1"},"up":{"uv":[2.5,7.75,2.125,6.875],"texture":"#1"},"down":{"uv":[11.375,3.375,11,4.25],"texture":"#1"}}},{"from":[13.4,15,-0.6],"to":[16.4,21,6.4],"rotation":{"angle":0,"axis":"y","origin":[8,5,8]},"faces":{"north":{"uv":[3.25,11.125,3.625,11.875],"texture":"#1"},"east":{"uv":[8.375,10.125,9.25,10.875],"texture":"#1"},"south":{"uv":[3.625,11.125,4,11.875],"texture":"#1"},"west":{"uv":[9.25,10.125,10.125,10.875],"texture":"#1"},"up":{"uv":[11.375,8.25,11,7.375],"texture":"#1"},"down":{"uv":[11.375,9.375,11,10.25],"texture":"#1"}}},{"from":[0,15,-1],"to":[7,18,6],"rotation":{"angle":0,"axis":"y","origin":[8,5,8]},"faces":{"north":{"uv":[1,9.75,1.875,10.125],"texture":"#1"},"east":{"uv":[0,10.5,0.875,10.875],"texture":"#1"},"south":{"uv":[11,4.25,11.875,4.625],"texture":"#1"},"west":{"uv":[11,4.625,11.875,5],"texture":"#1"},"up":{"uv":[10.125,2.125,9.25,1.25],"texture":"#1"},"down":{"uv":[2.75,9.25,1.875,10.125],"texture":"#1"}}},{"from":[-1,18,-1.5],"to":[6,21,5.5],"rotation":{"angle":0,"axis":"y","origin":[8,5,8]},"faces":{"north":{"uv":[11,8.25,11.875,8.625],"texture":"#1"},"east":{"uv":[11,10.25,11.875,10.625],"texture":"#1"},"south":{"uv":[0,11.125,0.875,11.5],"texture":"#1"},"west":{"uv":[0.875,11.125,1.75,11.5],"texture":"#1"},"up":{"uv":[3.625,10.125,2.75,9.25],"texture":"#1"},"down":{"uv":[4.5,9.25,3.625,10.125],"texture":"#1"}}},{"from":[-3,6,-1],"to":[19,11,0],"rotation":{"angle":0,"axis":"y","origin":[8,10,5]},"faces":{"north":{"uv":[8.25,7.375,11,8],"texture":"#1"},"east":{"uv":[8.125,8.75,8.25,9.375],"texture":"#1"},"south":{"uv":[8.25,8,11,8.625],"texture":"#1"},"west":{"uv":[11.625,11.625,11.75,12.25],"texture":"#1"},"up":{"uv":[12.875,2.125,10.125,2],"texture":"#1"},"down":{"uv":[13.125,9.25,10.375,9.375],"texture":"#1"}}},{"from":[-2,6,0],"to":[18,7,7],"rotation":{"angle":0,"axis":"y","origin":[8,10,5]},"faces":{"north":{"uv":[11,10.625,13.5,10.75],"texture":"#1"},"east":{"uv":[11.25,9,12.125,9.125],"texture":"#1"},"south":{"uv":[11,10.75,13.5,10.875],"texture":"#1"},"west":{"uv":[11.25,9.125,12.125,9.25],"texture":"#1"},"up":{"uv":[9.25,1.875,6.75,1],"texture":"#1"},"down":{"uv":[9.25,1.875,6.75,2.75],"texture":"#1"}}},{"from":[18,6,0],"to":[19,11,7],"rotation":{"angle":0,"axis":"y","origin":[8,10,5]},"faces":{"north":{"uv":[11.75,3.375,11.875,4],"texture":"#1"},"east":{"uv":[3.75,10.25,4.625,10.875],"texture":"#1"},"south":{"uv":[4,11.75,4.125,12.375],"texture":"#1"},"west":{"uv":[4.625,10.25,5.5,10.875],"texture":"#1"},"up":{"uv":[6.375,12,6.25,11.125],"texture":"#1"},"down":{"uv":[6,11.375,5.875,12.25],"texture":"#1"}}},{"from":[5,2.53233,-1.40119],"to":[11,7.53233,-0.40119],"rotation":{"angle":22.5,"axis":"x","origin":[8,10,5]},"faces":{"north":{"uv":[2.75,4.75,3.5,5.375],"texture":"#1"},"east":{"uv":[4.125,11.75,4.25,12.375],"texture":"#1"},"south":{"uv":[2.75,5.375,3.5,6],"texture":"#1"},"west":{"uv":[4.25,11.75,4.375,12.375],"texture":"#1"},"up":{"uv":[4.5,10.25,3.75,10.125],"texture":"#1"},"down":{"uv":[10.875,5.25,10.125,5.375],"texture":"#1"}}},{"from":[-3,6,0],"to":[-2,11,7],"rotation":{"angle":0,"axis":"y","origin":[8,10,5]},"faces":{"north":{"uv":[4.375,11.75,4.5,12.375],"texture":"#1"},"east":{"uv":[5.5,10.25,6.375,10.875],"texture":"#1"},"south":{"uv":[4.5,11.75,4.625,12.375],"texture":"#1"},"west":{"uv":[10.375,8.625,11.25,9.25],"texture":"#1"},"up":{"uv":[1.625,12.375,1.5,11.5],"texture":"#1"},"down":{"uv":[1.75,11.5,1.625,12.375],"texture":"#1"}}}],"display":{"thirdperson_righthand":{"rotation":[40,40,0],"scale":[0.2,0.2,0.2]},"thirdperson_lefthand":{"rotation":[40,40,0],"scale":[0.2,0.2,0.2]},"firstperson_righthand":{"scale":[0.4,0.4,0.4]},"firstperson_lefthand":{"scale":[0.4,0.4,0.4]},"ground":{"scale":[0.3,0.3,0.3]},"gui":{"rotation":[28,-145,0],"translation":[0.25,-1.5,0],"scale":[0.35,0.35,0.35]},"head":{"translation":[0,-29,0],"scale":[1.75,1.75,1.75]},"fixed":{"rotation":[-90,0,0],"translation":[0,0,-16],"scale":[2,2,2]}}}