{"textures":{"0":"modelengine:entity/void_beholder","particle":"#0"},"elements":[{"from":[6.0,1.000001,-12.75],"to":[10.0,7.0,9.25],"faces":{"east":{"uv":[11.5,9.875,8.75,10.625],"tintindex":0,"rotation":0,"texture":"#0"},"south":{"uv":[5.875,13.0,5.375,13.75],"tintindex":0,"rotation":0,"texture":"#0"},"north":{"uv":[1.125,12.5,0.625,13.25],"tintindex":0,"rotation":0,"texture":"#0"},"west":{"uv":[8.75,9.875,11.5,10.625],"tintindex":0,"rotation":0,"texture":"#0"},"up":{"uv":[12.375,6.75,12.875,4.0],"tintindex":0,"rotation":0,"texture":"#0"},"down":{"uv":[12.375,4.0,12.875,6.75],"tintindex":0,"rotation":0,"texture":"#0"}},"rotation":{"origin":[8.0,4.000001,-1.75],"angle":-22.5,"axis":"x"}}],"display":{"head":{"rotation":[0.0,0.0,0.0]},"firstperson_righthand":{"rotation":[0.0,0.0,0.0]},"thirdperson_lefthand":{"rotation":[0.0,-0.0,-0.0]},"firstperson_lefthand":{"rotation":[0.0,-0.0,-0.0]},"fixed":{"rotation":[0.0,0.0,0.0]},"ground":{"rotation":[0.0,0.0,0.0]},"thirdperson_righthand":{"rotation":[0.0,0.0,0.0]},"gui":{"rotation":[-150.0,-45.0,180.0]}}}