{"elements":[{"from":[5.6980963,-4.036042,4.9480104],"to":[10.529227,8.599222,11.637268],"rotation":{"angle":45.0,"axis":"x","origin":[7.7420363,7.8264775,8.29264]},"faces":{"east":{"uv":[8.75,4.75,9.3125,5.8125],"rotation":0,"texture":"#0","tintindex":0},"south":{"uv":[9.5,3.0,9.90625,4.0625],"rotation":0,"texture":"#0","tintindex":0},"north":{"uv":[9.4375,9.375,9.84375,10.4375],"rotation":0,"texture":"#0","tintindex":0},"west":{"uv":[8.75,5.8125,9.3125,6.875],"rotation":0,"texture":"#0","tintindex":0},"up":{"uv":[11.53125,1.4375,11.125,0.875],"rotation":0,"texture":"#0","tintindex":0},"down":{"uv":[11.53125,10.625,11.125,11.1875],"rotation":0,"texture":"#0","tintindex":0}}},{"from":[6.4413476,-4.213007,2.374867],"to":[9.785976,0.98974943,12.037128],"rotation":{"angle":0.0,"axis":"y","origin":[7.7420363,-1.6116285,2.3938231]},"faces":{"east":{"uv":[8.8125,9.5625,9.25,10.375],"rotation":90,"texture":"#0","tintindex":0},"south":{"uv":[12.15625,5.375,11.875,5.8125],"rotation":0,"texture":"#0","tintindex":0},"north":{"uv":[12.09375,11.6875,11.8125,11.25],"rotation":180,"texture":"#0","tintindex":0},"west":{"uv":[9.875,5.4375,10.3125,6.25],"rotation":270,"texture":"#0","tintindex":0},"up":{"uv":[10.4375,11.125,10.71875,11.9375],"rotation":0,"texture":"#0","tintindex":0},"down":{"uv":[8.6875,11.0625,8.96875,11.875],"rotation":180,"texture":"#0","tintindex":0}}},{"from":[7.6161942,4.2014294,-5.618741],"to":[7.6161942,5.3163056,-2.2741117],"rotation":{"angle":45.0,"axis":"x","origin":[1.3483348,1.2921925,-3.114543]},"faces":{"east":{"uv":[12.375,5.375,12.65625,5.46875],"rotation":0,"texture":"#0","tintindex":0},"south":{"uv":[0.0,0.0,0.0,0.09375],"rotation":0,"texture":"#0","tintindex":0},"north":{"uv":[0.0,0.0,0.0,0.09375],"rotation":0,"texture":"#0","tintindex":0},"west":{"uv":[12.65625,4.1875,12.375,4.28125],"rotation":0,"texture":"#0","tintindex":0},"up":{"uv":[0.0,0.28125,0.0,0.0],"rotation":0,"texture":"#0","tintindex":0},"down":{"uv":[0.0,0.0,0.0,0.28125],"rotation":0,"texture":"#0","tintindex":0}}},{"from":[7.616212,3.5425997,-4.548197],"to":[7.616212,4.6574764,-1.2035675],"rotation":{"angle":22.5,"axis":"x","origin":[-13.5228,2.3857522,-5.7330256]},"faces":{"east":{"uv":[12.375,2.8125,12.65625,2.90625],"rotation":0,"texture":"#0","tintindex":0},"south":{"uv":[0.0,0.0,0.0,0.09375],"rotation":0,"texture":"#0","tintindex":0},"north":{"uv":[0.0,0.0,0.0,0.09375],"rotation":0,"texture":"#0","tintindex":0},"west":{"uv":[12.65625,4.1875,12.375,4.28125],"rotation":0,"texture":"#0","tintindex":0},"up":{"uv":[0.0,0.28125,0.0,0.0],"rotation":0,"texture":"#0","tintindex":0},"down":{"uv":[0.0,0.0,0.0,0.28125],"rotation":0,"texture":"#0","tintindex":0}}},{"from":[7.6161942,1.0418053,-3.061695],"to":[7.6161942,2.156682,0.2829337],"rotation":{"angle":22.5,"axis":"x","origin":[5.905773,1.8143239,-3.6750956]},"faces":{"east":{"uv":[12.375,4.1875,12.65625,4.28125],"rotation":0,"texture":"#0","tintindex":0},"south":{"uv":[0.0,0.0,0.0,0.09375],"rotation":0,"texture":"#0","tintindex":0},"north":{"uv":[0.0,0.0,0.0,0.09375],"rotation":0,"texture":"#0","tintindex":0},"west":{"uv":[12.65625,4.1875,12.375,4.28125],"rotation":0,"texture":"#0","tintindex":0},"up":{"uv":[0.0,0.28125,0.0,0.0],"rotation":0,"texture":"#0","tintindex":0},"down":{"uv":[0.0,0.0,0.0,0.28125],"rotation":0,"texture":"#0","tintindex":0}}},{"from":[7.6161942,-1.8104296,-2.1532793],"to":[7.6161942,-0.6955528,1.19135],"rotation":{"angle":0.0,"axis":"y","origin":[8.205478,7.0436406,-18.742918]},"faces":{"east":{"uv":[12.375,4.4375,12.65625,4.53125],"rotation":0,"texture":"#0","tintindex":0},"south":{"uv":[0.0,0.0,0.0,0.09375],"rotation":0,"texture":"#0","tintindex":0},"north":{"uv":[0.0,0.0,0.0,0.09375],"rotation":0,"texture":"#0","tintindex":0},"west":{"uv":[12.65625,4.1875,12.375,4.28125],"rotation":0,"texture":"#0","tintindex":0},"up":{"uv":[0.0,0.28125,0.0,0.0],"rotation":0,"texture":"#0","tintindex":0},"down":{"uv":[0.0,0.0,0.0,0.28125],"rotation":0,"texture":"#0","tintindex":0}}}],"textures":{"0":"modelengine:entity/cursed_dragon"},"display":{"head":{"translation":[0.0,-6.4,0.0],"scale":[4.0,4.0,4.0]}}}