{"textures​":{"layer0":"minecraft:item/breeze_spawn_egg"},"credit":"by w11shes","texture_size":[64,64],"\u0074\u0065\u0078\u0074\u0075\u0072\u0065\u0073":{"1":"\u0065\u006c\u0069\u0074\u0065\u0063\u0072\u0065\u0061\u0074\u0075\u0072\u0065\u0073:\u0070\u0069\u006c\u0067\u0072\u0069\u006d_\u0061\u0073\u0073\u006f\u0072\u0074\u006d\u0065\u006e\u0074/\u0070\u0069\u006c\u0067\u0072\u0069\u006d_\u0063\u006c\u006f\u0061\u006b","\u0070\u0061\u0072\u0074\u0069\u0063\u006c\u0065":"#1"},"elements":[{"from":[3.25,-15.85937,16.21727],"to":[12.75,-6.35937,19.71727],"rotation":{"angle":-22.5,"axis":"x","origin":[8.25,-6.35937,16.21727]},"faces":{"north":{"uv":[14.25,2.25,15.5,4],"texture":"#1"},"east":{"uv":[1.75,4.75,0,9.5],"texture":"#1"},"south":{"uv":[0,0,4.75,4.75],"texture":"#1"},"west":{"uv":[0,4.75,1.75,9.5],"texture":"#1"},"up":{"uv":[9.5,1.75,4.75,0],"texture":"#1"},"down":{"uv":[14.25,2.25,15.5,4],"texture":"#1"}}},{"from":[12.75,-4.91308,26.98825],"to":[3.25,-14.41308,23.48825],"rotation":{"angle":-22.5,"axis":"x","origin":[-1.75,-23.91308,23.48825]},"faces":{"north":{"uv":[0,4.75,4.75,0],"texture":"#1"},"east":{"uv":[0,9.5,1.75,4.75],"texture":"#1"},"south":{"uv":[1.5,11.25,3,12.5],"texture":"#1"},"west":{"uv":[1.75,9.5,0,4.75],"texture":"#1"},"up":{"uv":[1.5,11.25,3,12.5],"texture":"#1"},"down":{"uv":[4.75,1.75,9.5,0],"texture":"#1"}}},{"from":[5.5,-8.35937,15.21727],"to":[10.5,-6.35937,19.21727],"rotation":{"angle":0,"axis":"y","origin":[8,-18.85937,17.21727]},"faces":{"north":{"uv":[4.75,3.75,7.25,4.75],"texture":"#1"},"east":{"uv":[6.25,5.75,4.25,6.75],"texture":"#1"},"south":{"uv":[4.25,4.75,6.75,5.75],"texture":"#1"},"west":{"uv":[4.25,5.75,6.25,6.75],"texture":"#1"},"up":{"uv":[4.25,6.75,1.75,4.75],"texture":"#1"},"down":{"uv":[7.25,1.75,4.75,3.75],"texture":"#1"}}}],"gui_light":"front","display":{"thirdperson_righthand":{"rotation":[55,0,0],"translation":[0,2,1.75],"scale":[0.4,0.4,0.4]},"thirdperson_lefthand":{"rotation":[77,0,0],"translation":[-5.5,-6.25,2.25]},"firstperson_righthand":{"rotation":[0,134,0],"translation":[10,-4,-17.5]},"firstperson_lefthand":{"scale":[0,0,0]},"ground":{"rotation":[-2,0,0],"translation":[0,0.5,-1.25],"scale":[0.6,0.6,0.6]},"gui":{"rotation":[0,148,0],"translation":[-0.25,-3,0],"scale":[0.6,0.6,0.6]},"head":{"rotation":[6,0,0],"translation":[0,-51,-25],"scale":[3.2,3.2,3.2]},"fixed":{"translation":[0,-4.75,-9.75],"scale":[1.4,1.4,1.4]}},"mcmodels":"f2351d9627ce4cac843e30f99dfafb0b"}