{"textures":{"0":"modelengine:entity/end_scuttler"},"elements":[{"from":[7.0,7.5,6.5],"to":[11.0,9.5,6.5],"faces":{"south":{"uv":[4.625,7.5,4.125,7.75],"tintindex":-2,"rotation":0,"texture":"#0"},"north":{"uv":[4.125,7.5,4.625,7.75],"tintindex":-2,"rotation":0,"texture":"#0"}}},{"from":[7.0,7.5,6.5],"to":[7.0,9.5,12.5],"faces":{"east":{"uv":[11.5,1.5,10.75,1.75],"tintindex":-2,"rotation":0,"texture":"#0"},"west":{"uv":[10.75,1.5,11.5,1.75],"tintindex":-2,"rotation":0,"texture":"#0"}}}],"display":{"gui":{"rotation":[30,225,0]}}}