{"textures":{"0":"modelengine:entity/end_scuttler"},"elements":[{"from":[4.3418274,4.27073,8.0],"to":[16.341827,11.27073,25.0],"faces":{"east":{"uv":[1.875,7.0,4.0,7.875],"tintindex":-2,"rotation":0,"texture":"#0"},"south":{"uv":[8.25,1.0,9.75,1.875],"tintindex":-2,"rotation":0,"texture":"#0"},"north":{"uv":[8.25,0.0,9.75,0.875],"tintindex":-2,"rotation":0,"texture":"#0"},"west":{"uv":[7.25,2.25,9.375,3.125],"tintindex":-2,"rotation":0,"texture":"#0"},"up":{"uv":[4.75,5.375,3.25,3.25],"tintindex":-2,"rotation":0,"texture":"#0"},"down":{"uv":[5.25,0.0,3.75,2.125],"tintindex":-2,"rotation":0,"texture":"#0"}}}],"display":{"gui":{"rotation":[30,225,0]}}}