{"textures":{"0":"modelengine:entity/whaleshark","particle":"#0"},"elements":[{"from":[7.3543186,6.909327,-3.0352116],"to":[24.005058,9.210806,10.883509],"faces":{"east":{"uv":[11.4375,7.875,10.5625,8.125],"tintindex":0,"rotation":0,"texture":"#0"},"south":{"uv":[10.125,5.8125,11.375,6.0625],"tintindex":0,"rotation":0,"texture":"#0"},"north":{"uv":[10.0625,1.875,11.3125,2.125],"tintindex":0,"rotation":0,"texture":"#0"},"west":{"uv":[10.5625,7.875,11.4375,8.125],"tintindex":0,"rotation":0,"texture":"#0"},"up":{"uv":[8.5625,9.4375,9.9375,8.5625],"tintindex":0,"rotation":0,"texture":"#0"},"down":{"uv":[9.9375,0.625,8.6875,1.5],"tintindex":0,"rotation":0,"texture":"#0"}}}],"display":{"head":{"rotation":[0.0,0.0,0.0]},"firstperson_righthand":{"rotation":[0.0,0.0,0.0]},"thirdperson_lefthand":{"rotation":[0.0,-0.0,-0.0]},"firstperson_lefthand":{"rotation":[0.0,-0.0,-0.0]},"fixed":{"rotation":[0.0,0.0,0.0]},"ground":{"rotation":[0.0,0.0,0.0]},"thirdperson_righthand":{"rotation":[0.0,0.0,0.0]},"gui":{"rotation":[-150.0,-45.0,180.0]}}}