{"textures":{"0":"modelengine:entity/whaleshark","particle":"#0"},"elements":[{"from":[-9.69281,6.1294713,2.8996363],"to":[8.95793,8.430949,16.818356],"faces":{"east":{"uv":[11.4375,7.875,10.5625,8.125],"tintindex":0,"rotation":0,"texture":"#0"},"south":{"uv":[9.9375,7.625,11.3125,7.875],"tintindex":0,"rotation":0,"texture":"#0"},"north":{"uv":[11.3125,1.875,10.0625,2.125],"tintindex":0,"rotation":0,"texture":"#0"},"west":{"uv":[5.5625,10.5625,6.4375,10.8125],"tintindex":0,"rotation":0,"texture":"#0"},"up":{"uv":[9.9375,9.4375,8.5625,8.5625],"tintindex":0,"rotation":0,"texture":"#0"},"down":{"uv":[8.6875,0.625,9.9375,1.5],"tintindex":0,"rotation":0,"texture":"#0"}}}],"display":{"head":{"rotation":[0.0,0.0,0.0]},"firstperson_righthand":{"rotation":[0.0,0.0,0.0]},"thirdperson_lefthand":{"rotation":[0.0,-0.0,-0.0]},"firstperson_lefthand":{"rotation":[0.0,-0.0,-0.0]},"fixed":{"rotation":[0.0,0.0,0.0]},"ground":{"rotation":[0.0,0.0,0.0]},"thirdperson_righthand":{"rotation":[0.0,0.0,0.0]},"gui":{"rotation":[-150.0,-45.0,180.0]}}}