{"textures":{"0":"modelengine:entity/whaleshark","particle":"#0"},"elements":[{"from":[7.369112,1.9571443,9.9963875],"to":[9.400473,10.842745,22.236229],"faces":{"east":{"uv":[5.125,7.3125,3.625,8.4375],"tintindex":0,"rotation":0,"texture":"#0"},"south":{"uv":[9.875,10.25,10.125,11.375],"tintindex":0,"rotation":0,"texture":"#0"},"north":{"uv":[9.625,10.25,9.875,11.375],"tintindex":0,"rotation":0,"texture":"#0"},"west":{"uv":[3.625,7.3125,5.125,8.4375],"tintindex":0,"rotation":0,"texture":"#0"},"up":{"uv":[4.1875,11.6875,3.9375,10.1875],"tintindex":0,"rotation":0,"texture":"#0"},"down":{"uv":[4.4375,10.1875,4.1875,11.6875],"tintindex":0,"rotation":0,"texture":"#0"}},"rotation":{"origin":[-21.7008,9.805599,3.0295982],"angle":-22.5,"axis":"x"}},{"from":[0.9258232,1.446456,7.771641],"to":[16.166515,14.187145,16.10228],"faces":{"east":{"uv":[8.6875,1.0625,7.625,2.625],"tintindex":0,"rotation":0,"texture":"#0"},"south":{"uv":[7.5,7.125,5.875,8.1875],"tintindex":0,"rotation":0,"texture":"#0"},"north":{"uv":[4.75,0.0,6.625,1.5625],"tintindex":0,"rotation":0,"texture":"#0"},"west":{"uv":[7.625,1.0625,8.6875,2.625],"tintindex":0,"rotation":0,"texture":"#0"},"up":{"uv":[8.5,1.0625,6.625,0.0],"tintindex":0,"rotation":0,"texture":"#0"},"down":{"uv":[8.625,3.0,6.75,4.0625],"tintindex":0,"rotation":0,"texture":"#0"}}},{"from":[2.0633845,3.0840178,15.985889],"to":[15.028948,12.184511,27.451458],"faces":{"east":{"uv":[9.3125,5.1875,7.875,6.3125],"tintindex":0,"rotation":0,"texture":"#0"},"south":{"uv":[5.875,7.0625,7.5,8.1875],"tintindex":0,"rotation":0,"texture":"#0"},"north":{"uv":[6.75,4.0625,8.375,5.1875],"tintindex":0,"rotation":0,"texture":"#0"},"west":{"uv":[7.875,5.1875,9.3125,6.3125],"tintindex":0,"rotation":0,"texture":"#0"},"up":{"uv":[7.625,3.0,6.0,1.5625],"tintindex":0,"rotation":0,"texture":"#0"},"down":{"uv":[3.625,6.25,2.0,7.6875],"tintindex":0,"rotation":0,"texture":"#0"}}},{"from":[7.369112,4.9571443,17.496387],"to":[9.400473,10.342745,23.736229],"faces":{"east":{"uv":[6.75,5.1875,7.5,5.875],"tintindex":0,"rotation":0,"texture":"#0"},"south":{"uv":[6.5,10.8125,6.75,11.5],"tintindex":0,"rotation":0,"texture":"#0"},"north":{"uv":[9.1875,10.75,9.4375,11.4375],"tintindex":0,"rotation":0,"texture":"#0"},"west":{"uv":[9.9375,6.9375,10.6875,7.625],"tintindex":0,"rotation":0,"texture":"#0"},"up":{"uv":[2.6875,11.0625,2.4375,10.3125],"tintindex":0,"rotation":0,"texture":"#0"},"down":{"uv":[10.9375,4.8125,10.6875,5.5625],"tintindex":0,"rotation":0,"texture":"#0"}},"rotation":{"origin":[-21.7008,9.305599,10.529598],"angle":22.5,"axis":"x"}}],"display":{"head":{"rotation":[0.0,0.0,0.0]},"firstperson_righthand":{"rotation":[0.0,0.0,0.0]},"thirdperson_lefthand":{"rotation":[0.0,-0.0,-0.0]},"firstperson_lefthand":{"rotation":[0.0,-0.0,-0.0]},"fixed":{"rotation":[0.0,0.0,0.0]},"ground":{"rotation":[0.0,0.0,0.0]},"thirdperson_righthand":{"rotation":[0.0,0.0,0.0]},"gui":{"rotation":[-150.0,-45.0,180.0]}}}