{"textures​":{"0":"\u006d\u006f\u0064\u0065\u006c\u0065\u006e\u0067\u0069\u006e\u0065:\u0065\u006e\u0074\u0069\u0074\u0079/\u0074\u0065\u0078\u0074\u0075\u0072\u0065","\u0070\u0061\u0072\u0074\u0069\u0063\u006c\u0065":"#0"},"\u0074\u0065\u0078\u0074\u0075\u0072\u0065\u0073":{"0":"\u006d\u006f\u0064\u0065\u006c\u0065\u006e\u0067\u0069\u006e\u0065:\u0065\u006e\u0074\u0069\u0074\u0079/\u0074\u0065\u0078\u0074\u0075\u0072\u0065","\u0070\u0061\u0072\u0074\u0069\u0063\u006c\u0065":"#0"},"elements":[{"from":[2.0,5.5,2.0],"to":[14.0,10.5,14.0],"faces":{"east":{"uv":[9.25,9.25,10.75,9.875],"tintindex":0,"rotation":0,"texture":"#0"},"south":{"uv":[1.125,9.375,2.625,10.0],"tintindex":0,"rotation":0,"texture":"#0"},"north":{"uv":[9.25,8.625,10.75,9.25],"tintindex":0,"rotation":0,"texture":"#0"},"west":{"uv":[2.625,9.375,4.125,10.0],"tintindex":0,"rotation":0,"texture":"#0"},"up":{"uv":[7.625,3.375,6.125,1.875],"tintindex":0,"rotation":0,"texture":"#0"},"down":{"uv":[7.75,0.0,6.25,1.5],"tintindex":0,"rotation":0,"texture":"#0"}}},{"from":[1.8,5.3,1.8],"to":[14.2,10.7,14.2],"faces":{"east":{"uv":[9.625,5.75,11.125,6.375],"tintindex":0,"rotation":0,"texture":"#0"},"south":{"uv":[9.25,9.875,10.75,10.5],"tintindex":0,"rotation":0,"texture":"#0"},"north":{"uv":[9.625,5.125,11.125,5.75],"tintindex":0,"rotation":0,"texture":"#0"},"west":{"uv":[0.0,10.0,1.5,10.625],"tintindex":0,"rotation":0,"texture":"#0"},"up":{"uv":[8.875,6.375,7.375,4.875],"tintindex":0,"rotation":0,"texture":"#0"},"down":{"uv":[9.125,1.5,7.625,3.0],"tintindex":0,"rotation":0,"texture":"#0"}}}],"display":{"head":{"rotation":[0.0,0.0,0.0]},"firstperson_righthand":{"rotation":[0.0,0.0,0.0]},"thirdperson_lefthand":{"rotation":[0.0,0.0,0.0]},"firstperson_lefthand":{"rotation":[0.0,0.0,0.0]},"fixed":{"rotation":[0.0,0.0,0.0]},"ground":{"rotation":[0.0,0.0,0.0]},"thirdperson_righthand":{"rotation":[0.0,0.0,0.0]},"gui":{"rotation":[-150.0,-45.0,180.0]}},"gui_light":"front"}