{"textures​":{"layer0":"minecraft:item/glow_lichen"},"\u0074\u0065\u0078\u0074\u0075\u0072\u0065\u0073":{"0":"\u006d\u006f\u0064\u0065\u006c\u0065\u006e\u0067\u0069\u006e\u0065:\u0065\u006e\u0074\u0069\u0074\u0079/\u0074\u0065\u0078\u0074\u0075\u0072\u0065","\u0070\u0061\u0072\u0074\u0069\u0063\u006c\u0065":"#0"},"elements":[{"from":[5.0,6.0,-4.0],"to":[11.0,10.0,8.0],"faces":{"east":{"uv":[10.0,7.0,11.5,7.5],"tintindex":0,"rotation":0,"texture":"#0"},"south":{"uv":[10.375,4.0,11.125,4.5],"tintindex":0,"rotation":0,"texture":"#0"},"north":{"uv":[7.5,9.625,8.25,10.125],"tintindex":0,"rotation":0,"texture":"#0"},"west":{"uv":[7.5,10.125,9.0,10.625],"tintindex":0,"rotation":0,"texture":"#0"},"up":{"uv":[9.25,10.125,8.5,8.625],"tintindex":0,"rotation":0,"texture":"#0"},"down":{"uv":[9.625,0.0,8.875,1.5],"tintindex":0,"rotation":0,"texture":"#0"}}},{"from":[4.8,5.8,-4.2],"to":[11.2,10.2,8.2],"faces":{"east":{"uv":[3.0,10.25,4.5,10.75],"tintindex":0,"rotation":0,"texture":"#0"},"south":{"uv":[0.75,11.375,1.5,11.875],"tintindex":0,"rotation":0,"texture":"#0"},"north":{"uv":[0.0,11.375,0.75,11.875],"tintindex":0,"rotation":0,"texture":"#0"},"west":{"uv":[4.5,10.25,6.0,10.75],"tintindex":0,"rotation":0,"texture":"#0"},"up":{"uv":[9.625,6.0,8.875,4.5],"tintindex":0,"rotation":0,"texture":"#0"},"down":{"uv":[7.5,8.875,6.75,10.375],"tintindex":0,"rotation":0,"texture":"#0"}}},{"from":[2.0,8.0,-4.0],"to":[14.0,8.0,8.0],"faces":{"up":{"uv":[8.25,8.125,6.75,6.625],"tintindex":0,"rotation":0,"texture":"#0"},"down":{"uv":[3.0,7.125,1.5,8.625],"tintindex":0,"rotation":0,"texture":"#0"}}}],"display":{"head":{"rotation":[0.0,0.0,0.0]},"firstperson_righthand":{"rotation":[0.0,0.0,0.0]},"thirdperson_lefthand":{"rotation":[0.0,0.0,0.0]},"firstperson_lefthand":{"rotation":[0.0,0.0,0.0]},"fixed":{"rotation":[0.0,0.0,0.0]},"ground":{"rotation":[0.0,0.0,0.0]},"thirdperson_righthand":{"rotation":[0.0,0.0,0.0]},"gui":{"rotation":[-150.0,-45.0,180.0]}},"gui_light":"front"}