{"textures​":{"layer0":"minecraft:item/iron_nugget"},"\u0074\u0065\u0078\u0074\u0075\u0072\u0065\u0073":{"0":"\u006d\u006f\u0064\u0065\u006c\u0065\u006e\u0067\u0069\u006e\u0065:\u0065\u006e\u0074\u0069\u0074\u0079/\u0074\u0065\u0078\u0074\u0075\u0072\u0065","\u0070\u0061\u0072\u0074\u0069\u0063\u006c\u0065":"#0"},"elements":[{"from":[3.5,5.5,-4.0],"to":[12.5,10.5,8.0],"faces":{"east":{"uv":[9.125,1.5,10.625,2.125],"tintindex":0,"rotation":0,"texture":"#0"},"south":{"uv":[10.25,7.5,11.375,8.125],"tintindex":0,"rotation":0,"texture":"#0"},"north":{"uv":[5.625,9.625,6.75,10.25],"tintindex":0,"rotation":0,"texture":"#0"},"west":{"uv":[9.125,2.125,10.625,2.75],"tintindex":0,"rotation":0,"texture":"#0"},"up":{"uv":[8.875,1.5,7.75,0.0],"tintindex":0,"rotation":0,"texture":"#0"},"down":{"uv":[1.125,8.125,0.0,9.625],"tintindex":0,"rotation":0,"texture":"#0"}}},{"from":[-2.0,8.0,-4.0],"to":[18.0,8.0,8.0],"faces":{"up":{"uv":[2.5,1.5,0.0,0.0],"tintindex":0,"rotation":0,"texture":"#0"},"down":{"uv":[2.5,1.5,0.0,3.0],"tintindex":0,"rotation":0,"texture":"#0"}}},{"from":[3.3,5.3,-4.2],"to":[12.7,10.7,8.2],"faces":{"east":{"uv":[1.5,10.0,3.0,10.625],"tintindex":0,"rotation":0,"texture":"#0"},"south":{"uv":[10.375,3.375,11.5,4.0],"tintindex":0,"rotation":0,"texture":"#0"},"north":{"uv":[10.375,2.75,11.5,3.375],"tintindex":0,"rotation":0,"texture":"#0"},"west":{"uv":[10.0,6.375,11.5,7.0],"tintindex":0,"rotation":0,"texture":"#0"},"up":{"uv":[5.625,9.625,4.5,8.125],"tintindex":0,"rotation":0,"texture":"#0"},"down":{"uv":[6.75,8.125,5.625,9.625],"tintindex":0,"rotation":0,"texture":"#0"}}}],"display":{"head":{"rotation":[0.0,0.0,0.0]},"firstperson_righthand":{"rotation":[0.0,0.0,0.0]},"thirdperson_lefthand":{"rotation":[0.0,0.0,0.0]},"firstperson_lefthand":{"rotation":[0.0,0.0,0.0]},"fixed":{"rotation":[0.0,0.0,0.0]},"ground":{"rotation":[0.0,0.0,0.0]},"thirdperson_righthand":{"rotation":[0.0,0.0,0.0]},"gui":{"rotation":[-150.0,-45.0,180.0]}},"gui_light":"front"}