{"textures​":{"layer0":"minecraft:item/music_disc_far"},"\u0074\u0065\u0078\u0074\u0075\u0072\u0065\u0073":{"0":"\u006d\u006f\u0064\u0065\u006c\u0065\u006e\u0067\u0069\u006e\u0065:\u0065\u006e\u0074\u0069\u0074\u0079/\u0074\u0065\u0078\u0074\u0075\u0072\u0065","\u0070\u0061\u0072\u0074\u0069\u0063\u006c\u0065":"#0"},"elements":[{"from":[1.0,5.0,-4.0],"to":[15.0,11.0,8.0],"faces":{"east":{"uv":[1.125,8.625,2.625,9.375],"tintindex":0,"rotation":0,"texture":"#0"},"south":{"uv":[8.25,6.375,10.0,7.125],"tintindex":0,"rotation":0,"texture":"#0"},"north":{"uv":[6.75,8.125,8.5,8.875],"tintindex":0,"rotation":0,"texture":"#0"},"west":{"uv":[2.625,8.625,4.125,9.375],"tintindex":0,"rotation":0,"texture":"#0"},"up":{"uv":[3.5,7.125,1.75,5.625],"tintindex":0,"rotation":0,"texture":"#0"},"down":{"uv":[5.25,5.625,3.5,7.125],"tintindex":0,"rotation":0,"texture":"#0"}}},{"from":[0.8,4.8,-4.2],"to":[15.2,11.2,8.2],"faces":{"east":{"uv":[8.875,3.0,10.375,3.75],"tintindex":0,"rotation":0,"texture":"#0"},"south":{"uv":[8.5,7.875,10.25,8.625],"tintindex":0,"rotation":0,"texture":"#0"},"north":{"uv":[8.25,7.125,10.0,7.875],"tintindex":0,"rotation":0,"texture":"#0"},"west":{"uv":[8.875,3.75,10.375,4.5],"tintindex":0,"rotation":0,"texture":"#0"},"up":{"uv":[7.375,5.125,5.625,3.625],"tintindex":0,"rotation":0,"texture":"#0"},"down":{"uv":[7.375,5.125,5.625,6.625],"tintindex":0,"rotation":0,"texture":"#0"}}}],"display":{"head":{"rotation":[0.0,0.0,0.0]},"firstperson_righthand":{"rotation":[0.0,0.0,0.0]},"thirdperson_lefthand":{"rotation":[0.0,0.0,0.0]},"firstperson_lefthand":{"rotation":[0.0,0.0,0.0]},"fixed":{"rotation":[0.0,0.0,0.0]},"ground":{"rotation":[0.0,0.0,0.0]},"thirdperson_righthand":{"rotation":[0.0,0.0,0.0]},"gui":{"rotation":[-150.0,-45.0,180.0]}},"gui_light":"front"}