{"textures​":{"layer0":"minecraft:item/polished_blackstone_brick_stairs"},"\u0074\u0065\u0078\u0074\u0075\u0072\u0065\u0073":{"0":"\u006d\u006f\u0064\u0065\u006c\u0065\u006e\u0067\u0069\u006e\u0065:\u0065\u006e\u0074\u0069\u0074\u0079/\u0065\u006e\u0064\u0065\u0072_\u0077\u0069\u0074\u0063\u0068","\u0070\u0061\u0072\u0074\u0069\u0063\u006c\u0065":"#0"},"elements":[{"from":[7.75,6.5,-13.237499],"to":[13.75,9.5,10.7625],"faces":{"east":{"uv":[2.25,12.5,2.625,9.5],"tintindex":0,"rotation":90,"texture":"#0"},"south":{"uv":[8.0,11.625,7.625,12.375],"tintindex":0,"rotation":90,"texture":"#0"},"north":{"uv":[12.0,12.125,11.625,11.375],"tintindex":0,"rotation":90,"texture":"#0"},"west":{"uv":[2.25,12.5,2.625,9.5],"tintindex":0,"rotation":270,"texture":"#0"},"up":{"uv":[3.75,6.25,3.0,9.25],"tintindex":0,"rotation":180,"texture":"#0"},"down":{"uv":[3.75,6.25,3.0,9.25],"tintindex":0,"rotation":0,"texture":"#0"}}}],"display":{"head":{"rotation":[0.0,0.0,0.0]},"firstperson_righthand":{"rotation":[0.0,0.0,0.0]},"thirdperson_lefthand":{"rotation":[0.0,0.0,0.0]},"firstperson_lefthand":{"rotation":[0.0,0.0,0.0]},"fixed":{"rotation":[0.0,0.0,0.0]},"ground":{"rotation":[0.0,0.0,0.0]},"thirdperson_righthand":{"rotation":[0.0,0.0,0.0]},"gui":{"rotation":[-150.0,-45.0,180.0]}}}