{"textures​":{"layer0":"minecraft:item/redstone_wall_torch"},"\u0074\u0065\u0078\u0074\u0075\u0072\u0065\u0073":{"0":"\u006d\u006f\u0064\u0065\u006c\u0065\u006e\u0067\u0069\u006e\u0065:\u0065\u006e\u0074\u0069\u0074\u0079/\u0065\u006e\u0064\u0065\u0072_\u0077\u0069\u0074\u0063\u0068","\u0070\u0061\u0072\u0074\u0069\u0063\u006c\u0065":"#0"},"elements":[{"from":[5.475,-4.925,5.0],"to":[10.475,8.075,11.0],"faces":{"east":{"uv":[3.625,9.375,2.875,11.0],"tintindex":0,"rotation":0,"texture":"#0"},"south":{"uv":[10.375,7.5,9.75,9.125],"tintindex":0,"rotation":0,"texture":"#0"},"north":{"uv":[10.375,7.5,9.75,9.125],"tintindex":0,"rotation":0,"texture":"#0"},"west":{"uv":[3.625,9.375,2.875,11.0],"tintindex":0,"rotation":0,"texture":"#0"},"up":{"uv":[10.125,12.125,10.75,11.375],"tintindex":0,"rotation":0,"texture":"#0"},"down":{"uv":[10.875,11.375,11.5,12.125],"tintindex":0,"rotation":0,"texture":"#0"}}}],"display":{"head":{"rotation":[0.0,0.0,0.0]},"firstperson_righthand":{"rotation":[0.0,0.0,0.0]},"thirdperson_lefthand":{"rotation":[0.0,0.0,0.0]},"firstperson_lefthand":{"rotation":[0.0,0.0,0.0]},"fixed":{"rotation":[0.0,0.0,0.0]},"ground":{"rotation":[0.0,0.0,0.0]},"thirdperson_righthand":{"rotation":[0.0,0.0,0.0]},"gui":{"rotation":[-150.0,-45.0,180.0]}}}