{"elements":[{"from":[6.5714283,7.714286,8.0],"to":[9.428572,8.857143,8.0],"rotation":{"angle":0.0,"axis":"y","origin":[6.285714,8.0,11.142858]},"faces":{"east":{"uv":[5.875,4.5,4.5,5.875],"rotation":0,"texture":"#0","tintindex":0},"south":{"uv":[8.75,9.0,9.375,9.25],"rotation":0,"texture":"#0","tintindex":0},"north":{"uv":[9.375,9.0,8.75,9.25],"rotation":0,"texture":"#0","tintindex":0},"west":{"uv":[2.875,4.5,1.5,5.875],"rotation":0,"texture":"#0","tintindex":0},"up":{"uv":[4.75,1.375,6.125,0.0],"rotation":0,"texture":"#0","tintindex":0},"down":{"uv":[4.75,1.5,6.125,2.875],"rotation":0,"texture":"#0","tintindex":0}}}],"textures":{"0":"modelengine:entity/ender_ripper"},"display":{"head":{"translation":[0.0,-6.4,0.0],"scale":[4.0,4.0,4.0]}}}