{"textures":{"0":"modelengine:entity/lostasset_mob5_crystalhg","particle":"#0"},"elements":[{"from":[6.6,3.4500003,5.9],"to":[10.799999,7.65,10.1],"faces":{"east":{"uv":[7.0,6.375,7.375,6.75],"tintindex":0,"rotation":0,"texture":"#0"},"south":{"uv":[7.0,6.75,7.375,7.125],"tintindex":0,"rotation":0,"texture":"#0"},"north":{"uv":[7.0,6.0,7.375,6.375],"tintindex":0,"rotation":0,"texture":"#0"},"west":{"uv":[2.0,7.125,2.375,7.5],"tintindex":0,"rotation":0,"texture":"#0"},"up":{"uv":[2.75,7.5,2.375,7.125],"tintindex":0,"rotation":0,"texture":"#0"},"down":{"uv":[7.5,2.75,7.125,3.125],"tintindex":0,"rotation":0,"texture":"#0"}}}],"display":{"head":{"rotation":[0.0,0.0,0.0]},"firstperson_righthand":{"rotation":[0.0,0.0,0.0]},"thirdperson_lefthand":{"rotation":[0.0,-0.0,-0.0]},"firstperson_lefthand":{"rotation":[0.0,-0.0,-0.0]},"fixed":{"rotation":[0.0,0.0,0.0]},"ground":{"rotation":[0.0,0.0,0.0]},"thirdperson_righthand":{"rotation":[0.0,0.0,0.0]},"gui":{"rotation":[-150.0,-45.0,180.0]}}}