{"credit":"MadewithBlockbench","texture_size":[128,128],"textures":{"0":"elitecreatures:headlesshorseman_animated_weapon_set/headlesshorseman_texture_01","2":"elitecreatures:headlesshorseman_animated_weapon_set/headlesshorseman_animation_02","4":"elitecreatures:headlesshorseman_animated_weapon_set/headlesshorseman_animation_04","particle":"elitecreatures:headlesshorseman_animated_weapon_set/headlesshorseman_texture_01"},"elements":[{"from":[2.5,0,2.5],"to":[13.5,7,12.5],"faces":{"north":{"uv":[6.5,2.625,7.875,3.5],"texture":"#0"},"east":{"uv":[3.875,1.125,5.125,2],"texture":"#0"},"south":{"uv":[5.125,1.3125,6.5,2.1875],"texture":"#0"},"west":{"uv":[3.875,1.125,5.125,2],"texture":"#0"},"up":{"uv":[5.125,0.0625,6.5,1.3125],"texture":"#0"},"down":{"uv":[5.125,0.0625,6.5,1.3125],"texture":"#0"}}},{"from":[3.5,-1,3],"to":[12.5,9,12],"faces":{"north":{"uv":[6.5,0.0625,7.625,1.3125],"texture":"#0"},"east":{"uv":[6.5,1.3125,7.625,2.5625],"texture":"#0"},"south":{"uv":[6.5,0.0625,7.625,1.3125],"texture":"#0"},"west":{"uv":[6.5,1.3125,7.625,2.5625],"texture":"#0"},"up":{"uv":[5.375,2.1875,6.5,3.3125],"texture":"#0"},"down":{"uv":[5.375,2.1875,6.5,3.3125],"texture":"#0"}}},{"from":[7,8,6.5],"to":[9,12,8.5],"rotation":{"angle":-22.5,"axis":"z","origin":[8,9,7]},"faces":{"north":{"uv":[3.3125,2.5625,3.5625,3.0625],"texture":"#0"},"east":{"uv":[3.3125,2.5625,3.5625,3.0625],"texture":"#0"},"south":{"uv":[3.3125,2.5625,3.5625,3.0625],"texture":"#0"},"west":{"uv":[3.8125,2.5625,4.0625,3.0625],"texture":"#0"},"up":{"uv":[3.5625,2.8125,3.8125,3.0625],"texture":"#0"},"down":{"uv":[3.5625,2.8125,3.8125,3.0625],"texture":"#0"}}},{"from":[3,-0.5,2],"to":[13,8,2],"rotation":{"angle":0,"axis":"y","origin":[0,16,0]},"faces":{"north":{"uv":[0,0,10,8],"texture":"#2"},"east":{"uv":[0,0,0,7],"texture":"#2"},"south":{"uv":[10,0,0,8],"texture":"#2"},"west":{"uv":[0,0,0,7],"texture":"#2"},"up":{"uv":[0,10,0,0],"rotation":90,"texture":"#2"},"down":{"uv":[0,0,0,10],"rotation":270,"texture":"#2"}}},{"from":[12.0532,10.13672,8.02276],"to":[17.0532,13.63672,8.02276],"rotation":{"angle":-22.5,"axis":"z","origin":[8.1,5.73227,8.22276]},"faces":{"north":{"uv":[0,0,14,8],"texture":"#4"},"east":{"uv":[0,0,0,6],"texture":"#4"},"south":{"uv":[0,0,14,8],"texture":"#4"},"west":{"uv":[0,0,0,6],"texture":"#4"},"up":{"uv":[0,14,0,0],"rotation":90,"texture":"#4"},"down":{"uv":[0,0,0,14],"rotation":270,"texture":"#4"}}},{"from":[-3.05891,17.38334,8.42276],"to":[3.94109,21.38334,8.42276],"rotation":{"angle":-22.5,"axis":"z","origin":[-7.9,11.73227,8.22276]},"faces":{"north":{"uv":[14,0,0,8],"texture":"#4"},"east":{"uv":[0,0,0,6],"texture":"#4"},"south":{"uv":[14,0,0,8],"texture":"#4"},"west":{"uv":[0,0,0,6],"texture":"#4"},"up":{"uv":[0,0,0,14],"rotation":90,"texture":"#4"},"down":{"uv":[0,14,0,0],"rotation":270,"texture":"#4"}}},{"from":[-4.38473,5.88039,8.02276],"to":[0.61527,9.38039,8.02276],"rotation":{"angle":22.5,"axis":"z","origin":[-7.9,11.73227,8.22276]},"faces":{"north":{"uv":[14,0,0,8],"texture":"#4"},"east":{"uv":[0,0,0,6],"texture":"#4"},"south":{"uv":[14,0,0,8],"texture":"#4"},"west":{"uv":[0,0,0,6],"texture":"#4"},"up":{"uv":[0,0,0,14],"rotation":90,"texture":"#4"},"down":{"uv":[0,14,0,0],"rotation":270,"texture":"#4"}}}],"gui_light":"front","display":{"thirdperson_righthand":{"rotation":[67.5,0,0],"translation":[0,2.75,1.25],"scale":[0.45781,0.45781,0.45781]},"thirdperson_lefthand":{"rotation":[67.5,0,0],"translation":[0,2.75,1.25],"scale":[0.45781,0.45781,0.45781]},"firstperson_righthand":{"translation":[0.25,5,2.25],"scale":[0.34375,0.34375,0.34375]},"firstperson_lefthand":{"translation":[0.25,5,2.25],"scale":[0.34375,0.34375,0.34375]},"ground":{"translation":[0,6,0],"scale":[0.7,0.7,0.7]},"gui":{"rotation":[30,135,0],"translation":[0.25,2,0],"scale":[0.83789,0.83789,0.83789]},"head":{"translation":[0,7,1],"scale":[1.5,1.5,1.5]},"fixed":{"rotation":[-90,0,0],"translation":[0,0,-18],"scale":[2,2,2]}}}