{"textures​":{"layer0":"minecraft:item/acacia_wall_hanging_sign"},"\u0074\u0065\u0078\u0074\u0075\u0072\u0065\u0073":{"0":"\u006d\u006f\u0064\u0065\u006c\u0065\u006e\u0067\u0069\u006e\u0065:\u0065\u006e\u0074\u0069\u0074\u0079/\u0076\u0066\u0078_\u0065\u006e\u0064\u0065\u0072_\u006c\u0061\u0073\u0065\u0072","\u0070\u0061\u0072\u0074\u0069\u0063\u006c\u0065":"#0"},"elements":[{"from":[7.0,7.5,-4.5],"to":[9.0,8.5,6.5],"faces":{"east":{"uv":[6.25,3.25,5.75,1.5],"tintindex":0,"rotation":0,"texture":"#0"},"south":{"uv":[6.25,3.25,5.75,1.5],"tintindex":0,"rotation":0,"texture":"#0"},"north":{"uv":[6.25,3.25,5.75,1.5],"tintindex":0,"rotation":0,"texture":"#0"},"west":{"uv":[6.25,3.25,5.75,1.5],"tintindex":0,"rotation":0,"texture":"#0"},"up":{"uv":[6.25,3.25,5.75,1.5],"tintindex":0,"rotation":0,"texture":"#0"},"down":{"uv":[6.25,3.25,5.75,1.5],"tintindex":0,"rotation":0,"texture":"#0"}}},{"from":[10.0,9.0,8.0],"to":[6.0,7.0,-6.0],"faces":{"east":{"uv":[3.0,2.5,1.25,2.25],"tintindex":0,"rotation":0,"texture":"#0"},"south":{"uv":[2.5,0.375,3.0,0.625],"tintindex":0,"rotation":0,"texture":"#0"},"north":{"uv":[2.5,0.0,3.0,0.25],"tintindex":0,"rotation":0,"texture":"#0"},"west":{"uv":[1.25,2.25,3.0,2.5],"tintindex":0,"rotation":0,"texture":"#0"},"up":{"uv":[1.75,1.75,1.25,0.0],"tintindex":0,"rotation":0,"texture":"#0"},"down":{"uv":[1.25,0.0,1.75,1.75],"tintindex":0,"rotation":0,"texture":"#0"}}}],"display":{"head":{"rotation":[0.0,0.0,0.0]},"firstperson_righthand":{"rotation":[0.0,0.0,0.0]},"thirdperson_lefthand":{"rotation":[0.0,0.0,0.0]},"firstperson_lefthand":{"rotation":[0.0,0.0,0.0]},"fixed":{"rotation":[0.0,0.0,0.0]},"ground":{"rotation":[0.0,0.0,0.0]},"thirdperson_righthand":{"rotation":[0.0,0.0,0.0]},"gui":{"rotation":[-150.0,-45.0,180.0]}}}