{"credit":"Made with Blockbench by yungwilder","texture_size":[32,32],"textures":{"1":"enderdragonset:ender_dust_animation","2":"enderdragonset:enderdragon_pickaxe"},"elements":[{"from":[6.5,0,6.75],"to":[9.5,3,9.25],"rotation":{"angle":45,"axis":"z","origin":[8,1.5,8]},"faces":{"north":{"uv":[7,3,8.5,4.5],"texture":"#2"},"east":{"uv":[7,4.5,8.5,6],"texture":"#2"},"south":{"uv":[7,6,8.5,7.5],"texture":"#2"},"west":{"uv":[7,7.5,8.5,9],"texture":"#2"},"up":{"uv":[9.5,1.5,8,0],"texture":"#2"},"down":{"uv":[9.5,1.5,8,3],"texture":"#2"}}},{"from":[7,9.5,7],"to":[9,16.5,9],"rotation":{"angle":0,"axis":"y","origin":[8,8.5,8]},"faces":{"north":{"uv":[0,3,1,6.5],"texture":"#2"},"east":{"uv":[1,3,2,6.5],"texture":"#2"},"south":{"uv":[2,3,3,6.5],"texture":"#2"},"west":{"uv":[3,3,4,6.5],"texture":"#2"},"up":{"uv":[6,9.5,5,8.5],"texture":"#2"},"down":{"uv":[11,10.5,10,11.5],"texture":"#2"}}},{"from":[7,2.5,7],"to":[9,9.5,9],"rotation":{"angle":0,"axis":"y","origin":[8,8.5,8]},"faces":{"north":{"uv":[4,3,5,6.5],"texture":"#2"},"east":{"uv":[5,0,6,3.5],"texture":"#2"},"south":{"uv":[5,3.5,6,7],"texture":"#2"},"west":{"uv":[6,0,7,3.5],"texture":"#2"},"up":{"uv":[1,12,0,11],"texture":"#2"},"down":{"uv":[12,0,11,1],"texture":"#2"}}},{"from":[5.5,16.5,6.5],"to":[10.5,19.5,9.5],"rotation":{"angle":0,"axis":"y","origin":[8,7.5,8]},"faces":{"north":{"uv":[0,0,2.5,1.5],"texture":"#2"},"east":{"uv":[8.5,3,10,4.5],"texture":"#2"},"south":{"uv":[0,1.5,2.5,3],"texture":"#2"},"west":{"uv":[8.5,4.5,10,6],"texture":"#2"},"up":{"uv":[5,1.5,2.5,0],"texture":"#2"},"down":{"uv":[5,1.5,2.5,3],"texture":"#2"}}},{"from":[3.30239,17.53387,6.475],"to":[6.30239,20.53387,9.525],"rotation":{"angle":-22.5,"axis":"z","origin":[3.30239,19.03387,8]},"faces":{"north":{"uv":[8.5,6,10,7.5],"texture":"#2"},"east":{"uv":[8.5,7.5,10,9],"texture":"#2"},"south":{"uv":[7,9,8.5,10.5],"texture":"#2"},"west":{"uv":[8.5,9,10,10.5],"texture":"#2"},"up":{"uv":[1.5,11,0,9.5],"texture":"#2"},"down":{"uv":[11,0,9.5,1.5],"texture":"#2"}}},{"from":[9.69761,17.53387,6.475],"to":[12.69761,20.53387,9.525],"rotation":{"angle":22.5,"axis":"z","origin":[12.69761,19.03387,8]},"faces":{"north":{"uv":[1.5,9.5,3,11],"texture":"#2"},"east":{"uv":[9.5,1.5,11,3],"texture":"#2"},"south":{"uv":[3,9.5,4.5,11],"texture":"#2"},"west":{"uv":[4.5,9.5,6,11],"texture":"#2"},"up":{"uv":[11.5,4.5,10,3],"texture":"#2"},"down":{"uv":[11.5,4.5,10,6],"texture":"#2"}}},{"from":[10.69761,16.53387,6.475],"to":[12.69761,17.53387,9.525],"rotation":{"angle":22.5,"axis":"z","origin":[12.69761,19.03387,8]},"faces":{"north":{"uv":[6,11,7,11.5],"texture":"#2"},"east":{"uv":[3,11,4.5,11.5],"texture":"#2"},"south":{"uv":[11,9,12,9.5],"texture":"#2"},"west":{"uv":[4.5,11,6,11.5],"texture":"#2"},"up":{"uv":[6,8.5,5,7],"texture":"#2"},"down":{"uv":[7,9.5,6,11],"texture":"#2"}}},{"from":[10.69761,20.53387,6.475],"to":[12.69761,21.53387,9.525],"rotation":{"angle":22.5,"axis":"z","origin":[12.69761,19.03387,8]},"faces":{"north":{"uv":[11,9.5,12,10],"texture":"#2"},"east":{"uv":[11,6,12.5,6.5],"texture":"#2"},"south":{"uv":[11,10,12,10.5],"texture":"#2"},"west":{"uv":[11,6.5,12.5,7],"texture":"#2"},"up":{"uv":[11,7.5,10,6],"texture":"#2"},"down":{"uv":[11,7.5,10,9],"texture":"#2"}}},{"from":[3.30239,16.53387,6.475],"to":[5.30239,17.53387,9.525],"rotation":{"angle":-22.5,"axis":"z","origin":[3.30239,19.03387,8]},"faces":{"north":{"uv":[11,10.5,12,11],"texture":"#2"},"east":{"uv":[11,7,12.5,7.5],"texture":"#2"},"south":{"uv":[11,11,12,11.5],"texture":"#2"},"west":{"uv":[11,7.5,12.5,8],"texture":"#2"},"up":{"uv":[11,10.5,10,9],"texture":"#2"},"down":{"uv":[8,10.5,7,12],"texture":"#2"}}},{"from":[3.30239,20.53387,6.475],"to":[5.30239,21.53387,9.525],"rotation":{"angle":-22.5,"axis":"z","origin":[3.30239,19.03387,8]},"faces":{"north":{"uv":[3,11.5,4,12],"texture":"#2"},"east":{"uv":[11,8,12.5,8.5],"texture":"#2"},"south":{"uv":[11.5,3,12.5,3.5],"texture":"#2"},"west":{"uv":[11,8.5,12.5,9],"texture":"#2"},"up":{"uv":[9,12,8,10.5],"texture":"#2"},"down":{"uv":[10,10.5,9,12],"texture":"#2"}}},{"from":[-0.5,12.5,8],"to":[15.5,18.5,8],"rotation":{"angle":0,"axis":"z","origin":[4.5,22.5,8]},"faces":{"north":{"uv":[0,0,6,16],"rotation":90,"texture":"#1"},"east":{"uv":[0,0,0.5,0.5],"rotation":270,"texture":"#missing"},"south":{"uv":[6,0,0,16],"rotation":270,"texture":"#1"},"west":{"uv":[0,0,0.5,0.5],"rotation":270,"texture":"#missing"},"up":{"uv":[0,0,0.5,0.5],"rotation":270,"texture":"#missing"},"down":{"uv":[0,0,0.5,0.5],"rotation":270,"texture":"#missing"}}},{"from":[14.11713,15.40794,6.975],"to":[16.11713,21.40794,8.975],"rotation":{"angle":45,"axis":"z","origin":[15.61713,15.90794,7.475]},"faces":{"north":{"uv":[6,3.5,7,6.5],"texture":"#2"},"east":{"uv":[0,6.5,1,9.5],"texture":"#2"},"south":{"uv":[1,6.5,2,9.5],"texture":"#2"},"west":{"uv":[2,6.5,3,9.5],"texture":"#2"},"up":{"uv":[2,12,1,11],"texture":"#2"},"down":{"uv":[12,1,11,2],"texture":"#2"}}},{"from":[-0.11713,15.40794,6.975],"to":[1.88287,21.40794,8.975],"rotation":{"angle":-45,"axis":"z","origin":[0.38287,15.90794,7.475]},"faces":{"north":{"uv":[3,6.5,4,9.5],"texture":"#2"},"east":{"uv":[4,6.5,5,9.5],"texture":"#2"},"south":{"uv":[6,6.5,7,9.5],"texture":"#2"},"west":{"uv":[7,0,8,3],"texture":"#2"},"up":{"uv":[3,12,2,11],"texture":"#2"},"down":{"uv":[12,2,11,3],"texture":"#2"}}}],"gui_light":"front","display":{"thirdperson_righthand":{"rotation":[0,90,0],"translation":[0,-1,1],"scale":[0.9,0.9,0.9]},"thirdperson_lefthand":{"rotation":[0,-90,0],"translation":[0,-1,1],"scale":[0.9,0.9,0.9]},"firstperson_righthand":{"rotation":[-15,90,0],"translation":[0,2,0],"scale":[0.7,0.7,0.7]},"firstperson_lefthand":{"rotation":[-15,90,0],"translation":[0,2,0],"scale":[0.7,0.7,0.7]},"ground":{"rotation":[45,0,0],"scale":[0.35,0.35,0.35]},"gui":{"rotation":[20,-20,-45],"translation":[-2,-2,0],"scale":[0.75,0.75,0.75]},"head":{"rotation":[0,0,65],"translation":[8.25,8,0]},"fixed":{"rotation":[0,0,45],"translation":[2.5,-2.5,-1],"scale":[0.9,0.9,0.9]}}}