{"parent":"minecraft:item/handheld","textures":{"layer0":"minecraft:item/netherite_axe"},"overrides":[{"predicate":{"custom_model_data":10000},"model":"sweetheartset:axe"},{"predicate":{"custom_model_data":10001},"model":"summerset:axe"},{"predicate":{"custom_model_data":10002},"model":"elitecreatures:zombie_apocalyptic_animated_weapon_set/axe"},{"predicate":{"custom_model_data":10003},"model":"elitecreatures:zombie_apocalyptic_animated_weapon_set/big_axe"},{"predicate":{"custom_model_data":10004},"model":"elitecreatures:zombie_apocalyptic_animated_weapon_set/halberd"},{"predicate":{"custom_model_data":10005},"model":"elitecreatures:zombie_apocalyptic_animated_weapon_set/hammer"},{"predicate":{"custom_model_data":10006},"model":"elitecreatures:headlesshorseman_animated_weapon_set/axe"},{"predicate":{"custom_model_data":10007},"model":"elitecreatures:headlesshorseman_animated_weapon_set/club"},{"predicate":{"custom_model_data":10008},"model":"elitecreatures:headlesshorseman_animated_weapon_set/hammer"},{"predicate":{"custom_model_data":10009},"model":"elitecreatures:headlesshorseman_animated_weapon_set/mace"},{"predicate":{"custom_model_data":10010},"model":"thunderboltset:axe"},{"predicate":{"custom_model_data":10011},"model":"elitecreatures:berserker_animated_weapon_set/axe"},{"predicate":{"custom_model_data":10012},"model":"elitecreatures:berserker_animated_weapon_set/battle_axe"},{"predicate":{"custom_model_data":10013},"model":"elitecreatures:berserker_animated_weapon_set/hammer"},{"predicate":{"custom_model_data":10014},"model":"elitecreatures:thanks_giving_2023_v2/axe"},{"predicate":{"custom_model_data":10015},"model":"elitecreatures:christmas_holiday_2023/axe"},{"predicate":{"custom_model_data":10016},"model":"elitecreatures:christmas_holiday_2023/battle_axe"},{"predicate":{"custom_model_data":10017},"model":"elitecreatures:christmas_2023_animated/axe"},{"predicate":{"custom_model_data":10018},"model":"cosmo_pack:axe"},{"predicate":{"custom_model_data":10019},"model":"elitecreatures:fallen_angel/fallen_angel_axe"},{"predicate":{"custom_model_data":10020},"model":"radiance_collection:axe"},{"predicate":{"custom_model_data":10021},"model":"saintpatricksset2024:axe"},{"predicate":{"custom_model_data":10022},"model":"elitecreatures:easterbunny_animated_weapon_set_v2/axe"},{"predicate":{"custom_model_data":10023},"model":"elitecreatures:easterbunny_animated_weapon_set_v2/battle_axe"},{"predicate":{"custom_model_data":10024},"model":"littlesharkset:axe"},{"predicate":{"custom_model_data":10025},"model":"demon_edgeset:axe"},{"predicate":{"custom_model_data":10026},"model":"leviathanset:axe"},{"predicate":{"custom_model_data":10027},"model":"furnace_gearworks:axe"},{"predicate":{"custom_model_data":10028},"model":"ender_dragonset:axe"},{"predicate":{"custom_model_data":10029},"model":"item/netherite_axe"}]}