{"textures":{"0":"modelengine:entity/ender_hammerhead","particle":"#0"},"elements":[{"from":[1.3400011,-11.24,2.079999],"to":[8.740001,9.48,13.92],"faces":{"east":{"uv":[6.5,1.25,7.5,3.0],"tintindex":0,"rotation":0,"texture":"#0"},"south":{"uv":[6.25,7.5,6.875,9.25],"tintindex":0,"rotation":0,"texture":"#0"},"north":{"uv":[5.5,6.875,6.125,8.625],"tintindex":0,"rotation":0,"texture":"#0"},"west":{"uv":[6.5,5.625,7.5,7.375],"tintindex":0,"rotation":0,"texture":"#0"},"up":{"uv":[3.5,9.625,2.875,8.625],"tintindex":0,"rotation":0,"texture":"#0"},"down":{"uv":[5.875,8.75,5.25,9.75],"tintindex":0,"rotation":0,"texture":"#0"}}}],"display":{"head":{"rotation":[0.0,0.0,0.0]},"firstperson_righthand":{"rotation":[0.0,0.0,0.0]},"thirdperson_lefthand":{"rotation":[0.0,-0.0,-0.0]},"firstperson_lefthand":{"rotation":[0.0,-0.0,-0.0]},"fixed":{"rotation":[0.0,0.0,0.0]},"ground":{"rotation":[0.0,0.0,0.0]},"thirdperson_righthand":{"rotation":[0.0,0.0,0.0]},"gui":{"rotation":[-150.0,-45.0,180.0]}}}