{"textures​":{"layer0":"minecraft:item/chainmail_chestplate"},"credit":"Made with Blockbench","\u0074\u0065\u0078\u0074\u0075\u0072\u0065\u0073":{"0":"\u0074\u0077\u0069\u006c\u0069\u0067\u0068\u0074_\u006f\u0066_\u0065\u006e\u0064\u0065\u0072:\u0063\u0072\u006f\u0073\u0073\u0062\u006f\u0077_0_0","1":"\u0074\u0077\u0069\u006c\u0069\u0067\u0068\u0074_\u006f\u0066_\u0065\u006e\u0064\u0065\u0072:\u0063\u0072\u006f\u0073\u0073\u0062\u006f\u0077_0_1","2":"\u0074\u0077\u0069\u006c\u0069\u0067\u0068\u0074_\u006f\u0066_\u0065\u006e\u0064\u0065\u0072:\u0063\u0072\u006f\u0073\u0073\u0062\u006f\u0077_0_2","3":"\u0074\u0077\u0069\u006c\u0069\u0067\u0068\u0074_\u006f\u0066_\u0065\u006e\u0064\u0065\u0072:\u0063\u0072\u006f\u0073\u0073\u0062\u006f\u0077_0_3","\u0070\u0061\u0072\u0074\u0069\u0063\u006c\u0065":"#0"},"elements":[{"from":[-7.17625,2.42929,-0.27817],"to":[1.34375,2.42929,13.21183],"faces":{"north":{"uv":[0,0,3,0],"texture":"#2"},"east":{"uv":[0,0,4.75,0],"texture":"#2"},"south":{"uv":[0,0,3,0],"texture":"#2"},"west":{"uv":[0,0,4.75,0],"texture":"#2"},"up":{"uv":[3,4.75,0,0],"texture":"#2"},"down":{"uv":[6,0,3,4.75],"texture":"#2"}},"rotation":{"origin":[3.385,2.25389,13.74461],"axis":"y","angle":-22.5,"rescale":false}},{"from":[-4.6025,2.39379,7.90458],"to":[8,2.39379,8.08208],"faces":{"north":{"uv":[3.25,0,0,0],"texture":"#2"},"east":{"uv":[0.06,0,0,0],"texture":"#2"},"south":{"uv":[3.25,0,0,0],"texture":"#2"},"west":{"uv":[0.06,0,0,0],"texture":"#2"},"up":{"uv":[11,4.56,14.25,4.5],"texture":"#2"},"down":{"uv":[11,4.75,14.25,4.81],"texture":"#2"}}},{"from":[-2.95795,2.09559,9.07681],"to":[-2.25505,2.76299,11.11096],"faces":{"north":{"uv":[10.5,8.75,10.75,9],"texture":"#2"},"east":{"uv":[11.5,1,12.22,1.25],"texture":"#2"},"south":{"uv":[1.75,11.5,2,11.75],"texture":"#2"},"west":{"uv":[11.5,1.25,12.22,1.5],"texture":"#2"},"up":{"uv":[7,11.47,6.75,10.75],"texture":"#2"},"down":{"uv":[3.75,11,3.5,11.72],"texture":"#2"}},"rotation":{"origin":[8,2.25389,12.46661],"axis":"y","angle":-45,"rescale":false}},{"from":[-2.15089,-2.21482,-1.69137],"to":[-1.79589,-1.78882,0.33213],"faces":{"north":{"uv":[8.5,1.31,8.75,1],"texture":"#3"},"east":{"uv":[6.5,1.44,6.81,0],"texture":"#3","rotation":270},"south":{"uv":[1.5,8.5,1.75,8.81],"texture":"#3","rotation":180},"west":{"uv":[6.5,6.94,6.81,5.5],"texture":"#3","rotation":90},"up":{"uv":[7,4.44,7.25,3],"texture":"#3","rotation":180},"down":{"uv":[3.5,8.44,3.75,7],"texture":"#3"}},"rotation":{"origin":[8,-11.23611,3.59161],"axis":"z","angle":-45,"rescale":false}},{"from":[-1.97333,-2.32779,-8.18787],"to":[0.15667,-2.32779,-5.34787],"faces":{"north":{"uv":[0,3,0,0],"texture":"#0","rotation":270},"east":{"uv":[0,4,0,0],"texture":"#0","rotation":270},"south":{"uv":[0,3,0,0],"texture":"#0","rotation":270},"west":{"uv":[0,4,0,0],"texture":"#0","rotation":90},"up":{"uv":[9,8,6,4],"texture":"#0","rotation":180},"down":{"uv":[6,8,9,4],"texture":"#0"}},"rotation":{"origin":[8,-11.23611,3.59161],"axis":"z","angle":-45,"rescale":false}},{"from":[-0.90833,-3.39279,-8.18787],"to":[-0.90833,-1.26279,-5.34787],"faces":{"north":{"uv":[0,0,0,3],"texture":"#0"},"east":{"uv":[9,8,6,4],"texture":"#0","rotation":270},"south":{"uv":[0,0,0,3],"texture":"#0","rotation":180},"west":{"uv":[6,8,9,4],"texture":"#0","rotation":90},"up":{"uv":[0,4,0,0],"texture":"#0","rotation":180},"down":{"uv":[0,4,0,0],"texture":"#0"}},"rotation":{"origin":[8,-11.23611,3.59161],"axis":"z","angle":-45,"rescale":false}},{"from":[-0.82404,-2.06347,-1.69137],"to":[-0.46904,-1.63747,0.33213],"faces":{"north":{"uv":[8.5,2.31,8.75,2],"texture":"#3"},"east":{"uv":[7,2.94,7.31,1.5],"texture":"#3","rotation":270},"south":{"uv":[2.5,8.5,2.75,8.81],"texture":"#3","rotation":180},"west":{"uv":[2,8.44,2.31,7],"texture":"#3","rotation":90},"up":{"uv":[7,5.94,7.25,4.5],"texture":"#3","rotation":180},"down":{"uv":[5,8.44,5.25,7],"texture":"#3"}},"rotation":{"origin":[8,-11.23611,3.59161],"axis":"z","angle":-45,"rescale":false}},{"from":[0.59304,1.41559,15.7467],"to":[1.31049,2.01093,15.7467],"faces":{"north":{"uv":[0.75,12.5,1,12.72],"texture":"#2"},"east":{"uv":[0,0,0,0.22],"texture":"#2"},"south":{"uv":[12.5,0.75,12.75,0.97],"texture":"#2"},"west":{"uv":[0,0,0,0.22],"texture":"#2"},"up":{"uv":[0.25,0,0,0],"texture":"#2"},"down":{"uv":[0.25,0,0,0],"texture":"#2"}},"rotation":{"origin":[8,2.25389,12.46661],"axis":"y","angle":45,"rescale":false}},{"from":[1.06647,2.16659,0.92381],"to":[2.15987,2.69199,2.47871],"faces":{"north":{"uv":[3.25,12.25,3.62,12.44],"texture":"#2"},"east":{"uv":[12,8.75,12.56,8.94],"texture":"#2"},"south":{"uv":[12.25,3.25,12.62,3.44],"texture":"#2"},"west":{"uv":[12,9,12.56,9.19],"texture":"#2"},"up":{"uv":[2.88,11.56,2.5,11],"texture":"#2"},"down":{"uv":[3.38,11,3,11.56],"texture":"#2"}},"rotation":{"origin":[8,2.25389,12.46661],"axis":"y","angle":-45,"rescale":false}},{"from":[1.31049,1.41559,15.50246],"to":[2.02795,2.01093,16.052],"faces":{"north":{"uv":[1,12.5,1.25,12.72],"texture":"#2"},"east":{"uv":[11,12.5,11.19,12.72],"texture":"#2"},"south":{"uv":[1.25,12.5,1.5,12.72],"texture":"#2"},"west":{"uv":[12.5,11,12.69,11.22],"texture":"#2"},"up":{"uv":[6,12.69,5.75,12.5],"texture":"#2"},"down":{"uv":[12.75,5.75,12.5,5.94],"texture":"#2"}},"rotation":{"origin":[8,2.25389,12.46661],"axis":"y","angle":45,"rescale":false}},{"from":[1.59713,1.99318,14.74261],"to":[2.31458,2.58851,14.74261],"faces":{"north":{"uv":[0,12.5,0.25,12.72],"texture":"#2"},"east":{"uv":[0,0,0,0.22],"texture":"#2"},"south":{"uv":[12.5,0,12.75,0.22],"texture":"#2"},"west":{"uv":[0,0,0,0.22],"texture":"#2"},"up":{"uv":[0.25,0,0,0],"texture":"#2"},"down":{"uv":[0.25,0,0,0],"texture":"#2"}},"rotation":{"origin":[8,2.25389,12.46661],"axis":"y","angle":45,"rescale":false}},{"from":[1.67685,2.07199,15.25822],"to":[2.02794,2.5452,15.62458],"faces":{"north":{"uv":[1.75,13,1.88,13.16],"texture":"#2"},"east":{"uv":[13,1.75,13.12,1.91],"texture":"#2"},"south":{"uv":[2,13,2.12,13.16],"texture":"#2"},"west":{"uv":[13,2,13.12,2.16],"texture":"#2"},"up":{"uv":[6.12,13.12,6,13],"texture":"#2"},"down":{"uv":[13.12,6,13,6.12],"texture":"#2"}},"rotation":{"origin":[8,2.25389,12.46661],"axis":"y","angle":45,"rescale":false}},{"from":[1.84884,2.13109,2.97204],"to":[2.58724,2.72749,3.49744],"faces":{"north":{"uv":[1.75,12.5,2,12.72],"texture":"#2"},"east":{"uv":[11.5,12.5,11.69,12.72],"texture":"#2"},"south":{"uv":[2,12.5,2.25,12.72],"texture":"#2"},"west":{"uv":[12.5,11.5,12.69,11.72],"texture":"#2"},"up":{"uv":[6.25,12.69,6,12.5],"texture":"#2"},"down":{"uv":[6.5,12.5,6.25,12.69],"texture":"#2"}},"rotation":{"origin":[8,2.25389,12.46661],"axis":"y","angle":-45,"rescale":false}},{"from":[2.06865,1.41559,17.22231],"to":[2.7861,2.01093,17.22231],"faces":{"north":{"uv":[12.25,6.75,12.5,6.97],"texture":"#2"},"east":{"uv":[0,0,0,0.22],"texture":"#2"},"south":{"uv":[7,12.25,7.25,12.47],"texture":"#2"},"west":{"uv":[0,0,0,0.22],"texture":"#2"},"up":{"uv":[0.25,0,0,0],"texture":"#2"},"down":{"uv":[0.25,0,0,0],"texture":"#2"}},"rotation":{"origin":[8,2.25389,12.46661],"axis":"y","angle":45,"rescale":false}},{"from":[2.16595,2.13109,-0.17567],"to":[3.54335,2.72749,0.75798],"faces":{"north":{"uv":[6.75,12,7.25,12.22],"texture":"#2"},"east":{"uv":[12.25,1.75,12.59,1.97],"texture":"#2"},"south":{"uv":[12,7.5,12.5,7.72],"texture":"#2"},"west":{"uv":[12.25,2,12.59,2.22],"texture":"#2"},"up":{"uv":[7,11.84,6.5,11.5],"texture":"#2"},"down":{"uv":[7.5,11.5,7,11.84],"texture":"#2"}},"rotation":{"origin":[8,2.25389,12.46661],"axis":"y","angle":-45,"rescale":false}},{"from":[2.21189,2.11334,0.37584],"to":[3.14554,2.74524,2.81824],"faces":{"north":{"uv":[12.25,1.25,12.59,1.47],"texture":"#2"},"east":{"uv":[11,5.75,11.88,5.97],"texture":"#2"},"south":{"uv":[12.25,1.5,12.59,1.72],"texture":"#2"},"west":{"uv":[11.25,3.75,12.12,3.97],"texture":"#2"},"up":{"uv":[10.84,4.88,10.5,4],"texture":"#2"},"down":{"uv":[10.84,5,10.5,5.88],"texture":"#2"}}},{"from":[2.31458,1.99318,14.49837],"to":[3.03204,2.58851,15.04791],"faces":{"north":{"uv":[12,12.25,12.25,12.47],"texture":"#2"},"east":{"uv":[10.75,12.5,10.94,12.72],"texture":"#2"},"south":{"uv":[12.25,12.25,12.5,12.47],"texture":"#2"},"west":{"uv":[12.5,10.75,12.69,10.97],"texture":"#2"},"up":{"uv":[5.75,12.69,5.5,12.5],"texture":"#2"},"down":{"uv":[12.75,5.5,12.5,5.69],"texture":"#2"}},"rotation":{"origin":[8,2.25389,12.46661],"axis":"y","angle":45,"rescale":false}},{"from":[2.68094,1.4589,14.25412],"to":[3.03203,1.93212,14.62048],"faces":{"north":{"uv":[1.25,13,1.38,13.16],"texture":"#2"},"east":{"uv":[13,1.25,13.12,1.41],"texture":"#2"},"south":{"uv":[1.5,13,1.62,13.16],"texture":"#2"},"west":{"uv":[13,1.5,13.12,1.66],"texture":"#2"},"up":{"uv":[5.88,13.12,5.75,13],"texture":"#2"},"down":{"uv":[13.12,5.75,13,5.88],"texture":"#2"}},"rotation":{"origin":[8,2.25389,12.46661],"axis":"y","angle":45,"rescale":false}},{"from":[2.76655,0.09847,-1.53162],"to":[3.05055,0.45347,-0.91037],"faces":{"north":{"uv":[8.5,2.75,8.69,2.5],"texture":"#3"},"east":{"uv":[7.5,4.44,7.75,4],"texture":"#3","rotation":270},"south":{"uv":[3,8.5,3.19,8.75],"texture":"#3","rotation":180},"west":{"uv":[7.5,4.94,7.75,4.5],"texture":"#3","rotation":90},"up":{"uv":[8,4.94,8.19,4.5],"texture":"#3","rotation":180},"down":{"uv":[8,5.44,8.19,5],"texture":"#3"}},"rotation":{"origin":[8,-11.23611,3.59161],"axis":"z","angle":-22.5,"rescale":false}},{"from":[2.76655,0.09847,-0.11162],"to":[3.05055,0.45347,0.50963],"faces":{"north":{"uv":[8.5,3.25,8.69,3],"texture":"#3"},"east":{"uv":[7.5,5.44,7.75,5],"texture":"#3","rotation":270},"south":{"uv":[3.5,8.5,3.69,8.75],"texture":"#3","rotation":180},"west":{"uv":[5.5,7.94,5.75,7.5],"texture":"#3","rotation":90},"up":{"uv":[5.5,8.44,5.69,8],"texture":"#3","rotation":180},"down":{"uv":[8,5.94,8.19,5.5],"texture":"#3"}},"rotation":{"origin":[8,-11.23611,3.59161],"axis":"z","angle":-22.5,"rescale":false}},{"from":[2.7861,1.41559,16.97807],"to":[3.50356,2.01093,17.52761],"faces":{"north":{"uv":[12.25,6.5,12.5,6.72],"texture":"#2"},"east":{"uv":[9.75,12.5,9.94,12.72],"texture":"#2"},"south":{"uv":[6.75,12.25,7,12.47],"texture":"#2"},"west":{"uv":[12.5,9.75,12.69,9.97],"texture":"#2"},"up":{"uv":[3,12.69,2.75,12.5],"texture":"#2"},"down":{"uv":[3.25,12.5,3,12.69],"texture":"#2"}},"rotation":{"origin":[8,2.25389,12.46661],"axis":"y","angle":45,"rescale":false}},{"from":[2.87242,1.40241,-1.53162],"to":[3.15642,1.75741,-0.91037],"faces":{"north":{"uv":[8.5,5.25,8.69,5],"texture":"#3"},"east":{"uv":[8,1.94,8.25,1.5],"texture":"#3","rotation":270},"south":{"uv":[5.5,8.5,5.69,8.75],"texture":"#3","rotation":180},"west":{"uv":[8,2.44,8.25,2],"texture":"#3","rotation":90},"up":{"uv":[7.5,8.44,7.69,8],"texture":"#3","rotation":180},"down":{"uv":[8,7.94,8.19,7.5],"texture":"#3"}},"rotation":{"origin":[8,-11.23611,3.59161],"axis":"z","angle":-22.5,"rescale":false}},{"from":[2.87242,1.40241,-0.11162],"to":[3.15642,1.75741,0.50963],"faces":{"north":{"uv":[8.5,4.75,8.69,4.5],"texture":"#3"},"east":{"uv":[8,0.94,8.25,0.5],"texture":"#3","rotation":270},"south":{"uv":[5,8.5,5.19,8.75],"texture":"#3","rotation":180},"west":{"uv":[8,1.44,8.25,1],"texture":"#3","rotation":90},"up":{"uv":[7,8.44,7.19,8],"texture":"#3","rotation":180},"down":{"uv":[8,7.44,8.19,7],"texture":"#3"}},"rotation":{"origin":[8,-11.23611,3.59161],"axis":"z","angle":-22.5,"rescale":false}},{"from":[3.07274,1.99318,16.21822],"to":[3.79019,2.58851,16.21822],"faces":{"north":{"uv":[8,12.25,8.25,12.47],"texture":"#2"},"east":{"uv":[0,0,0,0.22],"texture":"#2"},"south":{"uv":[8.25,12.25,8.5,12.47],"texture":"#2"},"west":{"uv":[0,0,0,0.22],"texture":"#2"},"up":{"uv":[0.25,0,0,0],"texture":"#2"},"down":{"uv":[0.25,0,0,0],"texture":"#2"}},"rotation":{"origin":[8,2.25389,12.46661],"axis":"y","angle":45,"rescale":false}},{"from":[3.15246,2.07199,16.73383],"to":[3.50355,2.5452,17.10019],"faces":{"north":{"uv":[12.75,12,12.88,12.16],"texture":"#2"},"east":{"uv":[12.25,12.75,12.38,12.91],"texture":"#2"},"south":{"uv":[12.75,12.25,12.88,12.41],"texture":"#2"},"west":{"uv":[12.5,12.75,12.62,12.91],"texture":"#2"},"up":{"uv":[4.62,13.12,4.5,13],"texture":"#2"},"down":{"uv":[4.88,13,4.75,13.12],"texture":"#2"}},"rotation":{"origin":[8,2.25389,12.46661],"axis":"y","angle":45,"rescale":false}},{"from":[3.18586,2.14884,-0.59812],"to":[4.74076,2.70974,0.33553],"faces":{"north":{"uv":[12,8.25,12.56,8.44],"texture":"#2"},"east":{"uv":[5.5,12.25,5.84,12.44],"texture":"#2"},"south":{"uv":[12,8.5,12.56,8.69],"texture":"#2"},"west":{"uv":[6,12.25,6.34,12.44],"texture":"#2"},"up":{"uv":[11.81,8.59,11.25,8.25],"texture":"#2"},"down":{"uv":[11.81,8.75,11.25,9.09],"texture":"#2"}}},{"from":[3.79019,1.99318,15.97398],"to":[4.50765,2.58851,16.52352],"faces":{"north":{"uv":[7.5,12.25,7.75,12.47],"texture":"#2"},"east":{"uv":[10,12.5,10.19,12.72],"texture":"#2"},"south":{"uv":[7.75,12.25,8,12.47],"texture":"#2"},"west":{"uv":[12.5,10,12.69,10.22],"texture":"#2"},"up":{"uv":[3.5,12.69,3.25,12.5],"texture":"#2"},"down":{"uv":[3.75,12.5,3.5,12.69],"texture":"#2"}},"rotation":{"origin":[8,2.25389,12.46661],"axis":"y","angle":45,"rescale":false}},{"from":[4.10784,2.11334,1.77165],"to":[5.48524,2.74524,2.29705],"faces":{"north":{"uv":[10.25,2.25,10.75,2.47],"texture":"#2"},"east":{"uv":[9.25,12.5,9.44,12.72],"texture":"#2"},"south":{"uv":[11.5,5.5,12,5.72],"texture":"#2"},"west":{"uv":[9.5,12.5,9.69,12.72],"texture":"#2"},"up":{"uv":[12.5,9.94,12,9.75],"texture":"#2"},"down":{"uv":[12.5,10,12,10.19],"texture":"#2"}}},{"from":[4.15655,1.4589,15.72973],"to":[4.50764,1.93212,16.09609],"faces":{"north":{"uv":[12.75,12.5,12.88,12.66],"texture":"#2"},"east":{"uv":[12.75,12.75,12.88,12.91],"texture":"#2"},"south":{"uv":[0,13,0.12,13.16],"texture":"#2"},"west":{"uv":[13,0,13.12,0.16],"texture":"#2"},"up":{"uv":[5.12,13.12,5,13],"texture":"#2"},"down":{"uv":[13.12,5,13,5.12],"texture":"#2"}},"rotation":{"origin":[8,2.25389,12.46661],"axis":"y","angle":45,"rescale":false}},{"from":[4.38986,1.71326,19.16691],"to":[4.9852,1.71326,19.88437],"faces":{"north":{"uv":[0,0,0.22,0],"texture":"#2"},"east":{"uv":[0,0,0.25,0],"texture":"#2"},"south":{"uv":[0,0,0.22,0],"texture":"#2"},"west":{"uv":[0,0,0.25,0],"texture":"#2"},"up":{"uv":[10.22,12.5,10,12.25],"texture":"#2"},"down":{"uv":[10.47,12.25,10.25,12.5],"texture":"#2"}},"rotation":{"origin":[8,2.25389,12.46661],"axis":"y","angle":45,"rescale":false}},{"from":[4.39184,2.18434,0.50136],"to":[5.84024,2.67424,1.79001],"faces":{"north":{"uv":[12,10.25,12.5,10.44],"texture":"#2"},"east":{"uv":[12,11.5,12.47,11.69],"texture":"#2"},"south":{"uv":[12,10.5,12.5,10.69],"texture":"#2"},"west":{"uv":[12,11.75,12.47,11.94],"texture":"#2"},"up":{"uv":[11.5,0.47,11,0],"texture":"#2"},"down":{"uv":[11.5,0.5,11,0.97],"texture":"#2"}}},{"from":[5.39396,2.29084,18.16282],"to":[5.98929,2.29084,18.88028],"faces":{"north":{"uv":[0,0,0.22,0],"texture":"#2"},"east":{"uv":[0,0,0.25,0],"texture":"#2"},"south":{"uv":[0,0,0.22,0],"texture":"#2"},"west":{"uv":[0,0,0.25,0],"texture":"#2"},"up":{"uv":[10.72,12.5,10.5,12.25],"texture":"#2"},"down":{"uv":[10.97,12.25,10.75,12.5],"texture":"#2"}},"rotation":{"origin":[8,2.25389,12.46661],"axis":"y","angle":45,"rescale":false}},{"from":[5.49608,2.14884,1.34082],"to":[5.95048,2.70974,1.86622],"faces":{"north":{"uv":[12.75,3.5,12.91,3.69],"texture":"#2"},"east":{"uv":[12.75,0,12.94,0.19],"texture":"#2"},"south":{"uv":[3.75,12.75,3.91,12.94],"texture":"#2"},"west":{"uv":[0.25,12.75,0.44,12.94],"texture":"#2"},"up":{"uv":[12.91,3.94,12.75,3.75],"texture":"#2"},"down":{"uv":[4.16,12.75,4,12.94],"texture":"#2"}},"rotation":{"origin":[8,2.25389,12.46661],"axis":"y","angle":-22.5,"rescale":false}},{"from":[5.75108,1.38258,17.24345],"to":[6.1785,2.60378,18.03723],"faces":{"north":{"uv":[5,12.25,5.16,12.69],"texture":"#2"},"east":{"uv":[11.75,7,12.03,7.44],"texture":"#2"},"south":{"uv":[5.25,12.25,5.41,12.69],"texture":"#2"},"west":{"uv":[8,11.75,8.28,12.19],"texture":"#2"},"up":{"uv":[8.66,12.78,8.5,12.5],"texture":"#2"},"down":{"uv":[8.91,12.5,8.75,12.78],"texture":"#2"}}},{"from":[5.75108,1.40033,18.66345],"to":[6.1785,2.62153,19.45723],"faces":{"north":{"uv":[4.5,12.25,4.66,12.69],"texture":"#2"},"east":{"uv":[11.75,6,12.03,6.44],"texture":"#2"},"south":{"uv":[4.75,12.25,4.91,12.69],"texture":"#2"},"west":{"uv":[11.75,6.5,12.03,6.94],"texture":"#2"},"up":{"uv":[8.16,12.78,8,12.5],"texture":"#2"},"down":{"uv":[8.41,12.5,8.25,12.78],"texture":"#2"}}},{"from":[5.78089,1.66256,7.23673],"to":[8.4505,1.66256,11.64157],"faces":{"north":{"uv":[0,0,1,0],"texture":"#1"},"east":{"uv":[0,0,1.66,0],"texture":"#1"},"south":{"uv":[0,0,1,0],"texture":"#1"},"west":{"uv":[0,0,1.66,0],"texture":"#1"},"up":{"uv":[1,1.66,0,0],"texture":"#1"},"down":{"uv":[2,0,1,1.66],"texture":"#1"}},"rotation":{"origin":[6.4483,1.66256,9.63937],"axis":"z","angle":45,"rescale":false}},{"from":[5.78089,4.46564,7.23673],"to":[8.4505,4.46564,11.64157],"faces":{"north":{"uv":[0,0,1,0],"texture":"#1"},"east":{"uv":[0,0,1.66,0],"texture":"#1"},"south":{"uv":[0,0,1,0],"texture":"#1"},"west":{"uv":[0,0,1.66,0],"texture":"#1"},"up":{"uv":[3,1.66,2,0],"texture":"#1"},"down":{"uv":[3,1.75,2,3.41],"texture":"#1"}},"rotation":{"origin":[6.4483,4.46564,9.63937],"axis":"z","angle":-45,"rescale":false}},{"from":[6.05566,2.16659,1.22951],"to":[6.58106,2.69199,1.75491],"faces":{"north":{"uv":[11.75,12.5,11.94,12.69],"texture":"#2"},"east":{"uv":[12.5,11.75,12.69,11.94],"texture":"#2"},"south":{"uv":[12,12.5,12.19,12.69],"texture":"#2"},"west":{"uv":[12.5,12,12.69,12.19],"texture":"#2"},"up":{"uv":[12.44,12.69,12.25,12.5],"texture":"#2"},"down":{"uv":[12.69,12.25,12.5,12.44],"texture":"#2"}}},{"from":[6.10303,0.64712,-3.35987],"to":[6.10303,2.35112,-1.51387],"faces":{"north":{"uv":[0,1.19,0,0],"texture":"#3"},"east":{"uv":[1.5,1.31,2.69,0],"texture":"#3","rotation":270},"south":{"uv":[0,0,0,1.19],"texture":"#3","rotation":180},"west":{"uv":[1.5,2.81,2.69,1.5],"texture":"#3","rotation":90},"up":{"uv":[0,1.31,0,0],"texture":"#3","rotation":180},"down":{"uv":[0,1.31,0,0],"texture":"#3"}}},{"from":[6.13533,1.26046,17.12133],"to":[7.0207,2.7259,18.15935],"faces":{"north":{"uv":[8.5,11.5,8.81,12.03],"texture":"#2"},"east":{"uv":[5.25,11,5.62,11.53],"texture":"#2"},"south":{"uv":[11.5,11.25,11.81,11.78],"texture":"#2"},"west":{"uv":[11,7.5,11.38,8.03],"texture":"#2"},"up":{"uv":[10.31,12.12,10,11.75],"texture":"#2"},"down":{"uv":[10.81,11.75,10.5,12.12],"texture":"#2"}}},{"from":[6.13533,1.27821,18.54133],"to":[7.0207,2.74365,19.57935],"faces":{"north":{"uv":[7.5,11.5,7.81,12.03],"texture":"#2"},"east":{"uv":[4.75,11,5.12,11.53],"texture":"#2"},"south":{"uv":[11.5,7.5,11.81,8.03],"texture":"#2"},"west":{"uv":[11,5,11.38,5.53],"texture":"#2"},"up":{"uv":[9.31,12.12,9,11.75],"texture":"#2"},"down":{"uv":[9.81,11.75,9.5,12.12],"texture":"#2"}}},{"from":[6.49096,1.1675,16.50328],"to":[9.46586,2.88215,20.40118],"faces":{"north":{"uv":[4,9.5,5.06,10.09],"texture":"#2"},"east":{"uv":[1,9.5,2.38,10.09],"texture":"#2"},"south":{"uv":[9.75,7.5,10.81,8.09],"texture":"#2"},"west":{"uv":[2.5,9.5,3.88,10.09],"texture":"#2"},"up":{"uv":[9.56,8.88,8.5,7.5],"texture":"#2"},"down":{"uv":[9.81,4,8.75,5.38],"texture":"#2"}}},{"from":[6.80518,3.05327,-1.93987],"to":[7.44418,3.05327,-0.09387],"faces":{"north":{"uv":[0,0,0.44,0],"texture":"#3"},"east":{"uv":[0,1.31,0,0],"texture":"#3","rotation":270},"south":{"uv":[0,0,0.44,0],"texture":"#3","rotation":180},"west":{"uv":[0,1.31,0,0],"texture":"#3","rotation":90},"up":{"uv":[0.5,7.31,0.94,6],"texture":"#3","rotation":180},"down":{"uv":[1,7.31,1.44,6],"texture":"#3"}}},{"from":[6.83205,3.0641,-15.58835],"to":[9.16795,3.0641,-11.0834],"faces":{"north":{"uv":[0,0,0.88,0],"texture":"#1"},"east":{"uv":[0,0,1.69,0],"texture":"#1"},"south":{"uv":[0,0,0.88,0],"texture":"#1"},"west":{"uv":[0,0,1.69,0],"texture":"#1"},"up":{"uv":[4.38,5.19,3.5,3.5],"texture":"#1"},"down":{"uv":[4.88,0,4,1.69],"texture":"#1"}},"rotation":{"origin":[8,3.0641,-13.33587],"axis":"z","angle":22.5,"rescale":false}},{"from":[7.02346,0.635,16.50328],"to":[8.93336,2.17215,25.37118],"faces":{"north":{"uv":[1.5,10.25,2.19,10.78],"texture":"#2"},"east":{"uv":[8.5,6,11.62,6.53],"texture":"#2"},"south":{"uv":[10.25,1.5,10.94,2.03],"texture":"#2"},"west":{"uv":[8.5,6.75,11.62,7.28],"texture":"#2"},"up":{"uv":[7.69,9.12,7,6],"texture":"#2"},"down":{"uv":[8.44,6,7.75,9.12],"texture":"#2"}}},{"from":[7.09091,0.32468,22.72152],"to":[7.62341,0.64418,23.14752],"faces":{"north":{"uv":[12.75,8.25,12.94,8.38],"texture":"#2"},"east":{"uv":[2.75,13,2.91,13.12],"texture":"#2"},"south":{"uv":[12.75,8.5,12.94,8.62],"texture":"#2"},"west":{"uv":[13,2.75,13.16,2.88],"texture":"#2"},"up":{"uv":[12.94,2.41,12.75,2.25],"texture":"#2"},"down":{"uv":[2.69,12.75,2.5,12.91],"texture":"#2"}}},{"from":[7.09091,0.32468,23.43152],"to":[7.62341,0.64418,23.85752],"faces":{"north":{"uv":[12.75,6.75,12.94,6.88],"texture":"#2"},"east":{"uv":[2.5,13,2.66,13.12],"texture":"#2"},"south":{"uv":[12.75,7,12.94,7.12],"texture":"#2"},"west":{"uv":[13,2.5,13.16,2.62],"texture":"#2"},"up":{"uv":[12.94,2.16,12.75,2],"texture":"#2"},"down":{"uv":[2.44,12.75,2.25,12.91],"texture":"#2"}}},{"from":[7.09091,0.32468,24.14152],"to":[7.62341,0.64418,24.56752],"faces":{"north":{"uv":[12.75,5.75,12.94,5.88],"texture":"#2"},"east":{"uv":[2.25,13,2.41,13.12],"texture":"#2"},"south":{"uv":[6,12.75,6.19,12.88],"texture":"#2"},"west":{"uv":[13,2.25,13.16,2.38],"texture":"#2"},"up":{"uv":[12.94,1.91,12.75,1.75],"texture":"#2"},"down":{"uv":[2.19,12.75,2,12.91],"texture":"#2"}}},{"from":[7.09091,0.32468,24.85152],"to":[7.62341,0.64418,25.27752],"faces":{"north":{"uv":[4.25,12.75,4.44,12.88],"texture":"#2"},"east":{"uv":[12.75,11.75,12.91,11.88],"texture":"#2"},"south":{"uv":[4.5,12.75,4.69,12.88],"texture":"#2"},"west":{"uv":[12,12.75,12.16,12.88],"texture":"#2"},"up":{"uv":[12.94,1.66,12.75,1.5],"texture":"#2"},"down":{"uv":[1.94,12.75,1.75,12.91],"texture":"#2"}}},{"from":[7.16191,4.02644,22.71776],"to":[7.55241,4.55894,23.05501],"faces":{"north":{"uv":[12.75,7.25,12.88,7.44],"texture":"#2"},"east":{"uv":[12.75,7.5,12.88,7.69],"texture":"#2"},"south":{"uv":[12.75,7.75,12.88,7.94],"texture":"#2"},"west":{"uv":[12.75,8,12.88,8.19],"texture":"#2"},"up":{"uv":[6.88,13.12,6.75,13],"texture":"#2"},"down":{"uv":[13.12,6.75,13,6.88],"texture":"#2"}},"rotation":{"origin":[8,2.25389,12.46661],"axis":"x","angle":22.5,"rescale":false}},{"from":[7.16191,4.29814,23.37371],"to":[7.55241,4.83064,23.71096],"faces":{"north":{"uv":[12.75,6,12.88,6.19],"texture":"#2"},"east":{"uv":[6.25,12.75,6.38,12.94],"texture":"#2"},"south":{"uv":[12.75,6.25,12.88,6.44],"texture":"#2"},"west":{"uv":[12.75,6.5,12.88,6.69],"texture":"#2"},"up":{"uv":[6.62,13.12,6.5,13],"texture":"#2"},"down":{"uv":[13.12,6.5,13,6.62],"texture":"#2"}},"rotation":{"origin":[8,2.25389,12.46661],"axis":"x","angle":22.5,"rescale":false}},{"from":[7.16191,4.56985,24.02967],"to":[7.55241,5.10235,24.36692],"faces":{"north":{"uv":[12.75,5.25,12.88,5.44],"texture":"#2"},"east":{"uv":[5.5,12.75,5.62,12.94],"texture":"#2"},"south":{"uv":[12.75,5.5,12.88,5.69],"texture":"#2"},"west":{"uv":[5.75,12.75,5.88,12.94],"texture":"#2"},"up":{"uv":[6.38,13.12,6.25,13],"texture":"#2"},"down":{"uv":[13.12,6.25,13,6.38],"texture":"#2"}},"rotation":{"origin":[8,2.25389,12.46661],"axis":"x","angle":22.5,"rescale":false}},{"from":[7.16191,4.84155,24.68562],"to":[7.55241,5.37405,25.02287],"faces":{"north":{"uv":[4.75,12.75,4.88,12.94],"texture":"#2"},"east":{"uv":[5,12.75,5.12,12.94],"texture":"#2"},"south":{"uv":[12.75,5,12.88,5.19],"texture":"#2"},"west":{"uv":[5.25,12.75,5.38,12.94],"texture":"#2"},"up":{"uv":[4.12,13.12,4,13],"texture":"#2"},"down":{"uv":[4.38,13,4.25,13.12],"texture":"#2"}},"rotation":{"origin":[8,2.25389,12.46661],"axis":"x","angle":22.5,"rescale":false}},{"from":[7.16575,1.53966,-1.33637],"to":[7.16575,2.32066,-0.02287],"faces":{"north":{"uv":[0,0.56,0,0],"texture":"#3"},"east":{"uv":[2.5,6.94,3.06,6],"texture":"#3","rotation":270},"south":{"uv":[0,0,0,0.56],"texture":"#3","rotation":180},"west":{"uv":[6,3.44,6.56,2.5],"texture":"#3","rotation":90},"up":{"uv":[0,0.94,0,0],"texture":"#3","rotation":180},"down":{"uv":[0,0.94,0,0],"texture":"#3"}}},{"from":[7.20096,-0.90355,14.21933],"to":[8.75586,0.6336,16.16473],"faces":{"north":{"uv":[6,10.75,6.56,11.28],"texture":"#2"},"east":{"uv":[2.25,10.25,2.94,10.78],"texture":"#2"},"south":{"uv":[8.5,10.75,9.06,11.28],"texture":"#2"},"west":{"uv":[3,10.25,3.69,10.78],"texture":"#2"},"up":{"uv":[10.81,0.69,10.25,0],"texture":"#2"},"down":{"uv":[10.81,0.75,10.25,1.44],"texture":"#2"}},"rotation":{"origin":[8,2.25389,12.46661],"axis":"x","angle":-22.5,"rescale":false}},{"from":[7.20096,4.63254,16.07759],"to":[8.75586,5.63719,18.09399],"faces":{"north":{"uv":[10,11.25,10.56,11.59],"texture":"#2"},"east":{"uv":[9.25,10.75,9.97,11.09],"texture":"#2"},"south":{"uv":[11.25,10.25,11.81,10.59],"texture":"#2"},"west":{"uv":[10.75,9.25,11.47,9.59],"texture":"#2"},"up":{"uv":[10.31,8.97,9.75,8.25],"texture":"#2"},"down":{"uv":[10.56,9,10,9.72],"texture":"#2"}},"rotation":{"origin":[8,2.25389,12.46661],"axis":"x","angle":22.5,"rescale":false}},{"from":[7.20096,5.22836,18.44369],"to":[8.75586,6.23301,21.09909],"faces":{"north":{"uv":[9.25,11.25,9.81,11.59],"texture":"#2"},"east":{"uv":[8.75,5.5,9.69,5.84],"texture":"#2"},"south":{"uv":[11.25,9.75,11.81,10.09],"texture":"#2"},"west":{"uv":[3.75,10.25,4.69,10.59],"texture":"#2"},"up":{"uv":[5.81,10.44,5.25,9.5],"texture":"#2"},"down":{"uv":[9.06,9.75,8.5,10.69],"texture":"#2"}},"rotation":{"origin":[8,2.25389,12.46661],"axis":"x","angle":22.5,"rescale":false}},{"from":[7.20125,1.53966,-1.33637],"to":[7.55625,2.32066,-0.02287],"faces":{"north":{"uv":[1,8.06,1.25,7.5],"texture":"#3"},"east":{"uv":[1.5,6.94,2.06,6],"texture":"#3","rotation":270},"south":{"uv":[7.5,1,7.75,1.56],"texture":"#3","rotation":180},"west":{"uv":[6,2.44,6.56,1.5],"texture":"#3","rotation":90},"up":{"uv":[7,7.94,7.25,7],"texture":"#3","rotation":180},"down":{"uv":[0,8.44,0.25,7.5],"texture":"#3"}}},{"from":[7.29,-2.2544,22.67501],"to":[8.71,0.5856,24.09501],"faces":{"north":{"uv":[9.25,9.75,9.75,10.75],"texture":"#2"},"east":{"uv":[9.75,9.75,10.25,10.75],"texture":"#2"},"south":{"uv":[10,4,10.5,5],"texture":"#2"},"west":{"uv":[10,5,10.5,6],"texture":"#2"},"up":{"uv":[4.75,11.25,4.25,10.75],"texture":"#2"},"down":{"uv":[11.25,8.75,10.75,9.25],"texture":"#2"}}},{"from":[7.29,0.5856,0.52301],"to":[8.71,2.3606,14.01301],"faces":{"north":{"uv":[4.75,10.25,5.25,10.88],"texture":"#2"},"east":{"uv":[6,2.5,10.75,3.12],"texture":"#2"},"south":{"uv":[10.25,9.75,10.75,10.38],"texture":"#2"},"west":{"uv":[6,3.25,10.75,3.88],"texture":"#2"},"up":{"uv":[6.5,10.75,6,6],"texture":"#2"},"down":{"uv":[7,6,6.5,10.75],"texture":"#2"}}},{"from":[7.29,1.22016,-3.85687],"to":[8.71,2.64016,-2.43687],"faces":{"north":{"uv":[10,10,12,8],"texture":"#0"},"east":{"uv":[11,8,9,6],"texture":"#0","rotation":270},"south":{"uv":[10,10,12,12],"texture":"#0","rotation":180},"west":{"uv":[9,8,11,6],"texture":"#0","rotation":90},"up":{"uv":[9,2,11,0],"texture":"#0","rotation":180},"down":{"uv":[9,6,11,4],"texture":"#0"}}},{"from":[7.29,1.93016,-4.38937],"to":[8,2.64016,-3.85687],"faces":{"north":{"uv":[12,8,13,7],"texture":"#0"},"east":{"uv":[12,12.75,13,12],"texture":"#0","rotation":270},"south":{"uv":[12,8,13,9],"texture":"#0","rotation":180},"west":{"uv":[13,3.75,14,3],"texture":"#0","rotation":90},"up":{"uv":[12,11.75,13,11],"texture":"#0","rotation":180},"down":{"uv":[13,2.75,14,2],"texture":"#0"}}},{"from":[7.36071,-1.11072,12.85181],"to":[8.59611,0.10693,14.79721],"faces":{"north":{"uv":[4.25,11.25,4.69,11.69],"texture":"#2"},"east":{"uv":[5.25,10.5,5.94,10.94],"texture":"#2"},"south":{"uv":[11.5,0,11.94,0.44],"texture":"#2"},"west":{"uv":[10.5,8.25,11.19,8.69],"texture":"#2"},"up":{"uv":[10.69,11.19,10.25,10.5],"texture":"#2"},"down":{"uv":[11.19,2.25,10.75,2.94],"texture":"#2"}},"rotation":{"origin":[8,0.97589,11.96961],"axis":"x","angle":-22.5,"rescale":false}},{"from":[7.4675,-1.9704,15.39751],"to":[8.5325,0.8696,22.67501],"faces":{"north":{"uv":[8,10,8.38,11],"texture":"#2"},"east":{"uv":[6,4,8.56,5],"texture":"#2"},"south":{"uv":[1,10.25,1.38,11.25],"texture":"#2"},"west":{"uv":[6,5,8.56,6],"texture":"#2"},"up":{"uv":[0.38,12.06,0,9.5],"texture":"#2"},"down":{"uv":[0.88,9.5,0.5,12.06],"texture":"#2"}}},{"from":[7.48525,1.44761,13.68726],"to":[8.497,3.50661,17.71651],"faces":{"north":{"uv":[10.75,9.75,11.09,10.47],"texture":"#2"},"east":{"uv":[8.5,9,9.91,9.72],"texture":"#2"},"south":{"uv":[10.75,10.5,11.09,11.22],"texture":"#2"},"west":{"uv":[7,9.25,8.41,9.97],"texture":"#2"},"up":{"uv":[7.34,11.41,7,10],"texture":"#2"},"down":{"uv":[7.84,10,7.5,11.41],"texture":"#2"}},"rotation":{"origin":[8,2.53789,12.43111],"axis":"x","angle":45,"rescale":false}},{"from":[7.54951,1.66256,7.23673],"to":[10.2191,1.66256,11.64157],"faces":{"north":{"uv":[0,0,1,0],"texture":"#1"},"east":{"uv":[0,0,1.66,0],"texture":"#1"},"south":{"uv":[0,0,1,0],"texture":"#1"},"west":{"uv":[0,0,1.66,0],"texture":"#1"},"up":{"uv":[1,3.41,0,1.75],"texture":"#1"},"down":{"uv":[2,1.75,1,3.41],"texture":"#1"}},"rotation":{"origin":[9.55171,1.66256,9.63937],"axis":"z","angle":-45,"rescale":false}},{"from":[7.54951,4.46564,7.23673],"to":[10.2191,4.46564,11.64157],"faces":{"north":{"uv":[0,0,1,0],"texture":"#1"},"east":{"uv":[0,0,1.66,0],"texture":"#1"},"south":{"uv":[0,0,1,0],"texture":"#1"},"west":{"uv":[0,0,1.66,0],"texture":"#1"},"up":{"uv":[4,1.66,3,0],"texture":"#1"},"down":{"uv":[4,1.75,3,3.41],"texture":"#1"}},"rotation":{"origin":[9.55171,4.46564,9.63937],"axis":"z","angle":45,"rescale":false}},{"from":[7.6095,1.53966,-1.51387],"to":[8.3905,2.32066,0.54513],"faces":{"north":{"uv":[6,7.56,6.56,7],"texture":"#3"},"east":{"uv":[5,4.44,5.56,3],"texture":"#3","rotation":270},"south":{"uv":[7,6,7.56,6.56],"texture":"#3","rotation":180},"west":{"uv":[5.5,1.44,6.06,0],"texture":"#3","rotation":90},"up":{"uv":[4,5.94,4.56,4.5],"texture":"#3","rotation":180},"down":{"uv":[5,5.94,5.56,4.5],"texture":"#3"}}},{"from":[7.62725,3.58156,5.86736],"to":[8.37275,4.34481,6.63061],"faces":{"north":{"uv":[4,13.12,5,12],"texture":"#0"},"east":{"uv":[2.12,13.12,1,12],"texture":"#0","rotation":270},"south":{"uv":[12,4,13,5.12],"texture":"#0","rotation":180},"west":{"uv":[1,13.12,2.12,12],"texture":"#0","rotation":90},"up":{"uv":[12,3.12,13,2],"texture":"#0","rotation":180},"down":{"uv":[3,13.12,4,12],"texture":"#0"}},"rotation":{"origin":[8,-11.23611,3.59161],"axis":"x","angle":-45,"rescale":false}},{"from":[7.645,0.86516,-5.27687],"to":[8.355,1.93016,-3.32437],"faces":{"north":{"uv":[11,7.5,12,6],"texture":"#0"},"east":{"uv":[6,10.75,7.5,8],"texture":"#0","rotation":270},"south":{"uv":[0,12,1,13.5],"texture":"#0","rotation":180},"west":{"uv":[8,10.75,9.5,8],"texture":"#0","rotation":90},"up":{"uv":[11,2.75,12,0],"texture":"#0","rotation":180},"down":{"uv":[11,5.75,12,3],"texture":"#0"}}},{"from":[7.83791,1.38258,17.24345],"to":[8.26533,2.60378,18.03723],"faces":{"north":{"uv":[12.25,3.5,12.41,3.94],"texture":"#2"},"east":{"uv":[3.75,11.75,4.03,12.19],"texture":"#2"},"south":{"uv":[3.75,12.25,3.91,12.69],"texture":"#2"},"west":{"uv":[4.25,11.75,4.53,12.19],"texture":"#2"},"up":{"uv":[12.66,7.28,12.5,7],"texture":"#2"},"down":{"uv":[7.41,12.5,7.25,12.78],"texture":"#2"}}},{"from":[7.83791,1.40033,18.66345],"to":[8.26533,2.62153,19.45723],"faces":{"north":{"uv":[9.75,5.5,9.91,5.94],"texture":"#2"},"east":{"uv":[11.5,9.25,11.78,9.69],"texture":"#2"},"south":{"uv":[10,10.75,10.16,11.19],"texture":"#2"},"west":{"uv":[11.75,2.75,12.03,3.19],"texture":"#2"},"up":{"uv":[6.66,12.78,6.5,12.5],"texture":"#2"},"down":{"uv":[12.66,6.5,12.5,6.78],"texture":"#2"}}},{"from":[7.86785,2.93196,-13.99193],"to":[8.13215,3.19625,8.84383],"faces":{"north":{"uv":[4,2.25,4.09,2.34],"texture":"#1"},"east":{"uv":[4,1.75,12.56,1.84],"texture":"#1"},"south":{"uv":[4,2.5,4.09,2.59],"texture":"#1"},"west":{"uv":[4,2,12.56,2.09],"texture":"#1"},"up":{"uv":[0.09,13.06,0,4.5],"texture":"#1"},"down":{"uv":[0.34,4.5,0.25,13.06],"texture":"#1"}}},{"from":[7.97841,1.88668,10.03027],"to":[7.97841,5.43668,22.10027],"faces":{"north":{"uv":[0,0,0,1.25],"texture":"#2"},"east":{"uv":[6,0,10.25,1.25],"texture":"#2"},"south":{"uv":[0,0,0,1.25],"texture":"#2"},"west":{"uv":[6,1.25,10.25,2.5],"texture":"#2"},"up":{"uv":[0,4.25,0,0],"texture":"#2"},"down":{"uv":[0,0,0,4.25],"texture":"#2"}}},{"from":[8,1.22016,-2.43687],"to":[8.71,1.93016,-1.90437],"faces":{"north":{"uv":[5,13,6,12],"texture":"#0"},"east":{"uv":[10,12.75,11,12],"texture":"#0","rotation":270},"south":{"uv":[12,6,13,7],"texture":"#0","rotation":180},"west":{"uv":[11,12.75,12,12],"texture":"#0","rotation":90},"up":{"uv":[12,9.75,13,9],"texture":"#0","rotation":180},"down":{"uv":[12,10.75,13,10],"texture":"#0"}}},{"from":[8,1.89615,-15.58835],"to":[8,4.23205,-11.0834],"faces":{"north":{"uv":[0,0,0,0.88],"texture":"#1"},"east":{"uv":[0,3.5,1.69,4.38],"texture":"#1"},"south":{"uv":[0,0,0,0.88],"texture":"#1"},"west":{"uv":[1.75,3.5,3.44,4.38],"texture":"#1"},"up":{"uv":[0,1.69,0,0],"texture":"#1"},"down":{"uv":[0,0,0,1.69],"texture":"#1"}}},{"from":[8,2.39379,7.90458],"to":[20.6025,2.39379,8.08208],"faces":{"north":{"uv":[0,0,3.25,0],"texture":"#2"},"east":{"uv":[0,0,0.06,0],"texture":"#2"},"south":{"uv":[0,0,3.25,0],"texture":"#2"},"west":{"uv":[0,0,0.06,0],"texture":"#2"},"up":{"uv":[14.25,4.56,11,4.5],"texture":"#2"},"down":{"uv":[14.25,4.75,11,4.81],"texture":"#2"}}},{"from":[8.33341,0.32468,22.72152],"to":[8.86591,0.64418,23.14752],"faces":{"north":{"uv":[12.75,9.25,12.94,9.38],"texture":"#2"},"east":{"uv":[3,13,3.16,13.12],"texture":"#2"},"south":{"uv":[9.5,12.75,9.69,12.88],"texture":"#2"},"west":{"uv":[13,3,13.16,3.12],"texture":"#2"},"up":{"uv":[12.94,2.66,12.75,2.5],"texture":"#2"},"down":{"uv":[2.94,12.75,2.75,12.91],"texture":"#2"}}},{"from":[8.33341,0.32468,23.43152],"to":[8.86591,0.64418,23.85752],"faces":{"north":{"uv":[12.75,10,12.94,10.12],"texture":"#2"},"east":{"uv":[3.25,13,3.41,13.12],"texture":"#2"},"south":{"uv":[10.25,12.75,10.44,12.88],"texture":"#2"},"west":{"uv":[13,3.25,13.16,3.38],"texture":"#2"},"up":{"uv":[12.94,2.91,12.75,2.75],"texture":"#2"},"down":{"uv":[3.19,12.75,3,12.91],"texture":"#2"}}},{"from":[8.33341,0.32468,24.14152],"to":[8.86591,0.64418,24.56752],"faces":{"north":{"uv":[12.75,10.25,12.94,10.38],"texture":"#2"},"east":{"uv":[3.5,13,3.66,13.12],"texture":"#2"},"south":{"uv":[10.5,12.75,10.69,12.88],"texture":"#2"},"west":{"uv":[13,3.5,13.16,3.62],"texture":"#2"},"up":{"uv":[12.94,3.16,12.75,3],"texture":"#2"},"down":{"uv":[3.44,12.75,3.25,12.91],"texture":"#2"}}},{"from":[8.33341,0.32468,24.85152],"to":[8.86591,0.64418,25.27752],"faces":{"north":{"uv":[12.75,11.5,12.94,11.62],"texture":"#2"},"east":{"uv":[3.75,13,3.91,13.12],"texture":"#2"},"south":{"uv":[11.75,12.75,11.94,12.88],"texture":"#2"},"west":{"uv":[13,3.75,13.16,3.88],"texture":"#2"},"up":{"uv":[12.94,3.41,12.75,3.25],"texture":"#2"},"down":{"uv":[3.69,12.75,3.5,12.91],"texture":"#2"}}},{"from":[8.40441,4.02644,22.71776],"to":[8.79491,4.55894,23.05501],"faces":{"north":{"uv":[12.75,8.75,12.88,8.94],"texture":"#2"},"east":{"uv":[9,12.75,9.12,12.94],"texture":"#2"},"south":{"uv":[12.75,9,12.88,9.19],"texture":"#2"},"west":{"uv":[9.25,12.75,9.38,12.94],"texture":"#2"},"up":{"uv":[7.12,13.12,7,13],"texture":"#2"},"down":{"uv":[13.12,7,13,7.12],"texture":"#2"}},"rotation":{"origin":[8,2.25389,12.46661],"axis":"x","angle":22.5,"rescale":false}},{"from":[8.40441,4.29814,23.37371],"to":[8.79491,4.83064,23.71096],"faces":{"north":{"uv":[12.75,9.5,12.88,9.69],"texture":"#2"},"east":{"uv":[9.75,12.75,9.88,12.94],"texture":"#2"},"south":{"uv":[12.75,9.75,12.88,9.94],"texture":"#2"},"west":{"uv":[10,12.75,10.12,12.94],"texture":"#2"},"up":{"uv":[7.38,13.12,7.25,13],"texture":"#2"},"down":{"uv":[13.12,7.25,13,7.38],"texture":"#2"}},"rotation":{"origin":[8,2.25389,12.46661],"axis":"x","angle":22.5,"rescale":false}},{"from":[8.40441,4.56985,24.02967],"to":[8.79491,5.10235,24.36692],"faces":{"north":{"uv":[12.75,10.5,12.88,10.69],"texture":"#2"},"east":{"uv":[10.75,12.75,10.88,12.94],"texture":"#2"},"south":{"uv":[12.75,10.75,12.88,10.94],"texture":"#2"},"west":{"uv":[11,12.75,11.12,12.94],"texture":"#2"},"up":{"uv":[7.62,13.12,7.5,13],"texture":"#2"},"down":{"uv":[13.12,7.5,13,7.62],"texture":"#2"}},"rotation":{"origin":[8,2.25389,12.46661],"axis":"x","angle":22.5,"rescale":false}},{"from":[8.40441,4.84155,24.68562],"to":[8.79491,5.37405,25.02287],"faces":{"north":{"uv":[12.75,11,12.88,11.19],"texture":"#2"},"east":{"uv":[11.25,12.75,11.38,12.94],"texture":"#2"},"south":{"uv":[12.75,11.25,12.88,11.44],"texture":"#2"},"west":{"uv":[11.5,12.75,11.62,12.94],"texture":"#2"},"up":{"uv":[7.88,13.12,7.75,13],"texture":"#2"},"down":{"uv":[13.12,7.75,13,7.88],"texture":"#2"}},"rotation":{"origin":[8,2.25389,12.46661],"axis":"x","angle":22.5,"rescale":false}},{"from":[8.44375,1.53966,-1.33637],"to":[8.79875,2.32066,-0.02287],"faces":{"north":{"uv":[7.5,2.56,7.75,2],"texture":"#3"},"east":{"uv":[3.5,6.94,4.06,6],"texture":"#3","rotation":270},"south":{"uv":[7.5,3,7.75,3.56],"texture":"#3","rotation":180},"west":{"uv":[6,4.44,6.56,3.5],"texture":"#3","rotation":90},"up":{"uv":[7.5,0.94,7.75,0],"texture":"#3","rotation":180},"down":{"uv":[0.5,8.44,0.75,7.5],"texture":"#3"}}},{"from":[8.55582,0.80706,-1.93987],"to":[9.19482,0.80706,-0.09387],"faces":{"north":{"uv":[0,0,0.44,0],"texture":"#3"},"east":{"uv":[0,1.31,0,0],"texture":"#3","rotation":270},"south":{"uv":[0,0,0.44,0],"texture":"#3","rotation":180},"west":{"uv":[0,1.31,0,0],"texture":"#3","rotation":90},"up":{"uv":[5.5,2.81,5.94,1.5],"texture":"#3","rotation":180},"down":{"uv":[0,7.31,0.44,6],"texture":"#3"}}},{"from":[8.83425,1.53966,-1.33637],"to":[8.83425,2.32066,-0.02287],"faces":{"north":{"uv":[0,0.56,0,0],"texture":"#3"},"east":{"uv":[4.5,6.94,5.06,6],"texture":"#3","rotation":270},"south":{"uv":[0,0,0,0.56],"texture":"#3","rotation":180},"west":{"uv":[6,5.44,6.56,4.5],"texture":"#3","rotation":90},"up":{"uv":[0,0.94,0,0],"texture":"#3","rotation":180},"down":{"uv":[0,0.94,0,0],"texture":"#3"}}},{"from":[8.93613,1.26046,17.12133],"to":[9.8215,2.7259,18.15935],"faces":{"north":{"uv":[2.25,11.75,2.56,12.28],"texture":"#2"},"east":{"uv":[11.25,2.25,11.62,2.78],"texture":"#2"},"south":{"uv":[2.75,11.75,3.06,12.28],"texture":"#2"},"west":{"uv":[11.25,3,11.62,3.53],"texture":"#2"},"up":{"uv":[1.31,12.38,1,12],"texture":"#2"},"down":{"uv":[12.31,5,12,5.38],"texture":"#2"}}},{"from":[8.93613,1.27821,18.54133],"to":[9.8215,2.74365,19.57935],"faces":{"north":{"uv":[1.75,11.75,2.06,12.28],"texture":"#2"},"east":{"uv":[8,11,8.38,11.53],"texture":"#2"},"south":{"uv":[11.75,2,12.06,2.53],"texture":"#2"},"west":{"uv":[1,11.25,1.38,11.78],"texture":"#2"},"up":{"uv":[11.31,12.12,11,11.75],"texture":"#2"},"down":{"uv":[12.31,0,12,0.38],"texture":"#2"}}},{"from":[9.41894,2.16659,1.22951],"to":[9.94434,2.69199,1.75491],"faces":{"north":{"uv":[12.75,0.25,12.94,0.44],"texture":"#2"},"east":{"uv":[0.5,12.75,0.69,12.94],"texture":"#2"},"south":{"uv":[12.75,0.5,12.94,0.69],"texture":"#2"},"west":{"uv":[0.75,12.75,0.94,12.94],"texture":"#2"},"up":{"uv":[12.94,0.94,12.75,0.75],"texture":"#2"},"down":{"uv":[1.19,12.75,1,12.94],"texture":"#2"}}},{"from":[9.8215,1.38258,17.24345],"to":[10.24892,2.60378,18.03723],"faces":{"north":{"uv":[4,12.25,4.16,12.69],"texture":"#2"},"east":{"uv":[4.75,11.75,5.03,12.19],"texture":"#2"},"south":{"uv":[4.25,12.25,4.41,12.69],"texture":"#2"},"west":{"uv":[5.25,11.75,5.53,12.19],"texture":"#2"},"up":{"uv":[7.66,12.78,7.5,12.5],"texture":"#2"},"down":{"uv":[7.91,12.5,7.75,12.78],"texture":"#2"}}},{"from":[9.8215,1.40033,18.66345],"to":[10.24892,2.62153,19.45723],"faces":{"north":{"uv":[7.25,12,7.41,12.44],"texture":"#2"},"east":{"uv":[3.25,11.75,3.53,12.19],"texture":"#2"},"south":{"uv":[1.5,12.25,1.66,12.69],"texture":"#2"},"west":{"uv":[11.75,3.25,12.03,3.69],"texture":"#2"},"up":{"uv":[6.91,12.78,6.75,12.5],"texture":"#2"},"down":{"uv":[7.16,12.5,7,12.78],"texture":"#2"}}},{"from":[9.89697,1.50921,-3.35987],"to":[9.89697,3.21321,-1.51387],"faces":{"north":{"uv":[0,1.19,0,0],"texture":"#3"},"east":{"uv":[1.5,4.31,2.69,3],"texture":"#3","rotation":270},"south":{"uv":[0,0,0,1.19],"texture":"#3","rotation":180},"west":{"uv":[3,2.81,4.19,1.5],"texture":"#3","rotation":90},"up":{"uv":[0,1.31,0,0],"texture":"#3","rotation":180},"down":{"uv":[0,1.31,0,0],"texture":"#3"}}},{"from":[10.01071,2.29084,18.16282],"to":[10.60604,2.29084,18.88028],"faces":{"north":{"uv":[0,0,0.22,0],"texture":"#2"},"east":{"uv":[0,0,0.25,0],"texture":"#2"},"south":{"uv":[0,0,0.22,0],"texture":"#2"},"west":{"uv":[0,0,0.25,0],"texture":"#2"},"up":{"uv":[0.47,12.75,0.25,12.5],"texture":"#2"},"down":{"uv":[12.72,0.25,12.5,0.5],"texture":"#2"}},"rotation":{"origin":[8,2.25389,12.46661],"axis":"y","angle":-45,"rescale":false}},{"from":[10.04952,2.14884,1.34082],"to":[10.50392,2.70974,1.86622],"faces":{"north":{"uv":[12.75,1,12.91,1.19],"texture":"#2"},"east":{"uv":[12.5,12.5,12.69,12.69],"texture":"#2"},"south":{"uv":[1.25,12.75,1.41,12.94],"texture":"#2"},"west":{"uv":[0,12.75,0.19,12.94],"texture":"#2"},"up":{"uv":[12.91,1.44,12.75,1.25],"texture":"#2"},"down":{"uv":[1.66,12.75,1.5,12.94],"texture":"#2"}},"rotation":{"origin":[8,2.25389,12.46661],"axis":"y","angle":22.5,"rescale":false}},{"from":[10.15976,2.18434,0.50136],"to":[11.60816,2.67424,1.79001],"faces":{"north":{"uv":[12,11.25,12.5,11.44],"texture":"#2"},"east":{"uv":[12,12,12.47,12.19],"texture":"#2"},"south":{"uv":[11.5,12,12,12.19],"texture":"#2"},"west":{"uv":[0,12.25,0.47,12.44],"texture":"#2"},"up":{"uv":[11.5,1.47,11,1],"texture":"#2"},"down":{"uv":[2,11,1.5,11.47],"texture":"#2"}}},{"from":[10.51476,2.11334,1.77165],"to":[11.89216,2.74524,2.29705],"faces":{"north":{"uv":[12,5.75,12.5,5.97],"texture":"#2"},"east":{"uv":[11.25,12.5,11.44,12.72],"texture":"#2"},"south":{"uv":[6.25,12,6.75,12.22],"texture":"#2"},"west":{"uv":[12.5,11.25,12.69,11.47],"texture":"#2"},"up":{"uv":[12.5,10.94,12,10.75],"texture":"#2"},"down":{"uv":[12.5,11,12,11.19],"texture":"#2"}}},{"from":[11.0148,1.71326,19.16691],"to":[11.61014,1.71326,19.88437],"faces":{"north":{"uv":[0,0,0.22,0],"texture":"#2"},"east":{"uv":[0,0,0.25,0],"texture":"#2"},"south":{"uv":[0,0,0.22,0],"texture":"#2"},"west":{"uv":[0,0,0.25,0],"texture":"#2"},"up":{"uv":[0.72,12.75,0.5,12.5],"texture":"#2"},"down":{"uv":[12.72,0.5,12.5,0.75],"texture":"#2"}},"rotation":{"origin":[8,2.25389,12.46661],"axis":"y","angle":-45,"rescale":false}},{"from":[11.25924,2.14884,-0.59812],"to":[12.81414,2.70974,0.33553],"faces":{"north":{"uv":[12,9.25,12.56,9.44],"texture":"#2"},"east":{"uv":[12.25,6,12.59,6.19],"texture":"#2"},"south":{"uv":[12,9.5,12.56,9.69],"texture":"#2"},"west":{"uv":[12.25,6.25,12.59,6.44],"texture":"#2"},"up":{"uv":[11.31,11.59,10.75,11.25],"texture":"#2"},"down":{"uv":[11.81,10.75,11.25,11.09],"texture":"#2"}}},{"from":[11.48632,2.29084,16.68721],"to":[12.08165,2.29084,17.40467],"faces":{"north":{"uv":[0,0,0.22,0],"texture":"#2"},"east":{"uv":[0,0,0.25,0],"texture":"#2"},"south":{"uv":[0,0,0.22,0],"texture":"#2"},"west":{"uv":[0,0,0.25,0],"texture":"#2"},"up":{"uv":[8.72,12.5,8.5,12.25],"texture":"#2"},"down":{"uv":[8.97,12.25,8.75,12.5],"texture":"#2"}},"rotation":{"origin":[8,2.25389,12.46661],"axis":"y","angle":-45,"rescale":false}},{"from":[12.45665,2.13109,-0.17567],"to":[13.83405,2.72749,0.75798],"faces":{"north":{"uv":[12,5.5,12.5,5.72],"texture":"#2"},"east":{"uv":[0.5,12.25,0.84,12.47],"texture":"#2"},"south":{"uv":[5.75,12,6.25,12.22],"texture":"#2"},"west":{"uv":[12.25,1,12.59,1.22],"texture":"#2"},"up":{"uv":[12,5.34,11.5,5],"texture":"#2"},"down":{"uv":[6.5,11.5,6,11.84],"texture":"#2"}},"rotation":{"origin":[8,2.25389,12.46661],"axis":"y","angle":45,"rescale":false}},{"from":[12.49041,1.71326,17.6913],"to":[13.08575,1.71326,18.40876],"faces":{"north":{"uv":[0,0,0.22,0],"texture":"#2"},"east":{"uv":[0,0,0.25,0],"texture":"#2"},"south":{"uv":[0,0,0.22,0],"texture":"#2"},"west":{"uv":[0,0,0.25,0],"texture":"#2"},"up":{"uv":[12.47,7.25,12.25,7],"texture":"#2"},"down":{"uv":[12.47,7.25,12.25,7.5],"texture":"#2"}},"rotation":{"origin":[8,2.25389,12.46661],"axis":"y","angle":-45,"rescale":false}},{"from":[12.84358,1.40241,-1.69137],"to":[13.12758,1.75741,-1.08787],"faces":{"north":{"uv":[8.5,3.75,8.69,3.5],"texture":"#3"},"east":{"uv":[7.5,5.94,7.75,5.5],"texture":"#3","rotation":270},"south":{"uv":[4,8.5,4.19,8.75],"texture":"#3","rotation":180},"west":{"uv":[7.5,7.44,7.75,7],"texture":"#3","rotation":90},"up":{"uv":[6,8.44,6.19,8],"texture":"#3","rotation":180},"down":{"uv":[8,6.44,8.19,6],"texture":"#3"}},"rotation":{"origin":[8,-11.23611,3.59161],"axis":"z","angle":22.5,"rescale":false}},{"from":[12.84358,1.40241,-0.27137],"to":[13.12758,1.75741,0.33213],"faces":{"north":{"uv":[8.5,4.25,8.69,4],"texture":"#3"},"east":{"uv":[7.5,7.94,7.75,7.5],"texture":"#3","rotation":270},"south":{"uv":[4.5,8.5,4.69,8.75],"texture":"#3","rotation":180},"west":{"uv":[8,0.44,8.25,0],"texture":"#3","rotation":90},"up":{"uv":[6.5,8.44,6.69,8],"texture":"#3","rotation":180},"down":{"uv":[8,6.94,8.19,6.5],"texture":"#3"}},"rotation":{"origin":[8,-11.23611,3.59161],"axis":"z","angle":22.5,"rescale":false}},{"from":[12.85446,2.11334,0.37584],"to":[13.78811,2.74524,2.81824],"faces":{"north":{"uv":[12.25,2.25,12.59,2.47],"texture":"#2"},"east":{"uv":[11.5,0.5,12.38,0.72],"texture":"#2"},"south":{"uv":[12.25,2.5,12.59,2.72],"texture":"#2"},"west":{"uv":[11.5,0.75,12.38,0.97],"texture":"#2"},"up":{"uv":[11.09,3.88,10.75,3],"texture":"#2"},"down":{"uv":[4.09,10.75,3.75,11.62],"texture":"#2"}}},{"from":[12.94945,0.09847,-1.69137],"to":[13.23345,0.45347,-1.08787],"faces":{"north":{"uv":[8.5,5.75,8.69,5.5],"texture":"#3"},"east":{"uv":[8,2.94,8.25,2.5],"texture":"#3","rotation":270},"south":{"uv":[6,8.5,6.19,8.75],"texture":"#3","rotation":180},"west":{"uv":[8,3.44,8.25,3],"texture":"#3","rotation":90},"up":{"uv":[8,8.44,8.19,8],"texture":"#3","rotation":180},"down":{"uv":[0,8.94,0.19,8.5],"texture":"#3"}},"rotation":{"origin":[8,-11.23611,3.59161],"axis":"z","angle":22.5,"rescale":false}},{"from":[12.94945,0.09847,-0.27137],"to":[13.23345,0.45347,0.33213],"faces":{"north":{"uv":[8.5,6.25,8.69,6],"texture":"#3"},"east":{"uv":[8,3.94,8.25,3.5],"texture":"#3","rotation":270},"south":{"uv":[6.5,8.5,6.69,8.75],"texture":"#3","rotation":180},"west":{"uv":[8,4.44,8.25,4],"texture":"#3","rotation":90},"up":{"uv":[8.5,0.44,8.69,0],"texture":"#3","rotation":180},"down":{"uv":[0.5,8.94,0.69,8.5],"texture":"#3"}},"rotation":{"origin":[8,-11.23611,3.59161],"axis":"z","angle":22.5,"rescale":false}},{"from":[12.96796,1.99318,14.49837],"to":[13.68542,2.58851,15.04791],"faces":{"north":{"uv":[11.5,12.25,11.75,12.47],"texture":"#2"},"east":{"uv":[10.5,12.5,10.69,12.72],"texture":"#2"},"south":{"uv":[11.75,12.25,12,12.47],"texture":"#2"},"west":{"uv":[12.5,10.5,12.69,10.72],"texture":"#2"},"up":{"uv":[12.75,5.19,12.5,5],"texture":"#2"},"down":{"uv":[12.75,5.25,12.5,5.44],"texture":"#2"}},"rotation":{"origin":[8,2.25389,12.46661],"axis":"y","angle":-45,"rescale":false}},{"from":[12.96797,1.4589,14.25412],"to":[13.31906,1.93212,14.62048],"faces":{"north":{"uv":[0.75,13,0.88,13.16],"texture":"#2"},"east":{"uv":[13,0.75,13.12,0.91],"texture":"#2"},"south":{"uv":[1,13,1.12,13.16],"texture":"#2"},"west":{"uv":[13,1,13.12,1.16],"texture":"#2"},"up":{"uv":[5.62,13.12,5.5,13],"texture":"#2"},"down":{"uv":[13.12,5.5,13,5.62],"texture":"#2"}},"rotation":{"origin":[8,2.25389,12.46661],"axis":"y","angle":-45,"rescale":false}},{"from":[13.41276,2.13109,2.97204],"to":[14.15116,2.72749,3.49744],"faces":{"north":{"uv":[5.75,11.75,6,11.97],"texture":"#2"},"east":{"uv":[12.5,7.5,12.69,7.72],"texture":"#2"},"south":{"uv":[6.5,12.25,6.75,12.47],"texture":"#2"},"west":{"uv":[9,12.5,9.19,12.72],"texture":"#2"},"up":{"uv":[2.5,12.69,2.25,12.5],"texture":"#2"},"down":{"uv":[2.75,12.5,2.5,12.69],"texture":"#2"}},"rotation":{"origin":[8,2.25389,12.46661],"axis":"y","angle":45,"rescale":false}},{"from":[13.68542,1.99318,14.74261],"to":[14.40287,2.58851,14.74261],"faces":{"north":{"uv":[11,12.25,11.25,12.47],"texture":"#2"},"east":{"uv":[0,0,0,0.22],"texture":"#2"},"south":{"uv":[11.25,12.25,11.5,12.47],"texture":"#2"},"west":{"uv":[0,0,0,0.22],"texture":"#2"},"up":{"uv":[0.25,0,0,0],"texture":"#2"},"down":{"uv":[0.25,0,0,0],"texture":"#2"}},"rotation":{"origin":[8,2.25389,12.46661],"axis":"y","angle":-45,"rescale":false}},{"from":[13.84013,2.16659,0.92381],"to":[14.93353,2.69199,2.47871],"faces":{"north":{"uv":[12.25,2.75,12.62,2.94],"texture":"#2"},"east":{"uv":[12,7.75,12.56,7.94],"texture":"#2"},"south":{"uv":[12.25,3,12.62,3.19],"texture":"#2"},"west":{"uv":[12,8,12.56,8.19],"texture":"#2"},"up":{"uv":[11.38,2.06,11,1.5],"texture":"#2"},"down":{"uv":[2.38,11,2,11.56],"texture":"#2"}},"rotation":{"origin":[8,2.25389,12.46661],"axis":"y","angle":45,"rescale":false}},{"from":[13.97205,1.41559,15.50246],"to":[14.68951,2.01093,16.052],"faces":{"north":{"uv":[9,12.25,9.25,12.47],"texture":"#2"},"east":{"uv":[10.25,12.5,10.44,12.72],"texture":"#2"},"south":{"uv":[9.25,12.25,9.5,12.47],"texture":"#2"},"west":{"uv":[12.5,10.25,12.69,10.47],"texture":"#2"},"up":{"uv":[12.75,3.69,12.5,3.5],"texture":"#2"},"down":{"uv":[12.75,3.75,12.5,3.94],"texture":"#2"}},"rotation":{"origin":[8,2.25389,12.46661],"axis":"y","angle":-45,"rescale":false}},{"from":[13.97206,2.07199,15.25822],"to":[14.32315,2.5452,15.62458],"faces":{"north":{"uv":[0.25,13,0.38,13.16],"texture":"#2"},"east":{"uv":[13,0.25,13.12,0.41],"texture":"#2"},"south":{"uv":[0.5,13,0.62,13.16],"texture":"#2"},"west":{"uv":[13,0.5,13.12,0.66],"texture":"#2"},"up":{"uv":[5.38,13.12,5.25,13],"texture":"#2"},"down":{"uv":[13.12,5.25,13,5.38],"texture":"#2"}},"rotation":{"origin":[8,2.25389,12.46661],"axis":"y","angle":-45,"rescale":false}},{"from":[14.65625,2.42929,-0.27817],"to":[23.17625,2.42929,13.21183],"faces":{"north":{"uv":[3,0,0,0],"texture":"#2"},"east":{"uv":[4.75,0,0,0],"texture":"#2"},"south":{"uv":[3,0,0,0],"texture":"#2"},"west":{"uv":[4.75,0,0,0],"texture":"#2"},"up":{"uv":[0,4.75,3,0],"texture":"#2"},"down":{"uv":[3,0,6,4.75],"texture":"#2"}},"rotation":{"origin":[12.615,2.25389,13.74461],"axis":"y","angle":22.5,"rescale":false}},{"from":[14.68951,1.41559,15.7467],"to":[15.40696,2.01093,15.7467],"faces":{"north":{"uv":[9.5,12.25,9.75,12.47],"texture":"#2"},"east":{"uv":[0,0,0,0.22],"texture":"#2"},"south":{"uv":[9.75,12.25,10,12.47],"texture":"#2"},"west":{"uv":[0,0,0,0.22],"texture":"#2"},"up":{"uv":[0.25,0,0,0],"texture":"#2"},"down":{"uv":[0.25,0,0,0],"texture":"#2"}},"rotation":{"origin":[8,2.25389,12.46661],"axis":"y","angle":-45,"rescale":false}},{"from":[15.06135,-3.19604,-4.06987],"to":[15.06135,-1.49204,-2.22387],"faces":{"north":{"uv":[0,1.19,0,0],"texture":"#3"},"east":{"uv":[0,1.31,1.19,0],"texture":"#3","rotation":270},"south":{"uv":[0,0,0,1.19],"texture":"#3","rotation":180},"west":{"uv":[0,2.81,1.19,1.5],"texture":"#3","rotation":90},"up":{"uv":[0,1.31,0,0],"texture":"#3","rotation":180},"down":{"uv":[0,1.31,0,0],"texture":"#3"}},"rotation":{"origin":[8,-11.23611,3.59161],"axis":"z","angle":45,"rescale":false}},{"from":[16.26576,-0.28734,-2.64987],"to":[17.25976,-0.28734,-0.80387],"faces":{"north":{"uv":[0,0,0.69,0],"texture":"#3"},"east":{"uv":[0,1.31,0,0],"texture":"#3","rotation":270},"south":{"uv":[0,0,0.69,0],"texture":"#3","rotation":180},"west":{"uv":[0,1.31,0,0],"texture":"#3","rotation":90},"up":{"uv":[0,5.81,0.69,4.5],"texture":"#3","rotation":180},"down":{"uv":[4.5,1.31,5.19,0],"texture":"#3"}},"rotation":{"origin":[8,-11.23611,3.59161],"axis":"z","angle":45,"rescale":false}},{"from":[16.46904,-2.06347,-1.53162],"to":[16.82404,-1.63747,0.50963],"faces":{"north":{"uv":[8.5,0.81,8.75,0.5],"texture":"#3"},"east":{"uv":[5.5,7.44,5.81,6],"texture":"#3","rotation":270},"south":{"uv":[1,8.5,1.25,8.81],"texture":"#3","rotation":180},"west":{"uv":[6,6.94,6.31,5.5],"texture":"#3","rotation":90},"up":{"uv":[2.5,8.44,2.75,7],"texture":"#3","rotation":180},"down":{"uv":[3,8.44,3.25,7],"texture":"#3"}},"rotation":{"origin":[8,-11.23611,3.59161],"axis":"z","angle":45,"rescale":false}},{"from":[16.90833,-3.11383,-1.51387],"to":[16.90833,-2.11983,0.33213],"faces":{"north":{"uv":[0,0.69,0,0],"texture":"#3"},"east":{"uv":[2,5.81,2.69,4.5],"texture":"#3","rotation":270},"south":{"uv":[0,0,0,0.69],"texture":"#3","rotation":180},"west":{"uv":[3,5.81,3.69,4.5],"texture":"#3","rotation":90},"up":{"uv":[0,1.31,0,0],"texture":"#3","rotation":180},"down":{"uv":[0,1.31,0,0],"texture":"#3"}},"rotation":{"origin":[8,-11.23611,3.59161],"axis":"z","angle":45,"rescale":false}},{"from":[17.36017,-3.56496,-2.64987],"to":[18.35417,-3.56496,-0.80387],"faces":{"north":{"uv":[0,0,0.69,0],"texture":"#3"},"east":{"uv":[0,1.31,0,0],"texture":"#3","rotation":270},"south":{"uv":[0,0,0.69,0],"texture":"#3","rotation":180},"west":{"uv":[0,1.31,0,0],"texture":"#3","rotation":90},"up":{"uv":[1,5.81,1.69,4.5],"texture":"#3","rotation":180},"down":{"uv":[4.5,2.81,5.19,1.5],"texture":"#3"}},"rotation":{"origin":[8,-11.23611,3.59161],"axis":"z","angle":45,"rescale":false}},{"from":[17.7116,-1.73247,-1.51387],"to":[17.7116,-0.73847,0.33213],"faces":{"north":{"uv":[0,0.69,0,0],"texture":"#3"},"east":{"uv":[3,4.31,3.69,3],"texture":"#3","rotation":270},"south":{"uv":[0,0,0,0.69],"texture":"#3","rotation":180},"west":{"uv":[4,4.31,4.69,3],"texture":"#3","rotation":90},"up":{"uv":[0,1.31,0,0],"texture":"#3","rotation":180},"down":{"uv":[0,1.31,0,0],"texture":"#3"}},"rotation":{"origin":[8,-11.23611,3.59161],"axis":"z","angle":45,"rescale":false}},{"from":[17.79589,-2.21482,-1.53162],"to":[18.15089,-1.78882,0.50963],"faces":{"north":{"uv":[8.5,1.81,8.75,1.5],"texture":"#3"},"east":{"uv":[7,1.44,7.31,0],"texture":"#3","rotation":270},"south":{"uv":[2,8.5,2.25,8.81],"texture":"#3","rotation":180},"west":{"uv":[1.5,8.44,1.81,7],"texture":"#3","rotation":90},"up":{"uv":[4,8.44,4.25,7],"texture":"#3","rotation":180},"down":{"uv":[4.5,8.44,4.75,7],"texture":"#3"}},"rotation":{"origin":[8,-11.23611,3.59161],"axis":"z","angle":45,"rescale":false}},{"from":[18.25505,2.09559,9.07681],"to":[18.95795,2.76299,11.11096],"faces":{"north":{"uv":[11.5,2,11.75,2.25],"texture":"#2"},"east":{"uv":[11.5,1.5,12.22,1.75],"texture":"#2"},"south":{"uv":[9,11.5,9.25,11.75],"texture":"#2"},"west":{"uv":[11.5,1.75,12.22,2],"texture":"#2"},"up":{"uv":[6,11.72,5.75,11],"texture":"#2"},"down":{"uv":[1.75,11.5,1.5,12.22],"texture":"#2"}},"rotation":{"origin":[8,2.25389,12.46661],"axis":"y","angle":45,"rescale":false}},{"from":[19.55858,-2.36026,-4.06987],"to":[19.55858,-0.65626,-2.22387],"faces":{"north":{"uv":[0,1.19,0,0],"texture":"#3"},"east":{"uv":[0,4.31,1.19,3],"texture":"#3","rotation":270},"south":{"uv":[0,0,0,1.19],"texture":"#3","rotation":180},"west":{"uv":[3,1.31,4.19,0],"texture":"#3","rotation":90},"up":{"uv":[0,1.31,0,0],"texture":"#3","rotation":180},"down":{"uv":[0,1.31,0,0],"texture":"#3"}},"rotation":{"origin":[8,-11.23611,3.59161],"axis":"z","angle":45,"rescale":false}}],"display":{"thirdperson_righthand":{"translation":[0,6.5,0],"scale":[0.78,0.78,0.78]},"thirdperson_lefthand":{"translation":[0,6.5,0],"scale":[0.78,0.78,0.78]},"firstperson_righthand":{"rotation":[-17,-6.91,3.73],"translation":[6.75,5.25,-5.5],"scale":[0.66,0.66,0.66]},"firstperson_lefthand":{"rotation":[-17,-6.91,3.73],"translation":[6.75,5.25,-5.5],"scale":[0.66,0.66,0.66]},"ground":{"rotation":[-45,0,0],"translation":[0,3,0],"scale":[0.3,0.3,0.3]},"gui":{"rotation":[-102,135,160],"translation":[0.75,2.75,0],"scale":[0.73,0.73,0.73]},"head":{"scale":[0,0,0]},"fixed":{"rotation":[-84,-90,0],"translation":[0,1.75,-10.75]}},"gui_light":"front","mcmodels":"a1b7011007843a3af4c4b6687f4247a8"}