{"textures​":{"layer0":"minecraft:item/red_shulker_box"},"credit":"Made with Blockbench","\u0074\u0065\u0078\u0074\u0075\u0072\u0065\u0073":{"0":"\u0074\u0077\u0069\u006c\u0069\u0067\u0068\u0074_\u006f\u0066_\u0065\u006e\u0064\u0065\u0072:\u0066\u0069\u0073\u0068\u0069\u006e\u0067_\u0072\u006f\u0064_0","1":"\u0074\u0077\u0069\u006c\u0069\u0067\u0068\u0074_\u006f\u0066_\u0065\u006e\u0064\u0065\u0072:\u0066\u0069\u0073\u0068\u0069\u006e\u0067_\u0072\u006f\u0064_1","\u0070\u0061\u0072\u0074\u0069\u0063\u006c\u0065":"#0"},"elements":[{"from":[5.21076,4.8,7.12497],"to":[6.61076,7.4,7.12497],"faces":{"north":{"uv":[4.5,2,5.19,3.31],"texture":"#1"},"east":{"uv":[0,0,0,1.31],"texture":"#1"},"south":{"uv":[2.5,4.5,3.19,5.81],"texture":"#1"},"west":{"uv":[0,0,0,1.31],"texture":"#1"},"up":{"uv":[0.69,0,0,0],"texture":"#1"},"down":{"uv":[0.69,0,0,0],"texture":"#1"}},"rotation":{"origin":[5.61076,6.1,7.12497],"axis":"y","angle":45,"rescale":false}},{"from":[5.32821,5.8,7.40711],"to":[5.32821,8.4,9.80711],"faces":{"north":{"uv":[0,0,0,1.31],"texture":"#1"},"east":{"uv":[0,0,1.19,1.31],"texture":"#1"},"south":{"uv":[0,0,0,1.31],"texture":"#1"},"west":{"uv":[0,1.5,1.19,2.81],"texture":"#1"},"up":{"uv":[0,1.19,0,0],"texture":"#1"},"down":{"uv":[0,0,0,1.19],"texture":"#1"}}},{"from":[6,4.6,6.475],"to":[9,8.6,6.475],"faces":{"north":{"uv":[6,8,9,4],"texture":"#0"},"east":{"uv":[0,4,0,0],"texture":"#0"},"south":{"uv":[9,8,6,4],"texture":"#0"},"west":{"uv":[0,4,0,0],"texture":"#0"},"up":{"uv":[0,3,0,0],"texture":"#0","rotation":90},"down":{"uv":[0,3,0,0],"texture":"#0","rotation":270}},"rotation":{"origin":[7.5,6.6,6.475],"axis":"y","angle":45,"rescale":false}},{"from":[6.03532,6.8,9.51422],"to":[6.03532,9.4,11.91422],"faces":{"north":{"uv":[0,0,0,1.31],"texture":"#1"},"east":{"uv":[1.5,0,2.69,1.31],"texture":"#1"},"south":{"uv":[0,0,0,1.31],"texture":"#1"},"west":{"uv":[1.5,1.5,2.69,2.81],"texture":"#1"},"up":{"uv":[0,1.19,0,0],"texture":"#1"},"down":{"uv":[0,0,0,1.19],"texture":"#1"}},"rotation":{"origin":[6.03532,8.1,10.51422],"axis":"y","angle":45,"rescale":false}},{"from":[6.31716,3.8,6.41816],"to":[7.21716,6.4,6.41816],"faces":{"north":{"uv":[7,1,7.44,2.31],"texture":"#1"},"east":{"uv":[0,0,0,1.31],"texture":"#1"},"south":{"uv":[7,2.5,7.44,3.81],"texture":"#1"},"west":{"uv":[0,0,0,1.31],"texture":"#1"},"up":{"uv":[0.44,0,0,0],"texture":"#1"},"down":{"uv":[0.44,0,0,0],"texture":"#1"}}},{"from":[6.5,11.2,8.8],"to":[9.5,15.2,8.8],"faces":{"north":{"uv":[6,4,9,8],"texture":"#0"},"east":{"uv":[0,0,0,4],"texture":"#0"},"south":{"uv":[9,4,6,8],"texture":"#0"},"west":{"uv":[0,0,0,4],"texture":"#0"},"up":{"uv":[0,0,0,3],"texture":"#0","rotation":90},"down":{"uv":[0,0,0,3],"texture":"#0","rotation":270}},"rotation":{"origin":[8,13.2,8.8],"axis":"y","angle":45,"rescale":false}},{"from":[6.825,3.7,7.45],"to":[6.825,5.55,8.55],"faces":{"north":{"uv":[0,0,0,0.94],"texture":"#1"},"east":{"uv":[2.5,7.5,3.06,8.44],"texture":"#1"},"south":{"uv":[0,0,0,0.94],"texture":"#1"},"west":{"uv":[7.5,3,8.06,3.94],"texture":"#1"},"up":{"uv":[0,0.56,0,0],"texture":"#1"},"down":{"uv":[0,0,0,0.56],"texture":"#1"}}},{"from":[6.875,3.7,7.45],"to":[7.375,5.55,8.55],"faces":{"north":{"uv":[4.5,10.5,4.75,11.44],"texture":"#1"},"east":{"uv":[7.5,1,8.06,1.94],"texture":"#1"},"south":{"uv":[5,10.5,5.25,11.44],"texture":"#1"},"west":{"uv":[7.5,2,8.06,2.94],"texture":"#1"},"up":{"uv":[2.75,12.06,2.5,11.5],"texture":"#1"},"down":{"uv":[3.25,11.5,3,12.06],"texture":"#1"}}},{"from":[6.9535,12.5535,3.4035],"to":[9.0465,12.8965,5.4965],"faces":{"north":{"uv":[12.06,3.5,11,3.69],"texture":"#1"},"east":{"uv":[11,3.5,12.06,3.69],"texture":"#1"},"south":{"uv":[12.06,3.5,11,3.69],"texture":"#1"},"west":{"uv":[11,3.5,12.06,3.69],"texture":"#1"},"up":{"uv":[4.06,4.06,3,3],"texture":"#1"},"down":{"uv":[1.06,4.5,0,5.56],"texture":"#1"}}},{"from":[7,7.1,7],"to":[9,9.1,9],"faces":{"north":{"uv":[9,0,11,2],"texture":"#0"},"east":{"uv":[11,6,9,8],"texture":"#0"},"south":{"uv":[9,4,11,6],"texture":"#0"},"west":{"uv":[9,6,11,8],"texture":"#0"},"up":{"uv":[12,10,10,8],"texture":"#0"},"down":{"uv":[12,10,10,12],"texture":"#0"}}},{"from":[7,9.1,7],"to":[8,9.85,8],"faces":{"north":{"uv":[12,11,13,11.75],"texture":"#0"},"east":{"uv":[12,12,13,12.75],"texture":"#0"},"south":{"uv":[13,2,14,2.75],"texture":"#0"},"west":{"uv":[13,3,14,3.75],"texture":"#0"},"up":{"uv":[13,8,12,7],"texture":"#0"},"down":{"uv":[13,8,12,9],"texture":"#0"}}},{"from":[7.125,7.86066,7.00711],"to":[7.925,8.38566,7.53211],"faces":{"north":{"uv":[13,9,13.75,9.5],"texture":"#0"},"east":{"uv":[13,13,13.5,13.5],"texture":"#0"},"south":{"uv":[10,13,10.75,13.5],"texture":"#0"},"west":{"uv":[13,13,13.5,13.5],"texture":"#0"},"up":{"uv":[13.75,10.5,13,10],"texture":"#0"},"down":{"uv":[11.75,13,11,13.5],"texture":"#0"}},"rotation":{"origin":[7.4,9.11066,6.75711],"axis":"x","angle":45,"rescale":false}},{"from":[7.125,10.11066,7.00711],"to":[7.925,10.63566,7.53211],"faces":{"north":{"uv":[13,5,13.75,5.5],"texture":"#0"},"east":{"uv":[12,13,12.5,13.5],"texture":"#0"},"south":{"uv":[13,6,13.75,6.5],"texture":"#0"},"west":{"uv":[12,13,12.5,13.5],"texture":"#0"},"up":{"uv":[13.75,7.5,13,7],"texture":"#0"},"down":{"uv":[13.75,8,13,8.5],"texture":"#0"}},"rotation":{"origin":[7.4,11.36066,6.75711],"axis":"x","angle":45,"rescale":false}},{"from":[7.15,8.05,6.05],"to":[7.9,10.3,6.8],"faces":{"north":{"uv":[6,11,6.75,13.25],"texture":"#0"},"east":{"uv":[9,11,9.75,13.25],"texture":"#0"},"south":{"uv":[8,11,8.75,13.25],"texture":"#0"},"west":{"uv":[9,11,9.75,13.25],"texture":"#0"},"up":{"uv":[13.75,4.75,13,4],"texture":"#0"},"down":{"uv":[5.75,13,5,13.75],"texture":"#0"}}},{"from":[7.19069,2.95,8.21213],"to":[7.69069,5.825,8.81213],"faces":{"north":{"uv":[9.5,5,9.75,6.44],"texture":"#1"},"east":{"uv":[2,8,2.31,9.44],"texture":"#1"},"south":{"uv":[5.5,9.5,5.75,10.94],"texture":"#1"},"west":{"uv":[4.5,8,4.81,9.44],"texture":"#1"},"up":{"uv":[2.75,12.81,2.5,12.5],"texture":"#1"},"down":{"uv":[12.75,2.5,12.5,2.81],"texture":"#1"}},"rotation":{"origin":[7.44069,4.625,8.76213],"axis":"y","angle":45,"rescale":false}},{"from":[7.19069,3.2,7.18787],"to":[7.69069,6.05,7.78787],"faces":{"north":{"uv":[6.5,9.5,6.75,10.94],"texture":"#1"},"east":{"uv":[5,8,5.31,9.44],"texture":"#1"},"south":{"uv":[9.5,6.5,9.75,7.94],"texture":"#1"},"west":{"uv":[5.5,8,5.81,9.44],"texture":"#1"},"up":{"uv":[3.25,12.81,3,12.5],"texture":"#1"},"down":{"uv":[12.75,3,12.5,3.31],"texture":"#1"}},"rotation":{"origin":[7.44069,4.625,7.23787],"axis":"y","angle":-45,"rescale":false}},{"from":[7.2,-2.2,7.2],"to":[8.8,-1.7,8.8],"faces":{"north":{"uv":[11,0.5,11.81,0.75],"texture":"#1"},"east":{"uv":[11,1,11.81,1.25],"texture":"#1"},"south":{"uv":[1.5,11,2.31,11.25],"texture":"#1"},"west":{"uv":[11,1.5,11.81,1.75],"texture":"#1"},"up":{"uv":[7.31,6.81,6.5,6],"texture":"#1"},"down":{"uv":[7.81,0,7,0.81],"texture":"#1"}}},{"from":[7.35,-3.04963,9.64104],"to":[8.65,-2.24963,10.44104],"faces":{"north":{"uv":[11.12,9.88,10.5,9.5],"texture":"#1","rotation":180},"east":{"uv":[11.5,4,11.88,4.38],"texture":"#1","rotation":90},"south":{"uv":[11.12,10,10.5,10.38],"texture":"#1"},"west":{"uv":[4.5,11.5,4.88,11.88],"texture":"#1","rotation":270},"up":{"uv":[9.5,10.5,10.12,10.88],"texture":"#1"},"down":{"uv":[10.5,9,11.12,9.38],"texture":"#1","rotation":180}},"rotation":{"origin":[8,-0.67284,7.84492],"axis":"x","angle":45,"rescale":false}},{"from":[7.35,12.025,3.8],"to":[8.65,13.325,5.1],"faces":{"north":{"uv":[8.5,4,9.12,4.62],"texture":"#1"},"east":{"uv":[8.5,5,9.12,5.62],"texture":"#1"},"south":{"uv":[8.5,6,9.12,6.62],"texture":"#1"},"west":{"uv":[6.5,8.5,7.12,9.12],"texture":"#1"},"up":{"uv":[9.12,7.62,8.5,7],"texture":"#1"},"down":{"uv":[9.12,8,8.5,8.62],"texture":"#1"}}},{"from":[7.35307,2.95,8.70377],"to":[7.75307,3.825,9.20377],"faces":{"north":{"uv":[12,11,12.19,11.44],"texture":"#1"},"east":{"uv":[12,1,12.25,1.44],"texture":"#1"},"south":{"uv":[11.5,12,11.69,12.44],"texture":"#1"},"west":{"uv":[1.5,12,1.75,12.44],"texture":"#1"},"up":{"uv":[12.69,7.25,12.5,7],"texture":"#1"},"down":{"uv":[7.69,12.5,7.5,12.75],"texture":"#1"}},"rotation":{"origin":[7.90307,2.625,8.95377],"axis":"y","angle":-22.5,"rescale":false}},{"from":[7.35307,3.2,6.79623],"to":[7.75307,4.05,7.29623],"faces":{"north":{"uv":[12,11.5,12.19,11.94],"texture":"#1"},"east":{"uv":[12,1.5,12.25,1.94],"texture":"#1"},"south":{"uv":[12,12,12.19,12.44],"texture":"#1"},"west":{"uv":[2,12,2.25,12.44],"texture":"#1"},"up":{"uv":[12.69,7.75,12.5,7.5],"texture":"#1"},"down":{"uv":[8.19,12.5,8,12.75],"texture":"#1"}},"rotation":{"origin":[7.90307,2.875,7.04623],"axis":"y","angle":22.5,"rescale":false}},{"from":[7.35307,4.95,8.70377],"to":[7.75307,5.825,9.20377],"faces":{"north":{"uv":[12,10.5,12.19,10.94],"texture":"#1"},"east":{"uv":[12,0.5,12.25,0.94],"texture":"#1"},"south":{"uv":[11,12,11.19,12.44],"texture":"#1"},"west":{"uv":[1,12,1.25,12.44],"texture":"#1"},"up":{"uv":[6.69,12.75,6.5,12.5],"texture":"#1"},"down":{"uv":[12.69,6.5,12.5,6.75],"texture":"#1"}},"rotation":{"origin":[7.90307,4.65,8.95377],"axis":"y","angle":-22.5,"rescale":false}},{"from":[7.35307,5.2,6.79623],"to":[7.75307,6.05,7.29623],"faces":{"north":{"uv":[0,12.5,0.19,12.94],"texture":"#1"},"east":{"uv":[12,4,12.25,4.44],"texture":"#1"},"south":{"uv":[12.5,0,12.69,0.44],"texture":"#1"},"west":{"uv":[4.5,12,4.75,12.44],"texture":"#1"},"up":{"uv":[12.69,8.25,12.5,8],"texture":"#1"},"down":{"uv":[8.69,12.5,8.5,12.75],"texture":"#1"}},"rotation":{"origin":[7.90307,4.875,7.04623],"axis":"y","angle":22.5,"rescale":false}},{"from":[7.375,16.27351,9.4259],"to":[8.625,17.27351,10.4759],"faces":{"north":{"uv":[10,3.5,10.62,4],"texture":"#1"},"east":{"uv":[7,5.5,7.5,6],"texture":"#1"},"south":{"uv":[10,4,10.62,4.5],"texture":"#1"},"west":{"uv":[9,3,9.5,3.5],"texture":"#1"},"up":{"uv":[10.62,5,10,4.5],"texture":"#1"},"down":{"uv":[10.62,5,10,5.5],"texture":"#1"}},"rotation":{"origin":[8.00133,16.61162,6.81191],"axis":"x","angle":-22.5,"rescale":false}},{"from":[7.375,18.21694,9.96029],"to":[8.625,19.21694,11.01029],"faces":{"north":{"uv":[10,5.5,10.62,6],"texture":"#1"},"east":{"uv":[10,10,10.5,10.5],"texture":"#1"},"south":{"uv":[10,6,10.62,6.5],"texture":"#1"},"west":{"uv":[0.5,10.5,1,11],"texture":"#1"},"up":{"uv":[10.62,7,10,6.5],"texture":"#1"},"down":{"uv":[10.62,7,10,7.5],"texture":"#1"}},"rotation":{"origin":[8.00133,16.61162,6.81191],"axis":"x","angle":-22.5,"rescale":false}},{"from":[7.375,20.81574,3.68715],"to":[8.625,21.86574,4.68715],"faces":{"north":{"uv":[9.12,10.5,8.5,10],"texture":"#1","rotation":180},"east":{"uv":[1,10.5,1.5,11],"texture":"#1","rotation":90},"south":{"uv":[10.62,8.5,10,9],"texture":"#1"},"west":{"uv":[2,10.5,2.5,11],"texture":"#1","rotation":270},"up":{"uv":[10,8,10.62,8.5],"texture":"#1"},"down":{"uv":[10,7.5,10.62,8],"texture":"#1","rotation":180}},"rotation":{"origin":[8.00133,16.61162,6.81191],"axis":"x","angle":45,"rescale":false}},{"from":[7.45,-3.6,7.45],"to":[8.55,-2.2,8.55],"faces":{"north":{"uv":[9,0,9.56,0.69],"texture":"#1"},"east":{"uv":[1,9,1.56,9.69],"texture":"#1"},"south":{"uv":[9,1,9.56,1.69],"texture":"#1"},"west":{"uv":[9,2,9.56,2.69],"texture":"#1"},"up":{"uv":[10.56,3.06,10,2.5],"texture":"#1"},"down":{"uv":[4.06,10,3.5,10.56],"texture":"#1"}}},{"from":[7.45,2.9,7.45],"to":[8.55,5.8,8.55],"faces":{"north":{"uv":[5.5,4.5,6.06,5.94],"texture":"#1"},"east":{"uv":[0,6,0.56,7.44],"texture":"#1"},"south":{"uv":[2.5,6,3.06,7.44],"texture":"#1"},"west":{"uv":[3.5,6,4.06,7.44],"texture":"#1"},"up":{"uv":[10.56,1.06,10,0.5],"texture":"#1"},"down":{"uv":[10.56,1.5,10,2.06],"texture":"#1"}}},{"from":[7.455,15.50056,9.12798],"to":[8.545,16.24056,9.71798],"faces":{"north":{"uv":[11,0,11.56,0.38],"texture":"#1"},"east":{"uv":[12,0,12.31,0.38],"texture":"#1"},"south":{"uv":[0.5,11,1.06,11.38],"texture":"#1"},"west":{"uv":[0.5,12,0.81,12.38],"texture":"#1"},"up":{"uv":[11.56,8.81,11,8.5],"texture":"#1"},"down":{"uv":[10.06,11,9.5,11.31],"texture":"#1"}}},{"from":[7.475,10.23388,9.09099],"to":[8.525,11.30888,10.16599],"faces":{"north":{"uv":[12,2,13,3.12],"texture":"#0"},"east":{"uv":[2.12,12,1,13.12],"texture":"#0"},"south":{"uv":[3,12,4,13.12],"texture":"#0"},"west":{"uv":[1,12,2.12,13.12],"texture":"#0"},"up":{"uv":[5,13.12,4,12],"texture":"#0"},"down":{"uv":[13,4,12,5.12],"texture":"#0"}},"rotation":{"origin":[8,11.98388,9.59099],"axis":"x","angle":45,"rescale":false}},{"from":[7.48,14.60695,7.01124],"to":[8.52,15.34695,8.85124],"faces":{"north":{"uv":[8,11,8.5,11.38],"texture":"#1"},"east":{"uv":[10,0,10.94,0.38],"texture":"#1"},"south":{"uv":[11,8,11.5,8.38],"texture":"#1"},"west":{"uv":[0.5,10,1.44,10.38],"texture":"#1"},"up":{"uv":[1.5,8.94,1,8],"texture":"#1"},"down":{"uv":[2,8,1.5,8.94],"texture":"#1"}},"rotation":{"origin":[8.00133,16.61162,6.81191],"axis":"x","angle":-22.5,"rescale":false}},{"from":[7.5,3.2,6.3],"to":[7.5,5.8,7.7],"faces":{"north":{"uv":[0,0,0,1.31],"texture":"#1"},"east":{"uv":[3.5,4.5,4.19,5.81],"texture":"#1"},"south":{"uv":[0,0,0,1.31],"texture":"#1"},"west":{"uv":[4.5,3.5,5.19,4.81],"texture":"#1"},"up":{"uv":[0,0.69,0,0],"texture":"#1"},"down":{"uv":[0,0,0,0.69],"texture":"#1"}},"rotation":{"origin":[7.5,4.5,6.7],"axis":"y","angle":45,"rescale":false}},{"from":[7.5,4.6,4.975],"to":[7.5,8.6,7.975],"faces":{"north":{"uv":[0,4,0,0],"texture":"#0"},"east":{"uv":[9,8,6,4],"texture":"#0"},"south":{"uv":[0,4,0,0],"texture":"#0"},"west":{"uv":[6,8,9,4],"texture":"#0"},"up":{"uv":[0,0,0,3],"texture":"#0","rotation":180},"down":{"uv":[0,0,0,3],"texture":"#0","rotation":180}},"rotation":{"origin":[7.5,6.6,6.475],"axis":"y","angle":45,"rescale":false}},{"from":[7.5,8.35,8],"to":[8.5,11.1,9.5],"faces":{"north":{"uv":[11,0,12,2.75],"texture":"#0"},"east":{"uv":[6,8,7.5,10.75],"texture":"#0"},"south":{"uv":[11,3,12,5.75],"texture":"#0"},"west":{"uv":[8,8,9.5,10.75],"texture":"#0"},"up":{"uv":[12,7.5,11,6],"texture":"#0"},"down":{"uv":[1,12,0,13.5],"texture":"#0"}}},{"from":[7.505,15.18939,7.85571],"to":[8.495,15.82939,8.59571],"faces":{"north":{"uv":[1.5,11.5,2,11.81],"texture":"#1"},"east":{"uv":[11.5,11.5,11.88,11.81],"texture":"#1"},"south":{"uv":[2,11.5,2.5,11.81],"texture":"#1"},"west":{"uv":[0,12,0.38,12.31],"texture":"#1"},"up":{"uv":[8,11.38,7.5,11],"texture":"#1"},"down":{"uv":[11.5,7.5,11,7.88],"texture":"#1"}},"rotation":{"origin":[8.00133,16.61162,6.81191],"axis":"x","angle":22.5,"rescale":false}},{"from":[7.53,13.0582,7.23199],"to":[8.47,14.8982,7.97199],"faces":{"north":{"uv":[0.5,7.5,1,8.44],"texture":"#1"},"east":{"uv":[9.5,9.5,9.88,10.44],"texture":"#1"},"south":{"uv":[8,0,8.5,0.94],"texture":"#1"},"west":{"uv":[0,10,0.38,10.94],"texture":"#1"},"up":{"uv":[7.5,11.38,7,11],"texture":"#1"},"down":{"uv":[11.5,7,11,7.38],"texture":"#1"}}},{"from":[7.55,-1.7,7.55],"to":[8.45,0.3,8.45],"faces":{"north":{"uv":[8.5,1.5,8.94,2.5],"texture":"#1"},"east":{"uv":[2.5,8.5,2.94,9.5],"texture":"#1"},"south":{"uv":[8.5,2.5,8.94,3.5],"texture":"#1"},"west":{"uv":[3,8.5,3.44,9.5],"texture":"#1"},"up":{"uv":[3.94,11.44,3.5,11],"texture":"#1"},"down":{"uv":[4.44,11,4,11.44],"texture":"#1"}}},{"from":[7.55,1.0939,6.12247],"to":[8.45,2.8939,7.02247],"faces":{"north":{"uv":[9,9,9.44,9.88],"texture":"#1"},"east":{"uv":[2,9.5,2.44,10.38],"texture":"#1"},"south":{"uv":[2.5,9.5,2.94,10.38],"texture":"#1"},"west":{"uv":[3,9.5,3.44,10.38],"texture":"#1"},"up":{"uv":[11.44,5.44,11,5],"texture":"#1"},"down":{"uv":[5.94,11,5.5,11.44],"texture":"#1"}},"rotation":{"origin":[8,-0.67284,7.84492],"axis":"x","angle":22.5,"rescale":false}},{"from":[7.55,15.3,7.4],"to":[8.45,18.6,8.6],"faces":{"north":{"uv":[1,6,1.44,7.62],"texture":"#1"},"east":{"uv":[4.5,0,5.12,1.62],"texture":"#1"},"south":{"uv":[5.5,6,5.94,7.62],"texture":"#1"},"west":{"uv":[1.5,4.5,2.12,6.12],"texture":"#1"},"up":{"uv":[1.94,10.62,1.5,10],"texture":"#1"},"down":{"uv":[10.44,9,10,9.62],"texture":"#1"}}},{"from":[7.555,13.13263,8.50351],"to":[8.445,13.77263,9.24351],"faces":{"north":{"uv":[8.5,11.5,8.94,11.81],"texture":"#1"},"east":{"uv":[11,11.5,11.38,11.81],"texture":"#1"},"south":{"uv":[9,11.5,9.44,11.81],"texture":"#1"},"west":{"uv":[11.5,11,11.88,11.31],"texture":"#1"},"up":{"uv":[0.94,11.88,0.5,11.5],"texture":"#1"},"down":{"uv":[1.44,11.5,1,11.88],"texture":"#1"}},"rotation":{"origin":[8.00133,16.61162,6.81191],"axis":"x","angle":22.5,"rescale":false}},{"from":[7.575,-0.00561,7.87623],"to":[8.425,1.79439,8.77623],"faces":{"north":{"uv":[0,9,0.44,9.88],"texture":"#1"},"east":{"uv":[3.5,9,3.94,9.88],"texture":"#1"},"south":{"uv":[4,9,4.44,9.88],"texture":"#1"},"west":{"uv":[8.5,9,8.94,9.88],"texture":"#1"},"up":{"uv":[11.44,4.44,11,4],"texture":"#1"},"down":{"uv":[11.44,4.5,11,4.94],"texture":"#1"}},"rotation":{"origin":[8,-0.67284,7.84492],"axis":"x","angle":-22.5,"rescale":false}},{"from":[7.575,17.76437,8.14981],"to":[8.425,20.26437,9.22481],"faces":{"north":{"uv":[7,7,7.44,8.25],"texture":"#1"},"east":{"uv":[1.5,6.5,2.06,7.75],"texture":"#1"},"south":{"uv":[0,7.5,0.44,8.75],"texture":"#1"},"west":{"uv":[4.5,6.5,5.06,7.75],"texture":"#1"},"up":{"uv":[2.94,11.06,2.5,10.5],"texture":"#1"},"down":{"uv":[3.44,10.5,3,11.06],"texture":"#1"}},"rotation":{"origin":[8.00133,16.61162,6.81191],"axis":"x","angle":-22.5,"rescale":false}},{"from":[7.58,13.288,9.64977],"to":[8.42,14.328,10.38977],"faces":{"north":{"uv":[10.5,10.5,10.94,11],"texture":"#1"},"east":{"uv":[6.5,11,6.88,11.5],"texture":"#1"},"south":{"uv":[0,11,0.44,11.5],"texture":"#1"},"west":{"uv":[11,6.5,11.38,7],"texture":"#1"},"up":{"uv":[11.44,11.38,11,11],"texture":"#1"},"down":{"uv":[0.44,11.5,0,11.88],"texture":"#1"}},"rotation":{"origin":[8.00133,16.61162,6.81191],"axis":"x","angle":45,"rescale":false}},{"from":[7.6,19.2387,2.36059],"to":[8.4,20.2387,4.36059],"faces":{"north":{"uv":[11,5.5,11.38,6],"texture":"#1"},"east":{"uv":[7.5,7,8.5,7.5],"texture":"#1"},"south":{"uv":[11,6,11.38,6.5],"texture":"#1"},"west":{"uv":[7.5,7.5,8.5,8],"texture":"#1"},"up":{"uv":[9.88,4,9.5,3],"texture":"#1"},"down":{"uv":[9.88,4,9.5,5],"texture":"#1"}},"rotation":{"origin":[8.00133,16.61162,6.81191],"axis":"x","angle":45,"rescale":false}},{"from":[7.605,11.81498,8.16185],"to":[8.395,12.45498,8.90185],"faces":{"north":{"uv":[11.5,9.5,11.88,9.81],"texture":"#1"},"east":{"uv":[11.5,10,11.88,10.31],"texture":"#1"},"south":{"uv":[10.5,11.5,10.88,11.81],"texture":"#1"},"west":{"uv":[11.5,10.5,11.88,10.81],"texture":"#1"},"up":{"uv":[11.88,4.88,11.5,4.5],"texture":"#1"},"down":{"uv":[5.38,11.5,5,11.88],"texture":"#1"}},"rotation":{"origin":[8.00133,16.61162,6.81191],"axis":"x","angle":22.5,"rescale":false}},{"from":[7.625,16.52176,8.63014],"to":[8.375,17.02176,9.43014],"faces":{"north":{"uv":[7.5,12,7.88,12.25],"texture":"#1"},"east":{"uv":[12,7.5,12.38,7.75],"texture":"#1"},"south":{"uv":[8,12,8.38,12.25],"texture":"#1"},"west":{"uv":[12,8,12.38,8.25],"texture":"#1"},"up":{"uv":[7.38,11.88,7,11.5],"texture":"#1"},"down":{"uv":[11.88,7,11.5,7.38],"texture":"#1"}},"rotation":{"origin":[8.00133,16.61162,6.81191],"axis":"x","angle":-22.5,"rescale":false}},{"from":[7.625,18.46519,9.16453],"to":[8.375,18.96519,9.96453],"faces":{"north":{"uv":[8.5,12,8.88,12.25],"texture":"#1"},"east":{"uv":[12,8.5,12.38,8.75],"texture":"#1"},"south":{"uv":[9,12,9.38,12.25],"texture":"#1"},"west":{"uv":[9.5,12,9.88,12.25],"texture":"#1"},"up":{"uv":[7.88,11.88,7.5,11.5],"texture":"#1"},"down":{"uv":[11.88,7.5,11.5,7.88],"texture":"#1"}},"rotation":{"origin":[8.00133,16.61162,6.81191],"axis":"x","angle":-22.5,"rescale":false}},{"from":[7.625,20.01998,3.93891],"to":[8.375,20.81998,4.43891],"faces":{"north":{"uv":[8.38,11.88,8,11.5],"texture":"#1","rotation":180},"east":{"uv":[10,12,10.38,12.25],"texture":"#1","rotation":90},"south":{"uv":[11.88,8,11.5,8.38],"texture":"#1"},"west":{"uv":[10.5,12,10.88,12.25],"texture":"#1","rotation":270},"up":{"uv":[12,10,12.38,10.25],"texture":"#1"},"down":{"uv":[12,9.5,12.38,9.75],"texture":"#1","rotation":180}},"rotation":{"origin":[8.00133,16.61162,6.81191],"axis":"x","angle":45,"rescale":false}},{"from":[7.625,20.74105,2.08745],"to":[8.375,21.66605,4.08745],"faces":{"north":{"uv":[10.5,11,10.88,11.44],"texture":"#1"},"east":{"uv":[3.5,8.5,4.5,8.94],"texture":"#1"},"south":{"uv":[11,10.5,11.38,10.94],"texture":"#1"},"west":{"uv":[8.5,3.5,9.5,3.94],"texture":"#1"},"up":{"uv":[4.88,10.5,4.5,9.5],"texture":"#1"},"down":{"uv":[5.38,9.5,5,10.5],"texture":"#1"}},"rotation":{"origin":[8.00133,16.61162,6.81191],"axis":"x","angle":22.5,"rescale":false}},{"from":[7.63,10.9235,6.2235],"to":[8.37,11.6635,6.9635],"faces":{"north":{"uv":[11.5,5,11.88,5.38],"texture":"#1"},"east":{"uv":[5.5,11.5,5.88,11.88],"texture":"#1"},"south":{"uv":[11.5,5.5,11.88,5.88],"texture":"#1"},"west":{"uv":[11.5,6,11.88,6.38],"texture":"#1"},"up":{"uv":[6.88,11.88,6.5,11.5],"texture":"#1"},"down":{"uv":[11.88,6.5,11.5,6.88],"texture":"#1"}}},{"from":[8,6.35,8],"to":[9,7.1,9],"faces":{"north":{"uv":[12,9,13,9.75],"texture":"#0"},"east":{"uv":[10,12,11,12.75],"texture":"#0"},"south":{"uv":[12,10,13,10.75],"texture":"#0"},"west":{"uv":[11,12,12,12.75],"texture":"#0"},"up":{"uv":[6,13,5,12],"texture":"#0"},"down":{"uv":[13,6,12,7],"texture":"#0"}}},{"from":[8,10.54723,8.91283],"to":[8,11.09723,9.16283],"faces":{"north":{"uv":[0,0.25,0,0],"texture":"#1","rotation":180},"east":{"uv":[12.5,10.5,12.75,10.62],"texture":"#1","rotation":90},"south":{"uv":[0,0,0,0.25],"texture":"#1"},"west":{"uv":[11,12.5,11.25,12.62],"texture":"#1","rotation":270},"up":{"uv":[0,0,0,0.12],"texture":"#1"},"down":{"uv":[0,0,0,0.12],"texture":"#1","rotation":180}},"rotation":{"origin":[8.00133,16.61162,6.81191],"axis":"x","angle":45,"rescale":false}},{"from":[8,11.05,4.325],"to":[8,22.3,4.575],"faces":{"north":{"uv":[0,0,0,5.62],"texture":"#1"},"east":{"uv":[6,6,6.12,11.62],"texture":"#1"},"south":{"uv":[0,0,0,5.62],"texture":"#1"},"west":{"uv":[6.5,0,6.62,5.62],"texture":"#1"},"up":{"uv":[0,0.12,0,0],"texture":"#1"},"down":{"uv":[0,0,0,0.12],"texture":"#1"}}},{"from":[8,11.2,7.3],"to":[8,15.2,10.3],"faces":{"north":{"uv":[0,0,0,4],"texture":"#0"},"east":{"uv":[9,4,6,8],"texture":"#0"},"south":{"uv":[0,0,0,4],"texture":"#0"},"west":{"uv":[6,4,9,8],"texture":"#0"},"up":{"uv":[0,0,0,3],"texture":"#0"},"down":{"uv":[0,0,0,3],"texture":"#0"}},"rotation":{"origin":[8,13.2,8.8],"axis":"y","angle":45,"rescale":false}},{"from":[8,16.9966,9.796],"to":[8,17.8466,10.046],"faces":{"north":{"uv":[0,0,0,0.44],"texture":"#1"},"east":{"uv":[4.5,12.5,4.62,12.94],"texture":"#1"},"south":{"uv":[0,0,0,0.44],"texture":"#1"},"west":{"uv":[12.5,4.5,12.62,4.94],"texture":"#1"},"up":{"uv":[0,0.12,0,0],"texture":"#1"},"down":{"uv":[0,0,0,0.12],"texture":"#1"}},"rotation":{"origin":[8.00133,16.61162,6.81191],"axis":"x","angle":-22.5,"rescale":false}},{"from":[8,17.07228,8.98677],"to":[8,18.62228,9.23677],"faces":{"north":{"uv":[0,0,0,0.75],"texture":"#1"},"east":{"uv":[12,6.5,12.12,7.25],"texture":"#1"},"south":{"uv":[0,0,0,0.75],"texture":"#1"},"west":{"uv":[7,12,7.12,12.75],"texture":"#1"},"up":{"uv":[0,0.12,0,0],"texture":"#1"},"down":{"uv":[0,0,0,0.12],"texture":"#1"}},"rotation":{"origin":[8.00133,16.61162,6.81191],"axis":"x","angle":22.5,"rescale":false}},{"from":[8,19.59496,8.04872],"to":[8,20.44496,8.29872],"faces":{"north":{"uv":[0,0,0,0.44],"texture":"#1"},"east":{"uv":[5,12.5,5.12,12.94],"texture":"#1"},"south":{"uv":[0,0,0,0.44],"texture":"#1"},"west":{"uv":[12.5,5,12.62,5.44],"texture":"#1"},"up":{"uv":[0,0.12,0,0],"texture":"#1"},"down":{"uv":[0,0,0,0.12],"texture":"#1"}},"rotation":{"origin":[8.00133,16.61162,6.81191],"axis":"x","angle":22.5,"rescale":false}},{"from":[8,20.83232,8.5909],"to":[8,21.68232,8.8409],"faces":{"north":{"uv":[0,0,0,0.44],"texture":"#1"},"east":{"uv":[6,12.5,6.12,12.94],"texture":"#1"},"south":{"uv":[0,0,0,0.44],"texture":"#1"},"west":{"uv":[12.5,6,12.62,6.44],"texture":"#1"},"up":{"uv":[0,0.12,0,0],"texture":"#1"},"down":{"uv":[0,0,0,0.12],"texture":"#1"}}},{"from":[8,20.85405,5.08536],"to":[8,21.10405,5.93536],"faces":{"north":{"uv":[0,0,0,0.12],"texture":"#1"},"east":{"uv":[5.5,12.5,5.94,12.62],"texture":"#1"},"south":{"uv":[0,0,0,0.12],"texture":"#1"},"west":{"uv":[12.5,5.5,12.94,5.62],"texture":"#1"},"up":{"uv":[0,0.44,0,0],"texture":"#1"},"down":{"uv":[0,0,0,0.44],"texture":"#1"}},"rotation":{"origin":[8.00133,16.61162,6.81191],"axis":"x","angle":45,"rescale":false}},{"from":[8,22.025,6.15],"to":[8,22.275,8],"faces":{"north":{"uv":[0,0,0,0.12],"texture":"#1"},"east":{"uv":[11.5,9,12.44,9.12],"texture":"#1"},"south":{"uv":[0,0,0,0.12],"texture":"#1"},"west":{"uv":[9.5,11.5,10.44,11.62],"texture":"#1"},"up":{"uv":[0,0.94,0,0],"texture":"#1"},"down":{"uv":[0,0,0,0.94],"texture":"#1"}}},{"from":[8.12983,10.54738,8.55933],"to":[8.12983,10.79738,8.90933],"faces":{"north":{"uv":[0,0,0,0.12],"texture":"#1"},"east":{"uv":[12.5,11,12.69,11.12],"texture":"#1"},"south":{"uv":[0,0,0,0.12],"texture":"#1"},"west":{"uv":[11.5,12.5,11.69,12.62],"texture":"#1"},"up":{"uv":[0,0.19,0,0],"texture":"#1"},"down":{"uv":[0,0,0,0.19],"texture":"#1"}},"rotation":{"origin":[8.00133,16.61162,6.81191],"axis":"x","angle":45,"rescale":false}},{"from":[8.24693,2.95,6.79623],"to":[8.64693,3.825,7.29623],"faces":{"north":{"uv":[2,12.5,2.19,12.94],"texture":"#1"},"east":{"uv":[12,6,12.25,6.44],"texture":"#1"},"south":{"uv":[12.5,2,12.69,2.44],"texture":"#1"},"west":{"uv":[6.5,12,6.75,12.44],"texture":"#1"},"up":{"uv":[12.69,10.25,12.5,10],"texture":"#1"},"down":{"uv":[10.69,12.5,10.5,12.75],"texture":"#1"}},"rotation":{"origin":[8.09693,2.625,7.04623],"axis":"y","angle":-22.5,"rescale":false}},{"from":[8.24693,3.2,8.70377],"to":[8.64693,4.05,9.20377],"faces":{"north":{"uv":[0.5,12.5,0.69,12.94],"texture":"#1"},"east":{"uv":[12,4.5,12.25,4.94],"texture":"#1"},"south":{"uv":[12.5,0.5,12.69,0.94],"texture":"#1"},"west":{"uv":[5,12,5.25,12.44],"texture":"#1"},"up":{"uv":[12.69,8.75,12.5,8.5],"texture":"#1"},"down":{"uv":[9.19,12.5,9,12.75],"texture":"#1"}},"rotation":{"origin":[8.09693,2.875,8.95377],"axis":"y","angle":22.5,"rescale":false}},{"from":[8.24693,4.95,6.79623],"to":[8.64693,5.825,7.29623],"faces":{"north":{"uv":[1.5,12.5,1.69,12.94],"texture":"#1"},"east":{"uv":[12,5.5,12.25,5.94],"texture":"#1"},"south":{"uv":[12.5,1.5,12.69,1.94],"texture":"#1"},"west":{"uv":[6,12,6.25,12.44],"texture":"#1"},"up":{"uv":[12.69,9.75,12.5,9.5],"texture":"#1"},"down":{"uv":[10.19,12.5,10,12.75],"texture":"#1"}},"rotation":{"origin":[8.09693,4.65,7.04623],"axis":"y","angle":-22.5,"rescale":false}},{"from":[8.24693,5.2,8.70377],"to":[8.64693,6.05,9.20377],"faces":{"north":{"uv":[1,12.5,1.19,12.94],"texture":"#1"},"east":{"uv":[12,5,12.25,5.44],"texture":"#1"},"south":{"uv":[12.5,1,12.69,1.44],"texture":"#1"},"west":{"uv":[5.5,12,5.75,12.44],"texture":"#1"},"up":{"uv":[12.69,9.25,12.5,9],"texture":"#1"},"down":{"uv":[9.69,12.5,9.5,12.75],"texture":"#1"}},"rotation":{"origin":[8.09693,4.875,8.95377],"axis":"y","angle":22.5,"rescale":false}},{"from":[8.30931,2.95,7.18787],"to":[8.80931,5.825,7.78787],"faces":{"north":{"uv":[8,9.5,8.25,10.94],"texture":"#1"},"east":{"uv":[8.5,0,8.81,1.44],"texture":"#1"},"south":{"uv":[9.5,8,9.75,9.44],"texture":"#1"},"west":{"uv":[0.5,8.5,0.81,9.94],"texture":"#1"},"up":{"uv":[4.25,12.81,4,12.5],"texture":"#1"},"down":{"uv":[12.75,4,12.5,4.31],"texture":"#1"}},"rotation":{"origin":[8.55931,4.625,7.23787],"axis":"y","angle":45,"rescale":false}},{"from":[8.30931,3.2,8.21213],"to":[8.80931,6.05,8.81213],"faces":{"north":{"uv":[7,9.5,7.25,10.94],"texture":"#1"},"east":{"uv":[7.5,8,7.81,9.44],"texture":"#1"},"south":{"uv":[7.5,9.5,7.75,10.94],"texture":"#1"},"west":{"uv":[8,8,8.31,9.44],"texture":"#1"},"up":{"uv":[3.75,12.81,3.5,12.5],"texture":"#1"},"down":{"uv":[12.75,3.5,12.5,3.81],"texture":"#1"}},"rotation":{"origin":[8.55931,4.625,8.76213],"axis":"y","angle":-45,"rescale":false}},{"from":[8.5,3.2,8.3],"to":[8.5,5.8,9.7],"faces":{"north":{"uv":[0,0,0,1.31],"texture":"#1"},"east":{"uv":[4.5,5,5.19,6.31],"texture":"#1"},"south":{"uv":[0,0,0,1.31],"texture":"#1"},"west":{"uv":[5.5,0,6.19,1.31],"texture":"#1"},"up":{"uv":[0,0.69,0,0],"texture":"#1"},"down":{"uv":[0,0,0,0.69],"texture":"#1"}},"rotation":{"origin":[8.5,4.5,9.3],"axis":"y","angle":45,"rescale":false}},{"from":[8.625,3.7,7.45],"to":[9.125,5.55,8.55],"faces":{"north":{"uv":[8.5,10.5,8.75,11.44],"texture":"#1"},"east":{"uv":[7.5,5,8.06,5.94],"texture":"#1"},"south":{"uv":[9,10.5,9.25,11.44],"texture":"#1"},"west":{"uv":[7.5,6,8.06,6.94],"texture":"#1"},"up":{"uv":[3.75,12.06,3.5,11.5],"texture":"#1"},"down":{"uv":[4.25,11.5,4,12.06],"texture":"#1"}}},{"from":[8.78284,3.8,9.58184],"to":[9.68284,6.4,9.58184],"faces":{"north":{"uv":[7,4,7.44,5.31],"texture":"#1"},"east":{"uv":[0,0,0,1.31],"texture":"#1"},"south":{"uv":[6.5,7,6.94,8.31],"texture":"#1"},"west":{"uv":[0,0,0,1.31],"texture":"#1"},"up":{"uv":[0.44,0,0,0],"texture":"#1"},"down":{"uv":[0.44,0,0,0],"texture":"#1"}}},{"from":[9.175,3.7,7.45],"to":[9.175,5.55,8.55],"faces":{"north":{"uv":[0,0,0,0.94],"texture":"#1"},"east":{"uv":[3.5,7.5,4.06,8.44],"texture":"#1"},"south":{"uv":[0,0,0,0.94],"texture":"#1"},"west":{"uv":[7.5,4,8.06,4.94],"texture":"#1"},"up":{"uv":[0,0.56,0,0],"texture":"#1"},"down":{"uv":[0,0,0,0.56],"texture":"#1"}}},{"from":[9.38924,4.8,8.87503],"to":[10.78924,7.4,8.87503],"faces":{"north":{"uv":[5.5,1.5,6.19,2.81],"texture":"#1"},"east":{"uv":[0,0,0,1.31],"texture":"#1"},"south":{"uv":[5.5,3,6.19,4.31],"texture":"#1"},"west":{"uv":[0,0,0,1.31],"texture":"#1"},"up":{"uv":[0.69,0,0,0],"texture":"#1"},"down":{"uv":[0.69,0,0,0],"texture":"#1"}},"rotation":{"origin":[10.38924,6.1,8.87503],"axis":"y","angle":45,"rescale":false}},{"from":[9.96468,6.8,4.08578],"to":[9.96468,9.4,6.48578],"faces":{"north":{"uv":[0,0,0,1.31],"texture":"#1"},"east":{"uv":[1.5,3,2.69,4.31],"texture":"#1"},"south":{"uv":[0,0,0,1.31],"texture":"#1"},"west":{"uv":[3,1.5,4.19,2.81],"texture":"#1"},"up":{"uv":[0,1.19,0,0],"texture":"#1"},"down":{"uv":[0,0,0,1.19],"texture":"#1"}},"rotation":{"origin":[9.96468,8.1,5.48578],"axis":"y","angle":45,"rescale":false}},{"from":[10.67179,5.8,6.19289],"to":[10.67179,8.4,8.59289],"faces":{"north":{"uv":[0,0,0,1.31],"texture":"#1"},"east":{"uv":[0,3,1.19,4.31],"texture":"#1"},"south":{"uv":[0,0,0,1.31],"texture":"#1"},"west":{"uv":[3,0,4.19,1.31],"texture":"#1"},"up":{"uv":[0,1.19,0,0],"texture":"#1"},"down":{"uv":[0,0,0,1.19],"texture":"#1"}}}],"display":{"thirdperson_righthand":{"translation":[0,6.25,2],"scale":[1.17,1.17,1.17]},"thirdperson_lefthand":{"translation":[0,6.25,2],"scale":[1.17,1.17,1.17]},"firstperson_righthand":{"rotation":[-8.25,0,0],"translation":[-1.25,3.5,1.25],"scale":[0.77,0.77,0.77]},"firstperson_lefthand":{"rotation":[-8.25,0,0],"translation":[-1.25,3.5,1.25],"scale":[0.77,0.77,0.77]},"ground":{"rotation":[-45,0,0],"translation":[0,3,0],"scale":[0.3,0.3,0.3]},"gui":{"rotation":[-90,-46,-85.9],"translation":[-1.75,-0.75,0],"scale":[0.86,0.86,0.86]},"head":{"scale":[0,0,0]},"fixed":{"rotation":[0,-90,0]}},"gui_light":"front","mcmodels":"a1b7011007843a3af4c4b6687f4247a8"}