{"textures​":{"layer0":"minecraft:item/smooth_red_sandstone_slab"},"credit":"Made with Blockbench","\u0074\u0065\u0078\u0074\u0075\u0072\u0065\u0073":{"0":"\u0074\u0077\u0069\u006c\u0069\u0067\u0068\u0074_\u006f\u0066_\u0065\u006e\u0064\u0065\u0072:\u0068\u0061\u006d\u006d\u0065\u0072_0","1":"\u0074\u0077\u0069\u006c\u0069\u0067\u0068\u0074_\u006f\u0066_\u0065\u006e\u0064\u0065\u0072:\u0068\u0061\u006d\u006d\u0065\u0072_1","\u0070\u0061\u0072\u0074\u0069\u0063\u006c\u0065":"#0"},"elements":[{"from":[0.80065,13.00156,3.225],"to":[1.97565,13.00156,4.2],"faces":{"north":{"uv":[0,0,0.28,0],"texture":"#1"},"east":{"uv":[0,0,0.25,0],"texture":"#1"},"south":{"uv":[0,0,0.28,0],"texture":"#1"},"west":{"uv":[0,0,0.25,0],"texture":"#1"},"up":{"uv":[6.78,8,6.5,7.75],"texture":"#1"},"down":{"uv":[8.03,6.5,7.75,6.75],"texture":"#1"}},"rotation":{"origin":[0.97565,11.30156,3.025],"axis":"z","angle":-45,"rescale":false}},{"from":[0.80065,13.00156,11.8],"to":[1.97565,13.00156,12.775],"faces":{"north":{"uv":[0.28,0,0,0],"texture":"#1"},"east":{"uv":[0.25,0,0,0],"texture":"#1"},"south":{"uv":[0.28,0,0,0],"texture":"#1"},"west":{"uv":[0.25,0,0,0],"texture":"#1"},"up":{"uv":[6.78,7.75,6.5,8],"texture":"#1"},"down":{"uv":[8.03,6.75,7.75,6.5],"texture":"#1"}},"rotation":{"origin":[0.97565,11.30156,12.975],"axis":"z","angle":-45,"rescale":false}},{"from":[1.6315,11.77071,3.225],"to":[2.8065,12.67071,4.2],"faces":{"north":{"uv":[8.25,1.5,8.53,1.72],"texture":"#1"},"east":{"uv":[0,8.5,0.25,8.72],"texture":"#1"},"south":{"uv":[1.75,8.25,2.03,8.47],"texture":"#1"},"west":{"uv":[8.5,0,8.75,0.22],"texture":"#1"},"up":{"uv":[6.28,8,6,7.75],"texture":"#1"},"down":{"uv":[8.03,6.25,7.75,6.5],"texture":"#1"}},"rotation":{"origin":[1.8065,10.47071,3.025],"axis":"z","angle":-45,"rescale":false}},{"from":[1.6315,11.77071,11.8],"to":[2.8065,12.67071,12.775],"faces":{"north":{"uv":[2.03,8.25,1.75,8.47],"texture":"#1"},"east":{"uv":[0.25,8.5,0,8.72],"texture":"#1"},"south":{"uv":[8.53,1.5,8.25,1.72],"texture":"#1"},"west":{"uv":[8.75,0,8.5,0.22],"texture":"#1"},"up":{"uv":[6.28,7.75,6,8],"texture":"#1"},"down":{"uv":[8.03,6.5,7.75,6.25],"texture":"#1"}},"rotation":{"origin":[1.8065,10.47071,12.975],"axis":"z","angle":-45,"rescale":false}},{"from":[1.94865,11.48787,2.35],"to":[2.52365,12.08787,3.125],"faces":{"north":{"uv":[6.25,9,6.41,9.16],"texture":"#1"},"east":{"uv":[9,0.25,9.19,0.41],"texture":"#1"},"south":{"uv":[9,6.25,9.16,6.41],"texture":"#1"},"west":{"uv":[0.5,9,0.69,9.16],"texture":"#1"},"up":{"uv":[9.16,0.69,9,0.5],"texture":"#1"},"down":{"uv":[0.91,9,0.75,9.19],"texture":"#1"}},"rotation":{"origin":[1.52365,10.18787,2.15],"axis":"z","angle":-45,"rescale":false}},{"from":[1.94865,11.48787,12.875],"to":[2.52365,12.08787,13.65],"faces":{"north":{"uv":[9.16,6.25,9,6.41],"texture":"#1"},"east":{"uv":[9.19,0.25,9,0.41],"texture":"#1"},"south":{"uv":[6.41,9,6.25,9.16],"texture":"#1"},"west":{"uv":[0.69,9,0.5,9.16],"texture":"#1"},"up":{"uv":[9.16,0.5,9,0.69],"texture":"#1"},"down":{"uv":[0.91,9.19,0.75,9],"texture":"#1"}},"rotation":{"origin":[1.52365,10.18787,13.85],"axis":"z","angle":-45,"rescale":false}},{"from":[2.00691,11.67446,3.7125],"to":[2.98191,12.84946,3.7125],"faces":{"north":{"uv":[1,7.75,1.25,8.03],"texture":"#1"},"east":{"uv":[0,0,0,0.28],"texture":"#1"},"south":{"uv":[7.75,6.75,8,7.03],"texture":"#1"},"west":{"uv":[0,0,0,0.28],"texture":"#1"},"up":{"uv":[0.25,0,0,0],"texture":"#1"},"down":{"uv":[0.25,0,0,0],"texture":"#1"}},"rotation":{"origin":[2.49441,12.26196,3.7125],"axis":"z","angle":45,"rescale":false}},{"from":[2.00691,11.67446,12.2875],"to":[2.98191,12.84946,12.2875],"faces":{"north":{"uv":[8,6.75,7.75,7.03],"texture":"#1"},"east":{"uv":[0,0,0,0.28],"texture":"#1"},"south":{"uv":[1.25,7.75,1,8.03],"texture":"#1"},"west":{"uv":[0,0,0,0.28],"texture":"#1"},"up":{"uv":[0.25,0,0,0],"texture":"#1"},"down":{"uv":[0.25,0,0,0],"texture":"#1"}},"rotation":{"origin":[2.49441,12.26196,12.2875],"axis":"z","angle":45,"rescale":false}},{"from":[3.15,10.4,2.225],"to":[3.85,11.7,4.225],"faces":{"north":{"uv":[5.25,8.25,5.44,8.56],"texture":"#1"},"east":{"uv":[6.5,1,7,1.31],"texture":"#1"},"south":{"uv":[5.5,8.25,5.69,8.56],"texture":"#1"},"west":{"uv":[6.5,1.5,7,1.81],"texture":"#1"},"up":{"uv":[7.69,1.5,7.5,1],"texture":"#1"},"down":{"uv":[1.44,7.5,1.25,8],"texture":"#1"}}},{"from":[3.15,10.4,11.775],"to":[3.85,11.7,13.775],"faces":{"north":{"uv":[5.69,8.25,5.5,8.56],"texture":"#1"},"east":{"uv":[7,1,6.5,1.31],"texture":"#1"},"south":{"uv":[5.44,8.25,5.25,8.56],"texture":"#1"},"west":{"uv":[7,1.5,6.5,1.81],"texture":"#1"},"up":{"uv":[7.69,1,7.5,1.5],"texture":"#1"},"down":{"uv":[1.44,8,1.25,7.5],"texture":"#1"}}},{"from":[3.85,10.2,2.025],"to":[5.3,11.9,4.425],"faces":{"north":{"uv":[6.25,5.25,6.62,5.69],"texture":"#1"},"east":{"uv":[4.75,4.75,5.34,5.19],"texture":"#1"},"south":{"uv":[6.25,5.75,6.62,6.19],"texture":"#1"},"west":{"uv":[5,4,5.59,4.44],"texture":"#1"},"up":{"uv":[3.38,6.09,3,5.5],"texture":"#1"},"down":{"uv":[5.88,3.25,5.5,3.84],"texture":"#1"}}},{"from":[3.85,10.2,11.575],"to":[5.3,11.9,13.975],"faces":{"north":{"uv":[6.62,5.75,6.25,6.19],"texture":"#1"},"east":{"uv":[5.34,4.75,4.75,5.19],"texture":"#1"},"south":{"uv":[6.62,5.25,6.25,5.69],"texture":"#1"},"west":{"uv":[5.59,4,5,4.44],"texture":"#1"},"up":{"uv":[3.38,5.5,3,6.09],"texture":"#1"},"down":{"uv":[5.88,3.84,5.5,3.25],"texture":"#1"}}},{"from":[5,7,1],"to":[11,13,4.9],"faces":{"north":{"uv":[0,0,1.5,1.5],"texture":"#1"},"east":{"uv":[1.5,2,2.47,3.5],"texture":"#1"},"south":{"uv":[0,1.5,1.5,3],"texture":"#1"},"west":{"uv":[2.5,2,3.47,3.5],"texture":"#1"},"up":{"uv":[1.5,3.97,0,3],"texture":"#1"},"down":{"uv":[3,3.5,1.5,4.47],"texture":"#1"}}},{"from":[5,7,11.1],"to":[11,13,15],"faces":{"north":{"uv":[1.5,1.5,0,3],"texture":"#1"},"east":{"uv":[2.47,2,1.5,3.5],"texture":"#1"},"south":{"uv":[1.5,0,0,1.5],"texture":"#1"},"west":{"uv":[3.47,2,2.5,3.5],"texture":"#1"},"up":{"uv":[1.5,3,0,3.97],"texture":"#1"},"down":{"uv":[3,4.47,1.5,3.5],"texture":"#1"}}},{"from":[5.025,7.49874,1.19268],"to":[5.975,8.59874,2.29268],"faces":{"north":{"uv":[2.75,8,3,8.28],"texture":"#1"},"east":{"uv":[7.75,4.25,8.03,4.53],"texture":"#1"},"south":{"uv":[6,8,6.25,8.28],"texture":"#1"},"west":{"uv":[4.5,7.75,4.78,8.03],"texture":"#1"},"up":{"uv":[6.5,8.28,6.25,8],"texture":"#1"},"down":{"uv":[6.75,8,6.5,8.28],"texture":"#1"}},"rotation":{"origin":[8,10.49874,0.39268],"axis":"x","angle":22.5,"rescale":false}},{"from":[5.025,7.49874,13.70732],"to":[5.975,8.59874,14.80732],"faces":{"north":{"uv":[6.25,8,6,8.28],"texture":"#1"},"east":{"uv":[8.03,4.25,7.75,4.53],"texture":"#1"},"south":{"uv":[3,8,2.75,8.28],"texture":"#1"},"west":{"uv":[4.78,7.75,4.5,8.03],"texture":"#1"},"up":{"uv":[6.5,8,6.25,8.28],"texture":"#1"},"down":{"uv":[6.75,8.28,6.5,8],"texture":"#1"}},"rotation":{"origin":[8,10.49874,15.60732],"axis":"x","angle":-22.5,"rescale":false}},{"from":[5.025,11.40126,1.19268],"to":[5.975,12.50126,2.29268],"faces":{"north":{"uv":[8,0.25,8.25,0.53],"texture":"#1"},"east":{"uv":[7.75,3.75,8.03,4.03],"texture":"#1"},"south":{"uv":[0.5,8,0.75,8.28],"texture":"#1"},"west":{"uv":[4,7.75,4.28,8.03],"texture":"#1"},"up":{"uv":[1.5,8.28,1.25,8],"texture":"#1"},"down":{"uv":[2.75,8,2.5,8.28],"texture":"#1"}},"rotation":{"origin":[8,9.50126,0.39268],"axis":"x","angle":-22.5,"rescale":false}},{"from":[5.025,11.40126,13.70732],"to":[5.975,12.50126,14.80732],"faces":{"north":{"uv":[0.75,8,0.5,8.28],"texture":"#1"},"east":{"uv":[8.03,3.75,7.75,4.03],"texture":"#1"},"south":{"uv":[8.25,0.25,8,0.53],"texture":"#1"},"west":{"uv":[4.28,7.75,4,8.03],"texture":"#1"},"up":{"uv":[1.5,8,1.25,8.28],"texture":"#1"},"down":{"uv":[2.75,8.28,2.5,8],"texture":"#1"}},"rotation":{"origin":[8,9.50126,15.60732],"axis":"x","angle":22.5,"rescale":false}},{"from":[5.125,7.98577,1.56155],"to":[5.875,8.88577,2.66155],"faces":{"north":{"uv":[8.75,0.5,8.94,0.72],"texture":"#1"},"east":{"uv":[8.25,2.75,8.53,2.97],"texture":"#1"},"south":{"uv":[8.75,0.75,8.94,0.97],"texture":"#1"},"west":{"uv":[3,8.25,3.28,8.47],"texture":"#1"},"up":{"uv":[1.94,8.78,1.75,8.5],"texture":"#1"},"down":{"uv":[2.19,8.5,2,8.78],"texture":"#1"}},"rotation":{"origin":[8,10.88577,0.76155],"axis":"x","angle":45,"rescale":false}},{"from":[5.125,7.98577,13.33845],"to":[5.875,8.88577,14.43845],"faces":{"north":{"uv":[8.94,0.75,8.75,0.97],"texture":"#1"},"east":{"uv":[8.53,2.75,8.25,2.97],"texture":"#1"},"south":{"uv":[8.94,0.5,8.75,0.72],"texture":"#1"},"west":{"uv":[3.28,8.25,3,8.47],"texture":"#1"},"up":{"uv":[1.94,8.5,1.75,8.78],"texture":"#1"},"down":{"uv":[2.19,8.78,2,8.5],"texture":"#1"}},"rotation":{"origin":[8,10.88577,15.23845],"axis":"x","angle":-45,"rescale":false}},{"from":[5.125,11.11423,1.56155],"to":[5.875,12.01423,2.66155],"faces":{"north":{"uv":[0.25,8.75,0.44,8.97],"texture":"#1"},"east":{"uv":[8.25,2.25,8.53,2.47],"texture":"#1"},"south":{"uv":[8.75,0.25,8.94,0.47],"texture":"#1"},"west":{"uv":[8.25,2.5,8.53,2.72],"texture":"#1"},"up":{"uv":[1.44,8.78,1.25,8.5],"texture":"#1"},"down":{"uv":[1.69,8.5,1.5,8.78],"texture":"#1"}},"rotation":{"origin":[8,9.11423,0.76155],"axis":"x","angle":-45,"rescale":false}},{"from":[5.125,11.11423,13.33845],"to":[5.875,12.01423,14.43845],"faces":{"north":{"uv":[8.94,0.25,8.75,0.47],"texture":"#1"},"east":{"uv":[8.53,2.25,8.25,2.47],"texture":"#1"},"south":{"uv":[0.44,8.75,0.25,8.97],"texture":"#1"},"west":{"uv":[8.53,2.5,8.25,2.72],"texture":"#1"},"up":{"uv":[1.44,8.5,1.25,8.78],"texture":"#1"},"down":{"uv":[1.69,8.78,1.5,8.5],"texture":"#1"}},"rotation":{"origin":[8,9.11423,15.23845],"axis":"x","angle":45,"rescale":false}},{"from":[5.21076,10.85,7.12497],"to":[6.61076,13.45,7.12497],"faces":{"north":{"uv":[1.5,5.25,1.84,5.91],"texture":"#1"},"east":{"uv":[0,0,0,0.66],"texture":"#1"},"south":{"uv":[2,5.25,2.34,5.91],"texture":"#1"},"west":{"uv":[0,0,0,0.66],"texture":"#1"},"up":{"uv":[0.34,0,0,0],"texture":"#1"},"down":{"uv":[0.34,0,0,0],"texture":"#1"}},"rotation":{"origin":[5.61076,12.15,7.12497],"axis":"y","angle":45,"rescale":false}},{"from":[5.25,9.23463,-1.54622],"to":[5.75,10.08463,-0.89622],"faces":{"north":{"uv":[5,9,5.12,9.22],"texture":"#1"},"east":{"uv":[8.75,6.75,8.91,6.97],"texture":"#1"},"south":{"uv":[9,5,9.12,5.22],"texture":"#1"},"west":{"uv":[7,8.75,7.16,8.97],"texture":"#1"},"up":{"uv":[9.38,2.41,9.25,2.25],"texture":"#1"},"down":{"uv":[2.62,9.25,2.5,9.41],"texture":"#1"}},"rotation":{"origin":[8,11.13463,1.22878],"axis":"x","angle":-22.5,"rescale":false}},{"from":[5.25,9.23463,16.89622],"to":[5.75,10.08463,17.54622],"faces":{"north":{"uv":[9.12,5,9,5.22],"texture":"#1"},"east":{"uv":[8.91,6.75,8.75,6.97],"texture":"#1"},"south":{"uv":[5.12,9,5,9.22],"texture":"#1"},"west":{"uv":[7.16,8.75,7,8.97],"texture":"#1"},"up":{"uv":[9.38,2.25,9.25,2.41],"texture":"#1"},"down":{"uv":[2.62,9.41,2.5,9.25],"texture":"#1"}},"rotation":{"origin":[8,11.13463,14.77122],"axis":"x","angle":22.5,"rescale":false}},{"from":[5.25,9.91537,-1.54622],"to":[5.75,10.76537,-0.89622],"faces":{"north":{"uv":[4.75,9,4.88,9.22],"texture":"#1"},"east":{"uv":[8.75,6.5,8.91,6.72],"texture":"#1"},"south":{"uv":[9,4.75,9.12,4.97],"texture":"#1"},"west":{"uv":[6.75,8.75,6.91,8.97],"texture":"#1"},"up":{"uv":[9.38,2.16,9.25,2],"texture":"#1"},"down":{"uv":[2.38,9.25,2.25,9.41],"texture":"#1"}},"rotation":{"origin":[8,8.86537,1.22878],"axis":"x","angle":22.5,"rescale":false}},{"from":[5.25,9.91537,16.89622],"to":[5.75,10.76537,17.54622],"faces":{"north":{"uv":[9.12,4.75,9,4.97],"texture":"#1"},"east":{"uv":[8.91,6.5,8.75,6.72],"texture":"#1"},"south":{"uv":[4.88,9,4.75,9.22],"texture":"#1"},"west":{"uv":[6.91,8.75,6.75,8.97],"texture":"#1"},"up":{"uv":[9.38,2,9.25,2.16],"texture":"#1"},"down":{"uv":[2.38,9.41,2.25,9.25],"texture":"#1"}},"rotation":{"origin":[8,8.86537,14.77122],"axis":"x","angle":-22.5,"rescale":false}},{"from":[5.32821,11.85,7.40711],"to":[5.32821,14.45,9.80711],"faces":{"north":{"uv":[0,0,0,0.66],"texture":"#1"},"east":{"uv":[0.75,4,1.34,4.66],"texture":"#1"},"south":{"uv":[0,0,0,0.66],"texture":"#1"},"west":{"uv":[4.25,4,4.84,4.66],"texture":"#1"},"up":{"uv":[0,0.59,0,0],"texture":"#1"},"down":{"uv":[0,0,0,0.59],"texture":"#1"}}},{"from":[5.75,7.75,-1.9],"to":[10.25,12.25,1],"faces":{"north":{"uv":[3.5,2,4.62,3.12],"texture":"#1"},"east":{"uv":[0,4,0.72,5.12],"texture":"#1"},"south":{"uv":[3,3.5,4.12,4.62],"texture":"#1"},"west":{"uv":[4,0,4.72,1.12],"texture":"#1"},"up":{"uv":[5.12,1.97,4,1.25],"texture":"#1"},"down":{"uv":[5.38,3.25,4.25,3.97],"texture":"#1"}}},{"from":[5.75,7.75,15],"to":[10.25,12.25,17.9],"faces":{"north":{"uv":[4.12,3.5,3,4.62],"texture":"#1"},"east":{"uv":[0.72,4,0,5.12],"texture":"#1"},"south":{"uv":[4.62,2,3.5,3.12],"texture":"#1"},"west":{"uv":[4.72,0,4,1.12],"texture":"#1"},"up":{"uv":[5.12,1.25,4,1.97],"texture":"#1"},"down":{"uv":[5.38,3.97,4.25,3.25],"texture":"#1"}}},{"from":[6,10.65,6.475],"to":[9,14.65,6.475],"faces":{"north":{"uv":[9,8,6,4],"texture":"#0"},"east":{"uv":[0,4,0,0],"texture":"#0"},"south":{"uv":[6,8,9,4],"texture":"#0"},"west":{"uv":[0,4,0,0],"texture":"#0"},"up":{"uv":[0,0,0,3],"texture":"#0","rotation":90},"down":{"uv":[0,0,0,3],"texture":"#0","rotation":270}},"rotation":{"origin":[7.5,12.65,6.475],"axis":"y","angle":-45,"rescale":false}},{"from":[6.03532,12.85,9.51422],"to":[6.03532,15.45,11.91422],"faces":{"north":{"uv":[0,0,0,0.66],"texture":"#1"},"east":{"uv":[1.5,4.5,2.09,5.16],"texture":"#1"},"south":{"uv":[0,0,0,0.66],"texture":"#1"},"west":{"uv":[2.25,4.5,2.84,5.16],"texture":"#1"},"up":{"uv":[0,0.59,0,0],"texture":"#1"},"down":{"uv":[0,0,0,0.59],"texture":"#1"}},"rotation":{"origin":[6.03532,14.15,10.51422],"axis":"y","angle":45,"rescale":false}},{"from":[6.31716,9.85,6.41816],"to":[7.21716,12.45,6.41816],"faces":{"north":{"uv":[6.5,3,6.72,3.66],"texture":"#1"},"east":{"uv":[0,0,0,0.66],"texture":"#1"},"south":{"uv":[6.5,3.75,6.72,4.41],"texture":"#1"},"west":{"uv":[0,0,0,0.66],"texture":"#1"},"up":{"uv":[0.22,0,0,0],"texture":"#1"},"down":{"uv":[0.22,0,0,0],"texture":"#1"}}},{"from":[6.5,17.25,8.8],"to":[9.5,21.25,8.8],"faces":{"north":{"uv":[9,4,6,8],"texture":"#0"},"east":{"uv":[0,0,0,4],"texture":"#0"},"south":{"uv":[6,4,9,8],"texture":"#0"},"west":{"uv":[0,0,0,4],"texture":"#0"},"up":{"uv":[0,0,0,3],"texture":"#0","rotation":270},"down":{"uv":[0,0,0,3],"texture":"#0","rotation":90}},"rotation":{"origin":[8,19.25,8.8],"axis":"y","angle":-45,"rescale":false}},{"from":[6.825,9.75,7.45],"to":[6.825,11.6,8.55],"faces":{"north":{"uv":[0,0,0,0.47],"texture":"#1"},"east":{"uv":[4,6.75,4.28,7.22],"texture":"#1"},"south":{"uv":[0,0,0,0.47],"texture":"#1"},"west":{"uv":[6.75,4,7.03,4.47],"texture":"#1"},"up":{"uv":[0,0.28,0,0],"texture":"#1"},"down":{"uv":[0,0,0,0.28],"texture":"#1"}}},{"from":[6.861,23.35,7.60555],"to":[6.861,25.35,8.00555],"faces":{"north":{"uv":[0,0,0,0.5],"texture":"#1"},"east":{"uv":[8.59,7.25,8.5,7.75],"texture":"#1"},"south":{"uv":[0,0,0,0.5],"texture":"#1"},"west":{"uv":[7.34,8.5,7.25,9],"texture":"#1"},"up":{"uv":[0,0.09,0,0],"texture":"#1"},"down":{"uv":[0,0,0,0.09],"texture":"#1"}},"rotation":{"origin":[8,22.45,8],"axis":"y","angle":45,"rescale":false}},{"from":[6.875,9.75,7.45],"to":[7.375,11.6,8.55],"faces":{"north":{"uv":[2.25,8.25,2.38,8.72],"texture":"#1"},"east":{"uv":[3.5,6.75,3.78,7.22],"texture":"#1"},"south":{"uv":[8.25,3.75,8.38,4.22],"texture":"#1"},"west":{"uv":[6.75,3.5,7.03,3.97],"texture":"#1"},"up":{"uv":[8.88,2.03,8.75,1.75],"texture":"#1"},"down":{"uv":[2.38,8.75,2.25,9.03],"texture":"#1"}}},{"from":[6.9539,20.65,8.04298],"to":[6.9539,26.65,8.44298],"faces":{"north":{"uv":[0,0,0,1.5],"texture":"#1"},"east":{"uv":[1.84,6.75,1.75,8.25],"texture":"#1"},"south":{"uv":[0,0,0,1.5],"texture":"#1"},"west":{"uv":[1.59,6.75,1.5,8.25],"texture":"#1"},"up":{"uv":[0,0.09,0,0],"texture":"#1"},"down":{"uv":[0,0,0,0.09],"texture":"#1"}},"rotation":{"origin":[8,22.45,8],"axis":"y","angle":-45,"rescale":false}},{"from":[7,13.15,7],"to":[9,15.15,9],"faces":{"north":{"uv":[9,0,11,2],"texture":"#0"},"east":{"uv":[11,6,9,8],"texture":"#0"},"south":{"uv":[9,4,11,6],"texture":"#0"},"west":{"uv":[9,6,11,8],"texture":"#0"},"up":{"uv":[12,10,10,8],"texture":"#0"},"down":{"uv":[12,10,10,12],"texture":"#0"}}},{"from":[7,15.15,7],"to":[8,15.9,8],"faces":{"north":{"uv":[12,11,13,11.75],"texture":"#0"},"east":{"uv":[12,12,13,12.75],"texture":"#0"},"south":{"uv":[13,2,14,2.75],"texture":"#0"},"west":{"uv":[13,3,14,3.75],"texture":"#0"},"up":{"uv":[13,8,12,7],"texture":"#0"},"down":{"uv":[13,8,12,9],"texture":"#0"}}},{"from":[7.125,13.91066,7.00711],"to":[7.925,14.43566,7.53211],"faces":{"north":{"uv":[13,9,13.75,9.5],"texture":"#0"},"east":{"uv":[13,13,13.5,13.5],"texture":"#0"},"south":{"uv":[10,13,10.75,13.5],"texture":"#0"},"west":{"uv":[13,13,13.5,13.5],"texture":"#0"},"up":{"uv":[13.75,10.5,13,10],"texture":"#0"},"down":{"uv":[11.75,13,11,13.5],"texture":"#0"}},"rotation":{"origin":[7.4,15.16066,6.75711],"axis":"x","angle":45,"rescale":false}},{"from":[7.125,16.16066,7.00711],"to":[7.925,16.68566,7.53211],"faces":{"north":{"uv":[13,5,13.75,5.5],"texture":"#0"},"east":{"uv":[12,13,12.5,13.5],"texture":"#0"},"south":{"uv":[13,6,13.75,6.5],"texture":"#0"},"west":{"uv":[12,13,12.5,13.5],"texture":"#0"},"up":{"uv":[13.75,7.5,13,7],"texture":"#0"},"down":{"uv":[13.75,8,13,8.5],"texture":"#0"}},"rotation":{"origin":[7.4,17.41066,6.75711],"axis":"x","angle":45,"rescale":false}},{"from":[7.15,14.1,6.05],"to":[7.9,16.35,6.8],"faces":{"north":{"uv":[6,11,6.75,13.25],"texture":"#0"},"east":{"uv":[9,11,9.75,13.25],"texture":"#0"},"south":{"uv":[8,11,8.75,13.25],"texture":"#0"},"west":{"uv":[9,11,9.75,13.25],"texture":"#0"},"up":{"uv":[13.75,4.75,13,4],"texture":"#0"},"down":{"uv":[5.75,13,5,13.75],"texture":"#0"}}},{"from":[7.19069,9,8.21213],"to":[7.69069,11.875,8.81213],"faces":{"north":{"uv":[7.5,3.75,7.62,4.47],"texture":"#1"},"east":{"uv":[4.75,7,4.91,7.72],"texture":"#1"},"south":{"uv":[7.5,4.5,7.62,5.22],"texture":"#1"},"west":{"uv":[5,7,5.16,7.72],"texture":"#1"},"up":{"uv":[8.88,9.16,8.75,9],"texture":"#1"},"down":{"uv":[9.12,8.75,9,8.91],"texture":"#1"}},"rotation":{"origin":[7.44069,10.675,8.76213],"axis":"y","angle":45,"rescale":false}},{"from":[7.19069,9.25,7.18787],"to":[7.69069,12.1,7.78787],"faces":{"north":{"uv":[7.5,5.25,7.62,5.97],"texture":"#1"},"east":{"uv":[5.25,7,5.41,7.72],"texture":"#1"},"south":{"uv":[7.5,6.5,7.62,7.22],"texture":"#1"},"west":{"uv":[5.5,7,5.66,7.72],"texture":"#1"},"up":{"uv":[9.12,9.16,9,9],"texture":"#1"},"down":{"uv":[0.12,9.25,0,9.41],"texture":"#1"}},"rotation":{"origin":[7.44069,10.675,7.23787],"axis":"y","angle":-45,"rescale":false}},{"from":[7.2,-14.25,7.2],"to":[8.8,-13.75,8.8],"faces":{"north":{"uv":[3.5,8.5,3.91,8.62],"texture":"#1"},"east":{"uv":[8.5,3.75,8.91,3.88],"texture":"#1"},"south":{"uv":[8.5,4,8.91,4.12],"texture":"#1"},"west":{"uv":[4.5,8.5,4.91,8.62],"texture":"#1"},"up":{"uv":[6.41,5.16,6,4.75],"texture":"#1"},"down":{"uv":[3.41,6.25,3,6.66],"texture":"#1"}}},{"from":[7.35,-12.32117,-1.459],"to":[8.65,-11.52117,-0.659],"faces":{"north":{"uv":[8.25,4.25,8.56,4.44],"texture":"#1"},"east":{"uv":[8.75,3.25,8.94,3.44],"texture":"#1"},"south":{"uv":[4.5,8.25,4.81,8.44],"texture":"#1"},"west":{"uv":[3.5,8.75,3.69,8.94],"texture":"#1"},"up":{"uv":[8.56,4.69,8.25,4.5],"texture":"#1"},"down":{"uv":[8.56,4.75,8.25,4.94],"texture":"#1"}},"rotation":{"origin":[8,-2.86216,8],"axis":"x","angle":-45,"rescale":false}},{"from":[7.35307,9,8.70377],"to":[7.75307,9.875,9.20377],"faces":{"north":{"uv":[7,9,7.09,9.22],"texture":"#1"},"east":{"uv":[9,1.5,9.12,1.72],"texture":"#1"},"south":{"uv":[9,7,9.09,7.22],"texture":"#1"},"west":{"uv":[1.75,9,1.88,9.22],"texture":"#1"},"up":{"uv":[9.34,3.62,9.25,3.5],"texture":"#1"},"down":{"uv":[3.84,9.25,3.75,9.38],"texture":"#1"}},"rotation":{"origin":[7.90307,8.675,8.95377],"axis":"y","angle":-22.5,"rescale":false}},{"from":[7.35307,9.25,6.79623],"to":[7.75307,10.1,7.29623],"faces":{"north":{"uv":[7.25,9,7.34,9.22],"texture":"#1"},"east":{"uv":[9,1.75,9.12,1.97],"texture":"#1"},"south":{"uv":[9,7.25,9.09,7.47],"texture":"#1"},"west":{"uv":[2,9,2.12,9.22],"texture":"#1"},"up":{"uv":[9.34,3.88,9.25,3.75],"texture":"#1"},"down":{"uv":[4.09,9.25,4,9.38],"texture":"#1"}},"rotation":{"origin":[7.90307,8.925,7.04623],"axis":"y","angle":22.5,"rescale":false}},{"from":[7.35307,11,8.70377],"to":[7.75307,11.875,9.20377],"faces":{"north":{"uv":[6.75,9,6.84,9.22],"texture":"#1"},"east":{"uv":[9,1.25,9.12,1.47],"texture":"#1"},"south":{"uv":[9,6.75,9.09,6.97],"texture":"#1"},"west":{"uv":[1.5,9,1.62,9.22],"texture":"#1"},"up":{"uv":[9.34,3.38,9.25,3.25],"texture":"#1"},"down":{"uv":[3.59,9.25,3.5,9.38],"texture":"#1"}},"rotation":{"origin":[7.90307,10.7,8.95377],"axis":"y","angle":-22.5,"rescale":false}},{"from":[7.35307,11.25,6.79623],"to":[7.75307,12.1,7.29623],"faces":{"north":{"uv":[7.5,9,7.59,9.22],"texture":"#1"},"east":{"uv":[9,2,9.12,2.22],"texture":"#1"},"south":{"uv":[9,7.5,9.09,7.72],"texture":"#1"},"west":{"uv":[9,2.25,9.12,2.47],"texture":"#1"},"up":{"uv":[9.34,4.12,9.25,4],"texture":"#1"},"down":{"uv":[4.34,9.25,4.25,9.38],"texture":"#1"}},"rotation":{"origin":[7.90307,10.925,7.04623],"axis":"y","angle":22.5,"rescale":false}},{"from":[7.45,-15.65,7.45],"to":[8.55,-14.25,8.55],"faces":{"north":{"uv":[7.25,2.75,7.53,3.09],"texture":"#1"},"east":{"uv":[3,7.25,3.28,7.59],"texture":"#1"},"south":{"uv":[7.25,3.25,7.53,3.59],"texture":"#1"},"west":{"uv":[3.5,7.25,3.78,7.59],"texture":"#1"},"up":{"uv":[8.03,3.03,7.75,2.75],"texture":"#1"},"down":{"uv":[3.28,7.75,3,8.03],"texture":"#1"}}},{"from":[7.45,-6.55,7.45],"to":[8.55,-3.65,8.55],"faces":{"north":{"uv":[6,3.25,6.28,3.97],"texture":"#1"},"east":{"uv":[3.5,6,3.78,6.72],"texture":"#1"},"south":{"uv":[4,6,4.28,6.72],"texture":"#1"},"west":{"uv":[6,4,6.28,4.72],"texture":"#1"},"up":{"uv":[8.03,3.53,7.75,3.25],"texture":"#1"},"down":{"uv":[3.78,7.75,3.5,8.03],"texture":"#1"}}},{"from":[7.45,0.9,7.45],"to":[8.55,3.8,8.55],"faces":{"north":{"uv":[1.25,6,1.53,6.72],"texture":"#1"},"east":{"uv":[6,1.5,6.28,2.22],"texture":"#1"},"south":{"uv":[1.75,6,2.03,6.72],"texture":"#1"},"west":{"uv":[2.25,6,2.53,6.72],"texture":"#1"},"up":{"uv":[8.03,2.03,7.75,1.75],"texture":"#1"},"down":{"uv":[8.03,2.25,7.75,2.53],"texture":"#1"}}},{"from":[7.45,8.95,7.45],"to":[8.55,11.85,8.55],"faces":{"north":{"uv":[5.75,2.5,6.03,3.22],"texture":"#1"},"east":{"uv":[5.75,5.25,6.03,5.97],"texture":"#1"},"south":{"uv":[6,0,6.28,0.72],"texture":"#1"},"west":{"uv":[6,0.75,6.28,1.47],"texture":"#1"},"up":{"uv":[8.03,1.03,7.75,0.75],"texture":"#1"},"down":{"uv":[8.03,1.25,7.75,1.53],"texture":"#1"}}},{"from":[7.475,16.28388,9.09099],"to":[8.525,17.35888,10.16599],"faces":{"north":{"uv":[12,2,13,3.12],"texture":"#0"},"east":{"uv":[2.12,12,1,13.12],"texture":"#0"},"south":{"uv":[3,12,4,13.12],"texture":"#0"},"west":{"uv":[1,12,2.12,13.12],"texture":"#0"},"up":{"uv":[5,13.12,4,12],"texture":"#0"},"down":{"uv":[13,4,12,5.12],"texture":"#0"}},"rotation":{"origin":[8,18.03388,9.59099],"axis":"x","angle":45,"rescale":false}},{"from":[7.5,-10.65,7.5],"to":[8.5,-8.6,8.5],"faces":{"north":{"uv":[2.5,6.75,2.75,7.25],"texture":"#1"},"east":{"uv":[6.25,6.75,6.5,7.25],"texture":"#1"},"south":{"uv":[6.5,6.75,6.75,7.25],"texture":"#1"},"west":{"uv":[6.75,6.5,7,7],"texture":"#1"},"up":{"uv":[6.25,2.5,6,2.25],"texture":"#1"},"down":{"uv":[8.25,6,8,6.25],"texture":"#1"}}},{"from":[7.5,-8.6,7.5],"to":[8.5,-6.55,8.5],"faces":{"north":{"uv":[0,7,0.25,7.5],"texture":"#1"},"east":{"uv":[0.25,7,0.5,7.5],"texture":"#1"},"south":{"uv":[0.5,7,0.75,7.5],"texture":"#1"},"west":{"uv":[7,1,7.25,1.5],"texture":"#1"},"up":{"uv":[8.5,1.5,8.25,1.25],"texture":"#1"},"down":{"uv":[1.75,8.25,1.5,8.5],"texture":"#1"}}},{"from":[7.5,3.8,7.5],"to":[8.5,5.85,8.5],"faces":{"north":{"uv":[1.25,5.5,1.5,6],"texture":"#1"},"east":{"uv":[3.5,5.5,3.75,6],"texture":"#1"},"south":{"uv":[5.75,0.75,6,1.25],"texture":"#1"},"west":{"uv":[5.75,4,6,4.5],"texture":"#1"},"up":{"uv":[5.5,2,5.25,1.75],"texture":"#1"},"down":{"uv":[5.75,2.5,5.5,2.75],"texture":"#1"}}},{"from":[7.5,9.25,6.3],"to":[7.5,11.85,7.7],"faces":{"north":{"uv":[0,0,0,0.66],"texture":"#1"},"east":{"uv":[2.5,5.25,2.84,5.91],"texture":"#1"},"south":{"uv":[0,0,0,0.66],"texture":"#1"},"west":{"uv":[4.75,5.25,5.09,5.91],"texture":"#1"},"up":{"uv":[0,0.34,0,0],"texture":"#1"},"down":{"uv":[0,0,0,0.34],"texture":"#1"}},"rotation":{"origin":[7.5,10.55,6.7],"axis":"y","angle":45,"rescale":false}},{"from":[7.5,10.65,4.975],"to":[7.5,14.65,7.975],"faces":{"north":{"uv":[0,4,0,0],"texture":"#0"},"east":{"uv":[9,8,6,4],"texture":"#0"},"south":{"uv":[0,4,0,0],"texture":"#0"},"west":{"uv":[6,8,9,4],"texture":"#0"},"up":{"uv":[0,3,0,0],"texture":"#0"},"down":{"uv":[0,3,0,0],"texture":"#0"}},"rotation":{"origin":[7.5,12.65,6.475],"axis":"y","angle":-45,"rescale":false}},{"from":[7.5,14.4,8],"to":[8.5,17.15,9.5],"faces":{"north":{"uv":[11,0,12,2.75],"texture":"#0"},"east":{"uv":[6,8,7.5,10.75],"texture":"#0"},"south":{"uv":[11,3,12,5.75],"texture":"#0"},"west":{"uv":[8,8,9.5,10.75],"texture":"#0"},"up":{"uv":[12,7.5,11,6],"texture":"#0"},"down":{"uv":[1,12,0,13.5],"texture":"#0"}}},{"from":[7.55,-13.75,7.55],"to":[8.45,-10.65,8.45],"faces":{"north":{"uv":[6,6,6.22,6.78],"texture":"#1"},"east":{"uv":[0.75,6.25,0.97,7.03],"texture":"#1"},"south":{"uv":[1,6.25,1.22,7.03],"texture":"#1"},"west":{"uv":[6.25,2.25,6.47,3.03],"texture":"#1"},"up":{"uv":[6.72,8.72,6.5,8.5],"texture":"#1"},"down":{"uv":[8.72,6.5,8.5,6.72],"texture":"#1"}}},{"from":[7.55,-3.7,7.55],"to":[8.45,-1.7,8.45],"faces":{"north":{"uv":[7,2.5,7.22,3],"texture":"#1"},"east":{"uv":[7.25,0,7.47,0.5],"texture":"#1"},"south":{"uv":[7.25,0.5,7.47,1],"texture":"#1"},"west":{"uv":[0.75,7.25,0.97,7.75],"texture":"#1"},"up":{"uv":[8.72,5.22,8.5,5],"texture":"#1"},"down":{"uv":[8.72,5.25,8.5,5.47],"texture":"#1"}}},{"from":[7.55,-0.64879,7.37378],"to":[8.45,1.15121,8.27378],"faces":{"north":{"uv":[7.25,4.75,7.47,5.19],"texture":"#1"},"east":{"uv":[7.25,5.25,7.47,5.69],"texture":"#1"},"south":{"uv":[7.25,5.75,7.47,6.19],"texture":"#1"},"west":{"uv":[6.25,7.25,6.47,7.69],"texture":"#1"},"up":{"uv":[6.22,8.72,6,8.5],"texture":"#1"},"down":{"uv":[8.72,6,8.5,6.22],"texture":"#1"}},"rotation":{"origin":[8,0.60121,7.82378],"axis":"x","angle":22.5,"rescale":false}},{"from":[7.55,5.85,7.55],"to":[8.45,8.95,8.45],"faces":{"north":{"uv":[5,6,5.22,6.78],"texture":"#1"},"east":{"uv":[5.25,6,5.47,6.78],"texture":"#1"},"south":{"uv":[5.5,6,5.72,6.78],"texture":"#1"},"west":{"uv":[5.75,6,5.97,6.78],"texture":"#1"},"up":{"uv":[6.47,8.72,6.25,8.5],"texture":"#1"},"down":{"uv":[8.72,6.25,8.5,6.47],"texture":"#1"}}},{"from":[7.555,9.16692,5.68707],"to":[8.445,11.10692,6.42707],"faces":{"north":{"uv":[1,7.25,1.22,7.75],"texture":"#1"},"east":{"uv":[6.5,7.25,6.69,7.75],"texture":"#1"},"south":{"uv":[7.25,1,7.47,1.5],"texture":"#1"},"west":{"uv":[7.25,6.5,7.44,7],"texture":"#1"},"up":{"uv":[8.72,8.19,8.5,8],"texture":"#1"},"down":{"uv":[8.47,8.5,8.25,8.69],"texture":"#1"}}},{"from":[7.555,9.16692,9.57293],"to":[8.445,11.10692,10.31293],"faces":{"north":{"uv":[7.47,1,7.25,1.5],"texture":"#1"},"east":{"uv":[6.69,7.25,6.5,7.75],"texture":"#1"},"south":{"uv":[1.22,7.25,1,7.75],"texture":"#1"},"west":{"uv":[7.44,6.5,7.25,7],"texture":"#1"},"up":{"uv":[8.72,8,8.5,8.19],"texture":"#1"},"down":{"uv":[8.47,8.69,8.25,8.5],"texture":"#1"}}},{"from":[7.575,-1.96736,7.1059],"to":[8.425,-0.16736,8.0059],"faces":{"north":{"uv":[7.25,3.75,7.47,4.19],"texture":"#1"},"east":{"uv":[4,7.25,4.22,7.69],"texture":"#1"},"south":{"uv":[4.25,7.25,4.47,7.69],"texture":"#1"},"west":{"uv":[7.25,4.25,7.47,4.69],"texture":"#1"},"up":{"uv":[8.72,5.72,8.5,5.5],"texture":"#1"},"down":{"uv":[8.72,5.75,8.5,5.97],"texture":"#1"}},"rotation":{"origin":[8,-0.71736,7.5559],"axis":"x","angle":-22.5,"rescale":false}},{"from":[7.58,9.02413,4.26102],"to":[8.42,10.06413,5.00102],"faces":{"north":{"uv":[7,8.25,7.22,8.5],"texture":"#1"},"east":{"uv":[6.75,8.5,6.94,8.75],"texture":"#1"},"south":{"uv":[8.25,7,8.47,7.25],"texture":"#1"},"west":{"uv":[8.5,6.75,8.69,7],"texture":"#1"},"up":{"uv":[8.72,7.94,8.5,7.75],"texture":"#1"},"down":{"uv":[8.22,8.5,8,8.69],"texture":"#1"}},"rotation":{"origin":[8,7.89413,4.63102],"axis":"x","angle":45,"rescale":false}},{"from":[7.58,9.02413,10.99898],"to":[8.42,10.06413,11.73898],"faces":{"north":{"uv":[8.47,7,8.25,7.25],"texture":"#1"},"east":{"uv":[6.94,8.5,6.75,8.75],"texture":"#1"},"south":{"uv":[7.22,8.25,7,8.5],"texture":"#1"},"west":{"uv":[8.69,6.75,8.5,7],"texture":"#1"},"up":{"uv":[8.72,7.75,8.5,7.94],"texture":"#1"},"down":{"uv":[8.22,8.69,8,8.5],"texture":"#1"}},"rotation":{"origin":[8,7.89413,11.36898],"axis":"x","angle":-45,"rescale":false}},{"from":[7.6,6.55,0],"to":[8.4,7.8,4],"faces":{"north":{"uv":[8.25,5.81,8.44,5.5],"texture":"#1"},"east":{"uv":[4.75,1.06,5.75,0.75],"texture":"#1"},"south":{"uv":[5.75,8.56,5.94,8.25],"texture":"#1"},"west":{"uv":[4.75,3.06,5.75,2.75],"texture":"#1"},"up":{"uv":[4.94,7,4.75,6],"texture":"#1"},"down":{"uv":[4.69,6,4.5,7],"texture":"#1"}}},{"from":[7.6,6.55,12],"to":[8.4,7.8,16],"faces":{"north":{"uv":[5.94,8.56,5.75,8.25],"texture":"#1"},"east":{"uv":[5.75,1.06,4.75,0.75],"texture":"#1"},"south":{"uv":[8.44,5.81,8.25,5.5],"texture":"#1"},"west":{"uv":[5.75,3.06,4.75,2.75],"texture":"#1"},"up":{"uv":[4.94,6,4.75,7],"texture":"#1"},"down":{"uv":[4.69,7,4.5,6],"texture":"#1"}}},{"from":[7.6,12.2,0],"to":[8.4,13.45,4],"faces":{"north":{"uv":[8.25,5.5,8.44,5.81],"texture":"#1"},"east":{"uv":[4.75,0.75,5.75,1.06],"texture":"#1"},"south":{"uv":[5.75,8.25,5.94,8.56],"texture":"#1"},"west":{"uv":[4.75,2.75,5.75,3.06],"texture":"#1"},"up":{"uv":[4.69,7,4.5,6],"texture":"#1"},"down":{"uv":[4.94,6,4.75,7],"texture":"#1"}}},{"from":[7.6,12.2,12],"to":[8.4,13.45,16],"faces":{"north":{"uv":[5.94,8.25,5.75,8.56],"texture":"#1"},"east":{"uv":[5.75,0.75,4.75,1.06],"texture":"#1"},"south":{"uv":[8.44,5.5,8.25,5.81],"texture":"#1"},"west":{"uv":[5.75,2.75,4.75,3.06],"texture":"#1"},"up":{"uv":[4.69,6,4.5,7],"texture":"#1"},"down":{"uv":[4.94,7,4.75,6],"texture":"#1"}}},{"from":[7.605,8.1633,5.19],"to":[8.395,8.8033,5.93],"faces":{"north":{"uv":[8,8.75,8.19,8.91],"texture":"#1"},"east":{"uv":[8.75,8,8.94,8.16],"texture":"#1"},"south":{"uv":[8.25,8.75,8.44,8.91],"texture":"#1"},"west":{"uv":[8.75,8.25,8.94,8.41],"texture":"#1"},"up":{"uv":[8.94,3.69,8.75,3.5],"texture":"#1"},"down":{"uv":[3.94,8.75,3.75,8.94],"texture":"#1"}},"rotation":{"origin":[8,8.9333,5.56],"axis":"x","angle":22.5,"rescale":false}},{"from":[7.605,8.1633,10.07],"to":[8.395,8.8033,10.81],"faces":{"north":{"uv":[8.44,8.75,8.25,8.91],"texture":"#1"},"east":{"uv":[8.94,8,8.75,8.16],"texture":"#1"},"south":{"uv":[8.19,8.75,8,8.91],"texture":"#1"},"west":{"uv":[8.94,8.25,8.75,8.41],"texture":"#1"},"up":{"uv":[8.94,3.5,8.75,3.69],"texture":"#1"},"down":{"uv":[3.94,8.94,3.75,8.75],"texture":"#1"}},"rotation":{"origin":[8,8.9333,10.44],"axis":"x","angle":-22.5,"rescale":false}},{"from":[7.63,7.6235,4.9235],"to":[8.37,8.3635,5.6635],"faces":{"north":{"uv":[4,8.75,4.19,8.94],"texture":"#1"},"east":{"uv":[4.25,8.75,4.44,8.94],"texture":"#1"},"south":{"uv":[8.75,4.25,8.94,4.44],"texture":"#1"},"west":{"uv":[4.5,8.75,4.69,8.94],"texture":"#1"},"up":{"uv":[8.94,4.69,8.75,4.5],"texture":"#1"},"down":{"uv":[4.94,8.75,4.75,8.94],"texture":"#1"}}},{"from":[7.63,7.6235,10.3365],"to":[8.37,8.3635,11.0765],"faces":{"north":{"uv":[8.94,4.25,8.75,4.44],"texture":"#1"},"east":{"uv":[4.44,8.75,4.25,8.94],"texture":"#1"},"south":{"uv":[4.19,8.75,4,8.94],"texture":"#1"},"west":{"uv":[4.69,8.75,4.5,8.94],"texture":"#1"},"up":{"uv":[8.94,4.5,8.75,4.69],"texture":"#1"},"down":{"uv":[4.94,8.94,4.75,8.75],"texture":"#1"}}},{"from":[7.64069,22.26213,7.875],"to":[8.44069,22.78713,8.4],"faces":{"north":{"uv":[13,6,13.75,6.5],"texture":"#0"},"east":{"uv":[12,13,12.5,13.5],"texture":"#0"},"south":{"uv":[13,5,13.75,5.5],"texture":"#0"},"west":{"uv":[12.5,13,12,13.5],"texture":"#0"},"up":{"uv":[13,7,13.75,7.5],"texture":"#0"},"down":{"uv":[13,8.5,13.75,8],"texture":"#0"}},"rotation":{"origin":[8,22.45,8],"axis":"x","angle":-45,"rescale":false}},{"from":[7.65,20.0875,7.7875],"to":[8.45,20.6125,8.3125],"faces":{"north":{"uv":[10,13,10.75,13.5],"texture":"#0"},"east":{"uv":[13,13,13.5,13.5],"texture":"#0"},"south":{"uv":[13,9,13.75,9.5],"texture":"#0"},"west":{"uv":[13.5,13,13,13.5],"texture":"#0"},"up":{"uv":[13,10,13.75,10.5],"texture":"#0"},"down":{"uv":[11,13.5,11.75,13],"texture":"#0"}},"rotation":{"origin":[8.05,20.35,8.05],"axis":"x","angle":-45,"rescale":false}},{"from":[7.655,9.86692,3.61207],"to":[8.345,10.95692,5.80207],"faces":{"north":{"uv":[0.5,8.5,0.69,8.78],"texture":"#1"},"east":{"uv":[6.5,0,7.06,0.28],"texture":"#1"},"south":{"uv":[8.5,0.5,8.69,0.78],"texture":"#1"},"west":{"uv":[6.5,0.5,7.06,0.78],"texture":"#1"},"up":{"uv":[2.69,7.81,2.5,7.25],"texture":"#1"},"down":{"uv":[2.94,7.25,2.75,7.81],"texture":"#1"}}},{"from":[7.655,9.86692,10.19793],"to":[8.345,10.95692,12.38793],"faces":{"north":{"uv":[8.69,0.5,8.5,0.78],"texture":"#1"},"east":{"uv":[7.06,0,6.5,0.28],"texture":"#1"},"south":{"uv":[0.69,8.5,0.5,8.78],"texture":"#1"},"west":{"uv":[7.06,0.5,6.5,0.78],"texture":"#1"},"up":{"uv":[2.69,7.25,2.5,7.81],"texture":"#1"},"down":{"uv":[2.94,7.81,2.75,7.25],"texture":"#1"}}},{"from":[7.66569,20.35,7.66569],"to":[8.41569,22.6,8.41569],"faces":{"north":{"uv":[8,11,8.75,13.25],"texture":"#0"},"east":{"uv":[9,11,9.75,13.25],"texture":"#0"},"south":{"uv":[6,11,6.75,13.25],"texture":"#0"},"west":{"uv":[9.75,11,9,13.25],"texture":"#0"},"up":{"uv":[13,4,13.75,4.75],"texture":"#0"},"down":{"uv":[5,13.75,5.75,13],"texture":"#0"}}},{"from":[8,4.3,-6.4],"to":[8,7.55,3.6],"faces":{"north":{"uv":[0,0.81,0,0],"texture":"#1"},"east":{"uv":[1.5,0.81,4,0],"texture":"#1"},"south":{"uv":[0,0.81,0,0],"texture":"#1"},"west":{"uv":[1.5,1.81,4,1],"texture":"#1"},"up":{"uv":[0,2.5,0,0],"texture":"#1"},"down":{"uv":[0,0,0,2.5],"texture":"#1"}}},{"from":[8,4.3,12.4],"to":[8,7.55,22.4],"faces":{"north":{"uv":[0,0.81,0,0],"texture":"#1"},"east":{"uv":[4,0.81,1.5,0],"texture":"#1"},"south":{"uv":[0,0.81,0,0],"texture":"#1"},"west":{"uv":[4,1.81,1.5,1],"texture":"#1"},"up":{"uv":[0,0,0,2.5],"texture":"#1"},"down":{"uv":[0,2.5,0,0],"texture":"#1"}}},{"from":[8,12.4,8],"to":[9,13.15,9],"faces":{"north":{"uv":[12,9,13,9.75],"texture":"#0"},"east":{"uv":[10,12,11,12.75],"texture":"#0"},"south":{"uv":[12,10,13,10.75],"texture":"#0"},"west":{"uv":[11,12,12,12.75],"texture":"#0"},"up":{"uv":[6,13,5,12],"texture":"#0"},"down":{"uv":[13,6,12,7],"texture":"#0"}}},{"from":[8,12.45,-6.4],"to":[8,15.7,3.6],"faces":{"north":{"uv":[0,0,0,0.81],"texture":"#1"},"east":{"uv":[1.5,0,4,0.81],"texture":"#1"},"south":{"uv":[0,0,0,0.81],"texture":"#1"},"west":{"uv":[1.5,1,4,1.81],"texture":"#1"},"up":{"uv":[0,2.5,0,0],"texture":"#1"},"down":{"uv":[0,0,0,2.5],"texture":"#1"}}},{"from":[8,12.45,12.4],"to":[8,15.7,22.4],"faces":{"north":{"uv":[0,0,0,0.81],"texture":"#1"},"east":{"uv":[4,0,1.5,0.81],"texture":"#1"},"south":{"uv":[0,0,0,0.81],"texture":"#1"},"west":{"uv":[4,1,1.5,1.81],"texture":"#1"},"up":{"uv":[0,0,0,2.5],"texture":"#1"},"down":{"uv":[0,2.5,0,0],"texture":"#1"}}},{"from":[8,17.25,7.3],"to":[8,21.25,10.3],"faces":{"north":{"uv":[0,0,0,4],"texture":"#0"},"east":{"uv":[9,4,6,8],"texture":"#0"},"south":{"uv":[0,0,0,4],"texture":"#0"},"west":{"uv":[6,4,9,8],"texture":"#0"},"up":{"uv":[0,0,0,3],"texture":"#0"},"down":{"uv":[0,0,0,3],"texture":"#0"}},"rotation":{"origin":[8,19.25,8.8],"axis":"y","angle":-45,"rescale":false}},{"from":[8.0045,22.05,6.48232],"to":[8.0045,26.05,9.48232],"faces":{"north":{"uv":[0,0,0,4],"texture":"#0"},"east":{"uv":[9,4,6,8],"texture":"#0"},"south":{"uv":[0,0,0,4],"texture":"#0"},"west":{"uv":[6,4,9,8],"texture":"#0"},"up":{"uv":[0,0,0,3],"texture":"#0"},"down":{"uv":[0,0,0,3],"texture":"#0"}},"rotation":{"origin":[8,22.45,8],"axis":"y","angle":-45,"rescale":false}},{"from":[8.24693,9,6.79623],"to":[8.64693,9.875,7.29623],"faces":{"north":{"uv":[8.5,9,8.59,9.22],"texture":"#1"},"east":{"uv":[3.25,9,3.38,9.22],"texture":"#1"},"south":{"uv":[9,8.5,9.09,8.72],"texture":"#1"},"west":{"uv":[9,3.25,9.12,3.47],"texture":"#1"},"up":{"uv":[9.34,5.12,9.25,5],"texture":"#1"},"down":{"uv":[5.34,9.25,5.25,9.38],"texture":"#1"}},"rotation":{"origin":[8.09693,8.675,7.04623],"axis":"y","angle":-22.5,"rescale":false}},{"from":[8.24693,9.25,8.70377],"to":[8.64693,10.1,9.20377],"faces":{"north":{"uv":[7.75,9,7.84,9.22],"texture":"#1"},"east":{"uv":[2.5,9,2.62,9.22],"texture":"#1"},"south":{"uv":[9,7.75,9.09,7.97],"texture":"#1"},"west":{"uv":[9,2.5,9.12,2.72],"texture":"#1"},"up":{"uv":[9.34,4.38,9.25,4.25],"texture":"#1"},"down":{"uv":[4.59,9.25,4.5,9.38],"texture":"#1"}},"rotation":{"origin":[8.09693,8.925,8.95377],"axis":"y","angle":22.5,"rescale":false}},{"from":[8.24693,11,6.79623],"to":[8.64693,11.875,7.29623],"faces":{"north":{"uv":[8.25,9,8.34,9.22],"texture":"#1"},"east":{"uv":[3,9,3.12,9.22],"texture":"#1"},"south":{"uv":[9,8.25,9.09,8.47],"texture":"#1"},"west":{"uv":[9,3,9.12,3.22],"texture":"#1"},"up":{"uv":[9.34,4.88,9.25,4.75],"texture":"#1"},"down":{"uv":[5.09,9.25,5,9.38],"texture":"#1"}},"rotation":{"origin":[8.09693,10.7,7.04623],"axis":"y","angle":-22.5,"rescale":false}},{"from":[8.24693,11.25,8.70377],"to":[8.64693,12.1,9.20377],"faces":{"north":{"uv":[8,9,8.09,9.22],"texture":"#1"},"east":{"uv":[2.75,9,2.88,9.22],"texture":"#1"},"south":{"uv":[9,8,9.09,8.22],"texture":"#1"},"west":{"uv":[9,2.75,9.12,2.97],"texture":"#1"},"up":{"uv":[9.34,4.62,9.25,4.5],"texture":"#1"},"down":{"uv":[4.84,9.25,4.75,9.38],"texture":"#1"}},"rotation":{"origin":[8.09693,10.925,8.95377],"axis":"y","angle":22.5,"rescale":false}},{"from":[8.30931,9,7.18787],"to":[8.80931,11.875,7.78787],"faces":{"north":{"uv":[7.75,0,7.88,0.72],"texture":"#1"},"east":{"uv":[7,6.5,7.16,7.22],"texture":"#1"},"south":{"uv":[0.75,7.75,0.88,8.47],"texture":"#1"},"west":{"uv":[6.75,7,6.91,7.72],"texture":"#1"},"up":{"uv":[9.38,0.41,9.25,0.25],"texture":"#1"},"down":{"uv":[0.62,9.25,0.5,9.41],"texture":"#1"}},"rotation":{"origin":[8.55931,10.675,7.23787],"axis":"y","angle":45,"rescale":false}},{"from":[8.30931,9.25,8.21213],"to":[8.80931,12.1,8.81213],"faces":{"north":{"uv":[7.25,7.5,7.38,8.22],"texture":"#1"},"east":{"uv":[5.75,7,5.91,7.72],"texture":"#1"},"south":{"uv":[7.5,7.25,7.62,7.97],"texture":"#1"},"west":{"uv":[6,7,6.16,7.72],"texture":"#1"},"up":{"uv":[9.38,0.16,9.25,0],"texture":"#1"},"down":{"uv":[0.38,9.25,0.25,9.41],"texture":"#1"}},"rotation":{"origin":[8.55931,10.675,8.76213],"axis":"y","angle":-45,"rescale":false}},{"from":[8.5,9.25,8.3],"to":[8.5,11.85,9.7],"faces":{"north":{"uv":[0,0,0,0.66],"texture":"#1"},"east":{"uv":[5.25,5.25,5.59,5.91],"texture":"#1"},"south":{"uv":[0,0,0,0.66],"texture":"#1"},"west":{"uv":[5.5,0,5.84,0.66],"texture":"#1"},"up":{"uv":[0,0.34,0,0],"texture":"#1"},"down":{"uv":[0,0,0,0.34],"texture":"#1"}},"rotation":{"origin":[8.5,10.55,9.3],"axis":"y","angle":45,"rescale":false}},{"from":[8.625,9.75,7.45],"to":[9.125,11.6,8.55],"faces":{"north":{"uv":[4,8.25,4.12,8.72],"texture":"#1"},"east":{"uv":[6.75,5.5,7.03,5.97],"texture":"#1"},"south":{"uv":[4.25,8.25,4.38,8.72],"texture":"#1"},"west":{"uv":[6.75,6,7.03,6.47],"texture":"#1"},"up":{"uv":[8.88,2.53,8.75,2.25],"texture":"#1"},"down":{"uv":[8.88,2.75,8.75,3.03],"texture":"#1"}}},{"from":[8.78284,9.85,9.58184],"to":[9.68284,12.45,9.58184],"faces":{"north":{"uv":[6.5,4.5,6.72,5.16],"texture":"#1"},"east":{"uv":[0,0,0,0.66],"texture":"#1"},"south":{"uv":[1.25,6.75,1.47,7.41],"texture":"#1"},"west":{"uv":[0,0,0,0.66],"texture":"#1"},"up":{"uv":[0.22,0,0,0],"texture":"#1"},"down":{"uv":[0.22,0,0,0],"texture":"#1"}}},{"from":[9.02981,20.55,7.67626],"to":[9.02981,24.55,8.07626],"faces":{"north":{"uv":[0,0,0,1],"texture":"#1"},"east":{"uv":[7.59,0,7.5,1],"texture":"#1"},"south":{"uv":[0,0,0,1],"texture":"#1"},"west":{"uv":[0.09,7.5,0,8.5],"texture":"#1"},"up":{"uv":[0,0.09,0,0],"texture":"#1"},"down":{"uv":[0,0,0,0.09],"texture":"#1"}},"rotation":{"origin":[8,22.45,8],"axis":"y","angle":-45,"rescale":false}},{"from":[9.139,17.55,7.99445],"to":[9.139,23.55,8.39445],"faces":{"north":{"uv":[0,0,0,1.5],"texture":"#1"},"east":{"uv":[2.34,6.75,2.25,8.25],"texture":"#1"},"south":{"uv":[0,0,0,1.5],"texture":"#1"},"west":{"uv":[2.09,6.75,2,8.25],"texture":"#1"},"up":{"uv":[0,0.09,0,0],"texture":"#1"},"down":{"uv":[0,0,0,0.09],"texture":"#1"}},"rotation":{"origin":[8,22.45,8],"axis":"y","angle":45,"rescale":false}},{"from":[9.175,9.75,7.45],"to":[9.175,11.6,8.55],"faces":{"north":{"uv":[0,0,0,0.47],"texture":"#1"},"east":{"uv":[6.75,4.5,7.03,4.97],"texture":"#1"},"south":{"uv":[0,0,0,0.47],"texture":"#1"},"west":{"uv":[6.75,5,7.03,5.47],"texture":"#1"},"up":{"uv":[0,0.28,0,0],"texture":"#1"},"down":{"uv":[0,0,0,0.28],"texture":"#1"}}},{"from":[9.38924,10.85,8.87503],"to":[10.78924,13.45,8.87503],"faces":{"north":{"uv":[0.75,5.5,1.09,6.16],"texture":"#1"},"east":{"uv":[0,0,0,0.66],"texture":"#1"},"south":{"uv":[5.5,1.75,5.84,2.41],"texture":"#1"},"west":{"uv":[0,0,0,0.66],"texture":"#1"},"up":{"uv":[0.34,0,0,0],"texture":"#1"},"down":{"uv":[0.34,0,0,0],"texture":"#1"}},"rotation":{"origin":[10.38924,12.15,8.87503],"axis":"y","angle":45,"rescale":false}},{"from":[9.96468,12.85,4.08578],"to":[9.96468,15.45,6.48578],"faces":{"north":{"uv":[0,0,0,0.66],"texture":"#1"},"east":{"uv":[4.75,2,5.34,2.66],"texture":"#1"},"south":{"uv":[0,0,0,0.66],"texture":"#1"},"west":{"uv":[3,4.75,3.59,5.41],"texture":"#1"},"up":{"uv":[0,0.59,0,0],"texture":"#1"},"down":{"uv":[0,0,0,0.59],"texture":"#1"}},"rotation":{"origin":[9.96468,14.15,5.48578],"axis":"y","angle":45,"rescale":false}},{"from":[10.025,7.49874,1.19268],"to":[10.975,8.59874,2.29268],"faces":{"north":{"uv":[6.75,8,7,8.28],"texture":"#1"},"east":{"uv":[7.75,4.75,8.03,5.03],"texture":"#1"},"south":{"uv":[8,6.75,8.25,7.03],"texture":"#1"},"west":{"uv":[5,7.75,5.28,8.03],"texture":"#1"},"up":{"uv":[7.75,8.28,7.5,8],"texture":"#1"},"down":{"uv":[8,8,7.75,8.28],"texture":"#1"}},"rotation":{"origin":[8,10.49874,0.39268],"axis":"x","angle":22.5,"rescale":false}},{"from":[10.025,7.49874,13.70732],"to":[10.975,8.59874,14.80732],"faces":{"north":{"uv":[8.25,6.75,8,7.03],"texture":"#1"},"east":{"uv":[8.03,4.75,7.75,5.03],"texture":"#1"},"south":{"uv":[7,8,6.75,8.28],"texture":"#1"},"west":{"uv":[5.28,7.75,5,8.03],"texture":"#1"},"up":{"uv":[7.75,8,7.5,8.28],"texture":"#1"},"down":{"uv":[8,8.28,7.75,8],"texture":"#1"}},"rotation":{"origin":[8,10.49874,15.60732],"axis":"x","angle":-22.5,"rescale":false}},{"from":[10.025,11.40126,1.19268],"to":[10.975,12.50126,2.29268],"faces":{"north":{"uv":[8,8,8.25,8.28],"texture":"#1"},"east":{"uv":[7.75,5.25,8.03,5.53],"texture":"#1"},"south":{"uv":[8.25,0.25,8.5,0.53],"texture":"#1"},"west":{"uv":[5.5,7.75,5.78,8.03],"texture":"#1"},"up":{"uv":[8.5,1.03,8.25,0.75],"texture":"#1"},"down":{"uv":[1.25,8.25,1,8.53],"texture":"#1"}},"rotation":{"origin":[8,9.50126,0.39268],"axis":"x","angle":-22.5,"rescale":false}},{"from":[10.025,11.40126,13.70732],"to":[10.975,12.50126,14.80732],"faces":{"north":{"uv":[8.5,0.25,8.25,0.53],"texture":"#1"},"east":{"uv":[8.03,5.25,7.75,5.53],"texture":"#1"},"south":{"uv":[8.25,8,8,8.28],"texture":"#1"},"west":{"uv":[5.78,7.75,5.5,8.03],"texture":"#1"},"up":{"uv":[8.5,0.75,8.25,1.03],"texture":"#1"},"down":{"uv":[1.25,8.53,1,8.25],"texture":"#1"}},"rotation":{"origin":[8,9.50126,15.60732],"axis":"x","angle":22.5,"rescale":false}},{"from":[10.125,7.98577,1.56155],"to":[10.875,8.88577,2.66155],"faces":{"north":{"uv":[1,8.75,1.19,8.97],"texture":"#1"},"east":{"uv":[8.25,3,8.53,3.22],"texture":"#1"},"south":{"uv":[8.75,1,8.94,1.22],"texture":"#1"},"west":{"uv":[8.25,3.25,8.53,3.47],"texture":"#1"},"up":{"uv":[2.69,8.78,2.5,8.5],"texture":"#1"},"down":{"uv":[2.94,8.5,2.75,8.78],"texture":"#1"}},"rotation":{"origin":[8,10.88577,0.76155],"axis":"x","angle":45,"rescale":false}},{"from":[10.125,7.98577,13.33845],"to":[10.875,8.88577,14.43845],"faces":{"north":{"uv":[8.94,1,8.75,1.22],"texture":"#1"},"east":{"uv":[8.53,3,8.25,3.22],"texture":"#1"},"south":{"uv":[1.19,8.75,1,8.97],"texture":"#1"},"west":{"uv":[8.53,3.25,8.25,3.47],"texture":"#1"},"up":{"uv":[2.69,8.5,2.5,8.78],"texture":"#1"},"down":{"uv":[2.94,8.78,2.75,8.5],"texture":"#1"}},"rotation":{"origin":[8,10.88577,15.23845],"axis":"x","angle":-45,"rescale":false}},{"from":[10.125,11.11423,1.56155],"to":[10.875,12.01423,2.66155],"faces":{"north":{"uv":[8.75,1.25,8.94,1.47],"texture":"#1"},"east":{"uv":[3.5,8.25,3.78,8.47],"texture":"#1"},"south":{"uv":[8.75,1.5,8.94,1.72],"texture":"#1"},"west":{"uv":[8.25,3.5,8.53,3.72],"texture":"#1"},"up":{"uv":[3.19,8.78,3,8.5],"texture":"#1"},"down":{"uv":[3.44,8.5,3.25,8.78],"texture":"#1"}},"rotation":{"origin":[8,9.11423,0.76155],"axis":"x","angle":-45,"rescale":false}},{"from":[10.125,11.11423,13.33845],"to":[10.875,12.01423,14.43845],"faces":{"north":{"uv":[8.94,1.5,8.75,1.72],"texture":"#1"},"east":{"uv":[3.78,8.25,3.5,8.47],"texture":"#1"},"south":{"uv":[8.94,1.25,8.75,1.47],"texture":"#1"},"west":{"uv":[8.53,3.5,8.25,3.72],"texture":"#1"},"up":{"uv":[3.19,8.5,3,8.78],"texture":"#1"},"down":{"uv":[3.44,8.78,3.25,8.5],"texture":"#1"}},"rotation":{"origin":[8,9.11423,15.23845],"axis":"x","angle":45,"rescale":false}},{"from":[10.25,9.23463,-1.54622],"to":[10.75,10.08463,-0.89622],"faces":{"north":{"uv":[5.25,9,5.38,9.22],"texture":"#1"},"east":{"uv":[8.75,7,8.91,7.22],"texture":"#1"},"south":{"uv":[9,5.25,9.12,5.47],"texture":"#1"},"west":{"uv":[8.75,7.25,8.91,7.47],"texture":"#1"},"up":{"uv":[9.38,2.66,9.25,2.5],"texture":"#1"},"down":{"uv":[2.88,9.25,2.75,9.41],"texture":"#1"}},"rotation":{"origin":[8,11.13463,1.22878],"axis":"x","angle":-22.5,"rescale":false}},{"from":[10.25,9.23463,16.89622],"to":[10.75,10.08463,17.54622],"faces":{"north":{"uv":[9.12,5.25,9,5.47],"texture":"#1"},"east":{"uv":[8.91,7,8.75,7.22],"texture":"#1"},"south":{"uv":[5.38,9,5.25,9.22],"texture":"#1"},"west":{"uv":[8.91,7.25,8.75,7.47],"texture":"#1"},"up":{"uv":[9.38,2.5,9.25,2.66],"texture":"#1"},"down":{"uv":[2.88,9.41,2.75,9.25],"texture":"#1"}},"rotation":{"origin":[8,11.13463,14.77122],"axis":"x","angle":22.5,"rescale":false}},{"from":[10.25,9.91537,-1.54622],"to":[10.75,10.76537,-0.89622],"faces":{"north":{"uv":[5.5,9,5.62,9.22],"texture":"#1"},"east":{"uv":[8.75,7.5,8.91,7.72],"texture":"#1"},"south":{"uv":[9,5.5,9.12,5.72],"texture":"#1"},"west":{"uv":[8.75,7.75,8.91,7.97],"texture":"#1"},"up":{"uv":[9.38,2.91,9.25,2.75],"texture":"#1"},"down":{"uv":[3.12,9.25,3,9.41],"texture":"#1"}},"rotation":{"origin":[8,8.86537,1.22878],"axis":"x","angle":22.5,"rescale":false}},{"from":[10.25,9.91537,16.89622],"to":[10.75,10.76537,17.54622],"faces":{"north":{"uv":[9.12,5.5,9,5.72],"texture":"#1"},"east":{"uv":[8.91,7.5,8.75,7.72],"texture":"#1"},"south":{"uv":[5.62,9,5.5,9.22],"texture":"#1"},"west":{"uv":[8.91,7.75,8.75,7.97],"texture":"#1"},"up":{"uv":[9.38,2.75,9.25,2.91],"texture":"#1"},"down":{"uv":[3.12,9.41,3,9.25],"texture":"#1"}},"rotation":{"origin":[8,8.86537,14.77122],"axis":"x","angle":-22.5,"rescale":false}},{"from":[10.67179,11.85,6.19289],"to":[10.67179,14.45,8.59289],"faces":{"north":{"uv":[0,0,0,0.66],"texture":"#1"},"east":{"uv":[4.75,0,5.34,0.66],"texture":"#1"},"south":{"uv":[0,0,0,0.66],"texture":"#1"},"west":{"uv":[0.75,4.75,1.34,5.41],"texture":"#1"},"up":{"uv":[0,0.59,0,0],"texture":"#1"},"down":{"uv":[0,0,0,0.59],"texture":"#1"}}},{"from":[10.7,10.2,2.025],"to":[12.15,11.9,4.425],"faces":{"north":{"uv":[6.25,6.25,6.62,6.69],"texture":"#1"},"east":{"uv":[0,5.25,0.59,5.69],"texture":"#1"},"south":{"uv":[0,6.5,0.38,6.94],"texture":"#1"},"west":{"uv":[5.25,1.25,5.84,1.69],"texture":"#1"},"up":{"uv":[5.88,5.09,5.5,4.5],"texture":"#1"},"down":{"uv":[0.38,5.75,0,6.34],"texture":"#1"}}},{"from":[10.7,10.2,11.575],"to":[12.15,11.9,13.975],"faces":{"north":{"uv":[0.38,6.5,0,6.94],"texture":"#1"},"east":{"uv":[0.59,5.25,0,5.69],"texture":"#1"},"south":{"uv":[6.62,6.25,6.25,6.69],"texture":"#1"},"west":{"uv":[5.84,1.25,5.25,1.69],"texture":"#1"},"up":{"uv":[5.88,4.5,5.5,5.09],"texture":"#1"},"down":{"uv":[0.38,6.34,0,5.75],"texture":"#1"}}},{"from":[12.15,10.4,2.225],"to":[12.85,11.7,4.225],"faces":{"north":{"uv":[8.25,6,8.44,6.31],"texture":"#1"},"east":{"uv":[6.5,2,7,2.31],"texture":"#1"},"south":{"uv":[8.25,6.5,8.44,6.81],"texture":"#1"},"west":{"uv":[6.5,2.5,7,2.81],"texture":"#1"},"up":{"uv":[7.69,2.25,7.5,1.75],"texture":"#1"},"down":{"uv":[7.69,2.25,7.5,2.75],"texture":"#1"}}},{"from":[12.15,10.4,11.775],"to":[12.85,11.7,13.775],"faces":{"north":{"uv":[5.5,8.25,5.69,8.56],"texture":"#1"},"east":{"uv":[6.5,1.5,7,1.81],"texture":"#1"},"south":{"uv":[5.25,8.25,5.44,8.56],"texture":"#1"},"west":{"uv":[6.5,1,7,1.31],"texture":"#1"},"up":{"uv":[7.5,1,7.69,1.5],"texture":"#1"},"down":{"uv":[1.25,8,1.44,7.5],"texture":"#1"}}},{"from":[13.01809,11.67446,3.7125],"to":[13.99309,12.84946,3.7125],"faces":{"north":{"uv":[7,7.75,7.25,8.03],"texture":"#1"},"east":{"uv":[0,0,0,0.28],"texture":"#1"},"south":{"uv":[0.25,8,0.5,8.28],"texture":"#1"},"west":{"uv":[0,0,0,0.28],"texture":"#1"},"up":{"uv":[0.25,0,0,0],"texture":"#1"},"down":{"uv":[0.25,0,0,0],"texture":"#1"}},"rotation":{"origin":[13.50559,12.26196,3.7125],"axis":"z","angle":-45,"rescale":false}},{"from":[13.01809,11.67446,12.2875],"to":[13.99309,12.84946,12.2875],"faces":{"north":{"uv":[7.75,6.75,8,7.03],"texture":"#1"},"east":{"uv":[0,0,0,0.28],"texture":"#1"},"south":{"uv":[1,7.75,1.25,8.03],"texture":"#1"},"west":{"uv":[0,0,0,0.28],"texture":"#1"},"up":{"uv":[0,0,0.25,0],"texture":"#1"},"down":{"uv":[0,0,0.25,0],"texture":"#1"}},"rotation":{"origin":[13.50559,12.26196,12.2875],"axis":"z","angle":-45,"rescale":false}},{"from":[13.1935,11.77071,3.225],"to":[14.3685,12.67071,4.2],"faces":{"north":{"uv":[8.25,1.75,8.53,1.97],"texture":"#1"},"east":{"uv":[0.25,8.5,0.5,8.72],"texture":"#1"},"south":{"uv":[8.25,2,8.53,2.22],"texture":"#1"},"west":{"uv":[8.5,0.25,8.75,0.47],"texture":"#1"},"up":{"uv":[8.03,7.5,7.75,7.25],"texture":"#1"},"down":{"uv":[8.03,7.5,7.75,7.75],"texture":"#1"}},"rotation":{"origin":[14.1935,10.47071,3.025],"axis":"z","angle":45,"rescale":false}},{"from":[13.1935,11.77071,11.8],"to":[14.3685,12.67071,12.775],"faces":{"north":{"uv":[1.75,8.25,2.03,8.47],"texture":"#1"},"east":{"uv":[8.5,0,8.75,0.22],"texture":"#1"},"south":{"uv":[8.25,1.5,8.53,1.72],"texture":"#1"},"west":{"uv":[0,8.5,0.25,8.72],"texture":"#1"},"up":{"uv":[6,7.75,6.28,8],"texture":"#1"},"down":{"uv":[7.75,6.5,8.03,6.25],"texture":"#1"}},"rotation":{"origin":[14.1935,10.47071,12.975],"axis":"z","angle":45,"rescale":false}},{"from":[13.47635,11.48787,2.35],"to":[14.05135,12.08787,3.125],"faces":{"north":{"uv":[6.5,9,6.66,9.16],"texture":"#1"},"east":{"uv":[9,0.75,9.19,0.91],"texture":"#1"},"south":{"uv":[9,6.5,9.16,6.66],"texture":"#1"},"west":{"uv":[1,9,1.19,9.16],"texture":"#1"},"up":{"uv":[9.16,1.19,9,1],"texture":"#1"},"down":{"uv":[1.41,9,1.25,9.19],"texture":"#1"}},"rotation":{"origin":[14.47635,10.18787,2.15],"axis":"z","angle":45,"rescale":false}},{"from":[13.47635,11.48787,12.875],"to":[14.05135,12.08787,13.65],"faces":{"north":{"uv":[9,6.25,9.16,6.41],"texture":"#1"},"east":{"uv":[0.5,9,0.69,9.16],"texture":"#1"},"south":{"uv":[6.25,9,6.41,9.16],"texture":"#1"},"west":{"uv":[9,0.25,9.19,0.41],"texture":"#1"},"up":{"uv":[9,0.5,9.16,0.69],"texture":"#1"},"down":{"uv":[0.75,9.19,0.91,9],"texture":"#1"}},"rotation":{"origin":[14.47635,10.18787,13.85],"axis":"z","angle":45,"rescale":false}},{"from":[14.02435,13.00156,3.225],"to":[15.19935,13.00156,4.2],"faces":{"north":{"uv":[0,0,0.28,0],"texture":"#1"},"east":{"uv":[0,0,0.25,0],"texture":"#1"},"south":{"uv":[0,0,0.28,0],"texture":"#1"},"west":{"uv":[0,0,0.25,0],"texture":"#1"},"up":{"uv":[8.03,8,7.75,7.75],"texture":"#1"},"down":{"uv":[8.28,0,8,0.25],"texture":"#1"}},"rotation":{"origin":[15.02435,11.30156,3.025],"axis":"z","angle":45,"rescale":false}},{"from":[14.02435,13.00156,11.8],"to":[15.19935,13.00156,12.775],"faces":{"north":{"uv":[0,0,0.28,0],"texture":"#1"},"east":{"uv":[0,0,0.25,0],"texture":"#1"},"south":{"uv":[0,0,0.28,0],"texture":"#1"},"west":{"uv":[0,0,0.25,0],"texture":"#1"},"up":{"uv":[6.5,7.75,6.78,8],"texture":"#1"},"down":{"uv":[7.75,6.75,8.03,6.5],"texture":"#1"}},"rotation":{"origin":[15.02435,11.30156,12.975],"axis":"z","angle":45,"rescale":false}}],"display":{"thirdperson_righthand":{"rotation":[32.5,0,0],"translation":[0,7.75,7],"scale":[1.17,1.17,1.17]},"thirdperson_lefthand":{"rotation":[32.5,0,0],"translation":[0,7.75,7],"scale":[1.17,1.17,1.17]},"firstperson_righthand":{"rotation":[-8.25,0,0],"translation":[-1.75,8,1.25],"scale":[0.66,0.66,0.66]},"firstperson_lefthand":{"rotation":[-8.25,0,0],"translation":[-1.75,8,1.25],"scale":[0.66,0.66,0.66]},"ground":{"rotation":[-45,0,0],"translation":[0,3,0],"scale":[0.3,0.3,0.3]},"gui":{"rotation":[-90,-46,-85.9],"translation":[2,3.25,0],"scale":[0.66,0.66,0.66]},"head":{"scale":[0,0,0]},"fixed":{"rotation":[0,-90,0]}},"gui_light":"front","mcmodels":"a1b7011007843a3af4c4b6687f4247a8"}