{"textures​":{"layer0":"minecraft:item/small_dripleaf"},"credit":"Made with Blockbench","\u0074\u0065\u0078\u0074\u0075\u0072\u0065\u0073":{"0":"\u0074\u0077\u0069\u006c\u0069\u0067\u0068\u0074_\u006f\u0066_\u0065\u006e\u0064\u0065\u0072:\u0073\u0074\u0061\u0066\u0066_0","1":"\u0074\u0077\u0069\u006c\u0069\u0067\u0068\u0074_\u006f\u0066_\u0065\u006e\u0064\u0065\u0072:\u0073\u0074\u0061\u0066\u0066_1","\u0070\u0061\u0072\u0074\u0069\u0063\u006c\u0065":"#0"},"elements":[{"from":[2.78167,9.39676,3.0115],"to":[3.79217,9.39676,3.85],"faces":{"north":{"uv":[0,0,0.25,0],"texture":"#1"},"east":{"uv":[0,0,0.22,0],"texture":"#1"},"south":{"uv":[0,0,0.25,0],"texture":"#1"},"west":{"uv":[0,0,0.22,0],"texture":"#1"},"up":{"uv":[9.25,9.22,9,9],"texture":"#1"},"down":{"uv":[0.25,9.25,0,9.47],"texture":"#1"}},"rotation":{"origin":[2.93217,7.93476,4.022],"axis":"z","angle":-45,"rescale":false}},{"from":[2.78167,11.39676,3.825],"to":[3.79217,11.39676,4.6635],"faces":{"north":{"uv":[0,0,0.25,0],"texture":"#1"},"east":{"uv":[0,0,0.22,0],"texture":"#1"},"south":{"uv":[0,0,0.25,0],"texture":"#1"},"west":{"uv":[0,0,0.22,0],"texture":"#1"},"up":{"uv":[8,9.22,7.75,9],"texture":"#1"},"down":{"uv":[9.25,7.75,9,7.97],"texture":"#1"}},"rotation":{"origin":[2.93217,9.93476,3.653],"axis":"z","angle":-45,"rescale":false}},{"from":[3.4962,8.33823,3.0115],"to":[4.5067,9.11223,3.85],"faces":{"north":{"uv":[9.25,8.5,9.5,8.69],"texture":"#1"},"east":{"uv":[3,9.5,3.22,9.69],"texture":"#1"},"south":{"uv":[8.75,9.25,9,9.44],"texture":"#1"},"west":{"uv":[9.5,3,9.72,3.19],"texture":"#1"},"up":{"uv":[8.75,9.22,8.5,9],"texture":"#1"},"down":{"uv":[9,9,8.75,9.22],"texture":"#1"}},"rotation":{"origin":[3.6467,7.22023,4.022],"axis":"z","angle":-45,"rescale":false}},{"from":[3.4962,10.33823,3.825],"to":[4.5067,11.11223,4.6635],"faces":{"north":{"uv":[8.25,9.25,8.5,9.44],"texture":"#1"},"east":{"uv":[9.5,2.5,9.72,2.69],"texture":"#1"},"south":{"uv":[8.5,9.25,8.75,9.44],"texture":"#1"},"west":{"uv":[9.5,2.75,9.72,2.94],"texture":"#1"},"up":{"uv":[7.75,9.22,7.5,9],"texture":"#1"},"down":{"uv":[9.25,7.5,9,7.72],"texture":"#1"}},"rotation":{"origin":[3.6467,9.22023,3.653],"axis":"z","angle":-45,"rescale":false}},{"from":[3.76895,8.09499,3.936],"to":[4.26345,8.61099,4.6025],"faces":{"north":{"uv":[10.25,2,10.38,2.12],"texture":"#1"},"east":{"uv":[8.25,10,8.41,10.12],"texture":"#1"},"south":{"uv":[2.25,10.25,2.38,10.38],"texture":"#1"},"west":{"uv":[10,8.25,10.16,8.38],"texture":"#1"},"up":{"uv":[8.62,10.16,8.5,10],"texture":"#1"},"down":{"uv":[10.12,8.5,10,8.66],"texture":"#1"}},"rotation":{"origin":[3.40345,6.97699,4.7745],"axis":"z","angle":-45,"rescale":false}},{"from":[3.76895,10.09499,3.0725],"to":[4.26345,10.61099,3.739],"faces":{"north":{"uv":[10.25,1.75,10.38,1.88],"texture":"#1"},"east":{"uv":[7.75,10,7.91,10.12],"texture":"#1"},"south":{"uv":[2,10.25,2.12,10.38],"texture":"#1"},"west":{"uv":[10,7.75,10.16,7.88],"texture":"#1"},"up":{"uv":[8.12,10.16,8,10],"texture":"#1"},"down":{"uv":[10.12,8,10,8.16],"texture":"#1"}},"rotation":{"origin":[3.40345,8.97699,2.9005],"axis":"z","angle":-45,"rescale":false}},{"from":[3.81905,8.25545,3.43075],"to":[4.65755,9.26595,3.43075],"faces":{"north":{"uv":[0.5,9.25,0.72,9.5],"texture":"#1"},"east":{"uv":[0,0,0,0.25],"texture":"#1"},"south":{"uv":[0.75,9.25,0.97,9.5],"texture":"#1"},"west":{"uv":[0,0,0,0.25],"texture":"#1"},"up":{"uv":[0.22,0,0,0],"texture":"#1"},"down":{"uv":[0.22,0,0,0],"texture":"#1"}},"rotation":{"origin":[4.2383,8.7607,3.43075],"axis":"z","angle":45,"rescale":false}},{"from":[3.81905,10.25545,4.24425],"to":[4.65755,11.26595,4.24425],"faces":{"north":{"uv":[8,9,8.22,9.25],"texture":"#1"},"east":{"uv":[0,0,0,0.25],"texture":"#1"},"south":{"uv":[8.25,9,8.47,9.25],"texture":"#1"},"west":{"uv":[0,0,0,0.25],"texture":"#1"},"up":{"uv":[0.22,0,0,0],"texture":"#1"},"down":{"uv":[0.22,0,0,0],"texture":"#1"}},"rotation":{"origin":[4.2383,10.7607,4.24425],"axis":"z","angle":45,"rescale":false}},{"from":[4.80211,7.15942,2.99],"to":[5.40411,8.27742,4.71],"faces":{"north":{"uv":[9.5,0.5,9.66,0.78],"texture":"#1"},"east":{"uv":[8.25,2,8.69,2.28],"texture":"#1"},"south":{"uv":[0.75,9.5,0.91,9.78],"texture":"#1"},"west":{"uv":[2.5,8.25,2.94,8.53],"texture":"#1"},"up":{"uv":[9.16,2.19,9,1.75],"texture":"#1"},"down":{"uv":[2.16,9,2,9.44],"texture":"#1"}}},{"from":[4.80211,9.15942,2.965],"to":[5.40411,10.27742,4.685],"faces":{"north":{"uv":[0.25,9.5,0.41,9.78],"texture":"#1"},"east":{"uv":[8,7.5,8.44,7.78],"texture":"#1"},"south":{"uv":[0.5,9.5,0.66,9.78],"texture":"#1"},"west":{"uv":[8,8,8.44,8.28],"texture":"#1"},"up":{"uv":[7.16,9.19,7,8.75],"texture":"#1"},"down":{"uv":[0.41,9,0.25,9.44],"texture":"#1"}}},{"from":[5.21076,10.85,7.12497],"to":[6.61076,13.45,7.12497],"faces":{"north":{"uv":[1.5,6.5,1.84,7.16],"texture":"#1"},"east":{"uv":[0,0,0,0.66],"texture":"#1"},"south":{"uv":[6.5,1.5,6.84,2.16],"texture":"#1"},"west":{"uv":[0,0,0,0.66],"texture":"#1"},"up":{"uv":[0.34,0,0,0],"texture":"#1"},"down":{"uv":[0.34,0,0,0],"texture":"#1"}},"rotation":{"origin":[5.61076,12.15,7.12497],"axis":"y","angle":45,"rescale":false}},{"from":[5.32821,11.85,7.40711],"to":[5.32821,14.45,9.80711],"faces":{"north":{"uv":[0,0,0,0.66],"texture":"#1"},"east":{"uv":[5.25,0.75,5.84,1.41],"texture":"#1"},"south":{"uv":[0,0,0,0.66],"texture":"#1"},"west":{"uv":[5.25,1.5,5.84,2.16],"texture":"#1"},"up":{"uv":[0,0.59,0,0],"texture":"#1"},"down":{"uv":[0,0,0,0.59],"texture":"#1"}}},{"from":[5.40411,6.98742,2.818],"to":[6.65111,8.44942,4.882],"faces":{"north":{"uv":[5.75,8.25,6.06,8.62],"texture":"#1"},"east":{"uv":[6,7,6.53,7.38],"texture":"#1"},"south":{"uv":[8.25,6,8.56,6.38],"texture":"#1"},"west":{"uv":[6.75,7,7.28,7.38],"texture":"#1"},"up":{"uv":[6.31,8.03,6,7.5],"texture":"#1"},"down":{"uv":[6.81,7.5,6.5,8.03],"texture":"#1"}}},{"from":[5.40411,8.98742,2.793],"to":[6.65111,10.44942,4.857],"faces":{"north":{"uv":[5.25,8.25,5.56,8.62],"texture":"#1"},"east":{"uv":[7,3.75,7.53,4.12],"texture":"#1"},"south":{"uv":[8.25,5.5,8.56,5.88],"texture":"#1"},"west":{"uv":[7,5.75,7.53,6.12],"texture":"#1"},"up":{"uv":[7.56,6.78,7.25,6.25],"texture":"#1"},"down":{"uv":[7.81,1.5,7.5,2.03],"texture":"#1"}}},{"from":[5.905,6.11692,2.59793],"to":[10.095,11.60692,5.01293],"faces":{"north":{"uv":[4,0,5.06,1.38],"texture":"#1"},"east":{"uv":[4,3,4.59,4.38],"texture":"#1"},"south":{"uv":[4,1.5,5.06,2.88],"texture":"#1"},"west":{"uv":[0,4.25,0.59,5.62],"texture":"#1"},"up":{"uv":[1.81,4.84,0.75,4.25],"texture":"#1"},"down":{"uv":[5.06,4.5,4,5.09],"texture":"#1"}}},{"from":[6,10.65,6.475],"to":[9,14.65,6.475],"faces":{"north":{"uv":[9,8,6,4],"texture":"#0"},"east":{"uv":[0,4,0,0],"texture":"#0"},"south":{"uv":[6,8,9,4],"texture":"#0"},"west":{"uv":[0,4,0,0],"texture":"#0"},"up":{"uv":[0,0,0,3],"texture":"#0","rotation":90},"down":{"uv":[0,0,0,3],"texture":"#0","rotation":270}},"rotation":{"origin":[7.5,12.65,6.475],"axis":"y","angle":-45,"rescale":false}},{"from":[6.03532,12.85,9.51422],"to":[6.03532,15.45,11.91422],"faces":{"north":{"uv":[0,0,0,0.66],"texture":"#1"},"east":{"uv":[5.25,2.25,5.84,2.91],"texture":"#1"},"south":{"uv":[0,0,0,0.66],"texture":"#1"},"west":{"uv":[4,5.25,4.59,5.91],"texture":"#1"},"up":{"uv":[0,0.59,0,0],"texture":"#1"},"down":{"uv":[0,0,0,0.59],"texture":"#1"}},"rotation":{"origin":[6.03532,14.15,10.51422],"axis":"y","angle":45,"rescale":false}},{"from":[6.31716,9.85,6.41816],"to":[7.21716,12.45,6.41816],"faces":{"north":{"uv":[5.25,7.5,5.47,8.16],"texture":"#1"},"east":{"uv":[0,0,0,0.66],"texture":"#1"},"south":{"uv":[3,7.75,3.22,8.41],"texture":"#1"},"west":{"uv":[0,0,0,0.66],"texture":"#1"},"up":{"uv":[0.22,0,0,0],"texture":"#1"},"down":{"uv":[0.22,0,0,0],"texture":"#1"}}},{"from":[6.5,17.25,8.8],"to":[9.5,21.25,8.8],"faces":{"north":{"uv":[9,4,6,8],"texture":"#0"},"east":{"uv":[0,0,0,4],"texture":"#0"},"south":{"uv":[6,4,9,8],"texture":"#0"},"west":{"uv":[0,0,0,4],"texture":"#0"},"up":{"uv":[0,0,0,3],"texture":"#0","rotation":270},"down":{"uv":[0,0,0,3],"texture":"#0","rotation":90}},"rotation":{"origin":[8,19.25,8.8],"axis":"y","angle":-45,"rescale":false}},{"from":[6.655,6.11692,3.59793],"to":[9.345,18.60692,5.76293],"faces":{"north":{"uv":[2.5,0,3.19,3.12],"texture":"#1"},"east":{"uv":[2.5,3.25,3.03,6.38],"texture":"#1"},"south":{"uv":[3.25,0,3.94,3.12],"texture":"#1"},"west":{"uv":[3.25,3.25,3.78,6.38],"texture":"#1"},"up":{"uv":[2.19,6.28,1.5,5.75],"texture":"#1"},"down":{"uv":[6.69,0,6,0.53],"texture":"#1"}}},{"from":[6.75,14.875,5.75],"to":[7.5,15.475,6.2],"faces":{"north":{"uv":[9.75,1.25,9.94,1.41],"texture":"#1"},"east":{"uv":[10.25,0,10.38,0.16],"texture":"#1"},"south":{"uv":[9.75,1.5,9.94,1.66],"texture":"#1"},"west":{"uv":[0.25,10.25,0.38,10.41],"texture":"#1"},"up":{"uv":[9.94,9.62,9.75,9.5],"texture":"#1"},"down":{"uv":[9.94,9.75,9.75,9.88],"texture":"#1"}}},{"from":[6.75,15.875,5.75],"to":[7.5,16.475,6.2],"faces":{"north":{"uv":[9.75,0.75,9.94,0.91],"texture":"#1"},"east":{"uv":[10,10,10.12,10.16],"texture":"#1"},"south":{"uv":[9.75,1,9.94,1.16],"texture":"#1"},"west":{"uv":[0,10.25,0.12,10.41],"texture":"#1"},"up":{"uv":[9.94,8.88,9.75,8.75],"texture":"#1"},"down":{"uv":[9.19,9.75,9,9.88],"texture":"#1"}}},{"from":[6.75,16.875,5.75],"to":[7.5,17.475,6.2],"faces":{"north":{"uv":[9.75,0.25,9.94,0.41],"texture":"#1"},"east":{"uv":[9.75,10,9.88,10.16],"texture":"#1"},"south":{"uv":[9.75,0.5,9.94,0.66],"texture":"#1"},"west":{"uv":[10,9.75,10.12,9.91],"texture":"#1"},"up":{"uv":[9.94,8.12,9.75,8],"texture":"#1"},"down":{"uv":[8.44,9.75,8.25,9.88],"texture":"#1"}}},{"from":[6.75,17.875,5.75],"to":[7.5,18.475,6.2],"faces":{"north":{"uv":[9.5,9.5,9.69,9.66],"texture":"#1"},"east":{"uv":[7.5,10,7.62,10.16],"texture":"#1"},"south":{"uv":[9.75,0,9.94,0.16],"texture":"#1"},"west":{"uv":[10,7.5,10.12,7.66],"texture":"#1"},"up":{"uv":[9.94,6.88,9.75,6.75],"texture":"#1"},"down":{"uv":[7.19,9.75,7,9.88],"texture":"#1"}}},{"from":[6.825,9.75,7.45],"to":[6.825,11.6,8.55],"faces":{"north":{"uv":[0,0,0,0.47],"texture":"#1"},"east":{"uv":[7.75,6.5,8.03,6.97],"texture":"#1"},"south":{"uv":[0,0,0,0.47],"texture":"#1"},"west":{"uv":[7.5,7.75,7.78,8.22],"texture":"#1"},"up":{"uv":[0,0.28,0,0],"texture":"#1"},"down":{"uv":[0,0,0,0.28],"texture":"#1"}}},{"from":[6.85,14.67605,5.70293],"to":[7.4,15.15105,6.45293],"faces":{"north":{"uv":[10.25,3.25,10.38,3.38],"texture":"#1"},"east":{"uv":[9.75,9,9.94,9.12],"texture":"#1"},"south":{"uv":[3.5,10.25,3.62,10.38],"texture":"#1"},"west":{"uv":[9.25,9.75,9.44,9.88],"texture":"#1"},"up":{"uv":[9.88,9.44,9.75,9.25],"texture":"#1"},"down":{"uv":[9.62,9.75,9.5,9.94],"texture":"#1"}},"rotation":{"origin":[8,14.07605,6.70293],"axis":"x","angle":22.5,"rescale":false}},{"from":[6.85,15.67605,5.70293],"to":[7.4,16.15105,6.45293],"faces":{"north":{"uv":[10.25,3,10.38,3.12],"texture":"#1"},"east":{"uv":[9.75,8.25,9.94,8.38],"texture":"#1"},"south":{"uv":[3.25,10.25,3.38,10.38],"texture":"#1"},"west":{"uv":[8.5,9.75,8.69,9.88],"texture":"#1"},"up":{"uv":[9.88,8.69,9.75,8.5],"texture":"#1"},"down":{"uv":[8.88,9.75,8.75,9.94],"texture":"#1"}},"rotation":{"origin":[8,15.07605,6.70293],"axis":"x","angle":22.5,"rescale":false}},{"from":[6.85,16.67605,5.70293],"to":[7.4,17.15105,6.45293],"faces":{"north":{"uv":[10.25,2.75,10.38,2.88],"texture":"#1"},"east":{"uv":[9.75,7.5,9.94,7.62],"texture":"#1"},"south":{"uv":[3,10.25,3.12,10.38],"texture":"#1"},"west":{"uv":[7.75,9.75,7.94,9.88],"texture":"#1"},"up":{"uv":[9.88,7.94,9.75,7.75],"texture":"#1"},"down":{"uv":[8.12,9.75,8,9.94],"texture":"#1"}},"rotation":{"origin":[8,16.07605,6.70293],"axis":"x","angle":22.5,"rescale":false}},{"from":[6.85,17.67605,5.70293],"to":[7.4,18.15105,6.45293],"faces":{"north":{"uv":[10.25,1.5,10.38,1.62],"texture":"#1"},"east":{"uv":[9.75,7,9.94,7.12],"texture":"#1"},"south":{"uv":[1.75,10.25,1.88,10.38],"texture":"#1"},"west":{"uv":[7.25,9.75,7.44,9.88],"texture":"#1"},"up":{"uv":[9.88,7.44,9.75,7.25],"texture":"#1"},"down":{"uv":[7.62,9.75,7.5,9.94],"texture":"#1"}},"rotation":{"origin":[8,17.07605,6.70293],"axis":"x","angle":22.5,"rescale":false}},{"from":[6.861,17.55,7.99445],"to":[6.861,23.55,8.39445],"faces":{"north":{"uv":[0,0,0,1.5],"texture":"#1"},"east":{"uv":[4,7.75,4.09,9.25],"texture":"#1"},"south":{"uv":[0,0,0,1.5],"texture":"#1"},"west":{"uv":[7.75,4,7.84,5.5],"texture":"#1"},"up":{"uv":[0,0.09,0,0],"texture":"#1"},"down":{"uv":[0,0,0,0.09],"texture":"#1"}},"rotation":{"origin":[8,22.45,8],"axis":"y","angle":-45,"rescale":false}},{"from":[6.875,9.75,7.45],"to":[7.375,11.6,8.55],"faces":{"north":{"uv":[3.25,9,3.38,9.47],"texture":"#1"},"east":{"uv":[7.75,5.5,8.03,5.97],"texture":"#1"},"south":{"uv":[9,3.25,9.12,3.72],"texture":"#1"},"west":{"uv":[7.75,6,8.03,6.47],"texture":"#1"},"up":{"uv":[3.88,9.78,3.75,9.5],"texture":"#1"},"down":{"uv":[4.38,9.5,4.25,9.78],"texture":"#1"}}},{"from":[6.905,5.15544,7.44917],"to":[9.095,7.89544,9.61417],"faces":{"north":{"uv":[5.5,5.5,6.06,6.19],"texture":"#1"},"east":{"uv":[0.75,6,1.28,6.69],"texture":"#1"},"south":{"uv":[0,5.75,0.56,6.44],"texture":"#1"},"west":{"uv":[6,0.75,6.53,1.44],"texture":"#1"},"up":{"uv":[6.06,6.78,5.5,6.25],"texture":"#1"},"down":{"uv":[6.81,5.5,6.25,6.03],"texture":"#1"}},"rotation":{"origin":[8,-2.67456,9.99417],"axis":"x","angle":-22.5,"rescale":false}},{"from":[6.905,5.96692,0.89793],"to":[9.095,8.80692,2.31293],"faces":{"north":{"uv":[1.5,5,2.06,5.72],"texture":"#1"},"east":{"uv":[6.25,6.25,6.59,6.97],"texture":"#1"},"south":{"uv":[5.25,0,5.81,0.72],"texture":"#1"},"west":{"uv":[0,6.5,0.34,7.22],"texture":"#1"},"up":{"uv":[3.56,7.59,3,7.25],"texture":"#1"},"down":{"uv":[4.31,7.25,3.75,7.59],"texture":"#1"}},"rotation":{"origin":[8,6.13692,3.44293],"axis":"x","angle":22.5,"rescale":false}},{"from":[6.905,9.36692,1.39793],"to":[9.095,13.10692,2.81293],"faces":{"north":{"uv":[4.75,3,5.31,3.94],"texture":"#1"},"east":{"uv":[6,3.75,6.34,4.69],"texture":"#1"},"south":{"uv":[0.75,5,1.31,5.94],"texture":"#1"},"west":{"uv":[4.5,6,4.84,6.94],"texture":"#1"},"up":{"uv":[2.81,7.59,2.25,7.25],"texture":"#1"},"down":{"uv":[7.81,2.25,7.25,2.59],"texture":"#1"}},"rotation":{"origin":[8,9.53692,3.94293],"axis":"x","angle":22.5,"rescale":false}},{"from":[6.97019,20.55,7.67626],"to":[6.97019,24.55,8.07626],"faces":{"north":{"uv":[0,0,0,1],"texture":"#1"},"east":{"uv":[2.75,8.75,2.84,9.75],"texture":"#1"},"south":{"uv":[0,0,0,1],"texture":"#1"},"west":{"uv":[8.75,3,8.84,4],"texture":"#1"},"up":{"uv":[0,0.09,0,0],"texture":"#1"},"down":{"uv":[0,0,0,0.09],"texture":"#1"}},"rotation":{"origin":[8,22.45,8],"axis":"y","angle":45,"rescale":false}},{"from":[7,13.15,7],"to":[9,15.15,9],"faces":{"north":{"uv":[9,0,11,2],"texture":"#0"},"east":{"uv":[11,6,9,8],"texture":"#0"},"south":{"uv":[9,4,11,6],"texture":"#0"},"west":{"uv":[9,6,11,8],"texture":"#0"},"up":{"uv":[12,10,10,8],"texture":"#0"},"down":{"uv":[12,10,10,12],"texture":"#0"}}},{"from":[7,15.15,7],"to":[8,15.9,8],"faces":{"north":{"uv":[12,11,13,11.75],"texture":"#0"},"east":{"uv":[12,12,13,12.75],"texture":"#0"},"south":{"uv":[13,2,14,2.75],"texture":"#0"},"west":{"uv":[13,3,14,3.75],"texture":"#0"},"up":{"uv":[13,8,12,7],"texture":"#0"},"down":{"uv":[13,8,12,9],"texture":"#0"}}},{"from":[7.125,13.91066,7.00711],"to":[7.925,14.43566,7.53211],"faces":{"north":{"uv":[13,9,13.75,9.5],"texture":"#0"},"east":{"uv":[13,13,13.5,13.5],"texture":"#0"},"south":{"uv":[10,13,10.75,13.5],"texture":"#0"},"west":{"uv":[13,13,13.5,13.5],"texture":"#0"},"up":{"uv":[13.75,10.5,13,10],"texture":"#0"},"down":{"uv":[11.75,13,11,13.5],"texture":"#0"}},"rotation":{"origin":[7.4,15.16066,6.75711],"axis":"x","angle":45,"rescale":false}},{"from":[7.125,16.16066,7.00711],"to":[7.925,16.68566,7.53211],"faces":{"north":{"uv":[13,5,13.75,5.5],"texture":"#0"},"east":{"uv":[12,13,12.5,13.5],"texture":"#0"},"south":{"uv":[13,6,13.75,6.5],"texture":"#0"},"west":{"uv":[12,13,12.5,13.5],"texture":"#0"},"up":{"uv":[13.75,7.5,13,7],"texture":"#0"},"down":{"uv":[13.75,8,13,8.5],"texture":"#0"}},"rotation":{"origin":[7.4,17.41066,6.75711],"axis":"x","angle":45,"rescale":false}},{"from":[7.13,1.674,4.70668],"to":[8.87,4.414,6.42168],"faces":{"north":{"uv":[2,4.25,2.44,4.94],"texture":"#1"},"east":{"uv":[5,6,5.44,6.69],"texture":"#1"},"south":{"uv":[6.25,2.75,6.69,3.44],"texture":"#1"},"west":{"uv":[6.25,4.75,6.69,5.44],"texture":"#1"},"up":{"uv":[5.19,4.44,4.75,4],"texture":"#1"},"down":{"uv":[7.69,4.25,7.25,4.69],"texture":"#1"}}},{"from":[7.15,14.1,6.05],"to":[7.9,16.35,6.8],"faces":{"north":{"uv":[6,11,6.75,13.25],"texture":"#0"},"east":{"uv":[9,11,9.75,13.25],"texture":"#0"},"south":{"uv":[8,11,8.75,13.25],"texture":"#0"},"west":{"uv":[9,11,9.75,13.25],"texture":"#0"},"up":{"uv":[13.75,4.75,13,4],"texture":"#0"},"down":{"uv":[5.75,13,5,13.75],"texture":"#0"}}},{"from":[7.19069,9,8.21213],"to":[7.69069,11.875,8.81213],"faces":{"north":{"uv":[8.75,5.25,8.88,5.97],"texture":"#1"},"east":{"uv":[7.25,8.25,7.41,8.97],"texture":"#1"},"south":{"uv":[5.5,8.75,5.62,9.47],"texture":"#1"},"west":{"uv":[7.5,8.25,7.66,8.97],"texture":"#1"},"up":{"uv":[5.12,10.16,5,10],"texture":"#1"},"down":{"uv":[10.12,5,10,5.16],"texture":"#1"}},"rotation":{"origin":[7.44069,10.675,8.76213],"axis":"y","angle":45,"rescale":false}},{"from":[7.19069,9.25,7.18787],"to":[7.69069,12.1,7.78787],"faces":{"north":{"uv":[5.75,8.75,5.88,9.47],"texture":"#1"},"east":{"uv":[7.75,8.25,7.91,8.97],"texture":"#1"},"south":{"uv":[6,8.75,6.12,9.47],"texture":"#1"},"west":{"uv":[0,8.5,0.16,9.22],"texture":"#1"},"up":{"uv":[5.38,10.16,5.25,10],"texture":"#1"},"down":{"uv":[10.12,5.25,10,5.41],"texture":"#1"}},"rotation":{"origin":[7.44069,10.675,7.23787],"axis":"y","angle":-45,"rescale":false}},{"from":[7.2,-14.25,7.2],"to":[8.8,-13.75,8.8],"faces":{"north":{"uv":[9.25,4,9.66,4.12],"texture":"#1"},"east":{"uv":[9.25,5,9.66,5.12],"texture":"#1"},"south":{"uv":[9.25,5.25,9.66,5.38],"texture":"#1"},"west":{"uv":[9.25,5.5,9.66,5.62],"texture":"#1"},"up":{"uv":[2.91,8.16,2.5,7.75],"texture":"#1"},"down":{"uv":[8.16,2.75,7.75,3.16],"texture":"#1"}}},{"from":[7.35,-12.32117,-1.459],"to":[8.65,-11.52117,-0.659],"faces":{"north":{"uv":[9,4.25,9.31,4.44],"texture":"#1"},"east":{"uv":[9.5,3.75,9.69,3.94],"texture":"#1"},"south":{"uv":[4.5,9,4.81,9.19],"texture":"#1"},"west":{"uv":[9.5,4.75,9.69,4.94],"texture":"#1"},"up":{"uv":[9.31,4.69,9,4.5],"texture":"#1"},"down":{"uv":[9.31,4.75,9,4.94],"texture":"#1"}},"rotation":{"origin":[8,-2.86216,8],"axis":"x","angle":-45,"rescale":false}},{"from":[7.35307,9,8.70377],"to":[7.75307,9.875,9.20377],"faces":{"north":{"uv":[3.25,10,3.34,10.22],"texture":"#1"},"east":{"uv":[3,9.75,3.12,9.97],"texture":"#1"},"south":{"uv":[10,3.25,10.09,3.47],"texture":"#1"},"west":{"uv":[9.75,3,9.88,3.22],"texture":"#1"},"up":{"uv":[10.34,4.88,10.25,4.75],"texture":"#1"},"down":{"uv":[5.09,10.25,5,10.38],"texture":"#1"}},"rotation":{"origin":[7.90307,8.675,8.95377],"axis":"y","angle":-22.5,"rescale":false}},{"from":[7.35307,9.25,6.79623],"to":[7.75307,10.1,7.29623],"faces":{"north":{"uv":[3.5,10,3.59,10.22],"texture":"#1"},"east":{"uv":[3.25,9.75,3.38,9.97],"texture":"#1"},"south":{"uv":[10,3.5,10.09,3.72],"texture":"#1"},"west":{"uv":[9.75,3.25,9.88,3.47],"texture":"#1"},"up":{"uv":[10.34,5.12,10.25,5],"texture":"#1"},"down":{"uv":[5.34,10.25,5.25,10.38],"texture":"#1"}},"rotation":{"origin":[7.90307,8.925,7.04623],"axis":"y","angle":22.5,"rescale":false}},{"from":[7.35307,11,8.70377],"to":[7.75307,11.875,9.20377],"faces":{"north":{"uv":[3,10,3.09,10.22],"texture":"#1"},"east":{"uv":[2.75,9.75,2.88,9.97],"texture":"#1"},"south":{"uv":[10,3,10.09,3.22],"texture":"#1"},"west":{"uv":[9.75,2.75,9.88,2.97],"texture":"#1"},"up":{"uv":[10.34,4.62,10.25,4.5],"texture":"#1"},"down":{"uv":[4.84,10.25,4.75,10.38],"texture":"#1"}},"rotation":{"origin":[7.90307,10.7,8.95377],"axis":"y","angle":-22.5,"rescale":false}},{"from":[7.35307,11.25,6.79623],"to":[7.75307,12.1,7.29623],"faces":{"north":{"uv":[3.75,10,3.84,10.22],"texture":"#1"},"east":{"uv":[3.5,9.75,3.62,9.97],"texture":"#1"},"south":{"uv":[10,3.75,10.09,3.97],"texture":"#1"},"west":{"uv":[9.75,3.5,9.88,3.72],"texture":"#1"},"up":{"uv":[10.34,5.38,10.25,5.25],"texture":"#1"},"down":{"uv":[5.59,10.25,5.5,10.38],"texture":"#1"}},"rotation":{"origin":[7.90307,10.925,7.04623],"axis":"y","angle":22.5,"rescale":false}},{"from":[7.45,-15.65,7.45],"to":[8.55,-14.25,8.55],"faces":{"north":{"uv":[4.25,8.5,4.53,8.84],"texture":"#1"},"east":{"uv":[8.5,4.5,8.78,4.84],"texture":"#1"},"south":{"uv":[4.75,8.5,5.03,8.84],"texture":"#1"},"west":{"uv":[8.5,7.5,8.78,7.84],"texture":"#1"},"up":{"uv":[9.28,0.78,9,0.5],"texture":"#1"},"down":{"uv":[1.28,9,1,9.28],"texture":"#1"}}},{"from":[7.45,-6.55,7.45],"to":[8.55,-3.65,8.55],"faces":{"north":{"uv":[7,3,7.28,3.72],"texture":"#1"},"east":{"uv":[4.5,7,4.78,7.72],"texture":"#1"},"south":{"uv":[7,5,7.28,5.72],"texture":"#1"},"west":{"uv":[5.5,7,5.78,7.72],"texture":"#1"},"up":{"uv":[9.28,1.28,9,1],"texture":"#1"},"down":{"uv":[1.78,9,1.5,9.28],"texture":"#1"}}},{"from":[7.45,0.9,7.45],"to":[8.55,3.8,8.55],"faces":{"north":{"uv":[6.75,4.25,7.03,4.97],"texture":"#1"},"east":{"uv":[5,6.75,5.28,7.47],"texture":"#1"},"south":{"uv":[6.75,6.25,7.03,6.97],"texture":"#1"},"west":{"uv":[7,1.5,7.28,2.22],"texture":"#1"},"up":{"uv":[9.03,8.78,8.75,8.5],"texture":"#1"},"down":{"uv":[9.28,0,9,0.28],"texture":"#1"}}},{"from":[7.45,8.95,7.45],"to":[8.55,11.85,8.55],"faces":{"north":{"uv":[0.5,6.75,0.78,7.47],"texture":"#1"},"east":{"uv":[6.75,0.75,7.03,1.47],"texture":"#1"},"south":{"uv":[1,6.75,1.28,7.47],"texture":"#1"},"west":{"uv":[6.75,2.25,7.03,2.97],"texture":"#1"},"up":{"uv":[9.03,7.03,8.75,6.75],"texture":"#1"},"down":{"uv":[9.03,8,8.75,8.28],"texture":"#1"}}},{"from":[7.475,16.28388,9.09099],"to":[8.525,17.35888,10.16599],"faces":{"north":{"uv":[12,2,13,3.12],"texture":"#0"},"east":{"uv":[2.12,12,1,13.12],"texture":"#0"},"south":{"uv":[3,12,4,13.12],"texture":"#0"},"west":{"uv":[1,12,2.12,13.12],"texture":"#0"},"up":{"uv":[5,13.12,4,12],"texture":"#0"},"down":{"uv":[13,4,12,5.12],"texture":"#0"}},"rotation":{"origin":[8,18.03388,9.59099],"axis":"x","angle":45,"rescale":false}},{"from":[7.5,-10.65,7.5],"to":[8.5,-8.6,8.5],"faces":{"north":{"uv":[6.75,5,7,5.5],"texture":"#1"},"east":{"uv":[4.75,7.75,5,8.25],"texture":"#1"},"south":{"uv":[8,2,8.25,2.5],"texture":"#1"},"west":{"uv":[8,3.25,8.25,3.75],"texture":"#1"},"up":{"uv":[6.5,3.75,6.25,3.5],"texture":"#1"},"down":{"uv":[0.75,6.5,0.5,6.75],"texture":"#1"}}},{"from":[7.5,-8.6,7.5],"to":[8.5,-6.55,8.5],"faces":{"north":{"uv":[8,3.75,8.25,4.25],"texture":"#1"},"east":{"uv":[8,4.25,8.25,4.75],"texture":"#1"},"south":{"uv":[8,4.75,8.25,5.25],"texture":"#1"},"west":{"uv":[8,7,8.25,7.5],"texture":"#1"},"up":{"uv":[7.5,3,7.25,2.75],"texture":"#1"},"down":{"uv":[7.5,4.75,7.25,5],"texture":"#1"}}},{"from":[7.5,3.8,7.5],"to":[8.5,5.85,8.5],"faces":{"north":{"uv":[5.25,4.75,5.5,5.25],"texture":"#1"},"east":{"uv":[6.5,2.25,6.75,2.75],"texture":"#1"},"south":{"uv":[6.5,4.25,6.75,4.75],"texture":"#1"},"west":{"uv":[6.75,3,7,3.5],"texture":"#1"},"up":{"uv":[6.25,3,6,2.75],"texture":"#1"},"down":{"uv":[2.5,6.25,2.25,6.5],"texture":"#1"}}},{"from":[7.5,9.25,6.3],"to":[7.5,11.85,7.7],"faces":{"north":{"uv":[0,0,0,0.66],"texture":"#1"},"east":{"uv":[2,6.5,2.34,7.16],"texture":"#1"},"south":{"uv":[0,0,0,0.66],"texture":"#1"},"west":{"uv":[2.5,6.5,2.84,7.16],"texture":"#1"},"up":{"uv":[0,0.34,0,0],"texture":"#1"},"down":{"uv":[0,0,0,0.34],"texture":"#1"}},"rotation":{"origin":[7.5,10.55,6.7],"axis":"y","angle":45,"rescale":false}},{"from":[7.5,10.65,4.975],"to":[7.5,14.65,7.975],"faces":{"north":{"uv":[0,4,0,0],"texture":"#0"},"east":{"uv":[9,8,6,4],"texture":"#0"},"south":{"uv":[0,4,0,0],"texture":"#0"},"west":{"uv":[6,8,9,4],"texture":"#0"},"up":{"uv":[0,3,0,0],"texture":"#0"},"down":{"uv":[0,3,0,0],"texture":"#0"}},"rotation":{"origin":[7.5,12.65,6.475],"axis":"y","angle":-45,"rescale":false}},{"from":[7.5,14.4,8],"to":[8.5,17.15,9.5],"faces":{"north":{"uv":[11,0,12,2.75],"texture":"#0"},"east":{"uv":[6,8,7.5,10.75],"texture":"#0"},"south":{"uv":[11,3,12,5.75],"texture":"#0"},"west":{"uv":[8,8,9.5,10.75],"texture":"#0"},"up":{"uv":[12,7.5,11,6],"texture":"#0"},"down":{"uv":[1,12,0,13.5],"texture":"#0"}}},{"from":[7.55,-13.75,7.55],"to":[8.45,-10.65,8.45],"faces":{"north":{"uv":[1.25,7.5,1.47,8.28],"texture":"#1"},"east":{"uv":[7.5,2.75,7.72,3.53],"texture":"#1"},"south":{"uv":[7.5,4.75,7.72,5.53],"texture":"#1"},"west":{"uv":[5,7.5,5.22,8.28],"texture":"#1"},"up":{"uv":[9.47,7.22,9.25,7],"texture":"#1"},"down":{"uv":[9.47,7.25,9.25,7.47],"texture":"#1"}}},{"from":[7.55,-3.7,7.55],"to":[8.45,-1.7,8.45],"faces":{"north":{"uv":[1,8.5,1.22,9],"texture":"#1"},"east":{"uv":[1.25,8.5,1.47,9],"texture":"#1"},"south":{"uv":[1.5,8.5,1.72,9],"texture":"#1"},"west":{"uv":[8.5,1.5,8.72,2],"texture":"#1"},"up":{"uv":[4.97,9.47,4.75,9.25],"texture":"#1"},"down":{"uv":[5.47,9.25,5.25,9.47],"texture":"#1"}}},{"from":[7.55,-0.64879,7.37378],"to":[8.45,1.15121,8.27378],"faces":{"north":{"uv":[8.5,8.5,8.72,8.94],"texture":"#1"},"east":{"uv":[8.75,0,8.97,0.44],"texture":"#1"},"south":{"uv":[8.75,0.5,8.97,0.94],"texture":"#1"},"west":{"uv":[8.75,1,8.97,1.44],"texture":"#1"},"up":{"uv":[9.47,6.47,9.25,6.25],"texture":"#1"},"down":{"uv":[9.47,6.5,9.25,6.72],"texture":"#1"}},"rotation":{"origin":[8,0.60121,7.82378],"axis":"x","angle":22.5,"rescale":false}},{"from":[7.55,5.85,7.55],"to":[8.45,8.95,8.45],"faces":{"north":{"uv":[0.25,7.25,0.47,8.03],"texture":"#1"},"east":{"uv":[0.5,7.5,0.72,8.28],"texture":"#1"},"south":{"uv":[0.75,7.5,0.97,8.28],"texture":"#1"},"west":{"uv":[1,7.5,1.22,8.28],"texture":"#1"},"up":{"uv":[9.47,6.97,9.25,6.75],"texture":"#1"},"down":{"uv":[7.22,9.25,7,9.47],"texture":"#1"}}},{"from":[7.55,20.0875,7.7875],"to":[8.35,20.6125,8.3125],"faces":{"north":{"uv":[10.75,13,10,13.5],"texture":"#0"},"east":{"uv":[13,13,13.5,13.5],"texture":"#0"},"south":{"uv":[13.75,9,13,9.5],"texture":"#0"},"west":{"uv":[13.5,13,13,13.5],"texture":"#0"},"up":{"uv":[13.75,10,13,10.5],"texture":"#0"},"down":{"uv":[11.75,13.5,11,13],"texture":"#0"}},"rotation":{"origin":[7.95,20.35,8.05],"axis":"x","angle":-45,"rescale":false}},{"from":[7.555,9.16692,5.68707],"to":[8.445,11.10692,6.42707],"faces":{"north":{"uv":[2.25,8.5,2.47,9],"texture":"#1"},"east":{"uv":[2.5,8.75,2.69,9.25],"texture":"#1"},"south":{"uv":[3,8.5,3.22,9],"texture":"#1"},"west":{"uv":[8.75,2.5,8.94,3],"texture":"#1"},"up":{"uv":[9.72,2.44,9.5,2.25],"texture":"#1"},"down":{"uv":[2.72,9.5,2.5,9.69],"texture":"#1"}}},{"from":[7.555,9.16692,9.57293],"to":[8.445,11.10692,10.31293],"faces":{"north":{"uv":[1.75,8.5,1.97,9],"texture":"#1"},"east":{"uv":[8.75,1.5,8.94,2],"texture":"#1"},"south":{"uv":[2,8.5,2.22,9],"texture":"#1"},"west":{"uv":[8.75,2,8.94,2.5],"texture":"#1"},"up":{"uv":[9.72,1.94,9.5,1.75],"texture":"#1"},"down":{"uv":[2.22,9.5,2,9.69],"texture":"#1"}}},{"from":[7.55931,22.26213,7.875],"to":[8.35931,22.78713,8.4],"faces":{"north":{"uv":[13.75,6,13,6.5],"texture":"#0"},"east":{"uv":[12,13,12.5,13.5],"texture":"#0"},"south":{"uv":[13.75,5,13,5.5],"texture":"#0"},"west":{"uv":[12.5,13,12,13.5],"texture":"#0"},"up":{"uv":[13.75,7,13,7.5],"texture":"#0"},"down":{"uv":[13.75,8.5,13,8],"texture":"#0"}},"rotation":{"origin":[8,22.45,8],"axis":"x","angle":-45,"rescale":false}},{"from":[7.575,-1.96736,7.1059],"to":[8.425,-0.16736,8.0059],"faces":{"north":{"uv":[3.25,8.5,3.47,8.94],"texture":"#1"},"east":{"uv":[8,8.5,8.22,8.94],"texture":"#1"},"south":{"uv":[8.5,8,8.72,8.44],"texture":"#1"},"west":{"uv":[8.25,8.5,8.47,8.94],"texture":"#1"},"up":{"uv":[9.47,5.97,9.25,5.75],"texture":"#1"},"down":{"uv":[9.47,6,9.25,6.22],"texture":"#1"}},"rotation":{"origin":[8,-0.71736,7.5559],"axis":"x","angle":-22.5,"rescale":false}},{"from":[7.58,9.02413,4.26102],"to":[8.42,10.06413,5.00102],"faces":{"north":{"uv":[9,5.75,9.22,6],"texture":"#1"},"east":{"uv":[7.75,9.25,7.94,9.5],"texture":"#1"},"south":{"uv":[9,6,9.22,6.25],"texture":"#1"},"west":{"uv":[9.25,7.75,9.44,8],"texture":"#1"},"up":{"uv":[9.72,2.19,9.5,2],"texture":"#1"},"down":{"uv":[2.47,9.5,2.25,9.69],"texture":"#1"}},"rotation":{"origin":[8,7.89413,4.63102],"axis":"x","angle":45,"rescale":false}},{"from":[7.58,9.02413,10.99898],"to":[8.42,10.06413,11.73898],"faces":{"north":{"uv":[8,2.5,8.22,2.75],"texture":"#1"},"east":{"uv":[7.5,9.25,7.69,9.5],"texture":"#1"},"south":{"uv":[9,5.5,9.22,5.75],"texture":"#1"},"west":{"uv":[9.25,7.5,9.44,7.75],"texture":"#1"},"up":{"uv":[9.72,1.69,9.5,1.5],"texture":"#1"},"down":{"uv":[1.97,9.5,1.75,9.69],"texture":"#1"}},"rotation":{"origin":[8,7.89413,11.36898],"axis":"x","angle":-45,"rescale":false}},{"from":[7.58431,20.35,7.66569],"to":[8.33431,22.6,8.41569],"faces":{"north":{"uv":[8.75,11,8,13.25],"texture":"#0"},"east":{"uv":[9,11,9.75,13.25],"texture":"#0"},"south":{"uv":[6.75,11,6,13.25],"texture":"#0"},"west":{"uv":[9.75,11,9,13.25],"texture":"#0"},"up":{"uv":[13.75,4,13,4.75],"texture":"#0"},"down":{"uv":[5.75,13.75,5,13],"texture":"#0"}}},{"from":[7.605,8.1633,5.19],"to":[8.395,8.8033,5.93],"faces":{"north":{"uv":[8.75,9.5,8.94,9.66],"texture":"#1"},"east":{"uv":[9.5,8.75,9.69,8.91],"texture":"#1"},"south":{"uv":[9,9.5,9.19,9.66],"texture":"#1"},"west":{"uv":[9.5,9,9.69,9.16],"texture":"#1"},"up":{"uv":[9.69,6.44,9.5,6.25],"texture":"#1"},"down":{"uv":[6.69,9.5,6.5,9.69],"texture":"#1"}},"rotation":{"origin":[8,8.9333,5.56],"axis":"x","angle":22.5,"rescale":false}},{"from":[7.605,8.1633,10.07],"to":[8.395,8.8033,10.81],"faces":{"north":{"uv":[8.25,9.5,8.44,9.66],"texture":"#1"},"east":{"uv":[9.5,8.25,9.69,8.41],"texture":"#1"},"south":{"uv":[8.5,9.5,8.69,9.66],"texture":"#1"},"west":{"uv":[9.5,8.5,9.69,8.66],"texture":"#1"},"up":{"uv":[5.19,9.69,5,9.5],"texture":"#1"},"down":{"uv":[5.44,9.5,5.25,9.69],"texture":"#1"}},"rotation":{"origin":[8,8.9333,10.44],"axis":"x","angle":-22.5,"rescale":false}},{"from":[7.63,7.6235,4.9235],"to":[8.37,8.3635,5.6635],"faces":{"north":{"uv":[9.5,6.5,9.69,6.69],"texture":"#1"},"east":{"uv":[6.75,9.5,6.94,9.69],"texture":"#1"},"south":{"uv":[9.5,6.75,9.69,6.94],"texture":"#1"},"west":{"uv":[7,9.5,7.19,9.69],"texture":"#1"},"up":{"uv":[9.69,7.19,9.5,7],"texture":"#1"},"down":{"uv":[7.44,9.5,7.25,9.69],"texture":"#1"}}},{"from":[7.63,7.6235,10.3365],"to":[8.37,8.3635,11.0765],"faces":{"north":{"uv":[5.5,9.5,5.69,9.69],"texture":"#1"},"east":{"uv":[5.75,9.5,5.94,9.69],"texture":"#1"},"south":{"uv":[9.5,5.75,9.69,5.94],"texture":"#1"},"west":{"uv":[6,9.5,6.19,9.69],"texture":"#1"},"up":{"uv":[9.69,6.19,9.5,6],"texture":"#1"},"down":{"uv":[6.44,9.5,6.25,9.69],"texture":"#1"}}},{"from":[7.655,8.06692,10.87293],"to":[8.345,8.75692,13.38793],"faces":{"north":{"uv":[9.5,7.25,9.69,7.44],"texture":"#1"},"east":{"uv":[8,5.25,8.62,5.44],"texture":"#1"},"south":{"uv":[7.5,9.5,7.69,9.69],"texture":"#1"},"west":{"uv":[4.25,8.25,4.88,8.44],"texture":"#1"},"up":{"uv":[0.44,8.88,0.25,8.25],"texture":"#1"},"down":{"uv":[8.44,4.5,8.25,5.12],"texture":"#1"}}},{"from":[7.655,9.16692,10.29793],"to":[8.345,10.25692,12.31293],"faces":{"north":{"uv":[4,9.25,4.19,9.53],"texture":"#1"},"east":{"uv":[4.25,7.75,4.75,8.03],"texture":"#1"},"south":{"uv":[4.5,9.25,4.69,9.53],"texture":"#1"},"west":{"uv":[5.5,7.75,6,8.03],"texture":"#1"},"up":{"uv":[8.94,4.5,8.75,4],"texture":"#1"},"down":{"uv":[5.44,8.75,5.25,9.25],"texture":"#1"}}},{"from":[7.68,8.14319,10.18726],"to":[8.32,8.93319,11.62726],"faces":{"north":{"uv":[9.25,9.5,9.41,9.69],"texture":"#1"},"east":{"uv":[8.75,7.25,9.12,7.44],"texture":"#1"},"south":{"uv":[9.5,9.25,9.66,9.44],"texture":"#1"},"west":{"uv":[9,1.5,9.38,1.69],"texture":"#1"},"up":{"uv":[5.16,9.38,5,9],"texture":"#1"},"down":{"uv":[9.16,5,9,5.38],"texture":"#1"}},"rotation":{"origin":[8,7.01319,12.83226],"axis":"x","angle":45,"rescale":false}},{"from":[7.68,8.7329,12.72284],"to":[8.32,9.2229,13.33784],"faces":{"north":{"uv":[6,10,6.16,10.12],"texture":"#1"},"east":{"uv":[10,6,10.16,6.12],"texture":"#1"},"south":{"uv":[6.25,10,6.41,10.12],"texture":"#1"},"west":{"uv":[10,6.25,10.16,6.38],"texture":"#1"},"up":{"uv":[9.91,6.41,9.75,6.25],"texture":"#1"},"down":{"uv":[6.66,9.75,6.5,9.91],"texture":"#1"}}},{"from":[7.705,6.01819,11.66226],"to":[8.295,10.95819,12.75226],"faces":{"north":{"uv":[2.25,5,2.41,6.25],"texture":"#1"},"east":{"uv":[6,1.5,6.28,2.75],"texture":"#1"},"south":{"uv":[0,7.25,0.16,8.5],"texture":"#1"},"west":{"uv":[4,6,4.28,7.25],"texture":"#1"},"up":{"uv":[0.16,9.78,0,9.5],"texture":"#1"},"down":{"uv":[9.66,0,9.5,0.28],"texture":"#1"}}},{"from":[7.73,3.49767,10.16718],"to":[8.27,4.31267,11.95718],"faces":{"north":{"uv":[9.75,5.25,9.88,5.47],"texture":"#1"},"east":{"uv":[5.5,3.75,5.94,3.97],"texture":"#1"},"south":{"uv":[5.5,9.75,5.62,9.97],"texture":"#1"},"west":{"uv":[8.5,5,8.94,5.22],"texture":"#1"},"up":{"uv":[9.12,6.69,9,6.25],"texture":"#1"},"down":{"uv":[7.38,9,7.25,9.44],"texture":"#1"}},"rotation":{"origin":[8,5.71767,9.31218],"axis":"x","angle":-45,"rescale":false}},{"from":[7.73,4.07396,9.59089],"to":[8.27,4.88896,10.25589],"faces":{"north":{"uv":[9.75,5.5,9.88,5.72],"texture":"#1"},"east":{"uv":[9.5,7.75,9.66,7.97],"texture":"#1"},"south":{"uv":[5.75,9.75,5.88,9.97],"texture":"#1"},"west":{"uv":[9.5,8,9.66,8.22],"texture":"#1"},"up":{"uv":[7.38,10.16,7.25,10],"texture":"#1"},"down":{"uv":[10.12,7.25,10,7.41],"texture":"#1"}},"rotation":{"origin":[8,6.29396,8.73589],"axis":"x","angle":-45,"rescale":false}},{"from":[7.73,11.31488,12.17904],"to":[8.27,11.90488,13.04404],"faces":{"north":{"uv":[6.5,10,6.62,10.16],"texture":"#1"},"east":{"uv":[9.5,7.5,9.72,7.66],"texture":"#1"},"south":{"uv":[10,6.5,10.12,6.66],"texture":"#1"},"west":{"uv":[7.75,9.5,7.97,9.66],"texture":"#1"},"up":{"uv":[9.88,5.22,9.75,5],"texture":"#1"},"down":{"uv":[5.38,9.75,5.25,9.97],"texture":"#1"}},"rotation":{"origin":[8,12.30988,10.99904],"axis":"x","angle":22.5,"rescale":false}},{"from":[7.755,5.90505,10.33395],"to":[8.245,6.72005,10.79895],"faces":{"north":{"uv":[9.75,5.75,9.88,5.97],"texture":"#1"},"east":{"uv":[6,9.75,6.12,9.97],"texture":"#1"},"south":{"uv":[9.75,6,9.88,6.22],"texture":"#1"},"west":{"uv":[6.25,9.75,6.38,9.97],"texture":"#1"},"up":{"uv":[10.38,1.38,10.25,1.25],"texture":"#1"},"down":{"uv":[1.62,10.25,1.5,10.38],"texture":"#1"}}},{"from":[7.755,12.0271,13.08342],"to":[8.245,12.6171,13.64842],"faces":{"north":{"uv":[6.75,10,6.88,10.16],"texture":"#1"},"east":{"uv":[9.75,6.5,9.91,6.66],"texture":"#1"},"south":{"uv":[10,6.75,10.12,6.91],"texture":"#1"},"west":{"uv":[6.75,9.75,6.91,9.91],"texture":"#1"},"up":{"uv":[7.12,10.16,7,10],"texture":"#1"},"down":{"uv":[10.12,7,10,7.16],"texture":"#1"}},"rotation":{"origin":[8,13.0221,11.80342],"axis":"x","angle":45,"rescale":false}},{"from":[7.9955,22.05,6.48232],"to":[7.9955,26.05,9.48232],"faces":{"north":{"uv":[0,0,0,4],"texture":"#0"},"east":{"uv":[9,4,6,8],"texture":"#0"},"south":{"uv":[0,0,0,4],"texture":"#0"},"west":{"uv":[6,4,9,8],"texture":"#0"},"up":{"uv":[0,0,0,3],"texture":"#0"},"down":{"uv":[0,0,0,3],"texture":"#0"}},"rotation":{"origin":[8,22.45,8],"axis":"y","angle":45,"rescale":false}},{"from":[8,-3,-1],"to":[8,14,4],"faces":{"north":{"uv":[0,0,0,4.25],"texture":"#1"},"east":{"uv":[0,0,1.25,4.25],"texture":"#1"},"south":{"uv":[0,0,0,4.25],"texture":"#1"},"west":{"uv":[1.25,0,2.5,4.25],"texture":"#1"},"up":{"uv":[0,1.25,0,0],"texture":"#1"},"down":{"uv":[0,0,0,1.25],"texture":"#1"}}},{"from":[8,12.4,8],"to":[9,13.15,9],"faces":{"north":{"uv":[12,9,13,9.75],"texture":"#0"},"east":{"uv":[10,12,11,12.75],"texture":"#0"},"south":{"uv":[12,10,13,10.75],"texture":"#0"},"west":{"uv":[11,12,12,12.75],"texture":"#0"},"up":{"uv":[6,13,5,12],"texture":"#0"},"down":{"uv":[13,6,12,7],"texture":"#0"}}},{"from":[8,17.25,7.3],"to":[8,21.25,10.3],"faces":{"north":{"uv":[0,0,0,4],"texture":"#0"},"east":{"uv":[9,4,6,8],"texture":"#0"},"south":{"uv":[0,0,0,4],"texture":"#0"},"west":{"uv":[6,4,9,8],"texture":"#0"},"up":{"uv":[0,0,0,3],"texture":"#0"},"down":{"uv":[0,0,0,3],"texture":"#0"}},"rotation":{"origin":[8,19.25,8.8],"axis":"y","angle":-45,"rescale":false}},{"from":[8.24693,9,6.79623],"to":[8.64693,9.875,7.29623],"faces":{"north":{"uv":[4.75,10,4.84,10.22],"texture":"#1"},"east":{"uv":[9.75,4.75,9.88,4.97],"texture":"#1"},"south":{"uv":[10,4.75,10.09,4.97],"texture":"#1"},"west":{"uv":[5,9.75,5.12,9.97],"texture":"#1"},"up":{"uv":[10.34,6.38,10.25,6.25],"texture":"#1"},"down":{"uv":[6.59,10.25,6.5,10.38],"texture":"#1"}},"rotation":{"origin":[8.09693,8.675,7.04623],"axis":"y","angle":-22.5,"rescale":false}},{"from":[8.24693,9.25,8.70377],"to":[8.64693,10.1,9.20377],"faces":{"north":{"uv":[4,10,4.09,10.22],"texture":"#1"},"east":{"uv":[9.75,3.75,9.88,3.97],"texture":"#1"},"south":{"uv":[10,4,10.09,4.22],"texture":"#1"},"west":{"uv":[4,9.75,4.12,9.97],"texture":"#1"},"up":{"uv":[10.34,5.62,10.25,5.5],"texture":"#1"},"down":{"uv":[5.84,10.25,5.75,10.38],"texture":"#1"}},"rotation":{"origin":[8.09693,8.925,8.95377],"axis":"y","angle":22.5,"rescale":false}},{"from":[8.24693,11,6.79623],"to":[8.64693,11.875,7.29623],"faces":{"north":{"uv":[4.5,10,4.59,10.22],"texture":"#1"},"east":{"uv":[4.5,9.75,4.62,9.97],"texture":"#1"},"south":{"uv":[10,4.5,10.09,4.72],"texture":"#1"},"west":{"uv":[9.75,4.5,9.88,4.72],"texture":"#1"},"up":{"uv":[10.34,6.12,10.25,6],"texture":"#1"},"down":{"uv":[6.34,10.25,6.25,10.38],"texture":"#1"}},"rotation":{"origin":[8.09693,10.7,7.04623],"axis":"y","angle":-22.5,"rescale":false}},{"from":[8.24693,11.25,8.70377],"to":[8.64693,12.1,9.20377],"faces":{"north":{"uv":[4.25,10,4.34,10.22],"texture":"#1"},"east":{"uv":[9.75,4,9.88,4.22],"texture":"#1"},"south":{"uv":[10,4.25,10.09,4.47],"texture":"#1"},"west":{"uv":[9.75,4.25,9.88,4.47],"texture":"#1"},"up":{"uv":[10.34,5.88,10.25,5.75],"texture":"#1"},"down":{"uv":[6.09,10.25,6,10.38],"texture":"#1"}},"rotation":{"origin":[8.09693,10.925,8.95377],"axis":"y","angle":22.5,"rescale":false}},{"from":[8.30931,9,7.18787],"to":[8.80931,11.875,7.78787],"faces":{"north":{"uv":[6.5,8.75,6.62,9.47],"texture":"#1"},"east":{"uv":[0.75,8.5,0.91,9.22],"texture":"#1"},"south":{"uv":[6.75,8.75,6.88,9.47],"texture":"#1"},"west":{"uv":[8.5,0.75,8.66,1.47],"texture":"#1"},"up":{"uv":[5.88,10.16,5.75,10],"texture":"#1"},"down":{"uv":[10.12,5.75,10,5.91],"texture":"#1"}},"rotation":{"origin":[8.55931,10.675,7.23787],"axis":"y","angle":45,"rescale":false}},{"from":[8.30931,9.25,8.21213],"to":[8.80931,12.1,8.81213],"faces":{"north":{"uv":[8.75,6,8.88,6.72],"texture":"#1"},"east":{"uv":[8.5,0,8.66,0.72],"texture":"#1"},"south":{"uv":[6.25,8.75,6.38,9.47],"texture":"#1"},"west":{"uv":[0.5,8.5,0.66,9.22],"texture":"#1"},"up":{"uv":[5.62,10.16,5.5,10],"texture":"#1"},"down":{"uv":[10.12,5.5,10,5.66],"texture":"#1"}},"rotation":{"origin":[8.55931,10.675,8.76213],"axis":"y","angle":-45,"rescale":false}},{"from":[8.5,9.25,8.3],"to":[8.5,11.85,9.7],"faces":{"north":{"uv":[0,0,0,0.66],"texture":"#1"},"east":{"uv":[3,6.5,3.34,7.16],"texture":"#1"},"south":{"uv":[0,0,0,0.66],"texture":"#1"},"west":{"uv":[3.5,6.5,3.84,7.16],"texture":"#1"},"up":{"uv":[0,0.34,0,0],"texture":"#1"},"down":{"uv":[0,0,0,0.34],"texture":"#1"}},"rotation":{"origin":[8.5,10.55,9.3],"axis":"y","angle":45,"rescale":false}},{"from":[8.5,14.875,5.75],"to":[9.25,15.475,6.2],"faces":{"north":{"uv":[1.75,9.75,1.94,9.91],"texture":"#1"},"east":{"uv":[10.25,0.25,10.38,0.41],"texture":"#1"},"south":{"uv":[9.75,1.75,9.94,1.91],"texture":"#1"},"west":{"uv":[0.5,10.25,0.62,10.41],"texture":"#1"},"up":{"uv":[0.69,10.12,0.5,10],"texture":"#1"},"down":{"uv":[10.19,0.5,10,0.62],"texture":"#1"}}},{"from":[8.5,15.875,5.75],"to":[9.25,16.475,6.2],"faces":{"north":{"uv":[2,9.75,2.19,9.91],"texture":"#1"},"east":{"uv":[10.25,0.5,10.38,0.66],"texture":"#1"},"south":{"uv":[9.75,2,9.94,2.16],"texture":"#1"},"west":{"uv":[0.75,10.25,0.88,10.41],"texture":"#1"},"up":{"uv":[1.44,10.12,1.25,10],"texture":"#1"},"down":{"uv":[10.19,1.25,10,1.38],"texture":"#1"}}},{"from":[8.5,16.875,5.75],"to":[9.25,17.475,6.2],"faces":{"north":{"uv":[2.25,9.75,2.44,9.91],"texture":"#1"},"east":{"uv":[10.25,0.75,10.38,0.91],"texture":"#1"},"south":{"uv":[9.75,2.25,9.94,2.41],"texture":"#1"},"west":{"uv":[1,10.25,1.12,10.41],"texture":"#1"},"up":{"uv":[1.69,10.12,1.5,10],"texture":"#1"},"down":{"uv":[10.19,1.5,10,1.62],"texture":"#1"}}},{"from":[8.5,17.875,5.75],"to":[9.25,18.475,6.2],"faces":{"north":{"uv":[2.5,9.75,2.69,9.91],"texture":"#1"},"east":{"uv":[10.25,1,10.38,1.16],"texture":"#1"},"south":{"uv":[9.75,2.5,9.94,2.66],"texture":"#1"},"west":{"uv":[1.25,10.25,1.38,10.41],"texture":"#1"},"up":{"uv":[2.94,10.12,2.75,10],"texture":"#1"},"down":{"uv":[10.19,2.75,10,2.88],"texture":"#1"}}},{"from":[8.6,14.67605,5.70293],"to":[9.15,15.15105,6.45293],"faces":{"north":{"uv":[10.25,3.5,10.38,3.62],"texture":"#1"},"east":{"uv":[0,10,0.19,10.12],"texture":"#1"},"south":{"uv":[3.75,10.25,3.88,10.38],"texture":"#1"},"west":{"uv":[10,0,10.19,0.12],"texture":"#1"},"up":{"uv":[0.38,10.19,0.25,10],"texture":"#1"},"down":{"uv":[10.12,0.25,10,0.44],"texture":"#1"}},"rotation":{"origin":[8,14.07605,6.70293],"axis":"x","angle":22.5,"rescale":false}},{"from":[8.6,15.67605,5.70293],"to":[9.15,16.15105,6.45293],"faces":{"north":{"uv":[10.25,3.75,10.38,3.88],"texture":"#1"},"east":{"uv":[0.75,10,0.94,10.12],"texture":"#1"},"south":{"uv":[4,10.25,4.12,10.38],"texture":"#1"},"west":{"uv":[10,0.75,10.19,0.88],"texture":"#1"},"up":{"uv":[1.12,10.19,1,10],"texture":"#1"},"down":{"uv":[10.12,1,10,1.19],"texture":"#1"}},"rotation":{"origin":[8,15.07605,6.70293],"axis":"x","angle":22.5,"rescale":false}},{"from":[8.6,16.67605,5.70293],"to":[9.15,17.15105,6.45293],"faces":{"north":{"uv":[10.25,4,10.38,4.12],"texture":"#1"},"east":{"uv":[1.75,10,1.94,10.12],"texture":"#1"},"south":{"uv":[4.25,10.25,4.38,10.38],"texture":"#1"},"west":{"uv":[10,1.75,10.19,1.88],"texture":"#1"},"up":{"uv":[2.12,10.19,2,10],"texture":"#1"},"down":{"uv":[10.12,2,10,2.19],"texture":"#1"}},"rotation":{"origin":[8,16.07605,6.70293],"axis":"x","angle":22.5,"rescale":false}},{"from":[8.6,17.67605,5.70293],"to":[9.15,18.15105,6.45293],"faces":{"north":{"uv":[10.25,4.25,10.38,4.38],"texture":"#1"},"east":{"uv":[2.25,10,2.44,10.12],"texture":"#1"},"south":{"uv":[4.5,10.25,4.62,10.38],"texture":"#1"},"west":{"uv":[10,2.25,10.19,2.38],"texture":"#1"},"up":{"uv":[2.62,10.19,2.5,10],"texture":"#1"},"down":{"uv":[10.12,2.5,10,2.69],"texture":"#1"}},"rotation":{"origin":[8,17.07605,6.70293],"axis":"x","angle":22.5,"rescale":false}},{"from":[8.625,9.75,7.45],"to":[9.125,11.6,8.55],"faces":{"north":{"uv":[9,3.75,9.12,4.22],"texture":"#1"},"east":{"uv":[8,1,8.28,1.47],"texture":"#1"},"south":{"uv":[4.25,9,4.38,9.47],"texture":"#1"},"west":{"uv":[8,1.5,8.28,1.97],"texture":"#1"},"up":{"uv":[9.62,4.53,9.5,4.25],"texture":"#1"},"down":{"uv":[4.88,9.5,4.75,9.78],"texture":"#1"}}},{"from":[8.78284,9.85,9.58184],"to":[9.68284,12.45,9.58184],"faces":{"north":{"uv":[3.25,7.75,3.47,8.41],"texture":"#1"},"east":{"uv":[0,0,0,0.66],"texture":"#1"},"south":{"uv":[7.75,3.25,7.97,3.91],"texture":"#1"},"west":{"uv":[0,0,0,0.66],"texture":"#1"},"up":{"uv":[0.22,0,0,0],"texture":"#1"},"down":{"uv":[0.22,0,0,0],"texture":"#1"}}},{"from":[9.0461,20.65,8.04298],"to":[9.0461,26.65,8.44298],"faces":{"north":{"uv":[0,0,0,1.5],"texture":"#1"},"east":{"uv":[3.5,7.75,3.59,9.25],"texture":"#1"},"south":{"uv":[0,0,0,1.5],"texture":"#1"},"west":{"uv":[3.75,7.75,3.84,9.25],"texture":"#1"},"up":{"uv":[0,0.09,0,0],"texture":"#1"},"down":{"uv":[0,0,0,0.09],"texture":"#1"}},"rotation":{"origin":[8,22.45,8],"axis":"y","angle":45,"rescale":false}},{"from":[9.139,23.35,7.60555],"to":[9.139,25.35,8.00555],"faces":{"north":{"uv":[0,0,0,0.5],"texture":"#1"},"east":{"uv":[8,9.25,8.09,9.75],"texture":"#1"},"south":{"uv":[0,0,0,0.5],"texture":"#1"},"west":{"uv":[9.25,8,9.34,8.5],"texture":"#1"},"up":{"uv":[0,0.09,0,0],"texture":"#1"},"down":{"uv":[0,0,0,0.09],"texture":"#1"}},"rotation":{"origin":[8,22.45,8],"axis":"y","angle":-45,"rescale":false}},{"from":[9.175,9.75,7.45],"to":[9.175,11.6,8.55],"faces":{"north":{"uv":[0,0,0,0.47],"texture":"#1"},"east":{"uv":[8,0,8.28,0.47],"texture":"#1"},"south":{"uv":[0,0,0,0.47],"texture":"#1"},"west":{"uv":[8,0.5,8.28,0.97],"texture":"#1"},"up":{"uv":[0,0.28,0,0],"texture":"#1"},"down":{"uv":[0,0,0,0.28],"texture":"#1"}}},{"from":[9.34889,6.98742,2.818],"to":[10.59589,8.44942,4.882],"faces":{"north":{"uv":[6.75,8.25,7.06,8.62],"texture":"#1"},"east":{"uv":[7.25,1,7.78,1.38],"texture":"#1"},"south":{"uv":[8.25,7,8.56,7.38],"texture":"#1"},"west":{"uv":[1.5,7.25,2.03,7.62],"texture":"#1"},"up":{"uv":[1.81,8.28,1.5,7.75],"texture":"#1"},"down":{"uv":[2.31,7.75,2,8.28],"texture":"#1"}}},{"from":[9.34889,8.98742,2.793],"to":[10.59589,10.44942,4.857],"faces":{"north":{"uv":[6.25,8.25,6.56,8.62],"texture":"#1"},"east":{"uv":[7.25,0,7.78,0.38],"texture":"#1"},"south":{"uv":[8.25,6.5,8.56,6.88],"texture":"#1"},"west":{"uv":[7.25,0.5,7.78,0.88],"texture":"#1"},"up":{"uv":[7.31,8.03,7,7.5],"texture":"#1"},"down":{"uv":[7.81,7,7.5,7.53],"texture":"#1"}}},{"from":[9.38924,10.85,8.87503],"to":[10.78924,13.45,8.87503],"faces":{"north":{"uv":[6.5,3.5,6.84,4.16],"texture":"#1"},"east":{"uv":[0,0,0,0.66],"texture":"#1"},"south":{"uv":[6.75,0,7.09,0.66],"texture":"#1"},"west":{"uv":[0,0,0,0.66],"texture":"#1"},"up":{"uv":[0.34,0,0,0],"texture":"#1"},"down":{"uv":[0.34,0,0,0],"texture":"#1"}},"rotation":{"origin":[10.38924,12.15,8.87503],"axis":"y","angle":45,"rescale":false}},{"from":[9.96468,12.85,4.08578],"to":[9.96468,15.45,6.48578],"faces":{"north":{"uv":[0,0,0,0.66],"texture":"#1"},"east":{"uv":[5.5,3,6.09,3.66],"texture":"#1"},"south":{"uv":[0,0,0,0.66],"texture":"#1"},"west":{"uv":[5.5,4.75,6.09,5.41],"texture":"#1"},"up":{"uv":[0,0.59,0,0],"texture":"#1"},"down":{"uv":[0,0,0,0.59],"texture":"#1"}},"rotation":{"origin":[9.96468,14.15,5.48578],"axis":"y","angle":45,"rescale":false}},{"from":[10.59589,7.15942,2.99],"to":[11.19789,8.27742,4.71],"faces":{"north":{"uv":[1.25,9.5,1.41,9.78],"texture":"#1"},"east":{"uv":[8.25,3.5,8.69,3.78],"texture":"#1"},"south":{"uv":[1.5,9.5,1.66,9.78],"texture":"#1"},"west":{"uv":[8.25,4,8.69,4.28],"texture":"#1"},"up":{"uv":[9.16,3.19,9,2.75],"texture":"#1"},"down":{"uv":[3.16,9,3,9.44],"texture":"#1"}}},{"from":[10.59589,9.15942,2.965],"to":[11.19789,10.27742,4.685],"faces":{"north":{"uv":[1,9.5,1.16,9.78],"texture":"#1"},"east":{"uv":[8.25,2.5,8.69,2.78],"texture":"#1"},"south":{"uv":[9.5,1,9.66,1.28],"texture":"#1"},"west":{"uv":[8.25,3,8.69,3.28],"texture":"#1"},"up":{"uv":[2.41,9.44,2.25,9],"texture":"#1"},"down":{"uv":[9.16,2.25,9,2.69],"texture":"#1"}}},{"from":[10.67179,11.85,6.19289],"to":[10.67179,14.45,8.59289],"faces":{"north":{"uv":[0,0,0,0.66],"texture":"#1"},"east":{"uv":[5.25,4,5.84,4.66],"texture":"#1"},"south":{"uv":[0,0,0,0.66],"texture":"#1"},"west":{"uv":[4.75,5.25,5.34,5.91],"texture":"#1"},"up":{"uv":[0,0.59,0,0],"texture":"#1"},"down":{"uv":[0,0,0,0.59],"texture":"#1"}}},{"from":[11.34245,8.25545,3.43075],"to":[12.18095,9.26595,3.43075],"faces":{"north":{"uv":[9.25,3,9.47,3.25],"texture":"#1"},"east":{"uv":[0,0,0,0.25],"texture":"#1"},"south":{"uv":[9.25,3.25,9.47,3.5],"texture":"#1"},"west":{"uv":[0,0,0,0.25],"texture":"#1"},"up":{"uv":[0.22,0,0,0],"texture":"#1"},"down":{"uv":[0.22,0,0,0],"texture":"#1"}},"rotation":{"origin":[11.7617,8.7607,3.43075],"axis":"z","angle":-45,"rescale":false}},{"from":[11.34245,10.25545,4.24425],"to":[12.18095,11.26595,4.24425],"faces":{"north":{"uv":[9.25,2.5,9.47,2.75],"texture":"#1"},"east":{"uv":[0,0,0,0.25],"texture":"#1"},"south":{"uv":[9.25,2.75,9.47,3],"texture":"#1"},"west":{"uv":[0,0,0,0.25],"texture":"#1"},"up":{"uv":[0.22,0,0,0],"texture":"#1"},"down":{"uv":[0.22,0,0,0],"texture":"#1"}},"rotation":{"origin":[11.7617,10.7607,4.24425],"axis":"z","angle":-45,"rescale":false}},{"from":[11.4933,8.33823,3.0115],"to":[12.5038,9.11223,3.85],"faces":{"north":{"uv":[9.25,9,9.5,9.19],"texture":"#1"},"east":{"uv":[3.5,9.5,3.72,9.69],"texture":"#1"},"south":{"uv":[9.25,9.25,9.5,9.44],"texture":"#1"},"west":{"uv":[9.5,3.5,9.72,3.69],"texture":"#1"},"up":{"uv":[4,9.47,3.75,9.25],"texture":"#1"},"down":{"uv":[9.5,3.75,9.25,3.97],"texture":"#1"}},"rotation":{"origin":[12.3533,7.22023,4.022],"axis":"z","angle":45,"rescale":false}},{"from":[11.4933,10.33823,3.825],"to":[12.5038,11.11223,4.6635],"faces":{"north":{"uv":[9.25,8.75,9.5,8.94],"texture":"#1"},"east":{"uv":[3.25,9.5,3.47,9.69],"texture":"#1"},"south":{"uv":[9,9.25,9.25,9.44],"texture":"#1"},"west":{"uv":[9.5,3.25,9.72,3.44],"texture":"#1"},"up":{"uv":[9.5,1.97,9.25,1.75],"texture":"#1"},"down":{"uv":[9.5,2,9.25,2.22],"texture":"#1"}},"rotation":{"origin":[12.3533,9.22023,3.653],"axis":"z","angle":45,"rescale":false}},{"from":[11.73655,8.09499,3.936],"to":[12.23105,8.61099,4.6025],"faces":{"north":{"uv":[10.25,2.5,10.38,2.62],"texture":"#1"},"east":{"uv":[9.25,10,9.41,10.12],"texture":"#1"},"south":{"uv":[2.75,10.25,2.88,10.38],"texture":"#1"},"west":{"uv":[10,9.25,10.16,9.38],"texture":"#1"},"up":{"uv":[9.62,10.16,9.5,10],"texture":"#1"},"down":{"uv":[10.12,9.5,10,9.66],"texture":"#1"}},"rotation":{"origin":[12.59655,6.97699,4.7745],"axis":"z","angle":45,"rescale":false}},{"from":[11.73655,10.09499,3.0725],"to":[12.23105,10.61099,3.739],"faces":{"north":{"uv":[10.25,2.25,10.38,2.38],"texture":"#1"},"east":{"uv":[8.75,10,8.91,10.12],"texture":"#1"},"south":{"uv":[2.5,10.25,2.62,10.38],"texture":"#1"},"west":{"uv":[10,8.75,10.16,8.88],"texture":"#1"},"up":{"uv":[9.12,10.16,9,10],"texture":"#1"},"down":{"uv":[10.12,9,10,9.16],"texture":"#1"}},"rotation":{"origin":[12.59655,8.97699,2.9005],"axis":"z","angle":45,"rescale":false}},{"from":[12.20783,9.39676,3.0115],"to":[13.21833,9.39676,3.85],"faces":{"north":{"uv":[0,0,0.25,0],"texture":"#1"},"east":{"uv":[0,0,0.22,0],"texture":"#1"},"south":{"uv":[0,0,0.25,0],"texture":"#1"},"west":{"uv":[0,0,0.22,0],"texture":"#1"},"up":{"uv":[3.75,9.47,3.5,9.25],"texture":"#1"},"down":{"uv":[9.5,3.5,9.25,3.72],"texture":"#1"}},"rotation":{"origin":[13.06783,7.93476,4.022],"axis":"z","angle":45,"rescale":false}},{"from":[12.20783,11.39676,3.825],"to":[13.21833,11.39676,4.6635],"faces":{"north":{"uv":[0,0,0.25,0],"texture":"#1"},"east":{"uv":[0,0,0.22,0],"texture":"#1"},"south":{"uv":[0,0,0.25,0],"texture":"#1"},"west":{"uv":[0,0,0.22,0],"texture":"#1"},"up":{"uv":[9.5,2.47,9.25,2.25],"texture":"#1"},"down":{"uv":[2.75,9.25,2.5,9.47],"texture":"#1"}},"rotation":{"origin":[13.06783,9.93476,3.653],"axis":"z","angle":45,"rescale":false}}],"display":{"thirdperson_righthand":{"rotation":[32.5,0,0],"translation":[0,7.75,7],"scale":[1.17,1.17,1.17]},"thirdperson_lefthand":{"rotation":[32.5,0,0],"translation":[0,7.75,7],"scale":[1.17,1.17,1.17]},"firstperson_righthand":{"rotation":[-8.25,0,0],"translation":[-1.25,5.75,1.75],"scale":[0.66,0.66,0.66]},"firstperson_lefthand":{"rotation":[-8.25,0,0],"translation":[-1.25,5.75,1.75],"scale":[0.66,0.66,0.66]},"ground":{"rotation":[-45,0,0],"translation":[0,3,0],"scale":[0.3,0.3,0.3]},"gui":{"rotation":[-102,135,91],"translation":[2.5,2.75,0],"scale":[0.63,0.63,0.63]},"head":{"scale":[0,0,0]},"fixed":{"rotation":[0,-90,0]}},"gui_light":"front","mcmodels":"a1b7011007843a3af4c4b6687f4247a8"}