{"elements":[{"from":[6.5571427,0.61428547,6.285714],"to":[9.414286,8.042857,9.714286],"rotation":{"angle":0.0,"axis":"y","origin":[5.1285715,10.328571,2.2857141]},"faces":{"east":{"uv":[3.625,9.375,2.875,11.0],"rotation":0,"texture":"#0","tintindex":0},"south":{"uv":[10.375,7.5,9.75,9.125],"rotation":0,"texture":"#0","tintindex":0},"north":{"uv":[10.375,7.5,9.75,9.125],"rotation":0,"texture":"#0","tintindex":0},"west":{"uv":[3.625,9.375,2.875,11.0],"rotation":0,"texture":"#0","tintindex":0},"up":{"uv":[10.125,12.125,10.75,11.375],"rotation":0,"texture":"#0","tintindex":0},"down":{"uv":[10.875,11.375,11.5,12.125],"rotation":0,"texture":"#0","tintindex":0}}}],"textures":{"0":"modelengine:entity/ender_witch"},"display":{"head":{"translation":[0.0,-6.4,0.0],"scale":[4.0,4.0,4.0]}}}