{"model":{"type":"range_dispatch","property":"custom_model_data","index":0,"fallback":{"type":"minecraft:model","model":"minecraft:item/netherite_sword"},"entries":[{"threshold":50000,"model":{"type":"model","model":"plny_halloween_pumpkin_set:hammer"}},{"threshold":50001,"model":{"type":"model","model":"plny_halloween_pumpkin_set:scythe"}},{"threshold":50002,"model":{"type":"model","model":"plny_halloween_pumpkin_set:spear"}},{"threshold":50003,"model":{"type":"model","model":"plny_halloween_pumpkin_set:staff"}},{"threshold":50004,"model":{"type":"model","model":"plny_halloween_pumpkin_set:sword"}},{"threshold":50005,"model":{"type":"model","model":"plny_halloween_pumpkin_set:trident"}},{"threshold":50006,"model":{"type":"model","model":"saturnstudio:lightsaber_1"}},{"threshold":50007,"model":{"type":"model","model":"saturnstudio:lightsaber_2"}},{"threshold":50008,"model":{"type":"model","model":"saturnstudio:lightsaber_3"}},{"threshold":50009,"model":{"type":"model","model":"saturnstudio:lightsaber_4"}},{"threshold":50010,"model":{"type":"model","model":"saturnstudio:lightsaber_5"}},{"threshold":50011,"model":{"type":"model","model":"saturnstudio:lightsaber_6"}},{"threshold":50012,"model":{"type":"model","model":"nexusset:greatsword"}},{"threshold":50013,"model":{"type":"model","model":"nexusset:hammer"}},{"threshold":50014,"model":{"type":"model","model":"nexusset:scythe"}},{"threshold":50015,"model":{"type":"model","model":"nexusset:spear"}},{"threshold":50016,"model":{"type":"model","model":"nexusset:staff"}},{"threshold":50017,"model":{"type":"model","model":"nexusset:sword"}},{"threshold":50018,"model":{"type":"model","model":"nexusset:trident"}},{"threshold":50019,"model":{"type":"model","model":"vanilla_sets:item/ia_auto/amethyst_sword"}},{"threshold":50020,"model":{"type":"model","model":"vanilla_sets:item/ia_auto/bone_sword"}},{"threshold":50021,"model":{"type":"model","model":"vanilla_sets:item/ia_auto/crimson_sword"}},{"threshold":50022,"model":{"type":"model","model":"vanilla_sets:item/ia_auto/sculk_sword"}},{"threshold":50023,"model":{"type":"model","model":"vanilla_sets:item/ia_auto/nautilus_sword"}},{"threshold":50024,"model":{"type":"model","model":"elitecreatures:pilgrim_assortment/sword"}},{"threshold":50025,"model":{"type":"model","model":"elitecreatures:pilgrim_assortment/staff"}},{"threshold":50026,"model":{"type":"model","model":"elitecreatures:pilgrim_assortment/pitchfork"}},{"threshold":50027,"model":{"type":"model","model":"elitecreatures:pilgrim_assortment/battle_axe"}},{"threshold":50028,"model":{"type":"model","model":"item/netherite_sword"}}]},"oversized_in_gui":true}