{"model":{"type":"range_dispatch","property":"custom_model_data","index":0,"fallback":{"type":"minecraft:model","model":"minecraft:item/sugar"},"entries":[{"threshold":50000,"model":{"type":"model","model":"crates_expansion:item/ia_auto/common_key"}},{"threshold":50001,"model":{"type":"model","model":"crates_expansion:item/ia_auto/rare_key"}},{"threshold":50002,"model":{"type":"model","model":"crates_expansion:item/ia_auto/legendary_key"}},{"threshold":50003,"model":{"type":"model","model":"crates_expansion:item/ia_auto/cosmetic_key"}},{"threshold":50004,"model":{"type":"model","model":"crates_expansion:item/ia_auto/furniture_key"}},{"threshold":50005,"model":{"type":"model","model":"crates_expansion:item/ia_auto/pet_key"}},{"threshold":50006,"model":{"type":"model","model":"item/sugar"}}]},"oversized_in_gui":true}