{"elements":[{"from":[7.142857,7.428571,8.0],"to":[8.857143,8.571428,8.0],"rotation":{"angle":0.0,"axis":"y","origin":[9.714286,7.714286,11.714286]},"faces":{"east":{"uv":[10.0,5.5,10.0,6.25],"rotation":0,"texture":"#0","tintindex":0},"south":{"uv":[10.0,4.5,10.75,5.25],"rotation":0,"texture":"#0","tintindex":0},"north":{"uv":[10.0,3.5,10.75,4.25],"rotation":0,"texture":"#0","tintindex":0},"west":{"uv":[6.5,10.0,6.5,10.75],"rotation":0,"texture":"#0","tintindex":0},"up":{"uv":[7.75,6.5,7.0,6.5],"rotation":0,"texture":"#0","tintindex":0},"down":{"uv":[7.75,6.75,7.0,6.75],"rotation":0,"texture":"#0","tintindex":0}}}],"textures":{"0":"modelengine:entity/ender_slime"},"display":{"head":{"translation":[0.0,-6.4,0.0],"scale":[4.0,4.0,4.0]}}}