{"textures":{"0":"modelengine:entity/ender_slime"},"elements":[{"from":[1.5,1.5,1.5],"to":[14.5,14.5,14.5],"faces":{"east":{"uv":[6.75,3.5,3.5,6.75],"tintindex":-2,"rotation":0,"texture":"#0"},"south":{"uv":[3.5,0.0,6.75,3.25],"tintindex":-2,"rotation":0,"texture":"#0"},"north":{"uv":[0.0,0.0,3.25,3.25],"tintindex":-2,"rotation":0,"texture":"#0"},"west":{"uv":[3.5,3.5,6.75,6.75],"tintindex":-2,"rotation":0,"texture":"#0"},"up":{"uv":[3.25,10.25,0.0,7.0],"tintindex":-2,"rotation":0,"texture":"#0"},"down":{"uv":[10.25,0.0,7.0,3.25],"tintindex":-2,"rotation":0,"texture":"#0"}}}],"display":{"gui":{"rotation":[30,225,0]}}}