{"textures":{"1":"modelengine:entity/skr_snowbone"},"elements":[{"from":[5.0,7.4135723,4.8725414],"to":[11.0,10.413574,12.872541],"faces":{"east":{"uv":[8.0,11.0,12.0,12.5],"tintindex":-2,"rotation":0,"texture":"#1"},"south":{"uv":[12.0,11.5,15.0,13.0],"tintindex":-2,"rotation":0,"texture":"#1"},"north":{"uv":[12.0,10.0,15.0,11.5],"tintindex":-2,"rotation":0,"texture":"#1"},"west":{"uv":[11.0,8.5,15.0,10.0],"tintindex":-2,"rotation":0,"texture":"#1"},"up":{"uv":[11.0,9.0,8.0,5.0],"tintindex":-2,"rotation":0,"texture":"#1"},"down":{"uv":[3.0,9.0,0.0,13.0],"tintindex":-2,"rotation":0,"texture":"#1"}}}],"display":{"gui":{"rotation":[30,225,0]}}}