{"textures":{"1":"modelengine:entity/skr_snowbone"},"elements":[{"from":[7.0,1.9999981,7.5],"to":[9.0,3.999998,9.5],"faces":{"east":{"uv":[10.0,4.0,11.0,5.0],"tintindex":-2,"rotation":0,"texture":"#1"},"south":{"uv":[11.0,10.0,12.0,11.0],"tintindex":-2,"rotation":0,"texture":"#1"},"north":{"uv":[9.0,4.0,10.0,5.0],"tintindex":-2,"rotation":0,"texture":"#1"},"west":{"uv":[6.0,12.5,7.0,13.5],"tintindex":-2,"rotation":0,"texture":"#1"},"up":{"uv":[8.0,13.5,7.0,12.5],"tintindex":-2,"rotation":0,"texture":"#1"},"down":{"uv":[9.0,12.5,8.0,13.5],"tintindex":-2,"rotation":0,"texture":"#1"}}},{"from":[7.0,3.999998,8.0],"to":[9.0,8.0,9.0],"faces":{"east":{"uv":[5.0,12.5,5.5,14.5],"tintindex":-2,"rotation":0,"texture":"#1"},"south":{"uv":[4.0,12.5,5.0,14.5],"tintindex":-2,"rotation":0,"texture":"#1"},"north":{"uv":[3.0,12.5,4.0,14.5],"tintindex":-2,"rotation":0,"texture":"#1"},"west":{"uv":[5.5,12.5,6.0,14.5],"tintindex":-2,"rotation":0,"texture":"#1"},"up":{"uv":[10.0,13.0,9.0,12.5],"tintindex":-2,"rotation":0,"texture":"#1"},"down":{"uv":[11.0,12.5,10.0,13.0],"tintindex":-2,"rotation":0,"texture":"#1"}}}],"display":{"gui":{"rotation":[30,225,0]}}}