{"textures":{"0":"modelengine:entity/skr_barebone"},"elements":[{"from":[7.0,-3.5,7.0],"to":[9.0,8.5,9.0],"faces":{"east":{"uv":[0.0,5.5,0.5,8.5],"tintindex":-2,"rotation":0,"texture":"#0"},"south":{"uv":[5.5,0.0,6.0,3.0],"tintindex":-2,"rotation":0,"texture":"#0"},"north":{"uv":[5.0,4.5,5.5,7.5],"tintindex":-2,"rotation":0,"texture":"#0"},"west":{"uv":[0.5,5.5,1.0,8.5],"tintindex":-2,"rotation":0,"texture":"#0"},"up":{"uv":[6.0,3.5,5.5,3.0],"tintindex":-2,"rotation":0,"texture":"#0"},"down":{"uv":[8.0,4.75,7.5,5.25],"tintindex":-2,"rotation":0,"texture":"#0"}}}],"display":{"gui":{"rotation":[30,225,0]}}}