{"elements":[{"from":[7.428571,1.4285712,7.428571],"to":[8.571428,8.285714,8.571428],"rotation":{"angle":0.0,"axis":"y","origin":[9.142858,11.428572,8.0]},"faces":{"east":{"uv":[6.0,6.0,6.5,9.0],"rotation":0,"texture":"#0","tintindex":0},"south":{"uv":[6.5,0.0,7.0,3.0],"rotation":0,"texture":"#0","tintindex":0},"north":{"uv":[6.0,3.0,6.5,6.0],"rotation":0,"texture":"#0","tintindex":0},"west":{"uv":[6.5,3.0,7.0,6.0],"rotation":0,"texture":"#0","tintindex":0},"up":{"uv":[8.5,5.25,8.0,4.75],"rotation":0,"texture":"#0","tintindex":0},"down":{"uv":[5.5,8.0,5.0,8.5],"rotation":0,"texture":"#0","tintindex":0}}}],"textures":{"0":"modelengine:entity/skr_barebone"},"display":{"head":{"translation":[0.0,-6.4,0.0],"scale":[4.0,4.0,4.0]}}}