{"elements":[{"from":[5.714286,7.428571,3.2857141],"to":[10.285714,10.857143,7.857143],"rotation":{"angle":0.0,"axis":"y","origin":[8.0,2.5714283,5.8571424]},"faces":{"east":{"uv":[2.0,1.5,4.0,3.0],"rotation":0,"texture":"#0","tintindex":0},"south":{"uv":[2.0,3.0,4.0,4.5],"rotation":0,"texture":"#0","tintindex":0},"north":{"uv":[2.0,0.0,4.0,1.5],"rotation":0,"texture":"#0","tintindex":0},"west":{"uv":[0.0,4.0,2.0,5.5],"rotation":0,"texture":"#0","tintindex":0},"up":{"uv":[2.0,2.0,0.0,0.0],"rotation":0,"texture":"#0","tintindex":0},"down":{"uv":[2.0,2.0,0.0,4.0],"rotation":0,"texture":"#0","tintindex":0}}},{"from":[9.142858,7.471458,5.3402004],"to":[9.714286,8.042887,9.483058],"rotation":{"angle":-22.5,"axis":"x","origin":[8.0,2.5714283,5.8571424]},"faces":{"east":{"uv":[7.0,3.0,8.75,3.25],"rotation":0,"texture":"#0","tintindex":0},"south":{"uv":[9.5,4.5,9.75,4.75],"rotation":0,"texture":"#0","tintindex":0},"north":{"uv":[4.5,9.5,4.75,9.75],"rotation":0,"texture":"#0","tintindex":0},"west":{"uv":[7.0,3.25,8.75,3.5],"rotation":0,"texture":"#0","tintindex":0},"up":{"uv":[7.25,5.25,7.0,3.5],"rotation":0,"texture":"#0","tintindex":0},"down":{"uv":[7.25,5.25,7.0,7.0],"rotation":0,"texture":"#0","tintindex":0}}},{"from":[6.285714,7.471458,5.3402004],"to":[6.857143,8.042887,9.483058],"rotation":{"angle":-22.5,"axis":"x","origin":[8.0,2.5714283,5.8571424]},"faces":{"east":{"uv":[7.0,7.0,8.75,7.25],"rotation":0,"texture":"#0","tintindex":0},"south":{"uv":[9.5,4.75,9.75,5.0],"rotation":0,"texture":"#0","tintindex":0},"north":{"uv":[4.75,9.5,5.0,9.75],"rotation":0,"texture":"#0","tintindex":0},"west":{"uv":[7.25,3.5,9.0,3.75],"rotation":0,"texture":"#0","tintindex":0},"up":{"uv":[7.5,5.5,7.25,3.75],"rotation":0,"texture":"#0","tintindex":0},"down":{"uv":[7.25,7.25,7.0,9.0],"rotation":0,"texture":"#0","tintindex":0}}},{"from":[6.857143,7.471458,5.3402004],"to":[9.142858,8.042887,5.911629],"rotation":{"angle":-22.5,"axis":"x","origin":[8.0,2.5714283,5.8571424]},"faces":{"east":{"uv":[5.0,9.5,5.25,9.75],"rotation":0,"texture":"#0","tintindex":0},"south":{"uv":[7.25,7.5,8.25,7.75],"rotation":0,"texture":"#0","tintindex":0},"north":{"uv":[7.5,5.25,8.5,5.5],"rotation":0,"texture":"#0","tintindex":0},"west":{"uv":[9.5,5.0,9.75,5.25],"rotation":0,"texture":"#0","tintindex":0},"up":{"uv":[5.0,8.0,4.0,7.75],"rotation":0,"texture":"#0","tintindex":0},"down":{"uv":[8.25,7.75,7.25,8.0],"rotation":0,"texture":"#0","tintindex":0}}},{"from":[5.428571,9.142858,3.0],"to":[10.571428,10.857143,8.428572],"rotation":{"angle":0.0,"axis":"y","origin":[8.0,-7.1428576,6.285714]},"faces":{"east":{"uv":[3.0,11.0,8.0,12.5],"rotation":0,"texture":"#1","tintindex":0},"south":{"uv":[11.0,7.0,15.5,8.5],"rotation":0,"texture":"#1","tintindex":0},"north":{"uv":[11.0,5.5,15.5,7.0],"rotation":0,"texture":"#1","tintindex":0},"west":{"uv":[11.0,4.0,16.0,5.5],"rotation":0,"texture":"#1","tintindex":0},"up":{"uv":[4.5,5.0,0.0,0.0],"rotation":0,"texture":"#1","tintindex":0},"down":{"uv":[9.0,0.0,4.5,5.0],"rotation":0,"texture":"#1","tintindex":0}}},{"from":[5.714286,9.9171915,3.4397388],"to":[10.285714,12.202906,8.011168],"rotation":{"angle":22.5,"axis":"x","origin":[7.428571,10.774335,5.7254534]},"faces":{"east":{"uv":[9.0,2.0,13.0,4.0],"rotation":0,"texture":"#1","tintindex":0},"south":{"uv":[3.0,9.0,7.0,11.0],"rotation":0,"texture":"#1","tintindex":0},"north":{"uv":[9.0,0.0,13.0,2.0],"rotation":0,"texture":"#1","tintindex":0},"west":{"uv":[7.0,9.0,11.0,11.0],"rotation":0,"texture":"#1","tintindex":0},"up":{"uv":[4.0,9.0,0.0,5.0],"rotation":0,"texture":"#1","tintindex":0},"down":{"uv":[8.0,5.0,4.0,9.0],"rotation":0,"texture":"#1","tintindex":0}}}],"textures":{"0":"modelengine:entity/skr_barebone","1":"modelengine:entity/skr_snowbone"},"display":{"head":{"translation":[0.0,-6.4,0.0],"scale":[4.0,4.0,4.0]}}}