{"credit":"MadebyBlockbench.","texture_size":[32,32],"textures":{"1":"elitecreatures:santa_decoration/santa_decoration2_1"},"elements":[{"from":[5.5,0,0],"to":[8.5,1,5],"rotation":{"angle":-45,"axis":"y","origin":[8.75,0.5,3]},"faces":{"north":{"uv":[1.5,7.5,3,8],"texture":"#1"},"east":{"uv":[0,7,2.5,7.5],"texture":"#1"},"south":{"uv":[0,7.5,1.5,8],"texture":"#1"},"west":{"uv":[6,6.5,8.5,7],"texture":"#1"},"up":{"uv":[1.5,5,0,2.5],"rotation":180,"texture":"#1"},"down":{"uv":[3,2.5,1.5,5],"rotation":180,"texture":"#1"}}},{"from":[8.5,0,2],"to":[11.5,1,5],"rotation":{"angle":-45,"axis":"y","origin":[8.75,0.5,3]},"faces":{"north":{"uv":[7.5,7.5,9,8],"texture":"#1"},"east":{"uv":[0,8,1.5,8.5],"texture":"#1"},"south":{"uv":[6,7.5,7.5,8],"texture":"#1"},"west":{"uv":[7.5,7,9,7.5],"texture":"#1"},"up":{"uv":[6,4.5,4.5,3],"rotation":180,"texture":"#1"},"down":{"uv":[6,4.5,4.5,6],"rotation":180,"texture":"#1"}}},{"from":[11.5,0,1],"to":[13.5,1,5],"rotation":{"angle":-45,"axis":"y","origin":[8.75,0.5,3]},"faces":{"north":{"uv":[3.5,8.5,4.5,9],"texture":"#1"},"east":{"uv":[7,2.5,9,3],"texture":"#1"},"south":{"uv":[2.5,8.5,3.5,9],"texture":"#1"},"west":{"uv":[7,2,9,2.5],"texture":"#1"},"up":{"uv":[7,4,6,2],"rotation":180,"texture":"#1"},"down":{"uv":[5,6,4,8],"rotation":180,"texture":"#1"}}},{"from":[0,0,11],"to":[2,1,15],"rotation":{"angle":45,"axis":"y","origin":[-1.25,0.5,13]},"faces":{"north":{"uv":[8.5,4,9.5,4.5],"texture":"#1"},"east":{"uv":[7,3,9,3.5],"texture":"#1"},"south":{"uv":[4.5,8.5,5.5,9],"texture":"#1"},"west":{"uv":[7,3.5,9,4],"texture":"#1"},"up":{"uv":[7,6,6,4],"texture":"#1"},"down":{"uv":[6,6,5,8],"texture":"#1"}}},{"from":[2,0,11],"to":[5,1,14],"rotation":{"angle":45,"axis":"y","origin":[-1.25,0.5,13]},"faces":{"north":{"uv":[1.5,8,3,8.5],"texture":"#1"},"east":{"uv":[3,8,4.5,8.5],"texture":"#1"},"south":{"uv":[4.5,8,6,8.5],"texture":"#1"},"west":{"uv":[6,8,7.5,8.5],"texture":"#1"},"up":{"uv":[1.5,6.5,0,5],"texture":"#1"},"down":{"uv":[1.5,5,0,6.5],"texture":"#1"}}},{"from":[5,0,11],"to":[8,1,16],"rotation":{"angle":45,"axis":"y","origin":[-1.25,0.5,13]},"faces":{"north":{"uv":[7.5,8,9,8.5],"texture":"#1"},"east":{"uv":[7,0,9.5,0.5],"texture":"#1"},"south":{"uv":[0,8.5,1.5,9],"texture":"#1"},"west":{"uv":[7,0.5,9.5,1],"texture":"#1"},"up":{"uv":[4.5,2.5,3,0],"texture":"#1"},"down":{"uv":[4.5,0,3,2.5],"texture":"#1"}}},{"from":[2,0,14],"to":[4,1,18],"rotation":{"angle":22.5,"axis":"y","origin":[-2,0,0]},"faces":{"north":{"uv":[3,7.5,4,8],"texture":"#1"},"east":{"uv":[7,1,9,1.5],"texture":"#1"},"south":{"uv":[1.5,8.5,2.5,9],"texture":"#1"},"west":{"uv":[7,1.5,9,2],"texture":"#1"},"up":{"uv":[4,7,3,5],"texture":"#1"},"down":{"uv":[7,0,6,2],"texture":"#1"}}},{"from":[4,0,14],"to":[7,1,17],"rotation":{"angle":22.5,"axis":"y","origin":[-2,0,0]},"faces":{"north":{"uv":[7,4.5,8.5,5],"texture":"#1"},"east":{"uv":[7,5,8.5,5.5],"texture":"#1"},"south":{"uv":[7,5.5,8.5,6],"texture":"#1"},"west":{"uv":[6,7,7.5,7.5],"texture":"#1"},"up":{"uv":[6,1.5,4.5,0],"texture":"#1"},"down":{"uv":[6,0,4.5,1.5],"texture":"#1"}}},{"from":[7,0,14],"to":[10,1,19],"rotation":{"angle":22.5,"axis":"y","origin":[-2,0,0]},"faces":{"north":{"uv":[2.5,7,4,7.5],"texture":"#1"},"east":{"uv":[6,6,8.5,6.5],"texture":"#1"},"south":{"uv":[7,4,8.5,4.5],"texture":"#1"},"west":{"uv":[0,6.5,2.5,7],"texture":"#1"},"up":{"uv":[1.5,2.5,0,0],"texture":"#1"},"down":{"uv":[1.5,0,0,2.5],"texture":"#1"}}}],"gui_light":"front","display":{"thirdperson_righthand":{"rotation":[67.5,0,0],"translation":[0,3,3.25],"scale":[0.44141,0.44141,0.44141]},"thirdperson_lefthand":{"rotation":[67.5,0,0],"translation":[0,3,3.25],"scale":[0.44141,0.44141,0.44141]},"firstperson_righthand":{"rotation":[0,45,0],"translation":[0,3,0],"scale":[0.4,0.4,0.4]},"firstperson_lefthand":{"rotation":[0,45,0],"translation":[0,3,0],"scale":[0.4,0.4,0.4]},"ground":{"translation":[0,2,0],"scale":[0.5,0.5,0.5]},"gui":{"rotation":[30,45,0],"translation":[-1.25,5.9,0],"scale":[0.91211,0.91211,0.91211]},"head":{"translation":[0,-30.4,0],"scale":[0,0,0]},"fixed":{"rotation":[-90,0,0],"translation":[1,1.75,-16.1],"scale":[2,2,2]}}}