{"textures​":{"1":"\u006d\u006f\u0064\u0065\u006c\u0065\u006e\u0067\u0069\u006e\u0065:\u0065\u006e\u0074\u0069\u0074\u0079/\u0076\u0073_\u0070\u0072\u006f\u006a","\u0070\u0061\u0072\u0074\u0069\u0063\u006c\u0065":"#1"},"\u0074\u0065\u0078\u0074\u0075\u0072\u0065\u0073":{"1":"\u006d\u006f\u0064\u0065\u006c\u0065\u006e\u0067\u0069\u006e\u0065:\u0065\u006e\u0074\u0069\u0074\u0079/\u0076\u0073_\u0070\u0072\u006f\u006a","\u0070\u0061\u0072\u0074\u0069\u0063\u006c\u0065":"#1"},"elements":[{"from":[9.5,9.5,9.5],"to":[6.5,6.5,6.5],"faces":{"east":{"uv":[8.9375,9.0,10.25,10.3125],"tintindex":0,"rotation":0,"texture":"#1"},"south":{"uv":[1.375,9.25,2.6875,10.5625],"tintindex":0,"rotation":0,"texture":"#1"},"north":{"uv":[8.9375,7.6875,10.25,9.0],"tintindex":0,"rotation":0,"texture":"#1"},"west":{"uv":[4.3125,9.25,5.625,10.5625],"tintindex":0,"rotation":0,"texture":"#1"},"up":{"uv":[6.9375,10.5625,5.625,9.25],"tintindex":0,"rotation":0,"texture":"#1"},"down":{"uv":[8.25,9.25,6.9375,10.5625],"tintindex":0,"rotation":0,"texture":"#1"}}},{"from":[9.875,9.875,9.875],"to":[6.125,6.125,6.125],"faces":{"east":{"uv":[1.5625,7.875,2.9375,9.25],"tintindex":0,"rotation":0,"texture":"#1"},"south":{"uv":[4.8125,7.875,6.1875,9.25],"tintindex":0,"rotation":0,"texture":"#1"},"north":{"uv":[1.5625,6.5,2.9375,7.875],"tintindex":0,"rotation":0,"texture":"#1"},"west":{"uv":[6.1875,7.875,7.5625,9.25],"tintindex":0,"rotation":0,"texture":"#1"},"up":{"uv":[8.9375,9.25,7.5625,7.875],"tintindex":0,"rotation":0,"texture":"#1"},"down":{"uv":[9.3125,6.3125,7.9375,7.6875],"tintindex":0,"rotation":0,"texture":"#1"}}}],"display":{"gui":{"rotation":[-150.0,-45.0,180.0]}},"gui_light":"front"}