{"textures​":{"layer0":"minecraft:item/cyan_bed"},"\u0074\u0065\u0078\u0074\u0075\u0072\u0065\u0073":{"1":"\u006d\u006f\u0064\u0065\u006c\u0065\u006e\u0067\u0069\u006e\u0065:\u0065\u006e\u0074\u0069\u0074\u0079/\u0076\u0073_\u0070\u0072\u006f\u006a","\u0070\u0061\u0072\u0074\u0069\u0063\u006c\u0065":"#1"},"elements":[{"from":[10.625,10.625,10.625],"to":[5.375,5.375,5.375],"faces":{"east":{"uv":[6.4375,3.1875,8.0,4.75],"tintindex":0,"rotation":0,"texture":"#1"},"south":{"uv":[3.25,6.4375,4.8125,8.0],"tintindex":0,"rotation":0,"texture":"#1"},"north":{"uv":[6.4375,1.625,8.0,3.1875],"tintindex":0,"rotation":0,"texture":"#1"},"west":{"uv":[6.4375,4.75,8.0,6.3125],"tintindex":0,"rotation":0,"texture":"#1"},"up":{"uv":[1.5625,8.0625,0.0,6.5],"tintindex":0,"rotation":0,"texture":"#1"},"down":{"uv":[8.0625,0.0,6.5,1.5625],"tintindex":0,"rotation":0,"texture":"#1"}}}],"display":{"gui":{"rotation":[-150.0,-45.0,180.0]}},"gui_light":"front"}