{"elements":[{"from":[6.0,6.642857,8.014286],"to":[10.0,9.5,8.014286],"rotation":{"angle":0.0,"axis":"y","origin":[8.285714,10.642858,13.728571]},"faces":{"east":{"uv":[5.75,2.5,5.75,3.25],"rotation":0,"texture":"#0","tintindex":0},"south":{"uv":[5.625,2.5,4.75,3.25],"rotation":0,"texture":"#0","tintindex":0},"north":{"uv":[4.75,2.5,5.625,3.25],"rotation":0,"texture":"#0","tintindex":0},"west":{"uv":[5.5,6.0,5.5,6.75],"rotation":0,"texture":"#0","tintindex":0},"up":{"uv":[5.625,3.375,4.75,3.375],"rotation":0,"texture":"#0","tintindex":0},"down":{"uv":[7.5,1.875,6.625,1.875],"rotation":0,"texture":"#0","tintindex":0}}}],"textures":{"0":"modelengine:entity/void_beholder"},"display":{"head":{"translation":[0.0,-6.4,0.0],"scale":[4.0,4.0,4.0]}}}