{"credit":"Made with Blockbench","texture_size":[64,64],"textures":{"1":"void_dragon_set:void_dragon_set/bow_void_storm_effect","2":"void_dragon_set:void_dragon_set/bow_void_storm"},"elements":[{"from":[7.75,-6.75,9.71944],"to":[8.25,22.75,10.21944],"rotation":{"angle":0,"axis":"y","origin":[8,8,8]},"faces":{"north":{"uv":[4.5,6,4.625,13.375],"texture":"#2"},"east":{"uv":[4.75,6,4.875,13.375],"texture":"#2"},"south":{"uv":[5,6,5.125,13.375],"texture":"#2"},"west":{"uv":[6,3.75,6.125,11.125],"texture":"#2"},"up":{"uv":[12.125,6.125,12,6],"rotation":270,"texture":"#2"},"down":{"uv":[6.375,12,6.25,12.125],"rotation":90,"texture":"#2"}}},{"from":[7.25,-0.30714,6.19285],"to":[8.75,0.69286,7.69285],"rotation":{"angle":45,"axis":"x","origin":[8,8,8]},"faces":{"north":{"uv":[10,11,10.375,11.25],"texture":"#2"},"east":{"uv":[11,10,11.375,10.25],"texture":"#2"},"south":{"uv":[11,10.25,11.375,10.5],"texture":"#2"},"west":{"uv":[11,9,11.375,9.25],"texture":"#2"},"up":{"uv":[5.625,10.625,5.25,10.25],"rotation":270,"texture":"#2"},"down":{"uv":[10.625,6.5,10.25,6.875],"rotation":90,"texture":"#2"}}},{"from":[7.25,-0.30714,7.69285],"to":[8.75,2.19286,8.69285],"rotation":{"angle":45,"axis":"x","origin":[8,8,8]},"faces":{"north":{"uv":[7.25,9,7.625,9.625],"texture":"#2"},"east":{"uv":[1.75,10,2,10.625],"texture":"#2"},"south":{"uv":[1,9.25,1.375,9.875],"texture":"#2"},"west":{"uv":[10,1,10.25,1.625],"texture":"#2"},"up":{"uv":[6,11.375,5.75,11],"rotation":270,"texture":"#2"},"down":{"uv":[6.5,11,6.25,11.375],"rotation":90,"texture":"#2"}}},{"from":[7.25,2.19286,3.19285],"to":[8.75,3.19286,8.69285],"rotation":{"angle":45,"axis":"x","origin":[8,8,8]},"faces":{"north":{"uv":[11,10.5,11.375,10.75],"texture":"#2"},"east":{"uv":[8.5,7.5,9.875,7.75],"texture":"#2"},"south":{"uv":[11,10.75,11.375,11],"texture":"#2"},"west":{"uv":[8.5,7.25,9.875,7.5],"texture":"#2"},"up":{"uv":[8.875,3.625,7.5,3.25],"rotation":270,"texture":"#2"},"down":{"uv":[8.875,3.75,7.5,4.125],"rotation":90,"texture":"#2"}}},{"from":[7.25,-0.30714,5.19285],"to":[8.75,5.19286,6.19285],"rotation":{"angle":45,"axis":"x","origin":[8,8,8]},"faces":{"north":{"uv":[7.5,4.25,7.875,5.625],"texture":"#2"},"east":{"uv":[4,8.5,4.25,9.875],"texture":"#2"},"south":{"uv":[7.5,6.75,7.875,8.125],"texture":"#2"},"west":{"uv":[3.25,8.25,3.5,9.625],"texture":"#2"},"up":{"uv":[11.25,11.375,11,11],"rotation":270,"texture":"#2"},"down":{"uv":[11.5,0,11.25,0.375],"rotation":90,"texture":"#2"}}},{"from":[7.25,5.19286,-0.30715],"to":[8.75,6.19286,6.19285],"rotation":{"angle":45,"axis":"x","origin":[8,8,8]},"faces":{"north":{"uv":[11.25,0.5,11.625,0.75],"texture":"#2"},"east":{"uv":[6.25,8.25,7.875,8.5],"texture":"#2"},"south":{"uv":[11.25,0.75,11.625,1],"texture":"#2"},"west":{"uv":[8.25,1.5,9.875,1.75],"texture":"#2"},"up":{"uv":[7.875,6.125,6.25,5.75],"rotation":270,"texture":"#2"},"down":{"uv":[7.875,6.25,6.25,6.625],"rotation":90,"texture":"#2"}}},{"from":[7.25,2.19286,2.19285],"to":[8.75,8.69286,3.19285],"rotation":{"angle":45,"axis":"x","origin":[8,8,8]},"faces":{"north":{"uv":[5.25,6,5.625,7.625],"texture":"#2"},"east":{"uv":[5.75,7.75,6,9.375],"texture":"#2"},"south":{"uv":[6.5,0,6.875,1.625],"texture":"#2"},"west":{"uv":[5.75,6,6,7.625],"texture":"#2"},"up":{"uv":[0.75,11.625,0.5,11.25],"rotation":270,"texture":"#2"},"down":{"uv":[11.5,1,11.25,1.375],"rotation":90,"texture":"#2"}}},{"from":[7.25,7.69286,-0.30715],"to":[8.75,8.69286,2.19285],"rotation":{"angle":45,"axis":"x","origin":[8,8,8]},"faces":{"north":{"uv":[11.25,1.5,11.625,1.75],"texture":"#2"},"east":{"uv":[2,10,2.625,10.25],"texture":"#2"},"south":{"uv":[11.25,1.75,11.625,2],"texture":"#2"},"west":{"uv":[10,1.75,10.625,2],"texture":"#2"},"up":{"uv":[9.875,1.375,9.25,1],"rotation":270,"texture":"#2"},"down":{"uv":[2.125,9.25,1.5,9.625],"rotation":90,"texture":"#2"}}},{"from":[7,27.36652,11.58392],"to":[9,28.36652,16.08392],"rotation":{"angle":0,"axis":"z","origin":[8,8,8]},"faces":{"north":{"uv":[6.5,2.25,7,2.5],"texture":"#2"},"east":{"uv":[8.75,8.5,9.875,8.75],"texture":"#2"},"south":{"uv":[7,3.5,7.5,3.75],"texture":"#2"},"west":{"uv":[8.75,8.25,9.875,8.5],"texture":"#2"},"up":{"uv":[7.625,2.25,6.5,1.75],"rotation":270,"texture":"#2"},"down":{"uv":[7.375,6.75,6.25,7.25],"rotation":90,"texture":"#2"}}},{"from":[7,22.79875,18.87981],"to":[9,23.79875,22.87981],"rotation":{"angle":-22.5,"axis":"x","origin":[8,8,8]},"faces":{"north":{"uv":[10.25,7,10.75,7.25],"texture":"#2"},"east":{"uv":[9,3.5,10,3.75],"texture":"#2"},"south":{"uv":[8.25,10.25,8.75,10.5],"texture":"#2"},"west":{"uv":[9,3.25,10,3.5],"texture":"#2"},"up":{"uv":[2.5,8.25,1.5,7.75],"rotation":270,"texture":"#2"},"down":{"uv":[8.75,1.75,7.75,2.25],"rotation":90,"texture":"#2"}}},{"from":[7,17.43262,21.59755],"to":[9,18.43262,24.09755],"rotation":{"angle":-45,"axis":"x","origin":[8,8,8]},"faces":{"north":{"uv":[8.75,10.25,9.25,10.5],"texture":"#2"},"east":{"uv":[10,2.25,10.625,2.5],"texture":"#2"},"south":{"uv":[9.25,10.25,9.75,10.5],"texture":"#2"},"west":{"uv":[10,2,10.625,2.25],"texture":"#2"},"up":{"uv":[9.125,8.25,8.5,7.75],"rotation":270,"texture":"#2"},"down":{"uv":[2.125,8.75,1.5,9.25],"rotation":90,"texture":"#2"}}},{"from":[7,20.05489,3.56508],"to":[9,24.55489,4.56508],"rotation":{"angle":22.5,"axis":"x","origin":[8,8,8]},"faces":{"north":{"uv":[7,0,7.5,1.125],"texture":"#2"},"east":{"uv":[3,8.75,3.25,9.875],"texture":"#2"},"south":{"uv":[7,2.25,7.5,3.375],"texture":"#2"},"west":{"uv":[2.75,8.75,3,9.875],"texture":"#2"},"up":{"uv":[7.5,8.25,7.25,7.75],"rotation":270,"texture":"#2"},"down":{"uv":[2.75,10.25,2.5,10.75],"rotation":90,"texture":"#2"}}},{"from":[7.025,15.78666,14.32278],"to":[8.975,16.78666,17.82278],"rotation":{"angle":-45,"axis":"x","origin":[8,8,8]},"faces":{"north":{"uv":[10.25,9.5,10.75,9.75],"texture":"#2"},"east":{"uv":[9.25,6.5,10.125,6.75],"texture":"#2"},"south":{"uv":[10.25,9.75,10.75,10],"texture":"#2"},"west":{"uv":[9.25,6.25,10.125,6.5],"texture":"#2"},"up":{"uv":[8.875,0.5,8,0],"rotation":270,"texture":"#2"},"down":{"uv":[8.875,0.5,8,1],"rotation":90,"texture":"#2"}}},{"from":[7,17.61356,8.08666],"to":[9,18.61356,10.86166],"rotation":{"angle":-22.5,"axis":"x","origin":[8,8,8]},"faces":{"north":{"uv":[10.25,10,10.75,10.25],"texture":"#2"},"east":{"uv":[1.5,9.75,2.25,10],"texture":"#2"},"south":{"uv":[10.25,10.25,10.75,10.5],"texture":"#2"},"west":{"uv":[0,9.75,0.75,10],"texture":"#2"},"up":{"uv":[3.25,8.75,2.5,8.25],"rotation":270,"texture":"#2"},"down":{"uv":[8.75,8.25,8,8.75],"rotation":90,"texture":"#2"}}},{"from":[7,24.4447,14.60504],"to":[9,25.4447,19.10504],"rotation":{"angle":-22.5,"axis":"x","origin":[8,8,8]},"faces":{"north":{"uv":[10.5,0,11,0.25],"texture":"#2"},"east":{"uv":[0,9,1.125,9.25],"texture":"#2"},"south":{"uv":[10.5,0.25,11,0.5],"texture":"#2"},"west":{"uv":[8.75,8.75,9.875,9],"texture":"#2"},"up":{"uv":[8.125,1.75,7,1.25],"rotation":270,"texture":"#2"},"down":{"uv":[2.625,7.25,1.5,7.75],"rotation":90,"texture":"#2"}}},{"from":[7,23.14444,7.42646],"to":[9,26.64444,8.42646],"rotation":{"angle":0,"axis":"z","origin":[8,8,8]},"faces":{"north":{"uv":[3.5,7.75,4,8.625],"texture":"#2"},"east":{"uv":[5.5,9.25,5.75,10.125],"texture":"#2"},"south":{"uv":[5.25,7.75,5.75,8.625],"texture":"#2"},"west":{"uv":[5.25,9.25,5.5,10.125],"texture":"#2"},"up":{"uv":[8,10.75,7.75,10.25],"rotation":270,"texture":"#2"},"down":{"uv":[10.75,0.5,10.5,1],"rotation":90,"texture":"#2"}}},{"from":[7.5,14.89444,5.42646],"to":[8.5,17.89444,6.42646],"rotation":{"angle":0,"axis":"z","origin":[8,8,8]},"faces":{"north":{"uv":[3.25,9.75,3.5,10.5],"texture":"#2"},"east":{"uv":[4.25,9.75,4.5,10.5],"texture":"#2"},"south":{"uv":[6.25,9.75,6.5,10.5],"texture":"#2"},"west":{"uv":[0.75,9.75,1,10.5],"texture":"#2"},"up":{"uv":[8.25,1.25,8,1],"rotation":270,"texture":"#2"},"down":{"uv":[1.5,9,1.25,9.25],"rotation":90,"texture":"#2"}}},{"from":[7.5,9.76245,1.01224],"to":[8.5,11.76245,2.01224],"rotation":{"angle":45,"axis":"x","origin":[8,8,8]},"faces":{"north":{"uv":[10.5,1,10.75,1.5],"texture":"#2"},"east":{"uv":[10.5,2.75,10.75,3.25],"texture":"#2"},"south":{"uv":[3.25,10.5,3.5,11],"texture":"#2"},"west":{"uv":[0.75,10.5,1,11],"texture":"#2"},"up":{"uv":[4.25,11.5,4,11.25],"rotation":270,"texture":"#2"},"down":{"uv":[6.25,11.25,6,11.5],"rotation":90,"texture":"#2"}}},{"from":[7.5,9.26245,-1.98776],"to":[8.5,11.76245,-0.98776],"rotation":{"angle":45,"axis":"x","origin":[8,8,8]},"faces":{"north":{"uv":[3,10,3.25,10.625],"texture":"#2"},"east":{"uv":[3.5,10,3.75,10.625],"texture":"#2"},"south":{"uv":[3.75,10,4,10.625],"texture":"#2"},"west":{"uv":[2.75,10,3,10.625],"texture":"#2"},"up":{"uv":[0.25,11.75,0,11.5],"rotation":270,"texture":"#2"},"down":{"uv":[0.5,11.5,0.25,11.75],"rotation":90,"texture":"#2"}}},{"from":[7.5,13.4551,1.83027],"to":[8.5,15.9551,2.83027],"rotation":{"angle":0,"axis":"z","origin":[8,8,8]},"faces":{"north":{"uv":[6.5,10,6.75,10.625],"texture":"#2"},"east":{"uv":[6.75,10,7,10.625],"texture":"#2"},"south":{"uv":[7,10,7.25,10.625],"texture":"#2"},"west":{"uv":[4,10,4.25,10.625],"texture":"#2"},"up":{"uv":[1.75,11.75,1.5,11.5],"rotation":270,"texture":"#2"},"down":{"uv":[2.25,11.5,2,11.75],"rotation":90,"texture":"#2"}}},{"from":[7.5,10.30239,2.2186],"to":[8.5,12.30239,3.2186],"rotation":{"angle":22.5,"axis":"x","origin":[8,8,8]},"faces":{"north":{"uv":[4.25,10.5,4.5,11],"texture":"#2"},"east":{"uv":[10.5,4.25,10.75,4.75],"texture":"#2"},"south":{"uv":[10.5,4.75,10.75,5.25],"texture":"#2"},"west":{"uv":[10.5,3.75,10.75,4.25],"texture":"#2"},"up":{"uv":[2.5,11.75,2.25,11.5],"rotation":270,"texture":"#2"},"down":{"uv":[11.75,2.25,11.5,2.5],"rotation":90,"texture":"#2"}}},{"from":[7,20.15484,1.59848],"to":[9,22.15484,2.59848],"rotation":{"angle":22.5,"axis":"x","origin":[8,8,8]},"faces":{"north":{"uv":[5.25,8.75,5.75,9.25],"texture":"#2"},"east":{"uv":[5.75,10.5,6,11],"texture":"#2"},"south":{"uv":[9,3.75,9.5,4.25],"texture":"#2"},"west":{"uv":[10.5,5.25,10.75,5.75],"texture":"#2"},"up":{"uv":[10.75,6.25,10.5,5.75],"rotation":270,"texture":"#2"},"down":{"uv":[6.5,10.5,6.25,11],"rotation":90,"texture":"#2"}}},{"from":[7,15.16253,-2.64181],"to":[9,17.16253,-1.64181],"rotation":{"angle":45,"axis":"x","origin":[8,8,8]},"faces":{"north":{"uv":[9,4.25,9.5,4.75],"texture":"#2"},"east":{"uv":[8.25,10.5,8.5,11],"texture":"#2"},"south":{"uv":[9,4.75,9.5,5.25],"texture":"#2"},"west":{"uv":[8,10.5,8.25,11],"texture":"#2"},"up":{"uv":[8.75,11,8.5,10.5],"rotation":270,"texture":"#2"},"down":{"uv":[9,10.5,8.75,11],"rotation":90,"texture":"#2"}}},{"from":[7.025,19.64886,7.92755],"to":[8.975,20.64886,10.92755],"rotation":{"angle":-22.5,"axis":"x","origin":[8,8,8]},"faces":{"north":{"uv":[9,10.5,9.5,10.75],"texture":"#2"},"east":{"uv":[7.25,9.75,8,10],"texture":"#2"},"south":{"uv":[10.5,9,11,9.25],"texture":"#2"},"west":{"uv":[6.5,9.75,7.25,10],"texture":"#2"},"up":{"uv":[0.75,9,0,8.5],"rotation":270,"texture":"#2"},"down":{"uv":[1.5,8.5,0.75,9],"rotation":90,"texture":"#2"}}},{"from":[7,18.73442,-0.02475],"to":[9,19.73442,3.47525],"rotation":{"angle":0,"axis":"z","origin":[8,8,8]},"faces":{"north":{"uv":[9.5,10.5,10,10.75],"texture":"#2"},"east":{"uv":[9.25,7,10.125,7.25],"texture":"#2"},"south":{"uv":[10,10.5,10.5,10.75],"texture":"#2"},"west":{"uv":[9.25,6.75,10.125,7],"texture":"#2"},"up":{"uv":[8.875,4.75,8,4.25],"rotation":270,"texture":"#2"},"down":{"uv":[8.875,4.75,8,5.25],"rotation":90,"texture":"#2"}}},{"from":[7,14.84637,-3.52179],"to":[9,15.84637,1.25321],"rotation":{"angle":22.5,"axis":"x","origin":[8,8,8]},"faces":{"north":{"uv":[10.5,10.5,11,10.75],"texture":"#2"},"east":{"uv":[8.75,2,10,2.25],"texture":"#2"},"south":{"uv":[0,10.75,0.5,11],"texture":"#2"},"west":{"uv":[8.75,1.75,10,2],"texture":"#2"},"up":{"uv":[7.5,4.25,6.25,3.75],"rotation":270,"texture":"#2"},"down":{"uv":[7.5,4.25,6.25,4.75],"rotation":90,"texture":"#2"}}},{"from":[7.25,6.19286,-0.30715],"to":[8.75,7.69286,0.69285],"rotation":{"angle":45,"axis":"x","origin":[8,8,8]},"faces":{"north":{"uv":[7.25,10.25,7.625,10.625],"texture":"#2"},"east":{"uv":[11.25,2,11.5,2.375],"texture":"#2"},"south":{"uv":[10.25,7.75,10.625,8.125],"texture":"#2"},"west":{"uv":[1.75,11.25,2,11.625],"texture":"#2"},"up":{"uv":[2.75,11.625,2.5,11.25],"rotation":270,"texture":"#2"},"down":{"uv":[11.5,2.5,11.25,2.875],"rotation":90,"texture":"#2"}}},{"from":[7.525,14.96909,-0.49802],"to":[8.475,15.46909,2.00198],"rotation":{"angle":-22.5,"axis":"x","origin":[8,8,8]},"faces":{"north":{"uv":[3.75,11.75,4,11.875],"texture":"#2"},"east":{"uv":[11.25,9.5,11.875,9.625],"texture":"#2"},"south":{"uv":[4,11.75,4.25,11.875],"texture":"#2"},"west":{"uv":[9.5,11.25,10.125,11.375],"texture":"#2"},"up":{"uv":[10.625,2.75,10,2.5],"rotation":270,"texture":"#2"},"down":{"uv":[10.625,3.25,10,3.5],"rotation":90,"texture":"#2"}}},{"from":[7.5,12.10519,-0.39975],"to":[8.5,12.60519,1.10025],"rotation":{"angle":0,"axis":"z","origin":[8,8,8]},"faces":{"north":{"uv":[4.25,11.75,4.5,11.875],"texture":"#2"},"east":{"uv":[11.75,0.75,12.125,0.875],"texture":"#2"},"south":{"uv":[5.25,11.75,5.5,11.875],"texture":"#2"},"west":{"uv":[0.75,11.75,1.125,11.875],"texture":"#2"},"up":{"uv":[3.125,11.5,2.75,11.25],"rotation":270,"texture":"#2"},"down":{"uv":[11.625,3,11.25,3.25],"rotation":90,"texture":"#2"}}},{"from":[7.5,11.18654,-2.51811],"to":[8.5,11.68654,0.98189],"rotation":{"angle":0,"axis":"z","origin":[8,8,8]},"faces":{"north":{"uv":[5.5,11.75,5.75,11.875],"texture":"#2"},"east":{"uv":[11,6.75,11.875,6.875],"texture":"#2"},"south":{"uv":[5.75,11.75,6,11.875],"texture":"#2"},"west":{"uv":[11,6.5,11.875,6.625],"texture":"#2"},"up":{"uv":[10.125,8,9.25,7.75],"rotation":270,"texture":"#2"},"down":{"uv":[8.875,9.25,8,9.5],"rotation":90,"texture":"#2"}}},{"from":[7.5,15.61351,-5.92851],"to":[8.5,16.11351,-2.42851],"rotation":{"angle":45,"axis":"x","origin":[8,8,8]},"faces":{"north":{"uv":[6,11.75,6.25,11.875],"texture":"#2"},"east":{"uv":[11,7.25,11.875,7.375],"texture":"#2"},"south":{"uv":[6.25,11.75,6.5,11.875],"texture":"#2"},"west":{"uv":[11,7,11.875,7.125],"texture":"#2"},"up":{"uv":[10.125,8.25,9.25,8],"rotation":270,"texture":"#2"},"down":{"uv":[9.875,9.25,9,9.5],"rotation":90,"texture":"#2"}}},{"from":[7.5,16.53216,-3.81015],"to":[8.5,17.03216,-2.31015],"rotation":{"angle":45,"axis":"x","origin":[8,8,8]},"faces":{"north":{"uv":[6.5,11.75,6.75,11.875],"texture":"#2"},"east":{"uv":[11.75,1.5,12.125,1.625],"texture":"#2"},"south":{"uv":[6.75,11.75,7,11.875],"texture":"#2"},"west":{"uv":[1.25,11.75,1.625,11.875],"texture":"#2"},"up":{"uv":[11.625,3.5,11.25,3.25],"rotation":270,"texture":"#2"},"down":{"uv":[3.875,11.25,3.5,11.5],"rotation":90,"texture":"#2"}}},{"from":[7.525,20.36418,-1.95468],"to":[8.475,20.86418,0.54532],"rotation":{"angle":22.5,"axis":"x","origin":[8,8,8]},"faces":{"north":{"uv":[7,11.75,7.25,11.875],"texture":"#2"},"east":{"uv":[10.25,11.25,10.875,11.375],"texture":"#2"},"south":{"uv":[7.25,11.75,7.5,11.875],"texture":"#2"},"west":{"uv":[11.25,9.75,11.875,9.875],"texture":"#2"},"up":{"uv":[10.625,3.75,10,3.5],"rotation":270,"texture":"#2"},"down":{"uv":[7.875,10,7.25,10.25],"rotation":90,"texture":"#2"}}},{"from":[7.5,23.16095,4.47543],"to":[8.5,23.66095,7.97543],"rotation":{"angle":22.5,"axis":"x","origin":[8,8,8]},"faces":{"north":{"uv":[7.5,11.75,7.75,11.875],"texture":"#2"},"east":{"uv":[11,7.75,11.875,7.875],"texture":"#2"},"south":{"uv":[7.75,11.75,8,11.875],"texture":"#2"},"west":{"uv":[11,7.5,11.875,7.625],"texture":"#2"},"up":{"uv":[0.875,9.75,0,9.5],"rotation":270,"texture":"#2"},"down":{"uv":[10.375,2.75,9.5,3],"rotation":90,"texture":"#2"}}},{"from":[7.525,21.99749,-0.32457],"to":[8.475,22.49749,2.17543],"rotation":{"angle":45,"axis":"x","origin":[8,8,8]},"faces":{"north":{"uv":[8,11.75,8.25,11.875],"texture":"#2"},"east":{"uv":[11.25,11.25,11.875,11.375],"texture":"#2"},"south":{"uv":[8.25,11.75,8.5,11.875],"texture":"#2"},"west":{"uv":[11.25,11,11.875,11.125],"texture":"#2"},"up":{"uv":[10.625,7.5,10,7.25],"rotation":270,"texture":"#2"},"down":{"uv":[10.625,7.5,10,7.75],"rotation":90,"texture":"#2"}}},{"from":[7.5,24.0796,4.35707],"to":[8.5,24.5796,5.85707],"rotation":{"angle":22.5,"axis":"x","origin":[8,8,8]},"faces":{"north":{"uv":[8.5,11.75,8.75,11.875],"texture":"#2"},"east":{"uv":[11.75,1.75,12.125,1.875],"texture":"#2"},"south":{"uv":[8.75,11.75,9,11.875],"texture":"#2"},"west":{"uv":[1.75,11.75,2.125,11.875],"texture":"#2"},"up":{"uv":[5.625,11.5,5.25,11.25],"rotation":270,"texture":"#2"},"down":{"uv":[6.875,11.25,6.5,11.5],"rotation":90,"texture":"#2"}}},{"from":[7,14.84637,-4.52179],"to":[9,15.34637,-3.52179],"rotation":{"angle":22.5,"axis":"x","origin":[8,8,8]},"faces":{"north":{"uv":[11.5,2.5,12,2.625],"texture":"#2"},"east":{"uv":[9.25,11.75,9.5,11.875],"texture":"#2"},"south":{"uv":[2.75,11.5,3.25,11.625],"texture":"#2"},"west":{"uv":[9,11.75,9.25,11.875],"texture":"#2"},"up":{"uv":[0.75,11.25,0.5,10.75],"rotation":270,"texture":"#2"},"down":{"uv":[11,0.5,10.75,1],"rotation":90,"texture":"#2"}}},{"from":[7,19.23442,-1.17475],"to":[9,19.73442,-0.02475],"rotation":{"angle":0,"axis":"z","origin":[8,8,8]},"faces":{"north":{"uv":[11.5,2.75,12,2.875],"texture":"#2"},"east":{"uv":[9.5,11.75,9.75,11.875],"texture":"#2"},"south":{"uv":[3.25,11.5,3.75,11.625],"texture":"#2"},"west":{"uv":[11.75,9.25,12,9.375],"texture":"#2"},"up":{"uv":[11,1.5,10.75,1],"rotation":270,"texture":"#2"},"down":{"uv":[2,10.75,1.75,11.25],"rotation":90,"texture":"#2"}}},{"from":[7,19.48442,-1.77475],"to":[9,19.73442,-1.02475],"rotation":{"angle":0,"axis":"z","origin":[8,8,8]},"faces":{"north":{"uv":[11.5,3.5,12,3.625],"texture":"#2"},"east":{"uv":[10,11.75,10.25,11.875],"texture":"#2"},"south":{"uv":[3.75,11.5,4.25,11.625],"texture":"#2"},"west":{"uv":[9.75,11.75,10,11.875],"texture":"#2"},"up":{"uv":[11,2.25,10.75,1.75],"rotation":270,"texture":"#2"},"down":{"uv":[11,2.25,10.75,2.75],"rotation":90,"texture":"#2"}}},{"from":[7,14.84637,-5.52179],"to":[9,15.09637,-4.52179],"rotation":{"angle":22.5,"axis":"x","origin":[8,8,8]},"faces":{"north":{"uv":[11.5,3.75,12,3.875],"texture":"#2"},"east":{"uv":[10.5,11.75,10.75,11.875],"texture":"#2"},"south":{"uv":[11.5,4,12,4.125],"texture":"#2"},"west":{"uv":[10.25,11.75,10.5,11.875],"texture":"#2"},"up":{"uv":[2.75,11.25,2.5,10.75],"rotation":270,"texture":"#2"},"down":{"uv":[3,10.75,2.75,11.25],"rotation":90,"texture":"#2"}}},{"from":[7,22.79875,22.87982],"to":[9,23.29875,23.87982],"rotation":{"angle":-22.5,"axis":"x","origin":[8,8,8]},"faces":{"north":{"uv":[11.5,4.25,12,4.375],"texture":"#2"},"east":{"uv":[11.75,10.75,12,10.875],"texture":"#2"},"south":{"uv":[11.5,4.5,12,4.625],"texture":"#2"},"west":{"uv":[10.75,11.75,11,11.875],"texture":"#2"},"up":{"uv":[11,3.25,10.75,2.75],"rotation":270,"texture":"#2"},"down":{"uv":[3.25,10.75,3,11.25],"rotation":90,"texture":"#2"}}},{"from":[7,27.86652,16.08392],"to":[9,28.36652,17.23392],"rotation":{"angle":0,"axis":"z","origin":[8,8,8]},"faces":{"north":{"uv":[11.5,4.75,12,4.875],"texture":"#2"},"east":{"uv":[11.25,11.75,11.5,11.875],"texture":"#2"},"south":{"uv":[11.5,5,12,5.125],"texture":"#2"},"west":{"uv":[11,11.75,11.25,11.875],"texture":"#2"},"up":{"uv":[11,3.75,10.75,3.25],"rotation":270,"texture":"#2"},"down":{"uv":[3.75,10.75,3.5,11.25],"rotation":90,"texture":"#2"}}},{"from":[7,28.11652,17.08392],"to":[9,28.36652,17.83392],"rotation":{"angle":0,"axis":"z","origin":[8,8,8]},"faces":{"north":{"uv":[5.25,11.5,5.75,11.625],"texture":"#2"},"east":{"uv":[11.75,11.5,12,11.625],"texture":"#2"},"south":{"uv":[11.5,5.25,12,5.375],"texture":"#2"},"west":{"uv":[11.5,11.75,11.75,11.875],"texture":"#2"},"up":{"uv":[4,11.25,3.75,10.75],"rotation":270,"texture":"#2"},"down":{"uv":[11,3.75,10.75,4.25],"rotation":90,"texture":"#2"}}},{"from":[7,22.79875,23.87982],"to":[9,23.04875,24.87982],"rotation":{"angle":-22.5,"axis":"x","origin":[8,8,8]},"faces":{"north":{"uv":[11.5,5.5,12,5.625],"texture":"#2"},"east":{"uv":[0,12,0.25,12.125],"texture":"#2"},"south":{"uv":[5.75,11.5,6.25,11.625],"texture":"#2"},"west":{"uv":[11.75,11.75,12,11.875],"texture":"#2"},"up":{"uv":[4.25,11.25,4,10.75],"rotation":270,"texture":"#2"},"down":{"uv":[11,4.25,10.75,4.75],"rotation":90,"texture":"#2"}}},{"from":[7,-12.36652,11.58392],"to":[9,-11.36652,16.08392],"rotation":{"angle":0,"axis":"z","origin":[8,8,8]},"faces":{"north":{"uv":[11,6,11.5,6.25],"texture":"#2"},"east":{"uv":[9,0.75,10.125,1],"texture":"#2"},"south":{"uv":[11,6.25,11.5,6.5],"texture":"#2"},"west":{"uv":[9,0.5,10.125,0.75],"texture":"#2"},"up":{"uv":[8.625,2.75,7.5,2.25],"rotation":270,"texture":"#2"},"down":{"uv":[8.625,2.75,7.5,3.25],"rotation":90,"texture":"#2"}}},{"from":[7,-7.79875,18.87981],"to":[9,-6.79875,22.87981],"rotation":{"angle":22.5,"axis":"x","origin":[8,8,8]},"faces":{"north":{"uv":[11,5.5,11.5,5.75],"texture":"#2"},"east":{"uv":[0,9.25,1,9.5],"texture":"#2"},"south":{"uv":[11,5.75,11.5,6],"texture":"#2"},"west":{"uv":[8.75,9,9.75,9.25],"texture":"#2"},"up":{"uv":[3.5,8.25,2.5,7.75],"rotation":270,"texture":"#2"},"down":{"uv":[7.25,7.75,6.25,8.25],"rotation":90,"texture":"#2"}}},{"from":[7,-2.43262,21.59755],"to":[9,-1.43262,24.09755],"rotation":{"angle":45,"axis":"x","origin":[8,8,8]},"faces":{"north":{"uv":[11,5,11.5,5.25],"texture":"#2"},"east":{"uv":[10.25,6.25,10.875,6.5],"texture":"#2"},"south":{"uv":[11,5.25,11.5,5.5],"texture":"#2"},"west":{"uv":[10.25,1.5,10.875,1.75],"texture":"#2"},"up":{"uv":[9.375,3.25,8.75,2.75],"rotation":270,"texture":"#2"},"down":{"uv":[8.625,8.75,8,9.25],"rotation":90,"texture":"#2"}}},{"from":[7,-8.55489,3.56508],"to":[9,-4.05489,4.56508],"rotation":{"angle":-22.5,"axis":"x","origin":[8,8,8]},"faces":{"north":{"uv":[4,7.25,4.5,8.375],"texture":"#2"},"east":{"uv":[3.75,8.75,4,9.875],"texture":"#2"},"south":{"uv":[7.5,0,8,1.125],"texture":"#2"},"west":{"uv":[3.5,8.75,3.75,9.875],"texture":"#2"},"up":{"uv":[3.5,11.5,3.25,11],"rotation":270,"texture":"#2"},"down":{"uv":[4.5,11,4.25,11.5],"rotation":90,"texture":"#2"}}},{"from":[7.025,-0.78666,14.32278],"to":[8.975,0.21334,17.82278],"rotation":{"angle":45,"axis":"x","origin":[8,8,8]},"faces":{"north":{"uv":[11,4.5,11.5,4.75],"texture":"#2"},"east":{"uv":[9.25,9.5,10.125,9.75],"texture":"#2"},"south":{"uv":[11,4.75,11.5,5],"texture":"#2"},"west":{"uv":[8.25,9.5,9.125,9.75],"texture":"#2"},"up":{"uv":[9.125,1.5,8.25,1],"rotation":270,"texture":"#2"},"down":{"uv":[2.375,8.25,1.5,8.75],"rotation":90,"texture":"#2"}}},{"from":[7,-2.61356,8.08666],"to":[9,-1.61356,10.86166],"rotation":{"angle":22.5,"axis":"x","origin":[8,8,8]},"faces":{"north":{"uv":[11,4,11.5,4.25],"texture":"#2"},"east":{"uv":[1,10,1.75,10.25],"texture":"#2"},"south":{"uv":[11,4.25,11.5,4.5],"texture":"#2"},"west":{"uv":[9.75,9,10.5,9.25],"texture":"#2"},"up":{"uv":[9.25,7.25,8.5,6.75],"rotation":270,"texture":"#2"},"down":{"uv":[7.75,8.5,7,9],"rotation":90,"texture":"#2"}}},{"from":[7,-9.4447,14.60504],"to":[9,-8.4447,19.10504],"rotation":{"angle":22.5,"axis":"x","origin":[8,8,8]},"faces":{"north":{"uv":[11,3.5,11.5,3.75],"texture":"#2"},"east":{"uv":[9,0.25,10.125,0.5],"texture":"#2"},"south":{"uv":[11,3.75,11.5,4],"texture":"#2"},"west":{"uv":[9,0,10.125,0.25],"texture":"#2"},"up":{"uv":[3.875,7.75,2.75,7.25],"rotation":270,"texture":"#2"},"down":{"uv":[7.375,7.25,6.25,7.75],"rotation":90,"texture":"#2"}}},{"from":[7,-10.64444,7.42646],"to":[9,-7.14444,8.42646],"rotation":{"angle":0,"axis":"z","origin":[8,8,8]},"faces":{"north":{"uv":[8,6.25,8.5,7.125],"texture":"#2"},"east":{"uv":[8,9.5,8.25,10.375],"texture":"#2"},"south":{"uv":[8,7.25,8.5,8.125],"texture":"#2"},"west":{"uv":[5.75,9.5,6,10.375],"texture":"#2"},"up":{"uv":[11.25,3,11,2.5],"rotation":270,"texture":"#2"},"down":{"uv":[11.25,3,11,3.5],"rotation":90,"texture":"#2"}}},{"from":[7.5,-1.89444,5.42646],"to":[8.5,1.10556,6.42646],"rotation":{"angle":0,"axis":"z","origin":[8,8,8]},"faces":{"north":{"uv":[0,10,0.25,10.75],"texture":"#2"},"east":{"uv":[0.25,10,0.5,10.75],"texture":"#2"},"south":{"uv":[0.5,10,0.75,10.75],"texture":"#2"},"west":{"uv":[9.75,9.75,10,10.5],"texture":"#2"},"up":{"uv":[0.75,12,0.5,11.75],"rotation":270,"texture":"#2"},"down":{"uv":[12,0.5,11.75,0.75],"rotation":90,"texture":"#2"}}},{"from":[7.5,4.23755,1.01224],"to":[8.5,6.23755,2.01224],"rotation":{"angle":-45,"axis":"x","origin":[8,8,8]},"faces":{"north":{"uv":[2,11,2.25,11.5],"texture":"#2"},"east":{"uv":[11,2,11.25,2.5],"texture":"#2"},"south":{"uv":[2.25,11,2.5,11.5],"texture":"#2"},"west":{"uv":[11,1.5,11.25,2],"texture":"#2"},"up":{"uv":[0.25,12,0,11.75],"rotation":270,"texture":"#2"},"down":{"uv":[0.5,11.75,0.25,12],"rotation":90,"texture":"#2"}}},{"from":[7.5,4.23755,-1.98776],"to":[8.5,6.73755,-0.98776],"rotation":{"angle":-45,"axis":"x","origin":[8,8,8]},"faces":{"north":{"uv":[1.5,10.25,1.75,10.875],"texture":"#2"},"east":{"uv":[2,10.25,2.25,10.875],"texture":"#2"},"south":{"uv":[2.25,10.25,2.5,10.875],"texture":"#2"},"west":{"uv":[1.25,10.25,1.5,10.875],"texture":"#2"},"up":{"uv":[11.5,11.75,11.25,11.5],"rotation":270,"texture":"#2"},"down":{"uv":[11.75,11.5,11.5,11.75],"rotation":90,"texture":"#2"}}},{"from":[7.5,0.0449,1.83027],"to":[8.5,2.5449,2.83027],"rotation":{"angle":0,"axis":"z","origin":[8,8,8]},"faces":{"north":{"uv":[10.25,0,10.5,0.625],"texture":"#2"},"east":{"uv":[10.25,0.75,10.5,1.375],"texture":"#2"},"south":{"uv":[1,10.25,1.25,10.875],"texture":"#2"},"west":{"uv":[10,9.75,10.25,10.375],"texture":"#2"},"up":{"uv":[11.75,11,11.5,10.75],"rotation":270,"texture":"#2"},"down":{"uv":[11.25,11.5,11,11.75],"rotation":90,"texture":"#2"}}},{"from":[7.5,3.69761,2.2186],"to":[8.5,5.69761,3.2186],"rotation":{"angle":-22.5,"axis":"x","origin":[8,8,8]},"faces":{"north":{"uv":[11,1,11.25,1.5],"texture":"#2"},"east":{"uv":[1.25,11,1.5,11.5],"texture":"#2"},"south":{"uv":[1.5,11,1.75,11.5],"texture":"#2"},"west":{"uv":[1,11,1.25,11.5],"texture":"#2"},"up":{"uv":[4.5,11.75,4.25,11.5],"rotation":270,"texture":"#2"},"down":{"uv":[11,11.5,10.75,11.75],"rotation":90,"texture":"#2"}}},{"from":[7,-6.15484,1.59848],"to":[9,-4.15484,2.59848],"rotation":{"angle":-22.5,"axis":"x","origin":[8,8,8]},"faces":{"north":{"uv":[6.25,9,6.75,9.5],"texture":"#2"},"east":{"uv":[0.25,11,0.5,11.5],"texture":"#2"},"south":{"uv":[6.75,9,7.25,9.5],"texture":"#2"},"west":{"uv":[11,0,11.25,0.5],"texture":"#2"},"up":{"uv":[11.25,1,11,0.5],"rotation":270,"texture":"#2"},"down":{"uv":[1,11,0.75,11.5],"rotation":90,"texture":"#2"}}},{"from":[7,-1.16253,-2.64181],"to":[9,0.83747,-1.64181],"rotation":{"angle":-45,"axis":"x","origin":[8,8,8]},"faces":{"north":{"uv":[9,5.25,9.5,5.75],"texture":"#2"},"east":{"uv":[10.5,10.75,10.75,11.25],"texture":"#2"},"south":{"uv":[9,5.75,9.5,6.25],"texture":"#2"},"west":{"uv":[10.75,10,11,10.5],"texture":"#2"},"up":{"uv":[11,11.25,10.75,10.75],"rotation":270,"texture":"#2"},"down":{"uv":[0.25,11,0,11.5],"rotation":90,"texture":"#2"}}},{"from":[7.025,-4.64886,7.92755],"to":[8.975,-3.64886,10.92755],"rotation":{"angle":22.5,"axis":"x","origin":[8,8,8]},"faces":{"north":{"uv":[10.75,9.75,11.25,10],"texture":"#2"},"east":{"uv":[9,9.75,9.75,10],"texture":"#2"},"south":{"uv":[10,10.75,10.5,11],"texture":"#2"},"west":{"uv":[8.25,9.75,9,10],"texture":"#2"},"up":{"uv":[7,9,6.25,8.5],"rotation":270,"texture":"#2"},"down":{"uv":[9.25,6.25,8.5,6.75],"rotation":90,"texture":"#2"}}},{"from":[7,-3.73442,-0.02475],"to":[9,-2.73442,3.47525],"rotation":{"angle":0,"axis":"z","origin":[8,8,8]},"faces":{"north":{"uv":[9.5,10.75,10,11],"texture":"#2"},"east":{"uv":[6.25,9.5,7.125,9.75],"texture":"#2"},"south":{"uv":[10.75,9.5,11.25,9.75],"texture":"#2"},"west":{"uv":[9.5,6,10.375,6.25],"texture":"#2"},"up":{"uv":[8.875,5.75,8,5.25],"rotation":270,"texture":"#2"},"down":{"uv":[8.875,5.75,8,6.25],"rotation":90,"texture":"#2"}}},{"from":[7,0.15363,-3.52179],"to":[9,1.15363,1.25321],"rotation":{"angle":-22.5,"axis":"x","origin":[8,8,8]},"faces":{"north":{"uv":[9,10.75,9.5,11],"texture":"#2"},"east":{"uv":[8.75,2.5,10,2.75],"texture":"#2"},"south":{"uv":[10.75,9.25,11.25,9.5],"texture":"#2"},"west":{"uv":[8.75,2.25,10,2.5],"texture":"#2"},"up":{"uv":[7.5,5.25,6.25,4.75],"rotation":270,"texture":"#2"},"down":{"uv":[7.5,5.25,6.25,5.75],"rotation":90,"texture":"#2"}}},{"from":[7.525,0.53091,-0.49802],"to":[8.475,1.03091,2.00198],"rotation":{"angle":22.5,"axis":"x","origin":[8,8,8]},"faces":{"north":{"uv":[12,5.75,12.25,5.875],"texture":"#2"},"east":{"uv":[11.5,2,12.125,2.125],"texture":"#2"},"south":{"uv":[6,12,6.25,12.125],"texture":"#2"},"west":{"uv":[11.5,1.25,12.125,1.375],"texture":"#2"},"up":{"uv":[9.625,10.25,9,10],"rotation":270,"texture":"#2"},"down":{"uv":[10.625,9.25,10,9.5],"rotation":90,"texture":"#2"}}},{"from":[7.5,3.39481,-0.39975],"to":[8.5,3.89481,1.10025],"rotation":{"angle":0,"axis":"z","origin":[8,8,8]},"faces":{"north":{"uv":[12,5.5,12.25,5.625],"texture":"#2"},"east":{"uv":[11.75,3.25,12.125,3.375],"texture":"#2"},"south":{"uv":[5.75,12,6,12.125],"texture":"#2"},"west":{"uv":[3.25,11.75,3.625,11.875],"texture":"#2"},"up":{"uv":[9.375,11.5,9,11.25],"rotation":270,"texture":"#2"},"down":{"uv":[11.625,9.25,11.25,9.5],"rotation":90,"texture":"#2"}}},{"from":[7.5,4.31346,-2.51811],"to":[8.5,4.81346,0.98189],"rotation":{"angle":0,"axis":"z","origin":[8,8,8]},"faces":{"north":{"uv":[12,5.25,12.25,5.375],"texture":"#2"},"east":{"uv":[9,11,9.875,11.125],"texture":"#2"},"south":{"uv":[5.5,12,5.75,12.125],"texture":"#2"},"west":{"uv":[11,8.75,11.875,8.875],"texture":"#2"},"up":{"uv":[10.375,5.75,9.5,5.5],"rotation":270,"texture":"#2"},"down":{"uv":[10.375,5.75,9.5,6],"rotation":90,"texture":"#2"}}},{"from":[7.5,-0.11351,-5.92851],"to":[8.5,0.38649,-2.42851],"rotation":{"angle":-45,"axis":"x","origin":[8,8,8]},"faces":{"north":{"uv":[12,5,12.25,5.125],"texture":"#2"},"east":{"uv":[11,8.5,11.875,8.625],"texture":"#2"},"south":{"uv":[5.25,12,5.5,12.125],"texture":"#2"},"west":{"uv":[11,8.25,11.875,8.375],"texture":"#2"},"up":{"uv":[10.375,5.25,9.5,5],"rotation":270,"texture":"#2"},"down":{"uv":[10.375,5.25,9.5,5.5],"rotation":90,"texture":"#2"}}},{"from":[7.5,-1.03216,-3.81015],"to":[8.5,-0.53216,-2.31015],"rotation":{"angle":-45,"axis":"x","origin":[8,8,8]},"faces":{"north":{"uv":[12,4.5,12.25,4.625],"texture":"#2"},"east":{"uv":[11.75,3,12.125,3.125],"texture":"#2"},"south":{"uv":[12,4.75,12.25,4.875],"texture":"#2"},"west":{"uv":[2.75,11.75,3.125,11.875],"texture":"#2"},"up":{"uv":[8.375,11.5,8,11.25],"rotation":270,"texture":"#2"},"down":{"uv":[8.875,11.25,8.5,11.5],"rotation":90,"texture":"#2"}}},{"from":[7.525,-4.86418,-1.95468],"to":[8.475,-4.36418,0.54532],"rotation":{"angle":-22.5,"axis":"x","origin":[8,8,8]},"faces":{"north":{"uv":[4.25,12,4.5,12.125],"texture":"#2"},"east":{"uv":[11.5,1,12.125,1.125],"texture":"#2"},"south":{"uv":[12,4.25,12.25,4.375],"texture":"#2"},"west":{"uv":[0.75,11.5,1.375,11.625],"texture":"#2"},"up":{"uv":[10.625,8.75,10,8.5],"rotation":270,"texture":"#2"},"down":{"uv":[10.625,8.75,10,9],"rotation":90,"texture":"#2"}}},{"from":[7.5,-7.66095,4.47543],"to":[8.5,-7.16095,7.97543],"rotation":{"angle":-22.5,"axis":"x","origin":[8,8,8]},"faces":{"north":{"uv":[4,12,4.25,12.125],"texture":"#2"},"east":{"uv":[11,8,11.875,8.125],"texture":"#2"},"south":{"uv":[12,4,12.25,4.125],"texture":"#2"},"west":{"uv":[8,11,8.875,11.125],"texture":"#2"},"up":{"uv":[10.375,4.75,9.5,4.5],"rotation":270,"texture":"#2"},"down":{"uv":[10.375,4.75,9.5,5],"rotation":90,"texture":"#2"}}},{"from":[7.525,-6.49749,-0.32457],"to":[8.475,-5.99749,2.17543],"rotation":{"angle":-45,"axis":"x","origin":[8,8,8]},"faces":{"north":{"uv":[3.75,12,4,12.125],"texture":"#2"},"east":{"uv":[11.5,0.25,12.125,0.375],"texture":"#2"},"south":{"uv":[12,3.75,12.25,3.875],"texture":"#2"},"west":{"uv":[11.5,0,12.125,0.125],"texture":"#2"},"up":{"uv":[8.875,10.25,8.25,10],"rotation":270,"texture":"#2"},"down":{"uv":[10.625,8.25,10,8.5],"rotation":90,"texture":"#2"}}},{"from":[7.5,-8.5796,4.35707],"to":[8.5,-8.0796,5.85707],"rotation":{"angle":-22.5,"axis":"x","origin":[8,8,8]},"faces":{"north":{"uv":[3.5,12,3.75,12.125],"texture":"#2"},"east":{"uv":[11.75,2.25,12.125,2.375],"texture":"#2"},"south":{"uv":[12,3.5,12.25,3.625],"texture":"#2"},"west":{"uv":[2.25,11.75,2.625,11.875],"texture":"#2"},"up":{"uv":[7.375,11.5,7,11.25],"rotation":270,"texture":"#2"},"down":{"uv":[7.875,11.25,7.5,11.5],"rotation":90,"texture":"#2"}}},{"from":[7,0.65363,-4.52179],"to":[9,1.15363,-3.52179],"rotation":{"angle":-22.5,"axis":"x","origin":[8,8,8]},"faces":{"north":{"uv":[11.5,10.25,12,10.375],"texture":"#2"},"east":{"uv":[3.25,12,3.5,12.125],"texture":"#2"},"south":{"uv":[11.5,10.5,12,10.625],"texture":"#2"},"west":{"uv":[3,12,3.25,12.125],"texture":"#2"},"up":{"uv":[11,8.5,10.75,8],"rotation":270,"texture":"#2"},"down":{"uv":[11,8.5,10.75,9],"rotation":90,"texture":"#2"}}},{"from":[7,-3.73442,-1.17475],"to":[9,-3.23442,-0.02475],"rotation":{"angle":0,"axis":"z","origin":[8,8,8]},"faces":{"north":{"uv":[11.5,10,12,10.125],"texture":"#2"},"east":{"uv":[12,2.75,12.25,2.875],"texture":"#2"},"south":{"uv":[10.25,11.5,10.75,11.625],"texture":"#2"},"west":{"uv":[2.75,12,3,12.125],"texture":"#2"},"up":{"uv":[11,8,10.75,7.5],"rotation":270,"texture":"#2"},"down":{"uv":[8,10.75,7.75,11.25],"rotation":90,"texture":"#2"}}},{"from":[7,-3.73442,-1.77475],"to":[9,-3.48442,-1.02475],"rotation":{"angle":0,"axis":"z","origin":[8,8,8]},"faces":{"north":{"uv":[9.25,11.5,9.75,11.625],"texture":"#2"},"east":{"uv":[12,2.5,12.25,2.625],"texture":"#2"},"south":{"uv":[9.75,11.5,10.25,11.625],"texture":"#2"},"west":{"uv":[2.5,12,2.75,12.125],"texture":"#2"},"up":{"uv":[7.5,11.25,7.25,10.75],"rotation":270,"texture":"#2"},"down":{"uv":[7.75,10.75,7.5,11.25],"rotation":90,"texture":"#2"}}},{"from":[7,0.90363,-5.52179],"to":[9,1.15363,-4.52179],"rotation":{"angle":-22.5,"axis":"x","origin":[8,8,8]},"faces":{"north":{"uv":[8.75,11.5,9.25,11.625],"texture":"#2"},"east":{"uv":[2.25,12,2.5,12.125],"texture":"#2"},"south":{"uv":[11.5,9,12,9.125],"texture":"#2"},"west":{"uv":[2,12,2.25,12.125],"texture":"#2"},"up":{"uv":[7.25,11.25,7,10.75],"rotation":270,"texture":"#2"},"down":{"uv":[11,7,10.75,7.5],"rotation":90,"texture":"#2"}}},{"from":[7,-7.29875,22.87982],"to":[9,-6.79875,23.87982],"rotation":{"angle":22.5,"axis":"x","origin":[8,8,8]},"faces":{"north":{"uv":[7.75,11.5,8.25,11.625],"texture":"#2"},"east":{"uv":[1.75,12,2,12.125],"texture":"#2"},"south":{"uv":[8.25,11.5,8.75,11.625],"texture":"#2"},"west":{"uv":[1.5,12,1.75,12.125],"texture":"#2"},"up":{"uv":[11,7,10.75,6.5],"rotation":270,"texture":"#2"},"down":{"uv":[7,10.75,6.75,11.25],"rotation":90,"texture":"#2"}}},{"from":[7,-12.36652,16.08392],"to":[9,-11.86652,17.23392],"rotation":{"angle":0,"axis":"z","origin":[8,8,8]},"faces":{"north":{"uv":[6.75,11.5,7.25,11.625],"texture":"#2"},"east":{"uv":[1.25,12,1.5,12.125],"texture":"#2"},"south":{"uv":[7.25,11.5,7.75,11.625],"texture":"#2"},"west":{"uv":[1,12,1.25,12.125],"texture":"#2"},"up":{"uv":[11,6.25,10.75,5.75],"rotation":270,"texture":"#2"},"down":{"uv":[6.75,10.75,6.5,11.25],"rotation":90,"texture":"#2"}}},{"from":[7,-12.36652,17.08392],"to":[9,-12.11652,17.83392],"rotation":{"angle":0,"axis":"z","origin":[8,8,8]},"faces":{"north":{"uv":[6.25,11.5,6.75,11.625],"texture":"#2"},"east":{"uv":[0.75,12,1,12.125],"texture":"#2"},"south":{"uv":[11.5,6.25,12,6.375],"texture":"#2"},"west":{"uv":[12,0.5,12.25,0.625],"texture":"#2"},"up":{"uv":[11,5.75,10.75,5.25],"rotation":270,"texture":"#2"},"down":{"uv":[5.75,10.75,5.5,11.25],"rotation":90,"texture":"#2"}}},{"from":[7,-7.04875,23.87982],"to":[9,-6.79875,24.87982],"rotation":{"angle":22.5,"axis":"x","origin":[8,8,8]},"faces":{"north":{"uv":[11.5,5.75,12,5.875],"texture":"#2"},"east":{"uv":[0.5,12,0.75,12.125],"texture":"#2"},"south":{"uv":[11.5,6,12,6.125],"texture":"#2"},"west":{"uv":[0.25,12,0.5,12.125],"texture":"#2"},"up":{"uv":[11,5.25,10.75,4.75],"rotation":270,"texture":"#2"},"down":{"uv":[5.5,10.75,5.25,11.25],"rotation":90,"texture":"#2"}}},{"from":[8,11.64444,-6.07354],"to":[8,29.64444,10.92646],"rotation":{"angle":0,"axis":"z","origin":[8,8,8]},"faces":{"north":{"uv":[0,0,0,4.5],"texture":"#1"},"east":{"uv":[4.25,0,0,4.5],"texture":"#1"},"south":{"uv":[0,0,0,4.5],"texture":"#1"},"west":{"uv":[0,0,4.25,4.5],"texture":"#1"},"up":{"uv":[4.25,0,0,0],"rotation":270,"texture":"#1"},"down":{"uv":[4.25,0,0,0],"rotation":90,"texture":"#1"}}},{"from":[8,-13.64444,-6.07354],"to":[8,4.35556,10.92646],"rotation":{"angle":0,"axis":"z","origin":[8,8,8]},"faces":{"north":{"uv":[0,4.5,0,0],"texture":"#1"},"east":{"uv":[4.25,4.5,0,0],"texture":"#1"},"south":{"uv":[0,4.5,0,0],"texture":"#1"},"west":{"uv":[0,4.5,4.25,0],"texture":"#1"},"up":{"uv":[4.25,0,0,0],"rotation":270,"texture":"#1"},"down":{"uv":[4.25,0,0,0],"rotation":90,"texture":"#1"}}},{"from":[7.05,17.64444,2.42646],"to":[8.95,27.64444,13.92646],"rotation":{"angle":0,"axis":"z","origin":[8,8,8]},"faces":{"north":{"uv":[0,6,0.5,8.5],"texture":"#2"},"east":{"uv":[0,2.5,2.875,5],"texture":"#2"},"south":{"uv":[6,0,6.5,2.5],"texture":"#2"},"west":{"uv":[0,0,2.875,2.5],"texture":"#2"},"up":{"uv":[2.875,5.5,0,5],"rotation":270,"texture":"#2"},"down":{"uv":[5.875,5,3,5.5],"rotation":90,"texture":"#2"}}},{"from":[7.05,-11.64444,2.42646],"to":[8.95,-1.64444,13.92646],"rotation":{"angle":0,"axis":"z","origin":[8,8,8]},"faces":{"north":{"uv":[0.5,6,1,8.5],"texture":"#2"},"east":{"uv":[3,2.5,5.875,5],"texture":"#2"},"south":{"uv":[1,6,1.5,8.5],"texture":"#2"},"west":{"uv":[3,0,5.875,2.5],"texture":"#2"},"up":{"uv":[2.875,6,0,5.5],"rotation":270,"texture":"#2"},"down":{"uv":[5.875,5.5,3,6],"rotation":90,"texture":"#2"}}},{"from":[7.525,-1.64444,2.42646],"to":[8.475,3.35556,5.92646],"rotation":{"angle":0,"axis":"z","origin":[8,8,8]},"faces":{"north":{"uv":[2.25,8.75,2.5,10],"texture":"#2"},"east":{"uv":[3.5,6,4.375,7.25],"texture":"#2"},"south":{"uv":[2.5,8.75,2.75,10],"texture":"#2"},"west":{"uv":[6,2.5,6.875,3.75],"texture":"#2"},"up":{"uv":[10.375,4.25,9.5,4],"rotation":270,"texture":"#2"},"down":{"uv":[10.375,4.25,9.5,4.5],"rotation":90,"texture":"#2"}}},{"from":[7.525,12.64444,2.42646],"to":[8.475,17.64444,5.92646],"rotation":{"angle":0,"axis":"z","origin":[8,8,8]},"faces":{"north":{"uv":[4.25,8.5,4.5,9.75],"texture":"#2"},"east":{"uv":[2.5,6,3.375,7.25],"texture":"#2"},"south":{"uv":[7.75,8.5,8,9.75],"texture":"#2"},"west":{"uv":[1.5,6,2.375,7.25],"texture":"#2"},"up":{"uv":[10.375,3.25,9.5,3],"rotation":270,"texture":"#2"},"down":{"uv":[10.375,3.75,9.5,4],"rotation":90,"texture":"#2"}}}],"gui_light":"front","display":{"thirdperson_righthand":{"translation":[0.05,-2,3.5],"scale":[0.5,0.5,0.5]},"thirdperson_lefthand":{"translation":[0.05,-2,3.5],"scale":[0.5,0.5,0.5]},"firstperson_righthand":{"rotation":[-0.19,2.75,-6.75],"translation":[4.5,4,-0.25],"scale":[0.54297,0.54297,0.54297]},"firstperson_lefthand":{"rotation":[-0.19,2.75,-6.75],"translation":[4.5,4,-0.25],"scale":[0.54297,0.54297,0.54297]},"ground":{"rotation":[-3.12,-22.53,-77.35],"translation":[0.75,0,-2.25],"scale":[0.53125,0.53125,0.53125]},"gui":{"rotation":[90,-45,-90],"translation":[1.25,1,-1.75],"scale":[0.35547,0.35547,0.35547]},"head":{"translation":[0,12.5,0],"scale":[0,0,0]},"fixed":{"rotation":[0,90,0],"translation":[-1,0,-1.75],"scale":[0.98633,0.98633,0.98633]}}}