{"elements":[{"from":[5.714286,6.5714283,6.714286],"to":[10.285714,9.428572,14.142858],"rotation":{"angle":0.0,"axis":"y","origin":[8.0,8.0,8.142858]},"faces":{"east":{"uv":[9.25,4.0,10.875,4.625],"rotation":0,"texture":"#0","tintindex":0},"south":{"uv":[9.25,9.75,10.25,10.375],"rotation":0,"texture":"#0","tintindex":0},"north":{"uv":[8.125,9.75,9.125,10.375],"rotation":0,"texture":"#0","tintindex":0},"west":{"uv":[9.25,6.0,10.875,6.625],"rotation":0,"texture":"#0","tintindex":0},"up":{"uv":[8.625,9.25,7.625,7.625],"rotation":0,"texture":"#0","tintindex":0},"down":{"uv":[5.125,7.875,4.125,9.5],"rotation":0,"texture":"#0","tintindex":0}}},{"from":[6.285714,7.142857,4.428571],"to":[9.714286,8.857143,6.714286],"rotation":{"angle":0.0,"axis":"y","origin":[8.0,8.0,7.5714283]},"faces":{"east":{"uv":[4.125,7.0,4.5,7.375],"rotation":0,"texture":"#0","tintindex":0},"south":{"uv":[7.625,10.5,8.375,10.875],"rotation":0,"texture":"#0","tintindex":0},"north":{"uv":[9.875,1.5,10.625,1.875],"rotation":0,"texture":"#0","tintindex":0},"west":{"uv":[5.875,9.625,6.25,10.0],"rotation":0,"texture":"#0","tintindex":0},"up":{"uv":[11.25,8.5,10.5,8.125],"rotation":0,"texture":"#0","tintindex":0},"down":{"uv":[9.25,10.5,8.5,10.875],"rotation":0,"texture":"#0","tintindex":0}}}],"textures":{"0":"modelengine:entity/end_scuttler"},"display":{"head":{"translation":[0.0,-6.4,0.0],"scale":[4.0,4.0,4.0]}}}