{"model":{"type":"range_dispatch","property":"custom_model_data","index":0,"fallback":{"type":"minecraft:select","cases":[{"model":{"type":"minecraft:model","model":"minecraft:item/netherite_chestplate_quartz_trim"},"when":"minecraft:quartz"},{"model":{"type":"minecraft:model","model":"minecraft:item/netherite_chestplate_iron_trim"},"when":"minecraft:iron"},{"model":{"type":"minecraft:model","model":"minecraft:item/netherite_chestplate_netherite_trim"},"when":"minecraft:netherite"},{"model":{"type":"minecraft:model","model":"minecraft:item/netherite_chestplate_redstone_trim"},"when":"minecraft:redstone"},{"model":{"type":"minecraft:model","model":"minecraft:item/netherite_chestplate_copper_trim"},"when":"minecraft:copper"},{"model":{"type":"minecraft:model","model":"minecraft:item/netherite_chestplate_gold_trim"},"when":"minecraft:gold"},{"model":{"type":"minecraft:model","model":"minecraft:item/netherite_chestplate_emerald_trim"},"when":"minecraft:emerald"},{"model":{"type":"minecraft:model","model":"minecraft:item/netherite_chestplate_diamond_trim"},"when":"minecraft:diamond"},{"model":{"type":"minecraft:model","model":"minecraft:item/netherite_chestplate_lapis_trim"},"when":"minecraft:lapis"},{"model":{"type":"minecraft:model","model":"minecraft:item/netherite_chestplate_amethyst_trim"},"when":"minecraft:amethyst"},{"model":{"type":"minecraft:model","model":"minecraft:item/netherite_chestplate_resin_trim"},"when":"minecraft:resin"}],"fallback":{"type":"minecraft:model","model":"minecraft:item/netherite_chestplate"},"property":"minecraft:trim_material"},"entries":[{"threshold":10001,"model":{"type":"model","cases":[{"model":{"type":"minecraft:model","model":"minecraft:item/netherite_chestplate_quartz_trim"},"when":"minecraft:quartz"},{"model":{"type":"minecraft:model","model":"minecraft:item/netherite_chestplate_iron_trim"},"when":"minecraft:iron"},{"model":{"type":"minecraft:model","model":"minecraft:item/netherite_chestplate_netherite_trim"},"when":"minecraft:netherite"},{"model":{"type":"minecraft:model","model":"minecraft:item/netherite_chestplate_redstone_trim"},"when":"minecraft:redstone"},{"model":{"type":"minecraft:model","model":"minecraft:item/netherite_chestplate_copper_trim"},"when":"minecraft:copper"},{"model":{"type":"minecraft:model","model":"minecraft:item/netherite_chestplate_gold_trim"},"when":"minecraft:gold"},{"model":{"type":"minecraft:model","model":"minecraft:item/netherite_chestplate_emerald_trim"},"when":"minecraft:emerald"},{"model":{"type":"minecraft:model","model":"minecraft:item/netherite_chestplate_diamond_trim"},"when":"minecraft:diamond"},{"model":{"type":"minecraft:model","model":"minecraft:item/netherite_chestplate_lapis_trim"},"when":"minecraft:lapis"},{"model":{"type":"minecraft:model","model":"minecraft:item/netherite_chestplate_amethyst_trim"},"when":"minecraft:amethyst"},{"model":{"type":"minecraft:model","model":"minecraft:item/netherite_chestplate_resin_trim"},"when":"minecraft:resin"}],"fallback":{"type":"minecraft:model","model":"minecraft:item/netherite_chestplate"},"property":"minecraft:trim_material","model":"plny_spectral_corsair:item/ia_auto/plny_spectral_corsairchestplate"}},{"threshold":10002,"model":{"type":"model","cases":[{"model":{"type":"minecraft:model","model":"minecraft:item/netherite_chestplate_quartz_trim"},"when":"minecraft:quartz"},{"model":{"type":"minecraft:model","model":"minecraft:item/netherite_chestplate_iron_trim"},"when":"minecraft:iron"},{"model":{"type":"minecraft:model","model":"minecraft:item/netherite_chestplate_netherite_trim"},"when":"minecraft:netherite"},{"model":{"type":"minecraft:model","model":"minecraft:item/netherite_chestplate_redstone_trim"},"when":"minecraft:redstone"},{"model":{"type":"minecraft:model","model":"minecraft:item/netherite_chestplate_copper_trim"},"when":"minecraft:copper"},{"model":{"type":"minecraft:model","model":"minecraft:item/netherite_chestplate_gold_trim"},"when":"minecraft:gold"},{"model":{"type":"minecraft:model","model":"minecraft:item/netherite_chestplate_emerald_trim"},"when":"minecraft:emerald"},{"model":{"type":"minecraft:model","model":"minecraft:item/netherite_chestplate_diamond_trim"},"when":"minecraft:diamond"},{"model":{"type":"minecraft:model","model":"minecraft:item/netherite_chestplate_lapis_trim"},"when":"minecraft:lapis"},{"model":{"type":"minecraft:model","model":"minecraft:item/netherite_chestplate_amethyst_trim"},"when":"minecraft:amethyst"},{"model":{"type":"minecraft:model","model":"minecraft:item/netherite_chestplate_resin_trim"},"when":"minecraft:resin"}],"fallback":{"type":"minecraft:model","model":"minecraft:item/netherite_chestplate"},"property":"minecraft:trim_material","model":"twilight_of_ender:item/ia_auto/twilight_of_enderchestplate"}},{"threshold":10003,"model":{"type":"model","cases":[{"model":{"type":"minecraft:model","model":"minecraft:item/netherite_chestplate_quartz_trim"},"when":"minecraft:quartz"},{"model":{"type":"minecraft:model","model":"minecraft:item/netherite_chestplate_iron_trim"},"when":"minecraft:iron"},{"model":{"type":"minecraft:model","model":"minecraft:item/netherite_chestplate_netherite_trim"},"when":"minecraft:netherite"},{"model":{"type":"minecraft:model","model":"minecraft:item/netherite_chestplate_redstone_trim"},"when":"minecraft:redstone"},{"model":{"type":"minecraft:model","model":"minecraft:item/netherite_chestplate_copper_trim"},"when":"minecraft:copper"},{"model":{"type":"minecraft:model","model":"minecraft:item/netherite_chestplate_gold_trim"},"when":"minecraft:gold"},{"model":{"type":"minecraft:model","model":"minecraft:item/netherite_chestplate_emerald_trim"},"when":"minecraft:emerald"},{"model":{"type":"minecraft:model","model":"minecraft:item/netherite_chestplate_diamond_trim"},"when":"minecraft:diamond"},{"model":{"type":"minecraft:model","model":"minecraft:item/netherite_chestplate_lapis_trim"},"when":"minecraft:lapis"},{"model":{"type":"minecraft:model","model":"minecraft:item/netherite_chestplate_amethyst_trim"},"when":"minecraft:amethyst"},{"model":{"type":"minecraft:model","model":"minecraft:item/netherite_chestplate_resin_trim"},"when":"minecraft:resin"}],"fallback":{"type":"minecraft:model","model":"minecraft:item/netherite_chestplate"},"property":"minecraft:trim_material","model":"item/netherite_chestplate"}}]},"oversized_in_gui":true}