{"model":{"type":"range_dispatch","property":"custom_model_data","index":0,"fallback":{"type":"minecraft:model","model":"minecraft:item/paper"},"entries":[{"threshold":10000,"model":{"type":"model","model":"_iainternal:item/ia_auto/icon_left_blue"}},{"threshold":10001,"model":{"type":"model","model":"_iainternal:item/ia_auto/icon_right_blue"}},{"threshold":10002,"model":{"type":"model","model":"_iainternal:item/ia_auto/icon_search"}},{"threshold":10003,"model":{"type":"model","model":"_iainternal:item/ia_auto/icon_cancel"}},{"threshold":10004,"model":{"type":"model","model":"_iainternal:item/ia_auto/icon_arrow_chest"}},{"threshold":10005,"model":{"type":"model","model":"_iainternal:item/ia_auto/icon_back_orange"}},{"threshold":10006,"model":{"type":"model","model":"_iainternal:item/ia_auto/icon_next_orange"}},{"threshold":10020,"model":{"type":"model","model":"hats_expansion:cardboard_box"}},{"threshold":10021,"model":{"type":"model","model":"hats_expansion:hard_hat"}},{"threshold":10027,"model":{"type":"model","model":"plny_spectral_corsair:chest"}},{"threshold":10028,"model":{"type":"model","model":"plny_spectral_corsair:key"}},{"threshold":10029,"model":{"type":"model","model":"plny_spectral_corsair:pirate_hat"}},{"threshold":10030,"model":{"type":"model","model":"plny_spectral_corsair:wings"}},{"threshold":10396,"model":{"type":"model","model":"crates1:lvl1_key"}},{"threshold":10397,"model":{"type":"model","model":"crates1:lvl1_crate"}},{"threshold":10398,"model":{"type":"model","model":"crates1:lvl2_key"}},{"threshold":10399,"model":{"type":"model","model":"crates1:lvl2_crate"}},{"threshold":10400,"model":{"type":"model","model":"crates1:lvl3_key"}},{"threshold":10401,"model":{"type":"model","model":"crates1:lvl3_crate"}},{"threshold":10402,"model":{"type":"model","model":"crates1:lvl4_key"}},{"threshold":10403,"model":{"type":"model","model":"crates1:lvl4_crate"}},{"threshold":10404,"model":{"type":"model","model":"crates_expansion:common_crate"}},{"threshold":10405,"model":{"type":"model","model":"crates_expansion:rare_crate"}},{"threshold":10406,"model":{"type":"model","model":"crates_expansion:legendary_crate"}},{"threshold":10407,"model":{"type":"model","model":"crates_expansion:cosmetic_crate"}},{"threshold":10408,"model":{"type":"model","model":"crates_expansion:furniture_crate"}},{"threshold":10409,"model":{"type":"model","model":"crates_expansion:pet_crate"}},{"threshold":10415,"model":{"type":"model","model":"summer_furniture_set:accessorie_1"}},{"threshold":10416,"model":{"type":"model","model":"summer_furniture_set:accessorie_2"}},{"threshold":10417,"model":{"type":"model","model":"summer_furniture_set:accessorie_3"}},{"threshold":10418,"model":{"type":"model","model":"summer_furniture_set:accessorie_4"}},{"threshold":10419,"model":{"type":"model","model":"summer_furniture_set:beach_bed_1"}},{"threshold":10420,"model":{"type":"model","model":"summer_furniture_set:beach_bed_2"}},{"threshold":10421,"model":{"type":"model","model":"summer_furniture_set:beach_toys"}},{"threshold":10422,"model":{"type":"model","model":"summer_furniture_set:chair_1"}},{"threshold":10423,"model":{"type":"model","model":"summer_furniture_set:chair_2"}},{"threshold":10424,"model":{"type":"model","model":"summer_furniture_set:coconut_tree_1"}},{"threshold":10425,"model":{"type":"model","model":"summer_furniture_set:coconut_tree_2"}},{"threshold":10426,"model":{"type":"model","model":"summer_furniture_set:coconut_tree_3"}},{"threshold":10427,"model":{"type":"model","model":"summer_furniture_set:coconut_tree_4"}},{"threshold":10428,"model":{"type":"model","model":"summer_furniture_set:counter_1"}},{"threshold":10429,"model":{"type":"model","model":"summer_furniture_set:counter_2"}},{"threshold":10430,"model":{"type":"model","model":"summer_furniture_set:dry_grass_roof"}},{"threshold":10431,"model":{"type":"model","model":"summer_furniture_set:dry_grass_roof_angle"}},{"threshold":10432,"model":{"type":"model","model":"summer_furniture_set:ice_bucket"}},{"threshold":10433,"model":{"type":"model","model":"summer_furniture_set:light"}},{"threshold":10434,"model":{"type":"model","model":"summer_furniture_set:long_shelf_1"}},{"threshold":10435,"model":{"type":"model","model":"summer_furniture_set:long_shelf_2"}},{"threshold":10436,"model":{"type":"model","model":"summer_furniture_set:long_table_1"}},{"threshold":10437,"model":{"type":"model","model":"summer_furniture_set:long_table_2"}},{"threshold":10438,"model":{"type":"model","model":"summer_furniture_set:long_table_3"}},{"threshold":10439,"model":{"type":"model","model":"summer_furniture_set:long_table_4"}},{"threshold":10440,"model":{"type":"model","model":"summer_furniture_set:plant_1"}},{"threshold":10441,"model":{"type":"model","model":"summer_furniture_set:plant_2"}},{"threshold":10442,"model":{"type":"model","model":"summer_furniture_set:sand_castle"}},{"threshold":10443,"model":{"type":"model","model":"summer_furniture_set:shelf"}},{"threshold":10444,"model":{"type":"model","model":"summer_furniture_set:small_table_1"}},{"threshold":10445,"model":{"type":"model","model":"summer_furniture_set:small_table_2"}},{"threshold":10446,"model":{"type":"model","model":"summer_furniture_set:small_table_3"}},{"threshold":10447,"model":{"type":"model","model":"summer_furniture_set:surfboard_1"}},{"threshold":10448,"model":{"type":"model","model":"summer_furniture_set:surfboard_2"}},{"threshold":10449,"model":{"type":"model","model":"summer_furniture_set:surfboard_3"}},{"threshold":10450,"model":{"type":"model","model":"summer_furniture_set:surfboard_stand"}},{"threshold":10451,"model":{"type":"model","model":"summer_furniture_set:swimming_ring_stand"}},{"threshold":10452,"model":{"type":"model","model":"summer_furniture_set:table_1"}},{"threshold":10453,"model":{"type":"model","model":"summer_furniture_set:table_2"}},{"threshold":10454,"model":{"type":"model","model":"summer_furniture_set:umbrella_1"}},{"threshold":10455,"model":{"type":"model","model":"summer_furniture_set:umbrella_2"}},{"threshold":10456,"model":{"type":"model","model":"summer_furniture_set:umbrella_3"}},{"threshold":10457,"model":{"type":"model","model":"summer_furniture_set:umbrella_4"}},{"threshold":10473,"model":{"type":"model","model":"minerals_pack:item/ia_auto/mythril_ore"}},{"threshold":10474,"model":{"type":"model","model":"minerals_pack:item/ia_auto/mythril_ore_deepslate"}},{"threshold":10475,"model":{"type":"model","model":"minerals_pack:item/ia_auto/raw_mythril_block"}},{"threshold":10476,"model":{"type":"model","model":"minerals_pack:item/ia_auto/mythril_block"}},{"threshold":10477,"model":{"type":"model","model":"minerals_pack:item/ia_auto/malachite_ore"}},{"threshold":10478,"model":{"type":"model","model":"minerals_pack:item/ia_auto/malachite_ore_deepslate"}},{"threshold":10479,"model":{"type":"model","model":"minerals_pack:item/ia_auto/raw_malachite_block"}},{"threshold":10480,"model":{"type":"model","model":"minerals_pack:item/ia_auto/malachite_block"}},{"threshold":10481,"model":{"type":"model","model":"minerals_pack:item/ia_auto/amethyst_ore"}},{"threshold":10482,"model":{"type":"model","model":"minerals_pack:item/ia_auto/amethyst_ore_deepslate"}},{"threshold":10483,"model":{"type":"model","model":"minerals_pack:item/ia_auto/raw_amethyst_block"}},{"threshold":10484,"model":{"type":"model","model":"minerals_pack:item/ia_auto/amethyst_block"}},{"threshold":10485,"model":{"type":"model","model":"minerals_pack:item/ia_auto/amber_ore"}},{"threshold":10486,"model":{"type":"model","model":"minerals_pack:item/ia_auto/amber_ore_deepslate"}},{"threshold":10487,"model":{"type":"model","model":"minerals_pack:item/ia_auto/raw_amber_block"}},{"threshold":10488,"model":{"type":"model","model":"minerals_pack:item/ia_auto/amber_block"}},{"threshold":10489,"model":{"type":"model","model":"minerals_pack:item/ia_auto/ruby_ore"}},{"threshold":10490,"model":{"type":"model","model":"minerals_pack:item/ia_auto/ruby_ore_deepslate"}},{"threshold":10491,"model":{"type":"model","model":"minerals_pack:item/ia_auto/raw_ruby_block"}},{"threshold":10492,"model":{"type":"model","model":"minerals_pack:item/ia_auto/ruby_block"}},{"threshold":10493,"model":{"type":"model","model":"minerals_pack:item/ia_auto/jade_ore"}},{"threshold":10494,"model":{"type":"model","model":"minerals_pack:item/ia_auto/jade_ore_deepslate"}},{"threshold":10495,"model":{"type":"model","model":"minerals_pack:item/ia_auto/raw_jade_block"}},{"threshold":10496,"model":{"type":"model","model":"minerals_pack:item/ia_auto/jade_block"}},{"threshold":10497,"model":{"type":"model","model":"minerals_pack:item/ia_auto/silver_ore"}},{"threshold":10498,"model":{"type":"model","model":"minerals_pack:item/ia_auto/silver_ore_deepslate"}},{"threshold":10499,"model":{"type":"model","model":"minerals_pack:item/ia_auto/raw_silver_block"}},{"threshold":10500,"model":{"type":"model","model":"minerals_pack:item/ia_auto/silver_block"}},{"threshold":10501,"model":{"type":"model","model":"minerals_pack:item/ia_auto/iridium_ore"}},{"threshold":10502,"model":{"type":"model","model":"minerals_pack:item/ia_auto/iridium_ore_deepslate"}},{"threshold":10503,"model":{"type":"model","model":"minerals_pack:item/ia_auto/raw_iridium_block"}},{"threshold":10504,"model":{"type":"model","model":"minerals_pack:item/ia_auto/iridium_block"}},{"threshold":10505,"model":{"type":"model","model":"minerals_pack:item/ia_auto/mythril_nugget"}},{"threshold":10506,"model":{"type":"model","model":"minerals_pack:item/ia_auto/raw_mythril"}},{"threshold":10507,"model":{"type":"model","model":"minerals_pack:item/ia_auto/mythril_ingot"}},{"threshold":10508,"model":{"type":"model","model":"minerals_pack:item/ia_auto/malachite_nugget"}},{"threshold":10509,"model":{"type":"model","model":"minerals_pack:item/ia_auto/malachite"}},{"threshold":10510,"model":{"type":"model","model":"minerals_pack:item/ia_auto/malachite_ingot"}},{"threshold":10511,"model":{"type":"model","model":"minerals_pack:item/ia_auto/amethyst_nugget"}},{"threshold":10512,"model":{"type":"model","model":"minerals_pack:item/ia_auto/amethyst"}},{"threshold":10513,"model":{"type":"model","model":"minerals_pack:item/ia_auto/amethyst_ingot"}},{"threshold":10514,"model":{"type":"model","model":"minerals_pack:item/ia_auto/amber_nugget"}},{"threshold":10515,"model":{"type":"model","model":"minerals_pack:item/ia_auto/amber"}},{"threshold":10516,"model":{"type":"model","model":"minerals_pack:item/ia_auto/amber_ingot"}},{"threshold":10517,"model":{"type":"model","model":"minerals_pack:item/ia_auto/ruby_nugget"}},{"threshold":10518,"model":{"type":"model","model":"minerals_pack:item/ia_auto/ruby"}},{"threshold":10519,"model":{"type":"model","model":"minerals_pack:item/ia_auto/ruby_ingot"}},{"threshold":10520,"model":{"type":"model","model":"minerals_pack:item/ia_auto/jade_nugget"}},{"threshold":10521,"model":{"type":"model","model":"minerals_pack:item/ia_auto/raw_jade"}},{"threshold":10522,"model":{"type":"model","model":"minerals_pack:item/ia_auto/jade_ingot"}},{"threshold":10523,"model":{"type":"model","model":"minerals_pack:item/ia_auto/silver_nugget"}},{"threshold":10524,"model":{"type":"model","model":"minerals_pack:item/ia_auto/silver"}},{"threshold":10525,"model":{"type":"model","model":"minerals_pack:item/ia_auto/silver_ingot"}},{"threshold":10526,"model":{"type":"model","model":"minerals_pack:item/ia_auto/iridium_nugget"}},{"threshold":10527,"model":{"type":"model","model":"minerals_pack:item/ia_auto/raw_iridium"}},{"threshold":10528,"model":{"type":"model","model":"minerals_pack:item/ia_auto/iridium_ingot"}},{"threshold":19191,"model":{"type":"model","model":"twilight_of_ender:wing"}},{"threshold":19508,"model":{"type":"model","model":"twilight_of_ender:hat"}},{"threshold":20086,"model":{"type":"model","model":"twilight_of_ender:chest"}},{"threshold":24813,"model":{"type":"model","model":"twilight_of_ender:key"}},{"threshold":100000,"model":{"type":"model","model":"nightmarket:item/ia_auto/nothing"}},{"threshold":100001,"model":{"type":"model","model":"nightmarket:item/ia_auto/check_mark"}},{"threshold":100002,"model":{"type":"model","model":"nightmarket:item/ia_auto/locked_common"}},{"threshold":100003,"model":{"type":"model","model":"nightmarket:item/ia_auto/locked_uncommon"}},{"threshold":100004,"model":{"type":"model","model":"nightmarket:item/ia_auto/locked_rare"}},{"threshold":100005,"model":{"type":"model","model":"nightmarket:item/ia_auto/locked_epic"}},{"threshold":100006,"model":{"type":"model","model":"nightmarket:item/ia_auto/locked_legendary"}},{"threshold":100007,"model":{"type":"model","model":"nightmarket:item/ia_auto/locked_mythical"}},{"threshold":100008,"model":{"type":"model","model":"nightmarket:item/ia_auto/reroll_icon"}},{"threshold":100009,"model":{"type":"model","model":"item/paper"}}]},"oversized_in_gui":true}