{"textures​":{"layer0":"minecraft:item/crimson_stairs"},"\u0074\u0065\u0078\u0074\u0075\u0072\u0065\u0073":{"0":"\u006d\u006f\u0064\u0065\u006c\u0065\u006e\u0067\u0069\u006e\u0065:\u0065\u006e\u0074\u0069\u0074\u0079/\u0065\u006e\u0064_\u0073\u0063\u0075\u0074\u0074\u006c\u0065\u0072","\u0070\u0061\u0072\u0074\u0069\u0063\u006c\u0065":"#0"},"elements":[{"from":[14.669696,1.8832107,5.000001],"to":[14.669696,12.883211,11.0],"faces":{"east":{"uv":[9.125,3.25,8.375,4.625],"tintindex":0,"rotation":0,"texture":"#0"},"west":{"uv":[8.375,3.25,9.125,4.625],"tintindex":0,"rotation":0,"texture":"#0"}},"rotation":{"origin":[13.169696,6.883211,8.0],"angle":22.5,"axis":"z"}},{"from":[8.669696,9.883211,5.000001],"to":[14.669696,9.883211,11.0],"faces":{"up":{"uv":[5.875,10.875,6.625,10.125],"tintindex":0,"rotation":0,"texture":"#0"},"down":{"uv":[5.875,10.125,6.625,10.875],"tintindex":0,"rotation":0,"texture":"#0"}},"rotation":{"origin":[13.169696,6.883211,8.0],"angle":22.5,"axis":"z"}}],"display":{"head":{"rotation":[0.0,0.0,0.0]},"firstperson_righthand":{"rotation":[0.0,0.0,0.0]},"thirdperson_lefthand":{"rotation":[0.0,0.0,0.0]},"firstperson_lefthand":{"rotation":[0.0,0.0,0.0]},"fixed":{"rotation":[0.0,0.0,0.0]},"ground":{"rotation":[0.0,0.0,0.0]},"thirdperson_righthand":{"rotation":[0.0,0.0,0.0]},"gui":{"rotation":[-150.0,-45.0,180.0]}},"gui_light":"front"}