{"parent​":"minecraft:item/bamboo_sign","textures​":{"\u006c\u0061\u0079\u0065\u00720":"\u006d\u0069\u006e\u0065\u0063\u0072\u0061\u0066\u0074:\u0069\u0074\u0065\u006d/\u006e\u0061\u006d\u0065_\u0074\u0061\u0067"},"\u0070\u0061\u0072\u0065\u006e\u0074":"\u006d\u0069\u006e\u0065\u0063\u0072\u0061\u0066\u0074:\u0069\u0074\u0065\u006d/\u0067\u0065\u006e\u0065\u0072\u0061\u0074\u0065\u0064","\u0074\u0065\u0078\u0074\u0075\u0072\u0065\u0073":{"\u006c\u0061\u0079\u0065\u00720":"\u006d\u0069\u006e\u0065\u0063\u0072\u0061\u0066\u0074:\u0069\u0074\u0065\u006d/\u006e\u0061\u006d\u0065_\u0074\u0061\u0067"},"overrides":[{"predicate":{"custom_model_data":1},"model":"supreme_icons:item/ia_auto/mask-1"},{"predicate":{"custom_model_data":2},"model":"supreme_icons:item/ia_auto/mask-2"},{"predicate":{"custom_model_data":3},"model":"supreme_icons:item/ia_auto/mask-3"},{"predicate":{"custom_model_data":4},"model":"supreme_icons:item/ia_auto/mask-4"},{"predicate":{"custom_model_data":5},"model":"supreme_icons:item/ia_auto/mask-5"},{"predicate":{"custom_model_data":6},"model":"supreme_icons:item/ia_auto/mask-6"},{"predicate":{"custom_model_data":7},"model":"supreme_icons:item/ia_auto/mask-7"},{"predicate":{"custom_model_data":8},"model":"supreme_icons:item/ia_auto/hat-1"},{"predicate":{"custom_model_data":9},"model":"supreme_icons:item/ia_auto/hat-2"},{"predicate":{"custom_model_data":10},"model":"supreme_icons:item/ia_auto/hat-3"},{"predicate":{"custom_model_data":11},"model":"supreme_icons:item/ia_auto/hat-4"},{"predicate":{"custom_model_data":12},"model":"supreme_icons:item/ia_auto/hat-5"},{"predicate":{"custom_model_data":13},"model":"supreme_icons:item/ia_auto/hat-6"},{"predicate":{"custom_model_data":14},"model":"supreme_icons:item/ia_auto/gift-1"},{"predicate":{"custom_model_data":15},"model":"supreme_icons:item/ia_auto/gift-2"},{"predicate":{"custom_model_data":16},"model":"supreme_icons:item/ia_auto/gift-3"},{"predicate":{"custom_model_data":17},"model":"supreme_icons:item/ia_auto/gift-4"},{"predicate":{"custom_model_data":18},"model":"supreme_icons:item/ia_auto/gift-5"},{"predicate":{"custom_model_data":19},"model":"supreme_icons:item/ia_auto/gift-6"},{"predicate":{"custom_model_data":20},"model":"supreme_icons:item/ia_auto/bubble-1"},{"predicate":{"custom_model_data":21},"model":"supreme_icons:item/ia_auto/bubble-2"},{"predicate":{"custom_model_data":22},"model":"supreme_icons:item/ia_auto/bubble-3"},{"predicate":{"custom_model_data":23},"model":"supreme_icons:item/ia_auto/bubble-4"},{"predicate":{"custom_model_data":24},"model":"supreme_icons:item/ia_auto/bubble-5"},{"predicate":{"custom_model_data":25},"model":"supreme_icons:item/ia_auto/bubble-6"},{"predicate":{"custom_model_data":26},"model":"supreme_icons:item/ia_auto/bubble-7"},{"predicate":{"custom_model_data":27},"model":"supreme_icons:item/ia_auto/bubble-8"},{"predicate":{"custom_model_data":29},"model":"supreme_icons:item/ia_auto/book"},{"predicate":{"custom_model_data":30},"model":"supreme_icons:item/ia_auto/candy"},{"predicate":{"custom_model_data":31},"model":"supreme_icons:item/ia_auto/m-chest"},{"predicate":{"custom_model_data":32},"model":"supreme_icons:item/ia_auto/cloud"},{"predicate":{"custom_model_data":33},"model":"supreme_icons:item/ia_auto/flame"},{"predicate":{"custom_model_data":34},"model":"supreme_icons:item/ia_auto/hammer"},{"predicate":{"custom_model_data":35},"model":"supreme_icons:item/ia_auto/medal"},{"predicate":{"custom_model_data":36},"model":"supreme_icons:item/ia_auto/sleeping"},{"predicate":{"custom_model_data":37},"model":"supreme_icons:item/ia_auto/small-star"},{"predicate":{"custom_model_data":38},"model":"supreme_icons:item/ia_auto/spell"},{"predicate":{"custom_model_data":39},"model":"supreme_icons:item/ia_auto/spider"},{"predicate":{"custom_model_data":40},"model":"supreme_icons:item/ia_auto/star"},{"predicate":{"custom_model_data":41},"model":"supreme_icons:item/ia_auto/sword"},{"predicate":{"custom_model_data":42},"model":"supreme_icons:item/ia_auto/thunder"},{"predicate":{"custom_model_data":43},"model":"supreme_icons:item/ia_auto/hat"},{"predicate":{"custom_model_data":44},"model":"supreme_icons:item/ia_auto/treasure"},{"predicate":{"custom_model_data":45},"model":"supreme_icons:item/ia_auto/trophy"},{"predicate":{"custom_model_data":46},"model":"supreme_icons:item/ia_auto/heart"},{"predicate":{"custom_model_data":47},"model":"supreme_icons:item/ia_auto/coin"},{"predicate":{"custom_model_data":48},"model":"supreme_icons:item/ia_auto/gem"},{"predicate":{"custom_model_data":49},"model":"supreme_icons:item/ia_auto/cup"},{"predicate":{"custom_model_data":50},"model":"supreme_icons:item/ia_auto/small-shield"},{"predicate":{"custom_model_data":51},"model":"supreme_icons:item/ia_auto/shield-1"},{"predicate":{"custom_model_data":52},"model":"supreme_icons:item/ia_auto/shield-2"},{"predicate":{"custom_model_data":53},"model":"supreme_icons:item/ia_auto/shield-3"},{"predicate":{"custom_model_data":54},"model":"supreme_icons:item/ia_auto/wing"},{"predicate":{"custom_model_data":55},"model":"supreme_icons:item/ia_auto/small-candy"},{"predicate":{"custom_model_data":56},"model":"supreme_icons:item/ia_auto/blue-gem"},{"predicate":{"custom_model_data":57},"model":"supreme_icons:item/ia_auto/anvil"},{"predicate":{"custom_model_data":58},"model":"supreme_icons:item/ia_auto/crystal-1"},{"predicate":{"custom_model_data":59},"model":"supreme_icons:item/ia_auto/crystal-2"},{"predicate":{"custom_model_data":60},"model":"supreme_icons:item/ia_auto/crystal-3"},{"predicate":{"custom_model_data":61},"model":"supreme_icons:item/ia_auto/crystal-4"},{"predicate":{"custom_model_data":62},"model":"supreme_icons:item/ia_auto/crystal-5"},{"predicate":{"custom_model_data":63},"model":"supreme_icons:item/ia_auto/crystal-6"},{"predicate":{"custom_model_data":64},"model":"supreme_icons:item/ia_auto/crystal-7"},{"predicate":{"custom_model_data":65},"model":"supreme_icons:item/ia_auto/crystal-8"},{"predicate":{"custom_model_data":66},"model":"supreme_icons:item/ia_auto/crystal-9"},{"predicate":{"custom_model_data":67},"model":"supreme_icons:item/ia_auto/crystal-10"},{"predicate":{"custom_model_data":68},"model":"supreme_icons:item/ia_auto/ruby-1"},{"predicate":{"custom_model_data":69},"model":"supreme_icons:item/ia_auto/ruby-2"},{"predicate":{"custom_model_data":70},"model":"supreme_icons:item/ia_auto/ruby-3"},{"predicate":{"custom_model_data":71},"model":"supreme_icons:item/ia_auto/ruby-4"},{"predicate":{"custom_model_data":72},"model":"supreme_icons:item/ia_auto/ruby-5"},{"predicate":{"custom_model_data":73},"model":"supreme_icons:item/ia_auto/ruby-6"},{"predicate":{"custom_model_data":74},"model":"supreme_icons:item/ia_auto/ruby-7"},{"predicate":{"custom_model_data":75},"model":"supreme_icons:item/ia_auto/ruby-8"},{"predicate":{"custom_model_data":76},"model":"supreme_icons:item/ia_auto/light"},{"predicate":{"custom_model_data":77},"model":"supreme_icons:item/ia_auto/update-1"},{"predicate":{"custom_model_data":78},"model":"supreme_icons:item/ia_auto/update-2"},{"predicate":{"custom_model_data":79},"model":"supreme_icons:item/ia_auto/update-3"},{"predicate":{"custom_model_data":80},"model":"supreme_icons:item/ia_auto/update-4"},{"predicate":{"custom_model_data":81},"model":"supreme_icons:item/ia_auto/update-5"},{"predicate":{"custom_model_data":82},"model":"supreme_icons:item/ia_auto/update-6"},{"predicate":{"custom_model_data":83},"model":"supreme_icons:item/ia_auto/update-7"},{"predicate":{"custom_model_data":84},"model":"supreme_icons:item/ia_auto/update-8"},{"predicate":{"custom_model_data":85},"model":"supreme_icons:item/ia_auto/update-9"},{"predicate":{"custom_model_data":86},"model":"supreme_icons:item/ia_auto/update-10"},{"predicate":{"custom_model_data":87},"model":"supreme_icons:item/ia_auto/update-11"},{"predicate":{"custom_model_data":88},"model":"supreme_icons:item/ia_auto/update-12"},{"predicate":{"custom_model_data":89},"model":"supreme_icons:item/ia_auto/update-13"},{"predicate":{"custom_model_data":90},"model":"supreme_icons:item/ia_auto/update-14"},{"predicate":{"custom_model_data":91},"model":"item/name_tag"}]}