{"elements":[{"from":[6.499508,-3.4916105,5.5668287],"to":[9.100885,6.913902,9.283083],"rotation":{"angle":22.5,"axis":"x","origin":[7.428571,7.041673,11.041674]},"faces":{"east":{"uv":[6.6875,10.5625,7.0,11.4375],"rotation":0,"texture":"#0","tintindex":0},"south":{"uv":[7.625,11.5,7.84375,12.375],"rotation":0,"texture":"#0","tintindex":0},"north":{"uv":[7.375,11.5,7.59375,12.375],"rotation":0,"texture":"#0","tintindex":0},"west":{"uv":[5.25,10.625,5.5625,11.5],"rotation":0,"texture":"#0","tintindex":0},"up":{"uv":[4.53125,12.3125,4.3125,12.0],"rotation":0,"texture":"#0","tintindex":0},"down":{"uv":[4.78125,12.0,4.5625,12.3125],"rotation":0,"texture":"#0","tintindex":0}}},{"from":[7.8001966,-2.7841377,9.1780615],"to":[7.8001966,-1.297636,12.151065],"rotation":{"angle":0.0,"axis":"y","origin":[7.428571,1.1428566,5.142857]},"faces":{"east":{"uv":[4.3125,12.3125,4.5625,12.4375],"rotation":0,"texture":"#0","tintindex":0},"south":{"uv":[0.0,0.0,0.0,0.125],"rotation":0,"texture":"#0","tintindex":0},"north":{"uv":[0.0,0.0,0.0,0.125],"rotation":0,"texture":"#0","tintindex":0},"west":{"uv":[4.5625,12.3125,4.8125,12.4375],"rotation":0,"texture":"#0","tintindex":0},"up":{"uv":[0.0,0.25,0.0,0.0],"rotation":0,"texture":"#0","tintindex":0},"down":{"uv":[0.0,0.0,0.0,0.25],"rotation":0,"texture":"#0","tintindex":0}}},{"from":[6.1278825,-2.5983248,3.2320542],"to":[9.472511,-1.1118231,6.205058],"rotation":{"angle":0.0,"axis":"y","origin":[7.428571,1.1428566,5.142857]},"faces":{"east":{"uv":[12.3125,4.625,12.5625,4.75],"rotation":0,"texture":"#0","tintindex":0},"south":{"uv":[11.0,12.1875,11.28125,12.3125],"rotation":0,"texture":"#0","tintindex":0},"north":{"uv":[12.1875,10.75,12.46875,10.875],"rotation":0,"texture":"#0","tintindex":0},"west":{"uv":[12.3125,4.75,12.5625,4.875],"rotation":0,"texture":"#0","tintindex":0},"up":{"uv":[8.78125,10.375,8.5,10.125],"rotation":0,"texture":"#0","tintindex":0},"down":{"uv":[3.96875,12.0,3.6875,12.25],"rotation":0,"texture":"#0","tintindex":0}}},{"from":[7.056946,-2.7841377,6.205058],"to":[8.5434475,-1.297636,9.1780615],"rotation":{"angle":0.0,"axis":"y","origin":[7.428571,1.1428566,5.142857]},"faces":{"east":{"uv":[12.3125,3.0625,12.5625,3.1875],"rotation":0,"texture":"#0","tintindex":0},"south":{"uv":[12.125,12.4375,12.25,12.5625],"rotation":0,"texture":"#0","tintindex":0},"north":{"uv":[12.4375,11.5,12.5625,11.625],"rotation":0,"texture":"#0","tintindex":0},"west":{"uv":[12.3125,3.1875,12.5625,3.3125],"rotation":0,"texture":"#0","tintindex":0},"up":{"uv":[12.4375,3.5625,12.3125,3.3125],"rotation":0,"texture":"#0","tintindex":0},"down":{"uv":[12.4375,3.9375,12.3125,4.1875],"rotation":0,"texture":"#0","tintindex":0}}},{"from":[6.1278825,-2.5983248,1.0023022],"to":[9.472511,-1.1118231,3.2320542],"rotation":{"angle":0.0,"axis":"y","origin":[7.428571,1.1428566,5.142857]},"faces":{"east":{"uv":[9.875,4.625,10.0625,4.75],"rotation":0,"texture":"#0","tintindex":0},"south":{"uv":[12.1875,10.625,12.46875,10.75],"rotation":0,"texture":"#0","tintindex":0},"north":{"uv":[12.1875,10.5,12.46875,10.625],"rotation":0,"texture":"#0","tintindex":0},"west":{"uv":[9.875,7.0625,10.0625,7.1875],"rotation":0,"texture":"#0","tintindex":0},"up":{"uv":[12.34375,1.0625,12.0625,0.875],"rotation":0,"texture":"#0","tintindex":0},"down":{"uv":[12.34375,1.0625,12.0625,1.25],"rotation":0,"texture":"#0","tintindex":0}}},{"from":[5.570444,-2.7841377,-1.2274504],"to":[7.056946,-1.297636,1.745553],"rotation":{"angle":22.5,"axis":"y","origin":[6.285714,-1.7142859,1.7142854]},"faces":{"east":{"uv":[0.875,12.3125,1.125,12.4375],"rotation":0,"texture":"#0","tintindex":0},"south":{"uv":[11.4375,12.4375,11.5625,12.5625],"rotation":0,"texture":"#0","tintindex":0},"north":{"uv":[11.3125,12.4375,11.4375,12.5625],"rotation":0,"texture":"#0","tintindex":0},"west":{"uv":[1.125,12.3125,1.375,12.4375],"rotation":0,"texture":"#0","tintindex":0},"up":{"uv":[1.5,12.5625,1.375,12.3125],"rotation":0,"texture":"#0","tintindex":0},"down":{"uv":[12.4375,1.375,12.3125,1.625],"rotation":0,"texture":"#0","tintindex":0}}},{"from":[6.313695,-2.7841377,-4.2004538],"to":[6.313695,-1.297636,-1.2274504],"rotation":{"angle":22.5,"axis":"y","origin":[6.285714,-1.7142859,1.7142854]},"faces":{"east":{"uv":[8.5,12.25,8.75,12.375],"rotation":0,"texture":"#0","tintindex":0},"south":{"uv":[0.0,0.0,0.0,0.125],"rotation":0,"texture":"#0","tintindex":0},"north":{"uv":[0.0,0.0,0.0,0.125],"rotation":0,"texture":"#0","tintindex":0},"west":{"uv":[8.75,12.25,9.0,12.375],"rotation":0,"texture":"#0","tintindex":0},"up":{"uv":[0.0,0.25,0.0,0.0],"rotation":0,"texture":"#0","tintindex":0},"down":{"uv":[0.0,0.0,0.0,0.25],"rotation":0,"texture":"#0","tintindex":0}}},{"from":[7.8001966,-2.7841377,-4.2004538],"to":[7.8001966,-1.297636,-1.2274504],"rotation":{"angle":0.0,"axis":"y","origin":[7.428571,1.1428566,5.142857]},"faces":{"east":{"uv":[12.25,11.125,12.5,11.25],"rotation":0,"texture":"#0","tintindex":0},"south":{"uv":[0.0,0.0,0.0,0.125],"rotation":0,"texture":"#0","tintindex":0},"north":{"uv":[0.0,0.0,0.0,0.125],"rotation":0,"texture":"#0","tintindex":0},"west":{"uv":[0.625,12.3125,0.875,12.4375],"rotation":0,"texture":"#0","tintindex":0},"up":{"uv":[0.0,0.25,0.0,0.0],"rotation":0,"texture":"#0","tintindex":0},"down":{"uv":[0.0,0.0,0.0,0.25],"rotation":0,"texture":"#0","tintindex":0}}},{"from":[7.056946,-2.7841377,-1.2274504],"to":[8.5434475,-1.297636,1.745553],"rotation":{"angle":0.0,"axis":"y","origin":[7.428571,1.1428566,5.142857]},"faces":{"east":{"uv":[8.25,10.6875,8.5,10.8125],"rotation":0,"texture":"#0","tintindex":0},"south":{"uv":[10.8125,12.4375,10.9375,12.5625],"rotation":0,"texture":"#0","tintindex":0},"north":{"uv":[10.6875,12.4375,10.8125,12.5625],"rotation":0,"texture":"#0","tintindex":0},"west":{"uv":[12.25,6.5625,12.5,6.6875],"rotation":0,"texture":"#0","tintindex":0},"up":{"uv":[12.375,7.125,12.25,6.875],"rotation":0,"texture":"#0","tintindex":0},"down":{"uv":[8.5,12.25,8.375,12.5],"rotation":0,"texture":"#0","tintindex":0}}},{"from":[8.5434475,-2.7841377,-1.2274504],"to":[10.029949,-1.297636,1.745553],"rotation":{"angle":-22.5,"axis":"y","origin":[9.142858,-2.285715,1.7142854]},"faces":{"east":{"uv":[9.0,12.25,9.25,12.375],"rotation":0,"texture":"#0","tintindex":0},"south":{"uv":[11.0625,12.4375,11.1875,12.5625],"rotation":0,"texture":"#0","tintindex":0},"north":{"uv":[10.9375,12.4375,11.0625,12.5625],"rotation":0,"texture":"#0","tintindex":0},"west":{"uv":[9.5,12.25,9.75,12.375],"rotation":0,"texture":"#0","tintindex":0},"up":{"uv":[9.375,12.5,9.25,12.25],"rotation":0,"texture":"#0","tintindex":0},"down":{"uv":[12.375,10.875,12.25,11.125],"rotation":0,"texture":"#0","tintindex":0}}},{"from":[9.286698,-2.7841377,-4.2004538],"to":[9.286698,-1.297636,-1.2274504],"rotation":{"angle":-22.5,"axis":"y","origin":[9.142858,-2.285715,1.7142854]},"faces":{"east":{"uv":[2.0625,12.3125,2.3125,12.4375],"rotation":0,"texture":"#0","tintindex":0},"south":{"uv":[0.0,0.0,0.0,0.125],"rotation":0,"texture":"#0","tintindex":0},"north":{"uv":[0.0,0.0,0.0,0.125],"rotation":0,"texture":"#0","tintindex":0},"west":{"uv":[2.3125,12.3125,2.5625,12.4375],"rotation":0,"texture":"#0","tintindex":0},"up":{"uv":[0.0,0.25,0.0,0.0],"rotation":0,"texture":"#0","tintindex":0},"down":{"uv":[0.0,0.0,0.0,0.25],"rotation":0,"texture":"#0","tintindex":0}}}],"textures":{"0":"modelengine:entity/cursed_dragon"},"display":{"head":{"translation":[0.0,-6.4,0.0],"scale":[4.0,4.0,4.0]}}}