{"elements":[{"from":[4.272893,5.1107526,-6.025729],"to":[11.3337755,11.056759,0.6635294],"rotation":{"angle":0.0,"axis":"y","origin":[7.803334,8.0837555,0.6635294]},"faces":{"east":{"uv":[10.5,3.1875,11.0625,3.6875],"rotation":0,"texture":"#0","tintindex":0},"south":{"uv":[10.5,2.6875,11.09375,3.1875],"rotation":0,"texture":"#0","tintindex":0},"north":{"uv":[10.5,0.625,11.09375,1.125],"rotation":0,"texture":"#0","tintindex":0},"west":{"uv":[6.125,10.5625,6.6875,11.0625],"rotation":0,"texture":"#0","tintindex":0},"up":{"uv":[8.46875,10.6875,7.875,10.125],"rotation":0,"texture":"#0","tintindex":0},"down":{"uv":[10.78125,8.6875,10.1875,9.25],"rotation":0,"texture":"#0","tintindex":0}}},{"from":[7.803334,11.056759,-6.025729],"to":[7.803334,16.259516,0.6635294],"rotation":{"angle":0.0,"axis":"y","origin":[7.803334,8.0837555,0.6635294]},"faces":{"east":{"uv":[10.9375,6.5625,11.5,7.0],"rotation":0,"texture":"#0","tintindex":0},"south":{"uv":[0.0,0.0,0.0,0.4375],"rotation":0,"texture":"#0","tintindex":0},"north":{"uv":[0.0,0.0,0.0,0.4375],"rotation":0,"texture":"#0","tintindex":0},"west":{"uv":[11.0,3.9375,11.5625,4.375],"rotation":0,"texture":"#0","tintindex":0},"up":{"uv":[0.0,0.5625,0.0,0.0],"rotation":0,"texture":"#0","tintindex":0},"down":{"uv":[0.0,0.0,0.0,0.5625],"rotation":0,"texture":"#0","tintindex":0}}},{"from":[7.803334,11.122486,-10.915873],"to":[7.803334,16.325243,-4.9698668],"rotation":{"angle":-22.5,"axis":"x","origin":[7.803334,8.0837555,-4.993326]},"faces":{"east":{"uv":[11.5,1.875,12.0,2.3125],"rotation":0,"texture":"#0","tintindex":0},"south":{"uv":[0.0,0.0,0.0,0.4375],"rotation":0,"texture":"#0","tintindex":0},"north":{"uv":[0.0,0.0,0.0,0.4375],"rotation":0,"texture":"#0","tintindex":0},"west":{"uv":[5.25,11.5,5.75,11.9375],"rotation":0,"texture":"#0","tintindex":0},"up":{"uv":[0.0,0.5,0.0,0.0],"rotation":0,"texture":"#0","tintindex":0},"down":{"uv":[0.0,0.0,0.0,0.5],"rotation":0,"texture":"#0","tintindex":0}}},{"from":[4.6445184,5.91973,-10.915873],"to":[10.962151,11.122486,-4.9698668],"rotation":{"angle":-22.5,"axis":"x","origin":[7.803334,8.0837555,-4.993326]},"faces":{"east":{"uv":[6.4375,11.4375,6.9375,11.875],"rotation":0,"texture":"#0","tintindex":0},"south":{"uv":[11.0625,7.0,11.59375,7.4375],"rotation":0,"texture":"#0","tintindex":0},"north":{"uv":[7.0,11.0625,7.53125,11.5],"rotation":0,"texture":"#0","tintindex":0},"west":{"uv":[11.5,1.4375,12.0,1.875],"rotation":0,"texture":"#0","tintindex":0},"up":{"uv":[11.15625,10.625,10.625,10.125],"rotation":0,"texture":"#0","tintindex":0},"down":{"uv":[11.09375,10.625,10.5625,11.125],"rotation":0,"texture":"#0","tintindex":0}}},{"from":[7.803334,11.80001,0.6635294],"to":[7.803334,17.002766,7.3527865],"rotation":{"angle":0.0,"axis":"y","origin":[7.803334,8.0837555,7.3527865]},"faces":{"east":{"uv":[11.0625,3.1875,11.625,3.625],"rotation":0,"texture":"#0","tintindex":0},"south":{"uv":[0.0,0.0,0.0,0.4375],"rotation":0,"texture":"#0","tintindex":0},"north":{"uv":[0.0,0.0,0.0,0.4375],"rotation":0,"texture":"#0","tintindex":0},"west":{"uv":[11.0625,4.625,11.625,5.0625],"rotation":0,"texture":"#0","tintindex":0},"up":{"uv":[0.0,0.5625,0.0,0.0],"rotation":0,"texture":"#0","tintindex":0},"down":{"uv":[0.0,0.0,0.0,0.5625],"rotation":0,"texture":"#0","tintindex":0}}},{"from":[3.529642,4.3675013,0.6635294],"to":[12.077026,11.80001,7.3527865],"rotation":{"angle":0.0,"axis":"y","origin":[7.803334,8.0837555,7.3527865]},"faces":{"east":{"uv":[9.9375,2.6875,10.5,3.3125],"rotation":0,"texture":"#0","tintindex":0},"south":{"uv":[9.4375,8.75,10.15625,9.375],"rotation":0,"texture":"#0","tintindex":0},"north":{"uv":[9.3125,7.1875,10.03125,7.8125],"rotation":0,"texture":"#0","tintindex":0},"west":{"uv":[9.9375,3.3125,10.5,3.9375],"rotation":0,"texture":"#0","tintindex":0},"up":{"uv":[10.21875,4.625,9.5,4.0625],"rotation":0,"texture":"#0","tintindex":0},"down":{"uv":[8.78125,9.5625,8.0625,10.125],"rotation":0,"texture":"#0","tintindex":0}}}],"textures":{"0":"modelengine:entity/cursed_dragon"},"display":{"head":{"translation":[0.0,-6.4,0.0],"scale":[4.0,4.0,4.0]}}}