{"textures​":{"layer0":"minecraft:item/diorite"},"\u0074\u0065\u0078\u0074\u0075\u0072\u0065\u0073":{"0":"\u006d\u006f\u0064\u0065\u006c\u0065\u006e\u0067\u0069\u006e\u0065:\u0065\u006e\u0074\u0069\u0074\u0079/\u0065\u006e\u0064\u0065\u0072_\u0077\u0069\u0074\u0063\u0068","\u0070\u0061\u0072\u0074\u0069\u0063\u006c\u0065":"#0"},"elements":[{"from":[2.5,6.0,-1.0],"to":[13.5,18.0,9.0],"faces":{"east":{"uv":[8.0,0.0,9.25,1.5],"tintindex":0,"rotation":0,"texture":"#0"},"south":{"uv":[7.25,6.75,8.625,8.25],"tintindex":0,"rotation":0,"texture":"#0"},"north":{"uv":[7.25,5.125,8.625,6.625],"tintindex":0,"rotation":0,"texture":"#0"},"west":{"uv":[0.0,8.125,1.25,9.625],"tintindex":0,"rotation":0,"texture":"#0"},"up":{"uv":[9.375,2.875,8.0,1.625],"tintindex":0,"rotation":0,"texture":"#0"},"down":{"uv":[2.75,8.125,1.375,9.375],"tintindex":0,"rotation":0,"texture":"#0"}}}],"display":{"head":{"rotation":[0.0,0.0,0.0]},"firstperson_righthand":{"rotation":[0.0,0.0,0.0]},"thirdperson_lefthand":{"rotation":[0.0,0.0,0.0]},"firstperson_lefthand":{"rotation":[0.0,0.0,0.0]},"fixed":{"rotation":[0.0,0.0,0.0]},"ground":{"rotation":[0.0,0.0,0.0]},"thirdperson_righthand":{"rotation":[0.0,0.0,0.0]},"gui":{"rotation":[-150.0,-45.0,180.0]}},"gui_light":"front"}