{"textures​":{"layer0":"minecraft:item/chorus_flower"},"credit":"Made with Blockbench by yungwilder","texture_size":[32,32],"\u0074\u0065\u0078\u0074\u0075\u0072\u0065\u0073":{"1":"\u0065\u006e\u0064\u0065\u0072\u0064\u0072\u0061\u0067\u006f\u006e\u0073\u0065\u0074:\u0065\u006e\u0064\u0065\u0072_\u0064\u0075\u0073\u0074_\u0061\u006e\u0069\u006d\u0061\u0074\u0069\u006f\u006e","2":"\u0065\u006e\u0064\u0065\u0072\u0064\u0072\u0061\u0067\u006f\u006e\u0073\u0065\u0074:\u0065\u006e\u0064\u0065\u0072\u0064\u0072\u0061\u0067\u006f\u006e_\u0073\u0068\u0069\u0065\u006c\u0064","\u0070\u0061\u0072\u0074\u0069\u0063\u006c\u0065":"#1"},"elements":[{"from":[4.19552,16.12132,6.46927],"to":[7.19552,19.12132,9.96927],"rotation":{"angle":45,"axis":"z","origin":[7.69552,19.62132,7.71927]},"faces":{"north":{"uv":[10.5,2,12,3.5],"texture":"#2"},"east":{"uv":[10.5,7.5,11.5,9],"texture":"#2"},"south":{"uv":[10.5,3.5,12,5],"texture":"#2"},"west":{"uv":[8.5,10.5,9.5,12],"texture":"#2"},"up":{"uv":[12,10,10.5,9],"texture":"#2"},"down":{"uv":[12,10,10.5,11],"texture":"#2"}}},{"from":[4.25,9,10],"to":[11.25,10,11],"rotation":{"angle":0,"axis":"z","origin":[8,10,11]},"faces":{"north":{"uv":[5,10.5,8.5,11],"texture":"#2"},"east":{"uv":[8,11,8.5,11.5],"texture":"#2"},"south":{"uv":[10.5,5,14,5.5],"texture":"#2"},"west":{"uv":[11.5,8.5,12,9],"texture":"#2"},"up":{"uv":[14,6,10.5,5.5],"texture":"#2"},"down":{"uv":[14,6,10.5,6.5],"texture":"#2"}}},{"from":[10.20493,8.5,9.26327],"to":[12.20493,10.5,11.26327],"rotation":{"angle":22.5,"axis":"y","origin":[10.70493,17.5,10.26327]},"faces":{"north":{"uv":[5.5,11.5,6.5,12.5],"texture":"#2"},"east":{"uv":[6.5,11.5,7.5,12.5],"texture":"#2"},"south":{"uv":[7.5,11.5,8.5,12.5],"texture":"#2"},"west":{"uv":[11.5,7.5,12.5,8.5],"texture":"#2"},"up":{"uv":[11.5,12.5,10.5,11.5],"texture":"#2"},"down":{"uv":[12.5,11.5,11.5,12.5],"texture":"#2"}}},{"from":[3.18611,8.5,9.26327],"to":[5.18611,10.5,11.26327],"rotation":{"angle":-22.5,"axis":"y","origin":[4.68611,25.5,10.26327]},"faces":{"north":{"uv":[12,2,13,3],"texture":"#2"},"east":{"uv":[12,3,13,4],"texture":"#2"},"south":{"uv":[12,4,13,5],"texture":"#2"},"west":{"uv":[8.5,12,9.5,13],"texture":"#2"},"up":{"uv":[13,9.5,12,8.5],"texture":"#2"},"down":{"uv":[13,9.5,12,10.5],"texture":"#2"}}},{"from":[4.2,0.5,8.0625],"to":[11.2,16.5,9.0625],"rotation":{"angle":0,"axis":"y","origin":[8,7.5,8]},"faces":{"north":{"uv":[0,0,3.5,8],"texture":"#2"},"east":{"uv":[10,0,10.5,8],"texture":"#2"},"south":{"uv":[3.5,0,7,8],"texture":"#2"},"west":{"uv":[10,8,10.5,16],"texture":"#2"},"up":{"uv":[14,7,10.5,6.5],"texture":"#2"},"down":{"uv":[14,7,10.5,7.5],"texture":"#2"}}},{"from":[2.30656,1.5,7.5412],"to":[8.30656,17.5,9.5412],"rotation":{"angle":22.5,"axis":"y","origin":[5.30656,9.25,8.5412]},"faces":{"north":{"uv":[7,0,10,8],"texture":"#2"},"east":{"uv":[3,8,4,16],"texture":"#2"},"south":{"uv":[0,8,3,16],"texture":"#2"},"west":{"uv":[4,8,5,16],"texture":"#2"},"up":{"uv":[13.5,1,10.5,0],"texture":"#2"},"down":{"uv":[13.5,1,10.5,2],"texture":"#2"}}},{"from":[2.30656,1.5,9.5412],"to":[8.30656,17.5,7.5412],"rotation":{"angle":22.5,"axis":"y","origin":[5.30656,9.25,8.5412]},"faces":{"north":{"uv":[7,0,10,8],"texture":"#2"},"east":{"uv":[3,8,4,16],"texture":"#2"},"south":{"uv":[0,8,3,16],"texture":"#2"},"west":{"uv":[5,8,4,16],"texture":"#2"},"up":{"uv":[13.5,1,10.5,0],"texture":"#2"},"down":{"uv":[13.5,1,10.5,2],"texture":"#2"}}},{"from":[7.08447,1.5,9.5412],"to":[13.08447,17.5,7.5412],"rotation":{"angle":-22.5,"axis":"y","origin":[10.08447,9.25,8.5412]},"faces":{"north":{"uv":[10,0,7,8],"texture":"#2"},"east":{"uv":[4,8,5,16],"texture":"#2"},"south":{"uv":[3,8,0,16],"texture":"#2"},"west":{"uv":[4,8,3,16],"texture":"#2"},"up":{"uv":[10.5,1,13.5,0],"texture":"#2"},"down":{"uv":[10.5,1,13.5,2],"texture":"#2"}}},{"from":[7.08447,1.5,7.5412],"to":[13.08447,17.5,9.5412],"rotation":{"angle":-22.5,"axis":"y","origin":[10.08447,9.25,8.5412]},"faces":{"north":{"uv":[10,0,7,8],"texture":"#2"},"east":{"uv":[5,8,4,16],"texture":"#2"},"south":{"uv":[3,8,0,16],"texture":"#2"},"west":{"uv":[4,8,3,16],"texture":"#2"},"up":{"uv":[10.5,1,13.5,0],"texture":"#2"},"down":{"uv":[10.5,1,13.5,2],"texture":"#2"}}},{"from":[2.5,1.5,7],"to":[8.5,17.5,7],"rotation":{"angle":-22.5,"axis":"y","origin":[4.5,9.5,7]},"faces":{"north":{"uv":[0,0,6,16],"texture":"#1"},"east":{"uv":[0,0,0.5,0.5],"texture":"#missing"},"south":{"uv":[6,0,0,16],"texture":"#1"},"west":{"uv":[0,0,0.5,0.5],"texture":"#missing"},"up":{"uv":[0,0,0.5,0.5],"texture":"#missing"},"down":{"uv":[0,0,0.5,0.5],"texture":"#missing"}}},{"from":[7.5,1.5,7],"to":[13.5,17.5,7],"rotation":{"angle":22.5,"axis":"y","origin":[11.5,9.5,7]},"faces":{"north":{"uv":[6,16,0,0],"texture":"#1"},"east":{"uv":[0.5,0,0,0.5],"texture":"#missing"},"south":{"uv":[0,16,6,0],"texture":"#1"},"west":{"uv":[0.5,0,0,0.5],"texture":"#missing"},"up":{"uv":[0.5,0,0,0.5],"texture":"#missing"},"down":{"uv":[0.5,0,0,0.5],"texture":"#missing"}}},{"from":[5.22518,-1.975,8.0875],"to":[10.17518,2.975,9.0375],"rotation":{"angle":45,"axis":"z","origin":[7.70018,0.5,8.5625]},"faces":{"north":{"uv":[5,8,7.5,10.5],"texture":"#2"},"east":{"uv":[9.5,10.5,10,13],"texture":"#2"},"south":{"uv":[7.5,8,10,10.5],"texture":"#2"},"west":{"uv":[5,11,5.5,13.5],"texture":"#2"},"up":{"uv":[8,11.5,5.5,11],"texture":"#2"},"down":{"uv":[13,11,10.5,11.5],"texture":"#2"}}}],"gui_light":"front","display":{"thirdperson_righthand":{"rotation":[50,-15,0],"translation":[0,1,-2]},"thirdperson_lefthand":{"rotation":[50,-15,0],"translation":[0,1,-2]},"firstperson_righthand":{"translation":[-1,0,0]},"firstperson_lefthand":{"translation":[-1,0,0]},"ground":{"rotation":[45,0,0],"scale":[0.45,0.45,0.45]},"gui":{"rotation":[15,-160,0],"translation":[0,-0.5,0],"scale":[0.7,0.7,0.7]},"head":{"rotation":[85,0,0],"translation":[0,10,-1]},"fixed":{"translation":[0,-1,-2.5]}}}