{"parent":"item/generated","textures":{"layer0":"item/leather_boots","layer1":"item/leather_boots_overlay"},"overrides":[{"predicate":{"custom_model_data":10001},"model":"sweetheartset:ia_auto_gen/sweetheartboots"},{"predicate":{"custom_model_data":10002},"model":"summerset:ia_auto_gen/summerboots"},{"predicate":{"custom_model_data":10003},"model":"elitecreatures:ia_auto_gen/zombie_apocalyptic_animated_weapon_set_boots"},{"predicate":{"custom_model_data":10004},"model":"elitecreatures:ia_auto_gen/headlesshorseman_animated_weapon_set_boots"},{"predicate":{"custom_model_data":10005},"model":"thunderboltset:ia_auto_gen/thunderboltboots"},{"predicate":{"custom_model_data":10006},"model":"elitecreatures:ia_auto_gen/berserker_animated_weapon_set_boots"},{"predicate":{"custom_model_data":10007},"model":"elitecreatures:ia_auto_gen/thanks_giving_2023_v2-boots"},{"predicate":{"custom_model_data":10008},"model":"elitecreatures:ia_auto_gen/christmas_2023-boots"},{"predicate":{"custom_model_data":10009},"model":"elitecreatures:christmas_holiday_2023/boots"},{"predicate":{"custom_model_data":10010},"model":"elitecreatures:ia_auto_gen/christmas_eve_2023-boots"},{"predicate":{"custom_model_data":10011},"model":"cosmo_pack:ia_auto_gen/cosmo_boots"},{"predicate":{"custom_model_data":10012},"model":"radiance_collection:ia_auto_gen/radianceboots"},{"predicate":{"custom_model_data":10013},"model":"saintpatricksset2024:ia_auto_gen/saintpatricksboots"},{"predicate":{"custom_model_data":10014},"model":"elitecreatures:ia_auto_gen/easterbunny_animated_weapon_set_v2_boots"},{"predicate":{"custom_model_data":10015},"model":"demon_edgeset:ia_auto_gen/demon_edgeboots"},{"predicate":{"custom_model_data":10016},"model":"leviathanset:ia_auto_gen/leviathanboots"},{"predicate":{"custom_model_data":10017},"model":"furnace_gearworks:ia_auto_gen/furnace_boots"},{"predicate":{"custom_model_data":10018},"model":"ender_dragonset:ia_auto_gen/ender_dragonboots"},{"predicate":{"custom_model_data":10019},"model":"spartan_set:ia_auto_gen/spartanboots"},{"predicate":{"custom_model_data":10020},"model":"void_dragon_set:ia_auto_gen/void_dragon_boots"},{"predicate":{"custom_model_data":2000001},"model":"custom/armor/cursed_boots"},{"predicate":{"custom_model_data":2000002},"model":"item/leather_boots"}]}