{"model":{"type":"range_dispatch","property":"custom_model_data","index":0,"fallback":{"type":"minecraft:model","model":"minecraft:item/paper"},"entries":[{"threshold":10000,"model":{"type":"model","model":"_iainternal:item/ia_auto/icon_left_blue"}},{"threshold":10001,"model":{"type":"model","model":"_iainternal:item/ia_auto/icon_right_blue"}},{"threshold":10002,"model":{"type":"model","model":"_iainternal:item/ia_auto/icon_search"}},{"threshold":10003,"model":{"type":"model","model":"_iainternal:item/ia_auto/icon_cancel"}},{"threshold":10004,"model":{"type":"model","model":"_iainternal:item/ia_auto/icon_arrow_chest"}},{"threshold":10005,"model":{"type":"model","model":"_iainternal:item/ia_auto/icon_back_orange"}},{"threshold":10006,"model":{"type":"model","model":"_iainternal:item/ia_auto/icon_next_orange"}},{"threshold":10020,"model":{"type":"model","model":"hats_expansion:cardboard_box"}},{"threshold":10021,"model":{"type":"model","model":"hats_expansion:hard_hat"}},{"threshold":10027,"model":{"type":"model","model":"plny_spectral_corsair:chest"}},{"threshold":10028,"model":{"type":"model","model":"plny_spectral_corsair:key"}},{"threshold":10029,"model":{"type":"model","model":"plny_spectral_corsair:pirate_hat"}},{"threshold":10030,"model":{"type":"model","model":"plny_spectral_corsair:wings"}},{"threshold":10035,"model":{"type":"model","model":"crafting_materials:item/ia_auto/ancient_mushroom"}},{"threshold":10036,"model":{"type":"model","model":"crafting_materials:item/ia_auto/ancient_netherite"}},{"threshold":10037,"model":{"type":"model","model":"crafting_materials:item/ia_auto/ancient_slime_string"}},{"threshold":10038,"model":{"type":"model","model":"crafting_materials:item/ia_auto/aquamarine_shard"}},{"threshold":10039,"model":{"type":"model","model":"crafting_materials:item/ia_auto/binding_gel_common"}},{"threshold":10040,"model":{"type":"model","model":"crafting_materials:item/ia_auto/binding_gel_epic"}},{"threshold":10041,"model":{"type":"model","model":"crafting_materials:item/ia_auto/binding_gel_legendary"}},{"threshold":10042,"model":{"type":"model","model":"crafting_materials:item/ia_auto/binding_gel_rare"}},{"threshold":10043,"model":{"type":"model","model":"crafting_materials:item/ia_auto/binding_gel_uncommon"}},{"threshold":10044,"model":{"type":"model","model":"crafting_materials:item/ia_auto/bottle_of_soul"}},{"threshold":10045,"model":{"type":"model","model":"crafting_materials:item/ia_auto/clam_blue"}},{"threshold":10046,"model":{"type":"model","model":"crafting_materials:item/ia_auto/clam_pink"}},{"threshold":10047,"model":{"type":"model","model":"crafting_materials:item/ia_auto/clam_white"}},{"threshold":10048,"model":{"type":"model","model":"crafting_materials:item/ia_auto/cotton"}},{"threshold":10049,"model":{"type":"model","model":"crafting_materials:item/ia_auto/crocodile_tooth"}},{"threshold":10050,"model":{"type":"model","model":"crafting_materials:item/ia_auto/dungeon_key_amethyst"}},{"threshold":10051,"model":{"type":"model","model":"crafting_materials:item/ia_auto/dungeon_key_crimson"}},{"threshold":10052,"model":{"type":"model","model":"crafting_materials:item/ia_auto/dungeon_key_gold"}},{"threshold":10053,"model":{"type":"model","model":"crafting_materials:item/ia_auto/dungeon_shard"}},{"threshold":10054,"model":{"type":"model","model":"crafting_materials:item/ia_auto/exotic_leather_asorted"}},{"threshold":10055,"model":{"type":"model","model":"crafting_materials:item/ia_auto/exotic_leather_blue"}},{"threshold":10056,"model":{"type":"model","model":"crafting_materials:item/ia_auto/exotic_leather_brown"}},{"threshold":10057,"model":{"type":"model","model":"crafting_materials:item/ia_auto/exotic_leather_cyan"}},{"threshold":10058,"model":{"type":"model","model":"crafting_materials:item/ia_auto/exotic_leather_magenta"}},{"threshold":10059,"model":{"type":"model","model":"crafting_materials:item/ia_auto/exotic_leather_purple"}},{"threshold":10060,"model":{"type":"model","model":"crafting_materials:item/ia_auto/fine_string"}},{"threshold":10061,"model":{"type":"model","model":"crafting_materials:item/ia_auto/forge_catalyst"}},{"threshold":10062,"model":{"type":"model","model":"crafting_materials:item/ia_auto/gear"}},{"threshold":10063,"model":{"type":"model","model":"crafting_materials:item/ia_auto/gear_sticky_common"}},{"threshold":10064,"model":{"type":"model","model":"crafting_materials:item/ia_auto/gear_sticky_epic"}},{"threshold":10065,"model":{"type":"model","model":"crafting_materials:item/ia_auto/gear_sticky_legendary"}},{"threshold":10066,"model":{"type":"model","model":"crafting_materials:item/ia_auto/gear_sticky_rare"}},{"threshold":10067,"model":{"type":"model","model":"crafting_materials:item/ia_auto/gear_sticky_uncommon"}},{"threshold":10068,"model":{"type":"model","model":"crafting_materials:item/ia_auto/glue"}},{"threshold":10069,"model":{"type":"model","model":"crafting_materials:item/ia_auto/key_fragment_common"}},{"threshold":10070,"model":{"type":"model","model":"crafting_materials:item/ia_auto/key_fragment_epic"}},{"threshold":10071,"model":{"type":"model","model":"crafting_materials:item/ia_auto/key_fragment_legendary"}},{"threshold":10072,"model":{"type":"model","model":"crafting_materials:item/ia_auto/key_fragment_rare"}},{"threshold":10073,"model":{"type":"model","model":"crafting_materials:item/ia_auto/key_fragment_uncommon"}},{"threshold":10074,"model":{"type":"model","model":"crafting_materials:item/ia_auto/key_golden"}},{"threshold":10075,"model":{"type":"model","model":"crafting_materials:item/ia_auto/key_silver"}},{"threshold":10076,"model":{"type":"model","model":"crafting_materials:item/ia_auto/lucky_horseshoe"}},{"threshold":10077,"model":{"type":"model","model":"crafting_materials:item/ia_auto/lucky_horseshoe_enchanted"}},{"threshold":10078,"model":{"type":"model","model":"crafting_materials:item/ia_auto/magic_mushroom"}},{"threshold":10079,"model":{"type":"model","model":"crafting_materials:item/ia_auto/magic_mushroom_enchanted"}},{"threshold":10080,"model":{"type":"model","model":"crafting_materials:item/ia_auto/paint_bucket"}},{"threshold":10081,"model":{"type":"model","model":"crafting_materials:item/ia_auto/pencil"}},{"threshold":10082,"model":{"type":"model","model":"crafting_materials:item/ia_auto/plastic"}},{"threshold":10083,"model":{"type":"model","model":"crafting_materials:item/ia_auto/powershard_epic"}},{"threshold":10084,"model":{"type":"model","model":"crafting_materials:item/ia_auto/powershard_legendary"}},{"threshold":10085,"model":{"type":"model","model":"crafting_materials:item/ia_auto/powershard_rare"}},{"threshold":10086,"model":{"type":"model","model":"crafting_materials:item/ia_auto/powershard_uncommon"}},{"threshold":10087,"model":{"type":"model","model":"crafting_materials:item/ia_auto/rocks"}},{"threshold":10088,"model":{"type":"model","model":"crafting_materials:item/ia_auto/rubber_bands"}},{"threshold":10089,"model":{"type":"model","model":"crafting_materials:item/ia_auto/screw"}},{"threshold":10090,"model":{"type":"model","model":"crafting_materials:item/ia_auto/soul_blaze"}},{"threshold":10091,"model":{"type":"model","model":"crafting_materials:item/ia_auto/soul_chicken"}},{"threshold":10092,"model":{"type":"model","model":"crafting_materials:item/ia_auto/soul_magmacube"}},{"threshold":10093,"model":{"type":"model","model":"crafting_materials:item/ia_auto/soul_pig"}},{"threshold":10094,"model":{"type":"model","model":"crafting_materials:item/ia_auto/soul_sheep"}},{"threshold":10095,"model":{"type":"model","model":"crafting_materials:item/ia_auto/soul_skeleton"}},{"threshold":10096,"model":{"type":"model","model":"crafting_materials:item/ia_auto/soul_spider"}},{"threshold":10097,"model":{"type":"model","model":"crafting_materials:item/ia_auto/soul_zombie"}},{"threshold":10098,"model":{"type":"model","model":"crafting_materials:item/ia_auto/spawner_fragment"}},{"threshold":10099,"model":{"type":"model","model":"crafting_materials:item/ia_auto/steel"}},{"threshold":10100,"model":{"type":"model","model":"crafting_materials:item/ia_auto/sulfur_crystal"}},{"threshold":10101,"model":{"type":"model","model":"crafting_materials:item/ia_auto/tangled_yarn"}},{"threshold":10102,"model":{"type":"model","model":"crafting_materials:item/ia_auto/vibrant_feather_1"}},{"threshold":10103,"model":{"type":"model","model":"crafting_materials:item/ia_auto/vibrant_feather_2"}},{"threshold":10104,"model":{"type":"model","model":"crafting_materials:item/ia_auto/vibrant_feather_3"}},{"threshold":10105,"model":{"type":"model","model":"crafting_materials:item/ia_auto/worn_cloth"}},{"threshold":10106,"model":{"type":"model","model":"crafting_materials:item/ia_auto/wrench"}},{"threshold":10107,"model":{"type":"model","model":"nexusset:chest"}},{"threshold":10108,"model":{"type":"model","model":"nexusset:chest_opening"}},{"threshold":10109,"model":{"type":"model","model":"nexusset:helmet"}},{"threshold":10110,"model":{"type":"model","model":"nexusset:key"}},{"threshold":10111,"model":{"type":"model","model":"nexusset:wings"}},{"threshold":10113,"model":{"type":"model","model":"plny_halloween_pumpkin_set:chest"}},{"threshold":10115,"model":{"type":"model","model":"plny_halloween_pumpkin_set:helmet"}},{"threshold":10117,"model":{"type":"model","model":"plny_halloween_pumpkin_set:key"}},{"threshold":10126,"model":{"type":"model","model":"plny_halloween_pumpkin_set:wings"}},{"threshold":10396,"model":{"type":"model","model":"crates1:lvl1_key"}},{"threshold":10397,"model":{"type":"model","model":"crates1:lvl1_crate"}},{"threshold":10398,"model":{"type":"model","model":"crates1:lvl2_key"}},{"threshold":10399,"model":{"type":"model","model":"crates1:lvl2_crate"}},{"threshold":10400,"model":{"type":"model","model":"crates1:lvl3_key"}},{"threshold":10401,"model":{"type":"model","model":"crates1:lvl3_crate"}},{"threshold":10402,"model":{"type":"model","model":"crates1:lvl4_key"}},{"threshold":10403,"model":{"type":"model","model":"crates1:lvl4_crate"}},{"threshold":10404,"model":{"type":"model","model":"crates_expansion:common_crate"}},{"threshold":10405,"model":{"type":"model","model":"crates_expansion:rare_crate"}},{"threshold":10406,"model":{"type":"model","model":"crates_expansion:legendary_crate"}},{"threshold":10407,"model":{"type":"model","model":"crates_expansion:cosmetic_crate"}},{"threshold":10408,"model":{"type":"model","model":"crates_expansion:furniture_crate"}},{"threshold":10409,"model":{"type":"model","model":"crates_expansion:pet_crate"}},{"threshold":10473,"model":{"type":"model","model":"minerals_pack:item/ia_auto/mythril_ore"}},{"threshold":10474,"model":{"type":"model","model":"minerals_pack:item/ia_auto/mythril_ore_deepslate"}},{"threshold":10475,"model":{"type":"model","model":"minerals_pack:item/ia_auto/raw_mythril_block"}},{"threshold":10476,"model":{"type":"model","model":"minerals_pack:item/ia_auto/mythril_block"}},{"threshold":10477,"model":{"type":"model","model":"minerals_pack:item/ia_auto/malachite_ore"}},{"threshold":10478,"model":{"type":"model","model":"minerals_pack:item/ia_auto/malachite_ore_deepslate"}},{"threshold":10479,"model":{"type":"model","model":"minerals_pack:item/ia_auto/raw_malachite_block"}},{"threshold":10480,"model":{"type":"model","model":"minerals_pack:item/ia_auto/malachite_block"}},{"threshold":10481,"model":{"type":"model","model":"minerals_pack:item/ia_auto/amethyst_ore"}},{"threshold":10482,"model":{"type":"model","model":"minerals_pack:item/ia_auto/amethyst_ore_deepslate"}},{"threshold":10483,"model":{"type":"model","model":"minerals_pack:item/ia_auto/raw_amethyst_block"}},{"threshold":10484,"model":{"type":"model","model":"minerals_pack:item/ia_auto/amethyst_block"}},{"threshold":10485,"model":{"type":"model","model":"minerals_pack:item/ia_auto/amber_ore"}},{"threshold":10486,"model":{"type":"model","model":"minerals_pack:item/ia_auto/amber_ore_deepslate"}},{"threshold":10487,"model":{"type":"model","model":"minerals_pack:item/ia_auto/raw_amber_block"}},{"threshold":10488,"model":{"type":"model","model":"minerals_pack:item/ia_auto/amber_block"}},{"threshold":10489,"model":{"type":"model","model":"minerals_pack:item/ia_auto/ruby_ore"}},{"threshold":10490,"model":{"type":"model","model":"minerals_pack:item/ia_auto/ruby_ore_deepslate"}},{"threshold":10491,"model":{"type":"model","model":"minerals_pack:item/ia_auto/raw_ruby_block"}},{"threshold":10492,"model":{"type":"model","model":"minerals_pack:item/ia_auto/ruby_block"}},{"threshold":10493,"model":{"type":"model","model":"minerals_pack:item/ia_auto/jade_ore"}},{"threshold":10494,"model":{"type":"model","model":"minerals_pack:item/ia_auto/jade_ore_deepslate"}},{"threshold":10495,"model":{"type":"model","model":"minerals_pack:item/ia_auto/raw_jade_block"}},{"threshold":10496,"model":{"type":"model","model":"minerals_pack:item/ia_auto/jade_block"}},{"threshold":10497,"model":{"type":"model","model":"minerals_pack:item/ia_auto/silver_ore"}},{"threshold":10498,"model":{"type":"model","model":"minerals_pack:item/ia_auto/silver_ore_deepslate"}},{"threshold":10499,"model":{"type":"model","model":"minerals_pack:item/ia_auto/raw_silver_block"}},{"threshold":10500,"model":{"type":"model","model":"minerals_pack:item/ia_auto/silver_block"}},{"threshold":10501,"model":{"type":"model","model":"minerals_pack:item/ia_auto/iridium_ore"}},{"threshold":10502,"model":{"type":"model","model":"minerals_pack:item/ia_auto/iridium_ore_deepslate"}},{"threshold":10503,"model":{"type":"model","model":"minerals_pack:item/ia_auto/raw_iridium_block"}},{"threshold":10504,"model":{"type":"model","model":"minerals_pack:item/ia_auto/iridium_block"}},{"threshold":10505,"model":{"type":"model","model":"minerals_pack:item/ia_auto/mythril_nugget"}},{"threshold":10506,"model":{"type":"model","model":"minerals_pack:item/ia_auto/raw_mythril"}},{"threshold":10507,"model":{"type":"model","model":"minerals_pack:item/ia_auto/mythril_ingot"}},{"threshold":10508,"model":{"type":"model","model":"minerals_pack:item/ia_auto/malachite_nugget"}},{"threshold":10509,"model":{"type":"model","model":"minerals_pack:item/ia_auto/malachite"}},{"threshold":10510,"model":{"type":"model","model":"minerals_pack:item/ia_auto/malachite_ingot"}},{"threshold":10511,"model":{"type":"model","model":"minerals_pack:item/ia_auto/amethyst_nugget"}},{"threshold":10512,"model":{"type":"model","model":"minerals_pack:item/ia_auto/amethyst"}},{"threshold":10513,"model":{"type":"model","model":"minerals_pack:item/ia_auto/amethyst_ingot"}},{"threshold":10514,"model":{"type":"model","model":"minerals_pack:item/ia_auto/amber_nugget"}},{"threshold":10515,"model":{"type":"model","model":"minerals_pack:item/ia_auto/amber"}},{"threshold":10516,"model":{"type":"model","model":"minerals_pack:item/ia_auto/amber_ingot"}},{"threshold":10517,"model":{"type":"model","model":"minerals_pack:item/ia_auto/ruby_nugget"}},{"threshold":10518,"model":{"type":"model","model":"minerals_pack:item/ia_auto/ruby"}},{"threshold":10519,"model":{"type":"model","model":"minerals_pack:item/ia_auto/ruby_ingot"}},{"threshold":10520,"model":{"type":"model","model":"minerals_pack:item/ia_auto/jade_nugget"}},{"threshold":10521,"model":{"type":"model","model":"minerals_pack:item/ia_auto/raw_jade"}},{"threshold":10522,"model":{"type":"model","model":"minerals_pack:item/ia_auto/jade_ingot"}},{"threshold":10523,"model":{"type":"model","model":"minerals_pack:item/ia_auto/silver_nugget"}},{"threshold":10524,"model":{"type":"model","model":"minerals_pack:item/ia_auto/silver"}},{"threshold":10525,"model":{"type":"model","model":"minerals_pack:item/ia_auto/silver_ingot"}},{"threshold":10526,"model":{"type":"model","model":"minerals_pack:item/ia_auto/iridium_nugget"}},{"threshold":10527,"model":{"type":"model","model":"minerals_pack:item/ia_auto/raw_iridium"}},{"threshold":10528,"model":{"type":"model","model":"minerals_pack:item/ia_auto/iridium_ingot"}},{"threshold":19191,"model":{"type":"model","model":"twilight_of_ender:wing"}},{"threshold":19508,"model":{"type":"model","model":"twilight_of_ender:hat"}},{"threshold":20086,"model":{"type":"model","model":"twilight_of_ender:chest"}},{"threshold":24813,"model":{"type":"model","model":"twilight_of_ender:key"}},{"threshold":100000,"model":{"type":"model","model":"nightmarket:item/ia_auto/nothing"}},{"threshold":100001,"model":{"type":"model","model":"nightmarket:item/ia_auto/check_mark"}},{"threshold":100002,"model":{"type":"model","model":"nightmarket:item/ia_auto/locked_common"}},{"threshold":100003,"model":{"type":"model","model":"nightmarket:item/ia_auto/locked_uncommon"}},{"threshold":100004,"model":{"type":"model","model":"nightmarket:item/ia_auto/locked_rare"}},{"threshold":100005,"model":{"type":"model","model":"nightmarket:item/ia_auto/locked_epic"}},{"threshold":100006,"model":{"type":"model","model":"nightmarket:item/ia_auto/locked_legendary"}},{"threshold":100007,"model":{"type":"model","model":"nightmarket:item/ia_auto/locked_mythical"}},{"threshold":100008,"model":{"type":"model","model":"nightmarket:item/ia_auto/reroll_icon"}},{"threshold":100009,"model":{"type":"model","model":"item/paper"}}]},"oversized_in_gui":true}