{"elements":[{"from":[7.428571,6.7523546,7.7287745],"to":[8.571428,8.46664,8.871632],"rotation":{"angle":-22.5,"axis":"x","origin":[8.0,7.202675,8.448008]},"faces":{"east":{"uv":[2.0,8.0,3.0,9.5],"rotation":0,"texture":"#0","tintindex":0},"south":{"uv":[6.5,8.0,7.5,9.5],"rotation":0,"texture":"#0","tintindex":0},"north":{"uv":[1.0,8.0,2.0,9.5],"rotation":0,"texture":"#0","tintindex":0},"west":{"uv":[7.5,8.0,8.5,9.5],"rotation":0,"texture":"#0","tintindex":0},"up":{"uv":[9.5,9.0,8.5,8.0],"rotation":0,"texture":"#0","tintindex":0},"down":{"uv":[10.0,1.0,9.0,2.0],"rotation":0,"texture":"#0","tintindex":0}}},{"from":[7.428571,5.788389,7.5908647],"to":[8.571428,5.788389,8.162293],"rotation":{"angle":0.0,"axis":"y","origin":[6.5714283,5.488389,6.4480076]},"faces":{"east":{"uv":[0.0,0.0,0.5,0.0],"rotation":0,"texture":"#0","tintindex":0},"south":{"uv":[0.0,0.0,1.0,0.0],"rotation":0,"texture":"#0","tintindex":0},"north":{"uv":[0.0,0.0,1.0,0.0],"rotation":0,"texture":"#0","tintindex":0},"west":{"uv":[0.0,0.0,0.5,0.0],"rotation":0,"texture":"#0","tintindex":0},"up":{"uv":[8.5,7.0,7.5,6.5],"rotation":0,"texture":"#0","tintindex":0},"down":{"uv":[8.0,9.5,7.0,10.0],"rotation":0,"texture":"#0","tintindex":0}}},{"from":[7.714286,5.774103,8.162293],"to":[8.285714,6.9169607,8.733722],"rotation":{"angle":0.0,"axis":"y","origin":[6.5714283,5.488389,6.4480076]},"faces":{"east":{"uv":[9.5,7.0,10.0,8.0],"rotation":0,"texture":"#0","tintindex":0},"south":{"uv":[8.0,9.5,8.5,10.5],"rotation":0,"texture":"#0","tintindex":0},"north":{"uv":[3.0,6.0,3.5,7.0],"rotation":0,"texture":"#0","tintindex":0},"west":{"uv":[9.5,8.0,10.0,9.0],"rotation":0,"texture":"#0","tintindex":0},"up":{"uv":[7.5,4.0,7.0,3.5],"rotation":0,"texture":"#0","tintindex":0},"down":{"uv":[4.5,8.5,4.0,9.0],"rotation":0,"texture":"#0","tintindex":0}}}],"textures":{"0":"modelengine:entity/nm_cassowary_baby_texture"},"display":{"head":{"translation":[0.0,-6.4,0.0],"scale":[4.0,4.0,4.0]}}}