{"credit":"Made with Blockbench","textures":{"3":"furnace_gearworks:texture","4":"furnace_gearworks:cog","5":"furnace_gearworks:piston","6":"furnace_gearworks:smoke","7":"furnace_gearworks:piston_1","8":"furnace_gearworks:wings","particle":"furnace_gearworks:piston_1","main":"furnace_gearworks:big_cog"},"elements":[{"from":[5,-6.86195,10.475],"to":[11,-0.86195,10.525],"rotation":{"angle":0,"axis":"y","origin":[8,-3.86847,10.5]},"faces":{"north":{"uv":[0.375,0.375,3.75,3.75],"texture":"#main","tintindex":0},"south":{"uv":[0.375,0.375,3.75,3.75],"texture":"#main","tintindex":0}}},{"from":[8,-12.86195,9],"to":[20,-0.86195,9],"rotation":{"angle":0,"axis":"y","origin":[16.5,-3.86195,8.975]},"faces":{"north":{"uv":[16,0,0,16],"texture":"#8","tintindex":0},"south":{"uv":[0,0,16,16],"texture":"#8","tintindex":0}}},{"from":[-4,-12.86195,9],"to":[8,-0.86195,9],"rotation":{"angle":0,"axis":"y","origin":[-0.5,-3.86195,8.975]},"faces":{"north":{"uv":[0,0,16,16],"texture":"#8","tintindex":0},"south":{"uv":[16,0,0,16],"texture":"#8","tintindex":0}}},{"from":[5.00249,-6.86245,10.475],"to":[11.0025,-0.86245,10.525],"rotation":{"angle":22.5,"axis":"z","origin":[8,-3.86847,10.5]},"faces":{"north":{"uv":[4.375,0.375,7.75,3.75],"texture":"#main","tintindex":0},"south":{"uv":[4.375,0.375,7.75,3.75],"texture":"#main","tintindex":0}}},{"from":[5.00461,-6.86386,10.475],"to":[11.00461,-0.86387,10.525],"rotation":{"angle":45,"axis":"z","origin":[8,-3.86847,10.5]},"faces":{"north":{"uv":[8.375,0.375,11.75,3.75],"texture":"#main","tintindex":0},"south":{"uv":[8.375,0.375,11.75,3.75],"texture":"#main","tintindex":0}}},{"from":[4.99751,-6.86245,10.475],"to":[10.99751,-0.86245,10.525],"rotation":{"angle":-22.5,"axis":"z","origin":[8,-3.86847,10.5]},"faces":{"north":{"uv":[12.375,0.375,15.75,3.75],"rotation":90,"texture":"#main","tintindex":0},"south":{"uv":[12.375,0.375,15.75,3.75],"rotation":270,"texture":"#main","tintindex":0}}},{"from":[5,-6.86195,10.475],"to":[11,-0.86195,10.525],"rotation":{"angle":0,"axis":"y","origin":[8,-3.86847,10.5]},"faces":{"north":{"uv":[0.375,4.375,3.75,7.75],"rotation":90,"texture":"#main","tintindex":0},"south":{"uv":[0.375,4.375,3.75,7.75],"rotation":270,"texture":"#main","tintindex":0}}},{"from":[5.00249,-6.86245,10.475],"to":[11.0025,-0.86245,10.525],"rotation":{"angle":22.5,"axis":"z","origin":[8,-3.86847,10.5]},"faces":{"north":{"uv":[4.375,4.375,7.75,7.75],"rotation":90,"texture":"#main","tintindex":0},"south":{"uv":[4.375,4.375,7.75,7.75],"rotation":270,"texture":"#main","tintindex":0}}},{"from":[5.00461,-6.86386,10.475],"to":[11.00461,-0.86387,10.525],"rotation":{"angle":45,"axis":"z","origin":[8,-3.86847,10.5]},"faces":{"north":{"uv":[8.375,4.375,11.75,7.75],"rotation":90,"texture":"#main","tintindex":0},"south":{"uv":[8.375,4.375,11.75,7.75],"rotation":270,"texture":"#main","tintindex":0}}},{"from":[4.99751,-6.86245,10.475],"to":[10.99751,-0.86245,10.525],"rotation":{"angle":-22.5,"axis":"z","origin":[8,-3.86847,10.5]},"faces":{"north":{"uv":[12.375,4.375,15.75,7.75],"rotation":180,"texture":"#main","tintindex":0},"south":{"uv":[12.375,4.375,15.75,7.75],"rotation":180,"texture":"#main","tintindex":0}}},{"from":[5,-6.86195,10.475],"to":[11,-0.86195,10.525],"rotation":{"angle":0,"axis":"y","origin":[8,-3.86847,10.5]},"faces":{"north":{"uv":[0.375,8.375,3.75,11.75],"rotation":180,"texture":"#main","tintindex":0},"south":{"uv":[0.375,8.375,3.75,11.75],"rotation":180,"texture":"#main","tintindex":0}}},{"from":[5.00249,-6.86245,10.475],"to":[11.0025,-0.86245,10.525],"rotation":{"angle":22.5,"axis":"z","origin":[8,-3.86847,10.5]},"faces":{"north":{"uv":[4.375,8.375,7.75,11.75],"rotation":180,"texture":"#main","tintindex":0},"south":{"uv":[4.375,8.375,7.75,11.75],"rotation":180,"texture":"#main","tintindex":0}}},{"from":[5.00461,-6.86386,10.475],"to":[11.00461,-0.86387,10.525],"rotation":{"angle":45,"axis":"z","origin":[8,-3.86847,10.5]},"faces":{"north":{"uv":[8.375,8.375,11.75,11.75],"rotation":180,"texture":"#main","tintindex":0},"south":{"uv":[8.375,8.375,11.75,11.75],"rotation":180,"texture":"#main","tintindex":0}}},{"from":[4.99751,-6.86245,10.475],"to":[10.99751,-0.86245,10.525],"rotation":{"angle":-22.5,"axis":"z","origin":[8,-3.86847,10.5]},"faces":{"north":{"uv":[12.375,8.375,15.75,11.75],"rotation":270,"texture":"#main","tintindex":0},"south":{"uv":[12.375,8.375,15.75,11.75],"rotation":90,"texture":"#main","tintindex":0}}},{"from":[5,-6.86195,10.475],"to":[11,-0.86195,10.525],"rotation":{"angle":0,"axis":"y","origin":[8,-3.86847,10.5]},"faces":{"north":{"uv":[0.375,12.375,3.75,15.75],"rotation":270,"texture":"#main","tintindex":0},"south":{"uv":[0.375,12.375,3.75,15.75],"rotation":90,"texture":"#main","tintindex":0}}},{"from":[5.00249,-6.86245,10.475],"to":[11.0025,-0.86245,10.525],"rotation":{"angle":22.5,"axis":"z","origin":[8,-3.86847,10.5]},"faces":{"north":{"uv":[4.375,12.375,7.75,15.75],"rotation":270,"texture":"#main","tintindex":0},"south":{"uv":[4.375,12.375,7.75,15.75],"rotation":90,"texture":"#main","tintindex":0}}},{"from":[5.00461,-6.86386,10.475],"to":[11.00461,-0.86387,10.525],"rotation":{"angle":45,"axis":"z","origin":[8,-3.86847,10.5]},"faces":{"north":{"uv":[8.375,12.375,11.75,15.75],"rotation":270,"texture":"#main","tintindex":0},"south":{"uv":[8.375,12.375,11.75,15.75],"rotation":90,"texture":"#main","tintindex":0}}},{"from":[4.99751,-6.86245,10.475],"to":[10.99751,-0.86245,10.525],"rotation":{"angle":-22.5,"axis":"z","origin":[8,-3.86847,10.5]},"faces":{"north":{"uv":[12.375,12.375,15.75,15.75],"texture":"#main","tintindex":0},"south":{"uv":[12.375,12.375,15.75,15.75],"texture":"#main","tintindex":0}}},{"from":[7.12039,-4.74809,10.25],"to":[8.87039,-2.99809,10.75],"rotation":{"angle":45,"axis":"z","origin":[8,-3.86847,10.5]},"faces":{"north":{"uv":[0,0,16,16],"rotation":270,"texture":"#4","tintindex":0},"south":{"uv":[0,16,16,0],"rotation":270,"texture":"#4","tintindex":0}}},{"from":[10.1,-9.01195,10.48],"to":[14.9,-4.21195,10.52],"rotation":{"angle":0,"axis":"y","origin":[12.4875,-6.61847,10.5]},"faces":{"north":{"uv":[3.75,0.375,0.375,3.75],"texture":"#main","tintindex":0},"south":{"uv":[3.75,0.375,0.375,3.75],"texture":"#main","tintindex":0}}},{"from":[10.09656,-9.00767,10.48],"to":[14.89656,-4.20767,10.52],"rotation":{"angle":-22.5,"axis":"z","origin":[12.4875,-6.61847,10.5]},"faces":{"north":{"uv":[7.75,0.375,4.375,3.75],"texture":"#main","tintindex":0},"south":{"uv":[7.75,0.375,4.375,3.75],"texture":"#main","tintindex":0}}},{"from":[10.09173,-9.00502,10.48],"to":[14.89173,-4.20502,10.52],"rotation":{"angle":-45,"axis":"z","origin":[12.4875,-6.61847,10.5]},"faces":{"north":{"uv":[11.75,0.375,8.375,3.75],"texture":"#main","tintindex":0},"south":{"uv":[11.75,0.375,8.375,3.75],"texture":"#main","tintindex":0}}},{"from":[10.10155,-9.01723,10.48],"to":[14.90155,-4.21724,10.52],"rotation":{"angle":22.5,"axis":"z","origin":[12.4875,-6.61847,10.5]},"faces":{"north":{"uv":[12.375,3.75,15.75,0.375],"rotation":90,"texture":"#main","tintindex":0},"south":{"uv":[12.375,3.75,15.75,0.375],"rotation":270,"texture":"#main","tintindex":0}}},{"from":[10.1,-9.01195,10.48],"to":[14.9,-4.21195,10.52],"rotation":{"angle":0,"axis":"y","origin":[12.4875,-6.61847,10.5]},"faces":{"north":{"uv":[0.375,7.75,3.75,4.375],"rotation":90,"texture":"#main","tintindex":0},"south":{"uv":[0.375,7.75,3.75,4.375],"rotation":270,"texture":"#main","tintindex":0}}},{"from":[10.09656,-9.00767,10.48],"to":[14.89656,-4.20767,10.52],"rotation":{"angle":-22.5,"axis":"z","origin":[12.4875,-6.61847,10.5]},"faces":{"north":{"uv":[4.375,7.75,7.75,4.375],"rotation":90,"texture":"#main","tintindex":0},"south":{"uv":[4.375,7.75,7.75,4.375],"rotation":270,"texture":"#main","tintindex":0}}},{"from":[10.09173,-9.00502,10.48],"to":[14.89173,-4.20502,10.52],"rotation":{"angle":-45,"axis":"z","origin":[12.4875,-6.61847,10.5]},"faces":{"north":{"uv":[8.375,7.75,11.75,4.375],"rotation":90,"texture":"#main","tintindex":0},"south":{"uv":[8.375,7.75,11.75,4.375],"rotation":270,"texture":"#main","tintindex":0}}},{"from":[10.10155,-9.01723,10.48],"to":[14.90155,-4.21724,10.52],"rotation":{"angle":22.5,"axis":"z","origin":[12.4875,-6.61847,10.5]},"faces":{"north":{"uv":[15.75,4.375,12.375,7.75],"rotation":180,"texture":"#main","tintindex":0},"south":{"uv":[15.75,4.375,12.375,7.75],"rotation":180,"texture":"#main","tintindex":0}}},{"from":[10.1,-9.01195,10.48],"to":[14.9,-4.21195,10.52],"rotation":{"angle":0,"axis":"y","origin":[12.4875,-6.61847,10.5]},"faces":{"north":{"uv":[3.75,8.375,0.375,11.75],"rotation":180,"texture":"#main","tintindex":0},"south":{"uv":[3.75,8.375,0.375,11.75],"rotation":180,"texture":"#main","tintindex":0}}},{"from":[10.09656,-9.00767,10.48],"to":[14.89656,-4.20767,10.52],"rotation":{"angle":-22.5,"axis":"z","origin":[12.4875,-6.61847,10.5]},"faces":{"north":{"uv":[7.75,8.375,4.375,11.75],"rotation":180,"texture":"#main","tintindex":0},"south":{"uv":[7.75,8.375,4.375,11.75],"rotation":180,"texture":"#main","tintindex":0}}},{"from":[10.09173,-9.00502,10.48],"to":[14.89173,-4.20502,10.52],"rotation":{"angle":-45,"axis":"z","origin":[12.4875,-6.61847,10.5]},"faces":{"north":{"uv":[11.75,8.375,8.375,11.75],"rotation":180,"texture":"#main","tintindex":0},"south":{"uv":[11.75,8.375,8.375,11.75],"rotation":180,"texture":"#main","tintindex":0}}},{"from":[10.10155,-9.01723,10.48],"to":[14.90155,-4.21724,10.52],"rotation":{"angle":22.5,"axis":"z","origin":[12.4875,-6.61847,10.5]},"faces":{"north":{"uv":[12.375,11.75,15.75,8.375],"rotation":270,"texture":"#main","tintindex":0},"south":{"uv":[12.375,11.75,15.75,8.375],"rotation":90,"texture":"#main","tintindex":0}}},{"from":[10.1,-9.01195,10.48],"to":[14.9,-4.21195,10.52],"rotation":{"angle":0,"axis":"y","origin":[12.4875,-6.61847,10.5]},"faces":{"north":{"uv":[0.375,15.75,3.75,12.375],"rotation":270,"texture":"#main","tintindex":0},"south":{"uv":[0.375,15.75,3.75,12.375],"rotation":90,"texture":"#main","tintindex":0}}},{"from":[10.09656,-9.00767,10.48],"to":[14.89656,-4.20767,10.52],"rotation":{"angle":-22.5,"axis":"z","origin":[12.4875,-6.61847,10.5]},"faces":{"north":{"uv":[4.375,15.75,7.75,12.375],"rotation":270,"texture":"#main","tintindex":0},"south":{"uv":[4.375,15.75,7.75,12.375],"rotation":90,"texture":"#main","tintindex":0}}},{"from":[10.09173,-9.00502,10.48],"to":[14.89173,-4.20502,10.52],"rotation":{"angle":-45,"axis":"z","origin":[12.4875,-6.61847,10.5]},"faces":{"north":{"uv":[8.375,15.75,11.75,12.375],"rotation":270,"texture":"#main","tintindex":0},"south":{"uv":[8.375,15.75,11.75,12.375],"rotation":90,"texture":"#main","tintindex":0}}},{"from":[10.10155,-9.01723,10.48],"to":[14.90155,-4.21724,10.52],"rotation":{"angle":22.5,"axis":"z","origin":[12.4875,-6.61847,10.5]},"faces":{"north":{"uv":[15.75,12.375,12.375,15.75],"texture":"#main","tintindex":0},"south":{"uv":[15.75,12.375,12.375,15.75],"texture":"#main","tintindex":0}}},{"from":[11.59905,-7.48925,10.25],"to":[13.34905,-5.73925,10.75],"rotation":{"angle":45,"axis":"z","origin":[12.4875,-6.61847,10.5]},"faces":{"north":{"uv":[0,0,16,16],"rotation":270,"texture":"#4","tintindex":0},"south":{"uv":[0,16,16,0],"rotation":270,"texture":"#4","tintindex":0}}},{"from":[1.1,-9.01195,10.48],"to":[5.9,-4.21195,10.52],"rotation":{"angle":0,"axis":"y","origin":[3.5125,-6.61847,10.5]},"faces":{"north":{"uv":[3.75,0.375,0.375,3.75],"texture":"#main","tintindex":0},"south":{"uv":[3.75,0.375,0.375,3.75],"texture":"#main","tintindex":0}}},{"from":[1.09845,-9.01723,10.48],"to":[5.89846,-4.21724,10.52],"rotation":{"angle":-22.5,"axis":"z","origin":[3.5125,-6.61847,10.5]},"faces":{"north":{"uv":[7.75,0.375,4.375,3.75],"texture":"#main","tintindex":0},"south":{"uv":[7.75,0.375,4.375,3.75],"texture":"#main","tintindex":0}}},{"from":[1.09905,-9.0227,10.48],"to":[5.89905,-4.2227,10.52],"rotation":{"angle":-45,"axis":"z","origin":[3.5125,-6.61847,10.5]},"faces":{"north":{"uv":[11.75,0.375,8.375,3.75],"texture":"#main","tintindex":0},"south":{"uv":[11.75,0.375,8.375,3.75],"texture":"#main","tintindex":0}}},{"from":[1.10344,-9.00767,10.48],"to":[5.90345,-4.20767,10.52],"rotation":{"angle":22.5,"axis":"z","origin":[3.5125,-6.61847,10.5]},"faces":{"north":{"uv":[12.375,3.75,15.75,0.375],"rotation":90,"texture":"#main","tintindex":0},"south":{"uv":[12.375,3.75,15.75,0.375],"rotation":270,"texture":"#main","tintindex":0}}},{"from":[1.1,-9.01195,10.48],"to":[5.9,-4.21195,10.52],"rotation":{"angle":0,"axis":"y","origin":[3.5125,-6.61847,10.5]},"faces":{"north":{"uv":[0.375,7.75,3.75,4.375],"rotation":90,"texture":"#main","tintindex":0},"south":{"uv":[0.375,7.75,3.75,4.375],"rotation":270,"texture":"#main","tintindex":0}}},{"from":[1.09845,-9.01723,10.48],"to":[5.89846,-4.21724,10.52],"rotation":{"angle":-22.5,"axis":"z","origin":[3.5125,-6.61847,10.5]},"faces":{"north":{"uv":[4.375,7.75,7.75,4.375],"rotation":90,"texture":"#main","tintindex":0},"south":{"uv":[4.375,7.75,7.75,4.375],"rotation":270,"texture":"#main","tintindex":0}}},{"from":[1.09905,-9.0227,10.48],"to":[5.89905,-4.2227,10.52],"rotation":{"angle":-45,"axis":"z","origin":[3.5125,-6.61847,10.5]},"faces":{"north":{"uv":[8.375,7.75,11.75,4.375],"rotation":90,"texture":"#main","tintindex":0},"south":{"uv":[8.375,7.75,11.75,4.375],"rotation":270,"texture":"#main","tintindex":0}}},{"from":[1.10344,-9.00767,10.48],"to":[5.90345,-4.20767,10.52],"rotation":{"angle":22.5,"axis":"z","origin":[3.5125,-6.61847,10.5]},"faces":{"north":{"uv":[15.75,4.375,12.375,7.75],"rotation":180,"texture":"#main","tintindex":0},"south":{"uv":[15.75,4.375,12.375,7.75],"rotation":180,"texture":"#main","tintindex":0}}},{"from":[1.1,-9.01195,10.48],"to":[5.9,-4.21195,10.52],"rotation":{"angle":0,"axis":"y","origin":[3.5125,-6.61847,10.5]},"faces":{"north":{"uv":[3.75,8.375,0.375,11.75],"rotation":180,"texture":"#main","tintindex":0},"south":{"uv":[3.75,8.375,0.375,11.75],"rotation":180,"texture":"#main","tintindex":0}}},{"from":[1.09845,-9.01723,10.48],"to":[5.89846,-4.21724,10.52],"rotation":{"angle":-22.5,"axis":"z","origin":[3.5125,-6.61847,10.5]},"faces":{"north":{"uv":[7.75,8.375,4.375,11.75],"rotation":180,"texture":"#main","tintindex":0},"south":{"uv":[7.75,8.375,4.375,11.75],"rotation":180,"texture":"#main","tintindex":0}}},{"from":[1.09905,-9.0227,10.48],"to":[5.89905,-4.2227,10.52],"rotation":{"angle":-45,"axis":"z","origin":[3.5125,-6.61847,10.5]},"faces":{"north":{"uv":[11.75,8.375,8.375,11.75],"rotation":180,"texture":"#main","tintindex":0},"south":{"uv":[11.75,8.375,8.375,11.75],"rotation":180,"texture":"#main","tintindex":0}}},{"from":[1.10344,-9.00767,10.48],"to":[5.90345,-4.20767,10.52],"rotation":{"angle":22.5,"axis":"z","origin":[3.5125,-6.61847,10.5]},"faces":{"north":{"uv":[12.375,11.75,15.75,8.375],"rotation":270,"texture":"#main","tintindex":0},"south":{"uv":[12.375,11.75,15.75,8.375],"rotation":90,"texture":"#main","tintindex":0}}},{"from":[1.1,-9.01195,10.48],"to":[5.9,-4.21195,10.52],"rotation":{"angle":0,"axis":"y","origin":[3.5125,-6.61847,10.5]},"faces":{"north":{"uv":[0.375,15.75,3.75,12.375],"rotation":270,"texture":"#main","tintindex":0},"south":{"uv":[0.375,15.75,3.75,12.375],"rotation":90,"texture":"#main","tintindex":0}}},{"from":[1.09845,-9.01723,10.48],"to":[5.89846,-4.21724,10.52],"rotation":{"angle":-22.5,"axis":"z","origin":[3.5125,-6.61847,10.5]},"faces":{"north":{"uv":[4.375,15.75,7.75,12.375],"rotation":270,"texture":"#main","tintindex":0},"south":{"uv":[4.375,15.75,7.75,12.375],"rotation":90,"texture":"#main","tintindex":0}}},{"from":[1.09905,-9.0227,10.48],"to":[5.89905,-4.2227,10.52],"rotation":{"angle":-45,"axis":"z","origin":[3.5125,-6.61847,10.5]},"faces":{"north":{"uv":[8.375,15.75,11.75,12.375],"rotation":270,"texture":"#main","tintindex":0},"south":{"uv":[8.375,15.75,11.75,12.375],"rotation":90,"texture":"#main","tintindex":0}}},{"from":[1.10344,-9.00767,10.48],"to":[5.90345,-4.20767,10.52],"rotation":{"angle":22.5,"axis":"z","origin":[3.5125,-6.61847,10.5]},"faces":{"north":{"uv":[15.75,12.375,12.375,15.75],"texture":"#main","tintindex":0},"south":{"uv":[15.75,12.375,12.375,15.75],"texture":"#main","tintindex":0}}},{"from":[2.64173,-7.50693,10.25],"to":[4.39173,-5.75693,10.75],"rotation":{"angle":45,"axis":"z","origin":[3.5125,-6.61847,10.5]},"faces":{"north":{"uv":[0,0,16,16],"rotation":270,"texture":"#4","tintindex":0},"south":{"uv":[0,16,16,0],"rotation":270,"texture":"#4","tintindex":0}}},{"from":[7.5,-8.25,8.5],"to":[8.5,-7.75,9.5],"rotation":{"angle":0,"axis":"y","origin":[8,-12.28418,9]},"faces":{"north":{"uv":[8,6.25,7.5,6.5],"texture":"#3","tintindex":0},"east":{"uv":[8,5.75,7.5,6],"texture":"#3","tintindex":0},"south":{"uv":[8,5.25,7.5,5.5],"texture":"#3","tintindex":0},"west":{"uv":[8,4.75,7.5,5],"texture":"#3","tintindex":0},"up":{"uv":[6.25,2.25,5.75,2.75],"rotation":90,"texture":"#3","tintindex":0},"down":{"uv":[6.25,3.5,5.75,3],"rotation":270,"texture":"#3","tintindex":0}}},{"from":[8.27322,-8.4038,8.4975],"to":[9.27322,-7.9038,9.5025],"rotation":{"angle":22.5,"axis":"z","origin":[8,-12.28418,9]},"faces":{"north":{"uv":[8.25,1,7.75,1.25],"texture":"#3","tintindex":0},"east":{"uv":[8.25,0.5,7.75,0.75],"texture":"#3","tintindex":0},"south":{"uv":[8,7.25,7.5,7.5],"texture":"#3","tintindex":0},"west":{"uv":[8,6.75,7.5,7],"texture":"#3","tintindex":0},"up":{"uv":[6.25,3.75,5.75,4.25],"rotation":90,"texture":"#3","tintindex":0},"down":{"uv":[6.25,5,5.75,4.5],"rotation":270,"texture":"#3","tintindex":0}}},{"from":[4.19935,-9.34715,8.5],"to":[5.44935,-8.84715,9.5],"rotation":{"angle":-22.5,"axis":"z","origin":[8,-12.28418,9]},"faces":{"north":{"uv":[5.625,6.75,5,7],"texture":"#3","tintindex":0},"east":{"uv":[0.5,8.25,0,8.5],"texture":"#3","tintindex":0},"south":{"uv":[4.625,6.75,4,7],"texture":"#3","tintindex":0},"west":{"uv":[8.5,7.75,8,8],"texture":"#3","tintindex":0},"up":{"uv":[2.25,4.5,1.75,5.125],"rotation":90,"texture":"#3","tintindex":0},"down":{"uv":[5.25,0.625,4.75,0],"rotation":270,"texture":"#3","tintindex":0}}},{"from":[10.11902,-10.16516,8.625],"to":[11.86902,-8.41516,9.375],"rotation":{"angle":45,"axis":"z","origin":[8,-12.28418,9]},"faces":{"north":{"uv":[3.625,1.25,2.75,2.125],"texture":"#3","tintindex":0},"east":{"uv":[4.625,1.5,4.25,2.375],"texture":"#3","tintindex":0},"south":{"uv":[3.625,0,2.75,0.875],"texture":"#3","tintindex":0},"west":{"uv":[3.875,4,3.5,4.875],"texture":"#3","tintindex":0},"up":{"uv":[4.625,2.75,4.25,3.625],"rotation":90,"texture":"#3","tintindex":0},"down":{"uv":[4.625,4.875,4.25,4],"rotation":270,"texture":"#3","tintindex":0}}},{"from":[8.68713,-8.20294,8.75],"to":[10.43713,-6.45294,9.25],"rotation":{"angle":45,"axis":"z","origin":[8,-12.28418,9]},"faces":{"north":{"uv":[0,0,16,16],"rotation":270,"texture":"#4","tintindex":0},"south":{"uv":[0,16,16,0],"rotation":270,"texture":"#4","tintindex":0}}},{"from":[5.56288,-8.20294,8.75],"to":[7.31288,-6.45294,9.25],"rotation":{"angle":-45,"axis":"z","origin":[8,-12.28418,9]},"faces":{"north":{"uv":[0,16,16,0],"rotation":270,"texture":"#4","tintindex":0},"south":{"uv":[0,0,16,16],"rotation":270,"texture":"#4","tintindex":0}}},{"from":[11.26807,-9.01611,8.75],"to":[13.01807,-7.26611,9.25],"rotation":{"angle":45,"axis":"z","origin":[8,-12.28418,9]},"faces":{"north":{"uv":[0,0,16,16],"rotation":270,"texture":"#4","tintindex":0},"south":{"uv":[0,16,16,0],"rotation":270,"texture":"#4","tintindex":0}}},{"from":[5,-6.10438,8.975],"to":[6.75,-4.35438,9.025],"rotation":{"angle":45,"axis":"z","origin":[5.875,-5.78205,9]},"faces":{"north":{"uv":[0,16,16,0],"rotation":180,"texture":"#6","tintindex":0},"south":{"uv":[0,0,16,16],"texture":"#6","tintindex":0}}},{"from":[4.875,-7.33472,8.9375],"to":[6.875,-5.33472,9.0625],"rotation":{"angle":45,"axis":"z","origin":[5.875,-5.78205,9]},"faces":{"north":{"uv":[16,0.2,0,16],"texture":"#5","tintindex":0},"south":{"uv":[0,0.2,16,16],"texture":"#5","tintindex":0}}},{"from":[4.05267,-8.90705,8.9375],"to":[6.05267,-6.90705,9.0625],"rotation":{"angle":0,"axis":"z","origin":[4.5,-7.90705,9]},"faces":{"north":{"uv":[16,0.2,0,16],"rotation":90,"texture":"#7","tintindex":0},"south":{"uv":[0,0.2,16,16],"rotation":270,"texture":"#7","tintindex":0}}},{"from":[3.07233,-8.78205,8.975],"to":[4.82233,-7.03205,9.025],"rotation":{"angle":0,"axis":"z","origin":[4.5,-7.90705,9]},"faces":{"north":{"uv":[0,16,16,0],"rotation":270,"texture":"#6","tintindex":0},"south":{"uv":[0,0,16,16],"rotation":270,"texture":"#6","tintindex":0}}},{"from":[9.94733,-8.90705,8.9375],"to":[11.94733,-6.90705,9.0625],"rotation":{"angle":0,"axis":"z","origin":[11.5,-7.90705,9]},"faces":{"north":{"uv":[16,16,0,0.2],"rotation":90,"texture":"#7","tintindex":0},"south":{"uv":[0,16,16,0.2],"rotation":270,"texture":"#7","tintindex":0}}},{"from":[11.17767,-8.78205,8.975],"to":[12.92767,-7.03205,9.025],"rotation":{"angle":0,"axis":"z","origin":[11.5,-7.90705,9]},"faces":{"north":{"uv":[0,0,16,16],"rotation":270,"texture":"#6","tintindex":0},"south":{"uv":[0,16,16,0],"rotation":270,"texture":"#6","tintindex":0}}},{"from":[9.125,-7.33472,8.9375],"to":[11.125,-5.33472,9.0625],"rotation":{"angle":-45,"axis":"z","origin":[10.125,-5.78205,9]},"faces":{"north":{"uv":[0,0.2,16,16],"texture":"#5","tintindex":0},"south":{"uv":[16,0.2,0,16],"texture":"#5","tintindex":0}}},{"from":[9.25,-6.10438,8.975],"to":[11,-4.35438,9.025],"rotation":{"angle":-45,"axis":"z","origin":[10.125,-5.78205,9]},"faces":{"north":{"uv":[16,16,0,0],"rotation":180,"texture":"#6","tintindex":0},"south":{"uv":[16,0,0,16],"texture":"#6","tintindex":0}}},{"from":[2.98353,-11.04294,8.4975],"to":[4.23353,-10.54294,9.5025],"rotation":{"angle":-45,"axis":"z","origin":[8,-12.28418,9]},"faces":{"north":{"uv":[7.625,0,7,0.25],"texture":"#3","tintindex":0},"east":{"uv":[2,8.25,1.5,8.5],"texture":"#3","tintindex":0},"south":{"uv":[0.625,7,0,7.25],"texture":"#3","tintindex":0},"west":{"uv":[1.25,8.25,0.75,8.5],"texture":"#3","tintindex":0},"up":{"uv":[5.5,1,5,1.625],"rotation":90,"texture":"#3","tintindex":0},"down":{"uv":[5.5,2.625,5,2],"rotation":270,"texture":"#3","tintindex":0}}},{"from":[4.54396,-8.49617,8.675],"to":[5.79396,-7.99616,9.325],"rotation":{"angle":-22.5,"axis":"z","origin":[8,-12.28418,9]},"faces":{"north":{"uv":[2.625,7,2,7.25],"texture":"#3","tintindex":0},"east":{"uv":[8.625,7,8.25,7.25],"texture":"#3","tintindex":0},"south":{"uv":[1.625,7,1,7.25],"texture":"#3","tintindex":0},"west":{"uv":[7.125,8.25,6.75,8.5],"texture":"#3","tintindex":0},"up":{"uv":[6.875,0.75,6.5,1.375],"rotation":90,"texture":"#3","tintindex":0},"down":{"uv":[6.875,2.375,6.5,1.75],"rotation":270,"texture":"#3","tintindex":0}}},{"from":[5.3305,-7.85931,8.495],"to":[5.6855,-7.50431,9.505],"rotation":{"angle":0,"axis":"y","origin":[8,-12.28418,9]},"faces":{"north":{"uv":[9.375,5,9.25,5.125],"texture":"#3","tintindex":0},"east":{"uv":[0.5,8.75,0,8.875],"texture":"#3","tintindex":0},"south":{"uv":[4.375,9,4.25,9.125],"texture":"#3","tintindex":0},"west":{"uv":[9,2,8.5,2.125],"texture":"#3","tintindex":0},"up":{"uv":[9.25,0,8.75,0.125],"rotation":90,"texture":"#3","tintindex":0},"down":{"uv":[1.25,8.875,0.75,8.75],"rotation":270,"texture":"#3","tintindex":0}}},{"from":[8.58829,-7.3083,8.7],"to":[9.21329,-6.8083,9.3],"rotation":{"angle":22.5,"axis":"z","origin":[8,-12.28418,9]},"faces":{"north":{"uv":[8.625,8.25,8.25,8.5],"texture":"#3","tintindex":0},"east":{"uv":[5.5,8.5,5.25,8.75],"texture":"#3","tintindex":0},"south":{"uv":[7.875,8.25,7.5,8.5],"texture":"#3","tintindex":0},"west":{"uv":[6.75,7.25,6.5,7.5],"texture":"#3","tintindex":0},"up":{"uv":[8.75,0.5,8.5,0.875],"rotation":90,"texture":"#3","tintindex":0},"down":{"uv":[8.75,1.625,8.5,1.25],"rotation":270,"texture":"#3","tintindex":0}}},{"from":[8.2333,-7.1633,8.67],"to":[8.58829,-6.8083,9.33],"rotation":{"angle":22.5,"axis":"z","origin":[8,-12.28418,9]},"faces":{"north":{"uv":[6.875,9.25,6.75,9.375],"texture":"#3","tintindex":0},"east":{"uv":[9.375,1,9,1.125],"texture":"#3","tintindex":0},"south":{"uv":[9.375,6.5,9.25,6.625],"texture":"#3","tintindex":0},"west":{"uv":[9.375,0.5,9,0.625],"texture":"#3","tintindex":0},"up":{"uv":[9.375,1.5,9,1.625],"rotation":90,"texture":"#3","tintindex":0},"down":{"uv":[9.375,2.625,9,2.5],"rotation":270,"texture":"#3","tintindex":0}}},{"from":[6.98192,-6.9576,8.7],"to":[7.48192,-5.8326,9.3],"rotation":{"angle":0,"axis":"y","origin":[8,-12.28418,9]},"faces":{"north":{"uv":[7.25,6.75,7,7.375],"texture":"#3","tintindex":0},"east":{"uv":[7.25,5.75,7,6.375],"texture":"#3","tintindex":0},"south":{"uv":[7.25,4.75,7,5.375],"texture":"#3","tintindex":0},"west":{"uv":[7.25,3.75,7,4.375],"texture":"#3","tintindex":0},"up":{"uv":[9,5,8.75,5.25],"rotation":90,"texture":"#3","tintindex":0},"down":{"uv":[9,5.75,8.75,5.5],"rotation":270,"texture":"#3","tintindex":0}}},{"from":[11.84206,-7.35732,8.6875],"to":[12.19706,-7.00232,9.3125],"rotation":{"angle":45,"axis":"z","origin":[8,-12.28418,9]},"faces":{"north":{"uv":[9.375,7.5,9.25,7.625],"texture":"#3","tintindex":0},"east":{"uv":[3.875,9,3.5,9.125],"texture":"#3","tintindex":0},"south":{"uv":[7.375,9.25,7.25,9.375],"texture":"#3","tintindex":0},"west":{"uv":[9.375,3,9,3.125],"texture":"#3","tintindex":0},"up":{"uv":[9.375,3.5,9,3.625],"rotation":90,"texture":"#3","tintindex":0},"down":{"uv":[5.625,9.125,5.25,9],"rotation":270,"texture":"#3","tintindex":0}}},{"from":[3.3672,-9.25905,8.6975],"to":[3.8672,-8.88405,9.3025],"rotation":{"angle":-45,"axis":"z","origin":[8,-12.28418,9]},"faces":{"north":{"uv":[7.5,8.75,7.25,9],"texture":"#3","tintindex":0},"east":{"uv":[7,8.75,6.75,9],"texture":"#3","tintindex":0},"south":{"uv":[9,6.5,8.75,6.75],"texture":"#3","tintindex":0},"west":{"uv":[9,6,8.75,6.25],"texture":"#3","tintindex":0},"up":{"uv":[9,7.5,8.75,7.75],"rotation":90,"texture":"#3","tintindex":0},"down":{"uv":[8,9,7.75,8.75],"rotation":270,"texture":"#3","tintindex":0}}},{"from":[3.80294,-7.35732,8.6875],"to":[4.15794,-7.00232,9.3125],"rotation":{"angle":-45,"axis":"z","origin":[8,-12.28418,9]},"faces":{"north":{"uv":[9.25,7.5,9.375,7.625],"texture":"#3","tintindex":0},"east":{"uv":[9,3,9.375,3.125],"texture":"#3","tintindex":0},"south":{"uv":[7.25,9.25,7.375,9.375],"texture":"#3","tintindex":0},"west":{"uv":[3.5,9,3.875,9.125],"texture":"#3","tintindex":0},"up":{"uv":[9.375,3.625,9,3.5],"rotation":90,"texture":"#3","tintindex":0},"down":{"uv":[5.625,9,5.25,9.125],"rotation":270,"texture":"#3","tintindex":0}}},{"from":[8.51808,-6.9576,8.7],"to":[9.01808,-5.8326,9.3],"rotation":{"angle":0,"axis":"y","origin":[8,-12.28418,9]},"faces":{"north":{"uv":[7,6.75,7.25,7.375],"texture":"#3","tintindex":0},"east":{"uv":[7,3.75,7.25,4.375],"texture":"#3","tintindex":0},"south":{"uv":[7,4.75,7.25,5.375],"texture":"#3","tintindex":0},"west":{"uv":[7,5.75,7.25,6.375],"texture":"#3","tintindex":0},"up":{"uv":[9,5.25,8.75,5],"rotation":90,"texture":"#3","tintindex":0},"down":{"uv":[9,5.5,8.75,5.75],"rotation":270,"texture":"#3","tintindex":0}}},{"from":[12.1328,-9.25905,8.6975],"to":[12.6328,-8.88405,9.3025],"rotation":{"angle":45,"axis":"z","origin":[8,-12.28418,9]},"faces":{"north":{"uv":[7.25,8.75,7.5,9],"texture":"#3","tintindex":0},"east":{"uv":[8.75,6,9,6.25],"texture":"#3","tintindex":0},"south":{"uv":[8.75,6.5,9,6.75],"texture":"#3","tintindex":0},"west":{"uv":[6.75,8.75,7,9],"texture":"#3","tintindex":0},"up":{"uv":[9,7.75,8.75,7.5],"rotation":90,"texture":"#3","tintindex":0},"down":{"uv":[8,8.75,7.75,9],"rotation":270,"texture":"#3","tintindex":0}}},{"from":[6.78671,-7.3083,8.7],"to":[7.41171,-6.8083,9.3],"rotation":{"angle":-22.5,"axis":"z","origin":[8,-12.28418,9]},"faces":{"north":{"uv":[8.25,8.25,8.625,8.5],"texture":"#3","tintindex":0},"east":{"uv":[6.5,7.25,6.75,7.5],"texture":"#3","tintindex":0},"south":{"uv":[7.5,8.25,7.875,8.5],"texture":"#3","tintindex":0},"west":{"uv":[5.25,8.5,5.5,8.75],"texture":"#3","tintindex":0},"up":{"uv":[8.75,0.875,8.5,0.5],"rotation":90,"texture":"#3","tintindex":0},"down":{"uv":[8.75,1.25,8.5,1.625],"rotation":270,"texture":"#3","tintindex":0}}},{"from":[7.41171,-7.1633,8.67],"to":[7.76671,-6.8083,9.33],"rotation":{"angle":-22.5,"axis":"z","origin":[8,-12.28418,9]},"faces":{"north":{"uv":[6.75,9.25,6.875,9.375],"texture":"#3","tintindex":0},"east":{"uv":[9,0.5,9.375,0.625],"texture":"#3","tintindex":0},"south":{"uv":[9.25,6.5,9.375,6.625],"texture":"#3","tintindex":0},"west":{"uv":[9,1,9.375,1.125],"texture":"#3","tintindex":0},"up":{"uv":[9.375,1.625,9,1.5],"rotation":90,"texture":"#3","tintindex":0},"down":{"uv":[9.375,2.5,9,2.625],"rotation":270,"texture":"#3","tintindex":0}}},{"from":[10.20605,-8.49617,8.675],"to":[11.45605,-7.99616,9.325],"rotation":{"angle":22.5,"axis":"z","origin":[8,-12.28418,9]},"faces":{"north":{"uv":[2,7,2.625,7.25],"texture":"#3","tintindex":0},"east":{"uv":[6.75,8.25,7.125,8.5],"texture":"#3","tintindex":0},"south":{"uv":[1,7,1.625,7.25],"texture":"#3","tintindex":0},"west":{"uv":[8.25,7,8.625,7.25],"texture":"#3","tintindex":0},"up":{"uv":[6.875,1.375,6.5,0.75],"rotation":90,"texture":"#3","tintindex":0},"down":{"uv":[6.875,1.75,6.5,2.375],"rotation":270,"texture":"#3","tintindex":0}}},{"from":[6.72679,-8.4038,8.4975],"to":[7.72679,-7.9038,9.5025],"rotation":{"angle":-22.5,"axis":"z","origin":[8,-12.28418,9]},"faces":{"north":{"uv":[7.75,1,8.25,1.25],"texture":"#3","tintindex":0},"east":{"uv":[7.5,6.75,8,7],"texture":"#3","tintindex":0},"south":{"uv":[7.5,7.25,8,7.5],"texture":"#3","tintindex":0},"west":{"uv":[7.75,0.5,8.25,0.75],"texture":"#3","tintindex":0},"up":{"uv":[6.25,4.25,5.75,3.75],"rotation":90,"texture":"#3","tintindex":0},"down":{"uv":[6.25,4.5,5.75,5],"rotation":270,"texture":"#3","tintindex":0}}},{"from":[10.55065,-9.34715,8.5],"to":[11.80065,-8.84715,9.5],"rotation":{"angle":22.5,"axis":"z","origin":[8,-12.28418,9]},"faces":{"north":{"uv":[5,6.75,5.625,7],"texture":"#3","tintindex":0},"east":{"uv":[8,7.75,8.5,8],"texture":"#3","tintindex":0},"south":{"uv":[4,6.75,4.625,7],"texture":"#3","tintindex":0},"west":{"uv":[0,8.25,0.5,8.5],"texture":"#3","tintindex":0},"up":{"uv":[2.25,5.125,1.75,4.5],"rotation":90,"texture":"#3","tintindex":0},"down":{"uv":[5.25,0,4.75,0.625],"rotation":270,"texture":"#3","tintindex":0}}},{"from":[11.76648,-11.04294,8.4975],"to":[13.01648,-10.54294,9.5025],"rotation":{"angle":45,"axis":"z","origin":[8,-12.28418,9]},"faces":{"north":{"uv":[7,0,7.625,0.25],"texture":"#3","tintindex":0},"east":{"uv":[0.75,8.25,1.25,8.5],"texture":"#3","tintindex":0},"south":{"uv":[0,7,0.625,7.25],"texture":"#3","tintindex":0},"west":{"uv":[1.5,8.25,2,8.5],"texture":"#3","tintindex":0},"up":{"uv":[5.5,1.625,5,1],"rotation":90,"texture":"#3","tintindex":0},"down":{"uv":[5.5,2,5,2.625],"rotation":270,"texture":"#3","tintindex":0}}},{"from":[10.3145,-7.85931,8.495],"to":[10.6695,-7.50431,9.505],"rotation":{"angle":0,"axis":"y","origin":[8,-12.28418,9]},"faces":{"north":{"uv":[9.25,5,9.375,5.125],"texture":"#3","tintindex":0},"east":{"uv":[8.5,2,9,2.125],"texture":"#3","tintindex":0},"south":{"uv":[4.25,9,4.375,9.125],"texture":"#3","tintindex":0},"west":{"uv":[0,8.75,0.5,8.875],"texture":"#3","tintindex":0},"up":{"uv":[9.25,0.125,8.75,0],"rotation":90,"texture":"#3","tintindex":0},"down":{"uv":[1.25,8.75,0.75,8.875],"rotation":270,"texture":"#3","tintindex":0}}}],"gui_light":"front","display":{"thirdperson_righthand":{"rotation":[53,0,0],"translation":[0,0,-1],"scale":[0.43,0.43,0.43]},"thirdperson_lefthand":{"rotation":[68.25,0,0],"translation":[-5.5,-9,4.5],"scale":[1.47,1.47,1.47]},"firstperson_righthand":{"scale":[0.41,0.41,0.41]},"firstperson_lefthand":{"translation":[13,0,0],"scale":[0.01,0.01,0.01]},"ground":{"scale":[0.52,0.52,0.52]},"gui":{"translation":[0,14,0],"scale":[0.9,0.9,0.9]},"head":{"translation":[0,-46.5,7],"scale":[4,4,4]},"fixed":{"translation":[0,-12.5,-13.25],"scale":[2.35,2.35,2.35]}}}