{
	"credit": "Made with Blockbench",
	"texture_size": [64, 64],
	"textures": {
		"0": "elitecreatures:christmas_holiday_2023/christmas_shield",
		"particle": "elitecreatures:christmas_holiday_2023/christmas_shield"
	},
	"elements": [
		{
			"from": [8, 0, 7],
			"to": [24, 16, 9],
			"rotation": {"angle": 45, "axis": "z", "origin": [8, 0, 8]},
			"faces": {
				"north": {"uv": [0, 0, 4, 4], "texture": "#0"},
				"east": {"uv": [6, 3.75, 6.5, 7.75], "texture": "#0"},
				"south": {"uv": [0, 4, 4, 8], "texture": "#0"},
				"west": {"uv": [6.5, 3.75, 7, 7.75], "texture": "#0"},
				"up": {"uv": [10, 0.5, 6, 0], "texture": "#0"},
				"down": {"uv": [10, 0.5, 6, 1], "texture": "#0"}
			}
		},
		{
			"from": [12.5, 16, 8],
			"to": [19.5, 25, 8.05],
			"rotation": {"angle": 45, "axis": "z", "origin": [8, 0, 8]},
			"faces": {
				"north": {"uv": [4, 0, 5.75, 2.25], "texture": "#0"},
				"south": {"uv": [5.75, 0, 4, 2.25], "texture": "#0"}
			}
		},
		{
			"from": [-3.5, 16, 8],
			"to": [3.5, 25, 8.05],
			"rotation": {"angle": -45, "axis": "z", "origin": [8, 0, 8]},
			"faces": {
				"north": {"uv": [5.75, 0, 4, 2.25], "texture": "#0"},
				"south": {"uv": [4, 0, 5.75, 2.25], "texture": "#0"}
			}
		},
		{
			"from": [-3.5, -2.25, 8],
			"to": [3.5, 6.75, 8.05],
			"rotation": {"angle": 45, "axis": "z", "origin": [8, 22.75, 8]},
			"faces": {
				"north": {"uv": [4, 2.25, 5.75, 0], "texture": "#0"},
				"south": {"uv": [5.75, 2.25, 4, 0], "texture": "#0"}
			}
		},
		{
			"from": [12.5, -2.25, 8],
			"to": [19.5, 6.75, 8.05],
			"rotation": {"angle": -45, "axis": "z", "origin": [8, 22.75, 8]},
			"faces": {
				"north": {"uv": [5.75, 2.25, 4, 0], "texture": "#0"},
				"south": {"uv": [4, 2.25, 5.75, 0], "texture": "#0"}
			}
		},
		{
			"from": [10.5, 8.75, 2.5],
			"to": [15.5, 13.75, 7.5],
			"rotation": {"angle": -45, "axis": "y", "origin": [8, 0, 0]},
			"faces": {
				"north": {"uv": [7.25, 1, 6, 2.25], "texture": "#0"},
				"west": {"uv": [6, 1, 7.25, 2.25], "texture": "#0"},
				"up": {"uv": [6, 8, 4.75, 6.75], "texture": "#0"},
				"down": {"uv": [8.25, 2.25, 7, 3.5], "texture": "#0"}
			}
		},
		{
			"from": [5.8, 0.3, 6],
			"to": [8.8, 9.3, 6.05],
			"rotation": {"angle": -22.5, "axis": "z", "origin": [0, 8.5, -2]},
			"faces": {
				"north": {"uv": [4, 6.75, 4.75, 9], "texture": "#0"},
				"south": {"uv": [4, 6.75, 4.75, 9], "texture": "#0"}
			}
		},
		{
			"from": [7.2, 0.3, 6],
			"to": [10.2, 9.3, 6.05],
			"rotation": {"angle": 22.5, "axis": "z", "origin": [16, 8.5, -2]},
			"faces": {
				"north": {"uv": [4.75, 6.75, 4, 9], "texture": "#0"},
				"south": {"uv": [4.75, 6.75, 4, 9], "texture": "#0"}
			}
		},
		{
			"from": [6, 5.5, 5],
			"to": [10, 9.5, 7],
			"rotation": {"angle": 45, "axis": "z", "origin": [8, 7.5, 6]},
			"faces": {
				"north": {"uv": [7.25, 1, 8.25, 2], "texture": "#0"},
				"east": {"uv": [5.5, 3.75, 6, 4.75], "texture": "#0"},
				"west": {"uv": [7.75, 3.5, 8.25, 4.5], "texture": "#0"},
				"up": {"uv": [8.75, 5, 7.75, 4.5], "texture": "#0"},
				"down": {"uv": [8.75, 5, 7.75, 5.5], "texture": "#0"}
			}
		},
		{
			"from": [2.80761, 3.44975, 7],
			"to": [0.80761, 1.44975, 5],
			"rotation": {"angle": 45, "axis": "z", "origin": [-1.19239, 12.44975, 13]},
			"faces": {
				"east": {"uv": [7.75, 4.25, 8.25, 3.75], "texture": "#0"},
				"west": {"uv": [5.5, 4.5, 6, 4], "texture": "#0"},
				"up": {"uv": [8, 5, 8.5, 5.5], "texture": "#0"},
				"down": {"uv": [8, 5, 8.5, 4.5], "texture": "#0"}
			}
		},
		{
			"from": [2, 5.25, 7],
			"to": [8, 17.25, 7],
			"rotation": {"angle": -22.5, "axis": "y", "origin": [8, 11.25, 7]},
			"faces": {
				"north": {"uv": [4, 2.25, 5.5, 5.25], "texture": "#0"},
				"south": {"uv": [5.5, 2.25, 4, 5.25], "texture": "#0"}
			}
		},
		{
			"from": [8, 5.25, 7],
			"to": [14, 17.25, 7],
			"rotation": {"angle": 22.5, "axis": "y", "origin": [8, 11.25, 7]},
			"faces": {
				"north": {"uv": [5.5, 2.25, 4, 5.25], "texture": "#0"},
				"south": {"uv": [4, 2.25, 5.5, 5.25], "texture": "#0"}
			}
		},
		{
			"from": [4, 20.6, 8],
			"to": [12, 26.6, 8.05],
			"faces": {
				"north": {"uv": [4, 5.25, 6, 6.75], "texture": "#0"},
				"south": {"uv": [4, 5.25, 6, 6.75], "texture": "#0"}
			}
		},
		{
			"from": [4, -4, 8],
			"to": [12, 2, 8.05],
			"rotation": {"angle": 0, "axis": "y", "origin": [0, 16, 0]},
			"faces": {
				"north": {"uv": [4, 6.75, 6, 5.25], "texture": "#0"},
				"south": {"uv": [4, 6.75, 6, 5.25], "texture": "#0"}
			}
		},
		{
			"from": [17.3, 7.3, 8],
			"to": [23.3, 15.3, 8.05],
			"rotation": {"angle": 0, "axis": "y", "origin": [8, 11.3, 8.025]},
			"faces": {
				"north": {"uv": [4, 6.75, 6, 5.25], "rotation": 90, "texture": "#0"},
				"south": {"uv": [4, 6.75, 6, 5.25], "rotation": 270, "texture": "#0"}
			}
		},
		{
			"from": [-7.3, 7.3, 8],
			"to": [-1.3, 15.3, 8.05],
			"rotation": {"angle": 0, "axis": "y", "origin": [8, 11.3, 8.025]},
			"faces": {
				"north": {"uv": [4, 5.25, 6, 6.75], "rotation": 90, "texture": "#0"},
				"south": {"uv": [4, 5.25, 6, 6.75], "rotation": 270, "texture": "#0"}
			}
		},
		{
			"from": [6.5, 8.25, 9],
			"to": [9.5, 14.25, 15],
			"faces": {
				"east": {"uv": [7, 2.25, 5.5, 3.75], "texture": "#0"},
				"south": {"uv": [7, 3.5, 7.75, 5], "texture": "#0"},
				"west": {"uv": [5.5, 2.25, 7, 3.75], "texture": "#0"},
				"up": {"uv": [7.75, 6.5, 7, 5], "texture": "#0"},
				"down": {"uv": [7.75, 6.5, 7, 8], "texture": "#0"}
			}
		},
		{
			"from": [9.5, 13.25, 14],
			"to": [6.5, 9.25, 9],
			"rotation": {"angle": 0, "axis": "y", "origin": [16, 16, 16]},
			"faces": {
				"north": {"uv": [7, 4.75, 7.75, 3.75], "texture": "#0"},
				"up": {"uv": [7, 6.75, 7.75, 8], "texture": "#0"},
				"down": {"uv": [7, 6.5, 7.75, 5.25], "texture": "#0"}
			}
		}
	],
	"gui_light": "front",
	"display": {
		"thirdperson_righthand": {
			"rotation": [45, -45, 0],
			"translation": [3.75, -4, 2.25],
			"scale": [0.7, 0.7, 0.7]
		},
		"thirdperson_lefthand": {
			"rotation": [45, -45, 0],
			"translation": [3.75, -4, 2.25],
			"scale": [0.7, 0.7, 0.7]
		},
		"firstperson_righthand": {
			"rotation": [5.75, 0, 0],
			"translation": [-5, -4, -4.75],
			"scale": [0.82656, 0.82656, 0.82656]
		},
		"firstperson_lefthand": {
			"rotation": [5.75, 0, 0],
			"translation": [-5, -4, -4.75],
			"scale": [0.82656, 0.82656, 0.82656]
		},
		"ground": {
			"rotation": [78, 0, 0],
			"translation": [0, 3.75, 0],
			"scale": [0.6, 0.6, 0.6]
		},
		"gui": {
			"rotation": [17, 158, 0],
			"translation": [0, -1.75, -1.5],
			"scale": [0.5, 0.5, 0.5]
		},
		"head": {
			"rotation": [0, 0, -34],
			"translation": [0, 13.5, -0.5],
			"scale": [0.6, 0.6, 0.6]
		},
		"fixed": {
			"translation": [1.25, 0.75, -4.25],
			"scale": [1.40469, 1.40469, 1.40469]
		}
	}
}