{"model":{"type":"range_dispatch","property":"custom_model_data","index":0,"fallback":{"type":"minecraft:special","base":"minecraft:item/template_skull","model":{"type":"minecraft:player_head"}},"entries":[{"threshold":1,"model":{"type":"special","base":"custom/entities/player/head","model":{"type":"player_head"}}},{"threshold":2,"model":{"type":"special","base":"custom/entities/player/right_arm","model":{"type":"player_head"}}},{"threshold":3,"model":{"type":"special","base":"custom/entities/player/left_arm","model":{"type":"player_head"}}},{"threshold":4,"model":{"type":"special","base":"custom/entities/player/torso","model":{"type":"player_head"}}},{"threshold":5,"model":{"type":"special","base":"custom/entities/player/right_leg","model":{"type":"player_head"}}},{"threshold":6,"model":{"type":"special","base":"custom/entities/player/left_leg","model":{"type":"player_head"}}},{"threshold":7,"model":{"type":"special","base":"custom/entities/player/slim_right","model":{"type":"player_head"}}},{"threshold":8,"model":{"type":"special","base":"custom/entities/player/slim_left","model":{"type":"player_head"}}},{"threshold":50000,"model":{"type":"special","base":"_iainternal:entity/player/phead_0","model":{"type":"player_head"}}},{"threshold":50001,"model":{"type":"special","base":"_iainternal:entity/player/parm_left_3","model":{"type":"player_head"}}},{"threshold":50002,"model":{"type":"special","base":"_iainternal:entity/player/pbody_2","model":{"type":"player_head"}}},{"threshold":50003,"model":{"type":"special","base":"_iainternal:entity/player/pleg_left_1","model":{"type":"player_head"}}},{"threshold":50004,"model":{"type":"special","base":"_iainternal:entity/player/pleg_right_5","model":{"type":"player_head"}}},{"threshold":50005,"model":{"type":"special","base":"_iainternal:entity/player/parm_right_4","model":{"type":"player_head"}}},{"threshold":50006,"model":{"type":"special","base":"_iainternal:entity/player/dummy_0","model":{"type":"player_head"}}},{"threshold":50007,"model":{"type":"special","base":"_iainternal:entity/player/dummy_1","model":{"type":"player_head"}}},{"threshold":50008,"model":{"type":"special","base":"_iainternal:entity/player/dummy_2","model":{"type":"player_head"}}},{"threshold":50009,"model":{"type":"special","base":"_iainternal:entity/player/dummy_3","model":{"type":"player_head"}}},{"threshold":50010,"model":{"type":"special","base":"_iainternal:entity/player/dummy_4","model":{"type":"player_head"}}},{"threshold":50011,"model":{"type":"special","base":"_iainternal:entity/player/dummy_5","model":{"type":"player_head"}}},{"threshold":50012,"model":{"type":"special","base":"item/player_head","model":{"type":"player_head"}}}]},"oversized_in_gui":true}