{
	"credit": "Made with Blockbench",
	"texture_size": [32, 32],
	"textures": {
		"2": "custom/elitecreatures/cursed_weapons/shovel_cursed",
		"particle": "custom/elitecreatures/cursed_weapons/shovel_cursed"
	},
	"elements": [
		{
			"from": [1.86311, 14.46356, 6.75],
			"to": [5.86311, 18.46356, 9.25],
			"rotation": {"angle": 45, "axis": "z", "origin": [8, 20.60045, 8]},
			"faces": {
				"north": {"uv": [4, 7, 6, 9], "texture": "#2"},
				"east": {"uv": [7.5, 4, 8.75, 6], "texture": "#2"},
				"south": {"uv": [7.5, 0, 9.5, 2], "texture": "#2"},
				"west": {"uv": [7.5, 6, 8.75, 8], "texture": "#2"},
				"up": {"uv": [8, 9.25, 6, 8], "texture": "#2"},
				"down": {"uv": [10, 8, 8, 9.25], "texture": "#2"}
			}
		},
		{
			"from": [8.5, 11.5, 7.5],
			"to": [10.5, 13, 8.5],
			"rotation": {"angle": -22.5, "axis": "z", "origin": [10.5, 12.25, 8]},
			"faces": {
				"north": {"uv": [0, 11.5, 1, 12.25], "texture": "#2"},
				"east": {"uv": [13, 5, 13.5, 5.75], "texture": "#2"},
				"south": {"uv": [11.5, 0, 12.5, 0.75], "texture": "#2"},
				"west": {"uv": [6, 13, 6.5, 13.75], "texture": "#2"},
				"up": {"uv": [10, 8, 9, 7.5], "texture": "#2"},
				"down": {"uv": [13.5, 7, 12.5, 7.5], "texture": "#2"}
			}
		},
		{
			"from": [7, -8, 7.25],
			"to": [9, 13, 8.75],
			"rotation": {"angle": 0, "axis": "y", "origin": [8, 5.85045, 8]},
			"faces": {
				"north": {"uv": [0, 0, 1, 10.5], "texture": "#2"},
				"east": {"uv": [2, 0, 2.75, 10.5], "texture": "#2"},
				"south": {"uv": [1, 0, 2, 10.5], "texture": "#2"},
				"west": {"uv": [3, 0, 3.75, 10.5], "texture": "#2"},
				"up": {"uv": [2, 12.25, 1, 11.5], "texture": "#2"},
				"down": {"uv": [12.5, 1, 11.5, 1.75], "texture": "#2"}
			}
		},
		{
			"from": [6.5, -9, 6.75],
			"to": [9.5, -8, 9.25],
			"rotation": {"angle": 0, "axis": "y", "origin": [8, -8.5, 8]},
			"faces": {
				"north": {"uv": [11, 7, 12.5, 7.5], "texture": "#2"},
				"east": {"uv": [12, 8.5, 13.25, 9], "texture": "#2"},
				"south": {"uv": [2, 11.5, 3.5, 12], "texture": "#2"},
				"west": {"uv": [12, 9, 13.25, 9.5], "texture": "#2"},
				"up": {"uv": [5.5, 10.25, 4, 9], "texture": "#2"},
				"down": {"uv": [10.5, 5, 9, 6.25], "texture": "#2"}
			}
		},
		{
			"from": [7, -10, 7.25],
			"to": [9, -9, 8.75],
			"rotation": {"angle": 0, "axis": "y", "origin": [8, -9.5, 8]},
			"faces": {
				"north": {"uv": [13, 0, 14, 0.5], "texture": "#2"},
				"east": {"uv": [13, 6, 13.75, 6.5], "texture": "#2"},
				"south": {"uv": [13, 0.5, 14, 1], "texture": "#2"},
				"west": {"uv": [6.5, 13, 7.25, 13.5], "texture": "#2"},
				"up": {"uv": [12.5, 2.75, 11.5, 2], "texture": "#2"},
				"down": {"uv": [12.5, 3, 11.5, 3.75], "texture": "#2"}
			}
		},
		{
			"from": [4, 13.75, 7.5],
			"to": [12, 15.25, 8.5],
			"rotation": {"angle": 0, "axis": "z", "origin": [8, 14.75, 8]},
			"faces": {
				"north": {"uv": [7.5, 2, 11.5, 2.75], "texture": "#2"},
				"east": {"uv": [7.5, 13, 8, 13.75], "texture": "#2"},
				"south": {"uv": [7.5, 3, 11.5, 3.75], "texture": "#2"},
				"west": {"uv": [13, 7.5, 13.5, 8.25], "texture": "#2"},
				"up": {"uv": [13, 4.5, 9, 4], "texture": "#2"},
				"down": {"uv": [13, 4.5, 9, 5], "texture": "#2"}
			}
		},
		{
			"from": [5.5, 15.25, 7.5],
			"to": [6.5, 21.75, 8.5],
			"rotation": {"angle": 0, "axis": "z", "origin": [8, 12.75, 8]},
			"faces": {
				"north": {"uv": [5.5, 9, 6, 12.25], "texture": "#2"},
				"east": {"uv": [6, 9.5, 6.5, 12.75], "texture": "#2"},
				"south": {"uv": [6.5, 9.5, 7, 12.75], "texture": "#2"},
				"west": {"uv": [7, 9.5, 7.5, 12.75], "texture": "#2"},
				"up": {"uv": [4, 12, 3.5, 11.5], "texture": "#2"},
				"down": {"uv": [14, 9, 13.5, 9.5], "texture": "#2"}
			}
		},
		{
			"from": [9.5, 15.25, 7.5],
			"to": [10.5, 21.75, 8.5],
			"rotation": {"angle": 0, "axis": "z", "origin": [8, 12.75, 8]},
			"faces": {
				"north": {"uv": [7.5, 9.5, 8, 12.75], "texture": "#2"},
				"east": {"uv": [8, 9.5, 8.5, 12.75], "texture": "#2"},
				"south": {"uv": [8.5, 9.5, 9, 12.75], "texture": "#2"},
				"west": {"uv": [9, 9.5, 9.5, 12.75], "texture": "#2"},
				"up": {"uv": [12, 14, 11.5, 13.5], "texture": "#2"},
				"down": {"uv": [12.5, 13.5, 12, 14], "texture": "#2"}
			}
		},
		{
			"from": [6, 15.25, 7.025],
			"to": [10, 22.25, 7.5],
			"rotation": {"angle": 0, "axis": "z", "origin": [8, 12.75, 8]},
			"faces": {
				"north": {"uv": [4, 0, 6, 3.5], "texture": "#2"},
				"east": {"uv": [5, 10.5, 5.25, 14], "texture": "#2"},
				"south": {"uv": [4, 3.5, 6, 7], "texture": "#2"},
				"west": {"uv": [9.5, 10.5, 9.75, 14], "texture": "#2"},
				"up": {"uv": [15, 1.25, 13, 1], "texture": "#2"},
				"down": {"uv": [15, 1.5, 13, 1.75], "texture": "#2"}
			}
		},
		{
			"from": [9.37868, 22.92157, 7],
			"to": [12.20711, 23.75, 7.5],
			"rotation": {"angle": 45, "axis": "z", "origin": [10.70711, 18.42157, 8]},
			"faces": {
				"north": {"uv": [11.5, 5, 13, 5.5], "texture": "#2"},
				"east": {"uv": [14, 2.5, 14.25, 3], "texture": "#2"},
				"south": {"uv": [11.5, 5.5, 13, 6], "texture": "#2"},
				"west": {"uv": [14, 3, 14.25, 3.5], "texture": "#2"},
				"up": {"uv": [14.5, 6.75, 13, 6.5], "texture": "#2"},
				"down": {"uv": [9.5, 13, 8, 13.25], "texture": "#2"}
			}
		},
		{
			"from": [3.79289, 22.92157, 7],
			"to": [6.62132, 23.75, 7.5],
			"rotation": {"angle": -45, "axis": "z", "origin": [5.29289, 18.42157, 8]},
			"faces": {
				"north": {"uv": [11.5, 6, 13, 6.5], "texture": "#2"},
				"east": {"uv": [14, 3.5, 14.25, 4], "texture": "#2"},
				"south": {"uv": [11.5, 6.5, 13, 7], "texture": "#2"},
				"west": {"uv": [14, 4, 14.25, 4.5], "texture": "#2"},
				"up": {"uv": [14.5, 9.75, 13, 9.5], "texture": "#2"},
				"down": {"uv": [14.5, 10, 13, 10.25], "texture": "#2"}
			}
		},
		{
			"from": [6.5, 15.25, 7.75],
			"to": [9.5, 23.25, 8.25],
			"rotation": {"angle": 0, "axis": "z", "origin": [8, 12.75, 8]},
			"faces": {
				"north": {"uv": [6, 0, 7.5, 4], "texture": "#2"},
				"east": {"uv": [4, 10.5, 4.25, 14.5], "texture": "#2"},
				"south": {"uv": [6, 4, 7.5, 8], "texture": "#2"},
				"west": {"uv": [4.5, 10.5, 4.75, 14.5], "texture": "#2"},
				"up": {"uv": [14.5, 10.75, 13, 10.5], "texture": "#2"},
				"down": {"uv": [14, 13, 12.5, 13.25], "texture": "#2"}
			}
		},
		{
			"from": [4.41421, 20.12868, 7.475],
			"to": [5.44975, 22.62868, 8.525],
			"rotation": {"angle": -45, "axis": "z", "origin": [6.91421, 19.62868, 8]},
			"faces": {
				"north": {"uv": [10.5, 5, 11, 6.25], "texture": "#2"},
				"east": {"uv": [0, 12.5, 0.5, 13.75], "texture": "#2"},
				"south": {"uv": [12.5, 0, 13, 1.25], "texture": "#2"},
				"west": {"uv": [0.5, 12.5, 1, 13.75], "texture": "#2"},
				"up": {"uv": [14, 12.5, 13.5, 12], "texture": "#2"},
				"down": {"uv": [13, 13.5, 12.5, 14], "texture": "#2"}
			}
		},
		{
			"from": [10.55025, 20.12868, 7.475],
			"to": [11.58579, 23.66421, 8.525],
			"rotation": {"angle": 45, "axis": "z", "origin": [9.08579, 19.62868, 8]},
			"faces": {
				"north": {"uv": [10, 10.5, 10.5, 12.25], "texture": "#2"},
				"east": {"uv": [10.5, 10.5, 11, 12.25], "texture": "#2"},
				"south": {"uv": [11, 5, 11.5, 6.75], "texture": "#2"},
				"west": {"uv": [11, 10.5, 11.5, 12.25], "texture": "#2"},
				"up": {"uv": [14, 13, 13.5, 12.5], "texture": "#2"},
				"down": {"uv": [13.5, 13.5, 13, 14], "texture": "#2"}
			}
		},
		{
			"from": [4.02513, 16.63909, 7.525],
			"to": [6.02513, 18.13909, 8.475],
			"rotation": {"angle": -45, "axis": "z", "origin": [1.52513, 17.63909, 8]},
			"faces": {
				"north": {"uv": [11.5, 9.5, 12.5, 10.25], "texture": "#2"},
				"east": {"uv": [2, 13.5, 2.5, 14.25], "texture": "#2"},
				"south": {"uv": [11.5, 10.5, 12.5, 11.25], "texture": "#2"},
				"west": {"uv": [2.5, 13.5, 3, 14.25], "texture": "#2"},
				"up": {"uv": [3, 13.5, 2, 13], "texture": "#2"},
				"down": {"uv": [14, 2, 13, 2.5], "texture": "#2"}
			}
		},
		{
			"from": [5.5, 11.5, 7.5],
			"to": [7.5, 13, 8.5],
			"rotation": {"angle": 22.5, "axis": "z", "origin": [5.5, 12.25, 8]},
			"faces": {
				"north": {"uv": [11.5, 11.5, 12.5, 12.25], "texture": "#2"},
				"east": {"uv": [3, 13.5, 3.5, 14.25], "texture": "#2"},
				"south": {"uv": [2, 12, 3, 12.75], "texture": "#2"},
				"west": {"uv": [13.5, 3, 14, 3.75], "texture": "#2"},
				"up": {"uv": [14, 3, 13, 2.5], "texture": "#2"},
				"down": {"uv": [4, 13, 3, 13.5], "texture": "#2"}
			}
		},
		{
			"from": [1.3156, 12.67085, 7.5],
			"to": [2.3156, 15.17085, 8.5],
			"rotation": {"angle": 0, "axis": "z", "origin": [3.14614, 15.64765, 8]},
			"faces": {
				"north": {"uv": [1, 12.5, 1.5, 13.75], "texture": "#2"},
				"east": {"uv": [1.5, 12.5, 2, 13.75], "texture": "#2"},
				"south": {"uv": [12.5, 1.5, 13, 2.75], "texture": "#2"},
				"west": {"uv": [5.5, 12.5, 6, 13.75], "texture": "#2"},
				"up": {"uv": [14, 14, 13.5, 13.5], "texture": "#2"},
				"down": {"uv": [0.5, 14, 0, 14.5], "texture": "#2"}
			}
		},
		{
			"from": [1.5146, 15.10488, 7.25],
			"to": [5.0146, 16.60488, 8.75],
			"rotation": {"angle": 45, "axis": "z", "origin": [3.14614, 15.64765, 8]},
			"faces": {
				"north": {"uv": [9, 6.5, 10.75, 7.25], "texture": "#2"},
				"east": {"uv": [12.5, 3, 13.25, 3.75], "texture": "#2"},
				"south": {"uv": [9.5, 0, 11.25, 0.75], "texture": "#2"},
				"west": {"uv": [12.5, 11, 13.25, 11.75], "texture": "#2"},
				"up": {"uv": [11.25, 1.75, 9.5, 1], "texture": "#2"},
				"down": {"uv": [11.25, 9.5, 9.5, 10.25], "texture": "#2"}
			}
		},
		{
			"from": [4.50606, 15.74704, 7.5],
			"to": [5.50606, 17.24704, 8.5],
			"rotation": {"angle": 22.5, "axis": "z", "origin": [3.14614, 15.64765, 8]},
			"faces": {
				"north": {"uv": [3.5, 13.5, 4, 14.25], "texture": "#2"},
				"east": {"uv": [13.5, 5, 14, 5.75], "texture": "#2"},
				"south": {"uv": [6.5, 13.5, 7, 14.25], "texture": "#2"},
				"west": {"uv": [7, 13.5, 7.5, 14.25], "texture": "#2"},
				"up": {"uv": [14.5, 0.5, 14, 0], "texture": "#2"},
				"down": {"uv": [1, 14, 0.5, 14.5], "texture": "#2"}
			}
		},
		{
			"from": [9.97487, 16.63909, 7.525],
			"to": [11.97487, 18.13909, 8.475],
			"rotation": {"angle": 45, "axis": "z", "origin": [14.47487, 17.63909, 8]},
			"faces": {
				"north": {"uv": [3, 12, 4, 12.75], "texture": "#2"},
				"east": {"uv": [13.5, 7, 14, 7.75], "texture": "#2"},
				"south": {"uv": [12, 7.5, 13, 8.25], "texture": "#2"},
				"west": {"uv": [8, 13.5, 8.5, 14.25], "texture": "#2"},
				"up": {"uv": [14, 4.5, 13, 4], "texture": "#2"},
				"down": {"uv": [14, 4.5, 13, 5], "texture": "#2"}
			}
		},
		{
			"from": [10.9854, 15.10488, 7.25],
			"to": [14.4854, 16.60488, 8.75],
			"rotation": {"angle": -45, "axis": "z", "origin": [12.85386, 15.64765, 8]},
			"faces": {
				"north": {"uv": [10, 7.5, 11.75, 8.25], "texture": "#2"},
				"east": {"uv": [11.5, 12.5, 12.25, 13.25], "texture": "#2"},
				"south": {"uv": [10, 8.5, 11.75, 9.25], "texture": "#2"},
				"west": {"uv": [12.5, 12, 13.25, 12.75], "texture": "#2"},
				"up": {"uv": [1.75, 11.25, 0, 10.5], "texture": "#2"},
				"down": {"uv": [3.75, 10.5, 2, 11.25], "texture": "#2"}
			}
		},
		{
			"from": [10.49394, 15.74704, 7.5],
			"to": [11.49394, 17.24704, 8.5],
			"rotation": {"angle": -22.5, "axis": "z", "origin": [12.85386, 15.64765, 8]},
			"faces": {
				"north": {"uv": [13.5, 8, 14, 8.75], "texture": "#2"},
				"east": {"uv": [8.5, 13.5, 9, 14.25], "texture": "#2"},
				"south": {"uv": [9, 13.5, 9.5, 14.25], "texture": "#2"},
				"west": {"uv": [13.5, 11, 14, 11.75], "texture": "#2"},
				"up": {"uv": [14.5, 1, 14, 0.5], "texture": "#2"},
				"down": {"uv": [1.5, 14, 1, 14.5], "texture": "#2"}
			}
		},
		{
			"from": [13.6844, 12.67085, 7.5],
			"to": [14.6844, 15.17085, 8.5],
			"rotation": {"angle": 0, "axis": "z", "origin": [12.85386, 15.64765, 8]},
			"faces": {
				"north": {"uv": [12.5, 9.5, 13, 10.75], "texture": "#2"},
				"east": {"uv": [10, 12.5, 10.5, 13.75], "texture": "#2"},
				"south": {"uv": [10.5, 12.5, 11, 13.75], "texture": "#2"},
				"west": {"uv": [11, 12.5, 11.5, 13.75], "texture": "#2"},
				"up": {"uv": [2, 14.5, 1.5, 14], "texture": "#2"},
				"down": {"uv": [14.5, 2, 14, 2.5], "texture": "#2"}
			}
		}
	],
	"display": {
		"thirdperson_righthand": {
			"rotation": [0, 90, 0],
			"translation": [0, 6, 1.25],
			"scale": [0.68, 0.69, 0.7]
		},
		"thirdperson_lefthand": {
			"rotation": [0, 90, 0],
			"translation": [0, 6, 1.25],
			"scale": [0.68, 0.69, 0.7]
		},
		"firstperson_righthand": {
			"rotation": [0, 90, 0],
			"translation": [3.25, 5.25, 0],
			"scale": [0.75, 0.75, 0.74]
		},
		"firstperson_lefthand": {
			"rotation": [0, 90, 0],
			"translation": [3.25, 5.25, 0],
			"scale": [0.75, 0.75, 0.74]
		},
		"ground": {
			"rotation": [90, 0, 0],
			"scale": [0.65, 0.64, 0.64]
		},
		"gui": {
			"rotation": [0, 0, -45],
			"translation": [0.5, 0.75, 0],
			"scale": [0.58, 0.57, 0.56]
		},
		"fixed": {
			"translation": [0, 4, -2.75]
		}
	}
}