{"credit":"Made with Blockbench","textures":{"1":"elitecreatures:fallen_angel/fallen_angel_texrure","2":"elitecreatures:fallen_angel/fallen_angel_eff01","3":"elitecreatures:fallen_angel/fallen_angel_eff02","4":"elitecreatures:fallen_angel/fallen_angel_bow","5":"elitecreatures:fallen_angel/fallen_angel_eff03","7":"elitecreatures:fallen_angel/fallen_angel_stalewing","particle":"elitecreatures:fallen_angel/fallen_angel_eff03"},"elements":[{"from":[7.3,12.75425,-3.5091],"to":[8.7,13.75425,-2.1091],"rotation":{"angle":45,"axis":"x","origin":[8,8,8]},"faces":{"north":{"uv":[4.5,7.5,4.875,7.75],"texture":"#4"},"east":{"uv":[5,7.5,5.375,7.75],"texture":"#4"},"south":{"uv":[5.5,7.5,5.875,7.75],"texture":"#4"},"west":{"uv":[4,7.5,4.375,7.75],"texture":"#4"},"up":{"uv":[2.375,7.875,2,7.5],"rotation":270,"texture":"#4"},"down":{"uv":[2.875,7.5,2.5,7.875],"rotation":90,"texture":"#4"}}},{"from":[7.4,17.84252,2.68158],"to":[8.6,18.34252,3.88158],"rotation":{"angle":0,"axis":"z","origin":[8,8,8]},"faces":{"north":{"uv":[5,7.75,5.3125,7.875],"texture":"#4"},"east":{"uv":[5,7.75,5.31251,7.875],"texture":"#4"},"south":{"uv":[6,7.75,6.3125,7.875],"texture":"#4"},"west":{"uv":[4.5,7.75,4.8125,7.875],"texture":"#4"},"up":{"uv":[3.3125,7.8125,3,7.5],"rotation":270,"texture":"#4"},"down":{"uv":[3.8125,7.5,3.5,7.8125],"rotation":90,"texture":"#4"}}},{"from":[7.3,17.09252,2.33158],"to":[8.7,17.59252,3.73158],"rotation":{"angle":0,"axis":"z","origin":[8,8,8]},"faces":{"north":{"uv":[7,7.5,7.375,7.625],"texture":"#4"},"east":{"uv":[7.5,7.5,7.875,7.625],"texture":"#4"},"south":{"uv":[4,7.75,4.375,7.875],"texture":"#4"},"west":{"uv":[6.5,7.5,6.875,7.625],"texture":"#4"},"up":{"uv":[1.375,7.875,1,7.5],"rotation":270,"texture":"#4"},"down":{"uv":[1.875,7.5,1.5,7.875],"rotation":90,"texture":"#4"}}},{"from":[7.3,9.7589,-0.87038],"to":[8.7,10.2589,0.52962],"rotation":{"angle":22.5,"axis":"x","origin":[8,8,8]},"faces":{"north":{"uv":[7,7.5,7.375,7.625],"texture":"#4"},"east":{"uv":[7.5,7.5,7.875,7.625],"texture":"#4"},"south":{"uv":[4,7.75,4.375,7.875],"texture":"#4"},"west":{"uv":[6.5,7.5,6.875,7.625],"texture":"#4"},"up":{"uv":[1.375,7.875,1,7.5],"rotation":270,"texture":"#4"},"down":{"uv":[1.875,7.5,1.5,7.875],"rotation":90,"texture":"#4"}}},{"from":[7.4,10.5089,-0.77038],"to":[8.6,11.0089,0.42962],"rotation":{"angle":22.5,"axis":"x","origin":[8,8,8]},"faces":{"north":{"uv":[5,7.75,5.3125,7.875],"texture":"#4"},"east":{"uv":[5,7.75,5.31251,7.875],"texture":"#4"},"south":{"uv":[6,7.75,6.3125,7.875],"texture":"#4"},"west":{"uv":[4.5,7.75,4.8125,7.875],"texture":"#4"},"up":{"uv":[3.3125,7.8125,3,7.5],"rotation":270,"texture":"#4"},"down":{"uv":[3.8125,7.5,3.5,7.8125],"rotation":90,"texture":"#4"}}},{"from":[7.3,10.5,0.07623],"to":[8.7,11,1.47623],"rotation":{"angle":0,"axis":"y","origin":[8,8,8]},"faces":{"north":{"uv":[4,7.75,4.375,7.875],"rotation":180,"texture":"#4"},"east":{"uv":[7.5,7.5,7.875,7.625],"rotation":180,"texture":"#4"},"south":{"uv":[7,7.5,7.375,7.625],"rotation":180,"texture":"#4"},"west":{"uv":[6.5,7.5,6.875,7.625],"rotation":180,"texture":"#4"},"up":{"uv":[1.875,7.5,1.5,7.875],"rotation":90,"texture":"#4"},"down":{"uv":[1.375,7.875,1,7.5],"rotation":270,"texture":"#4"}}},{"from":[7.4,9.75,0.17623],"to":[8.6,10.25,1.37623],"rotation":{"angle":0,"axis":"y","origin":[8,8,8]},"faces":{"north":{"uv":[6,7.75,6.3125,7.875],"rotation":180,"texture":"#4"},"east":{"uv":[5,7.75,5.31251,7.875],"rotation":180,"texture":"#4"},"south":{"uv":[5,7.75,5.3125,7.875],"rotation":180,"texture":"#4"},"west":{"uv":[4.5,7.75,4.8125,7.875],"rotation":180,"texture":"#4"},"up":{"uv":[3.8125,7.5,3.5,7.8125],"rotation":90,"texture":"#4"},"down":{"uv":[3.3125,7.8125,3,7.5],"rotation":270,"texture":"#4"}}},{"from":[7.3,5,0.07623],"to":[8.7,5.5,1.47623],"rotation":{"angle":0,"axis":"y","origin":[8,8,8]},"faces":{"north":{"uv":[7,7.5,7.375,7.625],"texture":"#4"},"east":{"uv":[7.5,7.5,7.875,7.625],"texture":"#4"},"south":{"uv":[4,7.75,4.375,7.875],"texture":"#4"},"west":{"uv":[6.5,7.5,6.875,7.625],"texture":"#4"},"up":{"uv":[1.375,7.875,1,7.5],"rotation":270,"texture":"#4"},"down":{"uv":[1.875,7.5,1.5,7.875],"rotation":90,"texture":"#4"}}},{"from":[7.4,5.75,0.17623],"to":[8.6,6.25,1.37623],"rotation":{"angle":0,"axis":"y","origin":[8,8,8]},"faces":{"north":{"uv":[5,7.75,5.3125,7.875],"texture":"#4"},"east":{"uv":[5,7.75,5.31251,7.875],"texture":"#4"},"south":{"uv":[6,7.75,6.3125,7.875],"texture":"#4"},"west":{"uv":[4.5,7.75,4.8125,7.875],"texture":"#4"},"up":{"uv":[3.3125,7.8125,3,7.5],"rotation":270,"texture":"#4"},"down":{"uv":[3.8125,7.5,3.5,7.8125],"rotation":90,"texture":"#4"}}},{"from":[7.5,6.75,0.27623],"to":[8.5,7.25,1.27623],"rotation":{"angle":0,"axis":"y","origin":[8,8,8]},"faces":{"north":{"uv":[5,7.75,5.3125,7.875],"texture":"#4"},"east":{"uv":[5,7.75,5.31251,7.875],"texture":"#4"},"south":{"uv":[6,7.75,6.3125,7.875],"texture":"#4"},"west":{"uv":[4.5,7.75,4.8125,7.875],"texture":"#4"},"up":{"uv":[3.3125,7.8125,3,7.5],"rotation":270,"texture":"#4"},"down":{"uv":[3.8125,7.5,3.5,7.8125],"rotation":90,"texture":"#4"}}},{"from":[7.5,7.75,0.27623],"to":[8.5,8.25,1.27623],"rotation":{"angle":0,"axis":"y","origin":[8,8,8]},"faces":{"north":{"uv":[5,7.75,5.3125,7.875],"texture":"#4"},"east":{"uv":[5,7.75,5.31251,7.875],"texture":"#4"},"south":{"uv":[6,7.75,6.3125,7.875],"texture":"#4"},"west":{"uv":[4.5,7.75,4.8125,7.875],"texture":"#4"},"up":{"uv":[3.3125,7.8125,3,7.5],"rotation":270,"texture":"#4"},"down":{"uv":[3.8125,7.5,3.5,7.8125],"rotation":90,"texture":"#4"}}},{"from":[7.5,8.75,0.27623],"to":[8.5,9.25,1.27623],"rotation":{"angle":0,"axis":"y","origin":[8,8,8]},"faces":{"north":{"uv":[5,7.75,5.3125,7.875],"texture":"#4"},"east":{"uv":[5,7.75,5.31251,7.875],"texture":"#4"},"south":{"uv":[6,7.75,6.3125,7.875],"texture":"#4"},"west":{"uv":[4.5,7.75,4.8125,7.875],"texture":"#4"},"up":{"uv":[3.3125,7.8125,3,7.5],"rotation":270,"texture":"#4"},"down":{"uv":[3.8125,7.5,3.5,7.8125],"rotation":90,"texture":"#4"}}},{"from":[7.55,8.7589,-0.62038],"to":[8.45,16.7589,0.27962],"rotation":{"angle":22.5,"axis":"x","origin":[8,8,8]},"faces":{"north":{"uv":[0.25,7.5,0.5,9.5],"texture":"#4"},"east":{"uv":[0.5,7.5,0.75,9.5],"texture":"#4"},"south":{"uv":[0.75,7.5,1,9.5],"texture":"#4"},"west":{"uv":[0,7.5,0.25,9.5],"texture":"#4"},"up":{"uv":[6.25,7.75,6,7.5],"rotation":270,"texture":"#4"},"down":{"uv":[6.5,7.5,6.25,7.75],"rotation":90,"texture":"#4"}}},{"from":[7.3,2.24575,-3.5091],"to":[8.7,3.24575,-2.1091],"rotation":{"angle":-45,"axis":"x","origin":[8,8,8]},"faces":{"north":{"uv":[4.5,7.75,4.875,7.5],"texture":"#4"},"east":{"uv":[5,7.75,5.375,7.5],"texture":"#4"},"south":{"uv":[5.5,7.75,5.875,7.5],"texture":"#4"},"west":{"uv":[4,7.75,4.375,7.5],"texture":"#4"},"up":{"uv":[2.875,7.875,2.5,7.5],"rotation":270,"texture":"#4"},"down":{"uv":[2.375,7.5,2,7.875],"rotation":90,"texture":"#4"}}},{"from":[7.55,-0.7589,-0.62038],"to":[8.45,7.2411,0.27962],"rotation":{"angle":-22.5,"axis":"x","origin":[8,8,8]},"faces":{"north":{"uv":[0.25,9.5,0.5,7.5],"texture":"#4"},"east":{"uv":[0.5,9.5,0.75,7.5],"texture":"#4"},"south":{"uv":[0.75,9.5,1,7.5],"texture":"#4"},"west":{"uv":[0,9.5,0.25,7.5],"texture":"#4"},"up":{"uv":[6.5,7.75,6.25,7.5],"rotation":270,"texture":"#4"},"down":{"uv":[6.25,7.5,6,7.75],"rotation":90,"texture":"#4"}}},{"from":[7.3,-1.59252,2.23158],"to":[8.7,-1.09252,3.63158],"rotation":{"angle":0,"axis":"z","origin":[8,8,8]},"faces":{"north":{"uv":[7,7.625,7.375,7.5],"texture":"#4"},"east":{"uv":[7.5,7.625,7.875,7.5],"texture":"#4"},"south":{"uv":[4,7.875,4.375,7.75],"texture":"#4"},"west":{"uv":[6.5,7.625,6.875,7.5],"texture":"#4"},"up":{"uv":[1.875,7.875,1.5,7.5],"rotation":270,"texture":"#4"},"down":{"uv":[1.375,7.5,1,7.875],"rotation":90,"texture":"#4"}}},{"from":[7.4,4.9911,-0.77038],"to":[8.6,5.4911,0.42962],"rotation":{"angle":-22.5,"axis":"x","origin":[8,8,8]},"faces":{"north":{"uv":[5,7.875,5.3125,7.75],"texture":"#4"},"east":{"uv":[5,7.875,5.31251,7.75],"texture":"#4"},"south":{"uv":[6,7.875,6.3125,7.75],"texture":"#4"},"west":{"uv":[4.5,7.875,4.8125,7.75],"texture":"#4"},"up":{"uv":[3.8125,7.8125,3.5,7.5],"rotation":270,"texture":"#4"},"down":{"uv":[3.3125,7.5,3,7.8125],"rotation":90,"texture":"#4"}}},{"from":[7.3,5.7411,-0.87038],"to":[8.7,6.2411,0.52962],"rotation":{"angle":-22.5,"axis":"x","origin":[8,8,8]},"faces":{"north":{"uv":[7,7.625,7.375,7.5],"texture":"#4"},"east":{"uv":[7.5,7.625,7.875,7.5],"texture":"#4"},"south":{"uv":[4,7.875,4.375,7.75],"texture":"#4"},"west":{"uv":[6.5,7.625,6.875,7.5],"texture":"#4"},"up":{"uv":[1.875,7.875,1.5,7.5],"rotation":270,"texture":"#4"},"down":{"uv":[1.375,7.5,1,7.875],"rotation":90,"texture":"#4"}}},{"from":[7.4,-2.34252,2.68158],"to":[8.6,-1.84252,3.88158],"rotation":{"angle":0,"axis":"z","origin":[8,8,8]},"faces":{"north":{"uv":[5,7.875,5.3125,7.75],"texture":"#4"},"east":{"uv":[5,7.875,5.31251,7.75],"texture":"#4"},"south":{"uv":[6,7.875,6.3125,7.75],"texture":"#4"},"west":{"uv":[4.5,7.875,4.8125,7.75],"texture":"#4"},"up":{"uv":[3.8125,7.8125,3.5,7.5],"rotation":270,"texture":"#4"},"down":{"uv":[3.3125,7.5,3,7.8125],"rotation":90,"texture":"#4"}}},{"from":[7.55,4,0.32623],"to":[8.45,12,1.22623],"rotation":{"angle":0,"axis":"y","origin":[8,8,8]},"faces":{"north":{"uv":[0.25,7.5,0.5,9.5],"texture":"#4"},"east":{"uv":[0.5,7.5,0.75,9.5],"texture":"#4"},"south":{"uv":[0.75,7.5,1,9.5],"texture":"#4"},"west":{"uv":[0,7.5,0.25,9.5],"texture":"#4"},"up":{"uv":[6.25,7.75,6,7.5],"rotation":270,"texture":"#4"},"down":{"uv":[6.5,7.5,6.25,7.75],"rotation":90,"texture":"#4"}}},{"from":[7.75,11.14964,-4.06665],"to":[7.75,17.14964,1.93335],"rotation":{"angle":22.5,"axis":"x","origin":[8,8,8]},"faces":{"north":{"uv":[9,1,0,0],"rotation":90,"texture":"#3"},"east":{"uv":[0,0,16,16],"rotation":90,"texture":"#3"},"south":{"uv":[9,1,0,0],"rotation":90,"texture":"#3"},"west":{"uv":[16,0,0,16],"rotation":270,"texture":"#3"},"up":{"uv":[0,0,1,9],"texture":"#3"},"down":{"uv":[0,0,1,9],"rotation":180,"texture":"#3"}}},{"from":[7.75,6.14964,-4.06665],"to":[7.75,12.14964,1.93335],"rotation":{"angle":22.5,"axis":"x","origin":[8,8,8]},"faces":{"north":{"uv":[0,1,9,0],"rotation":270,"texture":"#2"},"east":{"uv":[16,0,0,16],"rotation":270,"texture":"#2"},"south":{"uv":[0,1,9,0],"rotation":270,"texture":"#2"},"west":{"uv":[0,0,16,16],"rotation":90,"texture":"#2"},"up":{"uv":[1,0,0,9],"rotation":180,"texture":"#2"},"down":{"uv":[1,0,0,9],"texture":"#2"}}},{"from":[7.9,15.42505,-5.24171],"to":[7.9,17.42505,-2.24171],"rotation":{"angle":45,"axis":"x","origin":[8,8,8]},"faces":{"north":{"uv":[0,1,9,0],"rotation":270,"texture":"#5"},"east":{"uv":[16,16,0,0],"rotation":270,"texture":"#5"},"south":{"uv":[0,1,9,0],"rotation":270,"texture":"#5"},"west":{"uv":[0,16,16,0],"rotation":90,"texture":"#5"},"up":{"uv":[0,9,1,0],"rotation":180,"texture":"#5"},"down":{"uv":[0,9,1,0],"texture":"#5"}}},{"from":[7.75,-1.14964,-4.06665],"to":[7.75,4.85036,1.93335],"rotation":{"angle":-22.5,"axis":"x","origin":[8,8,8]},"faces":{"north":{"uv":[0,1,9,0],"rotation":90,"texture":"#3"},"east":{"uv":[16,0,0,16],"rotation":90,"texture":"#3"},"south":{"uv":[0,1,9,0],"rotation":90,"texture":"#3"},"west":{"uv":[0,0,16,16],"rotation":270,"texture":"#3"},"up":{"uv":[1,0,0,9],"texture":"#3"},"down":{"uv":[1,0,0,9],"rotation":180,"texture":"#3"}}},{"from":[7.75,3.85036,-4.06665],"to":[7.75,9.85036,1.93335],"rotation":{"angle":-22.5,"axis":"x","origin":[8,8,8]},"faces":{"north":{"uv":[9,1,0,0],"rotation":270,"texture":"#2"},"east":{"uv":[0,0,16,16],"rotation":270,"texture":"#2"},"south":{"uv":[9,1,0,0],"rotation":270,"texture":"#2"},"west":{"uv":[16,0,0,16],"rotation":90,"texture":"#2"},"up":{"uv":[0,0,1,9],"rotation":180,"texture":"#2"},"down":{"uv":[0,0,1,9],"texture":"#2"}}},{"from":[7.9,-1.42505,-5.24171],"to":[7.9,0.57495,-2.24171],"rotation":{"angle":-45,"axis":"x","origin":[8,8,8]},"faces":{"north":{"uv":[9,1,0,0],"rotation":270,"texture":"#5"},"east":{"uv":[0,16,16,0],"rotation":270,"texture":"#5"},"south":{"uv":[9,1,0,0],"rotation":270,"texture":"#5"},"west":{"uv":[16,16,0,0],"rotation":90,"texture":"#5"},"up":{"uv":[1,9,0,0],"rotation":180,"texture":"#5"},"down":{"uv":[1,9,0,0],"texture":"#5"}}},{"from":[8.1,15.42505,-5.24171],"to":[8.1,17.42505,-2.24171],"rotation":{"angle":45,"axis":"x","origin":[8,8,8]},"faces":{"north":{"uv":[0,0,9,1],"rotation":270,"texture":"#5"},"east":{"uv":[0,0,16,16],"rotation":90,"texture":"#5"},"south":{"uv":[0,0,9,1],"rotation":270,"texture":"#5"},"west":{"uv":[16,0,0,16],"rotation":270,"texture":"#5"},"up":{"uv":[1,9,0,0],"rotation":180,"texture":"#5"},"down":{"uv":[1,9,0,0],"texture":"#5"}}},{"from":[8.25,11.14964,-4.06665],"to":[8.25,17.14964,1.93335],"rotation":{"angle":22.5,"axis":"x","origin":[8,8,8]},"faces":{"north":{"uv":[9,0,0,1],"rotation":90,"texture":"#3"},"east":{"uv":[16,16,0,0],"rotation":270,"texture":"#3"},"south":{"uv":[9,0,0,1],"rotation":90,"texture":"#3"},"west":{"uv":[0,16,16,0],"rotation":90,"texture":"#3"},"up":{"uv":[1,0,0,9],"texture":"#3"},"down":{"uv":[1,0,0,9],"rotation":180,"texture":"#3"}}},{"from":[8.25,6.14964,-4.06665],"to":[8.25,12.14964,1.93335],"rotation":{"angle":22.5,"axis":"x","origin":[8,8,8]},"faces":{"north":{"uv":[0,0,9,1],"rotation":270,"texture":"#2"},"east":{"uv":[0,16,16,0],"rotation":90,"texture":"#2"},"south":{"uv":[0,0,9,1],"rotation":270,"texture":"#2"},"west":{"uv":[16,16,0,0],"rotation":270,"texture":"#2"},"up":{"uv":[0,0,1,9],"rotation":180,"texture":"#2"},"down":{"uv":[0,0,1,9],"texture":"#2"}}},{"from":[8.25,3.85036,-4.06665],"to":[8.25,9.85036,1.93335],"rotation":{"angle":-22.5,"axis":"x","origin":[8,8,8]},"faces":{"north":{"uv":[9,0,0,1],"rotation":270,"texture":"#2"},"east":{"uv":[16,16,0,0],"rotation":90,"texture":"#2"},"south":{"uv":[9,0,0,1],"rotation":270,"texture":"#2"},"west":{"uv":[0,16,16,0],"rotation":270,"texture":"#2"},"up":{"uv":[1,0,0,9],"rotation":180,"texture":"#2"},"down":{"uv":[1,0,0,9],"texture":"#2"}}},{"from":[8.25,-1.14964,-4.06665],"to":[8.25,4.85036,1.93335],"rotation":{"angle":-22.5,"axis":"x","origin":[8,8,8]},"faces":{"north":{"uv":[0,0,9,1],"rotation":90,"texture":"#3"},"east":{"uv":[0,16,16,0],"rotation":270,"texture":"#3"},"south":{"uv":[0,0,9,1],"rotation":90,"texture":"#3"},"west":{"uv":[16,16,0,0],"rotation":90,"texture":"#3"},"up":{"uv":[0,0,1,9],"texture":"#3"},"down":{"uv":[0,0,1,9],"rotation":180,"texture":"#3"}}},{"from":[8.1,-1.42505,-5.24171],"to":[8.1,0.57495,-2.24171],"rotation":{"angle":-45,"axis":"x","origin":[8,8,8]},"faces":{"north":{"uv":[9,0,0,1],"rotation":270,"texture":"#5"},"east":{"uv":[16,0,0,16],"rotation":90,"texture":"#5"},"south":{"uv":[9,0,0,1],"rotation":270,"texture":"#5"},"west":{"uv":[0,0,16,16],"rotation":270,"texture":"#5"},"up":{"uv":[0,9,1,0],"rotation":180,"texture":"#5"},"down":{"uv":[0,9,1,0],"texture":"#5"}}},{"from":[7.72,18.42872,1.99734],"to":[8.28,19.82872,2.55734],"rotation":{"angle":0,"axis":"z","origin":[8,8,8]},"faces":{"north":{"uv":[3.75,7,2,7.75],"rotation":270,"texture":"#1"},"east":{"uv":[7,0,8.75,0.75],"rotation":270,"texture":"#1"},"south":{"uv":[8.75,1.75,7,1],"rotation":270,"texture":"#1"},"west":{"uv":[6,4,7.75,4.75],"rotation":90,"texture":"#1"},"up":{"uv":[6,12,6.75,12.75],"rotation":180,"texture":"#1"},"down":{"uv":[12,6,12.75,6.75],"texture":"#1"}}},{"from":[7.8,15.68974,4.08157],"to":[8.2,17.28974,4.48157],"rotation":{"angle":-22.5,"axis":"x","origin":[8,8,8]},"faces":{"north":{"uv":[11,0,11.5,2],"rotation":180,"texture":"#1"},"east":{"uv":[0,11,0.5,13],"rotation":180,"texture":"#1"},"south":{"uv":[10,9,10.5,11],"rotation":180,"texture":"#1"},"west":{"uv":[9,10,9.5,12],"rotation":180,"texture":"#1"},"up":{"uv":[13.5,13,13,13.5],"rotation":90,"texture":"#1"},"down":{"uv":[13.5,12.5,13,12],"rotation":270,"texture":"#1"}}},{"from":[7.8,16.65325,5.02186],"to":[8.2,18.25325,5.42186],"rotation":{"angle":-22.5,"axis":"x","origin":[8,8,8]},"faces":{"north":{"uv":[11,0,11.5,2],"rotation":180,"texture":"#1"},"east":{"uv":[0,11,0.5,13],"rotation":180,"texture":"#1"},"south":{"uv":[10,9,10.5,11],"rotation":180,"texture":"#1"},"west":{"uv":[9,10,9.5,12],"rotation":180,"texture":"#1"},"up":{"uv":[13.5,13,13,13.5],"rotation":90,"texture":"#1"},"down":{"uv":[13.5,12.5,13,12],"rotation":270,"texture":"#1"}}},{"from":[7.72,14.77917,1.81386],"to":[8.28,16.17917,2.37386],"rotation":{"angle":-22.5,"axis":"x","origin":[8,8,8]},"faces":{"north":{"uv":[2,7.75,3.75,7],"rotation":90,"texture":"#1"},"east":{"uv":[8.75,0.75,7,0],"rotation":90,"texture":"#1"},"south":{"uv":[7,1,8.75,1.75],"rotation":90,"texture":"#1"},"west":{"uv":[7.75,4.75,6,4],"rotation":270,"texture":"#1"},"up":{"uv":[6.75,12.75,6,12],"texture":"#1"},"down":{"uv":[12.75,6.75,12,6],"rotation":180,"texture":"#1"}}},{"from":[7.72,14.77917,1.81386],"to":[8.28,16.17917,2.37386],"rotation":{"angle":-22.5,"axis":"x","origin":[8,8,8]},"faces":{"north":{"uv":[2,7,3.75,7.75],"rotation":90,"texture":"#1"},"east":{"uv":[7.75,4,6,4.75],"rotation":270,"texture":"#1"},"south":{"uv":[7,1.75,8.75,1],"rotation":90,"texture":"#1"},"west":{"uv":[8.75,0,7,0.75],"rotation":90,"texture":"#1"},"up":{"uv":[6,12.75,6.75,12],"texture":"#1"},"down":{"uv":[12,6.75,12.75,6],"rotation":180,"texture":"#1"}}},{"from":[7.8,9.40727,-2.12267],"to":[8.2,11.00727,-1.72267],"rotation":{"angle":22.5,"axis":"x","origin":[8,8,8]},"faces":{"north":{"uv":[10,9,10.5,11],"texture":"#1"},"east":{"uv":[0,11,0.5,13],"texture":"#1"},"south":{"uv":[11,0,11.5,2],"texture":"#1"},"west":{"uv":[9,10,9.5,12],"texture":"#1"},"up":{"uv":[13.5,12.5,13,12],"rotation":270,"texture":"#1"},"down":{"uv":[13.5,13,13,13.5],"rotation":90,"texture":"#1"}}},{"from":[7.925,7.81758,6.56097],"to":[8.075,20.41758,6.71097],"rotation":{"angle":0,"axis":"x","origin":[8,20.60286,6.63597]},"faces":{"north":{"uv":[15,0,15.25,14.25],"rotation":180,"texture":"#1"},"east":{"uv":[15,0,15.25,14.25],"rotation":180,"texture":"#1"},"south":{"uv":[15,0,15.25,14.25],"rotation":180,"texture":"#1"},"west":{"uv":[15,0,15.25,14.25],"rotation":180,"texture":"#1"},"up":{"uv":[13.5,13,13,13.5],"rotation":90,"texture":"#1"},"down":{"uv":[13.5,12.5,13,12],"rotation":270,"texture":"#1"}}},{"from":[7.925,-4.41758,6.56097],"to":[8.075,8.18242,6.71097],"rotation":{"angle":0,"axis":"x","origin":[8,-4.60286,6.63597]},"faces":{"north":{"uv":[15,14.25,15.25,0],"rotation":180,"texture":"#1"},"east":{"uv":[15,14.25,15.25,0],"rotation":180,"texture":"#1"},"south":{"uv":[15,14.25,15.25,0],"rotation":180,"texture":"#1"},"west":{"uv":[15,14.25,15.25,0],"rotation":180,"texture":"#1"},"up":{"uv":[13.5,12,13,12.5],"rotation":90,"texture":"#1"},"down":{"uv":[13.5,13.5,13,13],"rotation":270,"texture":"#1"}}},{"from":[7.72,-3.82872,1.99734],"to":[8.28,-2.42872,2.55734],"rotation":{"angle":0,"axis":"z","origin":[8,8,8]},"faces":{"north":{"uv":[2,7,3.75,7.75],"rotation":270,"texture":"#1"},"east":{"uv":[8.75,0,7,0.75],"rotation":270,"texture":"#1"},"south":{"uv":[7,1.75,8.75,1],"rotation":270,"texture":"#1"},"west":{"uv":[7.75,4,6,4.75],"rotation":90,"texture":"#1"},"up":{"uv":[12.75,6,12,6.75],"rotation":180,"texture":"#1"},"down":{"uv":[6.75,12,6,12.75],"texture":"#1"}}},{"from":[7.8,-2.25325,5.02186],"to":[8.2,-0.65325,5.42186],"rotation":{"angle":22.5,"axis":"x","origin":[8,8,8]},"faces":{"north":{"uv":[11,2,11.5,0],"rotation":180,"texture":"#1"},"east":{"uv":[0,13,0.5,11],"rotation":180,"texture":"#1"},"south":{"uv":[10,11,10.5,9],"rotation":180,"texture":"#1"},"west":{"uv":[9,12,9.5,10],"rotation":180,"texture":"#1"},"up":{"uv":[13.5,12,13,12.5],"rotation":90,"texture":"#1"},"down":{"uv":[13.5,13.5,13,13],"rotation":270,"texture":"#1"}}},{"from":[7.8,-1.28974,4.08157],"to":[8.2,0.31026,4.48157],"rotation":{"angle":22.5,"axis":"x","origin":[8,8,8]},"faces":{"north":{"uv":[11,2,11.5,0],"rotation":180,"texture":"#1"},"east":{"uv":[0,13,0.5,11],"rotation":180,"texture":"#1"},"south":{"uv":[10,11,10.5,9],"rotation":180,"texture":"#1"},"west":{"uv":[9,12,9.5,10],"rotation":180,"texture":"#1"},"up":{"uv":[13.5,12,13,12.5],"rotation":90,"texture":"#1"},"down":{"uv":[13.5,13.5,13,13],"rotation":270,"texture":"#1"}}},{"from":[7.8,4.99273,-2.12267],"to":[8.2,6.59273,-1.72267],"rotation":{"angle":-22.5,"axis":"x","origin":[8,8,8]},"faces":{"north":{"uv":[10,11,10.5,9],"texture":"#1"},"east":{"uv":[0,13,0.5,11],"texture":"#1"},"south":{"uv":[11,2,11.5,0],"texture":"#1"},"west":{"uv":[9,12,9.5,10],"texture":"#1"},"up":{"uv":[13.5,13.5,13,13],"rotation":270,"texture":"#1"},"down":{"uv":[13.5,12,13,12.5],"rotation":90,"texture":"#1"}}},{"from":[7.72,-0.17917,1.81386],"to":[8.28,1.22083,2.37386],"rotation":{"angle":22.5,"axis":"x","origin":[8,8,8]},"faces":{"north":{"uv":[3.75,7.75,2,7],"rotation":90,"texture":"#1"},"east":{"uv":[7,0.75,8.75,0],"rotation":90,"texture":"#1"},"south":{"uv":[8.75,1,7,1.75],"rotation":90,"texture":"#1"},"west":{"uv":[6,4.75,7.75,4],"rotation":270,"texture":"#1"},"up":{"uv":[12,6.75,12.75,6],"texture":"#1"},"down":{"uv":[6,12.75,6.75,12],"rotation":180,"texture":"#1"}}},{"from":[7.7,11.68387,-1.73639],"to":[8.3,12.48387,-0.93639],"rotation":{"angle":22.5,"axis":"x","origin":[8,8,8]},"faces":{"north":{"uv":[6,11.75,5,11],"rotation":90,"texture":"#1"},"east":{"uv":[2,10,3,9],"rotation":90,"texture":"#1"},"south":{"uv":[12,4,11,4.75],"rotation":90,"texture":"#1"},"west":{"uv":[9,2,10,1],"rotation":270,"texture":"#1"},"up":{"uv":[4,12,4.75,11],"texture":"#1"},"down":{"uv":[11,4,11.75,3],"rotation":180,"texture":"#1"}}},{"from":[7.7,13.03006,-1.75281],"to":[8.3,13.83006,-0.95281],"rotation":{"angle":22.5,"axis":"x","origin":[8,8,8]},"faces":{"north":{"uv":[6,11.75,5,11],"rotation":90,"texture":"#1"},"east":{"uv":[2,10,3,9],"rotation":90,"texture":"#1"},"south":{"uv":[12,4,11,4.75],"rotation":90,"texture":"#1"},"west":{"uv":[9,2,10,1],"rotation":270,"texture":"#1"},"up":{"uv":[4,12,4.75,11],"texture":"#1"},"down":{"uv":[11,4,11.75,3],"rotation":180,"texture":"#1"}}},{"from":[7.6,19.36324,6.28717],"to":[8.4,20.16324,7.08717],"rotation":{"angle":-22.5,"axis":"x","origin":[8,8,8]},"faces":{"north":{"uv":[11,0,10,1],"texture":"#1"},"east":{"uv":[1,10,0,11],"texture":"#1"},"south":{"uv":[10,9,9,10],"texture":"#1"},"west":{"uv":[9,9,8,10],"texture":"#1"},"up":{"uv":[1,11,2,10],"rotation":270,"texture":"#1"},"down":{"uv":[10,1,11,2],"rotation":90,"texture":"#1"}}},{"from":[7.6,16.06171,4.72104],"to":[8.4,16.86171,5.52104],"rotation":{"angle":-45,"axis":"x","origin":[8,8,8]},"faces":{"north":{"uv":[10,1,11,0],"rotation":180,"texture":"#1"},"east":{"uv":[0,11,1,10],"rotation":180,"texture":"#1"},"south":{"uv":[9,10,10,9],"rotation":180,"texture":"#1"},"west":{"uv":[8,10,9,9],"rotation":180,"texture":"#1"},"up":{"uv":[2,10,1,11],"rotation":90,"texture":"#1"},"down":{"uv":[11,2,10,1],"rotation":270,"texture":"#1"}}},{"from":[7.6,-4.16324,6.28717],"to":[8.4,-3.36324,7.08717],"rotation":{"angle":22.5,"axis":"x","origin":[8,8,8]},"faces":{"north":{"uv":[11,1,10,0],"texture":"#1"},"east":{"uv":[1,11,0,10],"texture":"#1"},"south":{"uv":[10,10,9,9],"texture":"#1"},"west":{"uv":[9,10,8,9],"texture":"#1"},"up":{"uv":[10,2,11,1],"rotation":270,"texture":"#1"},"down":{"uv":[1,10,2,11],"rotation":90,"texture":"#1"}}},{"from":[7.7,2.16994,-1.75281],"to":[8.3,2.96994,-0.95281],"rotation":{"angle":-22.5,"axis":"x","origin":[8,8,8]},"faces":{"north":{"uv":[5,11.75,6,11],"rotation":90,"texture":"#1"},"east":{"uv":[3,10,2,9],"rotation":90,"texture":"#1"},"south":{"uv":[11,4,12,4.75],"rotation":90,"texture":"#1"},"west":{"uv":[10,2,9,1],"rotation":270,"texture":"#1"},"up":{"uv":[11.75,4,11,3],"texture":"#1"},"down":{"uv":[4.75,12,4,11],"rotation":180,"texture":"#1"}}},{"from":[7.7,3.51613,-1.73639],"to":[8.3,4.31613,-0.93639],"rotation":{"angle":-22.5,"axis":"x","origin":[8,8,8]},"faces":{"north":{"uv":[5,11.75,6,11],"rotation":90,"texture":"#1"},"east":{"uv":[3,10,2,9],"rotation":90,"texture":"#1"},"south":{"uv":[11,4,12,4.75],"rotation":90,"texture":"#1"},"west":{"uv":[10,2,9,1],"rotation":270,"texture":"#1"},"up":{"uv":[11.75,4,11,3],"texture":"#1"},"down":{"uv":[4.75,12,4,11],"rotation":180,"texture":"#1"}}},{"from":[7.6,-0.86171,4.72104],"to":[8.4,-0.06171,5.52104],"rotation":{"angle":45,"axis":"x","origin":[8,8,8]},"faces":{"north":{"uv":[10,0,11,1],"rotation":180,"texture":"#1"},"east":{"uv":[0,10,1,11],"rotation":180,"texture":"#1"},"south":{"uv":[9,9,10,10],"rotation":180,"texture":"#1"},"west":{"uv":[8,9,9,10],"rotation":180,"texture":"#1"},"up":{"uv":[11,1,10,2],"rotation":90,"texture":"#1"},"down":{"uv":[2,11,1,10],"rotation":270,"texture":"#1"}}},{"from":[7.6,20.4266,6.42388],"to":[8.4,21.2266,7.22388],"rotation":{"angle":0,"axis":"z","origin":[8,8,8]},"faces":{"north":{"uv":[3,10,4,11],"texture":"#1"},"east":{"uv":[4,10,5,11],"texture":"#1"},"south":{"uv":[10,7,11,8],"texture":"#1"},"west":{"uv":[2,10,3,11],"texture":"#1"},"up":{"uv":[9,11,8,10],"rotation":270,"texture":"#1"},"down":{"uv":[11,8,10,9],"rotation":90,"texture":"#1"}}},{"from":[7.72,20.10031,10.22194],"to":[8.28,20.66031,11.62194],"rotation":{"angle":-22.5,"axis":"x","origin":[8,8,8]},"faces":{"north":{"uv":[6,12,6.75,12.75],"texture":"#1"},"east":{"uv":[7,0,8.75,0.75],"texture":"#1"},"south":{"uv":[12,6,12.75,6.75],"texture":"#1"},"west":{"uv":[6,4,7.75,4.75],"texture":"#1"},"up":{"uv":[8.75,1.75,7,1],"rotation":270,"texture":"#1"},"down":{"uv":[3.75,7,2,7.75],"rotation":90,"texture":"#1"}}},{"from":[7.6,17.2642,-0.38712],"to":[8.4,18.8642,1.21288],"rotation":{"angle":22.5,"axis":"x","origin":[8,8,8]},"faces":{"north":{"uv":[4,5,2,4],"rotation":90,"texture":"#1"},"east":{"uv":[0,2,2,4],"rotation":90,"texture":"#1"},"south":{"uv":[6,4,4,5],"rotation":90,"texture":"#1"},"west":{"uv":[0,0,2,2],"rotation":270,"texture":"#1"},"up":{"uv":[1,4,2,6],"texture":"#1"},"down":{"uv":[0,4,1,6],"rotation":180,"texture":"#1"}}},{"from":[7.6,-5.2266,6.42388],"to":[8.4,-4.4266,7.22388],"rotation":{"angle":0,"axis":"z","origin":[8,8,8]},"faces":{"north":{"uv":[3,11,4,10],"texture":"#1"},"east":{"uv":[4,11,5,10],"texture":"#1"},"south":{"uv":[10,8,11,7],"texture":"#1"},"west":{"uv":[2,11,3,10],"texture":"#1"},"up":{"uv":[11,9,10,8],"rotation":270,"texture":"#1"},"down":{"uv":[9,10,8,11],"rotation":90,"texture":"#1"}}},{"from":[7.72,-4.66031,10.22194],"to":[8.28,-4.10031,11.62194],"rotation":{"angle":22.5,"axis":"x","origin":[8,8,8]},"faces":{"north":{"uv":[6,12.75,6.75,12],"texture":"#1"},"east":{"uv":[7,0.75,8.75,0],"texture":"#1"},"south":{"uv":[12,6.75,12.75,6],"texture":"#1"},"west":{"uv":[6,4.75,7.75,4],"texture":"#1"},"up":{"uv":[3.75,7.75,2,7],"rotation":270,"texture":"#1"},"down":{"uv":[8.75,1,7,1.75],"rotation":90,"texture":"#1"}}},{"from":[7.6,-2.8642,-0.38712],"to":[8.4,-1.2642,1.21288],"rotation":{"angle":-22.5,"axis":"x","origin":[8,8,8]},"faces":{"north":{"uv":[2,5,4,4],"rotation":90,"texture":"#1"},"east":{"uv":[2,2,0,4],"rotation":90,"texture":"#1"},"south":{"uv":[4,4,6,5],"rotation":90,"texture":"#1"},"west":{"uv":[2,0,0,2],"rotation":270,"texture":"#1"},"up":{"uv":[1,4,0,6],"texture":"#1"},"down":{"uv":[2,4,1,6],"rotation":180,"texture":"#1"}}},{"from":[8,15.06482,-8.656],"to":[8,24.70482,-3.256],"rotation":{"angle":45,"axis":"x","origin":[8,8,2]},"faces":{"north":{"uv":[9,0,0,1],"rotation":90,"texture":"#7"},"east":{"uv":[10.625,3.625,0,0],"rotation":270,"texture":"#7"},"south":{"uv":[9,0,0,1],"rotation":90,"texture":"#7"},"west":{"uv":[10.625,0,0,3.625],"rotation":270,"texture":"#7"},"up":{"uv":[1,0,0,9],"texture":"#7"},"down":{"uv":[1,0,0,9],"rotation":180,"texture":"#7"}}},{"from":[8,-8.70482,-8.656],"to":[8,0.93518,-3.256],"rotation":{"angle":-45,"axis":"x","origin":[8,8,2]},"faces":{"north":{"uv":[0,0,9,1],"rotation":90,"texture":"#7"},"east":{"uv":[0,3.625,10.625,0],"rotation":270,"texture":"#7"},"south":{"uv":[0,0,9,1],"rotation":90,"texture":"#7"},"west":{"uv":[0,0,10.625,3.625],"rotation":270,"texture":"#7"},"up":{"uv":[1,9,0,0],"rotation":180,"texture":"#7"},"down":{"uv":[1,9,0,0],"texture":"#7"}}}],"gui_light":"front","display":{"thirdperson_righthand":{"translation":[0,-2,6.5],"scale":[0.82422,0.82422,0.82422]},"thirdperson_lefthand":{"translation":[0,-2,6.5],"scale":[0.82422,0.82422,0.82422]},"firstperson_righthand":{"rotation":[11.01,9.97,6.23],"translation":[7.25,1,-1],"scale":[0.81836,0.81836,0.81836]},"firstperson_lefthand":{"rotation":[11.01,9.97,6.23],"translation":[7.25,1,-1],"scale":[0.81836,0.81836,0.81836]},"ground":{"rotation":[0,0,-20],"translation":[0,7.5,0],"scale":[0.8,0.8,0.8]},"gui":{"rotation":[90,53.75,-90],"translation":[0.25,-0.25,-2],"scale":[0.48242,0.48242,0.48242]},"head":{"rotation":[0,0,-180],"translation":[0,37.25,0],"scale":[0,0,0]},"fixed":{"rotation":[0,90,0],"translation":[15.5,1.25,-2],"scale":[2,2,2]}}}