{"parent​":"minecraft:item/sticky_piston","textures​":{"layer0":"minecraft:item/howl_pottery_sherd"},"\u0070\u0061\u0072\u0065\u006e\u0074":"\u006d\u0069\u006e\u0065\u0063\u0072\u0061\u0066\u0074:\u0069\u0074\u0065\u006d/\u0067\u0065\u006e\u0065\u0072\u0061\u0074\u0065\u0064","overrides":[{"model":"minecraft:item/netherite_helmet_quartz_trim","predicate":{"trim_type":0.1}},{"model":"minecraft:item/netherite_helmet_iron_trim","predicate":{"trim_type":0.2}},{"model":"minecraft:item/netherite_helmet_netherite_darker_trim","predicate":{"trim_type":0.3}},{"model":"minecraft:item/netherite_helmet_redstone_trim","predicate":{"trim_type":0.4}},{"model":"minecraft:item/netherite_helmet_copper_trim","predicate":{"trim_type":0.5}},{"model":"minecraft:item/netherite_helmet_gold_trim","predicate":{"trim_type":0.6}},{"model":"minecraft:item/netherite_helmet_emerald_trim","predicate":{"trim_type":0.7}},{"model":"minecraft:item/netherite_helmet_diamond_trim","predicate":{"trim_type":0.8}},{"model":"minecraft:item/netherite_helmet_lapis_trim","predicate":{"trim_type":0.9}},{"model":"minecraft:item/netherite_helmet_amethyst_trim","predicate":{"trim_type":1.0}},{"predicate":{"custom_model_data":10001},"model":"plny_spectral_corsair:ia_auto_gen/plny_spectral_corsairhelmet"},{"predicate":{"trim_type":0.1,"custom_model_data":10001},"model":"plny_spectral_corsair:ia_auto_gen/plny_spectral_corsairhelmet"},{"predicate":{"trim_type":0.2,"custom_model_data":10001},"model":"plny_spectral_corsair:ia_auto_gen/plny_spectral_corsairhelmet"},{"predicate":{"trim_type":0.3,"custom_model_data":10001},"model":"plny_spectral_corsair:ia_auto_gen/plny_spectral_corsairhelmet"},{"predicate":{"trim_type":0.4,"custom_model_data":10001},"model":"plny_spectral_corsair:ia_auto_gen/plny_spectral_corsairhelmet"},{"predicate":{"trim_type":0.5,"custom_model_data":10001},"model":"plny_spectral_corsair:ia_auto_gen/plny_spectral_corsairhelmet"},{"predicate":{"trim_type":0.6,"custom_model_data":10001},"model":"plny_spectral_corsair:ia_auto_gen/plny_spectral_corsairhelmet"},{"predicate":{"trim_type":0.7,"custom_model_data":10001},"model":"plny_spectral_corsair:ia_auto_gen/plny_spectral_corsairhelmet"},{"predicate":{"trim_type":0.8,"custom_model_data":10001},"model":"plny_spectral_corsair:ia_auto_gen/plny_spectral_corsairhelmet"},{"predicate":{"trim_type":0.9,"custom_model_data":10001},"model":"plny_spectral_corsair:ia_auto_gen/plny_spectral_corsairhelmet"},{"predicate":{"trim_type":1.0,"custom_model_data":10001},"model":"plny_spectral_corsair:ia_auto_gen/plny_spectral_corsairhelmet"},{"predicate":{"custom_model_data":10002},"model":"twilight_of_ender:ia_auto_gen/twilight_of_enderhelmet"},{"predicate":{"trim_type":0.1,"custom_model_data":10002},"model":"twilight_of_ender:ia_auto_gen/twilight_of_enderhelmet"},{"predicate":{"trim_type":0.2,"custom_model_data":10002},"model":"twilight_of_ender:ia_auto_gen/twilight_of_enderhelmet"},{"predicate":{"trim_type":0.3,"custom_model_data":10002},"model":"twilight_of_ender:ia_auto_gen/twilight_of_enderhelmet"},{"predicate":{"trim_type":0.4,"custom_model_data":10002},"model":"twilight_of_ender:ia_auto_gen/twilight_of_enderhelmet"},{"predicate":{"trim_type":0.5,"custom_model_data":10002},"model":"twilight_of_ender:ia_auto_gen/twilight_of_enderhelmet"},{"predicate":{"trim_type":0.6,"custom_model_data":10002},"model":"twilight_of_ender:ia_auto_gen/twilight_of_enderhelmet"},{"predicate":{"trim_type":0.7,"custom_model_data":10002},"model":"twilight_of_ender:ia_auto_gen/twilight_of_enderhelmet"},{"predicate":{"trim_type":0.8,"custom_model_data":10002},"model":"twilight_of_ender:ia_auto_gen/twilight_of_enderhelmet"},{"predicate":{"trim_type":0.9,"custom_model_data":10002},"model":"twilight_of_ender:ia_auto_gen/twilight_of_enderhelmet"},{"predicate":{"trim_type":1.0,"custom_model_data":10002},"model":"twilight_of_ender:ia_auto_gen/twilight_of_enderhelmet"},{"predicate":{"custom_model_data":10003},"model":"vanilla_sets:ia_auto_gen/amethyst_helmet"},{"predicate":{"trim_type":0.1,"custom_model_data":10003},"model":"vanilla_sets:ia_auto_gen/amethyst_helmet"},{"predicate":{"trim_type":0.2,"custom_model_data":10003},"model":"vanilla_sets:ia_auto_gen/amethyst_helmet"},{"predicate":{"trim_type":0.3,"custom_model_data":10003},"model":"vanilla_sets:ia_auto_gen/amethyst_helmet"},{"predicate":{"trim_type":0.4,"custom_model_data":10003},"model":"vanilla_sets:ia_auto_gen/amethyst_helmet"},{"predicate":{"trim_type":0.5,"custom_model_data":10003},"model":"vanilla_sets:ia_auto_gen/amethyst_helmet"},{"predicate":{"trim_type":0.6,"custom_model_data":10003},"model":"vanilla_sets:ia_auto_gen/amethyst_helmet"},{"predicate":{"trim_type":0.7,"custom_model_data":10003},"model":"vanilla_sets:ia_auto_gen/amethyst_helmet"},{"predicate":{"trim_type":0.8,"custom_model_data":10003},"model":"vanilla_sets:ia_auto_gen/amethyst_helmet"},{"predicate":{"trim_type":0.9,"custom_model_data":10003},"model":"vanilla_sets:ia_auto_gen/amethyst_helmet"},{"predicate":{"trim_type":1.0,"custom_model_data":10003},"model":"vanilla_sets:ia_auto_gen/amethyst_helmet"},{"predicate":{"custom_model_data":10004},"model":"vanilla_sets:ia_auto_gen/crimson_helmet"},{"predicate":{"trim_type":0.1,"custom_model_data":10004},"model":"vanilla_sets:ia_auto_gen/crimson_helmet"},{"predicate":{"trim_type":0.2,"custom_model_data":10004},"model":"vanilla_sets:ia_auto_gen/crimson_helmet"},{"predicate":{"trim_type":0.3,"custom_model_data":10004},"model":"vanilla_sets:ia_auto_gen/crimson_helmet"},{"predicate":{"trim_type":0.4,"custom_model_data":10004},"model":"vanilla_sets:ia_auto_gen/crimson_helmet"},{"predicate":{"trim_type":0.5,"custom_model_data":10004},"model":"vanilla_sets:ia_auto_gen/crimson_helmet"},{"predicate":{"trim_type":0.6,"custom_model_data":10004},"model":"vanilla_sets:ia_auto_gen/crimson_helmet"},{"predicate":{"trim_type":0.7,"custom_model_data":10004},"model":"vanilla_sets:ia_auto_gen/crimson_helmet"},{"predicate":{"trim_type":0.8,"custom_model_data":10004},"model":"vanilla_sets:ia_auto_gen/crimson_helmet"},{"predicate":{"trim_type":0.9,"custom_model_data":10004},"model":"vanilla_sets:ia_auto_gen/crimson_helmet"},{"predicate":{"trim_type":1.0,"custom_model_data":10004},"model":"vanilla_sets:ia_auto_gen/crimson_helmet"},{"predicate":{"custom_model_data":10005},"model":"vanilla_sets:ia_auto_gen/sculk_helmet"},{"predicate":{"trim_type":0.1,"custom_model_data":10005},"model":"vanilla_sets:ia_auto_gen/sculk_helmet"},{"predicate":{"trim_type":0.2,"custom_model_data":10005},"model":"vanilla_sets:ia_auto_gen/sculk_helmet"},{"predicate":{"trim_type":0.3,"custom_model_data":10005},"model":"vanilla_sets:ia_auto_gen/sculk_helmet"},{"predicate":{"trim_type":0.4,"custom_model_data":10005},"model":"vanilla_sets:ia_auto_gen/sculk_helmet"},{"predicate":{"trim_type":0.5,"custom_model_data":10005},"model":"vanilla_sets:ia_auto_gen/sculk_helmet"},{"predicate":{"trim_type":0.6,"custom_model_data":10005},"model":"vanilla_sets:ia_auto_gen/sculk_helmet"},{"predicate":{"trim_type":0.7,"custom_model_data":10005},"model":"vanilla_sets:ia_auto_gen/sculk_helmet"},{"predicate":{"trim_type":0.8,"custom_model_data":10005},"model":"vanilla_sets:ia_auto_gen/sculk_helmet"},{"predicate":{"trim_type":0.9,"custom_model_data":10005},"model":"vanilla_sets:ia_auto_gen/sculk_helmet"},{"predicate":{"trim_type":1.0,"custom_model_data":10005},"model":"vanilla_sets:ia_auto_gen/sculk_helmet"},{"predicate":{"custom_model_data":10006},"model":"vanilla_sets:ia_auto_gen/bone_helmet"},{"predicate":{"trim_type":0.1,"custom_model_data":10006},"model":"vanilla_sets:ia_auto_gen/bone_helmet"},{"predicate":{"trim_type":0.2,"custom_model_data":10006},"model":"vanilla_sets:ia_auto_gen/bone_helmet"},{"predicate":{"trim_type":0.3,"custom_model_data":10006},"model":"vanilla_sets:ia_auto_gen/bone_helmet"},{"predicate":{"trim_type":0.4,"custom_model_data":10006},"model":"vanilla_sets:ia_auto_gen/bone_helmet"},{"predicate":{"trim_type":0.5,"custom_model_data":10006},"model":"vanilla_sets:ia_auto_gen/bone_helmet"},{"predicate":{"trim_type":0.6,"custom_model_data":10006},"model":"vanilla_sets:ia_auto_gen/bone_helmet"},{"predicate":{"trim_type":0.7,"custom_model_data":10006},"model":"vanilla_sets:ia_auto_gen/bone_helmet"},{"predicate":{"trim_type":0.8,"custom_model_data":10006},"model":"vanilla_sets:ia_auto_gen/bone_helmet"},{"predicate":{"trim_type":0.9,"custom_model_data":10006},"model":"vanilla_sets:ia_auto_gen/bone_helmet"},{"predicate":{"trim_type":1.0,"custom_model_data":10006},"model":"vanilla_sets:ia_auto_gen/bone_helmet"},{"predicate":{"custom_model_data":10007},"model":"vanilla_sets:ia_auto_gen/nautilus_helmet"},{"predicate":{"trim_type":0.1,"custom_model_data":10007},"model":"vanilla_sets:ia_auto_gen/nautilus_helmet"},{"predicate":{"trim_type":0.2,"custom_model_data":10007},"model":"vanilla_sets:ia_auto_gen/nautilus_helmet"},{"predicate":{"trim_type":0.3,"custom_model_data":10007},"model":"vanilla_sets:ia_auto_gen/nautilus_helmet"},{"predicate":{"trim_type":0.4,"custom_model_data":10007},"model":"vanilla_sets:ia_auto_gen/nautilus_helmet"},{"predicate":{"trim_type":0.5,"custom_model_data":10007},"model":"vanilla_sets:ia_auto_gen/nautilus_helmet"},{"predicate":{"trim_type":0.6,"custom_model_data":10007},"model":"vanilla_sets:ia_auto_gen/nautilus_helmet"},{"predicate":{"trim_type":0.7,"custom_model_data":10007},"model":"vanilla_sets:ia_auto_gen/nautilus_helmet"},{"predicate":{"trim_type":0.8,"custom_model_data":10007},"model":"vanilla_sets:ia_auto_gen/nautilus_helmet"},{"predicate":{"trim_type":0.9,"custom_model_data":10007},"model":"vanilla_sets:ia_auto_gen/nautilus_helmet"},{"predicate":{"trim_type":1.0,"custom_model_data":10007},"model":"vanilla_sets:ia_auto_gen/nautilus_helmet"},{"predicate":{"custom_model_data":10008},"model":"item/netherite_helmet"}],"\u0074\u0065\u0078\u0074\u0075\u0072\u0065\u0073":{"\u006c\u0061\u0079\u0065\u00720":"\u006d\u0069\u006e\u0065\u0063\u0072\u0061\u0066\u0074:\u0069\u0074\u0065\u006d/\u006e\u0065\u0074\u0068\u0065\u0072\u0069\u0074\u0065_\u0068\u0065\u006c\u006d\u0065\u0074"}}