{"parent​":"minecraft:item/end_stone_brick_wall","textures​":{"\u006c\u0061\u0079\u0065\u00720":"\u006d\u0069\u006e\u0065\u0063\u0072\u0061\u0066\u0074:\u0069\u0074\u0065\u006d/\u0070\u0061\u0070\u0065\u0072"},"\u0070\u0061\u0072\u0065\u006e\u0074":"\u006d\u0069\u006e\u0065\u0063\u0072\u0061\u0066\u0074:\u0069\u0074\u0065\u006d/\u0067\u0065\u006e\u0065\u0072\u0061\u0074\u0065\u0064","\u0074\u0065\u0078\u0074\u0075\u0072\u0065\u0073":{"\u006c\u0061\u0079\u0065\u00720":"\u006d\u0069\u006e\u0065\u0063\u0072\u0061\u0066\u0074:\u0069\u0074\u0065\u006d/\u0070\u0061\u0070\u0065\u0072"},"overrides":[{"predicate":{"custom_model_data":10000},"model":"_iainternal:ia_auto_gen/icon_left_blue"},{"predicate":{"custom_model_data":10001},"model":"_iainternal:ia_auto_gen/icon_right_blue"},{"predicate":{"custom_model_data":10002},"model":"_iainternal:ia_auto_gen/icon_search"},{"predicate":{"custom_model_data":10003},"model":"_iainternal:ia_auto_gen/icon_cancel"},{"predicate":{"custom_model_data":10004},"model":"_iainternal:ia_auto_gen/icon_arrow_chest"},{"predicate":{"custom_model_data":10005},"model":"_iainternal:ia_auto_gen/icon_back_orange"},{"predicate":{"custom_model_data":10006},"model":"_iainternal:ia_auto_gen/icon_next_orange"},{"predicate":{"custom_model_data":10017},"model":"saturnstudio:billboard_hanging_0"},{"predicate":{"custom_model_data":10018},"model":"saturnstudio:billboard_hanging_1"},{"predicate":{"custom_model_data":10019},"model":"saturnstudio:billboard_hanging_2"},{"predicate":{"custom_model_data":10020},"model":"hats_expansion:cardboard_box"},{"predicate":{"custom_model_data":10021},"model":"hats_expansion:hard_hat"},{"predicate":{"custom_model_data":10022},"model":"saturnstudio:billboard_hanging_3"},{"predicate":{"custom_model_data":10023},"model":"saturnstudio:billboard_hanging_4"},{"predicate":{"custom_model_data":10024},"model":"saturnstudio:billboard_hanging_5"},{"predicate":{"custom_model_data":10025},"model":"saturnstudio:billboard_standing_0"},{"predicate":{"custom_model_data":10026},"model":"saturnstudio:billboard_standing_1"},{"predicate":{"custom_model_data":10027},"model":"plny_spectral_corsair:chest"},{"predicate":{"custom_model_data":10028},"model":"plny_spectral_corsair:key"},{"predicate":{"custom_model_data":10029},"model":"plny_spectral_corsair:pirate_hat"},{"predicate":{"custom_model_data":10030},"model":"plny_spectral_corsair:wings"},{"predicate":{"custom_model_data":10031},"model":"saturnstudio:billboard_standing_2"},{"predicate":{"custom_model_data":10032},"model":"saturnstudio:billboard_standing_3"},{"predicate":{"custom_model_data":10033},"model":"saturnstudio:billboard_standing_4"},{"predicate":{"custom_model_data":10034},"model":"saturnstudio:billboard_standing_5"},{"predicate":{"custom_model_data":10035},"model":"crafting_materials:ia_auto_gen/ancient_mushroom"},{"predicate":{"custom_model_data":10036},"model":"crafting_materials:ia_auto_gen/ancient_netherite"},{"predicate":{"custom_model_data":10037},"model":"crafting_materials:ia_auto_gen/ancient_slime_string"},{"predicate":{"custom_model_data":10038},"model":"crafting_materials:ia_auto_gen/aquamarine_shard"},{"predicate":{"custom_model_data":10039},"model":"crafting_materials:ia_auto_gen/binding_gel_common"},{"predicate":{"custom_model_data":10040},"model":"crafting_materials:ia_auto_gen/binding_gel_epic"},{"predicate":{"custom_model_data":10041},"model":"crafting_materials:ia_auto_gen/binding_gel_legendary"},{"predicate":{"custom_model_data":10042},"model":"crafting_materials:ia_auto_gen/binding_gel_rare"},{"predicate":{"custom_model_data":10043},"model":"crafting_materials:ia_auto_gen/binding_gel_uncommon"},{"predicate":{"custom_model_data":10044},"model":"crafting_materials:ia_auto_gen/bottle_of_soul"},{"predicate":{"custom_model_data":10045},"model":"crafting_materials:ia_auto_gen/clam_blue"},{"predicate":{"custom_model_data":10046},"model":"crafting_materials:ia_auto_gen/clam_pink"},{"predicate":{"custom_model_data":10047},"model":"crafting_materials:ia_auto_gen/clam_white"},{"predicate":{"custom_model_data":10048},"model":"crafting_materials:ia_auto_gen/cotton"},{"predicate":{"custom_model_data":10049},"model":"crafting_materials:ia_auto_gen/crocodile_tooth"},{"predicate":{"custom_model_data":10050},"model":"crafting_materials:ia_auto_gen/dungeon_key_amethyst"},{"predicate":{"custom_model_data":10051},"model":"crafting_materials:ia_auto_gen/dungeon_key_crimson"},{"predicate":{"custom_model_data":10052},"model":"crafting_materials:ia_auto_gen/dungeon_key_gold"},{"predicate":{"custom_model_data":10053},"model":"crafting_materials:ia_auto_gen/dungeon_shard"},{"predicate":{"custom_model_data":10054},"model":"crafting_materials:ia_auto_gen/exotic_leather_asorted"},{"predicate":{"custom_model_data":10055},"model":"crafting_materials:ia_auto_gen/exotic_leather_blue"},{"predicate":{"custom_model_data":10056},"model":"crafting_materials:ia_auto_gen/exotic_leather_brown"},{"predicate":{"custom_model_data":10057},"model":"crafting_materials:ia_auto_gen/exotic_leather_cyan"},{"predicate":{"custom_model_data":10058},"model":"crafting_materials:ia_auto_gen/exotic_leather_magenta"},{"predicate":{"custom_model_data":10059},"model":"crafting_materials:ia_auto_gen/exotic_leather_purple"},{"predicate":{"custom_model_data":10060},"model":"crafting_materials:ia_auto_gen/fine_string"},{"predicate":{"custom_model_data":10061},"model":"crafting_materials:ia_auto_gen/forge_catalyst"},{"predicate":{"custom_model_data":10062},"model":"crafting_materials:ia_auto_gen/gear"},{"predicate":{"custom_model_data":10063},"model":"crafting_materials:ia_auto_gen/gear_sticky_common"},{"predicate":{"custom_model_data":10064},"model":"crafting_materials:ia_auto_gen/gear_sticky_epic"},{"predicate":{"custom_model_data":10065},"model":"crafting_materials:ia_auto_gen/gear_sticky_legendary"},{"predicate":{"custom_model_data":10066},"model":"crafting_materials:ia_auto_gen/gear_sticky_rare"},{"predicate":{"custom_model_data":10067},"model":"crafting_materials:ia_auto_gen/gear_sticky_uncommon"},{"predicate":{"custom_model_data":10068},"model":"crafting_materials:ia_auto_gen/glue"},{"predicate":{"custom_model_data":10069},"model":"crafting_materials:ia_auto_gen/key_fragment_common"},{"predicate":{"custom_model_data":10070},"model":"crafting_materials:ia_auto_gen/key_fragment_epic"},{"predicate":{"custom_model_data":10071},"model":"crafting_materials:ia_auto_gen/key_fragment_legendary"},{"predicate":{"custom_model_data":10072},"model":"crafting_materials:ia_auto_gen/key_fragment_rare"},{"predicate":{"custom_model_data":10073},"model":"crafting_materials:ia_auto_gen/key_fragment_uncommon"},{"predicate":{"custom_model_data":10074},"model":"crafting_materials:ia_auto_gen/key_golden"},{"predicate":{"custom_model_data":10075},"model":"crafting_materials:ia_auto_gen/key_silver"},{"predicate":{"custom_model_data":10076},"model":"crafting_materials:ia_auto_gen/lucky_horseshoe"},{"predicate":{"custom_model_data":10077},"model":"crafting_materials:ia_auto_gen/lucky_horseshoe_enchanted"},{"predicate":{"custom_model_data":10078},"model":"crafting_materials:ia_auto_gen/magic_mushroom"},{"predicate":{"custom_model_data":10079},"model":"crafting_materials:ia_auto_gen/magic_mushroom_enchanted"},{"predicate":{"custom_model_data":10080},"model":"crafting_materials:ia_auto_gen/paint_bucket"},{"predicate":{"custom_model_data":10081},"model":"crafting_materials:ia_auto_gen/pencil"},{"predicate":{"custom_model_data":10082},"model":"crafting_materials:ia_auto_gen/plastic"},{"predicate":{"custom_model_data":10083},"model":"crafting_materials:ia_auto_gen/powershard_epic"},{"predicate":{"custom_model_data":10084},"model":"crafting_materials:ia_auto_gen/powershard_legendary"},{"predicate":{"custom_model_data":10085},"model":"crafting_materials:ia_auto_gen/powershard_rare"},{"predicate":{"custom_model_data":10086},"model":"crafting_materials:ia_auto_gen/powershard_uncommon"},{"predicate":{"custom_model_data":10087},"model":"crafting_materials:ia_auto_gen/rocks"},{"predicate":{"custom_model_data":10088},"model":"crafting_materials:ia_auto_gen/rubber_bands"},{"predicate":{"custom_model_data":10089},"model":"crafting_materials:ia_auto_gen/screw"},{"predicate":{"custom_model_data":10090},"model":"crafting_materials:ia_auto_gen/soul_blaze"},{"predicate":{"custom_model_data":10091},"model":"crafting_materials:ia_auto_gen/soul_chicken"},{"predicate":{"custom_model_data":10092},"model":"crafting_materials:ia_auto_gen/soul_magmacube"},{"predicate":{"custom_model_data":10093},"model":"crafting_materials:ia_auto_gen/soul_pig"},{"predicate":{"custom_model_data":10094},"model":"crafting_materials:ia_auto_gen/soul_sheep"},{"predicate":{"custom_model_data":10095},"model":"crafting_materials:ia_auto_gen/soul_skeleton"},{"predicate":{"custom_model_data":10096},"model":"crafting_materials:ia_auto_gen/soul_spider"},{"predicate":{"custom_model_data":10097},"model":"crafting_materials:ia_auto_gen/soul_zombie"},{"predicate":{"custom_model_data":10098},"model":"crafting_materials:ia_auto_gen/spawner_fragment"},{"predicate":{"custom_model_data":10099},"model":"crafting_materials:ia_auto_gen/steel"},{"predicate":{"custom_model_data":10100},"model":"crafting_materials:ia_auto_gen/sulfur_crystal"},{"predicate":{"custom_model_data":10101},"model":"crafting_materials:ia_auto_gen/tangled_yarn"},{"predicate":{"custom_model_data":10102},"model":"crafting_materials:ia_auto_gen/vibrant_feather_1"},{"predicate":{"custom_model_data":10103},"model":"crafting_materials:ia_auto_gen/vibrant_feather_2"},{"predicate":{"custom_model_data":10104},"model":"crafting_materials:ia_auto_gen/vibrant_feather_3"},{"predicate":{"custom_model_data":10105},"model":"crafting_materials:ia_auto_gen/worn_cloth"},{"predicate":{"custom_model_data":10106},"model":"crafting_materials:ia_auto_gen/wrench"},{"predicate":{"custom_model_data":10396},"model":"crates1:lvl1_key"},{"predicate":{"custom_model_data":10397},"model":"crates1:lvl1_crate"},{"predicate":{"custom_model_data":10398},"model":"crates1:lvl2_key"},{"predicate":{"custom_model_data":10399},"model":"crates1:lvl2_crate"},{"predicate":{"custom_model_data":10400},"model":"crates1:lvl3_key"},{"predicate":{"custom_model_data":10401},"model":"crates1:lvl3_crate"},{"predicate":{"custom_model_data":10402},"model":"crates1:lvl4_key"},{"predicate":{"custom_model_data":10403},"model":"crates1:lvl4_crate"},{"predicate":{"custom_model_data":10404},"model":"crates_expansion:common_crate"},{"predicate":{"custom_model_data":10405},"model":"crates_expansion:rare_crate"},{"predicate":{"custom_model_data":10406},"model":"crates_expansion:legendary_crate"},{"predicate":{"custom_model_data":10407},"model":"crates_expansion:cosmetic_crate"},{"predicate":{"custom_model_data":10408},"model":"crates_expansion:furniture_crate"},{"predicate":{"custom_model_data":10409},"model":"crates_expansion:pet_crate"},{"predicate":{"custom_model_data":10473},"model":"minerals_pack:ia_auto_gen/mythril_ore"},{"predicate":{"custom_model_data":10474},"model":"minerals_pack:ia_auto_gen/mythril_ore_deepslate"},{"predicate":{"custom_model_data":10475},"model":"minerals_pack:ia_auto_gen/raw_mythril_block"},{"predicate":{"custom_model_data":10476},"model":"minerals_pack:ia_auto_gen/mythril_block"},{"predicate":{"custom_model_data":10477},"model":"minerals_pack:ia_auto_gen/malachite_ore"},{"predicate":{"custom_model_data":10478},"model":"minerals_pack:ia_auto_gen/malachite_ore_deepslate"},{"predicate":{"custom_model_data":10479},"model":"minerals_pack:ia_auto_gen/raw_malachite_block"},{"predicate":{"custom_model_data":10480},"model":"minerals_pack:ia_auto_gen/malachite_block"},{"predicate":{"custom_model_data":10481},"model":"minerals_pack:ia_auto_gen/amethyst_ore"},{"predicate":{"custom_model_data":10482},"model":"minerals_pack:ia_auto_gen/amethyst_ore_deepslate"},{"predicate":{"custom_model_data":10483},"model":"minerals_pack:ia_auto_gen/raw_amethyst_block"},{"predicate":{"custom_model_data":10484},"model":"minerals_pack:ia_auto_gen/amethyst_block"},{"predicate":{"custom_model_data":10485},"model":"minerals_pack:ia_auto_gen/amber_ore"},{"predicate":{"custom_model_data":10486},"model":"minerals_pack:ia_auto_gen/amber_ore_deepslate"},{"predicate":{"custom_model_data":10487},"model":"minerals_pack:ia_auto_gen/raw_amber_block"},{"predicate":{"custom_model_data":10488},"model":"minerals_pack:ia_auto_gen/amber_block"},{"predicate":{"custom_model_data":10489},"model":"minerals_pack:ia_auto_gen/ruby_ore"},{"predicate":{"custom_model_data":10490},"model":"minerals_pack:ia_auto_gen/ruby_ore_deepslate"},{"predicate":{"custom_model_data":10491},"model":"minerals_pack:ia_auto_gen/raw_ruby_block"},{"predicate":{"custom_model_data":10492},"model":"minerals_pack:ia_auto_gen/ruby_block"},{"predicate":{"custom_model_data":10493},"model":"minerals_pack:ia_auto_gen/jade_ore"},{"predicate":{"custom_model_data":10494},"model":"minerals_pack:ia_auto_gen/jade_ore_deepslate"},{"predicate":{"custom_model_data":10495},"model":"minerals_pack:ia_auto_gen/raw_jade_block"},{"predicate":{"custom_model_data":10496},"model":"minerals_pack:ia_auto_gen/jade_block"},{"predicate":{"custom_model_data":10497},"model":"minerals_pack:ia_auto_gen/silver_ore"},{"predicate":{"custom_model_data":10498},"model":"minerals_pack:ia_auto_gen/silver_ore_deepslate"},{"predicate":{"custom_model_data":10499},"model":"minerals_pack:ia_auto_gen/raw_silver_block"},{"predicate":{"custom_model_data":10500},"model":"minerals_pack:ia_auto_gen/silver_block"},{"predicate":{"custom_model_data":10501},"model":"minerals_pack:ia_auto_gen/iridium_ore"},{"predicate":{"custom_model_data":10502},"model":"minerals_pack:ia_auto_gen/iridium_ore_deepslate"},{"predicate":{"custom_model_data":10503},"model":"minerals_pack:ia_auto_gen/raw_iridium_block"},{"predicate":{"custom_model_data":10504},"model":"minerals_pack:ia_auto_gen/iridium_block"},{"predicate":{"custom_model_data":10505},"model":"minerals_pack:ia_auto_gen/mythril_nugget"},{"predicate":{"custom_model_data":10506},"model":"minerals_pack:ia_auto_gen/raw_mythril"},{"predicate":{"custom_model_data":10507},"model":"minerals_pack:ia_auto_gen/mythril_ingot"},{"predicate":{"custom_model_data":10508},"model":"minerals_pack:ia_auto_gen/malachite_nugget"},{"predicate":{"custom_model_data":10509},"model":"minerals_pack:ia_auto_gen/malachite"},{"predicate":{"custom_model_data":10510},"model":"minerals_pack:ia_auto_gen/malachite_ingot"},{"predicate":{"custom_model_data":10511},"model":"minerals_pack:ia_auto_gen/amethyst_nugget"},{"predicate":{"custom_model_data":10512},"model":"minerals_pack:ia_auto_gen/amethyst"},{"predicate":{"custom_model_data":10513},"model":"minerals_pack:ia_auto_gen/amethyst_ingot"},{"predicate":{"custom_model_data":10514},"model":"minerals_pack:ia_auto_gen/amber_nugget"},{"predicate":{"custom_model_data":10515},"model":"minerals_pack:ia_auto_gen/amber"},{"predicate":{"custom_model_data":10516},"model":"minerals_pack:ia_auto_gen/amber_ingot"},{"predicate":{"custom_model_data":10517},"model":"minerals_pack:ia_auto_gen/ruby_nugget"},{"predicate":{"custom_model_data":10518},"model":"minerals_pack:ia_auto_gen/ruby"},{"predicate":{"custom_model_data":10519},"model":"minerals_pack:ia_auto_gen/ruby_ingot"},{"predicate":{"custom_model_data":10520},"model":"minerals_pack:ia_auto_gen/jade_nugget"},{"predicate":{"custom_model_data":10521},"model":"minerals_pack:ia_auto_gen/raw_jade"},{"predicate":{"custom_model_data":10522},"model":"minerals_pack:ia_auto_gen/jade_ingot"},{"predicate":{"custom_model_data":10523},"model":"minerals_pack:ia_auto_gen/silver_nugget"},{"predicate":{"custom_model_data":10524},"model":"minerals_pack:ia_auto_gen/silver"},{"predicate":{"custom_model_data":10525},"model":"minerals_pack:ia_auto_gen/silver_ingot"},{"predicate":{"custom_model_data":10526},"model":"minerals_pack:ia_auto_gen/iridium_nugget"},{"predicate":{"custom_model_data":10527},"model":"minerals_pack:ia_auto_gen/raw_iridium"},{"predicate":{"custom_model_data":10528},"model":"minerals_pack:ia_auto_gen/iridium_ingot"},{"predicate":{"custom_model_data":19191},"model":"twilight_of_ender:wing"},{"predicate":{"custom_model_data":19508},"model":"twilight_of_ender:hat"},{"predicate":{"custom_model_data":20086},"model":"twilight_of_ender:chest"},{"predicate":{"custom_model_data":24813},"model":"twilight_of_ender:key"},{"predicate":{"custom_model_data":100000},"model":"nightmarket:ia_auto_gen/nothing"},{"predicate":{"custom_model_data":100001},"model":"nightmarket:ia_auto_gen/check_mark"},{"predicate":{"custom_model_data":100002},"model":"nightmarket:ia_auto_gen/locked_common"},{"predicate":{"custom_model_data":100003},"model":"nightmarket:ia_auto_gen/locked_uncommon"},{"predicate":{"custom_model_data":100004},"model":"nightmarket:ia_auto_gen/locked_rare"},{"predicate":{"custom_model_data":100005},"model":"nightmarket:ia_auto_gen/locked_epic"},{"predicate":{"custom_model_data":100006},"model":"nightmarket:ia_auto_gen/locked_legendary"},{"predicate":{"custom_model_data":100007},"model":"nightmarket:ia_auto_gen/locked_mythical"},{"predicate":{"custom_model_data":100008},"model":"nightmarket:ia_auto_gen/reroll_icon"},{"predicate":{"custom_model_data":100009},"model":"item/paper"}]}