{"model":{"type":"range_dispatch","property":"custom_model_data","index":0,"fallback":{"type":"minecraft:model","model":"minecraft:item/netherite_shovel"},"entries":[{"threshold":50000,"model":{"type":"model","model":"plny_halloween_pumpkin_set:shovel"}},{"threshold":50001,"model":{"type":"model","model":"nexusset:shovel"}},{"threshold":50002,"model":{"type":"model","model":"vanilla_sets:item/ia_auto/amethyst_shovel"}},{"threshold":50003,"model":{"type":"model","model":"vanilla_sets:item/ia_auto/bone_shovel"}},{"threshold":50004,"model":{"type":"model","model":"vanilla_sets:item/ia_auto/crimson_shovel"}},{"threshold":50005,"model":{"type":"model","model":"vanilla_sets:item/ia_auto/sculk_shovel"}},{"threshold":50006,"model":{"type":"model","model":"vanilla_sets:item/ia_auto/nautilus_shovel"}},{"threshold":50007,"model":{"type":"model","model":"elitecreatures:pilgrim_assortment/shovel"}},{"threshold":50008,"model":{"type":"model","model":"item/netherite_shovel"}}]},"oversized_in_gui":true}