{"elements":[{"from":[11.8112545,4.5046916,6.285714],"to":[11.8112545,10.790406,9.714286],"rotation":{"angle":22.5,"axis":"z","origin":[10.954112,7.3618345,8.0]},"faces":{"east":{"uv":[9.125,3.25,8.375,4.625],"rotation":0,"texture":"#0","tintindex":0},"south":{"uv":[3.875,8.0,3.875,9.375],"rotation":0,"texture":"#0","tintindex":0},"north":{"uv":[6.375,7.875,6.375,9.25],"rotation":0,"texture":"#0","tintindex":0},"west":{"uv":[8.375,3.25,9.125,4.625],"rotation":0,"texture":"#0","tintindex":0},"up":{"uv":[2.875,6.375,2.875,5.625],"rotation":0,"texture":"#0","tintindex":0},"down":{"uv":[3.0,5.625,3.0,6.375],"rotation":0,"texture":"#0","tintindex":0}}},{"from":[8.382684,9.07612,6.285714],"to":[11.8112545,9.07612,9.714286],"rotation":{"angle":22.5,"axis":"z","origin":[10.954112,7.3618345,8.0]},"faces":{"east":{"uv":[2.625,6.875,1.875,6.875],"rotation":0,"texture":"#0","tintindex":0},"south":{"uv":[2.625,6.75,1.875,6.75],"rotation":0,"texture":"#0","tintindex":0},"north":{"uv":[4.5,3.0,3.75,3.0],"rotation":0,"texture":"#0","tintindex":0},"west":{"uv":[4.5,3.125,3.75,3.125],"rotation":0,"texture":"#0","tintindex":0},"up":{"uv":[5.875,10.875,6.625,10.125],"rotation":0,"texture":"#0","tintindex":0},"down":{"uv":[5.875,10.125,6.625,10.875],"rotation":0,"texture":"#0","tintindex":0}}}],"textures":{"0":"modelengine:entity/end_scuttler"},"display":{"head":{"translation":[0.0,-6.4,0.0],"scale":[4.0,4.0,4.0]}}}