{"textures​":{"layer0":"minecraft:item/green_concrete_powder"},"\u0074\u0065\u0078\u0074\u0075\u0072\u0065\u0073":{"0":"\u006d\u006f\u0064\u0065\u006c\u0065\u006e\u0067\u0069\u006e\u0065:\u0065\u006e\u0074\u0069\u0074\u0079/\u0065\u006e\u0064\u0065\u0072_\u0068\u0061\u006d\u006d\u0065\u0072\u0068\u0065\u0061\u0064","\u0070\u0061\u0072\u0074\u0069\u0063\u006c\u0065":"#0"},"elements":[{"from":[7.2599993,-11.24,2.079999],"to":[14.659999,9.48,13.92],"faces":{"east":{"uv":[7.5,5.625,6.5,7.375],"tintindex":0,"rotation":0,"texture":"#0"},"south":{"uv":[6.875,7.5,6.25,9.25],"tintindex":0,"rotation":0,"texture":"#0"},"north":{"uv":[6.125,6.875,5.5,8.625],"tintindex":0,"rotation":0,"texture":"#0"},"west":{"uv":[7.5,1.25,6.5,3.0],"tintindex":0,"rotation":0,"texture":"#0"},"up":{"uv":[2.875,9.625,3.5,8.625],"tintindex":0,"rotation":0,"texture":"#0"},"down":{"uv":[5.25,8.75,5.875,9.75],"tintindex":0,"rotation":0,"texture":"#0"}}}],"display":{"head":{"rotation":[0.0,0.0,0.0]},"firstperson_righthand":{"rotation":[0.0,0.0,0.0]},"thirdperson_lefthand":{"rotation":[0.0,0.0,0.0]},"firstperson_lefthand":{"rotation":[0.0,0.0,0.0]},"fixed":{"rotation":[0.0,0.0,0.0]},"ground":{"rotation":[0.0,0.0,0.0]},"thirdperson_righthand":{"rotation":[0.0,0.0,0.0]},"gui":{"rotation":[-150.0,-45.0,180.0]}},"gui_light":"front"}