{"textures​":{"1":"\u0073\u0061\u0074\u0075\u0072\u006e\u0073\u0074\u0075\u0064\u0069\u006f:\u006c\u0069\u0067\u0068\u0074\u0073\u0061\u0062\u0065\u0072_2","\u0070\u0061\u0072\u0074\u0069\u0063\u006c\u0065":"#1"},"credit":"Made with Blockbench","texture_size":[32,32],"\u0074\u0065\u0078\u0074\u0075\u0072\u0065\u0073":{"1":"\u0073\u0061\u0074\u0075\u0072\u006e\u0073\u0074\u0075\u0064\u0069\u006f:\u006c\u0069\u0067\u0068\u0074\u0073\u0061\u0062\u0065\u0072_2","\u0070\u0061\u0072\u0074\u0069\u0063\u006c\u0065":"#1"},"elements":[{"from":[7.255,-2.2075,7.255],"to":[8.745,-0.7175,8.745],"rotation":{"angle":45,"axis":"z","origin":[8,-1.4625,8]},"faces":{"north":{"uv":[10,2,10.75,2.75],"texture":"#1"},"east":{"uv":[3,10,3.75,10.75],"texture":"#1"},"south":{"uv":[10,3,10.75,3.75],"texture":"#1"},"west":{"uv":[4,10,4.75,10.75],"texture":"#1"},"up":{"uv":[10.75,4.75,10,4],"texture":"#1"},"down":{"uv":[5.75,10,5,10.75],"texture":"#1"}}},{"from":[7,4.7125,7],"to":[9,5.2125,9],"rotation":{"angle":0,"axis":"y","origin":[8,8,8]},"faces":{"north":{"uv":[7,10.5,8,10.75],"texture":"#1"},"east":{"uv":[8,10.5,9,10.75],"texture":"#1"},"south":{"uv":[9,10.5,10,10.75],"texture":"#1"},"west":{"uv":[10,10.5,11,10.75],"texture":"#1"},"up":{"uv":[8,10,7,9],"texture":"#1"},"down":{"uv":[10,7,9,8],"texture":"#1"}}},{"from":[7,5.9625,7],"to":[9,6.4625,9],"rotation":{"angle":0,"axis":"y","origin":[8,8,8]},"faces":{"north":{"uv":[10,9,11,9.25],"texture":"#1"},"east":{"uv":[10,9.5,11,9.75],"texture":"#1"},"south":{"uv":[10,10,11,10.25],"texture":"#1"},"west":{"uv":[6,10.5,7,10.75],"texture":"#1"},"up":{"uv":[7,10,6,9],"texture":"#1"},"down":{"uv":[10,6,9,7],"texture":"#1"}}},{"from":[7,6.7125,7],"to":[9,7.2125,9],"rotation":{"angle":0,"axis":"y","origin":[8,8,8]},"faces":{"north":{"uv":[8,10,9,10.25],"texture":"#1"},"east":{"uv":[10,8,11,8.25],"texture":"#1"},"south":{"uv":[10,8.5,11,8.75],"texture":"#1"},"west":{"uv":[9,10,10,10.25],"texture":"#1"},"up":{"uv":[6,10,5,9],"texture":"#1"},"down":{"uv":[10,5,9,6],"texture":"#1"}}},{"from":[7,7.4625,7],"to":[9,7.9625,9],"rotation":{"angle":0,"axis":"y","origin":[8,8,8]},"faces":{"north":{"uv":[10,6.5,11,6.75],"texture":"#1"},"east":{"uv":[7,10,8,10.25],"texture":"#1"},"south":{"uv":[10,7,11,7.25],"texture":"#1"},"west":{"uv":[10,7.5,11,7.75],"texture":"#1"},"up":{"uv":[4,10,3,9],"texture":"#1"},"down":{"uv":[5,9,4,10],"texture":"#1"}}},{"from":[7,8.2125,7],"to":[9,8.7125,9],"rotation":{"angle":0,"axis":"y","origin":[8,8,8]},"faces":{"north":{"uv":[10,5,11,5.25],"texture":"#1"},"east":{"uv":[10,5.5,11,5.75],"texture":"#1"},"south":{"uv":[6,10,7,10.25],"texture":"#1"},"west":{"uv":[10,6,11,6.25],"texture":"#1"},"up":{"uv":[2,10,1,9],"texture":"#1"},"down":{"uv":[3,9,2,10],"texture":"#1"}}},{"from":[7.25,8.7125,7.25],"to":[8.75,26.2125,8.75],"rotation":{"angle":0,"axis":"y","origin":[8,8,8]},"faces":{"north":{"uv":[4,0,4.75,8.75],"texture":"#1"},"east":{"uv":[5,0,5.75,8.75],"texture":"#1"},"south":{"uv":[6,0,6.75,8.75],"texture":"#1"},"west":{"uv":[7,0,7.75,8.75],"texture":"#1"},"up":{"uv":[10.75,1.75,10,1],"texture":"#1"},"down":{"uv":[2.75,10,2,10.75],"texture":"#1"}}},{"from":[7.25,-1.2125,7.25],"to":[8.75,8.2875,8.75],"rotation":{"angle":0,"axis":"y","origin":[8,8,8]},"faces":{"north":{"uv":[8,0,8.75,4.75],"texture":"#1"},"east":{"uv":[8,5,8.75,9.75],"texture":"#1"},"south":{"uv":[0,9,0.75,13.75],"texture":"#1"},"west":{"uv":[9,0,9.75,4.75],"texture":"#1"},"up":{"uv":[10.75,0.75,10,0],"texture":"#1"},"down":{"uv":[1.75,10,1,10.75],"texture":"#1"}}},{"name":"cube_outline","from":[9.1,26.5625,9.1],"to":[6.9,8.3625,6.9],"rotation":{"angle":0,"axis":"y","origin":[8,8,8]},"faces":{"north":{"uv":[0,0,1,9],"texture":"#1"},"east":{"uv":[1,0,2,9],"texture":"#1"},"south":{"uv":[2,0,3,9],"texture":"#1"},"west":{"uv":[3,0,4,9],"texture":"#1"},"down":{"uv":[10,9,9,10],"texture":"#1"}}}],"display":{"thirdperson_righthand":{"translation":[0,4.25,1.5],"scale":[0.9,0.9,0.9]},"thirdperson_lefthand":{"translation":[0,4.25,1.5],"scale":[0.9,0.9,0.9]},"firstperson_righthand":{"rotation":[0,-90,25],"translation":[2.13,3.2,1.13],"scale":[0.68,0.68,0.68]},"firstperson_lefthand":{"rotation":[0,-90,25],"translation":[2.13,3.2,1.13],"scale":[0.68,0.68,0.68]},"ground":{"translation":[0,2,0],"scale":[0.5,0.5,0.5]},"gui":{"rotation":[0,0,-45],"translation":[-1.75,-2,0],"scale":[0.65,0.65,0.65]},"fixed":{"translation":[0,-9.5,0],"scale":[1.75,1.75,1.75]}},"gui_light":"front"}