{"credit":"Made with Blockbench","texture_size":[24,24],"textures":{"1":"saintpatricksset2024:animations/animation_1","3":"saintpatricksset2024:staff"},"elements":[{"from":[6.25,17.67132,7.5],"to":[7.25,18.67132,8.5],"rotation":{"angle":-45,"axis":"x","origin":[6.75,18.17132,8]},"faces":{"north":{"uv":[7.33333,6,8,6.66667],"texture":"#3"},"south":{"uv":[8.66667,5.33333,9.33333,6],"texture":"#3"},"west":{"uv":[10,3.33333,10.66667,4],"texture":"#3"},"up":{"uv":[10.66667,4.66667,10,4],"texture":"#3"},"down":{"uv":[10.66667,4.66667,10,5.33333],"texture":"#3"}}},{"from":[6.5,18.2493,8.07798],"to":[7,19.2493,9.07798],"rotation":{"angle":-45,"axis":"x","origin":[6.75,18.17132,8]},"faces":{"north":{"uv":[10.66667,8.66667,11,9.33333],"texture":"#3"},"east":{"uv":[5.33333,10,6,10.66667],"texture":"#3"},"west":{"uv":[10,5.33333,10.66667,6],"texture":"#3"},"down":{"uv":[11,9.33333,10.66667,10],"texture":"#3"}}},{"from":[6.5,17.89575,9.22443],"to":[7,18.89575,10.22443],"rotation":{"angle":-45,"axis":"x","origin":[6.75,17.81777,7.64645]},"faces":{"east":{"uv":[6,10,6.66667,10.66667],"texture":"#3"},"south":{"uv":[10,10.66667,10.33333,11.33333],"texture":"#3"},"west":{"uv":[10,6,10.66667,6.66667],"texture":"#3"},"up":{"uv":[11,10.66667,10.66667,10],"texture":"#3"},"down":{"uv":[11,10.66667,10.66667,11.33333],"texture":"#3"}}},{"from":[6.5,19.39575,8.43153],"to":[7,20.39575,9.43153],"rotation":{"angle":-45,"axis":"x","origin":[6.75,17.81777,8.35355]},"faces":{"north":{"uv":[0,11.33333,0.33333,12],"texture":"#3"},"east":{"uv":[10,6.66667,10.66667,7.33333],"texture":"#3"},"south":{"uv":[11.33333,0,11.66667,0.66667],"texture":"#3"},"west":{"uv":[10,7.33333,10.66667,8],"texture":"#3"},"up":{"uv":[1,12,0.66667,11.33333],"texture":"#3"}}},{"from":[6.5,16.32554,6.73996],"to":[7,17.32554,7.73996],"rotation":{"angle":22.5,"axis":"x","origin":[6.75,17.57554,6.98996]},"faces":{"north":{"uv":[11.33333,0.66667,11.66667,1.33333],"texture":"#3"},"east":{"uv":[8,10,8.66667,10.66667],"texture":"#3"},"south":{"uv":[1.33333,11.33333,1.66667,12],"texture":"#3"},"west":{"uv":[10,8,10.66667,8.66667],"texture":"#3"},"down":{"uv":[2.33333,11.33333,2,12],"texture":"#3"}}},{"from":[6.5,17.32554,6.73996],"to":[7,18.32554,7.73996],"rotation":{"angle":22.5,"axis":"x","origin":[6.75,17.57554,6.98996]},"faces":{"east":{"uv":[8.66667,10,9.33333,10.66667],"texture":"#3"},"south":{"uv":[2.66667,11.33333,3,12],"texture":"#3"},"west":{"uv":[10,8.66667,10.66667,9.33333],"texture":"#3"},"up":{"uv":[3.66667,12,3.33333,11.33333],"texture":"#3"}}},{"from":[6.5,17.32554,5.73995],"to":[7,18.32554,6.73995],"rotation":{"angle":22.5,"axis":"x","origin":[6.75,17.57554,6.98996]},"faces":{"north":{"uv":[11.33333,3.33333,11.66667,4],"texture":"#3"},"east":{"uv":[10,9.33333,10.66667,10],"texture":"#3"},"west":{"uv":[10,10,10.66667,10.66667],"texture":"#3"},"up":{"uv":[4.33333,12,4,11.33333],"texture":"#3"},"down":{"uv":[11.66667,4,11.33333,4.66667],"texture":"#3"}}},{"from":[6.5,17.32554,9.26005],"to":[7,18.32554,10.26005],"rotation":{"angle":-22.5,"axis":"x","origin":[6.75,17.57554,9.01004]},"faces":{"east":{"uv":[0,10.66667,0.66667,11.33333],"texture":"#3"},"south":{"uv":[4.66667,11.33333,5,12],"texture":"#3"},"west":{"uv":[10.66667,0,11.33333,0.66667],"texture":"#3"},"up":{"uv":[11.66667,5.33333,11.33333,4.66667],"texture":"#3"},"down":{"uv":[5.66667,11.33333,5.33333,12],"texture":"#3"}}},{"from":[6.5,17.32554,8.26004],"to":[7,18.32554,9.26004],"rotation":{"angle":-22.5,"axis":"x","origin":[6.75,17.57554,9.01004]},"faces":{"north":{"uv":[11.33333,5.33333,11.66667,6],"texture":"#3"},"east":{"uv":[0.66667,10.66667,1.33333,11.33333],"texture":"#3"},"west":{"uv":[10.66667,0.66667,11.33333,1.33333],"texture":"#3"},"up":{"uv":[6.33333,12,6,11.33333],"texture":"#3"}}},{"from":[6.5,16.32554,8.26004],"to":[7,17.32554,9.26004],"rotation":{"angle":-22.5,"axis":"x","origin":[6.75,17.57554,9.01004]},"faces":{"north":{"uv":[11.33333,6,11.66667,6.66667],"texture":"#3"},"east":{"uv":[1.33333,10.66667,2,11.33333],"texture":"#3"},"south":{"uv":[6.66667,11.33333,7,12],"texture":"#3"},"west":{"uv":[2,10.66667,2.66667,11.33333],"texture":"#3"},"down":{"uv":[11.66667,6.66667,11.33333,7.33333],"texture":"#3"}}},{"from":[9,17.32554,9.26005],"to":[9.5,18.32554,10.26005],"rotation":{"angle":-22.5,"axis":"x","origin":[9.25,17.57554,9.01004]},"faces":{"east":{"uv":[11.33333,0,10.66667,0.66667],"texture":"#3"},"south":{"uv":[5,11.33333,4.66667,12],"texture":"#3"},"west":{"uv":[0.66667,10.66667,0,11.33333],"texture":"#3"},"up":{"uv":[11.33333,5.33333,11.66667,4.66667],"texture":"#3"},"down":{"uv":[5.33333,11.33333,5.66667,12],"texture":"#3"}}},{"from":[9,17.32554,8.26004],"to":[9.5,18.32554,9.26004],"rotation":{"angle":-22.5,"axis":"x","origin":[9.25,17.57554,9.01004]},"faces":{"north":{"uv":[11.66667,5.33333,11.33333,6],"texture":"#3"},"east":{"uv":[11.33333,0.66667,10.66667,1.33333],"texture":"#3"},"west":{"uv":[1.33333,10.66667,0.66667,11.33333],"texture":"#3"},"up":{"uv":[6,12,6.33333,11.33333],"texture":"#3"}}},{"from":[9,16.32554,8.26004],"to":[9.5,17.32554,9.26004],"rotation":{"angle":-22.5,"axis":"x","origin":[9.25,17.57554,9.01004]},"faces":{"north":{"uv":[11.66667,6,11.33333,6.66667],"texture":"#3"},"east":{"uv":[2.66667,10.66667,2,11.33333],"texture":"#3"},"south":{"uv":[7,11.33333,6.66667,12],"texture":"#3"},"west":{"uv":[2,10.66667,1.33333,11.33333],"texture":"#3"},"down":{"uv":[11.33333,6.66667,11.66667,7.33333],"texture":"#3"}}},{"from":[8.75,17.67132,7.5],"to":[9.75,18.67132,8.5],"rotation":{"angle":-45,"axis":"x","origin":[9.25,18.17132,8]},"faces":{"north":{"uv":[8,6,7.33333,6.66667],"texture":"#3"},"east":{"uv":[10.66667,3.33333,10,4],"texture":"#3"},"south":{"uv":[9.33333,5.33333,8.66667,6],"texture":"#3"},"up":{"uv":[10,4.66667,10.66667,4],"texture":"#3"},"down":{"uv":[10,4.66667,10.66667,5.33333],"texture":"#3"}}},{"from":[9,17.32554,5.73995],"to":[9.5,18.32554,6.73995],"rotation":{"angle":22.5,"axis":"x","origin":[9.25,17.57554,6.98996]},"faces":{"north":{"uv":[11.66667,3.33333,11.33333,4],"texture":"#3"},"east":{"uv":[10.66667,10,10,10.66667],"texture":"#3"},"west":{"uv":[10.66667,9.33333,10,10],"texture":"#3"},"up":{"uv":[4,12,4.33333,11.33333],"texture":"#3"},"down":{"uv":[11.33333,4,11.66667,4.66667],"texture":"#3"}}},{"from":[9,17.32554,6.73996],"to":[9.5,18.32554,7.73996],"rotation":{"angle":22.5,"axis":"x","origin":[9.25,17.57554,6.98996]},"faces":{"east":{"uv":[10.66667,8.66667,10,9.33333],"texture":"#3"},"south":{"uv":[3,11.33333,2.66667,12],"texture":"#3"},"west":{"uv":[9.33333,10,8.66667,10.66667],"texture":"#3"},"up":{"uv":[3.33333,12,3.66667,11.33333],"texture":"#3"}}},{"from":[9,16.32554,6.73996],"to":[9.5,17.32554,7.73996],"rotation":{"angle":22.5,"axis":"x","origin":[9.25,17.57554,6.98996]},"faces":{"north":{"uv":[11.66667,0.66667,11.33333,1.33333],"texture":"#3"},"east":{"uv":[10.66667,8,10,8.66667],"texture":"#3"},"south":{"uv":[1.66667,11.33333,1.33333,12],"texture":"#3"},"west":{"uv":[8.66667,10,8,10.66667],"texture":"#3"},"down":{"uv":[2,11.33333,2.33333,12],"texture":"#3"}}},{"from":[9,19.39575,8.43153],"to":[9.5,20.39575,9.43153],"rotation":{"angle":-45,"axis":"x","origin":[9.25,17.81777,8.35355]},"faces":{"north":{"uv":[0.33333,11.33333,0,12],"texture":"#3"},"east":{"uv":[10.66667,7.33333,10,8],"texture":"#3"},"south":{"uv":[11.66667,0,11.33333,0.66667],"texture":"#3"},"west":{"uv":[10.66667,6.66667,10,7.33333],"texture":"#3"},"up":{"uv":[0.66667,12,1,11.33333],"texture":"#3"}}},{"from":[9,18.2493,8.07798],"to":[9.5,19.2493,9.07798],"rotation":{"angle":-45,"axis":"x","origin":[9.25,18.17132,8]},"faces":{"north":{"uv":[11,8.66667,10.66667,9.33333],"texture":"#3"},"east":{"uv":[10.66667,5.33333,10,6],"texture":"#3"},"west":{"uv":[6,10,5.33333,10.66667],"texture":"#3"},"down":{"uv":[10.66667,9.33333,11,10],"texture":"#3"}}},{"from":[9,17.89575,9.22443],"to":[9.5,18.89575,10.22443],"rotation":{"angle":-45,"axis":"x","origin":[9.25,17.81777,7.64645]},"faces":{"east":{"uv":[10.66667,6,10,6.66667],"texture":"#3"},"south":{"uv":[10.33333,10.66667,10,11.33333],"texture":"#3"},"west":{"uv":[6.66667,10,6,10.66667],"texture":"#3"},"up":{"uv":[10.66667,10.66667,11,10],"texture":"#3"},"down":{"uv":[10.66667,10.66667,11,11.33333],"texture":"#3"}}},{"from":[7.35,-0.15,7.85],"to":[8.65,1.15,9.15],"rotation":{"angle":-45,"axis":"x","origin":[7.5,0,8]},"faces":{"north":{"uv":[8.66667,1.33333,9.66667,2.33333],"texture":"#3"},"east":{"uv":[8.66667,2.66667,9.66667,3.66667],"texture":"#3"},"south":{"uv":[8.66667,4,9.66667,5],"texture":"#3"},"west":{"uv":[8,8.66667,9,9.66667],"texture":"#3"},"up":{"uv":[1,10.33333,0,9.33333],"texture":"#3"},"down":{"uv":[2.33333,9.33333,1.33333,10.33333],"texture":"#3"}}},{"from":[7.4,0.9,7.4],"to":[8.6,2.1,8.6],"rotation":{"angle":0,"axis":"y","origin":[7.5,1,7.5]},"faces":{"north":{"uv":[2.66667,10.66667,3.33333,11.33333],"texture":"#3"},"east":{"uv":[3.33333,10.66667,4,11.33333],"texture":"#3"},"south":{"uv":[10.66667,3.33333,11.33333,4],"texture":"#3"},"west":{"uv":[4,10.66667,4.66667,11.33333],"texture":"#3"},"up":{"uv":[11.33333,4.66667,10.66667,4],"texture":"#3"}}},{"from":[7.4,16.1,7.4],"to":[8.6,17.3,8.6],"rotation":{"angle":0,"axis":"y","origin":[7.5,7.2,7.5]},"faces":{"north":{"uv":[4.66667,10.66667,5.33333,11.33333],"texture":"#3"},"east":{"uv":[10.66667,4.66667,11.33333,5.33333],"texture":"#3"},"south":{"uv":[5.33333,10.66667,6,11.33333],"texture":"#3"},"west":{"uv":[10.66667,5.33333,11.33333,6],"texture":"#3"}}},{"from":[7.5,2.1,7.5],"to":[8.5,7.1,8.5],"rotation":{"angle":0,"axis":"y","origin":[7.5,2.1,7.5]},"faces":{"north":{"uv":[0,6,0.66667,9.33333],"texture":"#3"},"east":{"uv":[0.66667,6,1.33333,9.33333],"texture":"#3"},"south":{"uv":[1.33333,6,2,9.33333],"texture":"#3"},"west":{"uv":[2,6,2.66667,9.33333],"texture":"#3"}}},{"from":[7.5,9.1,7.5],"to":[8.5,14.1,8.5],"rotation":{"angle":0,"axis":"y","origin":[7.5,2.1,7.5]},"faces":{"north":{"uv":[2.66667,6,3.33333,9.33333],"texture":"#3"},"east":{"uv":[3.33333,6.66667,4,10],"texture":"#3"},"south":{"uv":[4,6.66667,4.66667,10],"texture":"#3"},"west":{"uv":[4.66667,6.66667,5.33333,10],"texture":"#3"}}},{"from":[7.25,16.50711,7.75],"to":[8.75,19.00711,10.25],"rotation":{"angle":-45,"axis":"x","origin":[7.5,16.75711,8]},"faces":{"north":{"uv":[7.33333,0,8.33333,1.66667],"texture":"#3"},"east":{"uv":[5.33333,2.66667,7,4.33333],"texture":"#3"},"south":{"uv":[7.33333,2,8.33333,3.66667],"texture":"#3"},"west":{"uv":[5.33333,4.66667,7,6.33333],"texture":"#3"},"up":{"uv":[8.33333,5.66667,7.33333,4],"texture":"#3"},"down":{"uv":[6.33333,8,5.33333,9.66667],"texture":"#3"}}},{"from":[7.985,-1.5,5.75],"to":[8.015,3,10.25],"rotation":{"angle":0,"axis":"y","origin":[7.985,-1,6.25]},"faces":{"east":{"uv":[3,2.66667,0,5.66667],"texture":"#3"},"west":{"uv":[0,2.66667,3,5.66667],"texture":"#3"}}},{"from":[9.9,14,4.25],"to":[9.9,22,12.25],"rotation":{"angle":0,"axis":"y","origin":[9.9,14,4.25]},"faces":{"east":{"uv":[16,0,0,16],"texture":"#1"}}},{"from":[6.1,14,4.25],"to":[6.1,22,12.25],"rotation":{"angle":0,"axis":"y","origin":[6.1,14,4.25]},"faces":{"west":{"uv":[0,0,16,16],"texture":"#1"}}},{"from":[7.4,7.1,7.4],"to":[8.6,9.1,8.6],"rotation":{"angle":0,"axis":"y","origin":[7.5,7.1,7.5]},"faces":{"north":{"uv":[2.66667,9.33333,3.33333,10.66667],"texture":"#3"},"east":{"uv":[9.33333,5.33333,10,6.66667],"texture":"#3"},"south":{"uv":[6.66667,9.33333,7.33333,10.66667],"texture":"#3"},"west":{"uv":[9.33333,6.66667,10,8],"texture":"#3"},"up":{"uv":[6.66667,11.33333,6,10.66667],"texture":"#3"},"down":{"uv":[11.33333,6,10.66667,6.66667],"texture":"#3"}}},{"from":[7.4,14.1,7.4],"to":[8.6,16.1,8.6],"rotation":{"angle":0,"axis":"y","origin":[7.5,7.1,7.5]},"faces":{"north":{"uv":[7.33333,9.33333,8,10.66667],"texture":"#3"},"east":{"uv":[9.33333,8,10,9.33333],"texture":"#3"},"south":{"uv":[9.33333,9.33333,10,10.66667],"texture":"#3"},"west":{"uv":[10,0,10.66667,1.33333],"texture":"#3"},"up":{"uv":[7.33333,11.33333,6.66667,10.66667],"texture":"#3"},"down":{"uv":[11.33333,6.66667,10.66667,7.33333],"texture":"#3"}}},{"from":[6.5,18.5,1.5],"to":[9.5,19,4.5],"rotation":{"angle":22.5,"axis":"x","origin":[8,18.0625,3]},"faces":{"north":{"uv":[10,1.33333,12,1.66667],"texture":"#3"},"east":{"uv":[10,2,12,2.33333],"texture":"#3"},"south":{"uv":[10,2.66667,12,3],"texture":"#3"},"west":{"uv":[3.33333,10,5.33333,10.33333],"texture":"#3"},"up":{"uv":[5.33333,4.66667,3.33333,2.66667],"texture":"#3"},"down":{"uv":[5.33333,4.66667,3.33333,6.66667],"texture":"#3"}}},{"from":[7,19,2],"to":[9,19.25,4],"rotation":{"angle":22.5,"axis":"x","origin":[8,18.0625,3]},"faces":{"north":{"uv":[7.33333,10.66667,8.66667,11],"texture":"#3"},"east":{"uv":[10.66667,7.33333,12,7.66667],"texture":"#3"},"south":{"uv":[10.66667,8,12,8.33333],"texture":"#3"},"west":{"uv":[8.66667,10.66667,10,11],"texture":"#3"},"up":{"uv":[6.66667,8,5.33333,6.66667],"texture":"#3"}}},{"from":[6.9,16.9,1.9],"to":[9.1,18.5,4.1],"rotation":{"angle":22.5,"axis":"x","origin":[8,18.0625,3]},"faces":{"north":{"uv":[8,6,9.33333,7],"texture":"#3"},"east":{"uv":[6.66667,8,8,9],"texture":"#3"},"south":{"uv":[8,7.33333,9.33333,8.33333],"texture":"#3"},"west":{"uv":[8.66667,0,10,1],"texture":"#3"},"down":{"uv":[8,6.66667,6.66667,8],"texture":"#3"}}},{"from":[6.75,16.75,1.75],"to":[7.25,17.25,2.25],"rotation":{"angle":22.5,"axis":"x","origin":[8,18.0625,3]},"faces":{"north":{"uv":[12,4,12.33333,4.33333],"texture":"#3"},"east":{"uv":[4.66667,12,5,12.33333],"texture":"#3"},"south":{"uv":[12,4.66667,12.33333,5],"texture":"#3"},"west":{"uv":[5.33333,12,5.66667,12.33333],"texture":"#3"},"up":{"uv":[12.33333,5.66667,12,5.33333],"texture":"#3"},"down":{"uv":[6.33333,12,6,12.33333],"texture":"#3"}}},{"from":[8.75,16.75,1.75],"to":[9.25,17.25,2.25],"rotation":{"angle":22.5,"axis":"x","origin":[8,18.0625,3]},"faces":{"north":{"uv":[12,6,12.33333,6.33333],"texture":"#3"},"east":{"uv":[6.66667,12,7,12.33333],"texture":"#3"},"south":{"uv":[12,6.66667,12.33333,7],"texture":"#3"},"west":{"uv":[7.33333,12,7.66667,12.33333],"texture":"#3"},"up":{"uv":[12.33333,7.66667,12,7.33333],"texture":"#3"},"down":{"uv":[8.33333,12,8,12.33333],"texture":"#3"}}},{"from":[6.75,16.75,3.75],"to":[7.25,17.25,4.25],"rotation":{"angle":22.5,"axis":"x","origin":[8,18.0625,3]},"faces":{"north":{"uv":[12,8,12.33333,8.33333],"texture":"#3"},"east":{"uv":[8.66667,12,9,12.33333],"texture":"#3"},"south":{"uv":[12,8.66667,12.33333,9],"texture":"#3"},"west":{"uv":[9.33333,12,9.66667,12.33333],"texture":"#3"},"up":{"uv":[12.33333,9.66667,12,9.33333],"texture":"#3"},"down":{"uv":[10.33333,12,10,12.33333],"texture":"#3"}}},{"from":[8.75,16.75,3.75],"to":[9.25,17.25,4.25],"rotation":{"angle":22.5,"axis":"x","origin":[8,18.0625,3]},"faces":{"north":{"uv":[12,10,12.33333,10.33333],"texture":"#3"},"east":{"uv":[10.66667,12,11,12.33333],"texture":"#3"},"south":{"uv":[12,10.66667,12.33333,11],"texture":"#3"},"west":{"uv":[11.33333,12,11.66667,12.33333],"texture":"#3"},"up":{"uv":[12.33333,11.66667,12,11.33333],"texture":"#3"},"down":{"uv":[12.33333,12,12,12.33333],"texture":"#3"}}},{"from":[7,17.89267,0.44676],"to":[7.5,18.39267,1.44676],"rotation":{"angle":45,"axis":"x","origin":[8,18.0625,3]},"faces":{"north":{"uv":[0,12.66667,0.33333,13],"texture":"#3"},"east":{"uv":[7.33333,11.33333,8,11.66667],"texture":"#3"},"west":{"uv":[8,11.33333,8.66667,11.66667],"texture":"#3"},"up":{"uv":[9,12,8.66667,11.33333],"texture":"#3"},"down":{"uv":[11.66667,8.66667,11.33333,9.33333],"texture":"#3"}}},{"from":[8.5,17.89267,0.44676],"to":[9,18.39267,1.44676],"rotation":{"angle":45,"axis":"x","origin":[8,18.0625,3]},"faces":{"north":{"uv":[12.66667,0,13,0.33333],"texture":"#3"},"east":{"uv":[9.33333,11.33333,10,11.66667],"texture":"#3"},"west":{"uv":[11.33333,9.33333,12,9.66667],"texture":"#3"},"up":{"uv":[10.33333,12,10,11.33333],"texture":"#3"},"down":{"uv":[11.66667,10,11.33333,10.66667],"texture":"#3"}}},{"from":[7.5,17.89267,0.44676],"to":[8.5,18.39267,0.94676],"rotation":{"angle":45,"axis":"x","origin":[8,18.0625,3]},"faces":{"north":{"uv":[10.66667,11.33333,11.33333,11.66667],"texture":"#3"},"south":{"uv":[11.33333,10.66667,12,11],"texture":"#3"},"up":{"uv":[12,11.66667,11.33333,11.33333],"texture":"#3"},"down":{"uv":[0.66667,12,0,12.33333],"texture":"#3"}}},{"from":[7,17.89267,4.55324],"to":[7.5,18.39267,5.55324],"rotation":{"angle":0,"axis":"y","origin":[8,18.14267,5.17824]},"faces":{"east":{"uv":[12,0,12.66667,0.33333],"texture":"#3"},"south":{"uv":[0.66667,12.66667,1,13],"texture":"#3"},"west":{"uv":[0.66667,12,1.33333,12.33333],"texture":"#3"},"up":{"uv":[12.33333,1.33333,12,0.66667],"texture":"#3"},"down":{"uv":[1.66667,12,1.33333,12.66667],"texture":"#3"}}},{"from":[8.5,17.89267,4.55324],"to":[9,18.39267,5.55324],"rotation":{"angle":0,"axis":"y","origin":[8,18.14267,5.17824]},"faces":{"east":{"uv":[12,1.33333,12.66667,1.66667],"texture":"#3"},"south":{"uv":[12.66667,0.66667,13,1],"texture":"#3"},"west":{"uv":[2,12,2.66667,12.33333],"texture":"#3"},"up":{"uv":[12.33333,2.66667,12,2],"texture":"#3"},"down":{"uv":[3,12,2.66667,12.66667],"texture":"#3"}}},{"from":[7.5,17.89267,5.05324],"to":[8.5,18.39267,5.55324],"rotation":{"angle":0,"axis":"y","origin":[8,18.14267,5.17824]},"faces":{"north":{"uv":[12,2.66667,12.66667,3],"texture":"#3"},"south":{"uv":[3.33333,12,4,12.33333],"texture":"#3"},"up":{"uv":[12.66667,3.66667,12,3.33333],"texture":"#3"},"down":{"uv":[4.66667,12,4,12.33333],"texture":"#3"}}},{"from":[6.5,18.5,11.5],"to":[9.5,19,14.5],"rotation":{"angle":-22.5,"axis":"x","origin":[8,18.0625,13]},"faces":{"north":{"uv":[12,2.66667,10,3],"texture":"#3"},"east":{"uv":[12,2,10,2.33333],"texture":"#3"},"south":{"uv":[12,1.33333,10,1.66667],"texture":"#3"},"west":{"uv":[5.33333,10,3.33333,10.33333],"texture":"#3"},"up":{"uv":[5.33333,2.66667,3.33333,4.66667],"texture":"#3"},"down":{"uv":[5.33333,6.66667,3.33333,4.66667],"texture":"#3"}}},{"from":[7,19,12],"to":[9,19.25,14],"rotation":{"angle":-22.5,"axis":"x","origin":[8,18.0625,13]},"faces":{"north":{"uv":[12,8,10.66667,8.33333],"texture":"#3"},"east":{"uv":[12,7.33333,10.66667,7.66667],"texture":"#3"},"south":{"uv":[8.66667,10.66667,7.33333,11],"texture":"#3"},"west":{"uv":[10,10.66667,8.66667,11],"texture":"#3"},"up":{"uv":[6.66667,6.66667,5.33333,8],"texture":"#3"}}},{"from":[6.9,16.9,11.9],"to":[9.1,18.5,14.1],"rotation":{"angle":-22.5,"axis":"x","origin":[8,18.0625,13]},"faces":{"north":{"uv":[9.33333,7.33333,8,8.33333],"texture":"#3"},"east":{"uv":[8,8,6.66667,9],"texture":"#3"},"south":{"uv":[9.33333,6,8,7],"texture":"#3"},"west":{"uv":[10,0,8.66667,1],"texture":"#3"},"down":{"uv":[8,8,6.66667,6.66667],"texture":"#3"}}},{"from":[6.75,16.75,13.75],"to":[7.25,17.25,14.25],"rotation":{"angle":-22.5,"axis":"x","origin":[8,18.0625,13]},"faces":{"north":{"uv":[12.33333,4.66667,12,5],"texture":"#3"},"east":{"uv":[5,12,4.66667,12.33333],"texture":"#3"},"south":{"uv":[12.33333,4,12,4.33333],"texture":"#3"},"west":{"uv":[5.66667,12,5.33333,12.33333],"texture":"#3"},"up":{"uv":[12.33333,5.33333,12,5.66667],"texture":"#3"},"down":{"uv":[6.33333,12.33333,6,12],"texture":"#3"}}},{"from":[8.75,16.75,13.75],"to":[9.25,17.25,14.25],"rotation":{"angle":-22.5,"axis":"x","origin":[8,18.0625,13]},"faces":{"north":{"uv":[12.33333,6.66667,12,7],"texture":"#3"},"east":{"uv":[7,12,6.66667,12.33333],"texture":"#3"},"south":{"uv":[12.33333,6,12,6.33333],"texture":"#3"},"west":{"uv":[7.66667,12,7.33333,12.33333],"texture":"#3"},"up":{"uv":[12.33333,7.33333,12,7.66667],"texture":"#3"},"down":{"uv":[8.33333,12.33333,8,12],"texture":"#3"}}},{"from":[6.75,16.75,11.75],"to":[7.25,17.25,12.25],"rotation":{"angle":-22.5,"axis":"x","origin":[8,18.0625,13]},"faces":{"north":{"uv":[12.33333,8.66667,12,9],"texture":"#3"},"east":{"uv":[9,12,8.66667,12.33333],"texture":"#3"},"south":{"uv":[12.33333,8,12,8.33333],"texture":"#3"},"west":{"uv":[9.66667,12,9.33333,12.33333],"texture":"#3"},"up":{"uv":[12.33333,9.33333,12,9.66667],"texture":"#3"},"down":{"uv":[10.33333,12.33333,10,12],"texture":"#3"}}},{"from":[8.75,16.75,11.75],"to":[9.25,17.25,12.25],"rotation":{"angle":-22.5,"axis":"x","origin":[8,18.0625,13]},"faces":{"north":{"uv":[12.33333,10.66667,12,11],"texture":"#3"},"east":{"uv":[11,12,10.66667,12.33333],"texture":"#3"},"south":{"uv":[12.33333,10,12,10.33333],"texture":"#3"},"west":{"uv":[11.66667,12,11.33333,12.33333],"texture":"#3"},"up":{"uv":[12.33333,11.33333,12,11.66667],"texture":"#3"},"down":{"uv":[12.33333,12.33333,12,12],"texture":"#3"}}},{"from":[7,17.89267,14.55324],"to":[7.5,18.39267,15.55324],"rotation":{"angle":-45,"axis":"x","origin":[8,18.0625,13]},"faces":{"east":{"uv":[8,11.33333,7.33333,11.66667],"texture":"#3"},"south":{"uv":[0.33333,12.66667,0,13],"texture":"#3"},"west":{"uv":[8.66667,11.33333,8,11.66667],"texture":"#3"},"up":{"uv":[9,11.33333,8.66667,12],"texture":"#3"},"down":{"uv":[11.66667,9.33333,11.33333,8.66667],"texture":"#3"}}},{"from":[8.5,17.89267,14.55324],"to":[9,18.39267,15.55324],"rotation":{"angle":-45,"axis":"x","origin":[8,18.0625,13]},"faces":{"east":{"uv":[10,11.33333,9.33333,11.66667],"texture":"#3"},"south":{"uv":[13,0,12.66667,0.33333],"texture":"#3"},"west":{"uv":[12,9.33333,11.33333,9.66667],"texture":"#3"},"up":{"uv":[10.33333,11.33333,10,12],"texture":"#3"},"down":{"uv":[11.66667,10.66667,11.33333,10],"texture":"#3"}}},{"from":[7.5,17.89267,15.05324],"to":[8.5,18.39267,15.55324],"rotation":{"angle":-45,"axis":"x","origin":[8,18.0625,13]},"faces":{"north":{"uv":[12,10.66667,11.33333,11],"texture":"#3"},"south":{"uv":[11.33333,11.33333,10.66667,11.66667],"texture":"#3"},"up":{"uv":[12,11.33333,11.33333,11.66667],"texture":"#3"},"down":{"uv":[0.66667,12.33333,0,12],"texture":"#3"}}},{"from":[7,17.89267,10.44676],"to":[7.5,18.39267,11.44676],"rotation":{"angle":0,"axis":"y","origin":[8,18.14267,10.82176]},"faces":{"north":{"uv":[1,12.66667,0.66667,13],"texture":"#3"},"east":{"uv":[12.66667,0,12,0.33333],"texture":"#3"},"west":{"uv":[1.33333,12,0.66667,12.33333],"texture":"#3"},"up":{"uv":[12.33333,0.66667,12,1.33333],"texture":"#3"},"down":{"uv":[1.66667,12.66667,1.33333,12],"texture":"#3"}}},{"from":[8.5,17.89267,10.44676],"to":[9,18.39267,11.44676],"rotation":{"angle":0,"axis":"y","origin":[8,18.14267,10.82176]},"faces":{"north":{"uv":[13,0.66667,12.66667,1],"texture":"#3"},"east":{"uv":[12.66667,1.33333,12,1.66667],"texture":"#3"},"west":{"uv":[2.66667,12,2,12.33333],"texture":"#3"},"up":{"uv":[12.33333,2,12,2.66667],"texture":"#3"},"down":{"uv":[3,12.66667,2.66667,12],"texture":"#3"}}},{"from":[7.5,17.89267,10.44676],"to":[8.5,18.39267,10.94676],"rotation":{"angle":0,"axis":"y","origin":[8,18.14267,10.82176]},"faces":{"north":{"uv":[4,12,3.33333,12.33333],"texture":"#3"},"south":{"uv":[12.66667,2.66667,12,3],"texture":"#3"},"up":{"uv":[12.66667,3.33333,12,3.66667],"texture":"#3"},"down":{"uv":[4.66667,12.33333,4,12],"texture":"#3"}}},{"from":[7.985,18.75266,2.5],"to":[8.015,22.75266,13.5],"rotation":{"angle":0,"axis":"y","origin":[7.985,18.75266,2.5]},"faces":{"east":{"uv":[7.33333,0,0,2.66667],"texture":"#3"},"west":{"uv":[0,0,7.33333,2.66667],"texture":"#3"}}}],"gui_light":"front","display":{"thirdperson_righthand":{"translation":[0,-2,1]},"thirdperson_lefthand":{"translation":[0,-2,1]},"firstperson_righthand":{"rotation":[-10,0,0],"translation":[1,-4,-1.5]},"firstperson_lefthand":{"rotation":[-10,0,0],"translation":[1,-4,-1.5]},"ground":{"rotation":[-45,0,0],"translation":[0,5,0],"scale":[0.7,0.7,0.7]},"gui":{"rotation":[-90,45,90],"translation":[1.75,-1.75,0],"scale":[0.7,0.7,0.7]},"head":{"rotation":[0,-90,0]},"fixed":{"rotation":[0,-90,0],"translation":[0,0,-1.5],"scale":[2,2,2]}}}