{
	"credit": "Made with Blockbench",
	"texture_size": [64, 64],
	"textures": {
		"0": "elitecreatures:thanks_giving_2023_v1/crossbow_texture",
		"particle": "elitecreatures:thanks_giving_2023_v1/crossbow_texture"
	},
	"elements": [
		{
			"from": [6, 0, 21],
			"to": [10, 5, 25],
			"rotation": {"angle": -22.5, "axis": "x", "origin": [9, 5, 21]},
			"faces": {
				"north": {"uv": [5.5, 6.75, 6.5, 8], "texture": "#0"},
				"east": {"uv": [5.5, 4.75, 6.5, 6], "texture": "#0"},
				"south": {"uv": [0, 6.5, 1, 7.75], "texture": "#0"},
				"west": {"uv": [1, 6.5, 2, 7.75], "texture": "#0"},
				"up": {"uv": [8, 10, 7, 9], "rotation": 90, "texture": "#0"},
				"down": {"uv": [4.75, 9.25, 3.75, 10.25], "rotation": 270, "texture": "#0"}
			}
		},
		{
			"from": [5.975, -5.6194, 19.08658],
			"to": [9.975, 0.3806, 23.08658],
			"rotation": {"angle": -45, "axis": "x", "origin": [9, 5, 21]},
			"faces": {
				"north": {"uv": [8, 5, 6.5, 5.9875], "rotation": 90, "texture": "#0"},
				"east": {"uv": [3.5, 3, 5, 4], "rotation": 270, "texture": "#0"},
				"south": {"uv": [8, 4.9875, 6.5, 4], "rotation": 90, "texture": "#0"},
				"west": {"uv": [5, 3, 3.5, 4], "rotation": 90, "texture": "#0"},
				"up": {"uv": [1, 8.75, 1.9875, 9.75], "rotation": 180, "texture": "#0"},
				"down": {"uv": [0, 8.75, 0.9875, 9.75], "texture": "#0"}
			}
		},
		{
			"from": [5.975, -7.6194, 18.08658],
			"to": [9.975, -5.6194, 23.08658],
			"rotation": {"angle": -45, "axis": "x", "origin": [9, 5, 21]},
			"faces": {
				"north": {"uv": [11.875, 12.75, 11.375, 13.75], "rotation": 90, "texture": "#0"},
				"east": {"uv": [9.375, 13, 9.875, 14.25], "rotation": 270, "texture": "#0"},
				"south": {"uv": [11.875, 12.75, 11.375, 11.75], "rotation": 90, "texture": "#0"},
				"west": {"uv": [9.875, 13, 9.375, 14.25], "rotation": 90, "texture": "#0"},
				"up": {"uv": [10.375, 11.75, 11.375, 13], "rotation": 180, "texture": "#0"},
				"down": {"uv": [9.375, 11.75, 10.375, 13], "texture": "#0"}
			}
		},
		{
			"from": [1, 6, 22],
			"to": [5, 9, 25],
			"rotation": {"angle": 0, "axis": "y", "origin": [8, 1, 26]},
			"faces": {
				"north": {"uv": [11.25, 5.75, 10.5, 6.75], "rotation": 90, "texture": "#0"},
				"east": {"uv": [10.5, 9.25, 11.25, 10], "rotation": 270, "texture": "#0"},
				"south": {"uv": [5.5, 10.25, 4.75, 9.25], "rotation": 90, "texture": "#0"},
				"west": {"uv": [9.5, 10.5, 10.25, 11.25], "rotation": 90, "texture": "#0"},
				"up": {"uv": [10.5, 5, 11.5, 5.75], "rotation": 180, "texture": "#0"},
				"down": {"uv": [5, 10.5, 6, 11.25], "texture": "#0"}
			}
		},
		{
			"from": [-10.6194, 9.025, 2.08658],
			"to": [-2.6194, 12.975, 7.08658],
			"rotation": {"angle": 45, "axis": "y", "origin": [2, 11, 4]},
			"faces": {
				"north": {"uv": [6.5, 7, 8.5, 6], "texture": "#0"},
				"east": {"uv": [2, 10, 3, 8.75], "rotation": 270, "texture": "#0"},
				"south": {"uv": [2, 6.75, 4, 7.75], "rotation": 180, "texture": "#0"},
				"west": {"uv": [8.5, 10, 9.5, 8.75], "rotation": 90, "texture": "#0"},
				"up": {"uv": [2, 4.5, 0, 5.75], "texture": "#0"},
				"down": {"uv": [7.5, 0, 5.5, 1.25], "rotation": 180, "texture": "#0"}
			}
		},
		{
			"from": [-11, 11, 6.25],
			"to": [-3, 11, 13.25],
			"rotation": {"angle": -22.5, "axis": "y", "origin": [-3, 11, 6.25]},
			"faces": {
				"north": {"uv": [6.5, 6, 8.5, 6], "texture": "#0"},
				"east": {"uv": [2, 10.5, 2, 8.75], "rotation": 270, "texture": "#0"},
				"south": {"uv": [2, 6.75, 4, 6.75], "rotation": 180, "texture": "#0"},
				"west": {"uv": [8.5, 10.5, 8.5, 8.75], "rotation": 90, "texture": "#0"},
				"up": {"uv": [11.625, 7.5, 13.375, 9.5], "rotation": 270, "texture": "#0"},
				"down": {"uv": [13.375, 7.5, 11.625, 9.5], "rotation": 270, "texture": "#0"}
			}
		},
		{
			"from": [8, 1, 15.25],
			"to": [8, 7, 22.25],
			"rotation": {"angle": 22.5, "axis": "x", "origin": [8, 0, 17.25]},
			"faces": {
				"north": {"uv": [8.5, 6, 6.5, 6], "rotation": 270, "texture": "#0"},
				"east": {"uv": [11.625, 11.25, 13.375, 9.75], "texture": "#0"},
				"south": {"uv": [4, 6.75, 2, 6.75], "rotation": 270, "texture": "#0"},
				"west": {"uv": [13.375, 11.25, 11.625, 9.75], "texture": "#0"},
				"up": {"uv": [2, 8.75, 2, 10.5], "texture": "#0"},
				"down": {"uv": [8.5, 8.75, 8.5, 10.5], "rotation": 180, "texture": "#0"}
			}
		},
		{
			"from": [-4.597, 10, 14.92657],
			"to": [-0.597, 12, 22.92657],
			"rotation": {"angle": -22.5, "axis": "y", "origin": [2, 11, 4]},
			"faces": {
				"north": {"uv": [8, 10, 8.5, 9], "rotation": 270, "texture": "#0"},
				"east": {"uv": [9.75, 2.5, 11.75, 3], "rotation": 180, "texture": "#0"},
				"south": {"uv": [10.25, 11.75, 10.75, 10.75], "rotation": 90, "texture": "#0"},
				"west": {"uv": [9, 3.5, 11, 3], "texture": "#0"},
				"up": {"uv": [9, 2.5, 7, 3.5], "rotation": 270, "texture": "#0"},
				"down": {"uv": [7, 2.5, 9, 3.5], "rotation": 270, "texture": "#0"}
			}
		},
		{
			"from": [2.5, 9.025, 7.025],
			"to": [6.5, 11.975, 9.975],
			"rotation": {"angle": 0, "axis": "y", "origin": [8, 1, 20]},
			"faces": {
				"north": {"uv": [11.25, 5.75, 10.5, 6.75], "rotation": 90, "texture": "#0"},
				"east": {"uv": [10.5, 9.25, 11.25, 10], "rotation": 270, "texture": "#0"},
				"south": {"uv": [5.5, 10.25, 4.75, 9.25], "rotation": 90, "texture": "#0"},
				"west": {"uv": [9.5, 10.5, 10.25, 11.25], "rotation": 90, "texture": "#0"},
				"up": {"uv": [10.5, 5, 11.5, 5.75], "rotation": 180, "texture": "#0"},
				"down": {"uv": [5, 10.5, 6, 11.25], "texture": "#0"}
			}
		},
		{
			"from": [-2.5, 9, 4.75],
			"to": [4.5, 13, 11.75],
			"rotation": {"angle": 0, "axis": "y", "origin": [9, -20, -1]},
			"faces": {
				"north": {"uv": [15.875, 3.25, 14.125, 2.25], "texture": "#0"},
				"east": {"uv": [15.625, 3.25, 13.875, 2.25], "texture": "#0"},
				"south": {"uv": [15.75, 3.25, 14, 2.25], "texture": "#0"},
				"west": {"uv": [15.75, 3.25, 14, 2.25], "texture": "#0"},
				"up": {"uv": [15.75, 2, 14, 0.25], "rotation": 90, "texture": "#0"},
				"down": {"uv": [15.75, 5.25, 14, 3.5], "rotation": 270, "texture": "#0"}
			}
		},
		{
			"from": [-0.5, 13, 6.75],
			"to": [2.5, 15, 9.75],
			"rotation": {"angle": 0, "axis": "y", "origin": [9, -20, -1]},
			"faces": {
				"north": {"uv": [13.75, 5.5, 13, 5], "texture": "#0"},
				"east": {"uv": [13.5, 5.5, 12.75, 5], "texture": "#0"},
				"south": {"uv": [13.625, 5.5, 12.875, 5], "texture": "#0"},
				"west": {"uv": [13.625, 5.5, 12.875, 5], "texture": "#0"},
				"up": {"uv": [13.625, 5, 12.875, 4.25], "rotation": 90, "texture": "#0"},
				"down": {"uv": [13.625, 5, 12.875, 4.25], "rotation": 270, "texture": "#0"}
			}
		},
		{
			"from": [18.6194, 9.025, 2.08658],
			"to": [26.6194, 12.975, 7.08658],
			"rotation": {"angle": -45, "axis": "y", "origin": [14, 11, 4]},
			"faces": {
				"north": {"uv": [8.5, 7, 6.5, 6], "texture": "#0"},
				"east": {"uv": [8.5, 8.75, 9.5, 10], "rotation": 90, "texture": "#0"},
				"south": {"uv": [4, 6.75, 2, 7.75], "rotation": 180, "texture": "#0"},
				"west": {"uv": [2, 8.75, 3, 10], "rotation": 270, "texture": "#0"},
				"up": {"uv": [0, 4.5, 2, 5.75], "texture": "#0"},
				"down": {"uv": [5.5, 0, 7.5, 1.25], "rotation": 180, "texture": "#0"}
			}
		},
		{
			"from": [19, 11, 6.25],
			"to": [27, 11, 13.25],
			"rotation": {"angle": 22.5, "axis": "y", "origin": [19, 11, 6.25]},
			"faces": {
				"north": {"uv": [8.5, 6, 6.5, 6], "texture": "#0"},
				"east": {"uv": [8.5, 8.75, 8.5, 10.5], "rotation": 90, "texture": "#0"},
				"south": {"uv": [4, 6.75, 2, 6.75], "rotation": 180, "texture": "#0"},
				"west": {"uv": [2, 8.75, 2, 10.5], "rotation": 270, "texture": "#0"},
				"up": {"uv": [11.625, 9.5, 13.375, 7.5], "rotation": 270, "texture": "#0"},
				"down": {"uv": [13.375, 9.5, 11.625, 7.5], "rotation": 270, "texture": "#0"}
			}
		},
		{
			"from": [16.597, 10, 14.92657],
			"to": [20.597, 12, 22.92657],
			"rotation": {"angle": 22.5, "axis": "y", "origin": [14, 11, 4]},
			"faces": {
				"north": {"uv": [8, 9, 8.5, 10], "rotation": 270, "texture": "#0"},
				"east": {"uv": [11, 3.5, 9, 3], "texture": "#0"},
				"south": {"uv": [10.25, 10.75, 10.75, 11.75], "rotation": 90, "texture": "#0"},
				"west": {"uv": [11.75, 2.5, 9.75, 3], "rotation": 180, "texture": "#0"},
				"up": {"uv": [9, 3.5, 7, 2.5], "rotation": 270, "texture": "#0"},
				"down": {"uv": [7, 3.5, 9, 2.5], "rotation": 270, "texture": "#0"}
			}
		},
		{
			"from": [9.5, 9.025, 7.025],
			"to": [13.5, 11.975, 9.975],
			"rotation": {"angle": 0, "axis": "y", "origin": [8, 1, 20]},
			"faces": {
				"north": {"uv": [11.25, 6.75, 10.5, 5.75], "rotation": 90, "texture": "#0"},
				"east": {"uv": [9.5, 11.25, 10.25, 10.5], "rotation": 90, "texture": "#0"},
				"south": {"uv": [5.5, 9.25, 4.75, 10.25], "rotation": 90, "texture": "#0"},
				"west": {"uv": [10.5, 10, 11.25, 9.25], "rotation": 270, "texture": "#0"},
				"up": {"uv": [11.5, 5, 10.5, 5.75], "rotation": 180, "texture": "#0"},
				"down": {"uv": [6, 10.5, 5, 11.25], "texture": "#0"}
			}
		},
		{
			"from": [11.5, 9, 4.75],
			"to": [18.5, 13, 11.75],
			"rotation": {"angle": 0, "axis": "y", "origin": [7, -20, -1]},
			"faces": {
				"north": {"uv": [14.125, 3.25, 15.875, 2.25], "texture": "#0"},
				"east": {"uv": [14, 3.25, 15.75, 2.25], "texture": "#0"},
				"south": {"uv": [14, 3.25, 15.75, 2.25], "texture": "#0"},
				"west": {"uv": [13.875, 3.25, 15.625, 2.25], "texture": "#0"},
				"up": {"uv": [15.75, 0.25, 14, 2], "rotation": 90, "texture": "#0"},
				"down": {"uv": [15.75, 3.5, 14, 5.25], "rotation": 270, "texture": "#0"}
			}
		},
		{
			"from": [13.5, 13, 6.75],
			"to": [16.5, 15, 9.75],
			"rotation": {"angle": 0, "axis": "y", "origin": [7, -20, -1]},
			"faces": {
				"north": {"uv": [13, 5.5, 13.75, 5], "texture": "#0"},
				"east": {"uv": [12.875, 5.5, 13.625, 5], "texture": "#0"},
				"south": {"uv": [12.875, 5.5, 13.625, 5], "texture": "#0"},
				"west": {"uv": [12.75, 5.5, 13.5, 5], "texture": "#0"},
				"up": {"uv": [13.625, 4.25, 12.875, 5], "rotation": 90, "texture": "#0"},
				"down": {"uv": [13.625, 4.25, 12.875, 5], "rotation": 270, "texture": "#0"}
			}
		},
		{
			"from": [7, 9, 21],
			"to": [9, 12, 25],
			"rotation": {"angle": -22.5, "axis": "x", "origin": [8, 9, 25]},
			"faces": {
				"north": {"uv": [10.5, 4.25, 11, 5], "texture": "#0"},
				"east": {"uv": [10.5, 0, 11.5, 0.75], "texture": "#0"},
				"south": {"uv": [10.5, 0.75, 11, 1.5], "texture": "#0"},
				"west": {"uv": [11.5, 0, 10.5, 0.75], "texture": "#0"},
				"up": {"uv": [10.5, 8, 9.5, 7.5], "rotation": 90, "texture": "#0"},
				"down": {"uv": [10.5, 8.5, 9.5, 9], "rotation": 270, "texture": "#0"}
			}
		},
		{
			"from": [8.475, 8, 10],
			"to": [10.525, 11.975, 21],
			"rotation": {"angle": 0, "axis": "y", "origin": [16, -9, 15]},
			"faces": {
				"north": {"uv": [6.25, 12, 6.75, 13], "texture": "#0"},
				"east": {"uv": [3.5, 13, 6.25, 14], "texture": "#0"},
				"south": {"uv": [6.75, 12, 7.25, 13], "texture": "#0"},
				"west": {"uv": [6.25, 13, 3.5, 14], "texture": "#0"},
				"up": {"uv": [6.25, 12.5, 3.5, 12], "rotation": 90, "texture": "#0"},
				"down": {"uv": [6.25, 12.5, 3.5, 13], "rotation": 270, "texture": "#0"}
			}
		},
		{
			"from": [5.475, 8, 10],
			"to": [7.525, 11.975, 21],
			"rotation": {"angle": 0, "axis": "y", "origin": [0, -9, 15]},
			"faces": {
				"north": {"uv": [6.75, 12, 6.25, 13], "texture": "#0"},
				"east": {"uv": [3.5, 13, 6.25, 14], "texture": "#0"},
				"south": {"uv": [7.25, 12, 6.75, 13], "texture": "#0"},
				"west": {"uv": [6.25, 13, 3.5, 14], "texture": "#0"},
				"up": {"uv": [6.25, 12, 3.5, 12.5], "rotation": 90, "texture": "#0"},
				"down": {"uv": [6.25, 13, 3.5, 12.5], "rotation": 270, "texture": "#0"}
			}
		},
		{
			"from": [10.475, 10, 2],
			"to": [12.525, 11.975, 7],
			"rotation": {"angle": 0, "axis": "y", "origin": [0, -9, 15]},
			"faces": {
				"north": {"uv": [10.5125, 6, 10, 6.49375], "texture": "#0"},
				"east": {"uv": [8.625, 7, 9.875, 7.49375], "texture": "#0"},
				"south": {"uv": [10.5125, 6.5, 10, 6.99375], "texture": "#0"},
				"west": {"uv": [9.875, 7, 8.625, 7.49375], "texture": "#0"},
				"up": {"uv": [9.875, 6, 8.625, 6.5125], "rotation": 90, "texture": "#0"},
				"down": {"uv": [9.875, 7.0125, 8.625, 6.5], "rotation": 270, "texture": "#0"}
			}
		},
		{
			"from": [3.475, 10, 2],
			"to": [5.525, 11.975, 7],
			"rotation": {"angle": 0, "axis": "y", "origin": [16, -9, 15]},
			"faces": {
				"north": {"uv": [10, 6, 10.5125, 6.49375], "texture": "#0"},
				"east": {"uv": [8.625, 7, 9.875, 7.49375], "texture": "#0"},
				"south": {"uv": [10, 6.5, 10.5125, 6.99375], "texture": "#0"},
				"west": {"uv": [9.875, 7, 8.625, 7.49375], "texture": "#0"},
				"up": {"uv": [9.875, 6.5125, 8.625, 6], "rotation": 90, "texture": "#0"},
				"down": {"uv": [9.875, 6.5, 8.625, 7.0125], "rotation": 270, "texture": "#0"}
			}
		},
		{
			"from": [5.475, 10.5, 3],
			"to": [10.525, 11.475, 4],
			"rotation": {"angle": 0, "axis": "y", "origin": [16, -9, 15]},
			"faces": {
				"north": {"uv": [11.5, 5, 12.7625, 5.24375], "texture": "#0"},
				"east": {"uv": [11.625, 4.75, 11.875, 4.99375], "texture": "#0"},
				"south": {"uv": [11.5, 5.25, 12.7625, 5.49375], "texture": "#0"},
				"west": {"uv": [11.875, 4.75, 11.625, 4.99375], "texture": "#0"},
				"up": {"uv": [12.125, 5.0125, 11.875, 3.75], "rotation": 90, "texture": "#0"},
				"down": {"uv": [12.375, 3.75, 12.125, 5.0125], "rotation": 270, "texture": "#0"}
			}
		},
		{
			"from": [7.025, 5, 12],
			"to": [8.975, 7.975, 20],
			"rotation": {"angle": 22.5, "axis": "x", "origin": [8, 4.9875, 20]},
			"faces": {
				"north": {"uv": [6.25, 13, 6.75, 13.74375], "texture": "#0"},
				"east": {"uv": [7.25, 13, 9.25, 13.74375], "texture": "#0"},
				"south": {"uv": [6.75, 13, 7.25, 13.74375], "texture": "#0"},
				"west": {"uv": [9.25, 13, 7.25, 13.74375], "texture": "#0"},
				"up": {"uv": [9.25, 12.5, 7.25, 12], "rotation": 90, "texture": "#0"},
				"down": {"uv": [9.25, 12.5, 7.25, 13], "rotation": 270, "texture": "#0"}
			}
		},
		{
			"from": [5, 5, 20],
			"to": [11, 9, 26],
			"rotation": {"angle": 0, "axis": "y", "origin": [16, -5, 16]},
			"faces": {
				"north": {"uv": [7.5, 0, 9, 1], "texture": "#0"},
				"east": {"uv": [2, 4.5, 3.5, 5.5], "texture": "#0"},
				"south": {"uv": [7.5, 0, 9, 1], "texture": "#0"},
				"west": {"uv": [2, 4.5, 3.5, 5.5], "texture": "#0"},
				"up": {"uv": [7, 4, 5.5, 2.5], "rotation": 90, "texture": "#0"},
				"down": {"uv": [5.5, 5.5, 4, 7], "rotation": 270, "texture": "#0"}
			}
		},
		{
			"from": [8, 10, -5],
			"to": [8, 13, 27],
			"rotation": {"angle": 0, "axis": "y", "origin": [7, 12.5, 16]},
			"faces": {
				"north": {"uv": [7.5, 0, 7.5, 0.75], "texture": "#0"},
				"east": {"uv": [15, 15.25, 7, 16], "texture": "#0"},
				"south": {"uv": [7.5, 0, 7.5, 0.75], "texture": "#0"},
				"west": {"uv": [7, 15.25, 15, 16], "texture": "#0"},
				"up": {"uv": [13.5, 2.5, 5.5, 2.5], "rotation": 90, "texture": "#0"},
				"down": {"uv": [12, 5.5, 4, 5.5], "rotation": 270, "texture": "#0"}
			}
		},
		{
			"from": [6.5, 11.5, -5],
			"to": [9.5, 11.5, 27],
			"rotation": {"angle": 0, "axis": "y", "origin": [7, 12.5, 16]},
			"faces": {
				"north": {"uv": [7.5, 0, 7.5, 0.75], "rotation": 270, "texture": "#0"},
				"east": {"uv": [13.5, 2.5, 5.5, 2.5], "rotation": 180, "texture": "#0"},
				"south": {"uv": [7.5, 0, 7.5, 0.75], "rotation": 90, "texture": "#0"},
				"west": {"uv": [12, 5.5, 4, 5.5], "texture": "#0"},
				"up": {"uv": [7, 15.25, 15, 16], "rotation": 90, "texture": "#0"},
				"down": {"uv": [15, 15.25, 7, 16], "rotation": 90, "texture": "#0"}
			}
		},
		{
			"from": [4, 9.05, 7.5],
			"to": [12, 12, 10.5],
			"rotation": {"angle": 45, "axis": "y", "origin": [8, 10.5, 9]},
			"faces": {
				"north": {"uv": [4, 5.75, 2, 6.5], "texture": "#0"},
				"east": {"uv": [1.5, 10, 2.25, 10.75], "rotation": 270, "texture": "#0"},
				"south": {"uv": [7.5, 2.25, 5.5, 1.5], "rotation": 180, "texture": "#0"},
				"west": {"uv": [0, 10, 0.75, 10.75], "rotation": 90, "texture": "#0"},
				"up": {"uv": [8.5, 5.25, 10.5, 6], "rotation": 180, "texture": "#0"},
				"down": {"uv": [8.5, 4.5, 10.5, 5.25], "texture": "#0"}
			}
		},
		{
			"from": [4, 8.5, 7.5],
			"to": [12, 12.5, 10.5],
			"rotation": {"angle": -45, "axis": "y", "origin": [8, 10.5, 9]},
			"faces": {
				"north": {"uv": [5.5, 1.75, 3.5, 2.75], "texture": "#0"},
				"east": {"uv": [9.25, 0.75, 10.25, 1.5], "rotation": 270, "texture": "#0"},
				"south": {"uv": [5.375, 1.25, 3.375, 0.25], "rotation": 180, "texture": "#0"},
				"west": {"uv": [9.25, 0, 10.25, 0.75], "rotation": 90, "texture": "#0"},
				"up": {"uv": [8.5, 6.75, 10.5, 7.5], "rotation": 180, "texture": "#0"},
				"down": {"uv": [8.5, 6, 10.5, 6.75], "texture": "#0"}
			}
		},
		{
			"from": [7, 11, 18],
			"to": [24, 11, 21],
			"rotation": {"angle": 22.5, "axis": "y", "origin": [24, 11, 19.5]},
			"faces": {
				"north": {"uv": [7.5, 0, 7.5, 4.5], "rotation": 90, "texture": "#0"},
				"east": {"uv": [4.75, 5.5, 4, 5.5], "rotation": 180, "texture": "#0"},
				"south": {"uv": [7.5, 0, 7.5, 4.5], "rotation": 270, "texture": "#0"},
				"west": {"uv": [6.25, 2.5, 5.5, 2.5], "texture": "#0"},
				"up": {"uv": [16, 11.5, 15.25, 15.5], "rotation": 270, "texture": "#0"},
				"down": {"uv": [15.25, 11.5, 16, 15.5], "rotation": 270, "texture": "#0"}
			}
		},
		{
			"from": [-8, 11, 18],
			"to": [10, 11, 21],
			"rotation": {"angle": -22.5, "axis": "y", "origin": [-8, 11, 19.5]},
			"faces": {
				"north": {"uv": [7.5, 4.5, 7.5, 0], "rotation": 90, "texture": "#0"},
				"east": {"uv": [5.5, 2.5, 6.25, 2.5], "texture": "#0"},
				"south": {"uv": [7.5, 4.5, 7.5, 0], "rotation": 270, "texture": "#0"},
				"west": {"uv": [4, 5.5, 4.75, 5.5], "rotation": 180, "texture": "#0"},
				"up": {"uv": [16, 16, 15.25, 11.5], "rotation": 270, "texture": "#0"},
				"down": {"uv": [15.25, 16, 16, 11.5], "rotation": 270, "texture": "#0"}
			}
		}
	],
	"gui_light": "front",
	"display": {
		"thirdperson_righthand": {
			"translation": [0, 2.25, -6.75],
			"scale": [0.6, 0.6, 0.6]
		},
		"thirdperson_lefthand": {
			"translation": [0, 2.25, -6.75],
			"scale": [0.6, 0.6, 0.6]
		},
		"firstperson_righthand": {
			"rotation": [0, -10, 0],
			"translation": [1.88, 1.2, -2.75],
			"scale": [0.43867, 0.43867, 0.43867]
		},
		"firstperson_lefthand": {
			"rotation": [0, -11, 0],
			"translation": [1.63, 1.2, -2.75],
			"scale": [0.43867, 0.43867, 0.43867]
		},
		"ground": {
			"translation": [0, 4.25, 0],
			"scale": [0.5, 0.5, 0.5]
		},
		"gui": {
			"rotation": [39, 45, 0],
			"translation": [-1.5, 1.5, 0],
			"scale": [0.42, 0.42, 0.42]
		},
		"fixed": {
			"rotation": [-116, 0, 0],
			"translation": [0, -5.5, -4.25]
		}
	},
	"groups": [
		0,
		{
			"name": "group",
			"origin": [15, 25, 8],
			"color": 0,
			"boneType": "",
			"children": [
				{
					"name": "group",
					"origin": [20.12132, 19.80761, 8],
					"color": 0,
					"boneType": "",
					"children": []
				},
				1,
				2,
				3
			]
		},
		{
			"name": "group",
			"origin": [8, 23, 1],
			"color": 0,
			"boneType": "",
			"children": [
				4,
				5,
				6,
				7,
				8,
				{
					"name": "group",
					"origin": [8, 29.5, 8.75],
					"color": 0,
					"boneType": "",
					"children": [9, 10]
				}
			]
		},
		{
			"name": "group",
			"origin": [8, 23, 1],
			"color": 0,
			"boneType": "",
			"children": [
				11,
				12,
				13,
				14,
				{
					"name": "group",
					"origin": [8, 29.5, 8.75],
					"color": 0,
					"boneType": "",
					"children": [15, 16]
				}
			]
		},
		17,
		18,
		19,
		20,
		21,
		22,
		23,
		24,
		{
			"name": "group",
			"origin": [7, 12.5, 6],
			"color": 0,
			"boneType": "",
			"children": [25, 26]
		},
		27,
		28,
		29,
		30
	]
}