{"elements":[{"from":[4.8,5.714286,2.9714284],"to":[11.2,8.457143,8.457143],"rotation":{"angle":-22.5,"axis":"x","origin":[8.0,6.857143,5.714286]},"faces":{"east":{"uv":[9.5,1.25,12.0,2.5],"rotation":0,"texture":"#0","tintindex":0},"south":{"uv":[7.5,6.25,10.25,7.5],"rotation":0,"texture":"#0","tintindex":0},"north":{"uv":[5.25,7.5,8.0,8.75],"rotation":0,"texture":"#0","tintindex":0},"west":{"uv":[9.5,2.5,12.0,3.75],"rotation":0,"texture":"#0","tintindex":0},"up":{"uv":[5.5,2.5,2.75,0.0],"rotation":0,"texture":"#0","tintindex":0},"down":{"uv":[5.5,2.5,2.75,5.0],"rotation":0,"texture":"#0","tintindex":0}}},{"from":[4.8,8.428572,2.9714284],"to":[11.2,11.171429,8.457143],"rotation":{"angle":-22.5,"axis":"x","origin":[8.0,6.857143,5.714286]},"faces":{"east":{"uv":[4.0,8.75,6.5,10.0],"rotation":0,"texture":"#0","tintindex":0},"south":{"uv":[7.5,5.0,10.25,6.25],"rotation":0,"texture":"#0","tintindex":0},"north":{"uv":[2.5,7.5,5.25,8.75],"rotation":0,"texture":"#0","tintindex":0},"west":{"uv":[9.5,0.0,12.0,1.25],"rotation":0,"texture":"#0","tintindex":0},"up":{"uv":[2.75,2.5,0.0,0.0],"rotation":0,"texture":"#0","tintindex":0},"down":{"uv":[2.75,2.5,0.0,5.0],"rotation":0,"texture":"#0","tintindex":0}}}],"textures":{"0":"modelengine:entity/lostasset_mob5_crystalrock"},"display":{"head":{"translation":[0.0,-6.4,0.0],"scale":[4.0,4.0,4.0]}}}