{"credit":"Pologony Creation Co.,Ltd.","textures":{"1":"merry_christmas_2024_set:animated/fishing_rod_1","5":"merry_christmas_2024_set:fishing_rod","particle":"merry_christmas_2024_set:animated/fishing_rod_1"},"elements":[{"from":[7.5,-2.75,7.25],"to":[8.5,-1.25,8.75],"rotation":{"angle":-45,"axis":"x","origin":[8,-2,8]},"faces":{"north":{"uv":[1.2,10.4,1.6,11],"texture":"#5"},"east":{"uv":[8.4,4.8,9,5.4],"texture":"#5"},"south":{"uv":[2,10.4,2.4,11],"texture":"#5"},"west":{"uv":[5.2,8.4,5.8,9],"texture":"#5"},"up":{"uv":[10.8,3,10.4,2.4],"texture":"#5"},"down":{"uv":[3.2,10.4,2.8,11],"texture":"#5"}}},{"from":[7.25,-2.5,7.5],"to":[8.75,-1.5,8.5],"rotation":{"angle":-45,"axis":"x","origin":[8,-2,8]},"faces":{"north":{"uv":[6,4,6.6,4.4],"texture":"#5"},"east":{"uv":[4,2.4,4.4,2.8],"texture":"#5"},"south":{"uv":[4.8,10.4,5.4,10.8],"texture":"#5"},"west":{"uv":[5.2,1.6,5.6,2],"texture":"#5"},"up":{"uv":[6.6,10.8,6,10.4],"texture":"#5"},"down":{"uv":[11.4,3.6,10.8,4],"texture":"#5"}}},{"from":[7.25,-1.43934,7.25],"to":[8.75,-0.93934,8.75],"rotation":{"angle":-45,"axis":"y","origin":[8,-1.18934,8]},"faces":{"north":{"uv":[13.2,8.4,13.8,8.6],"texture":"#5"},"east":{"uv":[13.2,9.2,13.8,9.4],"texture":"#5"},"south":{"uv":[13.2,10.8,13.8,11],"texture":"#5"},"west":{"uv":[13.2,12.4,13.8,12.6],"texture":"#5"},"up":{"uv":[9,6.6,8.4,6],"texture":"#5"},"down":{"uv":[7,8.4,6.4,9],"texture":"#5"}}},{"from":[7.25,0.06066,7.25],"to":[8.75,0.56066,8.75],"rotation":{"angle":-45,"axis":"y","origin":[8,0.31066,8]},"faces":{"north":{"uv":[13.2,13.2,13.8,13.4],"texture":"#5"},"east":{"uv":[13.6,0,14.2,0.2],"texture":"#5"},"south":{"uv":[13.6,0.8,14.2,1],"texture":"#5"},"west":{"uv":[13.6,1.6,14.2,1.8],"texture":"#5"},"up":{"uv":[9.4,1.8,8.8,1.2],"texture":"#5"},"down":{"uv":[4.6,8.8,4,9.4],"texture":"#5"}}},{"from":[7.42678,-0.93934,7.5],"to":[8.67678,0.06066,8.75],"rotation":{"angle":-45,"axis":"y","origin":[8.17678,-0.68934,8]},"faces":{"north":{"uv":[7.6,11.2,8.1,11.6],"texture":"#5"},"east":{"uv":[11.2,7.6,11.7,8],"texture":"#5"},"south":{"uv":[11.2,8.4,11.7,8.8],"texture":"#5"},"west":{"uv":[8.8,11.2,9.3,11.6],"texture":"#5"}}},{"from":[7.25,6.12132,7],"to":[8.75,6.62132,9],"rotation":{"angle":45,"axis":"x","origin":[8,7.62132,8]},"faces":{"east":{"uv":[4.8,12,5.6,12.2],"texture":"#5"},"west":{"uv":[12,5.2,12.8,5.4],"texture":"#5"},"up":{"uv":[7.4,0.8,6.8,0],"texture":"#5"},"down":{"uv":[7.8,4.8,7.2,5.6],"texture":"#5"}}},{"from":[7.25,8.43198,6.04289],"to":[8.75,8.93198,8.04289],"rotation":{"angle":-45,"axis":"x","origin":[8,8.68198,7.29289]},"faces":{"east":{"uv":[12,6,12.8,6.2],"texture":"#5"},"south":{"uv":[13.6,2.4,14.2,2.6],"texture":"#5"},"west":{"uv":[12,6.8,12.8,7],"texture":"#5"},"up":{"uv":[6.2,8,5.6,7.2],"texture":"#5"},"down":{"uv":[7.8,6,7.2,6.8],"texture":"#5"}}},{"from":[7.25,6.12132,6.5],"to":[8.75,6.62132,7],"rotation":{"angle":45,"axis":"x","origin":[8,7.62132,8]},"faces":{"north":{"uv":[3.6,13.6,4.2,13.8],"texture":"#5"},"east":{"uv":[15.2,12.8,15.4,13],"texture":"#5"},"west":{"uv":[0,15.6,0.2,15.8],"texture":"#5"},"down":{"uv":[14.2,4,13.6,4.2],"texture":"#5"}}},{"from":[7.25,8.62132,6.5],"to":[8.75,9.12132,7],"rotation":{"angle":45,"axis":"x","origin":[8,7.62132,8]},"faces":{"north":{"uv":[6.4,13.6,7,13.8],"texture":"#5"},"east":{"uv":[15.6,0,15.8,0.2],"texture":"#5"},"west":{"uv":[0.8,15.6,1,15.8],"texture":"#5"},"up":{"uv":[8.2,13.8,7.6,13.6],"texture":"#5"},"down":{"uv":[9.4,13.6,8.8,13.8],"texture":"#5"}}},{"from":[7.25,5.08579,6.5],"to":[8.75,5.58579,7],"rotation":{"angle":45,"axis":"x","origin":[8,4.08579,8]},"faces":{"east":{"uv":[15.6,0.8,15.8,1],"texture":"#5"},"south":{"uv":[10,13.6,10.6,13.8],"texture":"#5"},"west":{"uv":[1.6,15.6,1.8,15.8],"texture":"#5"},"down":{"uv":[11.8,13.6,11.2,13.8],"texture":"#5"}}},{"from":[7.25,8.62132,7],"to":[8.75,9.12132,9],"rotation":{"angle":45,"axis":"x","origin":[8,7.62132,8]},"faces":{"east":{"uv":[7.6,12,8.4,12.2],"texture":"#5"},"south":{"uv":[0,14,0.6,14.2],"texture":"#5"},"west":{"uv":[8.8,12,9.6,12.2],"texture":"#5"},"up":{"uv":[7.4,8,6.8,7.2],"texture":"#5"},"down":{"uv":[8.2,1.2,7.6,2],"texture":"#5"}}},{"from":[7.25,6.12132,7],"to":[8.75,6.62132,9],"rotation":{"angle":-45,"axis":"x","origin":[8,7.62132,8]},"faces":{"east":{"uv":[12,9.2,12.8,9.4],"texture":"#5"},"west":{"uv":[10,12,10.8,12.2],"texture":"#5"},"up":{"uv":[4.6,8.4,4,7.6],"texture":"#5"},"down":{"uv":[0.6,8,0,8.8],"texture":"#5"}}},{"from":[7.25,6.12132,9],"to":[8.75,6.62132,9.5],"rotation":{"angle":-45,"axis":"x","origin":[8,7.62132,8]},"faces":{"east":{"uv":[15.6,1.6,15.8,1.8],"texture":"#5"},"south":{"uv":[1.2,14,1.8,14.2],"texture":"#5"},"west":{"uv":[2.4,15.6,2.6,15.8],"texture":"#5"},"down":{"uv":[3,14,2.4,14.2],"texture":"#5"}}},{"from":[7.5,6.37132,6.75],"to":[8.5,8.87132,9.25],"rotation":{"angle":45,"axis":"x","origin":[8,7.62132,8]},"faces":{"east":{"uv":[2.4,0,3.4,1],"texture":"#5"},"west":{"uv":[2.4,1.6,3.4,2.6],"texture":"#5"}}},{"from":[7.25,5.56066,7.25],"to":[8.75,6.06066,8.75],"rotation":{"angle":-45,"axis":"y","origin":[8,5.81066,8]},"faces":{"north":{"uv":[4.8,14,5.4,14.2],"texture":"#5"},"east":{"uv":[14,10,14.6,10.2],"texture":"#5"},"south":{"uv":[14,11.6,14.6,11.8],"texture":"#5"},"west":{"uv":[12.4,14,13,14.2],"texture":"#5"},"up":{"uv":[8.2,9.4,7.6,8.8],"texture":"#5"},"down":{"uv":[9.4,8.8,8.8,9.4],"texture":"#5"}}},{"from":[7.42678,4.56066,7.5],"to":[8.67678,5.56066,8.75],"rotation":{"angle":-45,"axis":"y","origin":[8.17678,5.31066,8]},"faces":{"north":{"uv":[10,11.2,10.5,11.6],"texture":"#5"},"east":{"uv":[11.2,11.2,11.7,11.6],"texture":"#5"},"south":{"uv":[0,11.6,0.5,12],"texture":"#5"},"west":{"uv":[11.6,0,12.1,0.4],"texture":"#5"}}},{"from":[7.25,4.06066,7.25],"to":[8.75,4.56066,8.75],"rotation":{"angle":-45,"axis":"y","origin":[8,4.31066,8]},"faces":{"north":{"uv":[13.6,14,14.2,14.2],"texture":"#5"},"east":{"uv":[14.4,3.2,15,3.4],"texture":"#5"},"south":{"uv":[3.6,14.4,4.2,14.6],"texture":"#5"},"west":{"uv":[14.4,4.8,15,5],"texture":"#5"},"up":{"uv":[0.6,9.8,0,9.2],"texture":"#5"},"down":{"uv":[9.8,0,9.2,0.6],"texture":"#5"}}},{"from":[7.67678,0.56066,7.57322],"to":[8.67678,4.06066,8.57322],"rotation":{"angle":-45,"axis":"y","origin":[8.17678,2.81066,7.82322]},"faces":{"north":{"uv":[4,5.6,4.4,7],"texture":"#5"},"east":{"uv":[2.4,7.2,2.8,8.6],"texture":"#5"},"south":{"uv":[7.2,2.8,7.6,4.2],"texture":"#5"},"west":{"uv":[3.2,7.2,3.6,8.6],"texture":"#5"}}},{"from":[7.42678,2.06066,7.5],"to":[8.67678,2.56066,8.75],"rotation":{"angle":-45,"axis":"y","origin":[8.17678,2.31066,8]},"faces":{"north":{"uv":[6.8,14.4,7.3,14.6],"texture":"#5"},"east":{"uv":[14.4,7.2,14.9,7.4],"texture":"#5"},"south":{"uv":[8,14.4,8.5,14.6],"texture":"#5"},"west":{"uv":[14.4,8,14.9,8.2],"texture":"#5"},"up":{"uv":[10.5,1.7,10,1.2],"texture":"#5"},"down":{"uv":[4.1,10,3.6,10.5],"texture":"#5"}}},{"from":[5,6.25,7],"to":[7,7.75,9],"rotation":{"angle":22.5,"axis":"z","origin":[6,8,8.0625]},"faces":{"north":{"uv":[8,0,8.8,0.6],"texture":"#5"},"east":{"uv":[1.2,8,2,8.6],"texture":"#5"},"south":{"uv":[8,2.4,8.8,3],"texture":"#5"},"west":{"uv":[8,3.6,8.8,4.2],"texture":"#5"},"down":{"uv":[6.8,2.8,6,3.6],"texture":"#5"}}},{"from":[4.875,7.75,6.875],"to":[7.125,8.5,9.125],"rotation":{"angle":22.5,"axis":"z","origin":[6,8,8.0625]},"faces":{"north":{"uv":[9.6,5.2,10.5,5.5],"texture":"#5"},"east":{"uv":[9.6,6,10.5,6.3],"texture":"#5"},"south":{"uv":[9.6,6.8,10.5,7.1],"texture":"#5"},"west":{"uv":[9.6,7.6,10.5,7.9],"texture":"#5"},"up":{"uv":[6.1,0.9,5.2,0],"texture":"#5"},"down":{"uv":[3.3,5.6,2.4,6.5],"texture":"#5"}}},{"from":[5.625,8.5,8.125],"to":[6.375,9.25,8.875],"rotation":{"angle":22.5,"axis":"z","origin":[6,8,8.0625]},"faces":{"east":{"uv":[14.4,8.8,14.7,9.1],"texture":"#5"},"south":{"uv":[9.2,14.4,9.5,14.7],"texture":"#5"},"west":{"uv":[10,14.4,10.3,14.7],"texture":"#5"},"up":{"uv":[11.1,14.7,10.8,14.4],"texture":"#5"}}},{"from":[5.625,8.5,7.125],"to":[6.375,9.5,8.125],"rotation":{"angle":22.5,"axis":"z","origin":[6,8,8.0625]},"faces":{"north":{"uv":[14.4,5.6,14.7,6],"texture":"#5"},"east":{"uv":[12,10,12.4,10.4],"texture":"#5"},"south":{"uv":[6,14.4,6.3,14.8],"texture":"#5"},"west":{"uv":[11.2,12,11.6,12.4],"texture":"#5"},"up":{"uv":[14.7,6.8,14.4,6.4],"texture":"#5"}}},{"from":[6.5378,8.31743,7.3625],"to":[7.7878,8.34743,8.6125],"rotation":{"angle":45,"axis":"z","origin":[6,8,8.0625]},"faces":{"up":{"uv":[7.7,10.5,7.2,10],"texture":"#5"},"down":{"uv":[8.9,10,8.4,10.5],"texture":"#5"}}},{"from":[4.2122,8.31743,7.3625],"to":[5.4622,8.34743,8.6125],"rotation":{"angle":0,"axis":"y","origin":[6,8,8.0625]},"faces":{"up":{"uv":[10.5,8.9,10,8.4],"texture":"#5"},"down":{"uv":[10.1,10,9.6,10.5],"texture":"#5"}}},{"from":[8.2122,8.31743,7.3875],"to":[9.4622,8.34743,8.6375],"rotation":{"angle":-45,"axis":"z","origin":[10,8,7.9375]},"faces":{"up":{"uv":[7.2,10,7.7,10.5],"texture":"#5"},"down":{"uv":[8.4,10.5,8.9,10],"texture":"#5"}}},{"from":[10.5378,8.31743,7.3875],"to":[11.7878,8.34743,8.6375],"rotation":{"angle":0,"axis":"y","origin":[10,8,7.9375]},"faces":{"up":{"uv":[10,8.4,10.5,8.9],"texture":"#5"},"down":{"uv":[9.6,10.5,10.1,10],"texture":"#5"}}},{"from":[9.625,8.5,7.875],"to":[10.375,9.5,8.875],"rotation":{"angle":-22.5,"axis":"z","origin":[10,8,7.9375]},"faces":{"north":{"uv":[6,14.4,6.3,14.8],"texture":"#5"},"east":{"uv":[11.2,12,11.6,12.4],"texture":"#5"},"south":{"uv":[14.4,5.6,14.7,6],"texture":"#5"},"west":{"uv":[12,10,12.4,10.4],"texture":"#5"},"up":{"uv":[14.4,6.4,14.7,6.8],"texture":"#5"}}},{"from":[9.625,8.5,7.125],"to":[10.375,9.25,7.875],"rotation":{"angle":-22.5,"axis":"z","origin":[10,8,7.9375]},"faces":{"north":{"uv":[9.2,14.4,9.5,14.7],"texture":"#5"},"east":{"uv":[10,14.4,10.3,14.7],"texture":"#5"},"west":{"uv":[14.4,8.8,14.7,9.1],"texture":"#5"},"up":{"uv":[10.8,14.4,11.1,14.7],"texture":"#5"}}},{"from":[8.875,7.75,6.875],"to":[11.125,8.5,9.125],"rotation":{"angle":-22.5,"axis":"z","origin":[10,8,7.9375]},"faces":{"north":{"uv":[9.6,6.8,10.5,7.1],"texture":"#5"},"east":{"uv":[9.6,7.6,10.5,7.9],"texture":"#5"},"south":{"uv":[9.6,5.2,10.5,5.5],"texture":"#5"},"west":{"uv":[9.6,6,10.5,6.3],"texture":"#5"},"up":{"uv":[5.2,0,6.1,0.9],"texture":"#5"},"down":{"uv":[2.4,6.5,3.3,5.6],"texture":"#5"}}},{"from":[9,6.25,7],"to":[11,7.75,9],"rotation":{"angle":-22.5,"axis":"z","origin":[10,8,7.9375]},"faces":{"north":{"uv":[8,2.4,8.8,3],"texture":"#5"},"east":{"uv":[8,3.6,8.8,4.2],"texture":"#5"},"south":{"uv":[8,0,8.8,0.6],"texture":"#5"},"west":{"uv":[1.2,8,2,8.6],"texture":"#5"},"down":{"uv":[6,3.6,6.8,2.8],"texture":"#5"}}},{"from":[6.75,6.79656,4.9125],"to":[9.25,7.79656,6.4125],"rotation":{"angle":-22.5,"axis":"x","origin":[8.5625,8.10906,5.6625]},"faces":{"north":{"uv":[8,7.2,9,7.6],"texture":"#5"},"east":{"uv":[10.8,9.6,11.4,10],"texture":"#5"},"south":{"uv":[8,8,9,8.4],"texture":"#5"},"west":{"uv":[10.8,10.4,11.4,10.8],"texture":"#5"},"down":{"uv":[6.6,6,5.6,6.6],"texture":"#5"}}},{"from":[6.625,7.79656,4.7875],"to":[9.375,8.54656,6.5375],"rotation":{"angle":-22.5,"axis":"x","origin":[8.5625,8.10906,5.6625]},"faces":{"north":{"uv":[9.2,3.6,10.3,3.9],"texture":"#5"},"east":{"uv":[11.2,4.4,11.9,4.7],"texture":"#5"},"south":{"uv":[9.6,4.4,10.7,4.7],"texture":"#5"},"west":{"uv":[4.8,11.2,5.5,11.5],"texture":"#5"},"up":{"uv":[6.7,5.5,5.6,4.8],"texture":"#5"},"down":{"uv":[7.1,1.6,6,2.3],"texture":"#5"}}},{"from":[8.125,8.35522,5.32556],"to":[8.625,8.85522,6.07556],"rotation":{"angle":-22.5,"axis":"x","origin":[7.3125,7.91772,5.20056]},"faces":{"north":{"uv":[15.6,2.4,15.8,2.6],"texture":"#5"},"east":{"uv":[15.2,11.2,15.5,11.4],"texture":"#5"},"south":{"uv":[15.6,3.2,15.8,3.4],"texture":"#5"},"up":{"uv":[15.4,12.3,15.2,12],"texture":"#5"}}},{"from":[7.375,8.35522,5.32556],"to":[8.125,9.10522,6.07556],"rotation":{"angle":-22.5,"axis":"x","origin":[7.3125,7.91772,5.20056]},"faces":{"north":{"uv":[14.4,10.8,14.7,11.1],"texture":"#5"},"east":{"uv":[11.6,14.4,11.9,14.7],"texture":"#5"},"south":{"uv":[14.4,12.4,14.7,12.7],"texture":"#5"},"west":{"uv":[14.4,13.2,14.7,13.5],"texture":"#5"},"up":{"uv":[0.3,15.1,0,14.8],"texture":"#5"}}},{"from":[7.65,8.36875,4.39862],"to":[8.4,8.39875,5.14862],"rotation":{"angle":0,"axis":"y","origin":[8.1,8.10906,5.6625]},"faces":{"up":{"uv":[15.1,0.3,14.8,0],"texture":"#5"},"down":{"uv":[1.1,14.8,0.8,15.1],"texture":"#5"}}},{"from":[7.65,8.62294,5.40281],"to":[8.4,9.37294,5.43281],"rotation":{"angle":45,"axis":"x","origin":[8.1,8.10906,5.6625]},"faces":{"north":{"uv":[14.8,0.8,15.1,1.1],"texture":"#5"},"south":{"uv":[1.6,14.8,1.9,15.1],"texture":"#5"}}},{"from":[7.65,8.62294,10.56719],"to":[8.4,9.37294,10.59719],"rotation":{"angle":-45,"axis":"x","origin":[8.1,8.10906,10.3375]},"faces":{"north":{"uv":[1.9,14.8,1.6,15.1],"texture":"#5"},"south":{"uv":[15.1,0.8,14.8,1.1],"texture":"#5"}}},{"from":[7.375,8.35522,9.92444],"to":[8.125,9.10522,10.67444],"rotation":{"angle":22.5,"axis":"x","origin":[7.3125,7.91772,10.79944]},"faces":{"north":{"uv":[14.7,12.4,14.4,12.7],"texture":"#5"},"east":{"uv":[11.9,14.4,11.6,14.7],"texture":"#5"},"south":{"uv":[14.7,10.8,14.4,11.1],"texture":"#5"},"west":{"uv":[14.7,13.2,14.4,13.5],"texture":"#5"},"up":{"uv":[0.3,14.8,0,15.1],"texture":"#5"}}},{"from":[8.125,8.35522,9.92444],"to":[8.625,8.85522,10.67444],"rotation":{"angle":22.5,"axis":"x","origin":[7.3125,7.91772,10.79944]},"faces":{"north":{"uv":[15.8,3.2,15.6,3.4],"texture":"#5"},"east":{"uv":[15.5,11.2,15.2,11.4],"texture":"#5"},"south":{"uv":[15.8,2.4,15.6,2.6],"texture":"#5"},"up":{"uv":[15.4,12,15.2,12.3],"texture":"#5"}}},{"from":[7.65,8.36875,10.85138],"to":[8.4,8.39875,11.60138],"rotation":{"angle":0,"axis":"y","origin":[8.1,8.10906,10.3375]},"faces":{"up":{"uv":[15.1,0,14.8,0.3],"texture":"#5"},"down":{"uv":[1.1,15.1,0.8,14.8],"texture":"#5"}}},{"from":[6.625,7.79656,9.4625],"to":[9.375,8.54656,11.2125],"rotation":{"angle":22.5,"axis":"x","origin":[8.5625,8.10906,10.3375]},"faces":{"north":{"uv":[10.7,4.4,9.6,4.7],"texture":"#5"},"east":{"uv":[11.9,4.4,11.2,4.7],"texture":"#5"},"south":{"uv":[10.3,3.6,9.2,3.9],"texture":"#5"},"west":{"uv":[5.5,11.2,4.8,11.5],"texture":"#5"},"up":{"uv":[6.7,4.8,5.6,5.5],"texture":"#5"},"down":{"uv":[7.1,2.3,6,1.6],"texture":"#5"}}},{"from":[6.75,6.79656,9.5875],"to":[9.25,7.79656,11.0875],"rotation":{"angle":22.5,"axis":"x","origin":[8.5625,8.10906,10.3375]},"faces":{"north":{"uv":[9,8,8,8.4],"texture":"#5"},"east":{"uv":[11.4,9.6,10.8,10],"texture":"#5"},"south":{"uv":[9,7.2,8,7.6],"texture":"#5"},"west":{"uv":[11.4,10.4,10.8,10.8],"texture":"#5"},"down":{"uv":[6.6,6.6,5.6,6],"texture":"#5"}}},{"from":[7.25,5,5.5],"to":[8.75,6,7],"rotation":{"angle":22.5,"axis":"x","origin":[8,6,6.25]},"faces":{"north":{"uv":[11.2,1.2,11.8,1.6],"texture":"#5"},"east":{"uv":[11.2,2,11.8,2.4],"texture":"#5"},"south":{"uv":[11.2,2.8,11.8,3.2],"texture":"#5"},"west":{"uv":[3.6,11.2,4.2,11.6],"texture":"#5"},"up":{"uv":[1.8,9.8,1.2,9.2],"texture":"#5"},"down":{"uv":[3,9.2,2.4,9.8],"texture":"#5"}}},{"from":[7.375,6,5.625],"to":[8.625,7,6.875],"rotation":{"angle":22.5,"axis":"x","origin":[8,6,6.25]},"faces":{"north":{"uv":[1.2,11.6,1.7,12],"texture":"#5"},"east":{"uv":[2.4,11.6,2.9,12],"texture":"#5"},"south":{"uv":[3.6,12,4.1,12.4],"texture":"#5"},"west":{"uv":[12,3.6,12.5,4],"texture":"#5"},"up":{"uv":[0.5,10.9,0,10.4],"texture":"#5"}}},{"from":[7.375,6,9.125],"to":[8.625,7,10.375],"rotation":{"angle":-22.5,"axis":"x","origin":[8,6,9.75]},"faces":{"north":{"uv":[4.1,12,3.6,12.4],"texture":"#5"},"east":{"uv":[2.9,11.6,2.4,12],"texture":"#5"},"south":{"uv":[1.7,11.6,1.2,12],"texture":"#5"},"west":{"uv":[12.5,3.6,12,4],"texture":"#5"},"up":{"uv":[0.5,10.4,0,10.9],"texture":"#5"}}},{"from":[7.25,5,9],"to":[8.75,6,10.5],"rotation":{"angle":-22.5,"axis":"x","origin":[8,6,9.75]},"faces":{"north":{"uv":[11.8,2.8,11.2,3.2],"texture":"#5"},"east":{"uv":[11.8,2,11.2,2.4],"texture":"#5"},"south":{"uv":[11.8,1.2,11.2,1.6],"texture":"#5"},"west":{"uv":[4.2,11.2,3.6,11.6],"texture":"#5"},"up":{"uv":[1.8,9.2,1.2,9.8],"texture":"#5"},"down":{"uv":[3,9.8,2.4,9.2],"texture":"#5"}}},{"from":[7.375,8.5,7.375],"to":[8.625,13.5,8.625],"rotation":{"angle":0,"axis":"y","origin":[8.625,8.5,7.375]},"faces":{"north":{"uv":[2.4,3.2,2.9,5.2],"texture":"#5"},"east":{"uv":[3.6,3.2,4.1,5.2],"texture":"#5"},"south":{"uv":[4,0,4.5,2],"texture":"#5"},"west":{"uv":[4.8,2.4,5.3,4.4],"texture":"#5"},"up":{"uv":[10.9,0.5,10.4,0],"texture":"#5"}}},{"from":[7.125,8.25,7.125],"to":[8.875,13.75,8.875],"rotation":{"angle":0,"axis":"y","origin":[8.625,8.5,7.375]},"faces":{"north":{"uv":[0,0,1.75,5.5],"texture":"#1"},"east":{"uv":[3,0,4.75,5.5],"texture":"#1"},"south":{"uv":[6,0,7.75,5.5],"texture":"#1"},"west":{"uv":[0,7,1.75,12.5],"texture":"#1"}}},{"from":[7.5,13.5,7.5],"to":[8.5,18.75,8.5],"rotation":{"angle":0,"axis":"y","origin":[7.5,14.5,7.5]},"faces":{"north":{"uv":[4.8,4.8,5.2,6.9],"texture":"#5"},"east":{"uv":[0,5.2,0.4,7.3],"texture":"#5"},"south":{"uv":[0.8,5.2,1.2,7.3],"texture":"#5"},"west":{"uv":[1.6,5.2,2,7.3],"texture":"#5"},"up":{"uv":[12.4,12.4,12,12],"texture":"#5"}}},{"from":[7.25,13.5,7.25],"to":[8.75,18.75,8.75],"rotation":{"angle":0,"axis":"y","origin":[7.5,14.5,7.5]},"faces":{"north":{"uv":[3,7,4.5,12.25],"texture":"#1"},"east":{"uv":[6,7,7.5,12.25],"texture":"#1"},"south":{"uv":[9,0,10.5,5.25],"texture":"#1"},"west":{"uv":[9,7,10.5,12.25],"texture":"#1"}}},{"from":[7.625,18.675,7],"to":[8.375,20.425,7.75],"rotation":{"angle":-22.5,"axis":"x","origin":[8,20.375,8]},"faces":{"north":{"uv":[11.2,5.2,11.5,5.9],"texture":"#5"},"east":{"uv":[6,11.2,6.3,11.9],"texture":"#5"},"south":{"uv":[11.2,6.4,11.5,7.1],"texture":"#5"},"west":{"uv":[6.8,11.2,7.1,11.9],"texture":"#5"},"up":{"uv":[15.1,1.9,14.8,1.6],"texture":"#5"}}},{"from":[7,19.5,7.25],"to":[9,20,7.75],"rotation":{"angle":0,"axis":"y","origin":[7,19.5,5.75]},"faces":{"north":{"uv":[2.4,12.4,3.2,12.6],"texture":"#5"},"east":{"uv":[15.6,4.8,15.8,5],"texture":"#5"},"south":{"uv":[12.4,2.4,13.2,2.6],"texture":"#5"},"west":{"uv":[15.6,7.2,15.8,7.4],"texture":"#5"},"up":{"uv":[13.2,4.6,12.4,4.4],"texture":"#5"},"down":{"uv":[6.8,12.4,6,12.6],"texture":"#5"}}},{"from":[7,19.5,5.75],"to":[9,20,6.25],"rotation":{"angle":0,"axis":"y","origin":[7,19.5,4.25]},"faces":{"north":{"uv":[0,12.4,0.8,12.6],"texture":"#5"},"east":{"uv":[15.6,4,15.8,4.2],"texture":"#5"},"south":{"uv":[12.4,0.8,13.2,1],"texture":"#5"},"west":{"uv":[4.8,15.6,5,15.8],"texture":"#5"},"up":{"uv":[2,12.6,1.2,12.4],"texture":"#5"},"down":{"uv":[13.2,1.6,12.4,1.8],"texture":"#5"}}},{"from":[8.5,19.5,6.25],"to":[9,20,7.25],"rotation":{"angle":0,"axis":"y","origin":[7,19.5,4.75]},"faces":{"east":{"uv":[12.4,14.8,12.8,15],"texture":"#5"},"west":{"uv":[13.2,14.8,13.6,15],"texture":"#5"},"up":{"uv":[14.2,15.2,14,14.8],"texture":"#5"},"down":{"uv":[15,14,14.8,14.4],"texture":"#5"}}},{"from":[7,19.5,6.25],"to":[7.5,20,7.25],"rotation":{"angle":0,"axis":"y","origin":[5.5,19.5,4.75]},"faces":{"east":{"uv":[2.4,14.8,2.8,15],"texture":"#5"},"west":{"uv":[14.8,2.4,15.2,2.6],"texture":"#5"},"up":{"uv":[15,4.4,14.8,4],"texture":"#5"},"down":{"uv":[5,14.8,4.8,15.2],"texture":"#5"}}},{"from":[7,15.5,5.75],"to":[9,16,6.25],"rotation":{"angle":0,"axis":"y","origin":[7,15.5,4.25]},"faces":{"north":{"uv":[10.8,12.8,11.6,13],"texture":"#5"},"east":{"uv":[12.8,15.6,13,15.8],"texture":"#5"},"south":{"uv":[12.8,11.6,13.6,11.8],"texture":"#5"},"west":{"uv":[13.6,15.6,13.8,15.8],"texture":"#5"},"up":{"uv":[12.8,13,12,12.8],"texture":"#5"},"down":{"uv":[0.8,13.2,0,13.4],"texture":"#5"}}},{"from":[7,15.5,6.25],"to":[7.5,16,7.25],"rotation":{"angle":0,"axis":"y","origin":[5.5,15.5,4.75]},"faces":{"east":{"uv":[15.2,5.6,15.6,5.8],"texture":"#5"},"west":{"uv":[6.4,15.2,6.8,15.4],"texture":"#5"},"up":{"uv":[15.4,6.8,15.2,6.4],"texture":"#5"},"down":{"uv":[7.4,15.2,7.2,15.6],"texture":"#5"}}},{"from":[7,15.5,7.25],"to":[9,16,7.75],"rotation":{"angle":0,"axis":"y","origin":[7,15.5,5.75]},"faces":{"north":{"uv":[7.2,12.8,8,13],"texture":"#5"},"east":{"uv":[15.6,8,15.8,8.2],"texture":"#5"},"south":{"uv":[8.4,12.8,9.2,13],"texture":"#5"},"west":{"uv":[12,15.6,12.2,15.8],"texture":"#5"},"up":{"uv":[10.4,13,9.6,12.8],"texture":"#5"},"down":{"uv":[13.6,10,12.8,10.2],"texture":"#5"}}},{"from":[8.5,15.5,6.25],"to":[9,16,7.25],"rotation":{"angle":0,"axis":"y","origin":[7,15.5,4.75]},"faces":{"east":{"uv":[14.8,14.8,15.2,15],"texture":"#5"},"west":{"uv":[3.2,15.2,3.6,15.4],"texture":"#5"},"up":{"uv":[4.2,15.6,4,15.2],"texture":"#5"},"down":{"uv":[5.8,15.2,5.6,15.6],"texture":"#5"}}},{"from":[7,11.5,5.75],"to":[9,12,6.25],"rotation":{"angle":0,"axis":"y","origin":[7,11.5,4.25]},"faces":{"north":{"uv":[13.2,5.2,14,5.4],"texture":"#5"},"east":{"uv":[15.6,14.4,15.8,14.6],"texture":"#5"},"south":{"uv":[13.2,6,14,6.2],"texture":"#5"},"west":{"uv":[15.2,15.6,15.4,15.8],"texture":"#5"},"up":{"uv":[14,7,13.2,6.8],"texture":"#5"},"down":{"uv":[14,7.6,13.2,7.8],"texture":"#5"}}},{"from":[7,11.5,6.25],"to":[7.5,12,7.25],"rotation":{"angle":0,"axis":"y","origin":[5.5,11.5,4.75]},"faces":{"east":{"uv":[15.2,9.6,15.6,9.8],"texture":"#5"},"west":{"uv":[10.4,15.2,10.8,15.4],"texture":"#5"},"up":{"uv":[15.4,10.8,15.2,10.4],"texture":"#5"},"down":{"uv":[11.4,15.2,11.2,15.6],"texture":"#5"}}},{"from":[7,11.5,7.25],"to":[9,12,7.75],"rotation":{"angle":0,"axis":"y","origin":[7,11.5,5.75]},"faces":{"north":{"uv":[1.2,13.2,2,13.4],"texture":"#5"},"east":{"uv":[15.6,13.6,15.8,13.8],"texture":"#5"},"south":{"uv":[2.4,13.2,3.2,13.4],"texture":"#5"},"west":{"uv":[14.4,15.6,14.6,15.8],"texture":"#5"},"up":{"uv":[14,3.4,13.2,3.2],"texture":"#5"},"down":{"uv":[6,13.2,5.2,13.4],"texture":"#5"}}},{"from":[8.5,11.5,6.25],"to":[9,12,7.25],"rotation":{"angle":0,"axis":"y","origin":[7,11.5,4.75]},"faces":{"east":{"uv":[8,15.2,8.4,15.4],"texture":"#5"},"west":{"uv":[8.8,15.2,9.2,15.4],"texture":"#5"},"up":{"uv":[15.4,9.2,15.2,8.8],"texture":"#5"},"down":{"uv":[9.8,15.2,9.6,15.6],"texture":"#5"}}},{"from":[7.985,8.5,5],"to":[8.015,20.5,7],"rotation":{"angle":0,"axis":"y","origin":[7.985,6.5,4.75]},"faces":{"east":{"uv":[0.8,0,0,4.8],"texture":"#5"},"west":{"uv":[0,0,0.8,4.8],"texture":"#5"}}},{"from":[7.995,17.55641,2.98851],"to":[8.005,17.90641,6.98851],"rotation":{"angle":-45,"axis":"x","origin":[7.995,17.40641,3.11351]},"faces":{"east":{"uv":[6.8,9.6,5.2,9.8],"texture":"#5"},"west":{"uv":[5.2,9.6,6.8,9.8],"texture":"#5"}}},{"from":[8,16.48141,0.48851],"to":[8,17.98141,1.98851],"rotation":{"angle":-45,"axis":"x","origin":[8,17.40641,3.11351]},"faces":{"east":{"uv":[9.8,2.4,9.2,3],"texture":"#5"},"west":{"uv":[9.2,2.4,9.8,3],"texture":"#5"}}},{"from":[7.5,17.23141,1.98851],"to":[8.5,18.23141,2.98851],"rotation":{"angle":-45,"axis":"x","origin":[8,17.40641,3.11351]},"faces":{"north":{"uv":[12.4,7.6,12.8,8],"texture":"#5"},"east":{"uv":[12.4,8.4,12.8,8.8],"texture":"#5"},"south":{"uv":[12.4,10.8,12.8,11.2],"texture":"#5"},"west":{"uv":[12.8,0,13.2,0.4],"texture":"#5"},"up":{"uv":[4,13.2,3.6,12.8],"texture":"#5"},"down":{"uv":[4.8,12.8,4.4,13.2],"texture":"#5"}}},{"from":[6.17,12.525,7.995],"to":[7.17,13.525,8.005],"rotation":{"angle":22.5,"axis":"z","origin":[7.17,12.525,7.995]},"faces":{"north":{"uv":[12,3,13,4],"texture":"#1"},"south":{"uv":[13,3,12,4],"texture":"#1"}}},{"from":[8.705,17.2,7.995],"to":[9.705,18.2,8.005],"rotation":{"angle":22.5,"axis":"z","origin":[8.705,18.2,7.995]},"faces":{"north":{"uv":[13,3,12,4],"rotation":270,"texture":"#1"},"south":{"uv":[12,3,13,4],"rotation":90,"texture":"#1"}}},{"from":[8.62,10.875,8.845],"to":[8.63,11.875,9.845],"rotation":{"angle":22.5,"axis":"x","origin":[8.63,10.875,8.845]},"faces":{"east":{"uv":[13,3,12,4],"texture":"#1"},"west":{"uv":[12,3,13,4],"texture":"#1"}}},{"from":[7.995,15.25,8.75],"to":[8.005,16.5,10],"rotation":{"angle":0,"axis":"y","origin":[7.995,15.25,8.75]},"faces":{"east":{"uv":[13.25,0,12,1.25],"texture":"#1"},"west":{"uv":[12,0,13.25,1.25],"texture":"#1"}}},{"from":[8.87,10.25,7.995],"to":[10.12,11.5,8.005],"rotation":{"angle":0,"axis":"y","origin":[8.87,10.25,8.005]},"faces":{"north":{"uv":[13.25,0,12,1.25],"texture":"#1"},"south":{"uv":[12,0,13.25,1.25],"texture":"#1"}}},{"from":[8.72,13.125,7.99],"to":[9.72,14.125,8],"rotation":{"angle":22.5,"axis":"z","origin":[8.72,14.125,8]},"faces":{"north":{"uv":[13,5,12,6],"rotation":270,"texture":"#1"},"south":{"uv":[12,5,13,6],"rotation":90,"texture":"#1"}}}],"gui_light":"front","display":{"thirdperson_righthand":{"translation":[0,3.75,0.75]},"thirdperson_lefthand":{"translation":[0,3.75,0.75]},"firstperson_righthand":{"rotation":[-10,0,0],"translation":[2.75,2.25,0.75],"scale":[0.7,0.7,0.7]},"firstperson_lefthand":{"rotation":[-10,0,0],"translation":[2.75,2.25,0.75],"scale":[0.7,0.7,0.7]},"ground":{"rotation":[-45,0,0],"translation":[0,3,0],"scale":[0.7,0.7,0.7]},"gui":{"rotation":[-90,45,90],"translation":[1.5,-0.25,0]},"head":{"rotation":[0,-90,0]},"fixed":{"rotation":[0,-90,0],"translation":[0,0,-1.75],"scale":[2,2,2]}}}