{"model":{"entries":[{"model":{"model":"modelengine:voidmaw/bhole_centre","tints":[{"default":-1,"type":"minecraft:dye"}],"type":"minecraft:model"},"threshold":1},{"model":{"model":"modelengine:vfx_void_meteor/box7","tints":[{"default":-1,"type":"minecraft:dye"}],"type":"minecraft:model"},"threshold":2},{"model":{"model":"modelengine:voidmaw/jaw","tints":[{"default":-1,"type":"minecraft:dye"}],"type":"minecraft:model"},"threshold":3},{"model":{"model":"modelengine:vfx_void_missile/box7","tints":[{"default":-1,"type":"minecraft:dye"}],"type":"minecraft:model"},"threshold":4},{"model":{"model":"modelengine:voidmaw/bhole_ring","tints":[{"default":-1,"type":"minecraft:dye"}],"type":"minecraft:model"},"threshold":5},{"model":{"model":"modelengine:vfx_void_spiral/box2","tints":[{"default":-1,"type":"minecraft:dye"}],"type":"minecraft:model"},"threshold":6},{"model":{"model":"modelengine:vfx_void_spiral/box1","tints":[{"default":-1,"type":"minecraft:dye"}],"type":"minecraft:model"},"threshold":7},{"model":{"model":"modelengine:vfx_void_singularity/box15","tints":[{"default":-1,"type":"minecraft:dye"}],"type":"minecraft:model"},"threshold":8},{"model":{"model":"modelengine:vfx_void_spiral/box8","tints":[{"default":-1,"type":"minecraft:dye"}],"type":"minecraft:model"},"threshold":9},{"model":{"model":"modelengine:vfx_void_spiral/box3","tints":[{"default":-1,"type":"minecraft:dye"}],"type":"minecraft:model"},"threshold":10},{"model":{"model":"modelengine:voidmaw/teil2","tints":[{"default":-1,"type":"minecraft:dye"}],"type":"minecraft:model"},"threshold":11},{"model":{"model":"modelengine:voidmaw/teil1","tints":[{"default":-1,"type":"minecraft:dye"}],"type":"minecraft:model"},"threshold":12},{"model":{"model":"modelengine:voidmaw/head","tints":[{"default":-1,"type":"minecraft:dye"}],"type":"minecraft:model"},"threshold":13},{"model":{"model":"modelengine:voidmaw/bone","tints":[{"default":-1,"type":"minecraft:dye"}],"type":"minecraft:model"},"threshold":14},{"model":{"model":"modelengine:vfx_void_blast/box7","tints":[{"default":-1,"type":"minecraft:dye"}],"type":"minecraft:model"},"threshold":15},{"model":{"model":"modelengine:vfx_void_spiral/box6","tints":[{"default":-1,"type":"minecraft:dye"}],"type":"minecraft:model"},"threshold":16},{"model":{"model":"modelengine:vfx_void_explosion/box15","tints":[{"default":-1,"type":"minecraft:dye"}],"type":"minecraft:model"},"threshold":17},{"model":{"model":"modelengine:voidmaw/teil3","tints":[{"default":-1,"type":"minecraft:dye"}],"type":"minecraft:model"},"threshold":18},{"model":{"model":"modelengine:vfx_void_spiral/box5","tints":[{"default":-1,"type":"minecraft:dye"}],"type":"minecraft:model"},"threshold":19},{"model":{"model":"modelengine:vfx_void_spiral/box4","tints":[{"default":-1,"type":"minecraft:dye"}],"type":"minecraft:model"},"threshold":20},{"model":{"model":"modelengine:vfx_void_spiral/box7","tints":[{"default":-1,"type":"minecraft:dye"}],"type":"minecraft:model"},"threshold":21},{"model":{"model":"modelengine:vfx_void_explosion/box1","tints":[{"default":-1,"type":"minecraft:dye"}],"type":"minecraft:model"},"threshold":22},{"model":{"model":"modelengine:vfx_void_explosion/box4","tints":[{"default":-1,"type":"minecraft:dye"}],"type":"minecraft:model"},"threshold":23},{"model":{"model":"modelengine:vfx_void_explosion/box5","tints":[{"default":-1,"type":"minecraft:dye"}],"type":"minecraft:model"},"threshold":24},{"model":{"model":"modelengine:vfx_void_explosion/box2","tints":[{"default":-1,"type":"minecraft:dye"}],"type":"minecraft:model"},"threshold":25},{"model":{"model":"modelengine:vfx_void_explosion/box3","tints":[{"default":-1,"type":"minecraft:dye"}],"type":"minecraft:model"},"threshold":26},{"model":{"model":"modelengine:vfx_void_singularity/box1","tints":[{"default":-1,"type":"minecraft:dye"}],"type":"minecraft:model"},"threshold":27},{"model":{"model":"modelengine:vfx_void_singularity/box19","tints":[{"default":-1,"type":"minecraft:dye"}],"type":"minecraft:model"},"threshold":28},{"model":{"model":"modelengine:vfx_void_singularity/box16","tints":[{"default":-1,"type":"minecraft:dye"}],"type":"minecraft:model"},"threshold":29},{"model":{"model":"modelengine:vfx_void_singularity/box4","tints":[{"default":-1,"type":"minecraft:dye"}],"type":"minecraft:model"},"threshold":30},{"model":{"model":"modelengine:vfx_void_singularity/box5","tints":[{"default":-1,"type":"minecraft:dye"}],"type":"minecraft:model"},"threshold":31},{"model":{"model":"modelengine:vfx_void_singularity/box2","tints":[{"default":-1,"type":"minecraft:dye"}],"type":"minecraft:model"},"threshold":32},{"model":{"model":"modelengine:vfx_void_singularity/box17","tints":[{"default":-1,"type":"minecraft:dye"}],"type":"minecraft:model"},"threshold":33},{"model":{"model":"modelengine:vfx_void_singularity/box3","tints":[{"default":-1,"type":"minecraft:dye"}],"type":"minecraft:model"},"threshold":34},{"model":{"model":"modelengine:vfx_void_singularity/box18","tints":[{"default":-1,"type":"minecraft:dye"}],"type":"minecraft:model"},"threshold":35},{"model":{"model":"modelengine:vfx_void_singularity/box14","tints":[{"default":-1,"type":"minecraft:dye"}],"type":"minecraft:model"},"threshold":36},{"model":{"model":"modelengine:vfx_void_missile/box6","tints":[{"default":-1,"type":"minecraft:dye"}],"type":"minecraft:model"},"threshold":37},{"model":{"model":"modelengine:vfx_void_missile/box8","tints":[{"default":-1,"type":"minecraft:dye"}],"type":"minecraft:model"},"threshold":38},{"model":{"model":"modelengine:vfx_void_missile/box9","tints":[{"default":-1,"type":"minecraft:dye"}],"type":"minecraft:model"},"threshold":39},{"model":{"model":"modelengine:vfx_void_missile/box1","tints":[{"default":-1,"type":"minecraft:dye"}],"type":"minecraft:model"},"threshold":40},{"model":{"model":"modelengine:vfx_void_blast/box1","tints":[{"default":-1,"type":"minecraft:dye"}],"type":"minecraft:model"},"threshold":41},{"model":{"model":"modelengine:vfx_void_explosion/box14","tints":[{"default":-1,"type":"minecraft:dye"}],"type":"minecraft:model"},"threshold":42},{"model":{"model":"modelengine:vfx_void_missile/box2","tints":[{"default":-1,"type":"minecraft:dye"}],"type":"minecraft:model"},"threshold":43},{"model":{"model":"modelengine:vfx_void_blast/box6","tints":[{"default":-1,"type":"minecraft:dye"}],"type":"minecraft:model"},"threshold":44},{"model":{"model":"modelengine:vfx_void_missile/box3","tints":[{"default":-1,"type":"minecraft:dye"}],"type":"minecraft:model"},"threshold":45},{"model":{"model":"modelengine:vfx_void_blast/box8","tints":[{"default":-1,"type":"minecraft:dye"}],"type":"minecraft:model"},"threshold":46},{"model":{"model":"modelengine:vfx_void_blast/box4","tints":[{"default":-1,"type":"minecraft:dye"}],"type":"minecraft:model"},"threshold":47},{"model":{"model":"modelengine:vfx_void_blast/box5","tints":[{"default":-1,"type":"minecraft:dye"}],"type":"minecraft:model"},"threshold":48},{"model":{"model":"modelengine:vfx_void_blast/box9","tints":[{"default":-1,"type":"minecraft:dye"}],"type":"minecraft:model"},"threshold":49},{"model":{"model":"modelengine:vfx_void_blast/box2","tints":[{"default":-1,"type":"minecraft:dye"}],"type":"minecraft:model"},"threshold":50},{"model":{"model":"modelengine:vfx_void_blast/box3","tints":[{"default":-1,"type":"minecraft:dye"}],"type":"minecraft:model"},"threshold":51},{"model":{"model":"modelengine:vfx_void_meteor/box8","tints":[{"default":-1,"type":"minecraft:dye"}],"type":"minecraft:model"},"threshold":52},{"model":{"model":"modelengine:vfx_void_meteor/box6","tints":[{"default":-1,"type":"minecraft:dye"}],"type":"minecraft:model"},"threshold":53},{"model":{"model":"modelengine:vfx_void_meteor/box9","tints":[{"default":-1,"type":"minecraft:dye"}],"type":"minecraft:model"},"threshold":54},{"model":{"model":"modelengine:vfx_void_meteor/box1","tints":[{"default":-1,"type":"minecraft:dye"}],"type":"minecraft:model"},"threshold":55},{"model":{"model":"modelengine:vfx_void_meteor/box4","tints":[{"default":-1,"type":"minecraft:dye"}],"type":"minecraft:model"},"threshold":56},{"model":{"model":"modelengine:vfx_void_meteor/box5","tints":[{"default":-1,"type":"minecraft:dye"}],"type":"minecraft:model"},"threshold":57},{"model":{"model":"modelengine:vfx_void_meteor/box2","tints":[{"default":-1,"type":"minecraft:dye"}],"type":"minecraft:model"},"threshold":58},{"model":{"model":"modelengine:vfx_void_meteor/box3","tints":[{"default":-1,"type":"minecraft:dye"}],"type":"minecraft:model"},"threshold":59},{"model":{"model":"modelengine:voidjet/hitbox2","tints":[{"default":-1,"type":"minecraft:dye"}],"type":"minecraft:model"},"threshold":60},{"model":{"model":"modelengine:voidjet/right_top_arm","tints":[{"default":-1,"type":"minecraft:dye"}],"type":"minecraft:model"},"threshold":61},{"model":{"model":"modelengine:voidjet/bhole_centre","tints":[{"default":-1,"type":"minecraft:dye"}],"type":"minecraft:model"},"threshold":62},{"model":{"model":"modelengine:voidjet/left_top_arm","tints":[{"default":-1,"type":"minecraft:dye"}],"type":"minecraft:model"},"threshold":63},{"model":{"model":"modelengine:voidjet/bhole_ring","tints":[{"default":-1,"type":"minecraft:dye"}],"type":"minecraft:model"},"threshold":64},{"model":{"model":"modelengine:voidjet/right_bottom_arm","tints":[{"default":-1,"type":"minecraft:dye"}],"type":"minecraft:model"},"threshold":65},{"model":{"model":"modelengine:voidjet/left_bottom_arm","tints":[{"default":-1,"type":"minecraft:dye"}],"type":"minecraft:model"},"threshold":66},{"model":{"model":"modelengine:voidjet/teil7","tints":[{"default":-1,"type":"minecraft:dye"}],"type":"minecraft:model"},"threshold":67},{"model":{"model":"modelengine:voidjet/right_top_arm2","tints":[{"default":-1,"type":"minecraft:dye"}],"type":"minecraft:model"},"threshold":68},{"model":{"model":"modelengine:voidjet/left_top_arm2","tints":[{"default":-1,"type":"minecraft:dye"}],"type":"minecraft:model"},"threshold":69},{"model":{"model":"modelengine:voidjet/right_bottom_arm2","tints":[{"default":-1,"type":"minecraft:dye"}],"type":"minecraft:model"},"threshold":70},{"model":{"model":"modelengine:voidjet/left_bottom_arm2","tints":[{"default":-1,"type":"minecraft:dye"}],"type":"minecraft:model"},"threshold":71},{"model":{"model":"modelengine:voidjet/teil8","tints":[{"default":-1,"type":"minecraft:dye"}],"type":"minecraft:model"},"threshold":72},{"model":{"model":"modelengine:voidjet/teil9","tints":[{"default":-1,"type":"minecraft:dye"}],"type":"minecraft:model"},"threshold":73},{"model":{"model":"modelengine:voidbang/bhole_centre","tints":[{"default":-1,"type":"minecraft:dye"}],"type":"minecraft:model"},"threshold":74},{"model":{"model":"modelengine:voidbang/bhole_ring","tints":[{"default":-1,"type":"minecraft:dye"}],"type":"minecraft:model"},"threshold":75},{"model":{"model":"modelengine:voidbang/teil1","tints":[{"default":-1,"type":"minecraft:dye"}],"type":"minecraft:model"},"threshold":76},{"model":{"model":"modelengine:voidbang/teil7","tints":[{"default":-1,"type":"minecraft:dye"}],"type":"minecraft:model"},"threshold":77},{"model":{"model":"modelengine:voidbang/teil10","tints":[{"default":-1,"type":"minecraft:dye"}],"type":"minecraft:model"},"threshold":78},{"model":{"model":"modelengine:voidbang/teil4","tints":[{"default":-1,"type":"minecraft:dye"}],"type":"minecraft:model"},"threshold":79},{"model":{"model":"modelengine:voidbang/teil2","tints":[{"default":-1,"type":"minecraft:dye"}],"type":"minecraft:model"},"threshold":80},{"model":{"model":"modelengine:voidbang/teil8","tints":[{"default":-1,"type":"minecraft:dye"}],"type":"minecraft:model"},"threshold":81},{"model":{"model":"modelengine:voidbang/teil11","tints":[{"default":-1,"type":"minecraft:dye"}],"type":"minecraft:model"},"threshold":82},{"model":{"model":"modelengine:voidbang/teil5","tints":[{"default":-1,"type":"minecraft:dye"}],"type":"minecraft:model"},"threshold":83},{"model":{"model":"modelengine:voidbang/teil3","tints":[{"default":-1,"type":"minecraft:dye"}],"type":"minecraft:model"},"threshold":84},{"model":{"model":"modelengine:voidbang/teil9","tints":[{"default":-1,"type":"minecraft:dye"}],"type":"minecraft:model"},"threshold":85},{"model":{"model":"modelengine:voidbang/teil12","tints":[{"default":-1,"type":"minecraft:dye"}],"type":"minecraft:model"},"threshold":86},{"model":{"model":"modelengine:voidbang/teil6","tints":[{"default":-1,"type":"minecraft:dye"}],"type":"minecraft:model"},"threshold":87},{"model":{"model":"modelengine:voidsling/arm_right","tints":[{"default":-1,"type":"minecraft:dye"}],"type":"minecraft:model"},"threshold":88},{"model":{"model":"modelengine:voidsling/bhole_centre","tints":[{"default":-1,"type":"minecraft:dye"}],"type":"minecraft:model"},"threshold":89},{"model":{"model":"modelengine:voidsling/bhole_ring","tints":[{"default":-1,"type":"minecraft:dye"}],"type":"minecraft:model"},"threshold":90},{"model":{"model":"modelengine:voidsling/arm_left","tints":[{"default":-1,"type":"minecraft:dye"}],"type":"minecraft:model"},"threshold":91},{"model":{"model":"modelengine:voidsling/arm_right_2","tints":[{"default":-1,"type":"minecraft:dye"}],"type":"minecraft:model"},"threshold":92},{"model":{"model":"modelengine:voidsling/tail","tints":[{"default":-1,"type":"minecraft:dye"}],"type":"minecraft:model"},"threshold":93},{"model":{"model":"modelengine:voidsling/arm_left_2","tints":[{"default":-1,"type":"minecraft:dye"}],"type":"minecraft:model"},"threshold":94},{"model":{"model":"modelengine:voidsling/hand_right","tints":[{"default":-1,"type":"minecraft:dye"}],"type":"minecraft:model"},"threshold":95},{"model":{"model":"modelengine:voidsling/tail_1","tints":[{"default":-1,"type":"minecraft:dye"}],"type":"minecraft:model"},"threshold":96},{"model":{"model":"modelengine:voidsling/hand_left","tints":[{"default":-1,"type":"minecraft:dye"}],"type":"minecraft:model"},"threshold":97},{"model":{"model":"modelengine:voidsling/tail_2","tints":[{"default":-1,"type":"minecraft:dye"}],"type":"minecraft:model"},"threshold":98},{"model":{"model":"modelengine:voidsling/tail_tip","tints":[{"default":-1,"type":"minecraft:dye"}],"type":"minecraft:model"},"threshold":99},{"model":{"model":"modelengine:void_hydra/left_neck_1","tints":[{"default":-1,"type":"minecraft:dye"}],"type":"minecraft:model"},"threshold":100},{"model":{"model":"modelengine:void_hydra/tail_1","tints":[{"default":-1,"type":"minecraft:dye"}],"type":"minecraft:model"},"threshold":101},{"model":{"model":"modelengine:void_hydra/left_arm","tints":[{"default":-1,"type":"minecraft:dye"}],"type":"minecraft:model"},"threshold":102},{"model":{"model":"modelengine:void_hydra/right_neck_1","tints":[{"default":-1,"type":"minecraft:dye"}],"type":"minecraft:model"},"threshold":103},{"model":{"model":"modelengine:void_hydra/right_arm","tints":[{"default":-1,"type":"minecraft:dye"}],"type":"minecraft:model"},"threshold":104},{"model":{"model":"modelengine:void_hydra/black_hole","tints":[{"default":-1,"type":"minecraft:dye"}],"type":"minecraft:model"},"threshold":105},{"model":{"model":"modelengine:void_hydra/neck_1","tints":[{"default":-1,"type":"minecraft:dye"}],"type":"minecraft:model"},"threshold":106},{"model":{"model":"modelengine:void_hydra/left_neck_2","tints":[{"default":-1,"type":"minecraft:dye"}],"type":"minecraft:model"},"threshold":107},{"model":{"model":"modelengine:void_hydra/tail_2","tints":[{"default":-1,"type":"minecraft:dye"}],"type":"minecraft:model"},"threshold":108},{"model":{"model":"modelengine:void_hydra/left_elbow","tints":[{"default":-1,"type":"minecraft:dye"}],"type":"minecraft:model"},"threshold":109},{"model":{"model":"modelengine:void_hydra/right_neck_2","tints":[{"default":-1,"type":"minecraft:dye"}],"type":"minecraft:model"},"threshold":110},{"model":{"model":"modelengine:void_hydra/right_elbow","tints":[{"default":-1,"type":"minecraft:dye"}],"type":"minecraft:model"},"threshold":111},{"model":{"model":"modelengine:void_hydra/black_hole_ring","tints":[{"default":-1,"type":"minecraft:dye"}],"type":"minecraft:model"},"threshold":112},{"model":{"model":"modelengine:void_hydra/neck_2","tints":[{"default":-1,"type":"minecraft:dye"}],"type":"minecraft:model"},"threshold":113},{"model":{"model":"modelengine:void_hydra/left_neck_3","tints":[{"default":-1,"type":"minecraft:dye"}],"type":"minecraft:model"},"threshold":114},{"model":{"model":"modelengine:void_hydra/tail_3","tints":[{"default":-1,"type":"minecraft:dye"}],"type":"minecraft:model"},"threshold":115},{"model":{"model":"modelengine:void_hydra/left_hand","tints":[{"default":-1,"type":"minecraft:dye"}],"type":"minecraft:model"},"threshold":116},{"model":{"model":"modelengine:void_hydra/right_neck_3","tints":[{"default":-1,"type":"minecraft:dye"}],"type":"minecraft:model"},"threshold":117},{"model":{"model":"modelengine:void_hydra/right_hand","tints":[{"default":-1,"type":"minecraft:dye"}],"type":"minecraft:model"},"threshold":118},{"model":{"model":"modelengine:void_hydra/neck_3","tints":[{"default":-1,"type":"minecraft:dye"}],"type":"minecraft:model"},"threshold":119},{"model":{"model":"modelengine:void_hydra/left_neck_4","tints":[{"default":-1,"type":"minecraft:dye"}],"type":"minecraft:model"},"threshold":120},{"model":{"model":"modelengine:void_hydra/tail_4","tints":[{"default":-1,"type":"minecraft:dye"}],"type":"minecraft:model"},"threshold":121},{"model":{"model":"modelengine:void_hydra/left_mid","tints":[{"default":-1,"type":"minecraft:dye"}],"type":"minecraft:model"},"threshold":122},{"model":{"model":"modelengine:void_hydra/left_pink","tints":[{"default":-1,"type":"minecraft:dye"}],"type":"minecraft:model"},"threshold":123},{"model":{"model":"modelengine:void_hydra/left_point","tints":[{"default":-1,"type":"minecraft:dye"}],"type":"minecraft:model"},"threshold":124},{"model":{"model":"modelengine:void_hydra/right_neck_4","tints":[{"default":-1,"type":"minecraft:dye"}],"type":"minecraft:model"},"threshold":125},{"model":{"model":"modelengine:void_hydra/right_pink","tints":[{"default":-1,"type":"minecraft:dye"}],"type":"minecraft:model"},"threshold":126},{"model":{"model":"modelengine:void_hydra/right_point","tints":[{"default":-1,"type":"minecraft:dye"}],"type":"minecraft:model"},"threshold":127},{"model":{"model":"modelengine:void_hydra/right_mid","tints":[{"default":-1,"type":"minecraft:dye"}],"type":"minecraft:model"},"threshold":128},{"model":{"model":"modelengine:void_hydra/neck_4","tints":[{"default":-1,"type":"minecraft:dye"}],"type":"minecraft:model"},"threshold":129},{"model":{"model":"modelengine:void_hydra/tail_5","tints":[{"default":-1,"type":"minecraft:dye"}],"type":"minecraft:model"},"threshold":130},{"model":{"model":"modelengine:void_hydra/left_middle","tints":[{"default":-1,"type":"minecraft:dye"}],"type":"minecraft:model"},"threshold":131},{"model":{"model":"modelengine:void_hydra/left_pinky","tints":[{"default":-1,"type":"minecraft:dye"}],"type":"minecraft:model"},"threshold":132},{"model":{"model":"modelengine:void_hydra/left_pointy","tints":[{"default":-1,"type":"minecraft:dye"}],"type":"minecraft:model"},"threshold":133},{"model":{"model":"modelengine:void_hydra/right_pinky","tints":[{"default":-1,"type":"minecraft:dye"}],"type":"minecraft:model"},"threshold":134},{"model":{"model":"modelengine:void_hydra/right_pointy","tints":[{"default":-1,"type":"minecraft:dye"}],"type":"minecraft:model"},"threshold":135},{"model":{"model":"modelengine:void_hydra/right_middle","tints":[{"default":-1,"type":"minecraft:dye"}],"type":"minecraft:model"},"threshold":136},{"model":{"model":"modelengine:void_hydra/left_atomic_in","tints":[{"default":-1,"type":"minecraft:dye"}],"type":"minecraft:model"},"threshold":137},{"model":{"model":"modelengine:void_hydra/left_head","tints":[{"default":-1,"type":"minecraft:dye"}],"type":"minecraft:model"},"threshold":138},{"model":{"model":"modelengine:void_hydra/tail_6","tints":[{"default":-1,"type":"minecraft:dye"}],"type":"minecraft:model"},"threshold":139},{"model":{"model":"modelengine:void_hydra/right_atomic_in","tints":[{"default":-1,"type":"minecraft:dye"}],"type":"minecraft:model"},"threshold":140},{"model":{"model":"modelengine:void_hydra/right_head","tints":[{"default":-1,"type":"minecraft:dye"}],"type":"minecraft:model"},"threshold":141},{"model":{"model":"modelengine:void_hydra/head","tints":[{"default":-1,"type":"minecraft:dye"}],"type":"minecraft:model"},"threshold":142},{"model":{"model":"modelengine:void_hydra/mid_atomic_in","tints":[{"default":-1,"type":"minecraft:dye"}],"type":"minecraft:model"},"threshold":143},{"model":{"model":"modelengine:void_hydra/left_atomic_out","tints":[{"default":-1,"type":"minecraft:dye"}],"type":"minecraft:model"},"threshold":144},{"model":{"model":"modelengine:void_hydra/left_shout","tints":[{"default":-1,"type":"minecraft:dye"}],"type":"minecraft:model"},"threshold":145},{"model":{"model":"modelengine:void_hydra/left_jaw","tints":[{"default":-1,"type":"minecraft:dye"}],"type":"minecraft:model"},"threshold":146},{"model":{"model":"modelengine:void_hydra/tail_7","tints":[{"default":-1,"type":"minecraft:dye"}],"type":"minecraft:model"},"threshold":147},{"model":{"model":"modelengine:void_hydra/right_atomic_out","tints":[{"default":-1,"type":"minecraft:dye"}],"type":"minecraft:model"},"threshold":148},{"model":{"model":"modelengine:void_hydra/right_jaw","tints":[{"default":-1,"type":"minecraft:dye"}],"type":"minecraft:model"},"threshold":149},{"model":{"model":"modelengine:void_hydra/right_shout","tints":[{"default":-1,"type":"minecraft:dye"}],"type":"minecraft:model"},"threshold":150},{"model":{"model":"modelengine:void_hydra/jaw","tints":[{"default":-1,"type":"minecraft:dye"}],"type":"minecraft:model"},"threshold":151},{"model":{"model":"modelengine:void_hydra/mid_shout","tints":[{"default":-1,"type":"minecraft:dye"}],"type":"minecraft:model"},"threshold":152},{"model":{"model":"modelengine:void_hydra/mid_atomic_out2","tints":[{"default":-1,"type":"minecraft:dye"}],"type":"minecraft:model"},"threshold":153},{"model":{"model":"modelengine:void_hydra/tail_8","tints":[{"default":-1,"type":"minecraft:dye"}],"type":"minecraft:model"},"threshold":154},{"model":{"model":"modelengine:void_hydra/mid_bhin","tints":[{"default":-1,"type":"minecraft:dye"}],"type":"minecraft:model"},"threshold":155},{"model":{"model":"modelengine:void_hydra/mid_bhout","tints":[{"default":-1,"type":"minecraft:dye"}],"type":"minecraft:model"},"threshold":156},{"model":{"model":"modelengine:void_hydra/tail_hole","tints":[{"default":-1,"type":"minecraft:dye"}],"type":"minecraft:model"},"threshold":157}],"fallback":{"model":"minecraft:item/leather_horse_armor","tints":[{"default":-6265536,"type":"minecraft:dye"}],"type":"minecraft:model"},"property":"minecraft:custom_model_data","type":"minecraft:range_dispatch"},"oversized_in_gui":true}