{"credit":"Made with Blockbench","texture_size":[128,128],"textures":{"1":"elitecreatures:thanks_giving_2023_v1/chest_texture"},"elements":[{"from":[5,5,8],"to":[11,8,10],"rotation":{"angle":0,"axis":"y","origin":[0,-2,0]},"faces":{"north":{"uv":[9.125,8.625,9.875,9],"texture":"#1"},"east":{"uv":[1.75,9.5,2,9.875],"texture":"#1"},"south":{"uv":[9.25,5.5,10,5.875],"texture":"#1"},"west":{"uv":[2,9.5,2.25,9.875],"texture":"#1"},"up":{"uv":[6.75,4,6,3.75],"texture":"#1"},"down":{"uv":[7.5,3.75,6.75,4],"texture":"#1"}}},{"from":[5,0,9],"to":[11,5,9],"rotation":{"angle":0,"axis":"y","origin":[0,-2,0]},"faces":{"north":{"uv":[8.625,9.125,9.375,9.75],"texture":"#1"},"east":{"uv":[0,0,0,0.625],"texture":"#1"},"south":{"uv":[9.375,9.125,8.625,9.75],"texture":"#1"},"west":{"uv":[0,0,0,0.625],"texture":"#1"},"up":{"uv":[0.75,0,0,0],"texture":"#1"},"down":{"uv":[0.75,0,0,0],"texture":"#1"}}},{"from":[7,8,8],"to":[9,14,10],"rotation":{"angle":0,"axis":"y","origin":[0,-2,0]},"faces":{"north":{"uv":[9.375,9,9.625,9.75],"texture":"#1"},"east":{"uv":[0,9.5,0.25,10.25],"texture":"#1"},"south":{"uv":[0.25,9.5,0.5,10.25],"texture":"#1"},"west":{"uv":[0.5,9.5,0.75,10.25],"texture":"#1"},"up":{"uv":[8.75,6.875,8.5,6.625],"texture":"#1"},"down":{"uv":[9,6.625,8.75,6.875],"texture":"#1"}}},{"from":[9,12,8.5],"to":[11,13,9.5],"rotation":{"angle":0,"axis":"y","origin":[0,-2,0]},"faces":{"north":{"uv":[9,6.625,9.25,6.75],"texture":"#1"},"east":{"uv":[7.875,8.375,8,8.5],"texture":"#1"},"south":{"uv":[9,6.75,9.25,6.875],"texture":"#1"},"west":{"uv":[7.875,8.5,8,8.625],"texture":"#1"},"up":{"uv":[7.375,9.125,7.125,9],"texture":"#1"},"down":{"uv":[7.625,9,7.375,9.125],"texture":"#1"}}}],"gui_light":"front","display":{"thirdperson_righthand":{"translation":[0,1.25,0.5],"scale":[0.45,0.45,0.45]},"thirdperson_lefthand":{"translation":[0,1.25,0.5],"scale":[0.45,0.45,0.45]},"firstperson_righthand":{"rotation":[0,-80,10],"translation":[1.13,3.2,1.5],"scale":[0.5,0.5,0.5]},"firstperson_lefthand":{"rotation":[0,-80,10],"translation":[1.13,3.2,1.5],"scale":[0.5,0.5,0.5]},"ground":{"translation":[0,1,0],"scale":[0.61,0.61,0.61]},"gui":{"rotation":[24,7,-45],"translation":[0.25,0.5,0],"scale":[0.86328,0.86328,0.86328]},"head":{"translation":[0,13,0]},"fixed":{"translation":[0,1.25,-0.75],"scale":[1.32813,1.32813,1.32813]}}}