{"providers":[{"file":"_iainternal:gui/no_recipe.png","chars":[""],"height":170,"ascent":47,"type":"bitmap"},{"file":"_iainternal:gui/crafting.png","chars":[""],"height":170,"ascent":47,"type":"bitmap"},{"file":"_iainternal:gui/cooking.png","chars":[""],"height":170,"ascent":47,"type":"bitmap"},{"file":"_iainternal:gui/blank_menu.png","chars":[""],"height":170,"ascent":47,"type":"bitmap"},{"file":"_iainternal:gui/anvil_repair.png","chars":[""],"height":170,"ascent":47,"type":"bitmap"},{"file":"_iainternal:gui/smithing.png","chars":[""],"height":170,"ascent":47,"type":"bitmap"},{"file":"supreme_icons:custom/supreme-icons/masks/mask-1.png","chars":["ꡀ"],"height":10,"ascent":9,"type":"bitmap"},{"file":"supreme_icons:custom/supreme-icons/masks/mask-2.png","chars":["ꡁ"],"height":10,"ascent":9,"type":"bitmap"},{"file":"supreme_icons:custom/supreme-icons/masks/mask-3.png","chars":["ꡂ"],"height":10,"ascent":9,"type":"bitmap"},{"file":"supreme_icons:custom/supreme-icons/masks/mask-4.png","chars":["ꡃ"],"height":10,"ascent":9,"type":"bitmap"},{"file":"supreme_icons:custom/supreme-icons/masks/mask-5.png","chars":["ꡄ"],"height":10,"ascent":9,"type":"bitmap"},{"file":"supreme_icons:custom/supreme-icons/masks/mask-6.png","chars":["ꡅ"],"height":10,"ascent":9,"type":"bitmap"},{"file":"supreme_icons:custom/supreme-icons/masks/mask-7.png","chars":["ꡆ"],"height":10,"ascent":9,"type":"bitmap"},{"file":"supreme_icons:custom/supreme-icons/hats/hat-1.png","chars":["ꡇ"],"height":10,"ascent":9,"type":"bitmap"},{"file":"supreme_icons:custom/supreme-icons/hats/hat-2.png","chars":["ꡈ"],"height":10,"ascent":9,"type":"bitmap"},{"file":"supreme_icons:custom/supreme-icons/hats/hat-3.png","chars":["ꡉ"],"height":10,"ascent":9,"type":"bitmap"},{"file":"supreme_icons:custom/supreme-icons/hats/hat-4.png","chars":["ꡊ"],"height":10,"ascent":9,"type":"bitmap"},{"file":"supreme_icons:custom/supreme-icons/hats/hat-5.png","chars":["ꡋ"],"height":10,"ascent":9,"type":"bitmap"},{"file":"supreme_icons:custom/supreme-icons/hats/hat-6.png","chars":["ꡌ"],"height":10,"ascent":9,"type":"bitmap"},{"file":"supreme_icons:custom/supreme-icons/gifts/gift-1.png","chars":["ꡍ"],"height":10,"ascent":9,"type":"bitmap"},{"file":"supreme_icons:custom/supreme-icons/gifts/gift-2.png","chars":["ꡎ"],"height":10,"ascent":9,"type":"bitmap"},{"file":"supreme_icons:custom/supreme-icons/gifts/gift-3.png","chars":["ꡏ"],"height":10,"ascent":9,"type":"bitmap"},{"file":"supreme_icons:custom/supreme-icons/gifts/gift-4.png","chars":["ꡐ"],"height":10,"ascent":9,"type":"bitmap"},{"file":"supreme_icons:custom/supreme-icons/gifts/gift-5.png","chars":["ꡑ"],"height":10,"ascent":9,"type":"bitmap"},{"file":"supreme_icons:custom/supreme-icons/gifts/gift-6.png","chars":["ꡒ"],"height":10,"ascent":9,"type":"bitmap"},{"file":"supreme_icons:custom/supreme-icons/bubbles/bubble-1.png","chars":["ꡓ"],"height":10,"ascent":9,"type":"bitmap"},{"file":"supreme_icons:custom/supreme-icons/bubbles/bubble-2.png","chars":["ꡔ"],"height":10,"ascent":9,"type":"bitmap"},{"file":"supreme_icons:custom/supreme-icons/bubbles/bubble-3.png","chars":["ꡕ"],"height":10,"ascent":9,"type":"bitmap"},{"file":"supreme_icons:custom/supreme-icons/bubbles/bubble-4.png","chars":["ꡖ"],"height":10,"ascent":9,"type":"bitmap"},{"file":"supreme_icons:custom/supreme-icons/bubbles/bubble-5.png","chars":["ꡗ"],"height":10,"ascent":9,"type":"bitmap"},{"file":"supreme_icons:custom/supreme-icons/bubbles/bubble-6.png","chars":["ꡘ"],"height":10,"ascent":9,"type":"bitmap"},{"file":"supreme_icons:custom/supreme-icons/bubbles/bubble-7.png","chars":["ꡙ"],"height":10,"ascent":9,"type":"bitmap"},{"file":"supreme_icons:custom/supreme-icons/bubbles/bubble-8.png","chars":["ꡚ"],"height":10,"ascent":9,"type":"bitmap"},{"file":"supreme_icons:custom/supreme-icons/common/anvil.png","chars":["ꡛ"],"height":10,"ascent":9,"type":"bitmap"},{"file":"supreme_icons:custom/supreme-icons/common/book.png","chars":["ꡜ"],"height":10,"ascent":9,"type":"bitmap"},{"file":"supreme_icons:custom/supreme-icons/common/candy.png","chars":["ꡝ"],"height":10,"ascent":9,"type":"bitmap"},{"file":"supreme_icons:custom/supreme-icons/common/cloud.png","chars":["ꡟ"],"height":10,"ascent":9,"type":"bitmap"},{"file":"supreme_icons:custom/supreme-icons/common/flame.png","chars":["ꡠ"],"height":10,"ascent":9,"type":"bitmap"},{"file":"supreme_icons:custom/supreme-icons/common/hammer.png","chars":["ꡡ"],"height":10,"ascent":9,"type":"bitmap"},{"file":"supreme_icons:custom/supreme-icons/common/medal.png","chars":["ꡢ"],"height":10,"ascent":9,"type":"bitmap"},{"file":"supreme_icons:custom/supreme-icons/common/sleeping.png","chars":["ꡣ"],"height":10,"ascent":9,"type":"bitmap"},{"file":"supreme_icons:custom/supreme-icons/common/small-star.png","chars":["ꡤ"],"height":10,"ascent":9,"type":"bitmap"},{"file":"supreme_icons:custom/supreme-icons/common/spell.png","chars":["ꡥ"],"height":10,"ascent":9,"type":"bitmap"},{"file":"supreme_icons:custom/supreme-icons/common/spider.png","chars":["ꡦ"],"height":10,"ascent":9,"type":"bitmap"},{"file":"supreme_icons:custom/supreme-icons/common/star.png","chars":["ꡧ"],"height":10,"ascent":9,"type":"bitmap"},{"file":"supreme_icons:custom/supreme-icons/common/sword.png","chars":["ꡨ"],"height":10,"ascent":9,"type":"bitmap"},{"file":"supreme_icons:custom/supreme-icons/common/thunder.png","chars":["ꡩ"],"height":10,"ascent":9,"type":"bitmap"},{"file":"supreme_icons:custom/supreme-icons/common/hat.png","chars":["ꡪ"],"height":10,"ascent":9,"type":"bitmap"},{"file":"supreme_icons:custom/supreme-icons/common/treasure.png","chars":["ꡫ"],"height":10,"ascent":9,"type":"bitmap"},{"file":"supreme_icons:custom/supreme-icons/common/trophy.png","chars":["ꡬ"],"height":10,"ascent":9,"type":"bitmap"},{"file":"supreme_icons:custom/supreme-icons/common/heart.png","chars":["ꡭ"],"height":10,"ascent":9,"type":"bitmap"},{"file":"supreme_icons:custom/supreme-icons/common/coin.png","chars":["ꡮ"],"height":10,"ascent":9,"type":"bitmap"},{"file":"supreme_icons:custom/supreme-icons/common/gem.png","chars":["ꡯ"],"height":10,"ascent":9,"type":"bitmap"},{"file":"supreme_icons:custom/supreme-icons/common/cup.png","chars":["ꡰ"],"height":10,"ascent":9,"type":"bitmap"},{"file":"supreme_icons:custom/supreme-icons/common/small-shield.png","chars":["ꡱ"],"height":10,"ascent":9,"type":"bitmap"},{"file":"supreme_icons:custom/supreme-icons/common/shield-1.png","chars":["ꡲ"],"height":10,"ascent":9,"type":"bitmap"},{"file":"supreme_icons:custom/supreme-icons/common/shield-2.png","chars":["ꡳ"],"height":10,"ascent":9,"type":"bitmap"},{"file":"supreme_icons:custom/supreme-icons/common/shield-3.png","chars":["꡴"],"height":10,"ascent":9,"type":"bitmap"},{"file":"supreme_icons:custom/supreme-icons/common/wing.png","chars":["꡵"],"height":10,"ascent":9,"type":"bitmap"},{"file":"supreme_icons:custom/supreme-icons/common/small-candy.png","chars":["꡶"],"height":10,"ascent":9,"type":"bitmap"},{"file":"supreme_icons:custom/supreme-icons/common/blue-gem.png","chars":["꡷"],"height":10,"ascent":9,"type":"bitmap"},{"file":"supreme_icons:custom/supreme-icons/crystals/crystal-1.png","chars":["ก"],"height":10,"ascent":9,"type":"bitmap"},{"file":"supreme_icons:custom/supreme-icons/crystals/crystal-2.png","chars":["ข"],"height":10,"ascent":9,"type":"bitmap"},{"file":"supreme_icons:custom/supreme-icons/crystals/crystal-3.png","chars":["ฃ"],"height":10,"ascent":9,"type":"bitmap"},{"file":"supreme_icons:custom/supreme-icons/crystals/crystal-4.png","chars":["ค"],"height":10,"ascent":9,"type":"bitmap"},{"file":"supreme_icons:custom/supreme-icons/crystals/crystal-5.png","chars":["ฅ"],"height":10,"ascent":9,"type":"bitmap"},{"file":"supreme_icons:custom/supreme-icons/crystals/crystal-6.png","chars":["ฆ"],"height":10,"ascent":9,"type":"bitmap"},{"file":"supreme_icons:custom/supreme-icons/crystals/crystal-7.png","chars":["ง"],"height":10,"ascent":9,"type":"bitmap"},{"file":"supreme_icons:custom/supreme-icons/crystals/crystal-8.png","chars":["จ"],"height":10,"ascent":9,"type":"bitmap"},{"file":"supreme_icons:custom/supreme-icons/crystals/crystal-9.png","chars":["ฉ"],"height":10,"ascent":9,"type":"bitmap"},{"file":"supreme_icons:custom/supreme-icons/crystals/crystal-10.png","chars":["ช"],"height":10,"ascent":9,"type":"bitmap"},{"file":"supreme_icons:custom/supreme-icons/minecraft/amethyst_shard.png","chars":["ซ"],"height":10,"ascent":9,"type":"bitmap"},{"file":"supreme_icons:custom/supreme-icons/minecraft/apple.png","chars":["ฌ"],"height":10,"ascent":9,"type":"bitmap"},{"file":"supreme_icons:custom/supreme-icons/minecraft/axolotl_bucket.png","chars":["ญ"],"height":10,"ascent":9,"type":"bitmap"},{"file":"supreme_icons:custom/supreme-icons/minecraft/bell.png","chars":["ฎ"],"height":10,"ascent":9,"type":"bitmap"},{"file":"supreme_icons:custom/supreme-icons/minecraft/blaze_powder.png","chars":["ฏ"],"height":10,"ascent":9,"type":"bitmap"},{"file":"supreme_icons:custom/supreme-icons/minecraft/chest.png","chars":["ฐ"],"height":10,"ascent":9,"type":"bitmap"},{"file":"supreme_icons:custom/supreme-icons/minecraft/copper_ingot.png","chars":["ฑ"],"height":10,"ascent":9,"type":"bitmap"},{"file":"supreme_icons:custom/supreme-icons/minecraft/diamond.png","chars":["ฒ"],"height":10,"ascent":9,"type":"bitmap"},{"file":"supreme_icons:custom/supreme-icons/minecraft/emerald.png","chars":["ณ"],"height":10,"ascent":9,"type":"bitmap"},{"file":"supreme_icons:custom/supreme-icons/minecraft/firework_rocket.png","chars":["ด"],"height":10,"ascent":9,"type":"bitmap"},{"file":"supreme_icons:custom/supreme-icons/minecraft/gold_ingot.png","chars":["ต"],"height":10,"ascent":9,"type":"bitmap"},{"file":"supreme_icons:custom/supreme-icons/minecraft/golden_apple.png","chars":["ถ"],"height":10,"ascent":9,"type":"bitmap"},{"file":"supreme_icons:custom/supreme-icons/minecraft/honeycomb.png","chars":["ท"],"height":10,"ascent":9,"type":"bitmap"},{"file":"supreme_icons:custom/supreme-icons/minecraft/nether_star.png","chars":["ธ"],"height":10,"ascent":9,"type":"bitmap"},{"file":"supreme_icons:custom/supreme-icons/minecraft/netherite_ingot.png","chars":["น"],"height":10,"ascent":9,"type":"bitmap"},{"file":"supreme_icons:custom/supreme-icons/minecraft/totem_of_undying.png","chars":["บ"],"height":10,"ascent":9,"type":"bitmap"},{"file":"supreme_icons:custom/supreme-icons/minecraft/turtle_egg.png","chars":["ป"],"height":10,"ascent":9,"type":"bitmap"},{"file":"supreme_icons:custom/supreme-icons/minecraft/xpbottlesmall.png","chars":["ผ"],"height":10,"ascent":9,"type":"bitmap"},{"file":"supreme_icons:custom/supreme-icons/minecraft/heart_of_the_sea.png","chars":["ฝ"],"height":10,"ascent":9,"type":"bitmap"},{"file":"supreme_icons:custom/supreme-icons/minecraft/knowledge_book.png","chars":["พ"],"height":10,"ascent":9,"type":"bitmap"},{"file":"supreme_icons:custom/supreme-icons/minecraft/light.png","chars":["ฟ"],"height":10,"ascent":9,"type":"bitmap"},{"file":"supreme_icons:custom/supreme-icons/minecraft/magma_cream.png","chars":["ภ"],"height":10,"ascent":9,"type":"bitmap"},{"file":"supreme_icons:custom/supreme-icons/minecraft/slime_ball.png","chars":["ม"],"height":10,"ascent":9,"type":"bitmap"},{"file":"supreme_icons:custom/supreme-icons/ruby/ruby-1.png","chars":["ย"],"height":10,"ascent":9,"type":"bitmap"},{"file":"supreme_icons:custom/supreme-icons/ruby/ruby-2.png","chars":["ร"],"height":10,"ascent":9,"type":"bitmap"},{"file":"supreme_icons:custom/supreme-icons/ruby/ruby-3.png","chars":["ฤ"],"height":10,"ascent":9,"type":"bitmap"},{"file":"supreme_icons:custom/supreme-icons/ruby/ruby-4.png","chars":["ล"],"height":10,"ascent":9,"type":"bitmap"},{"file":"supreme_icons:custom/supreme-icons/ruby/ruby-5.png","chars":["ฦ"],"height":10,"ascent":9,"type":"bitmap"},{"file":"supreme_icons:custom/supreme-icons/ruby/ruby-6.png","chars":["ว"],"height":10,"ascent":9,"type":"bitmap"},{"file":"supreme_icons:custom/supreme-icons/ruby/ruby-7.png","chars":["ศ"],"height":10,"ascent":9,"type":"bitmap"},{"file":"supreme_icons:custom/supreme-icons/ruby/ruby-8.png","chars":["ษ"],"height":10,"ascent":9,"type":"bitmap"},{"file":"supreme_icons:custom/supreme-icons/updates/update-1.png","chars":["ส"],"height":10,"ascent":9,"type":"bitmap"},{"file":"supreme_icons:custom/supreme-icons/updates/update-2.png","chars":["ห"],"height":10,"ascent":9,"type":"bitmap"},{"file":"supreme_icons:custom/supreme-icons/updates/update-3.png","chars":["ฬ"],"height":10,"ascent":9,"type":"bitmap"},{"file":"supreme_icons:custom/supreme-icons/updates/update-4.png","chars":["อ"],"height":10,"ascent":9,"type":"bitmap"},{"file":"supreme_icons:custom/supreme-icons/updates/update-5.png","chars":["ฮ"],"height":10,"ascent":9,"type":"bitmap"},{"file":"supreme_icons:custom/supreme-icons/updates/update-6.png","chars":["ऀ"],"height":10,"ascent":9,"type":"bitmap"},{"file":"supreme_icons:custom/supreme-icons/updates/update-7.png","chars":["ँ"],"height":10,"ascent":9,"type":"bitmap"},{"file":"supreme_icons:custom/supreme-icons/updates/update-8.png","chars":["ༀ"],"height":10,"ascent":9,"type":"bitmap"},{"file":"supreme_icons:custom/supreme-icons/updates/update-9.png","chars":["༁"],"height":10,"ascent":9,"type":"bitmap"},{"file":"supreme_icons:custom/supreme-icons/updates/update-10.png","chars":["༂"],"height":10,"ascent":9,"type":"bitmap"},{"file":"supreme_icons:custom/supreme-icons/updates/update-11.png","chars":["༃"],"height":10,"ascent":9,"type":"bitmap"},{"file":"supreme_icons:custom/supreme-icons/updates/update-12.png","chars":["༄"],"height":10,"ascent":9,"type":"bitmap"},{"file":"supreme_icons:custom/supreme-icons/updates/update-13.png","chars":["༅"],"height":10,"ascent":9,"type":"bitmap"},{"file":"supreme_icons:custom/supreme-icons/updates/update-14.png","chars":["༆"],"height":10,"ascent":9,"type":"bitmap"},{"file":"nightmarket:font/gui/nightmarket/nightmarket_main.png","chars":[""],"height":256,"ascent":185,"type":"bitmap"},{"file":"nightmarket:font/gui/nightmarket/nightmarket_confirm.png","chars":[""],"height":256,"ascent":185,"type":"bitmap"},{"file":"nightmarket:font/rarity/common.png","chars":[""],"height":9,"ascent":8,"type":"bitmap"},{"file":"nightmarket:font/rarity/uncommon.png","chars":[""],"height":9,"ascent":8,"type":"bitmap"},{"file":"nightmarket:font/rarity/rare.png","chars":[""],"height":9,"ascent":8,"type":"bitmap"},{"file":"nightmarket:font/rarity/epic.png","chars":[""],"height":9,"ascent":8,"type":"bitmap"},{"file":"nightmarket:font/rarity/legendary.png","chars":[""],"height":9,"ascent":8,"type":"bitmap"},{"file":"nightmarket:font/rarity/mythical.png","chars":[""],"height":9,"ascent":8,"type":"bitmap"},{"file":"_iainternal:hud/small_cooldown_bar/0.png","chars":[""],"height":22,"ascent":-42,"type":"bitmap"},{"file":"_iainternal:hud/small_cooldown_bar/1.png","chars":[""],"height":22,"ascent":-42,"type":"bitmap"},{"file":"_iainternal:hud/small_cooldown_bar/2.png","chars":[""],"height":22,"ascent":-42,"type":"bitmap"},{"file":"_iainternal:hud/small_cooldown_bar/3.png","chars":[""],"height":22,"ascent":-42,"type":"bitmap"},{"file":"_iainternal:hud/small_cooldown_bar/4.png","chars":[""],"height":22,"ascent":-42,"type":"bitmap"},{"file":"_iainternal:hud/small_cooldown_bar/5.png","chars":[""],"height":22,"ascent":-42,"type":"bitmap"},{"file":"_iainternal:hud/small_cooldown_bar/6.png","chars":[""],"height":22,"ascent":-42,"type":"bitmap"},{"file":"_iainternal:hud/small_cooldown_bar/7.png","chars":[""],"height":22,"ascent":-42,"type":"bitmap"},{"file":"_iainternal:hud/small_cooldown_bar/8.png","chars":[""],"height":22,"ascent":-42,"type":"bitmap"},{"file":"_iainternal:hud/small_cooldown_bar/9.png","chars":[""],"height":22,"ascent":-42,"type":"bitmap"},{"file":"_iainternal:hud/small_cooldown_bar/10.png","chars":[""],"height":22,"ascent":-42,"type":"bitmap"},{"file":"_iainternal:hud/small_cooldown_bar/11.png","chars":[""],"height":22,"ascent":-42,"type":"bitmap"},{"file":"_iainternal:hud/small_cooldown_bar/12.png","chars":[""],"height":22,"ascent":-42,"type":"bitmap"},{"file":"_iainternal:hud/small_cooldown_bar/13.png","chars":[""],"height":22,"ascent":-42,"type":"bitmap"},{"file":"_iainternal:hud/small_cooldown_bar/14.png","chars":[""],"height":22,"ascent":-42,"type":"bitmap"},{"file":"_iainternal:hud/small_cooldown_bar/15.png","chars":[""],"height":22,"ascent":-42,"type":"bitmap"},{"file":"_iainternal:hud/small_cooldown_bar/16.png","chars":[""],"height":22,"ascent":-42,"type":"bitmap"},{"file":"_iainternal:hud/small_cooldown_bar/17.png","chars":[""],"height":22,"ascent":-42,"type":"bitmap"},{"file":"_iainternal:hud/small_cooldown_bar/18.png","chars":[""],"height":22,"ascent":-42,"type":"bitmap"},{"file":"_iainternal:hud/small_cooldown_bar/19.png","chars":[""],"height":22,"ascent":-42,"type":"bitmap"},{"file":"_iainternal:hud/small_cooldown_bar/20.png","chars":[""],"height":22,"ascent":-42,"type":"bitmap"},{"file":"char/black.png","chars":[""],"height":1,"ascent":-5000,"type":"bitmap"},{"file":"char/black.png","chars":[""],"height":2,"ascent":-5000,"type":"bitmap"},{"file":"char/black.png","chars":[""],"height":3,"ascent":-5000,"type":"bitmap"},{"file":"char/black.png","chars":[""],"height":4,"ascent":-5000,"type":"bitmap"},{"file":"char/black.png","chars":[""],"height":5,"ascent":-5000,"type":"bitmap"},{"file":"char/black.png","chars":[""],"height":6,"ascent":-5000,"type":"bitmap"},{"file":"char/black.png","chars":[""],"height":7,"ascent":-5000,"type":"bitmap"},{"file":"char/black.png","chars":[""],"height":15,"ascent":-5000,"type":"bitmap"},{"file":"char/black.png","chars":[""],"height":31,"ascent":-5000,"type":"bitmap"},{"file":"char/black.png","chars":[""],"height":63,"ascent":-5000,"type":"bitmap"},{"file":"char/black.png","chars":[""],"height":127,"ascent":-5000,"type":"bitmap"},{"file":"char/black.png","chars":[""],"height":256,"ascent":-5000,"type":"bitmap"},{"file":"char/black.png","chars":[""],"height":512,"ascent":-5000,"type":"bitmap"},{"file":"char/black.png","chars":[""],"height":1024,"ascent":-5000,"type":"bitmap"},{"file":"char/black.png","chars":[""],"height":-3,"ascent":-5000,"type":"bitmap"},{"file":"char/black.png","chars":[""],"height":-4,"ascent":-5000,"type":"bitmap"},{"file":"char/black.png","chars":[""],"height":-5,"ascent":-5000,"type":"bitmap"},{"file":"char/black.png","chars":[""],"height":-6,"ascent":-5000,"type":"bitmap"},{"file":"char/black.png","chars":[""],"height":-7,"ascent":-5000,"type":"bitmap"},{"file":"char/black.png","chars":[""],"height":-8,"ascent":-5000,"type":"bitmap"},{"file":"char/black.png","chars":[""],"height":-9,"ascent":-5000,"type":"bitmap"},{"file":"char/black.png","chars":[""],"height":-10,"ascent":-5000,"type":"bitmap"},{"file":"char/black.png","chars":[""],"height":-18,"ascent":-5000,"type":"bitmap"},{"file":"char/black.png","chars":[""],"height":-34,"ascent":-5000,"type":"bitmap"},{"file":"char/black.png","chars":[""],"height":-66,"ascent":-5000,"type":"bitmap"},{"file":"char/black.png","chars":[""],"height":-130,"ascent":-5000,"type":"bitmap"},{"file":"char/black.png","chars":[""],"height":-259,"ascent":-5000,"type":"bitmap"},{"file":"char/black.png","chars":[""],"height":-515,"ascent":-5000,"type":"bitmap"},{"file":"char/black.png","chars":[""],"height":-1027,"ascent":-5000,"type":"bitmap"}]}