{"parent":"minecraft:item/handheld","textures":{"layer0":"minecraft:item/netherite_shovel"},"overrides":[{"predicate":{"custom_model_data":10014},"model":"littlesharkset:shovel"},{"predicate":{"custom_model_data":10020},"model":"void_dragon_set:void_dragon_set/shovel"},{"predicate":{"custom_model_data":10025},"model":"enderdragonset:shovel"},{"predicate":{"custom_model_data":10031},"model":"plny_spectral_corsair:shovel"},{"predicate":{"custom_model_data":10032},"model":"item/netherite_shovel"}]}