{"parent":"minecraft:item/generated","textures":{"layer0":"minecraft:item/paper"},"overrides":[{"predicate":{"custom_model_data":10000},"model":"_iainternal:ia_auto_gen/icon_left_blue"},{"predicate":{"custom_model_data":10001},"model":"_iainternal:ia_auto_gen/icon_right_blue"},{"predicate":{"custom_model_data":10002},"model":"_iainternal:ia_auto_gen/icon_search"},{"predicate":{"custom_model_data":10003},"model":"_iainternal:ia_auto_gen/icon_cancel"},{"predicate":{"custom_model_data":10004},"model":"_iainternal:ia_auto_gen/icon_arrow_chest"},{"predicate":{"custom_model_data":10005},"model":"_iainternal:ia_auto_gen/icon_back_orange"},{"predicate":{"custom_model_data":10006},"model":"_iainternal:ia_auto_gen/icon_next_orange"},{"predicate":{"custom_model_data":10020},"model":"hats_expansion:cardboard_box"},{"predicate":{"custom_model_data":10021},"model":"hats_expansion:hard_hat"},{"predicate":{"custom_model_data":10027},"model":"plny_spectral_corsair:chest"},{"predicate":{"custom_model_data":10028},"model":"plny_spectral_corsair:key"},{"predicate":{"custom_model_data":10029},"model":"plny_spectral_corsair:pirate_hat"},{"predicate":{"custom_model_data":10030},"model":"plny_spectral_corsair:wings"},{"predicate":{"custom_model_data":10369},"model":"fishing_pack:ia_auto_gen/common_fishing_bait"},{"predicate":{"custom_model_data":10370},"model":"fishing_pack:ia_auto_gen/corn_bait"},{"predicate":{"custom_model_data":10371},"model":"fishing_pack:ia_auto_gen/dough_balls_bait"},{"predicate":{"custom_model_data":10372},"model":"fishing_pack:ia_auto_gen/epic_fishing_bait"},{"predicate":{"custom_model_data":10373},"model":"fishing_pack:ia_auto_gen/jellyfish_tentacle_bait"},{"predicate":{"custom_model_data":10374},"model":"fishing_pack:ia_auto_gen/legendary_fishing_bait"},{"predicate":{"custom_model_data":10375},"model":"fishing_pack:ia_auto_gen/rare_fishing_bait"},{"predicate":{"custom_model_data":10376},"model":"fishing_pack:ia_auto_gen/worm_bait"},{"predicate":{"custom_model_data":10377},"model":"fishing_pack:ia_auto_gen/fish_bone"},{"predicate":{"custom_model_data":10378},"model":"fishing_pack:ia_auto_gen/pearl"},{"predicate":{"custom_model_data":10379},"model":"fishing_pack:ia_auto_gen/hook"},{"predicate":{"custom_model_data":10380},"model":"fishing_pack:ia_auto_gen/fish_compass"},{"predicate":{"custom_model_data":10381},"model":"fishing_pack:ia_auto_gen/starfish"},{"predicate":{"custom_model_data":10390},"model":"littlesharkset:flag"},{"predicate":{"custom_model_data":10391},"model":"littlesharkset:key"},{"predicate":{"custom_model_data":10392},"model":"littlesharkset:hat"},{"predicate":{"custom_model_data":10393},"model":"littlesharkset:backpack"},{"predicate":{"custom_model_data":10394},"model":"littlesharkset:backpack_2"},{"predicate":{"custom_model_data":10395},"model":"littlesharkset:tail"},{"predicate":{"custom_model_data":10396},"model":"crates1:lvl1_key"},{"predicate":{"custom_model_data":10397},"model":"crates1:lvl1_crate"},{"predicate":{"custom_model_data":10398},"model":"crates1:lvl2_key"},{"predicate":{"custom_model_data":10399},"model":"crates1:lvl2_crate"},{"predicate":{"custom_model_data":10400},"model":"crates1:lvl3_key"},{"predicate":{"custom_model_data":10401},"model":"crates1:lvl3_crate"},{"predicate":{"custom_model_data":10402},"model":"crates1:lvl4_key"},{"predicate":{"custom_model_data":10403},"model":"crates1:lvl4_crate"},{"predicate":{"custom_model_data":10404},"model":"crates_expansion:common_crate"},{"predicate":{"custom_model_data":10405},"model":"crates_expansion:rare_crate"},{"predicate":{"custom_model_data":10406},"model":"crates_expansion:legendary_crate"},{"predicate":{"custom_model_data":10407},"model":"crates_expansion:cosmetic_crate"},{"predicate":{"custom_model_data":10408},"model":"crates_expansion:furniture_crate"},{"predicate":{"custom_model_data":10409},"model":"crates_expansion:pet_crate"},{"predicate":{"custom_model_data":10415},"model":"summer_furniture_set:accessorie_1"},{"predicate":{"custom_model_data":10416},"model":"summer_furniture_set:accessorie_2"},{"predicate":{"custom_model_data":10417},"model":"summer_furniture_set:accessorie_3"},{"predicate":{"custom_model_data":10418},"model":"summer_furniture_set:accessorie_4"},{"predicate":{"custom_model_data":10419},"model":"summer_furniture_set:beach_bed_1"},{"predicate":{"custom_model_data":10420},"model":"summer_furniture_set:beach_bed_2"},{"predicate":{"custom_model_data":10421},"model":"summer_furniture_set:beach_toys"},{"predicate":{"custom_model_data":10422},"model":"summer_furniture_set:chair_1"},{"predicate":{"custom_model_data":10423},"model":"summer_furniture_set:chair_2"},{"predicate":{"custom_model_data":10424},"model":"summer_furniture_set:coconut_tree_1"},{"predicate":{"custom_model_data":10425},"model":"summer_furniture_set:coconut_tree_2"},{"predicate":{"custom_model_data":10426},"model":"summer_furniture_set:coconut_tree_3"},{"predicate":{"custom_model_data":10427},"model":"summer_furniture_set:coconut_tree_4"},{"predicate":{"custom_model_data":10428},"model":"summer_furniture_set:counter_1"},{"predicate":{"custom_model_data":10429},"model":"summer_furniture_set:counter_2"},{"predicate":{"custom_model_data":10430},"model":"summer_furniture_set:dry_grass_roof"},{"predicate":{"custom_model_data":10431},"model":"summer_furniture_set:dry_grass_roof_angle"},{"predicate":{"custom_model_data":10432},"model":"summer_furniture_set:ice_bucket"},{"predicate":{"custom_model_data":10433},"model":"summer_furniture_set:light"},{"predicate":{"custom_model_data":10434},"model":"summer_furniture_set:long_shelf_1"},{"predicate":{"custom_model_data":10435},"model":"summer_furniture_set:long_shelf_2"},{"predicate":{"custom_model_data":10436},"model":"summer_furniture_set:long_table_1"},{"predicate":{"custom_model_data":10437},"model":"summer_furniture_set:long_table_2"},{"predicate":{"custom_model_data":10438},"model":"summer_furniture_set:long_table_3"},{"predicate":{"custom_model_data":10439},"model":"summer_furniture_set:long_table_4"},{"predicate":{"custom_model_data":10440},"model":"summer_furniture_set:plant_1"},{"predicate":{"custom_model_data":10441},"model":"summer_furniture_set:plant_2"},{"predicate":{"custom_model_data":10442},"model":"summer_furniture_set:sand_castle"},{"predicate":{"custom_model_data":10443},"model":"summer_furniture_set:shelf"},{"predicate":{"custom_model_data":10444},"model":"summer_furniture_set:small_table_1"},{"predicate":{"custom_model_data":10445},"model":"summer_furniture_set:small_table_2"},{"predicate":{"custom_model_data":10446},"model":"summer_furniture_set:small_table_3"},{"predicate":{"custom_model_data":10447},"model":"summer_furniture_set:surfboard_1"},{"predicate":{"custom_model_data":10448},"model":"summer_furniture_set:surfboard_2"},{"predicate":{"custom_model_data":10449},"model":"summer_furniture_set:surfboard_3"},{"predicate":{"custom_model_data":10450},"model":"summer_furniture_set:surfboard_stand"},{"predicate":{"custom_model_data":10451},"model":"summer_furniture_set:swimming_ring_stand"},{"predicate":{"custom_model_data":10452},"model":"summer_furniture_set:table_1"},{"predicate":{"custom_model_data":10453},"model":"summer_furniture_set:table_2"},{"predicate":{"custom_model_data":10454},"model":"summer_furniture_set:umbrella_1"},{"predicate":{"custom_model_data":10455},"model":"summer_furniture_set:umbrella_2"},{"predicate":{"custom_model_data":10456},"model":"summer_furniture_set:umbrella_3"},{"predicate":{"custom_model_data":10457},"model":"summer_furniture_set:umbrella_4"},{"predicate":{"custom_model_data":10473},"model":"minerals_pack:ia_auto_gen/mythril_ore"},{"predicate":{"custom_model_data":10474},"model":"minerals_pack:ia_auto_gen/mythril_ore_deepslate"},{"predicate":{"custom_model_data":10475},"model":"minerals_pack:ia_auto_gen/raw_mythril_block"},{"predicate":{"custom_model_data":10476},"model":"minerals_pack:ia_auto_gen/mythril_block"},{"predicate":{"custom_model_data":10477},"model":"minerals_pack:ia_auto_gen/malachite_ore"},{"predicate":{"custom_model_data":10478},"model":"minerals_pack:ia_auto_gen/malachite_ore_deepslate"},{"predicate":{"custom_model_data":10479},"model":"minerals_pack:ia_auto_gen/raw_malachite_block"},{"predicate":{"custom_model_data":10480},"model":"minerals_pack:ia_auto_gen/malachite_block"},{"predicate":{"custom_model_data":10481},"model":"minerals_pack:ia_auto_gen/amethyst_ore"},{"predicate":{"custom_model_data":10482},"model":"minerals_pack:ia_auto_gen/amethyst_ore_deepslate"},{"predicate":{"custom_model_data":10483},"model":"minerals_pack:ia_auto_gen/raw_amethyst_block"},{"predicate":{"custom_model_data":10484},"model":"minerals_pack:ia_auto_gen/amethyst_block"},{"predicate":{"custom_model_data":10485},"model":"minerals_pack:ia_auto_gen/amber_ore"},{"predicate":{"custom_model_data":10486},"model":"minerals_pack:ia_auto_gen/amber_ore_deepslate"},{"predicate":{"custom_model_data":10487},"model":"minerals_pack:ia_auto_gen/raw_amber_block"},{"predicate":{"custom_model_data":10488},"model":"minerals_pack:ia_auto_gen/amber_block"},{"predicate":{"custom_model_data":10489},"model":"minerals_pack:ia_auto_gen/ruby_ore"},{"predicate":{"custom_model_data":10490},"model":"minerals_pack:ia_auto_gen/ruby_ore_deepslate"},{"predicate":{"custom_model_data":10491},"model":"minerals_pack:ia_auto_gen/raw_ruby_block"},{"predicate":{"custom_model_data":10492},"model":"minerals_pack:ia_auto_gen/ruby_block"},{"predicate":{"custom_model_data":10493},"model":"minerals_pack:ia_auto_gen/jade_ore"},{"predicate":{"custom_model_data":10494},"model":"minerals_pack:ia_auto_gen/jade_ore_deepslate"},{"predicate":{"custom_model_data":10495},"model":"minerals_pack:ia_auto_gen/raw_jade_block"},{"predicate":{"custom_model_data":10496},"model":"minerals_pack:ia_auto_gen/jade_block"},{"predicate":{"custom_model_data":10497},"model":"minerals_pack:ia_auto_gen/silver_ore"},{"predicate":{"custom_model_data":10498},"model":"minerals_pack:ia_auto_gen/silver_ore_deepslate"},{"predicate":{"custom_model_data":10499},"model":"minerals_pack:ia_auto_gen/raw_silver_block"},{"predicate":{"custom_model_data":10500},"model":"minerals_pack:ia_auto_gen/silver_block"},{"predicate":{"custom_model_data":10501},"model":"minerals_pack:ia_auto_gen/iridium_ore"},{"predicate":{"custom_model_data":10502},"model":"minerals_pack:ia_auto_gen/iridium_ore_deepslate"},{"predicate":{"custom_model_data":10503},"model":"minerals_pack:ia_auto_gen/raw_iridium_block"},{"predicate":{"custom_model_data":10504},"model":"minerals_pack:ia_auto_gen/iridium_block"},{"predicate":{"custom_model_data":10505},"model":"minerals_pack:ia_auto_gen/mythril_nugget"},{"predicate":{"custom_model_data":10506},"model":"minerals_pack:ia_auto_gen/raw_mythril"},{"predicate":{"custom_model_data":10507},"model":"minerals_pack:ia_auto_gen/mythril_ingot"},{"predicate":{"custom_model_data":10508},"model":"minerals_pack:ia_auto_gen/malachite_nugget"},{"predicate":{"custom_model_data":10509},"model":"minerals_pack:ia_auto_gen/malachite"},{"predicate":{"custom_model_data":10510},"model":"minerals_pack:ia_auto_gen/malachite_ingot"},{"predicate":{"custom_model_data":10511},"model":"minerals_pack:ia_auto_gen/amethyst_nugget"},{"predicate":{"custom_model_data":10512},"model":"minerals_pack:ia_auto_gen/amethyst"},{"predicate":{"custom_model_data":10513},"model":"minerals_pack:ia_auto_gen/amethyst_ingot"},{"predicate":{"custom_model_data":10514},"model":"minerals_pack:ia_auto_gen/amber_nugget"},{"predicate":{"custom_model_data":10515},"model":"minerals_pack:ia_auto_gen/amber"},{"predicate":{"custom_model_data":10516},"model":"minerals_pack:ia_auto_gen/amber_ingot"},{"predicate":{"custom_model_data":10517},"model":"minerals_pack:ia_auto_gen/ruby_nugget"},{"predicate":{"custom_model_data":10518},"model":"minerals_pack:ia_auto_gen/ruby"},{"predicate":{"custom_model_data":10519},"model":"minerals_pack:ia_auto_gen/ruby_ingot"},{"predicate":{"custom_model_data":10520},"model":"minerals_pack:ia_auto_gen/jade_nugget"},{"predicate":{"custom_model_data":10521},"model":"minerals_pack:ia_auto_gen/raw_jade"},{"predicate":{"custom_model_data":10522},"model":"minerals_pack:ia_auto_gen/jade_ingot"},{"predicate":{"custom_model_data":10523},"model":"minerals_pack:ia_auto_gen/silver_nugget"},{"predicate":{"custom_model_data":10524},"model":"minerals_pack:ia_auto_gen/silver"},{"predicate":{"custom_model_data":10525},"model":"minerals_pack:ia_auto_gen/silver_ingot"},{"predicate":{"custom_model_data":10526},"model":"minerals_pack:ia_auto_gen/iridium_nugget"},{"predicate":{"custom_model_data":10527},"model":"minerals_pack:ia_auto_gen/raw_iridium"},{"predicate":{"custom_model_data":10528},"model":"minerals_pack:ia_auto_gen/iridium_ingot"},{"predicate":{"custom_model_data":100000},"model":"nightmarket:ia_auto_gen/nothing"},{"predicate":{"custom_model_data":100001},"model":"nightmarket:ia_auto_gen/check_mark"},{"predicate":{"custom_model_data":100002},"model":"nightmarket:ia_auto_gen/locked_common"},{"predicate":{"custom_model_data":100003},"model":"nightmarket:ia_auto_gen/locked_uncommon"},{"predicate":{"custom_model_data":100004},"model":"nightmarket:ia_auto_gen/locked_rare"},{"predicate":{"custom_model_data":100005},"model":"nightmarket:ia_auto_gen/locked_epic"},{"predicate":{"custom_model_data":100006},"model":"nightmarket:ia_auto_gen/locked_legendary"},{"predicate":{"custom_model_data":100007},"model":"nightmarket:ia_auto_gen/locked_mythical"},{"predicate":{"custom_model_data":100008},"model":"nightmarket:ia_auto_gen/reroll_icon"},{"predicate":{"custom_model_data":100009},"model":"item/paper"}]}