{"textures":{"0":"modelengine:entity/ender_witch","particle":"#0"},"elements":[{"from":[4.1797004,7.912266,4.1385527],"to":[13.179701,22.912266,11.138553],"faces":{"east":{"uv":[5.125,7.125,6.0,9.0],"tintindex":0,"rotation":0,"texture":"#0"},"south":{"uv":[3.875,7.125,5.0,9.0],"tintindex":0,"rotation":0,"texture":"#0"},"north":{"uv":[7.125,3.125,8.25,5.0],"tintindex":0,"rotation":0,"texture":"#0"},"west":{"uv":[8.75,4.375,9.625,6.25],"tintindex":0,"rotation":0,"texture":"#0"},"up":{"uv":[11.5,0.875,10.375,0.0],"tintindex":0,"rotation":0,"texture":"#0"},"down":{"uv":[11.625,6.875,10.5,7.75],"tintindex":0,"rotation":0,"texture":"#0"}},"rotation":{"origin":[13.179701,8.912266,-2.8614473],"angle":22.5,"axis":"x"}}],"display":{"head":{"rotation":[0.0,0.0,0.0]},"firstperson_righthand":{"rotation":[0.0,0.0,0.0]},"thirdperson_lefthand":{"rotation":[0.0,-0.0,-0.0]},"firstperson_lefthand":{"rotation":[0.0,-0.0,-0.0]},"fixed":{"rotation":[0.0,0.0,0.0]},"ground":{"rotation":[0.0,0.0,0.0]},"thirdperson_righthand":{"rotation":[0.0,0.0,0.0]},"gui":{"rotation":[-150.0,-45.0,180.0]}}}