{"credit":"MadewithBlockbench","texture_size":[64,64],"textures":{"0":"elitecreatures:christmas_furniture_v1/12_cake_texture","particle":"elitecreatures:christmas_furniture_v1/12_cake_texture"},"elements":[{"from":[2,0,2],"to":[14,1,14],"faces":{"north":{"uv":[6,1.5,9,1.75],"texture":"#0"},"east":{"uv":[6,1.5,9,1.75],"texture":"#0"},"south":{"uv":[6,1.5,9,1.75],"texture":"#0"},"west":{"uv":[6,1.5,9,1.75],"texture":"#0"},"up":{"uv":[3,3,0,0],"texture":"#0"},"down":{"uv":[3,3,0,6],"texture":"#0"}}},{"from":[0.78283,6.70433,7],"to":[3.78283,6.70433,10],"rotation":{"angle":-45,"axis":"z","origin":[3.9569,7.08705,8.5]},"faces":{"north":{"uv":[0,0,1.75,0],"texture":"#0"},"east":{"uv":[0,0,0.75,0],"texture":"#0"},"south":{"uv":[0,0,1.75,0],"texture":"#0"},"west":{"uv":[0,0,0.75,0],"texture":"#0"},"up":{"uv":[6.25,2.75,5.5,2],"texture":"#0"},"down":{"uv":[6.25,2,5.5,2.75],"texture":"#0"}}},{"from":[3.65,6.8,7],"to":[7.65,6.8,10],"rotation":{"angle":-22.5,"axis":"z","origin":[3.9569,7.08705,8.5]},"faces":{"north":{"uv":[0,0,1.75,0],"texture":"#0"},"east":{"uv":[0,0,0.75,0],"texture":"#0"},"south":{"uv":[0,0,1.75,0],"texture":"#0"},"west":{"uv":[0,0,0.75,0],"texture":"#0"},"up":{"uv":[5.5,2.75,4.5,2],"texture":"#0"},"down":{"uv":[5.5,2,4.5,2.75],"texture":"#0"}}},{"from":[9.25,4.7,6],"to":[13.25,4.7,9],"rotation":{"angle":-22.5,"axis":"z","origin":[12.9431,4.41295,7.5]},"faces":{"north":{"uv":[1.75,0,0,0],"texture":"#0"},"east":{"uv":[0.75,0,0,0],"texture":"#0"},"south":{"uv":[1.75,0,0,0],"texture":"#0"},"west":{"uv":[0.75,0,0,0],"texture":"#0"},"up":{"uv":[4.5,2.75,5.5,2],"texture":"#0"},"down":{"uv":[4.5,2,5.5,2.75],"texture":"#0"}}},{"from":[13.90997,1.67543,6],"to":[13.90997,4.67543,9],"rotation":{"angle":22.5,"axis":"z","origin":[13.90997,3.17543,7.5]},"faces":{"north":{"uv":[1.75,0,0,0],"rotation":270,"texture":"#0"},"east":{"uv":[5.5,2.75,6.25,2],"rotation":90,"texture":"#0"},"south":{"uv":[1.75,0,0,0],"rotation":90,"texture":"#0"},"west":{"uv":[5.5,2,6.25,2.75],"rotation":90,"texture":"#0"},"up":{"uv":[0.75,0,0,0],"rotation":90,"texture":"#0"},"down":{"uv":[0.75,0,0,0],"rotation":90,"texture":"#0"}}},{"from":[6.8431,6.1,7.5069],"to":[9.8431,6.1,11.5069],"rotation":{"angle":-22.5,"axis":"x","origin":[8.3431,6.38705,11.2]},"faces":{"north":{"uv":[0.75,0,0,0],"texture":"#0"},"east":{"uv":[1.75,0,0,0],"texture":"#0"},"south":{"uv":[0.75,0,0,0],"texture":"#0"},"west":{"uv":[1.75,0,0,0],"texture":"#0"},"up":{"uv":[4.5,2.75,5.5,2],"rotation":90,"texture":"#0"},"down":{"uv":[4.5,2,5.5,2.75],"rotation":270,"texture":"#0"}}},{"from":[6.8431,6.00433,11.37407],"to":[9.8431,6.00433,14.37407],"rotation":{"angle":-45,"axis":"x","origin":[8.3431,6.38705,11.2]},"faces":{"north":{"uv":[0.75,0,0,0],"texture":"#0"},"east":{"uv":[1.75,0,0,0],"texture":"#0"},"south":{"uv":[0.75,0,0,0],"texture":"#0"},"west":{"uv":[1.75,0,0,0],"texture":"#0"},"up":{"uv":[5.5,2.75,6.25,2],"rotation":90,"texture":"#0"},"down":{"uv":[5.5,2,6.25,2.75],"rotation":270,"texture":"#0"}}},{"from":[5,1,4],"to":[11,5,12],"faces":{"north":{"uv":[4.5,4,6,5],"texture":"#0"},"east":{"uv":[6.5,3,4.5,4],"texture":"#0"},"south":{"uv":[6,4,4.5,5],"texture":"#0"},"west":{"uv":[4.5,3,6.5,4],"texture":"#0"},"up":{"uv":[4.5,2,3,0],"texture":"#0"},"down":{"uv":[4.5,2,3,4],"texture":"#0"}}},{"from":[5.3,5.2,5.5],"to":[7.3,7.2,7.5],"rotation":{"angle":-22.5,"axis":"x","origin":[6.3,6,6.5]},"faces":{"north":{"uv":[6.5,2,7,2.5],"texture":"#0"},"east":{"uv":[6.5,2.5,7,3],"texture":"#0"},"south":{"uv":[6.5,3,7,3.5],"texture":"#0"},"west":{"uv":[6.5,3.5,7,4],"texture":"#0"},"up":{"uv":[7,6.25,6.5,5.75],"texture":"#0"},"down":{"uv":[7,6.25,6.5,6.75],"texture":"#0"}}},{"from":[7.3,5,6.4],"to":[10.3,8,9.4],"rotation":{"angle":45,"axis":"y","origin":[8.8,6.5,8]},"faces":{"north":{"uv":[4.25,6.25,5,7],"texture":"#0"},"east":{"uv":[4.25,6.25,5,7],"texture":"#0"},"south":{"uv":[4.25,6.25,5,7],"texture":"#0"},"west":{"uv":[4.25,6.25,5,7],"texture":"#0"},"up":{"uv":[5.75,7,5,6.25],"texture":"#0"},"down":{"uv":[6.5,6.25,5.75,7],"texture":"#0"}}},{"from":[4.7,1.7,3.7],"to":[11.3,5.3,12.3],"faces":{"north":{"uv":[3.5,6.75,2,7.5],"texture":"#0"},"east":{"uv":[0,6,2,6.75],"texture":"#0"},"south":{"uv":[2,6,3.5,6.75],"texture":"#0"},"west":{"uv":[6,0,8,0.75],"texture":"#0"},"up":{"uv":[4.5,6,3,4],"texture":"#0"},"down":{"uv":[6,0,4.5,2],"texture":"#0"}}}],"gui_light":"front","display":{"thirdperson_righthand":{"rotation":[67.5,0,0],"translation":[0,3,1.75],"scale":[0.3732,0.3732,0.3732]},"thirdperson_lefthand":{"rotation":[67.5,0,0],"translation":[0,3,1.75],"scale":[0.3732,0.3732,0.3732]},"firstperson_righthand":{"translation":[0.75,5.25,0],"scale":[0.4632,0.4632,0.4632]},"firstperson_lefthand":{"translation":[0.75,5.25,0],"scale":[0.4632,0.4632,0.4632]},"ground":{"translation":[0,6,0],"scale":[0.6,0.6,0.6]},"gui":{"rotation":[30,135,0],"translation":[0,3.75,0],"scale":[0.86,0.86,0.86]},"head":{"rotation":[0,180,0],"translation":[0,-30.4,0],"scale":[1.6,1.6,1.6]},"fixed":{"rotation":[-90,0,0],"translation":[0,0,-16],"scale":[2,2,2]}}}