{"credit":"MadewithBlockbench","texture_size":[32,32],"textures":{"0":"elitecreatures:christmas_furniture_v1/16_ski_board_texture","particle":"elitecreatures:christmas_furniture_v1/16_ski_board_texture"},"elements":[{"from":[-6.6,0,-0.5],"to":[-2.6,1,31.5],"rotation":{"angle":22.5,"axis":"y","origin":[-3.2,1.5,8.5]},"faces":{"north":{"uv":[9,6.5,11,6],"texture":"#0"},"east":{"uv":[4.5,16,5,0],"rotation":270,"texture":"#0"},"south":{"uv":[6.5,9,8.5,9.5],"rotation":180,"texture":"#0"},"west":{"uv":[4.5,16,5,0],"rotation":90,"texture":"#0"},"up":{"uv":[0,16,2,0],"rotation":180,"texture":"#0"},"down":{"uv":[0,16,2,0],"texture":"#0"}}},{"from":[-7.1,0.5,15.5],"to":[-2.1,3.5,18.5],"rotation":{"angle":22.5,"axis":"y","origin":[-3.2,1.5,8.5]},"faces":{"north":{"uv":[5,4.5,7.5,3],"texture":"#0"},"east":{"uv":[8.5,9,7,7.5],"rotation":270,"texture":"#0"},"south":{"uv":[5,4.5,7.5,6],"rotation":180,"texture":"#0"},"west":{"uv":[7,9,8.5,7.5],"rotation":90,"texture":"#0"},"up":{"uv":[5,1.5,7.5,0],"rotation":180,"texture":"#0"},"down":{"uv":[5,3,7.5,1.5],"texture":"#0"}}},{"from":[-7.1,0.5,11.5],"to":[-2.1,3.5,14.5],"rotation":{"angle":22.5,"axis":"y","origin":[-3.2,1.5,8.5]},"faces":{"north":{"uv":[7.5,3,10,1.5],"texture":"#0"},"east":{"uv":[6.5,10.5,5,9],"rotation":270,"texture":"#0"},"south":{"uv":[7.5,1.5,10,3],"rotation":180,"texture":"#0"},"west":{"uv":[5,10.5,6.5,9],"rotation":90,"texture":"#0"},"up":{"uv":[5,7.5,7.5,6],"rotation":180,"texture":"#0"},"down":{"uv":[7.5,1.5,10,0],"texture":"#0"}}},{"from":[-6.6,1,-0.5],"to":[-2.6,4,0.5],"rotation":{"angle":22.5,"axis":"y","origin":[-3.2,1.5,8.5]},"faces":{"north":{"uv":[5,9,7,7.5],"texture":"#0"},"east":{"uv":[8.5,9.5,10,9],"rotation":270,"texture":"#0"},"south":{"uv":[5,7.5,7,9],"rotation":180,"texture":"#0"},"west":{"uv":[9.5,5,11,4.5],"rotation":90,"texture":"#0"},"up":{"uv":[9,7,11,6.5],"rotation":180,"texture":"#0"},"down":{"uv":[9,7.5,11,7],"texture":"#0"}}},{"from":[6.55,0,-0.5],"to":[10.55,1,31.5],"rotation":{"angle":0,"axis":"y","origin":[-3.2,1.5,8.5]},"faces":{"north":{"uv":[9,6.5,11,6],"texture":"#0"},"east":{"uv":[4.5,16,5,0],"rotation":270,"texture":"#0"},"south":{"uv":[6.5,9,8.5,9.5],"rotation":180,"texture":"#0"},"west":{"uv":[4.5,16,5,0],"rotation":90,"texture":"#0"},"up":{"uv":[0,16,2,0],"rotation":180,"texture":"#0"},"down":{"uv":[0,16,2,0],"texture":"#0"}}},{"from":[6.55,1,-0.5],"to":[10.55,4,0.5],"rotation":{"angle":0,"axis":"y","origin":[-3.2,1.5,8.5]},"faces":{"north":{"uv":[5,9,7,7.5],"texture":"#0"},"east":{"uv":[8.5,9.5,10,9],"rotation":270,"texture":"#0"},"south":{"uv":[5,7.5,7,9],"rotation":180,"texture":"#0"},"west":{"uv":[9.5,5,11,4.5],"rotation":90,"texture":"#0"},"up":{"uv":[9,7,11,6.5],"rotation":180,"texture":"#0"},"down":{"uv":[9,7.5,11,7],"texture":"#0"}}},{"from":[6.05,0.5,11.5],"to":[11.05,3.5,14.5],"rotation":{"angle":0,"axis":"y","origin":[-3.2,1.5,8.5]},"faces":{"north":{"uv":[7.5,3,10,1.5],"texture":"#0"},"east":{"uv":[6.5,10.5,5,9],"rotation":270,"texture":"#0"},"south":{"uv":[7.5,1.5,10,3],"rotation":180,"texture":"#0"},"west":{"uv":[5,10.5,6.5,9],"rotation":90,"texture":"#0"},"up":{"uv":[5,7.5,7.5,6],"rotation":180,"texture":"#0"},"down":{"uv":[7.5,1.5,10,0],"texture":"#0"}}},{"from":[6.05,0.5,15.5],"to":[11.05,3.5,18.5],"rotation":{"angle":0,"axis":"y","origin":[-3.2,1.5,8.5]},"faces":{"north":{"uv":[5,4.5,7.5,3],"texture":"#0"},"east":{"uv":[8.5,9,7,7.5],"rotation":270,"texture":"#0"},"south":{"uv":[5,4.5,7.5,6],"rotation":180,"texture":"#0"},"west":{"uv":[7,9,8.5,7.5],"rotation":90,"texture":"#0"},"up":{"uv":[5,1.5,7.5,0],"rotation":180,"texture":"#0"},"down":{"uv":[5,3,7.5,1.5],"texture":"#0"}}}],"gui_light":"front","display":{"thirdperson_righthand":{"rotation":[67.5,0,0],"translation":[0.75,5.5,0],"scale":[0.27711,0.27711,0.27711]},"thirdperson_lefthand":{"rotation":[67.5,0,0],"translation":[-0.75,5.5,0],"scale":[0.27711,0.27711,0.27711]},"firstperson_righthand":{"translation":[0.5,6,0],"scale":[0.27414,0.27414,0.27414]},"firstperson_lefthand":{"translation":[-1,6,0],"scale":[0.27414,0.27414,0.27414]},"ground":{"translation":[2.5,6,-3.75],"scale":[0.5,0.5,0.5]},"gui":{"rotation":[30,135,0],"translation":[-3.25,2.75,0],"scale":[0.54,0.54,0.54]},"head":{"rotation":[0,180,0],"translation":[0,-30.4,25.75],"scale":[1.6,1.6,1.6]},"fixed":{"rotation":[-90,0,0],"translation":[0,0,-16],"scale":[2,2,2]}}}