{"textures​":{"layer0":"minecraft:item/cherry_leaves"},"\u0074\u0065\u0078\u0074\u0075\u0072\u0065\u0073":{"0":"\u006d\u006f\u0064\u0065\u006c\u0065\u006e\u0067\u0069\u006e\u0065:\u0065\u006e\u0074\u0069\u0074\u0079/\u0065\u006e\u0064\u0065\u0072_\u0072\u0069\u0070\u0070\u0065\u0072","\u0070\u0061\u0072\u0074\u0069\u0063\u006c\u0065":"#0"},"elements":[{"from":[6.5,-16.0,5.5],"to":[9.5,8.0,10.5],"faces":{"east":{"uv":[2.875,6.0,2.25,9.0],"tintindex":0,"rotation":0,"texture":"#0"},"south":{"uv":[7.125,6.25,6.75,9.25],"tintindex":0,"rotation":0,"texture":"#0"},"north":{"uv":[7.125,6.25,6.75,9.25],"tintindex":0,"rotation":0,"texture":"#0"},"west":{"uv":[2.875,6.0,2.25,9.0],"tintindex":0,"rotation":0,"texture":"#0"},"up":{"uv":[5.25,3.625,5.625,3.0],"tintindex":0,"rotation":0,"texture":"#0"},"down":{"uv":[5.25,3.75,5.625,4.375],"tintindex":0,"rotation":0,"texture":"#0"}}}],"display":{"head":{"rotation":[0.0,0.0,0.0]},"firstperson_righthand":{"rotation":[0.0,0.0,0.0]},"thirdperson_lefthand":{"rotation":[0.0,0.0,0.0]},"firstperson_lefthand":{"rotation":[0.0,0.0,0.0]},"fixed":{"rotation":[0.0,0.0,0.0]},"ground":{"rotation":[0.0,0.0,0.0]},"thirdperson_righthand":{"rotation":[0.0,0.0,0.0]},"gui":{"rotation":[-150.0,-45.0,180.0]}}}