{"parent":"minecraft:item/generated","textures":{"layer0":"minecraft:item/leather_horse_armor"},"overrides":[{"predicate":{"custom_model_data":1},"model":"modelengine:cursed_dragon/body"},{"predicate":{"custom_model_data":2},"model":"modelengine:cursed_dragon/leg_left"},{"predicate":{"custom_model_data":3},"model":"modelengine:cursed_dragon/legleftbottom"},{"predicate":{"custom_model_data":4},"model":"modelengine:cursed_dragon/leg_right2"},{"predicate":{"custom_model_data":5},"model":"modelengine:cursed_dragon/legrightbottom"},{"predicate":{"custom_model_data":6},"model":"modelengine:cursed_dragon/neck"},{"predicate":{"custom_model_data":7},"model":"modelengine:cursed_dragon/head"},{"predicate":{"custom_model_data":8},"model":"modelengine:cursed_dragon/mouth"},{"predicate":{"custom_model_data":9},"model":"modelengine:cursed_dragon/arm_left2"},{"predicate":{"custom_model_data":10},"model":"modelengine:cursed_dragon/armleftbottom"},{"predicate":{"custom_model_data":11},"model":"modelengine:cursed_dragon/arm_right3"},{"predicate":{"custom_model_data":12},"model":"modelengine:cursed_dragon/armrightbottom"},{"predicate":{"custom_model_data":13},"model":"modelengine:cursed_dragon/wing_right"},{"predicate":{"custom_model_data":14},"model":"modelengine:cursed_dragon/wing_rightbottom"},{"predicate":{"custom_model_data":15},"model":"modelengine:cursed_dragon/tail"},{"predicate":{"custom_model_data":16},"model":"modelengine:cursed_dragon/tail2"},{"predicate":{"custom_model_data":17},"model":"modelengine:cursed_dragon/wing_left"},{"predicate":{"custom_model_data":18},"model":"modelengine:cursed_dragon/wing_leftbottom"},{"predicate":{"custom_model_data":19},"model":"modelengine:dolphin/whole"},{"predicate":{"custom_model_data":20},"model":"modelengine:dolphin/tail"},{"predicate":{"custom_model_data":21},"model":"modelengine:dolphin/reartail"},{"predicate":{"custom_model_data":22},"model":"modelengine:dolphin/tailfin"},{"predicate":{"custom_model_data":23},"model":"modelengine:dolphin/head"},{"predicate":{"custom_model_data":24},"model":"modelengine:dolphin/lowerjaw"},{"predicate":{"custom_model_data":25},"model":"modelengine:dolphin/rightfin"},{"predicate":{"custom_model_data":26},"model":"modelengine:dolphin/leftfin"},{"predicate":{"custom_model_data":27},"model":"modelengine:end_scuttler/left_front_leg"},{"predicate":{"custom_model_data":28},"model":"modelengine:end_scuttler/right_front_leg"},{"predicate":{"custom_model_data":29},"model":"modelengine:end_scuttler/left_mid_leg"},{"predicate":{"custom_model_data":30},"model":"modelengine:end_scuttler/right_mid_leg"},{"predicate":{"custom_model_data":31},"model":"modelengine:end_scuttler/upper_body"},{"predicate":{"custom_model_data":32},"model":"modelengine:end_scuttler/head"},{"predicate":{"custom_model_data":33},"model":"modelengine:end_scuttler/left_eye"},{"predicate":{"custom_model_data":34},"model":"modelengine:end_scuttler/right_eye"},{"predicate":{"custom_model_data":35},"model":"modelengine:end_scuttler/lower_body"},{"predicate":{"custom_model_data":36},"model":"modelengine:end_scuttler/left_back_leg"},{"predicate":{"custom_model_data":37},"model":"modelengine:end_scuttler/right_back_leg"},{"predicate":{"custom_model_data":38},"model":"modelengine:end_scuttler/tail1"},{"predicate":{"custom_model_data":39},"model":"modelengine:end_scuttler/tail_end"},{"predicate":{"custom_model_data":40},"model":"modelengine:end_scuttler/tail_mid"},{"predicate":{"custom_model_data":41},"model":"modelengine:end_seeker/upper_body"},{"predicate":{"custom_model_data":42},"model":"modelengine:end_seeker/top"},{"predicate":{"custom_model_data":43},"model":"modelengine:end_seeker/left_thing"},{"predicate":{"custom_model_data":44},"model":"modelengine:end_seeker/left_thing_end"},{"predicate":{"custom_model_data":45},"model":"modelengine:end_seeker/left_thing_mid"},{"predicate":{"custom_model_data":46},"model":"modelengine:end_seeker/right_thing"},{"predicate":{"custom_model_data":47},"model":"modelengine:end_seeker/right_thing_end"},{"predicate":{"custom_model_data":48},"model":"modelengine:end_seeker/right_thing_mid"},{"predicate":{"custom_model_data":49},"model":"modelengine:end_seeker/left_eye"},{"predicate":{"custom_model_data":50},"model":"modelengine:end_seeker/right_eye"},{"predicate":{"custom_model_data":51},"model":"modelengine:end_seeker/left_leg"},{"predicate":{"custom_model_data":52},"model":"modelengine:end_seeker/right_leg"},{"predicate":{"custom_model_data":53},"model":"modelengine:ender_clam/pearl"},{"predicate":{"custom_model_data":54},"model":"modelengine:ender_clam/top"},{"predicate":{"custom_model_data":55},"model":"modelengine:ender_clam/bottom"},{"predicate":{"custom_model_data":56},"model":"modelengine:ender_hammerhead/right_leg"},{"predicate":{"custom_model_data":57},"model":"modelengine:ender_hammerhead/left_leg"},{"predicate":{"custom_model_data":58},"model":"modelengine:ender_hammerhead/upper_body"},{"predicate":{"custom_model_data":59},"model":"modelengine:ender_hammerhead/left_arm"},{"predicate":{"custom_model_data":60},"model":"modelengine:ender_hammerhead/right_arm"},{"predicate":{"custom_model_data":61},"model":"modelengine:ender_hammerhead/head"},{"predicate":{"custom_model_data":62},"model":"modelengine:ender_hammerhead/left_eye"},{"predicate":{"custom_model_data":63},"model":"modelengine:ender_hammerhead/right_eye"},{"predicate":{"custom_model_data":64},"model":"modelengine:ender_hammerhead/tail"},{"predicate":{"custom_model_data":65},"model":"modelengine:ender_hammerhead/tail_end"},{"predicate":{"custom_model_data":66},"model":"modelengine:ender_ripper/head"},{"predicate":{"custom_model_data":67},"model":"modelengine:ender_ripper/left_eye"},{"predicate":{"custom_model_data":68},"model":"modelengine:ender_ripper/right_eye"},{"predicate":{"custom_model_data":69},"model":"modelengine:ender_ripper/upper_body"},{"predicate":{"custom_model_data":70},"model":"modelengine:ender_ripper/left_arm"},{"predicate":{"custom_model_data":71},"model":"modelengine:ender_ripper/right_arm"},{"predicate":{"custom_model_data":72},"model":"modelengine:ender_ripper/right_leg"},{"predicate":{"custom_model_data":73},"model":"modelengine:ender_ripper/left_leg"},{"predicate":{"custom_model_data":74},"model":"modelengine:ender_slime/upper_body"},{"predicate":{"custom_model_data":75},"model":"modelengine:ender_slime/left_eye"},{"predicate":{"custom_model_data":76},"model":"modelengine:ender_slime/right_eye"},{"predicate":{"custom_model_data":77},"model":"modelengine:ender_slime_small/upper_body"},{"predicate":{"custom_model_data":78},"model":"modelengine:ender_slime_small/left_eye"},{"predicate":{"custom_model_data":79},"model":"modelengine:ender_slime_small/right_eye"},{"predicate":{"custom_model_data":80},"model":"modelengine:ender_witch/mushroom"},{"predicate":{"custom_model_data":81},"model":"modelengine:ender_witch/mushroom_mid"},{"predicate":{"custom_model_data":82},"model":"modelengine:ender_witch/mushroom_head"},{"predicate":{"custom_model_data":83},"model":"modelengine:ender_witch/left_arm"},{"predicate":{"custom_model_data":84},"model":"modelengine:ender_witch/left_eye"},{"predicate":{"custom_model_data":85},"model":"modelengine:ender_witch/right_arm"},{"predicate":{"custom_model_data":86},"model":"modelengine:ender_witch/right_eye"},{"predicate":{"custom_model_data":87},"model":"modelengine:ender_witch/neck"},{"predicate":{"custom_model_data":88},"model":"modelengine:ender_witch/head"},{"predicate":{"custom_model_data":89},"model":"modelengine:ender_witch/nose"},{"predicate":{"custom_model_data":90},"model":"modelengine:ender_witch/upper_body"},{"predicate":{"custom_model_data":91},"model":"modelengine:ender_witch/left_leg"},{"predicate":{"custom_model_data":92},"model":"modelengine:ender_witch/right_leg"},{"predicate":{"custom_model_data":93},"model":"modelengine:lostasset_mob5_crystalhermitcrab/h"},{"predicate":{"custom_model_data":94},"model":"modelengine:lostasset_mob5_crystalhermitcrab/rl"},{"predicate":{"custom_model_data":95},"model":"modelengine:lostasset_mob5_crystalhermitcrab/ra"},{"predicate":{"custom_model_data":96},"model":"modelengine:lostasset_mob5_crystalhermitcrab/la"},{"predicate":{"custom_model_data":97},"model":"modelengine:lostasset_mob5_crystalhermitcrab/ll"},{"predicate":{"custom_model_data":98},"model":"modelengine:lostasset_mob5_crystalrock/m"},{"predicate":{"custom_model_data":99},"model":"modelengine:lostasset_mob5_crystalrock/b"},{"predicate":{"custom_model_data":100},"model":"modelengine:lostasset_mob5_crystalrock/ll"},{"predicate":{"custom_model_data":101},"model":"modelengine:lostasset_mob5_crystalrock/rl"},{"predicate":{"custom_model_data":102},"model":"modelengine:lostasset_mob5_crystalscorpion/h"},{"predicate":{"custom_model_data":103},"model":"modelengine:lostasset_mob5_crystalscorpion/b"},{"predicate":{"custom_model_data":104},"model":"modelengine:lostasset_mob5_crystalscorpion/ra2"},{"predicate":{"custom_model_data":105},"model":"modelengine:lostasset_mob5_crystalscorpion/wa"},{"predicate":{"custom_model_data":106},"model":"modelengine:lostasset_mob5_crystalscorpion/ra"},{"predicate":{"custom_model_data":107},"model":"modelengine:lostasset_mob5_crystalscorpion/la2"},{"predicate":{"custom_model_data":108},"model":"modelengine:lostasset_mob5_crystalscorpion/lw"},{"predicate":{"custom_model_data":109},"model":"modelengine:lostasset_mob5_crystalscorpion/la"},{"predicate":{"custom_model_data":110},"model":"modelengine:lostasset_mob5_crystalscorpion/1"},{"predicate":{"custom_model_data":111},"model":"modelengine:lostasset_mob5_crystalscorpion/2"},{"predicate":{"custom_model_data":112},"model":"modelengine:lostasset_mob5_crystalscorpion/3"},{"predicate":{"custom_model_data":113},"model":"modelengine:lostasset_mob5_crystalscorpion/t2"},{"predicate":{"custom_model_data":114},"model":"modelengine:lostasset_mob5_crystalscorpion/t"},{"predicate":{"custom_model_data":115},"model":"modelengine:mantaray/whole"},{"predicate":{"custom_model_data":116},"model":"modelengine:mantaray/leftlowerjaw"},{"predicate":{"custom_model_data":117},"model":"modelengine:mantaray/rightlowerjaw"},{"predicate":{"custom_model_data":118},"model":"modelengine:mantaray/leftwingtop"},{"predicate":{"custom_model_data":119},"model":"modelengine:mantaray/leftwingend"},{"predicate":{"custom_model_data":120},"model":"modelengine:mantaray/rightwing"},{"predicate":{"custom_model_data":121},"model":"modelengine:mantaray/rightwingend"},{"predicate":{"custom_model_data":122},"model":"modelengine:mantaray/tail"},{"predicate":{"custom_model_data":123},"model":"modelengine:skr_snowbone/head"},{"predicate":{"custom_model_data":124},"model":"modelengine:skr_snowbone/upper_skull"},{"predicate":{"custom_model_data":125},"model":"modelengine:skr_snowbone/hat"},{"predicate":{"custom_model_data":126},"model":"modelengine:skr_snowbone/hat2"},{"predicate":{"custom_model_data":127},"model":"modelengine:skr_snowbone/left_arm"},{"predicate":{"custom_model_data":128},"model":"modelengine:skr_snowbone/right_arm"},{"predicate":{"custom_model_data":129},"model":"modelengine:skr_snowbone/snowball"},{"predicate":{"custom_model_data":130},"model":"modelengine:skr_snowbone/body"},{"predicate":{"custom_model_data":131},"model":"modelengine:skr_snowbone/left_leg"},{"predicate":{"custom_model_data":132},"model":"modelengine:skr_snowbone/right_leg"},{"predicate":{"custom_model_data":133},"model":"modelengine:vfx_ender_laser/boine"},{"predicate":{"custom_model_data":134},"model":"modelengine:vfx_ender_laser/trail"},{"predicate":{"custom_model_data":135},"model":"modelengine:vfx_ender_web/bone"},{"predicate":{"custom_model_data":136},"model":"modelengine:void_beholder/chest"},{"predicate":{"custom_model_data":137},"model":"modelengine:void_beholder/stomach"},{"predicate":{"custom_model_data":138},"model":"modelengine:void_beholder/tail"},{"predicate":{"custom_model_data":139},"model":"modelengine:void_beholder/chest_pupil"},{"predicate":{"custom_model_data":140},"model":"modelengine:void_beholder/chest_eye"},{"predicate":{"custom_model_data":141},"model":"modelengine:void_beholder/left_tentacle"},{"predicate":{"custom_model_data":142},"model":"modelengine:void_beholder/left_tentacle_mid"},{"predicate":{"custom_model_data":143},"model":"modelengine:void_beholder/left_tentacle_end"},{"predicate":{"custom_model_data":144},"model":"modelengine:void_beholder/right_tentacle"},{"predicate":{"custom_model_data":145},"model":"modelengine:void_beholder/right_tentacle_mid"},{"predicate":{"custom_model_data":146},"model":"modelengine:void_beholder/right_tentacle_end"},{"predicate":{"custom_model_data":147},"model":"modelengine:void_beholder/head"},{"predicate":{"custom_model_data":148},"model":"modelengine:void_beholder/pupil"},{"predicate":{"custom_model_data":149},"model":"modelengine:void_beholder/eye"},{"predicate":{"custom_model_data":150},"model":"modelengine:void_beholder/up_left_tentacle"},{"predicate":{"custom_model_data":151},"model":"modelengine:void_beholder/up_left_tentacle_mid"},{"predicate":{"custom_model_data":152},"model":"modelengine:void_beholder/up_left_tentacle_end"},{"predicate":{"custom_model_data":153},"model":"modelengine:void_beholder/up_right_tentacle"},{"predicate":{"custom_model_data":154},"model":"modelengine:void_beholder/up_right_tentacle_mid"},{"predicate":{"custom_model_data":155},"model":"modelengine:void_beholder/up_right_tentacle_end"},{"predicate":{"custom_model_data":156},"model":"modelengine:voidstormdragon/body"},{"predicate":{"custom_model_data":157},"model":"modelengine:voidstormdragon/neck"},{"predicate":{"custom_model_data":158},"model":"modelengine:voidstormdragon/neck2"},{"predicate":{"custom_model_data":159},"model":"modelengine:voidstormdragon/mouth"},{"predicate":{"custom_model_data":160},"model":"modelengine:voidstormdragon/head"},{"predicate":{"custom_model_data":161},"model":"modelengine:voidstormdragon/wing_lefttop"},{"predicate":{"custom_model_data":162},"model":"modelengine:voidstormdragon/leftwingextra"},{"predicate":{"custom_model_data":163},"model":"modelengine:voidstormdragon/wing_left"},{"predicate":{"custom_model_data":164},"model":"modelengine:voidstormdragon/wing_righttop"},{"predicate":{"custom_model_data":165},"model":"modelengine:voidstormdragon/rightwingextra"},{"predicate":{"custom_model_data":166},"model":"modelengine:voidstormdragon/wing_right"},{"predicate":{"custom_model_data":167},"model":"modelengine:voidstormdragon/armleftbottom"},{"predicate":{"custom_model_data":168},"model":"modelengine:voidstormdragon/arm_left2"},{"predicate":{"custom_model_data":169},"model":"modelengine:voidstormdragon/armrightbottom"},{"predicate":{"custom_model_data":170},"model":"modelengine:voidstormdragon/arm_right3"},{"predicate":{"custom_model_data":171},"model":"modelengine:voidstormdragon/leg_left"},{"predicate":{"custom_model_data":172},"model":"modelengine:voidstormdragon/legleftbottom"},{"predicate":{"custom_model_data":173},"model":"modelengine:voidstormdragon/legrightbottom"},{"predicate":{"custom_model_data":174},"model":"modelengine:voidstormdragon/leg_right2"},{"predicate":{"custom_model_data":175},"model":"modelengine:voidstormdragon/tail2"},{"predicate":{"custom_model_data":176},"model":"modelengine:voidstormdragon/tail"},{"predicate":{"custom_model_data":177},"model":"modelengine:whaleshark/whole"},{"predicate":{"custom_model_data":178},"model":"modelengine:whaleshark/tail"},{"predicate":{"custom_model_data":179},"model":"modelengine:whaleshark/reartail"},{"predicate":{"custom_model_data":180},"model":"modelengine:whaleshark/tailfin"},{"predicate":{"custom_model_data":181},"model":"modelengine:whaleshark/tailfinpart"},{"predicate":{"custom_model_data":182},"model":"modelengine:whaleshark/head"},{"predicate":{"custom_model_data":183},"model":"modelengine:whaleshark/lowerjawleft"},{"predicate":{"custom_model_data":184},"model":"modelengine:whaleshark/lowerjawright"},{"predicate":{"custom_model_data":185},"model":"modelengine:whaleshark/leftfin"},{"predicate":{"custom_model_data":186},"model":"modelengine:whaleshark/rightfin"},{"predicate":{"custom_model_data":1000},"model":"modelengine:nm_cassowary/nm_cassowary"},{"predicate":{"custom_model_data":1001},"model":"modelengine:nm_cassowary/rightleg"},{"predicate":{"custom_model_data":1002},"model":"modelengine:nm_cassowary/leftleg"},{"predicate":{"custom_model_data":1003},"model":"modelengine:nm_cassowary/neck"},{"predicate":{"custom_model_data":1004},"model":"modelengine:nm_cassowary/head"},{"predicate":{"custom_model_data":1005},"model":"modelengine:nm_cassowary_baby/nm_cassowary_baby"},{"predicate":{"custom_model_data":1006},"model":"modelengine:nm_cassowary_baby/rightleg"},{"predicate":{"custom_model_data":1007},"model":"modelengine:nm_cassowary_baby/leftleg"},{"predicate":{"custom_model_data":1008},"model":"modelengine:nm_cassowary_baby/neck"},{"predicate":{"custom_model_data":1009},"model":"modelengine:nm_cassowary_baby/head"},{"predicate":{"custom_model_data":10005},"model":"hats_expansion:adventurer_hat"},{"predicate":{"custom_model_data":10006},"model":"hats_expansion:amongus_head"},{"predicate":{"custom_model_data":10007},"model":"hats_expansion:axolotl_hat"},{"predicate":{"custom_model_data":10008},"model":"hats_expansion:baseball_cap"},{"predicate":{"custom_model_data":10009},"model":"hats_expansion:fedora"},{"predicate":{"custom_model_data":10010},"model":"hats_expansion:frog_hat"},{"predicate":{"custom_model_data":10011},"model":"hats_expansion:jellyfish_hat"},{"predicate":{"custom_model_data":10012},"model":"hats_expansion:sensei"},{"predicate":{"custom_model_data":10013},"model":"hats_expansion:sombrero"},{"predicate":{"custom_model_data":10014},"model":"hats_expansion:straw_hat"},{"predicate":{"custom_model_data":10015},"model":"hats_expansion:tv_head"},{"predicate":{"custom_model_data":10016},"model":"hats_expansion:ufo_hat"},{"predicate":{"custom_model_data":10017},"model":"item/leather_horse_armor"}]}