{"parent":"minecraft:item/generated","textures":{"layer0":"minecraft:item/paper"},"overrides":[{"predicate":{"custom_model_data":10000},"model":"_iainternal:ia_auto_gen/icon_left_blue"},{"predicate":{"custom_model_data":10001},"model":"_iainternal:ia_auto_gen/icon_right_blue"},{"predicate":{"custom_model_data":10002},"model":"_iainternal:ia_auto_gen/icon_search"},{"predicate":{"custom_model_data":10003},"model":"_iainternal:ia_auto_gen/icon_cancel"},{"predicate":{"custom_model_data":10004},"model":"_iainternal:ia_auto_gen/icon_arrow_chest"},{"predicate":{"custom_model_data":10005},"model":"_iainternal:ia_auto_gen/icon_back_orange"},{"predicate":{"custom_model_data":10006},"model":"_iainternal:ia_auto_gen/icon_next_orange"},{"predicate":{"custom_model_data":10020},"model":"hats_expansion:cardboard_box"},{"predicate":{"custom_model_data":10021},"model":"hats_expansion:hard_hat"},{"predicate":{"custom_model_data":10283},"model":"sweetheartset:helmet"},{"predicate":{"custom_model_data":10284},"model":"sweetheartset:key"},{"predicate":{"custom_model_data":10286},"model":"summerset:key"},{"predicate":{"custom_model_data":10287},"model":"summerset:backpack"},{"predicate":{"custom_model_data":10288},"model":"summerset:mask"},{"predicate":{"custom_model_data":10290},"model":"elitecreatures:zombie_apocalyptic_animated_weapon_set/key"},{"predicate":{"custom_model_data":10291},"model":"elitecreatures:zombie_apocalyptic_animated_weapon_set/pistol"},{"predicate":{"custom_model_data":10292},"model":"elitecreatures:zombie_apocalyptic_animated_weapon_set/shotgun"},{"predicate":{"custom_model_data":10293},"model":"elitecreatures:zombie_apocalyptic_animated_weapon_set/smg"},{"predicate":{"custom_model_data":10295},"model":"elitecreatures:headlesshorseman_animated_weapon_set/chest"},{"predicate":{"custom_model_data":10296},"model":"elitecreatures:headlesshorseman_animated_weapon_set/gauntlet"},{"predicate":{"custom_model_data":10297},"model":"elitecreatures:headlesshorseman_animated_weapon_set/hat"},{"predicate":{"custom_model_data":10298},"model":"elitecreatures:headlesshorseman_animated_weapon_set/key"},{"predicate":{"custom_model_data":10299},"model":"elitecreatures:headlesshorseman_animated_weapon_set/wing"},{"predicate":{"custom_model_data":10300},"model":"thunderboltset:helmet"},{"predicate":{"custom_model_data":10301},"model":"thunderboltset:key"},{"predicate":{"custom_model_data":10302},"model":"elitecreatures:berserker_animated_weapon_set/chest"},{"predicate":{"custom_model_data":10303},"model":"elitecreatures:berserker_animated_weapon_set/key"},{"predicate":{"custom_model_data":10305},"model":"elitecreatures:thanks_giving_2023_v2/chest"},{"predicate":{"custom_model_data":10306},"model":"elitecreatures:santa_decoration/big_gift_box"},{"predicate":{"custom_model_data":10307},"model":"elitecreatures:santa_decoration/santa_hat"},{"predicate":{"custom_model_data":10308},"model":"elitecreatures:santa_decoration/candles"},{"predicate":{"custom_model_data":10309},"model":"elitecreatures:santa_decoration/candy_cane"},{"predicate":{"custom_model_data":10310},"model":"elitecreatures:santa_decoration/candy_cane2"},{"predicate":{"custom_model_data":10311},"model":"elitecreatures:santa_decoration/christmas_tree"},{"predicate":{"custom_model_data":10312},"model":"elitecreatures:santa_decoration/christmas_wreath"},{"predicate":{"custom_model_data":10313},"model":"elitecreatures:santa_decoration/deer"},{"predicate":{"custom_model_data":10314},"model":"elitecreatures:santa_decoration/elves"},{"predicate":{"custom_model_data":10315},"model":"elitecreatures:santa_decoration/holly"},{"predicate":{"custom_model_data":10316},"model":"elitecreatures:santa_decoration/jingle_bells"},{"predicate":{"custom_model_data":10317},"model":"elitecreatures:santa_decoration/long_gift_box"},{"predicate":{"custom_model_data":10318},"model":"elitecreatures:santa_decoration/nutcracker"},{"predicate":{"custom_model_data":10319},"model":"elitecreatures:santa_decoration/open_gift_box"},{"predicate":{"custom_model_data":10320},"model":"elitecreatures:santa_decoration/penguin"},{"predicate":{"custom_model_data":10321},"model":"elitecreatures:santa_decoration/santa_claus"},{"predicate":{"custom_model_data":10322},"model":"elitecreatures:santa_decoration/santa_claus_bag"},{"predicate":{"custom_model_data":10323},"model":"elitecreatures:santa_decoration/santa_decoration"},{"predicate":{"custom_model_data":10324},"model":"elitecreatures:santa_decoration/santa_decoration2"},{"predicate":{"custom_model_data":10325},"model":"elitecreatures:santa_decoration/santa_sleigh"},{"predicate":{"custom_model_data":10326},"model":"elitecreatures:santa_decoration/snowman"},{"predicate":{"custom_model_data":10327},"model":"elitecreatures:christmas_holiday_2023/chest"},{"predicate":{"custom_model_data":10328},"model":"elitecreatures:christmas_eve_2023/chest"},{"predicate":{"custom_model_data":10329},"model":"elitecreatures:christmas_furniture_v1/cake"},{"predicate":{"custom_model_data":10330},"model":"elitecreatures:christmas_furniture_v1/candle"},{"predicate":{"custom_model_data":10331},"model":"elitecreatures:christmas_furniture_v1/carpet"},{"predicate":{"custom_model_data":10332},"model":"elitecreatures:christmas_furniture_v1/chair"},{"predicate":{"custom_model_data":10333},"model":"elitecreatures:christmas_furniture_v1/circle_leaf"},{"predicate":{"custom_model_data":10334},"model":"elitecreatures:christmas_furniture_v1/clock"},{"predicate":{"custom_model_data":10335},"model":"elitecreatures:christmas_furniture_v1/doll"},{"predicate":{"custom_model_data":10336},"model":"elitecreatures:christmas_furniture_v1/gift_box"},{"predicate":{"custom_model_data":10337},"model":"elitecreatures:christmas_furniture_v1/holy_berries"},{"predicate":{"custom_model_data":10338},"model":"elitecreatures:christmas_furniture_v1/holy_berry"},{"predicate":{"custom_model_data":10339},"model":"elitecreatures:christmas_furniture_v1/lantern"},{"predicate":{"custom_model_data":10340},"model":"elitecreatures:christmas_furniture_v1/mailbox"},{"predicate":{"custom_model_data":10341},"model":"elitecreatures:christmas_furniture_v1/rocking_horse"},{"predicate":{"custom_model_data":10342},"model":"elitecreatures:christmas_furniture_v1/ski_board"},{"predicate":{"custom_model_data":10343},"model":"elitecreatures:christmas_furniture_v1/snowglobe"},{"predicate":{"custom_model_data":10344},"model":"elitecreatures:christmas_furniture_v1/sock"},{"predicate":{"custom_model_data":10345},"model":"elitecreatures:christmas_furniture_v1/sofa"},{"predicate":{"custom_model_data":10346},"model":"elitecreatures:christmas_furniture_v1/soilder_doll"},{"predicate":{"custom_model_data":10347},"model":"elitecreatures:christmas_furniture_v1/soilder_doll_woman"},{"predicate":{"custom_model_data":10348},"model":"elitecreatures:christmas_furniture_v1/wall_calender"},{"predicate":{"custom_model_data":10349},"model":"elitecreatures:christmas_2023_animated/chest"},{"predicate":{"custom_model_data":10366},"model":"cosmo_pack:key"},{"predicate":{"custom_model_data":10367},"model":"cosmo_pack:wings"},{"predicate":{"custom_model_data":10368},"model":"radiance_collection:key"},{"predicate":{"custom_model_data":10369},"model":"fishing_pack:ia_auto_gen/common_fishing_bait"},{"predicate":{"custom_model_data":10370},"model":"fishing_pack:ia_auto_gen/corn_bait"},{"predicate":{"custom_model_data":10371},"model":"fishing_pack:ia_auto_gen/dough_balls_bait"},{"predicate":{"custom_model_data":10372},"model":"fishing_pack:ia_auto_gen/epic_fishing_bait"},{"predicate":{"custom_model_data":10373},"model":"fishing_pack:ia_auto_gen/jellyfish_tentacle_bait"},{"predicate":{"custom_model_data":10374},"model":"fishing_pack:ia_auto_gen/legendary_fishing_bait"},{"predicate":{"custom_model_data":10375},"model":"fishing_pack:ia_auto_gen/rare_fishing_bait"},{"predicate":{"custom_model_data":10376},"model":"fishing_pack:ia_auto_gen/worm_bait"},{"predicate":{"custom_model_data":10377},"model":"fishing_pack:ia_auto_gen/fish_bone"},{"predicate":{"custom_model_data":10378},"model":"fishing_pack:ia_auto_gen/pearl"},{"predicate":{"custom_model_data":10379},"model":"fishing_pack:ia_auto_gen/hook"},{"predicate":{"custom_model_data":10380},"model":"fishing_pack:ia_auto_gen/fish_compass"},{"predicate":{"custom_model_data":10381},"model":"fishing_pack:ia_auto_gen/starfish"},{"predicate":{"custom_model_data":10382},"model":"saintpatricksset2024:key"},{"predicate":{"custom_model_data":10383},"model":"saintpatricksset2024:wings"},{"predicate":{"custom_model_data":10384},"model":"saintpatricksset2024:backpack"},{"predicate":{"custom_model_data":10385},"model":"saintpatricksset2024:hat"},{"predicate":{"custom_model_data":10386},"model":"elitecreatures:easterbunny_animated_weapon_set_v2/chest"},{"predicate":{"custom_model_data":10387},"model":"elitecreatures:easterbunny_animated_weapon_set_v2/chest_open"},{"predicate":{"custom_model_data":10388},"model":"elitecreatures:easterbunny_animated_weapon_set_v2/key"},{"predicate":{"custom_model_data":10389},"model":"elitecreatures:easterbunny_animated_weapon_set_v2/wings"},{"predicate":{"custom_model_data":10390},"model":"littlesharkset:flag"},{"predicate":{"custom_model_data":10391},"model":"littlesharkset:key"},{"predicate":{"custom_model_data":10392},"model":"littlesharkset:hat"},{"predicate":{"custom_model_data":10393},"model":"littlesharkset:backpack"},{"predicate":{"custom_model_data":10394},"model":"littlesharkset:backpack_2"},{"predicate":{"custom_model_data":10395},"model":"littlesharkset:tail"},{"predicate":{"custom_model_data":10396},"model":"crates1:lvl1_key"},{"predicate":{"custom_model_data":10397},"model":"crates1:lvl1_crate"},{"predicate":{"custom_model_data":10398},"model":"crates1:lvl2_key"},{"predicate":{"custom_model_data":10399},"model":"crates1:lvl2_crate"},{"predicate":{"custom_model_data":10400},"model":"crates1:lvl3_key"},{"predicate":{"custom_model_data":10401},"model":"crates1:lvl3_crate"},{"predicate":{"custom_model_data":10402},"model":"crates1:lvl4_key"},{"predicate":{"custom_model_data":10403},"model":"crates1:lvl4_crate"},{"predicate":{"custom_model_data":10404},"model":"crates_expansion:common_crate"},{"predicate":{"custom_model_data":10405},"model":"crates_expansion:rare_crate"},{"predicate":{"custom_model_data":10406},"model":"crates_expansion:legendary_crate"},{"predicate":{"custom_model_data":10407},"model":"crates_expansion:cosmetic_crate"},{"predicate":{"custom_model_data":10408},"model":"crates_expansion:furniture_crate"},{"predicate":{"custom_model_data":10409},"model":"crates_expansion:pet_crate"},{"predicate":{"custom_model_data":10410},"model":"demon_edgeset:backpack"},{"predicate":{"custom_model_data":10411},"model":"demon_edgeset:helmet"},{"predicate":{"custom_model_data":10412},"model":"demon_edgeset:key"},{"predicate":{"custom_model_data":10413},"model":"leviathanset:key"},{"predicate":{"custom_model_data":10414},"model":"leviathanset:wings"},{"predicate":{"custom_model_data":10415},"model":"summer_furniture_set:accessorie_1"},{"predicate":{"custom_model_data":10416},"model":"summer_furniture_set:accessorie_2"},{"predicate":{"custom_model_data":10417},"model":"summer_furniture_set:accessorie_3"},{"predicate":{"custom_model_data":10418},"model":"summer_furniture_set:accessorie_4"},{"predicate":{"custom_model_data":10419},"model":"summer_furniture_set:beach_bed_1"},{"predicate":{"custom_model_data":10420},"model":"summer_furniture_set:beach_bed_2"},{"predicate":{"custom_model_data":10421},"model":"summer_furniture_set:beach_toys"},{"predicate":{"custom_model_data":10422},"model":"summer_furniture_set:chair_1"},{"predicate":{"custom_model_data":10423},"model":"summer_furniture_set:chair_2"},{"predicate":{"custom_model_data":10424},"model":"summer_furniture_set:coconut_tree_1"},{"predicate":{"custom_model_data":10425},"model":"summer_furniture_set:coconut_tree_2"},{"predicate":{"custom_model_data":10426},"model":"summer_furniture_set:coconut_tree_3"},{"predicate":{"custom_model_data":10427},"model":"summer_furniture_set:coconut_tree_4"},{"predicate":{"custom_model_data":10428},"model":"summer_furniture_set:counter_1"},{"predicate":{"custom_model_data":10429},"model":"summer_furniture_set:counter_2"},{"predicate":{"custom_model_data":10430},"model":"summer_furniture_set:dry_grass_roof"},{"predicate":{"custom_model_data":10431},"model":"summer_furniture_set:dry_grass_roof_angle"},{"predicate":{"custom_model_data":10432},"model":"summer_furniture_set:ice_bucket"},{"predicate":{"custom_model_data":10433},"model":"summer_furniture_set:light"},{"predicate":{"custom_model_data":10434},"model":"summer_furniture_set:long_shelf_1"},{"predicate":{"custom_model_data":10435},"model":"summer_furniture_set:long_shelf_2"},{"predicate":{"custom_model_data":10436},"model":"summer_furniture_set:long_table_1"},{"predicate":{"custom_model_data":10437},"model":"summer_furniture_set:long_table_2"},{"predicate":{"custom_model_data":10438},"model":"summer_furniture_set:long_table_3"},{"predicate":{"custom_model_data":10439},"model":"summer_furniture_set:long_table_4"},{"predicate":{"custom_model_data":10440},"model":"summer_furniture_set:plant_1"},{"predicate":{"custom_model_data":10441},"model":"summer_furniture_set:plant_2"},{"predicate":{"custom_model_data":10442},"model":"summer_furniture_set:sand_castle"},{"predicate":{"custom_model_data":10443},"model":"summer_furniture_set:shelf"},{"predicate":{"custom_model_data":10444},"model":"summer_furniture_set:small_table_1"},{"predicate":{"custom_model_data":10445},"model":"summer_furniture_set:small_table_2"},{"predicate":{"custom_model_data":10446},"model":"summer_furniture_set:small_table_3"},{"predicate":{"custom_model_data":10447},"model":"summer_furniture_set:surfboard_1"},{"predicate":{"custom_model_data":10448},"model":"summer_furniture_set:surfboard_2"},{"predicate":{"custom_model_data":10449},"model":"summer_furniture_set:surfboard_3"},{"predicate":{"custom_model_data":10450},"model":"summer_furniture_set:surfboard_stand"},{"predicate":{"custom_model_data":10451},"model":"summer_furniture_set:swimming_ring_stand"},{"predicate":{"custom_model_data":10452},"model":"summer_furniture_set:table_1"},{"predicate":{"custom_model_data":10453},"model":"summer_furniture_set:table_2"},{"predicate":{"custom_model_data":10454},"model":"summer_furniture_set:umbrella_1"},{"predicate":{"custom_model_data":10455},"model":"summer_furniture_set:umbrella_2"},{"predicate":{"custom_model_data":10456},"model":"summer_furniture_set:umbrella_3"},{"predicate":{"custom_model_data":10457},"model":"summer_furniture_set:umbrella_4"},{"predicate":{"custom_model_data":10458},"model":"furnace_gearworks:wings"},{"predicate":{"custom_model_data":10459},"model":"ender_dragonset:chest"},{"predicate":{"custom_model_data":10460},"model":"ender_dragonset:gauntlet"},{"predicate":{"custom_model_data":10461},"model":"ender_dragonset:helmet"},{"predicate":{"custom_model_data":10462},"model":"ender_dragonset:key"},{"predicate":{"custom_model_data":10463},"model":"ender_dragonset:wings"},{"predicate":{"custom_model_data":10464},"model":"spartan_set:cape"},{"predicate":{"custom_model_data":10465},"model":"spartan_set:chest"},{"predicate":{"custom_model_data":10466},"model":"spartan_set:helmet"},{"predicate":{"custom_model_data":10467},"model":"spartan_set:key"},{"predicate":{"custom_model_data":10468},"model":"elitecreatures:scarecrow_animated_weapon_set/chest"},{"predicate":{"custom_model_data":10470},"model":"elitecreatures:scarecrow_animated_weapon_set/hat"},{"predicate":{"custom_model_data":10471},"model":"elitecreatures:scarecrow_animated_weapon_set/key"},{"predicate":{"custom_model_data":10472},"model":"elitecreatures:scarecrow_animated_weapon_set/wing"},{"predicate":{"custom_model_data":10473},"model":"minerals_pack:ia_auto_gen/mythril_ore"},{"predicate":{"custom_model_data":10474},"model":"minerals_pack:ia_auto_gen/mythril_ore_deepslate"},{"predicate":{"custom_model_data":10475},"model":"minerals_pack:ia_auto_gen/raw_mythril_block"},{"predicate":{"custom_model_data":10476},"model":"minerals_pack:ia_auto_gen/mythril_block"},{"predicate":{"custom_model_data":10477},"model":"minerals_pack:ia_auto_gen/malachite_ore"},{"predicate":{"custom_model_data":10478},"model":"minerals_pack:ia_auto_gen/malachite_ore_deepslate"},{"predicate":{"custom_model_data":10479},"model":"minerals_pack:ia_auto_gen/raw_malachite_block"},{"predicate":{"custom_model_data":10480},"model":"minerals_pack:ia_auto_gen/malachite_block"},{"predicate":{"custom_model_data":10481},"model":"minerals_pack:ia_auto_gen/amethyst_ore"},{"predicate":{"custom_model_data":10482},"model":"minerals_pack:ia_auto_gen/amethyst_ore_deepslate"},{"predicate":{"custom_model_data":10483},"model":"minerals_pack:ia_auto_gen/raw_amethyst_block"},{"predicate":{"custom_model_data":10484},"model":"minerals_pack:ia_auto_gen/amethyst_block"},{"predicate":{"custom_model_data":10485},"model":"minerals_pack:ia_auto_gen/amber_ore"},{"predicate":{"custom_model_data":10486},"model":"minerals_pack:ia_auto_gen/amber_ore_deepslate"},{"predicate":{"custom_model_data":10487},"model":"minerals_pack:ia_auto_gen/raw_amber_block"},{"predicate":{"custom_model_data":10488},"model":"minerals_pack:ia_auto_gen/amber_block"},{"predicate":{"custom_model_data":10489},"model":"minerals_pack:ia_auto_gen/ruby_ore"},{"predicate":{"custom_model_data":10490},"model":"minerals_pack:ia_auto_gen/ruby_ore_deepslate"},{"predicate":{"custom_model_data":10491},"model":"minerals_pack:ia_auto_gen/raw_ruby_block"},{"predicate":{"custom_model_data":10492},"model":"minerals_pack:ia_auto_gen/ruby_block"},{"predicate":{"custom_model_data":10493},"model":"minerals_pack:ia_auto_gen/jade_ore"},{"predicate":{"custom_model_data":10494},"model":"minerals_pack:ia_auto_gen/jade_ore_deepslate"},{"predicate":{"custom_model_data":10495},"model":"minerals_pack:ia_auto_gen/raw_jade_block"},{"predicate":{"custom_model_data":10496},"model":"minerals_pack:ia_auto_gen/jade_block"},{"predicate":{"custom_model_data":10497},"model":"minerals_pack:ia_auto_gen/silver_ore"},{"predicate":{"custom_model_data":10498},"model":"minerals_pack:ia_auto_gen/silver_ore_deepslate"},{"predicate":{"custom_model_data":10499},"model":"minerals_pack:ia_auto_gen/raw_silver_block"},{"predicate":{"custom_model_data":10500},"model":"minerals_pack:ia_auto_gen/silver_block"},{"predicate":{"custom_model_data":10501},"model":"minerals_pack:ia_auto_gen/iridium_ore"},{"predicate":{"custom_model_data":10502},"model":"minerals_pack:ia_auto_gen/iridium_ore_deepslate"},{"predicate":{"custom_model_data":10503},"model":"minerals_pack:ia_auto_gen/raw_iridium_block"},{"predicate":{"custom_model_data":10504},"model":"minerals_pack:ia_auto_gen/iridium_block"},{"predicate":{"custom_model_data":10505},"model":"minerals_pack:ia_auto_gen/mythril_nugget"},{"predicate":{"custom_model_data":10506},"model":"minerals_pack:ia_auto_gen/raw_mythril"},{"predicate":{"custom_model_data":10507},"model":"minerals_pack:ia_auto_gen/mythril_ingot"},{"predicate":{"custom_model_data":10508},"model":"minerals_pack:ia_auto_gen/malachite_nugget"},{"predicate":{"custom_model_data":10509},"model":"minerals_pack:ia_auto_gen/malachite"},{"predicate":{"custom_model_data":10510},"model":"minerals_pack:ia_auto_gen/malachite_ingot"},{"predicate":{"custom_model_data":10511},"model":"minerals_pack:ia_auto_gen/amethyst_nugget"},{"predicate":{"custom_model_data":10512},"model":"minerals_pack:ia_auto_gen/amethyst"},{"predicate":{"custom_model_data":10513},"model":"minerals_pack:ia_auto_gen/amethyst_ingot"},{"predicate":{"custom_model_data":10514},"model":"minerals_pack:ia_auto_gen/amber_nugget"},{"predicate":{"custom_model_data":10515},"model":"minerals_pack:ia_auto_gen/amber"},{"predicate":{"custom_model_data":10516},"model":"minerals_pack:ia_auto_gen/amber_ingot"},{"predicate":{"custom_model_data":10517},"model":"minerals_pack:ia_auto_gen/ruby_nugget"},{"predicate":{"custom_model_data":10518},"model":"minerals_pack:ia_auto_gen/ruby"},{"predicate":{"custom_model_data":10519},"model":"minerals_pack:ia_auto_gen/ruby_ingot"},{"predicate":{"custom_model_data":10520},"model":"minerals_pack:ia_auto_gen/jade_nugget"},{"predicate":{"custom_model_data":10521},"model":"minerals_pack:ia_auto_gen/raw_jade"},{"predicate":{"custom_model_data":10522},"model":"minerals_pack:ia_auto_gen/jade_ingot"},{"predicate":{"custom_model_data":10523},"model":"minerals_pack:ia_auto_gen/silver_nugget"},{"predicate":{"custom_model_data":10524},"model":"minerals_pack:ia_auto_gen/silver"},{"predicate":{"custom_model_data":10525},"model":"minerals_pack:ia_auto_gen/silver_ingot"},{"predicate":{"custom_model_data":10526},"model":"minerals_pack:ia_auto_gen/iridium_nugget"},{"predicate":{"custom_model_data":10527},"model":"minerals_pack:ia_auto_gen/raw_iridium"},{"predicate":{"custom_model_data":10528},"model":"minerals_pack:ia_auto_gen/iridium_ingot"},{"predicate":{"custom_model_data":100000},"model":"nightmarket:ia_auto_gen/nothing"},{"predicate":{"custom_model_data":100001},"model":"nightmarket:ia_auto_gen/check_mark"},{"predicate":{"custom_model_data":100002},"model":"nightmarket:ia_auto_gen/locked_common"},{"predicate":{"custom_model_data":100003},"model":"nightmarket:ia_auto_gen/locked_uncommon"},{"predicate":{"custom_model_data":100004},"model":"nightmarket:ia_auto_gen/locked_rare"},{"predicate":{"custom_model_data":100005},"model":"nightmarket:ia_auto_gen/locked_epic"},{"predicate":{"custom_model_data":100006},"model":"nightmarket:ia_auto_gen/locked_legendary"},{"predicate":{"custom_model_data":100007},"model":"nightmarket:ia_auto_gen/locked_mythical"},{"predicate":{"custom_model_data":100008},"model":"nightmarket:ia_auto_gen/reroll_icon"},{"predicate":{"custom_model_data":100009},"model":"item/paper"}]}