{"elements":[{"from":[7.428571,1.4285712,7.428571],"to":[8.571428,8.285714,8.571428],"rotation":{"angle":0.0,"axis":"y","origin":[6.857143,11.428572,8.0]},"faces":{"east":{"uv":[3.5,5.5,4.0,8.5],"rotation":0,"texture":"#0","tintindex":0},"south":{"uv":[5.5,4.5,6.0,7.5],"rotation":0,"texture":"#0","tintindex":0},"north":{"uv":[3.0,5.5,3.5,8.5],"rotation":0,"texture":"#0","tintindex":0},"west":{"uv":[6.0,0.0,6.5,3.0],"rotation":0,"texture":"#0","tintindex":0},"up":{"uv":[4.5,8.5,4.0,8.0],"rotation":0,"texture":"#0","tintindex":0},"down":{"uv":[5.0,8.0,4.5,8.5],"rotation":0,"texture":"#0","tintindex":0}}}],"textures":{"0":"modelengine:entity/skr_barebone"},"display":{"head":{"translation":[0.0,-6.4,0.0],"scale":[4.0,4.0,4.0]}}}