{"elements":[{"from":[4.532628,5.156852,3.4520054],"to":[11.610651,12.076704,7.524487],"rotation":{"angle":0.0,"axis":"y","origin":[7.829687,7.758731,12.341492]},"faces":{"east":{"uv":[4.125,6.0,3.25,7.5],"rotation":0,"texture":"#0","tintindex":0},"south":{"uv":[3.5,3.125,5.0625,4.625],"rotation":0,"texture":"#0","tintindex":0},"north":{"uv":[3.5,1.625,5.0625,3.125],"rotation":0,"texture":"#0","tintindex":0},"west":{"uv":[3.25,6.0,4.125,7.5],"rotation":0,"texture":"#0","tintindex":0},"up":{"uv":[6.6875,4.25,5.125,3.375],"rotation":0,"texture":"#0","tintindex":0},"down":{"uv":[6.1875,5.875,4.625,6.75],"rotation":0,"texture":"#0","tintindex":0}}},{"from":[5.1040564,5.156852,1.1662908],"to":[11.039223,10.933846,3.524487],"rotation":{"angle":0.0,"axis":"y","origin":[7.829687,7.758731,12.341492]},"faces":{"east":{"uv":[1.25,7.125,0.75,8.375],"rotation":0,"texture":"#0","tintindex":0},"south":{"uv":[0.0,4.875,1.3125,6.125],"rotation":0,"texture":"#0","tintindex":0},"north":{"uv":[4.625,4.625,5.9375,5.875],"rotation":0,"texture":"#0","tintindex":0},"west":{"uv":[0.75,7.125,1.25,8.375],"rotation":0,"texture":"#0","tintindex":0},"up":{"uv":[8.5625,4.75,7.25,4.25],"rotation":0,"texture":"#0","tintindex":0},"down":{"uv":[8.5625,4.75,7.25,5.25],"rotation":0,"texture":"#0","tintindex":0}}},{"from":[5.5806613,5.4768515,-0.5487728],"to":[10.463068,10.025423,1.3014312],"rotation":{"angle":0.0,"axis":"y","origin":[7.849036,8.284807,11.6997385]},"faces":{"east":{"uv":[8.25,7.375,7.875,8.375],"rotation":0,"texture":"#0","tintindex":0},"south":{"uv":[1.25,6.5,2.3125,7.5],"rotation":0,"texture":"#0","tintindex":0},"north":{"uv":[6.25,6.25,7.3125,7.25],"rotation":0,"texture":"#0","tintindex":0},"west":{"uv":[7.875,7.375,8.25,8.375],"rotation":0,"texture":"#0","tintindex":0},"up":{"uv":[7.1875,8.25,6.125,7.875],"rotation":0,"texture":"#0","tintindex":0},"down":{"uv":[8.9375,7.0,7.875,7.375],"rotation":0,"texture":"#0","tintindex":0}}},{"from":[6.258943,7.694221,-2.2964401],"to":[9.687514,9.637078,0.666482],"rotation":{"angle":-45.0,"axis":"x","origin":[7.2754374,8.364308,-0.40991974]},"faces":{"east":{"uv":[2.375,8.625,1.75,9.0625],"rotation":0,"texture":"#0","tintindex":0},"south":{"uv":[0.0,8.25,0.75,8.6875],"rotation":0,"texture":"#0","tintindex":0},"north":{"uv":[8.125,6.25,8.875,6.6875],"rotation":0,"texture":"#0","tintindex":0},"west":{"uv":[1.75,8.625,2.375,9.0625],"rotation":0,"texture":"#0","tintindex":0},"up":{"uv":[2.75,8.125,2.0,7.5],"rotation":0,"texture":"#0","tintindex":0},"down":{"uv":[3.5,7.5,2.75,8.125],"rotation":0,"texture":"#0","tintindex":0}}},{"from":[6.2875147,5.7017493,-2.6438751],"to":[9.658943,7.9303207,0.31904697],"rotation":{"angle":0.0,"axis":"y","origin":[7.2754374,9.228964,-0.75735474]},"faces":{"east":{"uv":[9.125,1.0,8.5,1.5],"rotation":0,"texture":"#0","tintindex":0},"south":{"uv":[5.375,8.0,6.125,8.5],"rotation":0,"texture":"#0","tintindex":0},"north":{"uv":[4.0,8.0,4.75,8.5],"rotation":0,"texture":"#0","tintindex":0},"west":{"uv":[8.5,1.0,9.125,1.5],"rotation":0,"texture":"#0","tintindex":0},"up":{"uv":[8.25,3.375,7.5,2.75],"rotation":0,"texture":"#0","tintindex":0},"down":{"uv":[8.25,3.375,7.5,4.0],"rotation":0,"texture":"#0","tintindex":0}}},{"from":[7.116086,6.286966,-3.3163776],"to":[8.830372,7.6012516,-2.6391697],"rotation":{"angle":0.0,"axis":"y","origin":[6.704009,6.689512,-2.0012856]},"faces":{"east":{"uv":[1.375,6.125,1.25,6.4375],"rotation":0,"texture":"#0","tintindex":0},"south":{"uv":[5.625,4.25,6.0,4.5625],"rotation":0,"texture":"#0","tintindex":0},"north":{"uv":[3.125,4.25,3.5,4.5625],"rotation":0,"texture":"#0","tintindex":0},"west":{"uv":[1.25,6.125,1.375,6.4375],"rotation":0,"texture":"#0","tintindex":0},"up":{"uv":[6.0,9.125,5.625,9.0],"rotation":0,"texture":"#0","tintindex":0},"down":{"uv":[0.375,9.125,0.0,9.25],"rotation":0,"texture":"#0","tintindex":0}}},{"from":[7.258943,6.29104,-5.136442],"to":[8.687514,7.3196115,-3.3163776],"rotation":{"angle":0.0,"axis":"y","origin":[7.2754374,6.961111,-2.1070652]},"faces":{"east":{"uv":[9.125,8.375,8.75,8.625],"rotation":0,"texture":"#0","tintindex":0},"south":{"uv":[4.0,9.0,4.3125,9.25],"rotation":0,"texture":"#0","tintindex":0},"north":{"uv":[9.0,3.25,9.3125,3.5],"rotation":0,"texture":"#0","tintindex":0},"west":{"uv":[8.75,8.375,9.125,8.625],"rotation":0,"texture":"#0","tintindex":0},"up":{"uv":[0.3125,9.125,0.0,8.75],"rotation":0,"texture":"#0","tintindex":0},"down":{"uv":[9.0625,0.25,8.75,0.625],"rotation":0,"texture":"#0","tintindex":0}}}],"textures":{"0":"modelengine:entity/dolphin"},"display":{"head":{"translation":[0.0,-6.4,0.0],"scale":[4.0,4.0,4.0]}}}