{"elements":[{"from":[7.339588,7.004074,5.095976],"to":[8.76816,7.461217,6.916041],"rotation":{"angle":0.0,"axis":"y","origin":[7.3560824,8.245574,8.125354]},"faces":{"east":{"uv":[0.75,9.125,0.375,9.25],"rotation":0,"texture":"#0","tintindex":0},"south":{"uv":[3.0,9.125,3.3125,9.25],"rotation":0,"texture":"#0","tintindex":0},"north":{"uv":[2.625,9.125,2.9375,9.25],"rotation":0,"texture":"#0","tintindex":0},"west":{"uv":[0.375,9.125,0.75,9.25],"rotation":0,"texture":"#0","tintindex":0},"up":{"uv":[0.6875,9.125,0.375,8.75],"rotation":0,"texture":"#0","tintindex":0},"down":{"uv":[9.0625,0.625,8.75,1.0],"rotation":0,"texture":"#0","tintindex":0}}},{"from":[7.196731,7.004074,6.916041],"to":[8.911016,7.457143,7.593249],"rotation":{"angle":0.0,"axis":"y","origin":[6.784654,8.245574,8.125354]},"faces":{"east":{"uv":[6.75,3.0,6.625,3.125],"rotation":0,"texture":"#0","tintindex":0},"south":{"uv":[9.125,0.5,9.5,0.625],"rotation":0,"texture":"#0","tintindex":0},"north":{"uv":[9.125,0.375,9.5,0.5],"rotation":0,"texture":"#0","tintindex":0},"west":{"uv":[6.625,3.0,6.75,3.125],"rotation":0,"texture":"#0","tintindex":0},"up":{"uv":[9.5,0.75,9.125,0.625],"rotation":0,"texture":"#0","tintindex":0},"down":{"uv":[9.5,0.75,9.125,0.875],"rotation":0,"texture":"#0","tintindex":0}}}],"textures":{"0":"modelengine:entity/dolphin"},"display":{"head":{"translation":[0.0,-6.4,0.0],"scale":[4.0,4.0,4.0]}}}