{"elements":[{"from":[4.23357,5.5646143,3.6199226],"to":[11.311594,12.949838,11.797177],"rotation":{"angle":0.0,"axis":"y","origin":[7.677353,8.320817,8.498054]},"faces":{"east":{"uv":[1.8125,1.625,0.0,3.25],"rotation":0,"texture":"#0","tintindex":0},"south":{"uv":[3.5,0.0,5.0625,1.625],"rotation":0,"texture":"#0","tintindex":0},"north":{"uv":[5.0625,0.0,3.5,1.625],"rotation":0,"texture":"#0","tintindex":0},"west":{"uv":[0.0,1.625,1.8125,3.25],"rotation":0,"texture":"#0","tintindex":0},"up":{"uv":[3.4375,1.8125,1.875,0.0],"rotation":0,"texture":"#0","tintindex":0},"down":{"uv":[3.4375,1.875,1.875,3.6875],"rotation":0,"texture":"#0","tintindex":0}}},{"from":[7.2951803,13.583703,7.4750485],"to":[8.286782,15.480446,9.788786],"rotation":{"angle":0.0,"axis":"y","origin":[7.226214,9.208171,10.097366]},"faces":{"east":{"uv":[3.5,8.625,4.0,9.0625],"rotation":0,"texture":"#0","tintindex":0},"south":{"uv":[1.5,8.875,1.6875,9.3125],"rotation":0,"texture":"#0","tintindex":0},"north":{"uv":[1.25,8.875,1.4375,9.3125],"rotation":0,"texture":"#0","tintindex":0},"west":{"uv":[8.625,4.25,9.125,4.6875],"rotation":0,"texture":"#0","tintindex":0},"up":{"uv":[8.9375,3.0,8.75,2.5],"rotation":0,"texture":"#0","tintindex":0},"down":{"uv":[8.9375,3.0,8.75,3.5],"rotation":0,"texture":"#0","tintindex":0}}},{"from":[7.3066087,13.848501,12.379402],"to":[8.282902,15.526505,14.693139],"rotation":{"angle":-45.0,"axis":"x","origin":[7.226214,9.208171,10.097366]},"faces":{"east":{"uv":[5.125,4.25,5.625,4.625],"rotation":0,"texture":"#0","tintindex":0},"south":{"uv":[4.375,9.0,4.5625,9.375],"rotation":0,"texture":"#0","tintindex":0},"north":{"uv":[1.75,8.25,1.9375,8.625],"rotation":0,"texture":"#0","tintindex":0},"west":{"uv":[6.125,3.0,6.625,3.375],"rotation":0,"texture":"#0","tintindex":0},"up":{"uv":[8.9375,7.875,8.75,7.375],"rotation":0,"texture":"#0","tintindex":0},"down":{"uv":[8.9375,7.875,8.75,8.375],"rotation":0,"texture":"#0","tintindex":0}}},{"from":[7.312323,10.360025,3.8062878],"to":[8.288616,12.256769,8.56076],"rotation":{"angle":45.0,"axis":"x","origin":[7.226214,9.208171,10.097366]},"faces":{"east":{"uv":[7.5,5.25,8.5625,5.6875],"rotation":0,"texture":"#0","tintindex":0},"south":{"uv":[6.0,8.875,6.1875,9.3125],"rotation":0,"texture":"#0","tintindex":0},"north":{"uv":[8.875,5.0,9.0625,5.4375],"rotation":0,"texture":"#0","tintindex":0},"west":{"uv":[7.5,5.75,8.5625,6.1875],"rotation":0,"texture":"#0","tintindex":0},"up":{"uv":[2.5625,9.6875,2.375,8.625],"rotation":0,"texture":"#0","tintindex":0},"down":{"uv":[8.8125,4.75,8.625,5.8125],"rotation":0,"texture":"#0","tintindex":0}}},{"from":[7.3008943,10.691572,5.014962],"to":[8.292497,12.588316,9.769434],"rotation":{"angle":22.5,"axis":"x","origin":[7.226214,9.208171,10.097366]},"faces":{"east":{"uv":[7.625,0.0,8.6875,0.4375],"rotation":0,"texture":"#0","tintindex":0},"south":{"uv":[8.875,6.25,9.0625,6.6875],"rotation":0,"texture":"#0","tintindex":0},"north":{"uv":[6.25,8.875,6.4375,9.3125],"rotation":0,"texture":"#0","tintindex":0},"west":{"uv":[7.625,0.5,8.6875,0.9375],"rotation":0,"texture":"#0","tintindex":0},"up":{"uv":[8.3125,9.6875,8.125,8.625],"rotation":0,"texture":"#0","tintindex":0},"down":{"uv":[8.5625,8.625,8.375,9.6875],"rotation":0,"texture":"#0","tintindex":0}}}],"textures":{"0":"modelengine:entity/dolphin"},"display":{"head":{"translation":[0.0,-6.4,0.0],"scale":[4.0,4.0,4.0]}}}