{"credit":"Made by PolygonMC","textures":{"1":"summerset:wings"},"elements":[{"from":[6.75,-10.25,7.5],"to":[9.25,-7.75,8.5],"rotation":{"angle":-45,"axis":"z","origin":[8,-9,8]},"faces":{"north":{"uv":[7,0,9.5,2.5],"texture":"#1","tintindex":0},"east":{"uv":[6,10,7,12.5],"texture":"#1","tintindex":0},"south":{"uv":[8,3,10.5,5.5],"texture":"#1","tintindex":0},"west":{"uv":[10,6,11,8.5],"texture":"#1","tintindex":0},"up":{"uv":[12.5,3,10,2],"texture":"#1","tintindex":0},"down":{"uv":[9.5,10,7,11],"texture":"#1","tintindex":0}}},{"from":[7,-10,7.25],"to":[9,-8,8.75],"rotation":{"angle":-45,"axis":"z","origin":[8,-9,8]},"faces":{"north":{"uv":[4,8,6,10],"texture":"#1","tintindex":0},"east":{"uv":[8,6,9.5,8],"texture":"#1","tintindex":0},"south":{"uv":[6,8,8,10],"texture":"#1","tintindex":0},"west":{"uv":[8,8,9.5,10],"texture":"#1","tintindex":0},"up":{"uv":[12,1.5,10,0],"texture":"#1","tintindex":0},"down":{"uv":[6,10,4,11.5],"texture":"#1","tintindex":0}}},{"from":[9,-11.3,8.21],"to":[16,-7.8,8.24],"rotation":{"angle":0,"axis":"z","origin":[9,-7.8,8.21]},"faces":{"north":{"uv":[0,0,7,3.5],"texture":"#1","tintindex":0},"south":{"uv":[7,0,0,3.5],"texture":"#1","tintindex":0}}},{"from":[6.475,-15.9,8.12],"to":[9.975,-8.9,8.13],"rotation":{"angle":22.5,"axis":"z","origin":[9.975,-8.9,8.12]},"faces":{"north":{"uv":[0,0,7,3.5],"rotation":270,"texture":"#1","tintindex":0},"south":{"uv":[7,0,0,3.5],"rotation":90,"texture":"#1","tintindex":0}}},{"from":[6.025,-15.9,8.11],"to":[9.525,-8.9,8.14],"rotation":{"angle":-22.5,"axis":"z","origin":[6.025,-8.9,8.11]},"faces":{"north":{"uv":[0,3.5,7,0],"rotation":270,"texture":"#1","tintindex":0},"south":{"uv":[7,3.5,0,0],"rotation":90,"texture":"#1","tintindex":0}}},{"from":[9.445,-12.9774,7.78827],"to":[9.475,-9.4774,14.78827],"rotation":{"angle":22.5,"axis":"x","origin":[8,-11.2274,11.28827]},"faces":{"east":{"uv":[0,0,7,3.5],"texture":"#1","tintindex":0},"west":{"uv":[7,0,0,3.5],"texture":"#1","tintindex":0}}},{"from":[6.525,-12.9774,7.78827],"to":[6.555,-9.4774,14.78827],"rotation":{"angle":22.5,"axis":"x","origin":[8,-11.2274,11.28827]},"faces":{"east":{"uv":[0,0,7,3.5],"texture":"#1","tintindex":0},"west":{"uv":[7,0,0,3.5],"texture":"#1","tintindex":0}}},{"from":[8.7,-12.525,8.41],"to":[12.7,-9.025,8.44],"rotation":{"angle":-45,"axis":"z","origin":[10.7,-10.775,8.425]},"faces":{"north":{"uv":[4,4,8,7.5],"texture":"#1","tintindex":0},"south":{"uv":[8,4,4,7.5],"texture":"#1","tintindex":0}}},{"from":[8.05,-8,8.21],"to":[11.55,-1,8.24],"rotation":{"angle":-22.5,"axis":"z","origin":[8.05,-8,8.21]},"faces":{"north":{"uv":[0,4,3.5,11],"texture":"#1","tintindex":0},"south":{"uv":[3.5,4,0,11],"texture":"#1","tintindex":0}}},{"from":[9.52,-8.75,8.135],"to":[9.55,-1.75,11.635],"rotation":{"angle":45,"axis":"x","origin":[8.05,-8,8.21]},"faces":{"east":{"uv":[0,4,3.5,11],"texture":"#1","tintindex":0},"west":{"uv":[3.5,4,0,11],"texture":"#1","tintindex":0}}},{"from":[6.45,-8.75,8.135],"to":[6.48,-1.75,11.635],"rotation":{"angle":45,"axis":"x","origin":[7.95,-8,8.21]},"faces":{"east":{"uv":[0,4,3.5,11],"texture":"#1","tintindex":0},"west":{"uv":[3.5,4,0,11],"texture":"#1","tintindex":0}}},{"from":[8.18603,-8.46447,8.31],"to":[15.18603,-4.96447,8.34],"rotation":{"angle":45,"axis":"z","origin":[12.16103,-5.91447,8.225]},"faces":{"north":{"uv":[0,4,3.5,11],"rotation":270,"texture":"#1","tintindex":0},"south":{"uv":[3.5,4,0,11],"rotation":90,"texture":"#1","tintindex":0}}},{"from":[10.86103,-9.41447,8.26],"to":[17.86103,-5.91447,8.29],"rotation":{"angle":22.5,"axis":"z","origin":[15.08603,-6.86447,8.175]},"faces":{"north":{"uv":[0,4,3.5,11],"rotation":270,"texture":"#1","tintindex":0},"south":{"uv":[3.5,4,0,11],"rotation":90,"texture":"#1","tintindex":0}}},{"from":[-1.86103,-9.41447,8.26],"to":[5.13897,-5.91447,8.29],"rotation":{"angle":-22.5,"axis":"z","origin":[0.91397,-6.86447,8.175]},"faces":{"north":{"uv":[0,11,3.5,4],"rotation":270,"texture":"#1","tintindex":0},"south":{"uv":[3.5,11,0,4],"rotation":90,"texture":"#1","tintindex":0}}},{"from":[0,-11.3,8.21],"to":[7,-7.8,8.24],"rotation":{"angle":0,"axis":"z","origin":[7,-7.8,8.21]},"faces":{"north":{"uv":[7,0,0,3.5],"texture":"#1","tintindex":0},"south":{"uv":[0,0,7,3.5],"texture":"#1","tintindex":0}}},{"from":[3.3,-12.525,8.41],"to":[7.3,-9.025,8.44],"rotation":{"angle":45,"axis":"z","origin":[5.3,-10.775,8.425]},"faces":{"north":{"uv":[8,4,4,7.5],"texture":"#1","tintindex":0},"south":{"uv":[4,4,8,7.5],"texture":"#1","tintindex":0}}},{"from":[0.81397,-8.46447,8.31],"to":[7.81397,-4.96447,8.34],"rotation":{"angle":-45,"axis":"z","origin":[3.83897,-5.91447,8.225]},"faces":{"north":{"uv":[0,11,3.5,4],"rotation":270,"texture":"#1","tintindex":0},"south":{"uv":[3.5,11,0,4],"rotation":90,"texture":"#1","tintindex":0}}},{"from":[4.45,-8,8.21],"to":[7.95,-1,8.24],"rotation":{"angle":22.5,"axis":"z","origin":[7.95,-8,8.21]},"faces":{"north":{"uv":[3.5,4,0,11],"texture":"#1","tintindex":0},"south":{"uv":[0,4,3.5,11],"texture":"#1","tintindex":0}}},{"from":[8.53767,-8.09539,7.54],"to":[9.87767,-7.42539,8.21],"rotation":{"angle":22.5,"axis":"z","origin":[10.59369,-7.07089,7.875]},"faces":{"north":{"uv":[10,9,11.25,9.75],"texture":"#1","tintindex":0},"east":{"uv":[7,3,7.75,3.75],"texture":"#1","tintindex":0},"south":{"uv":[10,10,11.25,10.75],"texture":"#1","tintindex":0},"up":{"uv":[1.25,11.75,0,11],"texture":"#1","tintindex":0},"down":{"uv":[3.25,11,2,11.75],"texture":"#1","tintindex":0}}},{"from":[9.53972,-7.71418,7.59759],"to":[11.25907,-7.15935,8.15241],"rotation":{"angle":45,"axis":"z","origin":[10.59369,-7.07089,7.875]},"faces":{"north":{"uv":[11,3,12.75,3.5],"texture":"#1","tintindex":0},"east":{"uv":[12,1,12.5,1.5],"texture":"#1","tintindex":0},"south":{"uv":[11,4,12.75,4.5],"texture":"#1","tintindex":0},"up":{"uv":[12.75,5.5,11,5],"texture":"#1","tintindex":0},"down":{"uv":[12.75,6,11,6.5],"texture":"#1","tintindex":0}}},{"from":[11.231,-7.36383,7.65307],"to":[12.72843,-6.91996,8.09693],"rotation":{"angle":22.5,"axis":"z","origin":[10.59369,-7.07089,7.875]},"faces":{"north":{"uv":[7,11,8.5,11.5],"texture":"#1","tintindex":0},"east":{"uv":[2,12,2.5,12.5],"texture":"#1","tintindex":0},"south":{"uv":[11,7,12.5,7.5],"texture":"#1","tintindex":0},"up":{"uv":[12.5,8.5,11,8],"texture":"#1","tintindex":0},"down":{"uv":[10.5,11,9,11.5],"texture":"#1","tintindex":0}}},{"from":[10.05578,-7.14894,7.65307],"to":[10.88321,-6.70507,8.09693],"rotation":{"angle":-22.5,"axis":"z","origin":[10.59369,-7.07089,7.875]},"faces":{"north":{"uv":[11,11,11.75,11.5],"texture":"#1","tintindex":0},"south":{"uv":[0,12,0.75,12.5],"texture":"#1","tintindex":0},"west":{"uv":[3,12,3.5,12.5],"texture":"#1","tintindex":0},"up":{"uv":[12.75,0.5,12,0],"texture":"#1","tintindex":0},"down":{"uv":[1.75,12,1,12.5],"texture":"#1","tintindex":0}}},{"from":[10.33692,-6.61766,7.69967],"to":[10.68757,-5.964,8.05033],"rotation":{"angle":45,"axis":"z","origin":[10.59369,-7.07089,7.875]},"faces":{"north":{"uv":[4,12,4.25,12.75],"texture":"#1","tintindex":0},"east":{"uv":[5,12,5.25,12.75],"texture":"#1","tintindex":0},"south":{"uv":[7,12,7.25,12.75],"texture":"#1","tintindex":0},"west":{"uv":[8,12,8.25,12.75],"texture":"#1","tintindex":0},"up":{"uv":[9.25,12.25,9,12],"texture":"#1","tintindex":0}}},{"from":[5.11679,-7.14894,7.65307],"to":[5.94422,-6.70507,8.09693],"rotation":{"angle":22.5,"axis":"z","origin":[5.40631,-7.07089,7.875]},"faces":{"north":{"uv":[11.75,11,11,11.5],"texture":"#1","tintindex":0},"east":{"uv":[3.5,12,3,12.5],"texture":"#1","tintindex":0},"south":{"uv":[0.75,12,0,12.5],"texture":"#1","tintindex":0},"up":{"uv":[12,0.5,12.75,0],"texture":"#1","tintindex":0},"down":{"uv":[1,12,1.75,12.5],"texture":"#1","tintindex":0}}},{"from":[5.31243,-6.61766,7.69967],"to":[5.66308,-5.964,8.05033],"rotation":{"angle":-45,"axis":"z","origin":[5.40631,-7.07089,7.875]},"faces":{"north":{"uv":[4.25,12,4,12.75],"texture":"#1","tintindex":0},"east":{"uv":[8.25,12,8,12.75],"texture":"#1","tintindex":0},"south":{"uv":[7.25,12,7,12.75],"texture":"#1","tintindex":0},"west":{"uv":[5.25,12,5,12.75],"texture":"#1","tintindex":0},"up":{"uv":[9,12.25,9.25,12],"texture":"#1","tintindex":0}}},{"from":[4.74093,-7.71418,7.59759],"to":[6.46028,-7.15935,8.15241],"rotation":{"angle":-45,"axis":"z","origin":[5.40631,-7.07089,7.875]},"faces":{"north":{"uv":[12.75,3,11,3.5],"texture":"#1","tintindex":0},"south":{"uv":[12.75,4,11,4.5],"texture":"#1","tintindex":0},"west":{"uv":[12.5,1,12,1.5],"texture":"#1","tintindex":0},"up":{"uv":[11,5.5,12.75,5],"texture":"#1","tintindex":0},"down":{"uv":[11,6,12.75,6.5],"texture":"#1","tintindex":0}}},{"from":[3.27157,-7.36383,7.65307],"to":[4.769,-6.91996,8.09693],"rotation":{"angle":-22.5,"axis":"z","origin":[5.40631,-7.07089,7.875]},"faces":{"north":{"uv":[8.5,11,7,11.5],"texture":"#1","tintindex":0},"south":{"uv":[12.5,7,11,7.5],"texture":"#1","tintindex":0},"west":{"uv":[2.5,12,2,12.5],"texture":"#1","tintindex":0},"up":{"uv":[11,8.5,12.5,8],"texture":"#1","tintindex":0},"down":{"uv":[9,11,10.5,11.5],"texture":"#1","tintindex":0}}},{"from":[6.12233,-8.09539,7.54],"to":[7.46233,-7.42539,8.21],"rotation":{"angle":-22.5,"axis":"z","origin":[5.40631,-7.07089,7.875]},"faces":{"north":{"uv":[11.25,9,10,9.75],"texture":"#1","tintindex":0},"south":{"uv":[11.25,10,10,10.75],"texture":"#1","tintindex":0},"west":{"uv":[7.75,3,7,3.75],"texture":"#1","tintindex":0},"up":{"uv":[0,11.75,1.25,11],"texture":"#1","tintindex":0},"down":{"uv":[2,11,3.25,11.75],"texture":"#1","tintindex":0}}},{"from":[10.025,-6.375,7.75],"to":[12.025,-4.375,7.78],"rotation":{"angle":22.5,"axis":"z","origin":[11.25,-5.75,7.765]},"faces":{"north":{"uv":[13.25,3,15.25,5],"texture":"#1","tintindex":0},"south":{"uv":[15.25,3,13.25,5],"texture":"#1","tintindex":0}}},{"from":[9.675,-9.925,7.985],"to":[11.175,-8.425,8.015],"rotation":{"angle":-22.5,"axis":"z","origin":[10.425,-9.175,8]},"faces":{"north":{"uv":[13.25,1.25,14.75,2.75],"rotation":270,"texture":"#1","tintindex":0},"south":{"uv":[14.75,1.25,13.25,2.75],"rotation":90,"texture":"#1","tintindex":0}}},{"from":[12.475,-6.775,7.985],"to":[13.975,-5.275,8.015],"rotation":{"angle":-22.5,"axis":"z","origin":[13.225,-6.025,8]},"faces":{"north":{"uv":[13.25,1.25,14.75,2.75],"texture":"#1","tintindex":0},"south":{"uv":[14.75,1.25,13.25,2.75],"texture":"#1","tintindex":0}}},{"from":[11.15,-8.225,7.81],"to":[12.15,-7.225,7.84],"rotation":{"angle":0,"axis":"z","origin":[11.5,-7.5,8]},"faces":{"north":{"uv":[13.25,0,14.25,1],"rotation":270,"texture":"#1","tintindex":0},"south":{"uv":[14.25,0,13.25,1],"rotation":90,"texture":"#1","tintindex":0}}},{"from":[2.025,-6.775,7.985],"to":[3.525,-5.275,8.015],"rotation":{"angle":22.5,"axis":"z","origin":[2.775,-6.025,8]},"faces":{"north":{"uv":[14.75,1.25,13.25,2.75],"texture":"#1","tintindex":0},"south":{"uv":[13.25,1.25,14.75,2.75],"texture":"#1","tintindex":0}}},{"from":[3.85,-8.225,7.81],"to":[4.85,-7.225,7.84],"rotation":{"angle":0,"axis":"z","origin":[4.5,-7.5,8]},"faces":{"north":{"uv":[13.25,1,14.25,0],"rotation":270,"texture":"#1","tintindex":0},"south":{"uv":[14.25,1,13.25,0],"rotation":90,"texture":"#1","tintindex":0}}},{"from":[3.975,-6.375,7.75],"to":[5.975,-4.375,7.78],"rotation":{"angle":-22.5,"axis":"z","origin":[4.75,-5.75,7.765]},"faces":{"north":{"uv":[15.25,3,13.25,5],"texture":"#1","tintindex":0},"south":{"uv":[13.25,3,15.25,5],"texture":"#1","tintindex":0}}},{"from":[4.825,-9.925,7.985],"to":[6.325,-8.425,8.015],"rotation":{"angle":22.5,"axis":"z","origin":[5.575,-9.175,8]},"faces":{"north":{"uv":[13.25,2.75,14.75,1.25],"rotation":270,"texture":"#1","tintindex":0},"south":{"uv":[14.75,2.75,13.25,1.25],"rotation":90,"texture":"#1","tintindex":0}}}],"gui_light":"front","display":{"thirdperson_righthand":{"rotation":[-141,0,-180]},"thirdperson_lefthand":{"rotation":[67.25,0,0],"translation":[-5.5,-8.75,9.25],"scale":[2.5,2.5,2.5]},"firstperson_righthand":{"rotation":[152.5,0,-180],"translation":[1.75,2,0],"scale":[1.34961,1.34961,1.34961]},"firstperson_lefthand":{"rotation":[152.5,0,-180],"translation":[1.75,2,0],"scale":[0,0,0]},"ground":{"rotation":[-45,0,0],"translation":[0,5.5,0],"scale":[1.62109,1.62109,1.62109]},"gui":{"rotation":[0,180,0],"translation":[0,20,0],"scale":[1.09961,1.09961,1.09961]},"head":{"translation":[0,-48.25,8.25],"scale":[3.5,3.5,3.5]},"fixed":{"rotation":[0,180,0],"translation":[0,0.75,-2],"scale":[3.42578,3.42578,3.42578]}}}