{"model":{"type":"range_dispatch","property":"custom_model_data","index":0,"fallback":{"fallback":{"model":"item/netherite_leggings","type":"model"},"property":"trim_material","type":"select","cases":[{"model":{"type":"model","model":"item/netherite_leggings_quartz_trim"},"when":"quartz"},{"model":{"type":"model","model":"item/netherite_leggings_iron_trim"},"when":"iron"},{"model":{"type":"model","model":"item/netherite_leggings_netherite_trim"},"when":"netherite"},{"model":{"type":"model","model":"item/netherite_leggings_redstone_trim"},"when":"redstone"},{"model":{"type":"model","model":"item/netherite_leggings_copper_trim"},"when":"copper"},{"model":{"type":"model","model":"item/netherite_leggings_gold_trim"},"when":"gold"},{"model":{"type":"model","model":"item/netherite_leggings_emerald_trim"},"when":"emerald"},{"model":{"type":"model","model":"item/netherite_leggings_diamond_trim"},"when":"diamond"},{"model":{"type":"model","model":"item/netherite_leggings_lapis_trim"},"when":"lapis"},{"model":{"type":"model","model":"item/netherite_leggings_amethyst_trim"},"when":"amethyst"},{"model":{"type":"model","model":"item/netherite_leggings_resin_trim"},"when":"resin"}]},"entries":[{"threshold":10000,"model":{"fallback":{"model":"item/netherite_leggings","type":"model"},"property":"trim_material","type":"model","cases":[{"model":{"type":"model","model":"item/netherite_leggings_quartz_trim"},"when":"quartz"},{"model":{"type":"model","model":"item/netherite_leggings_iron_trim"},"when":"iron"},{"model":{"type":"model","model":"item/netherite_leggings_netherite_trim"},"when":"netherite"},{"model":{"type":"model","model":"item/netherite_leggings_redstone_trim"},"when":"redstone"},{"model":{"type":"model","model":"item/netherite_leggings_copper_trim"},"when":"copper"},{"model":{"type":"model","model":"item/netherite_leggings_gold_trim"},"when":"gold"},{"model":{"type":"model","model":"item/netherite_leggings_emerald_trim"},"when":"emerald"},{"model":{"type":"model","model":"item/netherite_leggings_diamond_trim"},"when":"diamond"},{"model":{"type":"model","model":"item/netherite_leggings_lapis_trim"},"when":"lapis"},{"model":{"type":"model","model":"item/netherite_leggings_amethyst_trim"},"when":"amethyst"},{"model":{"type":"model","model":"item/netherite_leggings_resin_trim"},"when":"resin"}],"model":"plny_spectral_corsair:ia_auto_gen/plny_spectral_corsairleggings"}},{"threshold":10001,"model":{"fallback":{"model":"item/netherite_leggings","type":"model"},"property":"trim_material","type":"model","cases":[{"model":{"type":"model","model":"item/netherite_leggings_quartz_trim"},"when":"quartz"},{"model":{"type":"model","model":"item/netherite_leggings_iron_trim"},"when":"iron"},{"model":{"type":"model","model":"item/netherite_leggings_netherite_trim"},"when":"netherite"},{"model":{"type":"model","model":"item/netherite_leggings_redstone_trim"},"when":"redstone"},{"model":{"type":"model","model":"item/netherite_leggings_copper_trim"},"when":"copper"},{"model":{"type":"model","model":"item/netherite_leggings_gold_trim"},"when":"gold"},{"model":{"type":"model","model":"item/netherite_leggings_emerald_trim"},"when":"emerald"},{"model":{"type":"model","model":"item/netherite_leggings_diamond_trim"},"when":"diamond"},{"model":{"type":"model","model":"item/netherite_leggings_lapis_trim"},"when":"lapis"},{"model":{"type":"model","model":"item/netherite_leggings_amethyst_trim"},"when":"amethyst"},{"model":{"type":"model","model":"item/netherite_leggings_resin_trim"},"when":"resin"}],"model":"item/netherite_leggings"}}]}}