{"textures":{"0":"modelengine:entity/void_beholder"},"elements":[{"from":[0.5,-10.575001,1.0749998],"to":[15.5,8.424999,15.075],"faces":{"east":{"uv":[4.0,3.5,5.75,5.875],"tintindex":-2,"rotation":0,"texture":"#0"},"south":{"uv":[2.0,3.5,3.875,5.875],"tintindex":-2,"rotation":0,"texture":"#0"},"north":{"uv":[0.0,3.5,1.875,5.875],"tintindex":-2,"rotation":0,"texture":"#0"},"west":{"uv":[4.75,0.0,6.5,2.375],"tintindex":-2,"rotation":0,"texture":"#0"},"up":{"uv":[8.5,1.75,6.625,0.0],"tintindex":-2,"rotation":0,"texture":"#0"},"down":{"uv":[7.375,7.5,5.5,9.25],"tintindex":-2,"rotation":0,"texture":"#0"}}}],"display":{"gui":{"rotation":[30,225,0]}}}