{"textures":{"0":"modelengine:entity/void_beholder"},"elements":[{"from":[4.4875,-6.2205334,1.1558485],"to":[10.4875,8.779467,9.1558485],"faces":{"east":{"uv":[9.875,10.75,10.875,12.625],"tintindex":-2,"rotation":0,"texture":"#0"},"south":{"uv":[1.25,11.5,2.0,13.375],"tintindex":-2,"rotation":0,"texture":"#0"},"north":{"uv":[1.25,11.5,2.0,13.375],"tintindex":-2,"rotation":0,"texture":"#0"},"west":{"uv":[9.875,10.75,10.875,12.625],"tintindex":-2,"rotation":0,"texture":"#0"},"up":{"uv":[5.25,14.0,4.5,13.0],"tintindex":-2,"rotation":0,"texture":"#0"},"down":{"uv":[13.75,5.5,13.0,6.5],"tintindex":-2,"rotation":0,"texture":"#0"}},"rotation":{"origin":[7.4875,2.2794666,5.155849],"angle":22.5,"axis":"x"}}],"display":{"gui":{"rotation":[30,225,0]}}}