{"elements":[{"from":[7.428571,7.428571,8.0],"to":[8.571428,8.571428,8.0],"rotation":{"angle":0.0,"axis":"y","origin":[8.0,10.857143,13.714286]},"faces":{"east":{"uv":[5.75,2.5,5.75,3.25],"rotation":0,"texture":"#0","tintindex":0},"south":{"uv":[14.625,4.625,14.5,4.75],"rotation":0,"texture":"#0","tintindex":0},"north":{"uv":[14.5,4.625,14.625,4.75],"rotation":0,"texture":"#0","tintindex":0},"west":{"uv":[5.5,6.0,5.5,6.75],"rotation":0,"texture":"#0","tintindex":0},"up":{"uv":[5.625,3.375,4.75,3.375],"rotation":0,"texture":"#0","tintindex":0},"down":{"uv":[7.5,1.875,6.625,1.875],"rotation":0,"texture":"#0","tintindex":0}}}],"textures":{"0":"modelengine:entity/void_beholder"},"display":{"head":{"translation":[0.0,-6.4,0.0],"scale":[4.0,4.0,4.0]}}}