{"elements":[{"from":[6.857143,4.0,-3.8571434],"to":[9.142858,7.428571,8.714286],"rotation":{"angle":-22.5,"axis":"x","origin":[8.0,5.714286,2.4285712]},"faces":{"east":{"uv":[11.5,9.875,8.75,10.625],"rotation":0,"texture":"#0","tintindex":0},"south":{"uv":[5.875,13.0,5.375,13.75],"rotation":0,"texture":"#0","tintindex":0},"north":{"uv":[1.125,12.5,0.625,13.25],"rotation":0,"texture":"#0","tintindex":0},"west":{"uv":[8.75,9.875,11.5,10.625],"rotation":0,"texture":"#0","tintindex":0},"up":{"uv":[12.375,6.75,12.875,4.0],"rotation":0,"texture":"#0","tintindex":0},"down":{"uv":[12.375,4.0,12.875,6.75],"rotation":0,"texture":"#0","tintindex":0}}}],"textures":{"0":"modelengine:entity/void_beholder"},"display":{"head":{"translation":[0.0,-6.4,0.0],"scale":[4.0,4.0,4.0]}}}