{"textures":{"0":"modelengine:entity/void_beholder"},"elements":[{"from":[9.758333,-4.3462753,3.4423552],"to":[15.758333,10.653727,12.442355],"faces":{"east":{"uv":[6.125,9.375,5.0,11.25],"tintindex":-2,"rotation":0,"texture":"#0"},"south":{"uv":[6.875,11.375,6.125,13.25],"tintindex":-2,"rotation":0,"texture":"#0"},"north":{"uv":[6.875,11.375,6.125,13.25],"tintindex":-2,"rotation":0,"texture":"#0"},"west":{"uv":[6.125,9.375,5.0,11.25],"tintindex":-2,"rotation":0,"texture":"#0"},"up":{"uv":[12.875,8.0,13.625,6.875],"tintindex":-2,"rotation":0,"texture":"#0"},"down":{"uv":[13.0,3.0,13.75,4.125],"tintindex":-2,"rotation":0,"texture":"#0"}},"rotation":{"origin":[12.758333,3.1537247,7.442355],"angle":45.0,"axis":"z"}}],"display":{"gui":{"rotation":[30,225,0]}}}