{"textures":{"0":"modelengine:entity/void_beholder"},"elements":[{"from":[3.4625,-7.46272,7.290039],"to":[12.5375,11.537279,21.29004],"faces":{"east":{"uv":[5.875,2.5,7.625,4.875],"tintindex":-2,"rotation":0,"texture":"#0"},"south":{"uv":[9.0,0.0,10.125,2.375],"tintindex":-2,"rotation":0,"texture":"#0"},"north":{"uv":[8.75,7.375,9.875,9.75],"tintindex":-2,"rotation":0,"texture":"#0"},"west":{"uv":[5.875,5.0,7.625,7.375],"tintindex":-2,"rotation":0,"texture":"#0"},"up":{"uv":[8.625,12.25,7.5,10.5],"tintindex":-2,"rotation":0,"texture":"#0"},"down":{"uv":[1.125,10.625,0.0,12.375],"tintindex":-2,"rotation":0,"texture":"#0"}},"rotation":{"origin":[8.0375,2.03728,14.290039],"angle":-45.0,"axis":"x"}}],"display":{"gui":{"rotation":[30,225,0]}}}