{"textures":{"0":"modelengine:entity/void_beholder"},"elements":[{"from":[8.0,7.7915564,14.256521],"to":[8.0,21.291555,23.25652],"faces":{"east":{"uv":[4.625,0.0,2.375,3.375],"tintindex":-2,"rotation":0,"texture":"#0"},"west":{"uv":[2.375,0.0,4.625,3.375],"tintindex":-2,"rotation":0,"texture":"#0"}},"rotation":{"origin":[5.75,14.541557,23.50652],"angle":22.5,"axis":"x"}},{"from":[5.75,5.847205,6.3449078],"to":[10.25,9.347205,17.84491],"faces":{"east":{"uv":[9.0,2.5,11.875,3.375],"tintindex":-2,"rotation":0,"texture":"#0"},"south":{"uv":[12.875,2.0,14.0,2.875],"tintindex":-2,"rotation":0,"texture":"#0"},"north":{"uv":[10.75,12.75,11.875,13.625],"tintindex":-2,"rotation":0,"texture":"#0"},"west":{"uv":[9.0,3.5,11.875,4.375],"tintindex":-2,"rotation":0,"texture":"#0"},"up":{"uv":[8.625,10.375,7.5,7.5],"tintindex":-2,"rotation":0,"texture":"#0"},"down":{"uv":[1.125,7.625,0.0,10.5],"tintindex":-2,"rotation":0,"texture":"#0"}},"rotation":{"origin":[8.0,10.847205,6.0949078],"angle":-22.5,"axis":"x"}}],"display":{"gui":{"rotation":[30,225,0]}}}