{"textures":{"0":"modelengine:entity/void_beholder"},"elements":[{"from":[6.0,1.000001,-12.75],"to":[10.0,7.0,9.25],"faces":{"east":{"uv":[11.5,9.875,8.75,10.625],"tintindex":-2,"rotation":0,"texture":"#0"},"south":{"uv":[5.375,13.0,5.875,13.75],"tintindex":-2,"rotation":0,"texture":"#0"},"north":{"uv":[0.625,12.5,1.125,13.25],"tintindex":-2,"rotation":0,"texture":"#0"},"west":{"uv":[8.75,9.875,11.5,10.625],"tintindex":-2,"rotation":0,"texture":"#0"},"up":{"uv":[12.875,6.75,12.375,4.0],"tintindex":-2,"rotation":0,"texture":"#0"},"down":{"uv":[12.875,4.0,12.375,6.75],"tintindex":-2,"rotation":0,"texture":"#0"}},"rotation":{"origin":[8.0,4.000001,-1.75],"angle":-22.5,"axis":"x"}}],"display":{"gui":{"rotation":[30,225,0]}}}