{"textures​":{"layer0":"minecraft:item/bone_block"},"\u0074\u0065\u0078\u0074\u0075\u0072\u0065\u0073":{"0":"\u006d\u006f\u0064\u0065\u006c\u0065\u006e\u0067\u0069\u006e\u0065:\u0065\u006e\u0074\u0069\u0074\u0079/\u0076\u006f\u0069\u0064\u0064\u0072\u0061\u0067\u006f\u006e","\u0070\u0061\u0072\u0074\u0069\u0063\u006c\u0065":"#0"},"elements":[{"from":[2.3677797,5.0353794,-3.5248795],"to":[10.99222,13.659819,12.12768],"faces":{"east":{"uv":[0.65625,8.0625,1.015625,8.265625],"tintindex":0,"rotation":0,"texture":"#0"},"south":{"uv":[8.40625,0.34375,8.609375,0.546875],"tintindex":0,"rotation":0,"texture":"#0"},"north":{"uv":[8.375,7.21875,8.578125,7.421875],"tintindex":0,"rotation":0,"texture":"#0"},"west":{"uv":[8.0625,0.75,8.421875,0.953125],"tintindex":0,"rotation":0,"texture":"#0"},"up":{"uv":[1.234375,8.421875,1.03125,8.0625],"tintindex":0,"rotation":0,"texture":"#0"},"down":{"uv":[1.453125,8.0625,1.25,8.421875],"tintindex":0,"rotation":0,"texture":"#0"}},"rotation":{"origin":[6.68,9.347599,4.3013997],"angle":45.0,"axis":"z"}},{"from":[1.9368,10.702799,-13.654999],"to":[11.4232,18.1564,0.57459974],"faces":{"east":{"uv":[8.15625,7.03125,8.484375,7.203125],"tintindex":0,"rotation":0,"texture":"#0"},"south":{"uv":[8.5,1.875,8.71875,2.046875],"tintindex":0,"rotation":0,"texture":"#0"},"north":{"uv":[8.5,1.03125,8.71875,1.203125],"tintindex":0,"rotation":0,"texture":"#0"},"west":{"uv":[8.21875,0.0,8.546875,0.171875],"tintindex":0,"rotation":0,"texture":"#0"},"up":{"uv":[1.6875,8.390625,1.46875,8.0625],"tintindex":0,"rotation":0,"texture":"#0"},"down":{"uv":[1.90625,8.0625,1.6875,8.390625],"tintindex":0,"rotation":0,"texture":"#0"}}},{"from":[6.68,18.1564,-13.654999],"to":[6.68,25.609999,0.57459974],"faces":{"east":{"uv":[4.234375,8.25,3.90625,8.421875],"tintindex":0,"rotation":0,"texture":"#0"},"west":{"uv":[3.90625,8.25,4.234375,8.421875],"tintindex":0,"rotation":0,"texture":"#0"}}},{"from":[0.5815997,9.347599,-3.4909992],"to":[12.7784,18.833998,12.0938],"faces":{"east":{"uv":[7.875,6.8125,8.234375,7.03125],"tintindex":0,"rotation":0,"texture":"#0"},"south":{"uv":[8.125,6.25,8.40625,6.46875],"tintindex":0,"rotation":0,"texture":"#0"},"north":{"uv":[8.125,4.53125,8.40625,4.75],"tintindex":0,"rotation":0,"texture":"#0"},"west":{"uv":[7.90625,1.34375,8.265625,1.5625],"tintindex":0,"rotation":0,"texture":"#0"},"up":{"uv":[7.8125,3.484375,7.53125,3.125],"tintindex":0,"rotation":0,"texture":"#0"},"down":{"uv":[7.03125,7.53125,6.75,7.890625],"tintindex":0,"rotation":0,"texture":"#0"}}},{"from":[3.3260512,7.3488503,-13.688879],"to":[10.033949,14.056747,0.60848],"faces":{"east":{"uv":[4.5,8.25,4.828125,8.40625],"tintindex":0,"rotation":0,"texture":"#0"},"south":{"uv":[8.6875,8.71875,8.84375,8.875],"tintindex":0,"rotation":0,"texture":"#0"},"north":{"uv":[8.53125,8.71875,8.6875,8.875],"tintindex":0,"rotation":0,"texture":"#0"},"west":{"uv":[8.25,6.59375,8.578125,6.75],"tintindex":0,"rotation":0,"texture":"#0"},"up":{"uv":[5.0,8.578125,4.84375,8.25],"tintindex":0,"rotation":0,"texture":"#0"},"down":{"uv":[7.625,8.25,7.46875,8.578125],"tintindex":0,"rotation":0,"texture":"#0"}},"rotation":{"origin":[6.68,10.702799,-6.5401993],"angle":45.0,"axis":"z"}},{"from":[6.68,18.833998,-3.4909992],"to":[6.68,28.320398,12.0938],"faces":{"east":{"uv":[8.296875,5.84375,7.9375,6.0625],"tintindex":0,"rotation":0,"texture":"#0"},"west":{"uv":[7.9375,5.84375,8.296875,6.0625],"tintindex":0,"rotation":0,"texture":"#0"}}}],"display":{"head":{"rotation":[0.0,0.0,0.0]},"firstperson_righthand":{"rotation":[0.0,0.0,0.0]},"thirdperson_lefthand":{"rotation":[0.0,0.0,0.0]},"firstperson_lefthand":{"rotation":[0.0,0.0,0.0]},"fixed":{"rotation":[0.0,0.0,0.0]},"ground":{"rotation":[0.0,0.0,0.0]},"thirdperson_righthand":{"rotation":[0.0,0.0,0.0]},"gui":{"rotation":[-150.0,-45.0,180.0]}}}