{"textures":{"0":"modelengine:entity/lostasset_mob5_crystalsc_hand"},"elements":[{"from":[14.60198,5.440954,13.8667],"to":[17.401981,9.850954,17.2267],"faces":{"east":{"uv":[1.5,14.0,3.0,16.0],"tintindex":-2,"rotation":0,"texture":"#0"},"south":{"uv":[3.0,14.0,4.5,16.0],"tintindex":-2,"rotation":0,"texture":"#0"},"north":{"uv":[0.0,14.0,1.5,16.0],"tintindex":-2,"rotation":0,"texture":"#0"},"west":{"uv":[11.0,14.0,12.5,16.0],"tintindex":-2,"rotation":0,"texture":"#0"},"up":{"uv":[14.0,15.5,12.5,14.0],"tintindex":-2,"rotation":0,"texture":"#0"},"down":{"uv":[15.5,14.0,14.0,15.5],"tintindex":-2,"rotation":0,"texture":"#0"}},"rotation":{"origin":[-4.5999994,19.2,24.8],"angle":45.0,"axis":"y"}},{"from":[14.60198,4.565954,17.2267],"to":[17.96198,10.725954,22.8267],"faces":{"east":{"uv":[10.0,0.0,13.0,3.0],"tintindex":-2,"rotation":0,"texture":"#0"},"south":{"uv":[8.0,12.0,9.5,15.0],"tintindex":-2,"rotation":0,"texture":"#0"},"north":{"uv":[6.5,12.0,8.0,15.0],"tintindex":-2,"rotation":0,"texture":"#0"},"west":{"uv":[10.0,3.0,13.0,6.0],"tintindex":-2,"rotation":0,"texture":"#0"},"up":{"uv":[13.5,12.0,12.0,9.0],"tintindex":-2,"rotation":0,"texture":"#0"},"down":{"uv":[11.0,12.0,9.5,15.0],"tintindex":-2,"rotation":0,"texture":"#0"}},"rotation":{"origin":[-4.5999994,19.2,24.8],"angle":45.0,"axis":"y"}}],"display":{"gui":{"rotation":[30,225,0]}}}