{
	"credit": "Made with Blockbench",
	"texture_size": [32, 32],
	"textures": {
		"1": "custom/elitecreatures/cursed_weapons/bow_cursed"
	},
	"elements": [
		{
			"from": [2.91854, -3.25597, 7.75],
			"to": [3.41854, 9.84403, 8.25],
			"rotation": {"angle": 0, "axis": "z", "origin": [3.00306, -2.46979, 8]},
			"faces": {
				"north": {"uv": [0, 6.25, 0.25, 12.75], "texture": "#1"},
				"east": {"uv": [0, 6.25, 0.25, 12.75], "texture": "#1"},
				"south": {"uv": [0, 6.25, 0.25, 12.75], "texture": "#1"},
				"west": {"uv": [0, 6.25, 0.25, 12.75], "texture": "#1"},
				"up": {"uv": [4.25, 15.75, 4, 15.5], "texture": "#1"},
				"down": {"uv": [4.75, 15.5, 4.5, 15.75], "texture": "#1"}
			}
		},
		{
			"from": [4.83265, 9.58618, 7.76],
			"to": [22.33265, 10.08618, 8.26],
			"rotation": {"angle": 0, "axis": "z", "origin": [14, -2.91382, 8]},
			"faces": {
				"north": {"uv": [0, 0, 0.25, 12.75], "rotation": 270, "texture": "#1"},
				"east": {"uv": [4.75, 15.75, 4.5, 15.5], "rotation": 90, "texture": "#1"},
				"south": {"uv": [0, 12.75, 0.25, 0], "rotation": 270, "texture": "#1"},
				"west": {"uv": [4.75, 15.5, 4.5, 15.75], "rotation": 90, "texture": "#1"},
				"up": {"uv": [0, 12.75, 0.25, 0], "rotation": 270, "texture": "#1"},
				"down": {"uv": [1.5, 12.75, 1.75, 0], "rotation": 270, "texture": "#1"}
			}
		},
		{
			"from": [2.91854, 9.84403, 7.75],
			"to": [3.41854, 22.64403, 8.25],
			"rotation": {"angle": 0, "axis": "z", "origin": [2.91854, 20.65785, 8]},
			"faces": {
				"north": {"uv": [0, 12.75, 0.25, 6.25], "texture": "#1"},
				"east": {"uv": [0, 12.75, 0.25, 6.25], "texture": "#1"},
				"south": {"uv": [0, 12.75, 0.25, 6.25], "texture": "#1"},
				"west": {"uv": [0, 12.75, 0.25, 6.25], "texture": "#1"},
				"up": {"uv": [4.75, 15.75, 4.5, 15.5], "texture": "#1"},
				"down": {"uv": [4.25, 15.5, 4, 15.75], "texture": "#1"}
			}
		},
		{
			"from": [7.35617, 8.33618, 6.75],
			"to": [9.85617, 9.33618, 9.25],
			"rotation": {"angle": -22.5, "axis": "z", "origin": [8.35617, 9.08618, 8]},
			"faces": {
				"north": {"uv": [14.5, 0.5, 15.75, 1], "texture": "#1"},
				"east": {"uv": [14.5, 1, 15.75, 1.5], "texture": "#1"},
				"south": {"uv": [14.5, 1.5, 15.75, 2], "texture": "#1"},
				"west": {"uv": [14.5, 2, 15.75, 2.5], "texture": "#1"},
				"up": {"uv": [4.75, 9.25, 3.5, 8], "texture": "#1"},
				"down": {"uv": [6.25, 8, 5, 9.25], "texture": "#1"}
			}
		},
		{
			"from": [7.35617, 11.08618, 6.75],
			"to": [9.85617, 12.08618, 9.25],
			"rotation": {"angle": 22.5, "axis": "z", "origin": [8.35617, 11.33618, 8]},
			"faces": {
				"north": {"uv": [14.5, 2.5, 15.75, 3], "texture": "#1"},
				"east": {"uv": [14.5, 3, 15.75, 3.5], "texture": "#1"},
				"south": {"uv": [14.5, 3.5, 15.75, 4], "texture": "#1"},
				"west": {"uv": [14.5, 4, 15.75, 4.5], "texture": "#1"},
				"up": {"uv": [9.75, 1.25, 8.5, 0], "texture": "#1"},
				"down": {"uv": [9.75, 1.5, 8.5, 2.75], "texture": "#1"}
			}
		},
		{
			"from": [7.86883, 7.48618, 7.25],
			"to": [9.36883, 12.98618, 8.75],
			"rotation": {"angle": 0, "axis": "y", "origin": [2.61883, 20.33618, 8]},
			"faces": {
				"north": {"uv": [5, 1, 5.75, 3.75], "texture": "#1"},
				"east": {"uv": [2, 5, 2.75, 7.75], "texture": "#1"},
				"south": {"uv": [3, 5, 3.75, 7.75], "texture": "#1"},
				"west": {"uv": [4, 5, 4.75, 7.75], "texture": "#1"},
				"up": {"uv": [15.25, 9.25, 14.5, 8.5], "texture": "#1"},
				"down": {"uv": [15.25, 9.5, 14.5, 10.25], "texture": "#1"}
			}
		},
		{
			"from": [9.1372, 6.52518, 7],
			"to": [12.1372, 8.02518, 9],
			"rotation": {"angle": 22.5, "axis": "z", "origin": [11.68973, 3.19611, 8]},
			"faces": {
				"north": {"uv": [12, 2, 13.5, 2.75], "texture": "#1"},
				"east": {"uv": [4.5, 13.5, 5.5, 14.25], "texture": "#1"},
				"south": {"uv": [12, 3, 13.5, 3.75], "texture": "#1"},
				"west": {"uv": [13.5, 10, 14.5, 10.75], "texture": "#1"},
				"up": {"uv": [9, 10.5, 7.5, 9.5], "texture": "#1"},
				"down": {"uv": [11, 8, 9.5, 9], "texture": "#1"}
			}
		},
		{
			"from": [11.19178, 6.40956, 6.976],
			"to": [11.7658, 7.79538, 9.026],
			"rotation": {"angle": -22.5, "axis": "z", "origin": [11.35991, 7.38949, 8]},
			"faces": {
				"north": {"uv": [3, 15, 3.25, 15.75], "texture": "#1"},
				"east": {"uv": [12.5, 13.5, 13.5, 14.25], "texture": "#1"},
				"south": {"uv": [3.5, 15, 3.75, 15.75], "texture": "#1"},
				"west": {"uv": [13.5, 13, 14.5, 13.75], "texture": "#1"},
				"up": {"uv": [14.25, 15.5, 14, 14.5], "texture": "#1"},
				"down": {"uv": [14.75, 14.5, 14.5, 15.5], "texture": "#1"}
			}
		},
		{
			"from": [22, 9.8, 7.82],
			"to": [23.5, 11.3, 8.2058],
			"rotation": {"angle": -45, "axis": "z", "origin": [22, 9.85, 8]},
			"faces": {
				"north": {"uv": [13, 14, 12.5, 13.5], "rotation": 90, "texture": "#1"},
				"east": {"uv": [12.75, 13.5, 13.75, 13.75], "rotation": 90, "texture": "#1"},
				"south": {"uv": [13, 13.5, 12.5, 14], "rotation": 90, "texture": "#1"},
				"west": {"uv": [3.5, 15, 3.75, 15.75], "rotation": 180, "texture": "#1"},
				"up": {"uv": [13.75, 13.5, 12.75, 13.75], "texture": "#1"},
				"down": {"uv": [3, 15, 3.25, 15.75], "rotation": 180, "texture": "#1"}
			}
		},
		{
			"from": [2.03, 9.1, 8],
			"to": [5.03, 10.6, 8],
			"rotation": {"angle": 0, "axis": "z", "origin": [6, 10.85, 8]},
			"faces": {
				"north": {"uv": [3.75, 1.75, 2.25, 1], "texture": "#1"},
				"east": {"uv": [12.75, 13.5, 13.75, 13.75], "rotation": 90, "texture": "#1"},
				"south": {"uv": [2.25, 1.75, 3.75, 1], "texture": "#1"},
				"west": {"uv": [3.5, 15, 3.75, 15.75], "rotation": 180, "texture": "#1"},
				"up": {"uv": [13.75, 13.5, 12.75, 13.75], "texture": "#1"},
				"down": {"uv": [3, 15, 3.25, 15.75], "rotation": 180, "texture": "#1"}
			}
		},
		{
			"from": [2.03, 9.82, 7.25],
			"to": [5.03, 9.82, 8.75],
			"rotation": {"angle": 0, "axis": "x", "origin": [6, 10.599, 7.75]},
			"faces": {
				"north": {"uv": [13.75, 13.5, 12.75, 13.75], "rotation": 180, "texture": "#1"},
				"east": {"uv": [12.75, 13.5, 13.75, 13.75], "rotation": 180, "texture": "#1"},
				"south": {"uv": [3, 15, 3.25, 15.75], "rotation": 180, "texture": "#1"},
				"west": {"uv": [3.5, 15, 3.75, 15.75], "rotation": 90, "texture": "#1"},
				"up": {"uv": [2.25, 1.75, 3.75, 1], "texture": "#1"},
				"down": {"uv": [3.75, 1.75, 2.25, 1], "rotation": 180, "texture": "#1"}
			}
		},
		{
			"from": [5.85991, 6.32883, 6.975],
			"to": [11.35991, 7.82883, 9.025],
			"rotation": {"angle": 0, "axis": "z", "origin": [9.91244, 2.99975, 8]},
			"faces": {
				"north": {"uv": [2, 4, 4.75, 4.75], "texture": "#1"},
				"east": {"uv": [13.5, 11, 14.5, 11.75], "texture": "#1"},
				"south": {"uv": [5, 0, 7.75, 0.75], "texture": "#1"},
				"west": {"uv": [13.5, 12, 14.5, 12.75], "texture": "#1"},
				"up": {"uv": [4.75, 1, 2, 0], "texture": "#1"},
				"down": {"uv": [4.75, 1, 2, 2], "texture": "#1"}
			}
		},
		{
			"from": [4.5135, 0.62742, 7.25],
			"to": [8.0135, 2.12742, 8.75],
			"rotation": {"angle": 22.5, "axis": "z", "origin": [8.08024, 1.34858, 8]},
			"faces": {
				"north": {"uv": [10, 3, 11.75, 3.75], "texture": "#1"},
				"east": {"uv": [5.5, 14.5, 6.25, 15.25], "texture": "#1"},
				"south": {"uv": [4, 10.5, 5.75, 11.25], "texture": "#1"},
				"west": {"uv": [6.5, 14.5, 7.25, 15.25], "texture": "#1"},
				"up": {"uv": [12.25, 4.75, 10.5, 4], "texture": "#1"},
				"down": {"uv": [7.75, 10.5, 6, 11.25], "texture": "#1"}
			}
		},
		{
			"from": [4.48695, -2.2968, 7.5],
			"to": [5.48695, 0.7032, 8.5],
			"rotation": {"angle": 0, "axis": "z", "origin": [5.26579, 1.76994, 8]},
			"faces": {
				"north": {"uv": [8.5, 13, 9, 14.5], "texture": "#1"},
				"east": {"uv": [11, 13, 11.5, 14.5], "texture": "#1"},
				"south": {"uv": [11.5, 13, 12, 14.5], "texture": "#1"},
				"west": {"uv": [12, 13, 12.5, 14.5], "texture": "#1"},
				"up": {"uv": [6, 14, 5.5, 13.5], "texture": "#1"},
				"down": {"uv": [14, 14.5, 13.5, 15], "texture": "#1"}
			}
		},
		{
			"from": [7.99969, 0.71542, 7],
			"to": [9.49969, 4.71542, 9],
			"rotation": {"angle": -22.5, "axis": "z", "origin": [8.74969, 3.71542, 8]},
			"faces": {
				"north": {"uv": [9, 5, 9.75, 7], "texture": "#1"},
				"east": {"uv": [6, 3, 7, 5], "texture": "#1"},
				"south": {"uv": [2, 9.5, 2.75, 11.5], "texture": "#1"},
				"west": {"uv": [5, 6, 6, 8], "texture": "#1"},
				"up": {"uv": [8.25, 14, 7.5, 13], "texture": "#1"},
				"down": {"uv": [13.75, 9, 13, 10], "texture": "#1"}
			}
		},
		{
			"from": [5.66089, 2.65123, 6.75],
			"to": [7.16089, 6.15123, 9.25],
			"rotation": {"angle": 45, "axis": "z", "origin": [6.43972, 6.71797, 8]},
			"faces": {
				"north": {"uv": [10, 5, 10.75, 6.75], "texture": "#1"},
				"east": {"uv": [2, 2, 3.25, 3.75], "texture": "#1"},
				"south": {"uv": [3, 10.5, 3.75, 12.25], "texture": "#1"},
				"west": {"uv": [3.5, 2, 4.75, 3.75], "texture": "#1"},
				"up": {"uv": [4.25, 13.75, 3.5, 12.5], "texture": "#1"},
				"down": {"uv": [13.25, 4, 12.5, 5.25], "texture": "#1"}
			}
		},
		{
			"from": [4.54435, 4.37068, 6.977],
			"to": [7.54435, 5.87068, 9.023],
			"rotation": {"angle": 22.5, "axis": "z", "origin": [3.9776, 5.14951, 8.002]},
			"faces": {
				"north": {"uv": [7, 11.5, 8.5, 12.25], "texture": "#1"},
				"east": {"uv": [2, 13.5, 3, 14.25], "texture": "#1"},
				"south": {"uv": [8.5, 11.5, 10, 12.25], "texture": "#1"},
				"west": {"uv": [13.5, 2, 14.5, 2.75], "texture": "#1"},
				"up": {"uv": [10.5, 8, 9, 7], "texture": "#1"},
				"down": {"uv": [4.5, 9.5, 3, 10.5], "texture": "#1"}
			}
		},
		{
			"from": [4.41452, 4.01798, 6.976],
			"to": [7.41452, 5.51798, 9.024],
			"rotation": {"angle": 45, "axis": "z", "origin": [3.84777, 4.79682, 8.001]},
			"faces": {
				"north": {"uv": [12, 0, 13.5, 0.75], "texture": "#1"},
				"east": {"uv": [13.5, 3, 14.5, 3.75], "texture": "#1"},
				"south": {"uv": [12, 1, 13.5, 1.75], "texture": "#1"},
				"west": {"uv": [13.5, 4, 14.5, 4.75], "texture": "#1"},
				"up": {"uv": [6, 10.5, 4.5, 9.5], "texture": "#1"},
				"down": {"uv": [7.5, 9.5, 6, 10.5], "texture": "#1"}
			}
		},
		{
			"from": [6.50291, 15.06988, 7],
			"to": [8.50291, 16.56988, 9],
			"rotation": {"angle": -45, "axis": "z", "origin": [10.06965, 15.84872, 8]},
			"faces": {
				"north": {"uv": [12.5, 12.5, 13.5, 13.25], "texture": "#1"},
				"east": {"uv": [0, 13, 1, 13.75], "texture": "#1"},
				"south": {"uv": [1, 13, 2, 13.75], "texture": "#1"},
				"west": {"uv": [6, 13, 7, 13.75], "texture": "#1"},
				"up": {"uv": [3, 12.5, 2, 11.5], "texture": "#1"},
				"down": {"uv": [11, 11.5, 10, 12.5], "texture": "#1"}
			}
		},
		{
			"from": [4.27646, 17.41008, 7.25],
			"to": [7.77646, 18.91008, 8.75],
			"rotation": {"angle": -22.5, "axis": "z", "origin": [7.84321, 18.18892, 8]},
			"faces": {
				"north": {"uv": [9, 9.5, 10.75, 10.25], "texture": "#1"},
				"east": {"uv": [2, 14.5, 2.75, 15.25], "texture": "#1"},
				"south": {"uv": [10, 0, 11.75, 0.75], "texture": "#1"},
				"west": {"uv": [4.5, 14.5, 5.25, 15.25], "texture": "#1"},
				"up": {"uv": [11.75, 1.75, 10, 1], "texture": "#1"},
				"down": {"uv": [11.75, 2, 10, 2.75], "texture": "#1"}
			}
		},
		{
			"from": [8.11818, 14.61296, 7.025],
			"to": [9.11818, 17.11296, 8.975],
			"rotation": {"angle": 0, "axis": "z", "origin": [8.39702, 13.54622, 8]},
			"faces": {
				"north": {"uv": [4, 14, 4.5, 15.25], "texture": "#1"},
				"east": {"uv": [11, 8, 12, 9.25], "texture": "#1"},
				"south": {"uv": [7.5, 14, 8, 15.25], "texture": "#1"},
				"west": {"uv": [11, 9.5, 12, 10.75], "texture": "#1"},
				"up": {"uv": [7.5, 5, 7, 4], "texture": "#1"},
				"down": {"uv": [8.5, 0, 8, 1], "texture": "#1"}
			}
		},
		{
			"from": [6.16089, 12.02113, 7],
			"to": [7.16089, 16.02113, 9],
			"rotation": {"angle": -45, "axis": "z", "origin": [6.43972, 12.95439, 8]},
			"faces": {
				"north": {"uv": [12, 7, 12.5, 9], "texture": "#1"},
				"east": {"uv": [5, 4, 6, 6], "texture": "#1"},
				"south": {"uv": [12, 9, 12.5, 11], "texture": "#1"},
				"west": {"uv": [6, 1, 7, 3], "texture": "#1"},
				"up": {"uv": [9, 15.5, 8.5, 14.5], "texture": "#1"},
				"down": {"uv": [12.5, 14.5, 12, 15.5], "texture": "#1"}
			}
		},
		{
			"from": [4.24992, 18.8343, 7.5],
			"to": [5.24992, 21.8343, 8.5],
			"rotation": {"angle": 0, "axis": "z", "origin": [5.02875, 17.76756, 8]},
			"faces": {
				"north": {"uv": [9, 12.5, 9.5, 14], "texture": "#1"},
				"east": {"uv": [12.5, 9, 13, 10.5], "texture": "#1"},
				"south": {"uv": [9.5, 12.5, 10, 14], "texture": "#1"},
				"west": {"uv": [10, 12.5, 10.5, 14], "texture": "#1"},
				"up": {"uv": [3.5, 14, 3, 13.5], "texture": "#1"},
				"down": {"uv": [14, 5, 13.5, 5.5], "texture": "#1"}
			}
		},
		{
			"from": [4.24745, 12.39376, 7.025],
			"to": [7.24745, 13.39376, 8.975],
			"rotation": {"angle": 22.5, "axis": "z", "origin": [6.79998, 17.22283, 8]},
			"faces": {
				"north": {"uv": [9.5, 9, 11, 9.5], "texture": "#1"},
				"east": {"uv": [6.5, 8, 7.5, 8.5], "texture": "#1"},
				"south": {"uv": [6, 12.5, 7.5, 13], "texture": "#1"},
				"west": {"uv": [14.5, 4.5, 15.5, 5], "texture": "#1"},
				"up": {"uv": [10, 4, 8.5, 3], "texture": "#1"},
				"down": {"uv": [8, 8.5, 6.5, 9.5], "texture": "#1"}
			}
		},
		{
			"from": [10.02585, 11.97087, 7.05],
			"to": [13.02585, 12.97087, 8.95],
			"rotation": {"angle": -22.5, "axis": "z", "origin": [11.57838, 16.79994, 8]},
			"faces": {
				"north": {"uv": [12.5, 6.5, 14, 7], "texture": "#1"},
				"east": {"uv": [14.5, 10.5, 15.5, 11], "texture": "#1"},
				"south": {"uv": [12.5, 7, 14, 7.5], "texture": "#1"},
				"west": {"uv": [11, 14.5, 12, 15], "texture": "#1"},
				"up": {"uv": [9.5, 9.5, 8, 8.5], "texture": "#1"},
				"down": {"uv": [10.5, 4, 9, 5], "texture": "#1"}
			}
		},
		{
			"from": [11.06766, 11.78454, 6.775],
			"to": [14.06766, 12.78454, 9.225],
			"rotation": {"angle": 0, "axis": "z", "origin": [11.62019, 16.61361, 8]},
			"faces": {
				"north": {"uv": [7.5, 12.5, 9, 13], "texture": "#1"},
				"east": {"uv": [5.5, 14, 6.75, 14.5], "texture": "#1"},
				"south": {"uv": [12.5, 7.5, 14, 8], "texture": "#1"},
				"west": {"uv": [14, 6, 15.25, 6.5], "texture": "#1"},
				"up": {"uv": [7.5, 6.25, 6, 5], "texture": "#1"},
				"down": {"uv": [7.5, 6.5, 6, 7.75], "texture": "#1"}
			}
		},
		{
			"from": [13.10197, 12.35355, 6.75],
			"to": [16.10197, 13.35355, 9.25],
			"rotation": {"angle": -22.5, "axis": "z", "origin": [13.6545, 17.18263, 8]},
			"faces": {
				"north": {"uv": [12.5, 8, 14, 8.5], "texture": "#1"},
				"east": {"uv": [14, 6.5, 15.25, 7], "texture": "#1"},
				"south": {"uv": [12.5, 8.5, 14, 9], "texture": "#1"},
				"west": {"uv": [14, 7, 15.25, 7.5], "texture": "#1"},
				"up": {"uv": [8.5, 2.25, 7, 1], "texture": "#1"},
				"down": {"uv": [8.5, 2.5, 7, 3.75], "texture": "#1"}
			}
		},
		{
			"from": [9.99183, 14.59429, 6.775],
			"to": [10.99183, 17.09429, 9.225],
			"rotation": {"angle": 22.5, "axis": "z", "origin": [14.8209, 17.04176, 8]},
			"faces": {
				"north": {"uv": [8, 14, 8.5, 15.25], "texture": "#1"},
				"east": {"uv": [7.5, 7, 8.75, 8.25], "texture": "#1"},
				"south": {"uv": [14, 8.5, 14.5, 9.75], "texture": "#1"},
				"west": {"uv": [2, 8, 3.25, 9.25], "texture": "#1"},
				"up": {"uv": [9.5, 15.25, 9, 14], "texture": "#1"},
				"down": {"uv": [10, 14, 9.5, 15.25], "texture": "#1"}
			}
		},
		{
			"from": [7.41106, 17.61569, 6.75],
			"to": [8.41106, 20.61569, 9.25],
			"rotation": {"angle": 45, "axis": "z", "origin": [12.24014, 20.06316, 8]},
			"faces": {
				"north": {"uv": [10.5, 12.5, 11, 14], "texture": "#1"},
				"east": {"uv": [7.5, 4, 8.75, 5.5], "texture": "#1"},
				"south": {"uv": [7, 13, 7.5, 14.5], "texture": "#1"},
				"west": {"uv": [7.5, 5.5, 8.75, 7], "texture": "#1"},
				"up": {"uv": [10.5, 15.25, 10, 14], "texture": "#1"},
				"down": {"uv": [11, 14, 10.5, 15.25], "texture": "#1"}
			}
		},
		{
			"from": [2.52142, -3.73694, 6.999],
			"to": [5.02142, -2.73694, 9.001],
			"rotation": {"angle": 0, "axis": "z", "origin": [6.58817, -0.01578, 7.999]},
			"faces": {
				"north": {"uv": [13.5, 14, 14.75, 14.5], "texture": "#1"},
				"east": {"uv": [14.5, 12, 15.5, 12.5], "texture": "#1"},
				"south": {"uv": [14.5, 0, 15.75, 0.5], "texture": "#1"},
				"west": {"uv": [12.5, 14.5, 13.5, 15], "texture": "#1"},
				"up": {"uv": [5.25, 12.5, 4, 11.5], "texture": "#1"},
				"down": {"uv": [6.75, 11.5, 5.5, 12.5], "texture": "#1"}
			}
		},
		{
			"from": [1.19904, -1.95122, 7],
			"to": [3.69904, -0.45122, 9],
			"rotation": {"angle": 45, "axis": "z", "origin": [5.26579, 1.76994, 8]},
			"faces": {
				"north": {"uv": [4.5, 12.5, 5.75, 13.25], "texture": "#1"},
				"east": {"uv": [13.5, 0, 14.5, 0.75], "texture": "#1"},
				"south": {"uv": [12.5, 5.5, 13.75, 6.25], "texture": "#1"},
				"west": {"uv": [13.5, 1, 14.5, 1.75], "texture": "#1"},
				"up": {"uv": [12.25, 7, 11, 6], "texture": "#1"},
				"down": {"uv": [12.25, 11, 11, 12], "texture": "#1"}
			}
		},
		{
			"from": [0.96201, 19.98872, 7],
			"to": [3.46201, 21.48872, 9],
			"rotation": {"angle": -45, "axis": "z", "origin": [5.02875, 17.76756, 8]},
			"faces": {
				"north": {"uv": [11, 12, 12.25, 12.75], "texture": "#1"},
				"east": {"uv": [12.5, 10.5, 13.5, 11.25], "texture": "#1"},
				"south": {"uv": [2, 12.5, 3.25, 13.25], "texture": "#1"},
				"west": {"uv": [12.5, 11.5, 13.5, 12.25], "texture": "#1"},
				"up": {"uv": [11.75, 8, 10.5, 7], "texture": "#1"},
				"down": {"uv": [9.25, 10.5, 8, 11.5], "texture": "#1"}
			}
		},
		{
			"from": [2.28439, 22.27444, 6.999],
			"to": [4.78439, 23.27444, 9.001],
			"rotation": {"angle": 0, "axis": "z", "origin": [6.35114, 19.55328, 7.999]},
			"faces": {
				"north": {"uv": [14, 7.5, 15.25, 8], "texture": "#1"},
				"east": {"uv": [14.5, 11, 15.5, 11.5], "texture": "#1"},
				"south": {"uv": [14, 8, 15.25, 8.5], "texture": "#1"},
				"west": {"uv": [14.5, 11.5, 15.5, 12], "texture": "#1"},
				"up": {"uv": [10.75, 11.5, 9.5, 10.5], "texture": "#1"},
				"down": {"uv": [12.25, 5, 11, 6], "texture": "#1"}
			}
		}
	],
	"display": {
		"thirdperson_righthand": {
			"rotation": [0, 90, 0],
			"translation": [0.05, -3.75, 0.5],
			"scale": [0.64, 0.83, 0.8]
		},
		"thirdperson_lefthand": {
			"rotation": [0, -90.5, 0],
			"translation": [0.05, -3.75, 0.5],
			"scale": [0.64, 0.83, 0.8]
		},
		"firstperson_righthand": {
			"rotation": [-150.21, 77.01, 174.4],
			"translation": [2.75, 5.75, -4],
			"scale": [0.53, 0.56, 0.6]
		},
		"firstperson_lefthand": {
			"rotation": [-174.71, -80, 174.4],
			"translation": [2.75, 5.75, -4],
			"scale": [0.53, 0.56, 0.6]
		},
		"ground": {
			"rotation": [90, 0, 0],
			"scale": [0.84, 0.82, 0.79]
		},
		"gui": {
			"rotation": [0, 0, 45],
			"translation": [3.5, 1.75, 0],
			"scale": [0.7, 0.7, 0.7]
		},
		"fixed": {
			"translation": [0, 0, -2.75]
		}
	}
}