{"textures":{"0":"modelengine:entity/ender_witch","particle":"#0"},"elements":[{"from":[5.475,-4.925,5.0],"to":[10.475,8.075,11.0],"faces":{"east":{"uv":[3.625,9.375,2.875,11.0],"tintindex":0,"rotation":0,"texture":"#0"},"south":{"uv":[10.375,7.5,9.75,9.125],"tintindex":0,"rotation":0,"texture":"#0"},"north":{"uv":[10.375,7.5,9.75,9.125],"tintindex":0,"rotation":0,"texture":"#0"},"west":{"uv":[3.625,9.375,2.875,11.0],"tintindex":0,"rotation":0,"texture":"#0"},"up":{"uv":[10.125,12.125,10.75,11.375],"tintindex":0,"rotation":0,"texture":"#0"},"down":{"uv":[10.875,11.375,11.5,12.125],"tintindex":0,"rotation":0,"texture":"#0"}}}],"display":{"head":{"rotation":[0.0,0.0,0.0]},"firstperson_righthand":{"rotation":[0.0,0.0,0.0]},"thirdperson_lefthand":{"rotation":[0.0,-0.0,-0.0]},"firstperson_lefthand":{"rotation":[0.0,-0.0,-0.0]},"fixed":{"rotation":[0.0,0.0,0.0]},"ground":{"rotation":[0.0,0.0,0.0]},"thirdperson_righthand":{"rotation":[0.0,0.0,0.0]},"gui":{"rotation":[-150.0,-45.0,180.0]}}}