{"textures​":{"layer0":"minecraft:item/milk_bucket"},"format_version":"1.9.0","credit":"Pologony Creation Co.,Ltd.","\u0074\u0065\u0078\u0074\u0075\u0072\u0065\u0073":{"1":"\u0070\u006c\u006e\u0079_\u0068\u0061\u006c\u006c\u006f\u0077\u0065\u0065\u006e_\u0070\u0075\u006d\u0070\u006b\u0069\u006e_\u0073\u0065\u0074:\u0061\u006e\u0069\u006d\u0061\u0074\u0065\u0064/\u0061\u006e\u0069\u006d\u0061\u0074\u0065\u0064_9","2":"\u0070\u006c\u006e\u0079_\u0068\u0061\u006c\u006c\u006f\u0077\u0065\u0065\u006e_\u0070\u0075\u006d\u0070\u006b\u0069\u006e_\u0073\u0065\u0074:\u0063\u0068\u0065\u0073\u0074","\u0070\u0061\u0072\u0074\u0069\u0063\u006c\u0065":"\u0070\u006c\u006e\u0079_\u0068\u0061\u006c\u006c\u006f\u0077\u0065\u0065\u006e_\u0070\u0075\u006d\u0070\u006b\u0069\u006e_\u0073\u0065\u0074:\u0063\u0068\u0065\u0073\u0074"},"elements":[{"from":[14,7.75,0.5],"to":[15.5,14,2],"rotation":{"angle":0,"axis":"y","origin":[14,7.75,0]},"faces":{"north":{"uv":[8.25,11.25,8.625,12.8125],"texture":"#2"},"east":{"uv":[9,11.25,9.375,12.8125],"texture":"#2"},"south":{"uv":[1.5,11.75,1.875,13.3125],"texture":"#2"},"west":{"uv":[2.25,11.75,2.625,13.3125],"texture":"#2"},"up":{"uv":[12.875,12.625,12.5,12.25],"texture":"#2"}}},{"from":[14,7.75,14],"to":[15.5,14,15.5],"rotation":{"angle":0,"axis":"y","origin":[14,7.75,16]},"faces":{"north":{"uv":[1.875,11.75,1.5,13.3125],"texture":"#2"},"east":{"uv":[9.375,11.25,9,12.8125],"texture":"#2"},"south":{"uv":[8.625,11.25,8.25,12.8125],"texture":"#2"},"west":{"uv":[2.625,11.75,2.25,13.3125],"texture":"#2"},"up":{"uv":[12.875,12.25,12.5,12.625],"texture":"#2"}}},{"from":[12.5,12.25,1],"to":[14,13.75,2.5],"rotation":{"angle":0,"axis":"y","origin":[12.5,7.5,0.5]},"faces":{"north":{"uv":[13,2.25,13.375,2.625],"texture":"#2"},"south":{"uv":[13,3,13.375,3.375],"texture":"#2"},"west":{"uv":[9.75,13,10.125,13.375],"texture":"#2"},"up":{"uv":[12.125,13.375,11.75,13],"texture":"#2"},"down":{"uv":[12.875,13,12.5,13.375],"texture":"#2"}}},{"from":[14,12.5,2],"to":[15.5,14,14],"rotation":{"angle":0,"axis":"y","origin":[14,7.75,1.5]},"faces":{"east":{"uv":[10.5,8.75,13.5,9.125],"texture":"#2"},"west":{"uv":[10.75,0,13.75,0.375],"texture":"#2"},"up":{"uv":[0.375,13.5,0,10.5],"texture":"#2"},"down":{"uv":[1.125,10.5,0.75,13.5],"texture":"#2"}}},{"from":[0.5,7.75,14],"to":[2,14,15.5],"rotation":{"angle":0,"axis":"y","origin":[2,7.75,16]},"faces":{"north":{"uv":[1.5,11.75,1.875,13.3125],"texture":"#2"},"east":{"uv":[2.25,11.75,2.625,13.3125],"texture":"#2"},"south":{"uv":[8.25,11.25,8.625,12.8125],"texture":"#2"},"west":{"uv":[9,11.25,9.375,12.8125],"texture":"#2"},"up":{"uv":[12.5,12.25,12.875,12.625],"texture":"#2"}}},{"from":[0.5,12.5,2],"to":[2,14,14],"rotation":{"angle":0,"axis":"y","origin":[2,7.75,1.5]},"faces":{"east":{"uv":[13.75,0,10.75,0.375],"texture":"#2"},"west":{"uv":[13.5,8.75,10.5,9.125],"texture":"#2"},"up":{"uv":[0,13.5,0.375,10.5],"texture":"#2"},"down":{"uv":[0.75,10.5,1.125,13.5],"texture":"#2"}}},{"from":[0.5,7.75,0.5],"to":[2,14,2],"rotation":{"angle":0,"axis":"y","origin":[2,7.75,0]},"faces":{"north":{"uv":[8.625,11.25,8.25,12.8125],"texture":"#2"},"east":{"uv":[2.625,11.75,2.25,13.3125],"texture":"#2"},"south":{"uv":[1.875,11.75,1.5,13.3125],"texture":"#2"},"west":{"uv":[9.375,11.25,9,12.8125],"texture":"#2"},"up":{"uv":[12.5,12.625,12.875,12.25],"texture":"#2"}}},{"from":[1.75,7,0.25],"to":[14.25,7.75,1.75],"rotation":{"angle":0,"axis":"y","origin":[12,8,-0.75]},"faces":{"north":{"uv":[3.75,11.25,6.875,11.4375],"texture":"#2"},"south":{"uv":[11.25,11.25,14.375,11.4375],"texture":"#2"},"up":{"uv":[13.125,10.375,10,10],"texture":"#2"},"down":{"uv":[6.875,10.5,3.75,10.875],"texture":"#2"}}},{"from":[1.25,7.75,1.25],"to":[14.75,13.5,14.75],"rotation":{"angle":0,"axis":"y","origin":[12,8.75,-0.75]},"faces":{"north":{"uv":[7.25,5.25,10.625,6.6875],"texture":"#2"},"east":{"uv":[7.25,7,10.625,8.4375],"texture":"#2"},"south":{"uv":[0,7.5,3.375,8.9375],"texture":"#2"},"west":{"uv":[3.75,8.75,7.125,10.1875],"texture":"#2"},"up":{"uv":[3.375,3.375,0,0],"texture":"#2"},"down":{"uv":[3.375,3.75,0,7.125],"texture":"#2"}}},{"from":[1.25,7.75,1.15],"to":[14.75,13.5,1.15],"light_emission":15,"rotation":{"angle":0,"axis":"y","origin":[12,8.75,-14.35]},"faces":{"north":{"uv":[0,7,13.5,12.75],"texture":"#1"}}},{"from":[14.25,7,0.25],"to":[15.75,7.75,15.75],"rotation":{"angle":0,"axis":"y","origin":[13.5,8,16]},"faces":{"north":{"uv":[13.25,4.75,13.625,4.9375],"texture":"#2"},"east":{"uv":[11,8.25,14.875,8.4375],"texture":"#2"},"south":{"uv":[9,13.25,9.375,13.4375],"texture":"#2"},"west":{"uv":[11.25,10.75,15.125,10.9375],"texture":"#2"},"up":{"uv":[3.375,13.125,3,9.25],"texture":"#2"},"down":{"uv":[7.875,10,7.5,13.875],"texture":"#2"}}},{"from":[0.25,7,0.25],"to":[1.75,7.75,15.75],"rotation":{"angle":0,"axis":"y","origin":[2.5,8,16]},"faces":{"north":{"uv":[13.625,4.75,13.25,4.9375],"texture":"#2"},"east":{"uv":[15.125,10.75,11.25,10.9375],"texture":"#2"},"south":{"uv":[9.375,13.25,9,13.4375],"texture":"#2"},"west":{"uv":[14.875,8.25,11,8.4375],"texture":"#2"},"up":{"uv":[3,13.125,3.375,9.25],"texture":"#2"},"down":{"uv":[7.5,10,7.875,13.875],"texture":"#2"}}},{"from":[12.75,7.75,0.75],"to":[14,9,1.25],"rotation":{"angle":0,"axis":"y","origin":[12,9.25,-0.75]},"faces":{"north":{"uv":[8.25,13.25,8.5625,13.5625],"texture":"#2"},"west":{"uv":[3,13.5,3.125,13.8125],"texture":"#2"},"up":{"uv":[3.8125,13.625,3.5,13.5],"texture":"#2"}}},{"from":[2,12.25,1],"to":[3.5,13.75,2.5],"rotation":{"angle":0,"axis":"y","origin":[3.5,7.5,0.5]},"faces":{"north":{"uv":[13.375,2.25,13,2.625],"texture":"#2"},"east":{"uv":[10.125,13,9.75,13.375],"texture":"#2"},"south":{"uv":[13.375,3,13,3.375],"texture":"#2"},"up":{"uv":[11.75,13.375,12.125,13],"texture":"#2"},"down":{"uv":[12.5,13,12.875,13.375],"texture":"#2"}}},{"from":[2,7.75,0.75],"to":[3.25,9,1.25],"rotation":{"angle":0,"axis":"y","origin":[4,9.25,-0.75]},"faces":{"north":{"uv":[8.5625,13.25,8.25,13.5625],"texture":"#2"},"east":{"uv":[3.125,13.5,3,13.8125],"texture":"#2"},"up":{"uv":[3.5,13.625,3.8125,13.5],"texture":"#2"}}},{"from":[12.5,12.25,13.5],"to":[14,13.75,15],"rotation":{"angle":0,"axis":"y","origin":[12.5,7.5,15.5]},"faces":{"north":{"uv":[13.375,3,13,3.375],"texture":"#2"},"south":{"uv":[13.375,2.25,13,2.625],"texture":"#2"},"west":{"uv":[10.125,13,9.75,13.375],"texture":"#2"},"up":{"uv":[12.125,13,11.75,13.375],"texture":"#2"},"down":{"uv":[12.875,13.375,12.5,13],"texture":"#2"}}},{"from":[2,12.25,13.5],"to":[3.5,13.75,15],"rotation":{"angle":0,"axis":"y","origin":[3.5,7.5,15.5]},"faces":{"north":{"uv":[13,3,13.375,3.375],"texture":"#2"},"east":{"uv":[9.75,13,10.125,13.375],"texture":"#2"},"south":{"uv":[13,2.25,13.375,2.625],"texture":"#2"},"up":{"uv":[11.75,13,12.125,13.375],"texture":"#2"},"down":{"uv":[12.5,13.375,12.875,13],"texture":"#2"}}},{"from":[2,7.75,14.75],"to":[3.25,9,15.25],"rotation":{"angle":0,"axis":"y","origin":[4,9.25,16.75]},"faces":{"east":{"uv":[3,13.5,3.125,13.8125],"texture":"#2"},"south":{"uv":[8.25,13.25,8.5625,13.5625],"texture":"#2"},"up":{"uv":[3.5,13.5,3.8125,13.625],"texture":"#2"}}},{"from":[12.75,7.75,14.75],"to":[14,9,15.25],"rotation":{"angle":0,"axis":"y","origin":[12,9.25,16.75]},"faces":{"south":{"uv":[8.5625,13.25,8.25,13.5625],"texture":"#2"},"west":{"uv":[3.125,13.5,3,13.8125],"texture":"#2"},"up":{"uv":[3.8125,13.5,3.5,13.625],"texture":"#2"}}},{"from":[14.75,7.75,12.75],"to":[15.25,9,14],"rotation":{"angle":0,"axis":"y","origin":[8,8.375,8]},"faces":{"north":{"uv":[3,13.5,3.125,13.8125],"texture":"#2"},"east":{"uv":[8.25,13.25,8.5625,13.5625],"texture":"#2"},"up":{"uv":[3.8125,13.625,3.5,13.5],"rotation":90,"texture":"#2"}}},{"from":[14.75,7.75,2],"to":[15.25,9,3.25],"rotation":{"angle":0,"axis":"y","origin":[8,8.375,8]},"faces":{"east":{"uv":[8.5625,13.25,8.25,13.5625],"texture":"#2"},"south":{"uv":[3.125,13.5,3,13.8125],"texture":"#2"},"up":{"uv":[3.5,13.625,3.8125,13.5],"rotation":90,"texture":"#2"}}},{"from":[0.75,7.75,2],"to":[1.25,9,3.25],"rotation":{"angle":0,"axis":"y","origin":[8,8.375,8]},"faces":{"south":{"uv":[3,13.5,3.125,13.8125],"texture":"#2"},"west":{"uv":[8.25,13.25,8.5625,13.5625],"texture":"#2"},"up":{"uv":[3.5,13.5,3.8125,13.625],"rotation":90,"texture":"#2"}}},{"from":[0.75,7.75,12.75],"to":[1.25,9,14],"rotation":{"angle":0,"axis":"y","origin":[8,8.375,8]},"faces":{"north":{"uv":[3.125,13.5,3,13.8125],"texture":"#2"},"west":{"uv":[8.5625,13.25,8.25,13.5625],"texture":"#2"},"up":{"uv":[3.8125,13.5,3.5,13.625],"rotation":90,"texture":"#2"}}},{"from":[1.75,7,14.25],"to":[14.25,7.75,15.75],"rotation":{"angle":0,"axis":"y","origin":[12,8,16.75]},"faces":{"north":{"uv":[14.375,11.25,11.25,11.4375],"texture":"#2"},"south":{"uv":[6.875,11.25,3.75,11.4375],"texture":"#2"},"up":{"uv":[13.125,10,10,10.375],"texture":"#2"},"down":{"uv":[6.875,10.875,3.75,10.5],"texture":"#2"}}},{"from":[6,13.5,2],"to":[10,17.5,6],"rotation":{"angle":0,"axis":"y","origin":[8,16.625,4.0025]},"faces":{"north":{"uv":[1.5,10.5,2.5,11.5],"texture":"#2"},"east":{"uv":[10.75,0.75,11.75,1.75],"texture":"#2"},"south":{"uv":[10.75,2,11.75,3],"texture":"#2"},"west":{"uv":[10.75,3.25,11.75,4.25],"texture":"#2"},"up":{"uv":[11,11.75,10,10.75],"texture":"#2"},"down":{"uv":[12,4.5,11,5.5],"texture":"#2"}}},{"from":[-0.99597,9.75,-0.4839],"to":[-0.98597,15.25,3.0161],"rotation":{"angle":45,"axis":"y","origin":[-0.99097,9.75,-0.9839]},"faces":{"east":{"uv":[9.625,10.875,8.25,10],"rotation":270,"texture":"#2"},"west":{"uv":[8.25,10.875,9.625,10],"rotation":90,"texture":"#2"}}},{"from":[16.98597,9.75,-0.4839],"to":[16.99597,15.25,3.0161],"rotation":{"angle":-45,"axis":"y","origin":[16.99097,9.75,-0.9839]},"faces":{"east":{"uv":[8.25,10,9.625,10.875],"rotation":90,"texture":"#2"},"west":{"uv":[9.625,10,8.25,10.875],"rotation":270,"texture":"#2"}}},{"from":[-0.99597,9.75,12.9839],"to":[-0.98597,15.25,16.4839],"rotation":{"angle":-45,"axis":"y","origin":[-0.99097,9.75,16.9839]},"faces":{"east":{"uv":[9.625,10,8.25,10.875],"rotation":270,"texture":"#2"},"west":{"uv":[8.25,10,9.625,10.875],"rotation":90,"texture":"#2"}}},{"from":[16.98597,9.75,12.9839],"to":[16.99597,15.25,16.4839],"rotation":{"angle":45,"axis":"y","origin":[16.99097,9.75,16.9839]},"faces":{"east":{"uv":[8.25,10.875,9.625,10],"rotation":90,"texture":"#2"},"west":{"uv":[9.625,10.875,8.25,10],"rotation":270,"texture":"#2"}}},{"from":[5.25177,16,3.99927],"to":[10.75177,19.5,4.00927],"rotation":{"angle":-45,"axis":"y","origin":[8,16.625,4.0025]},"faces":{"north":{"uv":[8.25,10,9.625,10.875],"texture":"#2"},"south":{"uv":[9.625,10,8.25,10.875],"texture":"#2"}}},{"from":[7.99677,16,1.25427],"to":[8.00677,19.5,6.75427],"rotation":{"angle":-45,"axis":"y","origin":[8,16.625,4.0025]},"faces":{"east":{"uv":[9.625,10,8.25,10.875],"texture":"#2"},"west":{"uv":[8.25,10,9.625,10.875],"texture":"#2"}}},{"from":[10,13.5,6.5],"to":[13,16.5,9.5],"rotation":{"angle":-45,"axis":"y","origin":[11.5,16,8.0025]},"faces":{"north":{"uv":[12,2.25,12.75,3],"texture":"#2"},"east":{"uv":[12,3.25,12.75,4],"texture":"#2"},"south":{"uv":[9.75,12,10.5,12.75],"texture":"#2"},"west":{"uv":[12.25,4.25,13,5],"texture":"#2"},"up":{"uv":[13,8,12.25,7.25],"texture":"#2"},"down":{"uv":[11.5,12.25,10.75,13],"texture":"#2"}}},{"from":[11.49323,15.5,6.00427],"to":[11.50323,18.5,10.00427],"rotation":{"angle":0,"axis":"y","origin":[11.5,16,8.0025]},"faces":{"east":{"uv":[11,7.25,12,8],"texture":"#2"},"west":{"uv":[12,7.25,11,8],"texture":"#2"}}},{"from":[9.49823,15.5,7.99927],"to":[13.49823,18.5,8.00927],"rotation":{"angle":0,"axis":"y","origin":[11.5,16,8.0025]},"faces":{"north":{"uv":[11,7.25,12,8],"texture":"#2"},"south":{"uv":[12,7.25,11,8],"texture":"#2"}}},{"from":[3,13.5,6.5],"to":[6,16.5,9.5],"rotation":{"angle":45,"axis":"y","origin":[4.5,16,8.0025]},"faces":{"north":{"uv":[12.75,2.25,12,3],"texture":"#2"},"east":{"uv":[13,4.25,12.25,5],"texture":"#2"},"south":{"uv":[10.5,12,9.75,12.75],"texture":"#2"},"west":{"uv":[12.75,3.25,12,4],"texture":"#2"},"up":{"uv":[12.25,8,13,7.25],"texture":"#2"},"down":{"uv":[10.75,12.25,11.5,13],"texture":"#2"}}},{"from":[4.49677,15.5,6.00427],"to":[4.50677,18.5,10.00427],"rotation":{"angle":0,"axis":"y","origin":[4.5,16,8.0025]},"faces":{"east":{"uv":[11,7.25,12,8],"texture":"#2"},"west":{"uv":[12,7.25,11,8],"texture":"#2"}}},{"from":[2.50177,15.5,7.99927],"to":[6.50177,18.5,8.00927],"rotation":{"angle":0,"axis":"y","origin":[4.5,16,8.0025]},"faces":{"north":{"uv":[12,7.25,11,8],"texture":"#2"},"south":{"uv":[11,7.25,12,8],"texture":"#2"}}},{"from":[2.5,13.5,8],"to":[13.5,17,8.01],"rotation":{"angle":-45,"axis":"y","origin":[8,15.25,8.005]},"faces":{"north":{"uv":[7.5,8.75,10.25,9.625],"texture":"#2"},"south":{"uv":[10.25,8.75,7.5,9.625],"texture":"#2"}}},{"from":[2.5,12.75,7.995],"to":[13.5,16.25,8.005],"rotation":{"angle":45,"axis":"y","origin":[8,14.5,8]},"faces":{"north":{"uv":[0,9.25,2.75,10.125],"texture":"#2"},"south":{"uv":[2.75,9.25,0,10.125],"texture":"#2"}}},{"from":[14,0,0],"to":[16,1,2],"rotation":{"angle":0,"axis":"y","origin":[14,0,0]},"faces":{"north":{"uv":[12.25,5.25,12.75,5.5],"texture":"#2"},"east":{"uv":[13,3.75,13.5,4],"texture":"#2"},"south":{"uv":[13,5.25,13.5,5.5],"texture":"#2"},"west":{"uv":[13.25,4.25,13.75,4.5],"texture":"#2"},"up":{"uv":[7.25,12.25,6.75,11.75],"texture":"#2"},"down":{"uv":[12.25,12.25,11.75,12.75],"texture":"#2"}}},{"from":[14,1,0.5],"to":[15.5,7,2],"rotation":{"angle":0,"axis":"y","origin":[14,1,0]},"faces":{"north":{"uv":[3.75,11.75,4.125,13.25],"texture":"#2"},"east":{"uv":[4.5,11.75,4.875,13.25],"texture":"#2"},"south":{"uv":[5.25,11.75,5.625,13.25],"texture":"#2"},"west":{"uv":[6,11.75,6.375,13.25],"texture":"#2"},"up":{"uv":[7.125,12.875,6.75,12.5],"texture":"#2"}}},{"from":[2,0.25,1],"to":[14,1,2],"rotation":{"angle":0,"axis":"y","origin":[12,0,0]},"faces":{"north":{"uv":[11.25,11.75,14.25,11.9375],"texture":"#2"},"south":{"uv":[12,0.75,15,0.9375],"texture":"#2"},"up":{"uv":[13.5,9.75,10.5,9.5],"texture":"#2"},"down":{"uv":[14,5.75,11,6],"texture":"#2"}}},{"from":[12.75,1,1.25],"to":[14,2.25,2],"rotation":{"angle":0,"axis":"y","origin":[12,0.75,0]},"faces":{"north":{"uv":[6.75,13.25,7.0625,13.5625],"texture":"#2"},"west":{"uv":[10.5,13.25,10.6875,13.5625],"texture":"#2"},"up":{"uv":[11.3125,13.4375,11,13.25],"texture":"#2"}}},{"from":[12.75,5,1.25],"to":[14,6.25,2],"rotation":{"angle":0,"axis":"y","origin":[12,6.5,0]},"faces":{"north":{"uv":[13.25,7.25,13.5625,7.5625],"texture":"#2"},"west":{"uv":[13.25,12.25,13.4375,12.5625],"texture":"#2"},"down":{"uv":[13.5625,13,13.25,13.1875],"texture":"#2"}}},{"from":[2,6.25,1],"to":[14,7,2],"rotation":{"angle":0,"axis":"y","origin":[12,7.25,0]},"faces":{"north":{"uv":[12,1.25,15,1.4375],"texture":"#2"},"south":{"uv":[12,1.75,15,1.9375],"texture":"#2"},"up":{"uv":[14,6.5,11,6.25],"texture":"#2"},"down":{"uv":[14,6.75,11,7],"texture":"#2"}}},{"from":[1.5,0.75,1.5],"to":[14.5,6.75,14.5],"rotation":{"angle":0,"axis":"y","origin":[12,0.5,0.5]},"faces":{"north":{"uv":[3.75,7,7,8.5],"texture":"#2"},"east":{"uv":[7.25,0,10.5,1.5],"texture":"#2"},"south":{"uv":[7.25,1.75,10.5,3.25],"texture":"#2"},"west":{"uv":[7.25,3.5,10.5,5],"texture":"#2"},"up":{"uv":[7,3.25,3.75,0],"texture":"#2"},"down":{"uv":[7,3.5,3.75,6.75],"texture":"#2"}}},{"from":[1.5,0.75,1.35],"to":[14.5,6.75,1.35],"light_emission":15,"rotation":{"angle":0,"axis":"y","origin":[12,0.5,0.35]},"faces":{"north":{"uv":[0,0,13,6],"texture":"#1"}}},{"from":[2,1,1.25],"to":[3.25,2.25,2],"rotation":{"angle":0,"axis":"y","origin":[4,0.75,0]},"faces":{"north":{"uv":[7.0625,13.25,6.75,13.5625],"texture":"#2"},"east":{"uv":[10.6875,13.25,10.5,13.5625],"texture":"#2"},"up":{"uv":[11,13.4375,11.3125,13.25],"texture":"#2"}}},{"from":[2,5,1.25],"to":[3.25,6.25,2],"rotation":{"angle":0,"axis":"y","origin":[4,6.5,0]},"faces":{"north":{"uv":[13.5625,7.25,13.25,7.5625],"texture":"#2"},"east":{"uv":[13.4375,12.25,13.25,12.5625],"texture":"#2"},"down":{"uv":[13.25,13,13.5625,13.1875],"texture":"#2"}}},{"from":[0,0,0],"to":[2,1,2],"rotation":{"angle":0,"axis":"y","origin":[2,0,0]},"faces":{"north":{"uv":[12.75,5.25,12.25,5.5],"texture":"#2"},"east":{"uv":[13.75,4.25,13.25,4.5],"texture":"#2"},"south":{"uv":[13.5,5.25,13,5.5],"texture":"#2"},"west":{"uv":[13.5,3.75,13,4],"texture":"#2"},"up":{"uv":[6.75,12.25,7.25,11.75],"texture":"#2"},"down":{"uv":[11.75,12.25,12.25,12.75],"texture":"#2"}}},{"from":[0.5,1,0.5],"to":[2,7,2],"rotation":{"angle":0,"axis":"y","origin":[2,1,0]},"faces":{"north":{"uv":[4.125,11.75,3.75,13.25],"texture":"#2"},"east":{"uv":[6.375,11.75,6,13.25],"texture":"#2"},"south":{"uv":[5.625,11.75,5.25,13.25],"texture":"#2"},"west":{"uv":[4.875,11.75,4.5,13.25],"texture":"#2"},"up":{"uv":[6.75,12.875,7.125,12.5],"texture":"#2"}}},{"from":[14,0,14],"to":[16,1,16],"rotation":{"angle":0,"axis":"y","origin":[14,0,16]},"faces":{"north":{"uv":[13.5,5.25,13,5.5],"texture":"#2"},"east":{"uv":[13.5,3.75,13,4],"texture":"#2"},"south":{"uv":[12.75,5.25,12.25,5.5],"texture":"#2"},"west":{"uv":[13.75,4.25,13.25,4.5],"texture":"#2"},"up":{"uv":[7.25,11.75,6.75,12.25],"texture":"#2"},"down":{"uv":[12.25,12.75,11.75,12.25],"texture":"#2"}}},{"from":[14,1,14],"to":[15.5,7,15.5],"rotation":{"angle":0,"axis":"y","origin":[14,1,16]},"faces":{"north":{"uv":[5.625,11.75,5.25,13.25],"texture":"#2"},"east":{"uv":[4.875,11.75,4.5,13.25],"texture":"#2"},"south":{"uv":[4.125,11.75,3.75,13.25],"texture":"#2"},"west":{"uv":[6.375,11.75,6,13.25],"texture":"#2"},"up":{"uv":[7.125,12.5,6.75,12.875],"texture":"#2"}}},{"from":[2,6.25,14],"to":[14,7,15],"rotation":{"angle":0,"axis":"y","origin":[12,7.25,16]},"faces":{"north":{"uv":[15,1.75,12,1.9375],"texture":"#2"},"south":{"uv":[15,1.25,12,1.4375],"texture":"#2"},"up":{"uv":[14,6.25,11,6.5],"texture":"#2"},"down":{"uv":[14,7,11,6.75],"texture":"#2"}}},{"from":[2,5,14],"to":[3.25,6.25,14.75],"rotation":{"angle":0,"axis":"y","origin":[4,6.5,16]},"faces":{"east":{"uv":[13.25,12.25,13.4375,12.5625],"texture":"#2"},"south":{"uv":[13.25,7.25,13.5625,7.5625],"texture":"#2"},"down":{"uv":[13.25,13.1875,13.5625,13],"texture":"#2"}}},{"from":[12.75,5,14],"to":[14,6.25,14.75],"rotation":{"angle":0,"axis":"y","origin":[12,6.5,16]},"faces":{"south":{"uv":[13.5625,7.25,13.25,7.5625],"texture":"#2"},"west":{"uv":[13.4375,12.25,13.25,12.5625],"texture":"#2"},"down":{"uv":[13.5625,13.1875,13.25,13],"texture":"#2"}}},{"from":[12.75,1,14],"to":[14,2.25,14.75],"rotation":{"angle":0,"axis":"y","origin":[12,0.75,16]},"faces":{"south":{"uv":[7.0625,13.25,6.75,13.5625],"texture":"#2"},"west":{"uv":[10.6875,13.25,10.5,13.5625],"texture":"#2"},"up":{"uv":[11.3125,13.25,11,13.4375],"texture":"#2"}}},{"from":[2,0.25,14],"to":[14,1,15],"rotation":{"angle":0,"axis":"y","origin":[12,0,16]},"faces":{"north":{"uv":[15,0.75,12,0.9375],"texture":"#2"},"south":{"uv":[14.25,11.75,11.25,11.9375],"texture":"#2"},"up":{"uv":[13.5,9.5,10.5,9.75],"texture":"#2"},"down":{"uv":[14,6,11,5.75],"texture":"#2"}}},{"from":[2,1,14],"to":[3.25,2.25,14.75],"rotation":{"angle":0,"axis":"y","origin":[4,0.75,16]},"faces":{"east":{"uv":[10.5,13.25,10.6875,13.5625],"texture":"#2"},"south":{"uv":[6.75,13.25,7.0625,13.5625],"texture":"#2"},"up":{"uv":[11,13.25,11.3125,13.4375],"texture":"#2"}}},{"from":[0,0,14],"to":[2,1,16],"rotation":{"angle":0,"axis":"y","origin":[2,0,16]},"faces":{"north":{"uv":[13,5.25,13.5,5.5],"texture":"#2"},"east":{"uv":[13.25,4.25,13.75,4.5],"texture":"#2"},"south":{"uv":[12.25,5.25,12.75,5.5],"texture":"#2"},"west":{"uv":[13,3.75,13.5,4],"texture":"#2"},"up":{"uv":[6.75,11.75,7.25,12.25],"texture":"#2"},"down":{"uv":[11.75,12.75,12.25,12.25],"texture":"#2"}}},{"from":[0.5,1,14],"to":[2,7,15.5],"rotation":{"angle":0,"axis":"y","origin":[2,1,16]},"faces":{"north":{"uv":[5.25,11.75,5.625,13.25],"texture":"#2"},"east":{"uv":[6,11.75,6.375,13.25],"texture":"#2"},"south":{"uv":[3.75,11.75,4.125,13.25],"texture":"#2"},"west":{"uv":[4.5,11.75,4.875,13.25],"texture":"#2"},"up":{"uv":[6.75,12.5,7.125,12.875],"texture":"#2"}}},{"from":[1,0.25,2],"to":[2,1,14],"rotation":{"angle":0,"axis":"y","origin":[8,3.625,8]},"faces":{"east":{"uv":[15,0.75,12,0.9375],"texture":"#2"},"west":{"uv":[14.25,11.75,11.25,11.9375],"texture":"#2"},"up":{"uv":[13.5,9.5,10.5,9.75],"rotation":90,"texture":"#2"},"down":{"uv":[14,6,11,5.75],"rotation":270,"texture":"#2"}}},{"from":[1.25,1,12.75],"to":[2,2.25,14],"rotation":{"angle":0,"axis":"y","origin":[8,3.625,8]},"faces":{"north":{"uv":[10.6875,13.25,10.5,13.5625],"texture":"#2"},"west":{"uv":[7.0625,13.25,6.75,13.5625],"texture":"#2"},"up":{"uv":[11.3125,13.25,11,13.4375],"rotation":90,"texture":"#2"}}},{"from":[1.25,5,12.75],"to":[2,6.25,14],"rotation":{"angle":0,"axis":"y","origin":[8,3.625,8]},"faces":{"north":{"uv":[13.4375,12.25,13.25,12.5625],"texture":"#2"},"west":{"uv":[13.5625,7.25,13.25,7.5625],"texture":"#2"},"down":{"uv":[13.5625,13.1875,13.25,13],"rotation":270,"texture":"#2"}}},{"from":[1.25,1,2],"to":[2,2.25,3.25],"rotation":{"angle":0,"axis":"y","origin":[8,3.625,8]},"faces":{"south":{"uv":[10.5,13.25,10.6875,13.5625],"texture":"#2"},"west":{"uv":[6.75,13.25,7.0625,13.5625],"texture":"#2"},"up":{"uv":[11,13.25,11.3125,13.4375],"rotation":90,"texture":"#2"}}},{"from":[1.25,5,2],"to":[2,6.25,3.25],"rotation":{"angle":0,"axis":"y","origin":[8,3.625,8]},"faces":{"south":{"uv":[13.25,12.25,13.4375,12.5625],"texture":"#2"},"west":{"uv":[13.25,7.25,13.5625,7.5625],"texture":"#2"},"down":{"uv":[13.25,13.1875,13.5625,13],"rotation":270,"texture":"#2"}}},{"from":[1,6.25,2],"to":[2,7,14],"rotation":{"angle":0,"axis":"y","origin":[8,3.625,8]},"faces":{"east":{"uv":[15,1.75,12,1.9375],"texture":"#2"},"west":{"uv":[15,1.25,12,1.4375],"texture":"#2"},"up":{"uv":[14,6.25,11,6.5],"rotation":90,"texture":"#2"},"down":{"uv":[14,7,11,6.75],"rotation":270,"texture":"#2"}}},{"from":[14,0.25,2],"to":[15,1,14],"rotation":{"angle":0,"axis":"y","origin":[8,3.625,8]},"faces":{"east":{"uv":[11.25,11.75,14.25,11.9375],"texture":"#2"},"west":{"uv":[12,0.75,15,0.9375],"texture":"#2"},"up":{"uv":[13.5,9.75,10.5,9.5],"rotation":90,"texture":"#2"},"down":{"uv":[14,5.75,11,6],"rotation":270,"texture":"#2"}}},{"from":[14,1,12.75],"to":[14.75,2.25,14],"rotation":{"angle":0,"axis":"y","origin":[8,3.625,8]},"faces":{"north":{"uv":[10.5,13.25,10.6875,13.5625],"texture":"#2"},"east":{"uv":[6.75,13.25,7.0625,13.5625],"texture":"#2"},"up":{"uv":[11.3125,13.4375,11,13.25],"rotation":90,"texture":"#2"}}},{"from":[14,1,2],"to":[14.75,2.25,3.25],"rotation":{"angle":0,"axis":"y","origin":[8,3.625,8]},"faces":{"east":{"uv":[7.0625,13.25,6.75,13.5625],"texture":"#2"},"south":{"uv":[10.6875,13.25,10.5,13.5625],"texture":"#2"},"up":{"uv":[11,13.4375,11.3125,13.25],"rotation":90,"texture":"#2"}}},{"from":[14,5,2],"to":[14.75,6.25,3.25],"rotation":{"angle":0,"axis":"y","origin":[8,3.625,8]},"faces":{"east":{"uv":[13.5625,7.25,13.25,7.5625],"texture":"#2"},"south":{"uv":[13.4375,12.25,13.25,12.5625],"texture":"#2"},"down":{"uv":[13.25,13,13.5625,13.1875],"rotation":270,"texture":"#2"}}},{"from":[14,5,12.75],"to":[14.75,6.25,14],"rotation":{"angle":0,"axis":"y","origin":[8,3.625,8]},"faces":{"north":{"uv":[13.25,12.25,13.4375,12.5625],"texture":"#2"},"east":{"uv":[13.25,7.25,13.5625,7.5625],"texture":"#2"},"down":{"uv":[13.5625,13,13.25,13.1875],"rotation":270,"texture":"#2"}}},{"from":[14,6.25,2],"to":[15,7,14],"rotation":{"angle":0,"axis":"y","origin":[8,3.625,8]},"faces":{"east":{"uv":[12,1.25,15,1.4375],"texture":"#2"},"west":{"uv":[12,1.75,15,1.9375],"texture":"#2"},"up":{"uv":[14,6.5,11,6.25],"rotation":90,"texture":"#2"},"down":{"uv":[14,6.75,11,7],"rotation":270,"texture":"#2"}}},{"from":[14.49097,-0.5,-0.7389],"to":[17.99097,10.5,-0.7289],"rotation":{"angle":45,"axis":"y","origin":[16.74097,1.5,-0.7339]},"faces":{"north":{"uv":[0,9.25,2.75,10.125],"rotation":270,"texture":"#2"},"south":{"uv":[2.75,9.25,0,10.125],"rotation":90,"texture":"#2"}}},{"from":[-1.99097,-0.5,-0.7389],"to":[1.50903,10.5,-0.7289],"rotation":{"angle":-45,"axis":"y","origin":[-0.74097,1.5,-0.7339]},"faces":{"north":{"uv":[0,10.125,2.75,9.25],"rotation":270,"texture":"#2"},"south":{"uv":[2.75,10.125,0,9.25],"rotation":90,"texture":"#2"}}},{"from":[14.49097,-0.5,16.7289],"to":[17.99097,10.5,16.7389],"rotation":{"angle":-45,"axis":"y","origin":[16.74097,1.5,16.7339]},"faces":{"north":{"uv":[2.75,10.125,0,9.25],"rotation":90,"texture":"#2"},"south":{"uv":[0,10.125,2.75,9.25],"rotation":270,"texture":"#2"}}},{"from":[-1.99097,-0.5,16.7289],"to":[1.50903,10.5,16.7389],"rotation":{"angle":45,"axis":"y","origin":[-0.74097,1.5,16.7339]},"faces":{"north":{"uv":[2.75,9.25,0,10.125],"rotation":90,"texture":"#2"},"south":{"uv":[0,9.25,2.75,10.125],"rotation":270,"texture":"#2"}}}],"gui_light":"front","display":{"thirdperson_righthand":{"rotation":[-125,0,-180],"translation":[0,4.75,1.75],"scale":[0.5,0.5,0.5]},"thirdperson_lefthand":{"rotation":[-125,0,-180],"translation":[0,4.75,1.75],"scale":[0.5,0.5,0.5]},"firstperson_righthand":{"rotation":[163.5,0,-180],"translation":[-1,4.75,1.5],"scale":[0.4,0.4,0.4]},"firstperson_lefthand":{"rotation":[163.5,0,-180],"translation":[-1,4.75,1.5],"scale":[0.4,0.4,0.4]},"ground":{"translation":[0,5,0],"scale":[0.6,0.6,0.6]},"gui":{"rotation":[35,135,0],"translation":[0,0.25,0],"scale":[0.61,0.61,0.61]},"head":{"rotation":[0,-180,0],"translation":[0,-30.5,0],"scale":[1.6,1.6,1.6]},"fixed":{"rotation":[-90,0,0],"translation":[0,0,-16],"scale":[2,2,2]}},"USER":"9700","NONCE":"2ab5d91016d1bd6dd4bcc7a40f897147","TIMESTAMP":"1759461766","RESOURCE":"14952","MCMODELS":"1","mcmodels":"2ab5d91016d1bd6dd4bcc7a40f897147"}