{"textures​":{"2":"\u0070\u006c\u006e\u0079_\u0068\u0061\u006c\u006c\u006f\u0077\u0065\u0065\u006e_\u0070\u0075\u006d\u0070\u006b\u0069\u006e_\u0073\u0065\u0074:\u0061\u006e\u0069\u006d\u0061\u0074\u0065\u0064/\u0061\u006e\u0069\u006d\u0061\u0074\u0065\u0064_7","3":"\u0070\u006c\u006e\u0079_\u0068\u0061\u006c\u006c\u006f\u0077\u0065\u0065\u006e_\u0070\u0075\u006d\u0070\u006b\u0069\u006e_\u0073\u0065\u0074:\u0061\u006e\u0069\u006d\u0061\u0074\u0065\u0064/\u0061\u006e\u0069\u006d\u0061\u0074\u0065\u0064_3","8":"\u0070\u006c\u006e\u0079_\u0068\u0061\u006c\u006c\u006f\u0077\u0065\u0065\u006e_\u0070\u0075\u006d\u0070\u006b\u0069\u006e_\u0073\u0065\u0074:\u006d\u0061\u0063\u0065","\u0070\u0061\u0072\u0074\u0069\u0063\u006c\u0065":"\u0070\u006c\u006e\u0079_\u0068\u0061\u006c\u006c\u006f\u0077\u0065\u0065\u006e_\u0070\u0075\u006d\u0070\u006b\u0069\u006e_\u0073\u0065\u0074:\u0061\u006e\u0069\u006d\u0061\u0074\u0065\u0064/\u0061\u006e\u0069\u006d\u0061\u0074\u0065\u0064_7"},"format_version":"1.9.0","credit":"Pologony Creation Co.,Ltd.","\u0074\u0065\u0078\u0074\u0075\u0072\u0065\u0073":{"2":"\u0070\u006c\u006e\u0079_\u0068\u0061\u006c\u006c\u006f\u0077\u0065\u0065\u006e_\u0070\u0075\u006d\u0070\u006b\u0069\u006e_\u0073\u0065\u0074:\u0061\u006e\u0069\u006d\u0061\u0074\u0065\u0064/\u0061\u006e\u0069\u006d\u0061\u0074\u0065\u0064_7","3":"\u0070\u006c\u006e\u0079_\u0068\u0061\u006c\u006c\u006f\u0077\u0065\u0065\u006e_\u0070\u0075\u006d\u0070\u006b\u0069\u006e_\u0073\u0065\u0074:\u0061\u006e\u0069\u006d\u0061\u0074\u0065\u0064/\u0061\u006e\u0069\u006d\u0061\u0074\u0065\u0064_3","8":"\u0070\u006c\u006e\u0079_\u0068\u0061\u006c\u006c\u006f\u0077\u0065\u0065\u006e_\u0070\u0075\u006d\u0070\u006b\u0069\u006e_\u0073\u0065\u0074:\u006d\u0061\u0063\u0065","\u0070\u0061\u0072\u0074\u0069\u0063\u006c\u0065":"\u0070\u006c\u006e\u0079_\u0068\u0061\u006c\u006c\u006f\u0077\u0065\u0065\u006e_\u0070\u0075\u006d\u0070\u006b\u0069\u006e_\u0073\u0065\u0074:\u0061\u006e\u0069\u006d\u0061\u0074\u0065\u0064/\u0061\u006e\u0069\u006d\u0061\u0074\u0065\u0064_7"},"elements":[{"from":[7,-2,7],"to":[9,0,9],"rotation":{"angle":0,"axis":"y","origin":[7,-2,7]},"faces":{"north":{"uv":[6,7.6,6.8,8.4],"texture":"#8"},"east":{"uv":[10.8,6.4,11.6,7.2],"texture":"#8"},"south":{"uv":[11.6,7.6,12.4,8.4],"texture":"#8"},"west":{"uv":[11.6,8.8,12.4,9.6],"texture":"#8"},"up":{"uv":[10,12.4,9.2,11.6],"texture":"#8"},"down":{"uv":[12.4,10,11.6,10.8],"texture":"#8"}}},{"from":[7.25,0,7.25],"to":[8.75,0.5,8.75],"rotation":{"angle":45,"axis":"y","origin":[8,0.25,8]},"faces":{"north":{"uv":[13.6,2.4,14.2,2.6],"texture":"#8"},"east":{"uv":[13.6,9.6,14.2,9.8],"texture":"#8"},"south":{"uv":[13.6,10.4,14.2,10.6],"texture":"#8"},"west":{"uv":[13.6,11.2,14.2,11.4],"texture":"#8"},"up":{"uv":[8.6,13,8,12.4],"texture":"#8"},"down":{"uv":[12.2,12.4,11.6,13],"texture":"#8"}}},{"from":[7.5,0.5,7.42678],"to":[8.75,1,8.67678],"rotation":{"angle":45,"axis":"y","origin":[8,0.75,8.17678]},"faces":{"north":{"uv":[14,8.4,14.5,8.6],"texture":"#8"},"east":{"uv":[10,14,10.5,14.2],"texture":"#8"},"south":{"uv":[11.2,14.4,11.7,14.6],"texture":"#8"},"west":{"uv":[12.4,14.4,12.9,14.6],"texture":"#8"}}},{"from":[7.5,1.5,7.5],"to":[8.5,7.75,8.5],"rotation":{"angle":45,"axis":"y","origin":[8,5.75,8]},"faces":{"north":{"uv":[7.6,9.2,8,11.7],"texture":"#8"},"east":{"uv":[9.2,8,9.6,10.5],"texture":"#8"},"south":{"uv":[8.4,9.2,8.8,11.7],"texture":"#8"},"west":{"uv":[1.6,9.6,2,12.1],"texture":"#8"}}},{"from":[7.5,8.25,7.42678],"to":[8.75,8.75,8.67678],"rotation":{"angle":45,"axis":"y","origin":[8,8.5,8.17678]},"faces":{"north":{"uv":[13.6,14.4,14.1,14.6],"texture":"#8"},"east":{"uv":[0,14.8,0.5,15],"texture":"#8"},"south":{"uv":[1.2,14.8,1.7,15],"texture":"#8"},"west":{"uv":[2.4,14.8,2.9,15],"texture":"#8"}}},{"from":[6,9.25,6],"to":[10,13.25,10],"rotation":{"angle":0,"axis":"y","origin":[6,9.25,6]},"faces":{"north":{"uv":[0,7.2,1.6,8.8],"texture":"#8"},"east":{"uv":[7.2,3.2,8.8,4.8],"texture":"#8"},"south":{"uv":[7.2,5.2,8.8,6.8],"texture":"#8"},"west":{"uv":[7.2,7.2,8.8,8.8],"texture":"#8"},"up":{"uv":[3.6,9.2,2,7.6],"texture":"#8"},"down":{"uv":[5.6,7.6,4,9.2],"texture":"#8"}}},{"from":[7.25,1,7.25],"to":[8.75,1.5,8.75],"rotation":{"angle":45,"axis":"y","origin":[8,1.25,8]},"faces":{"north":{"uv":[11.6,13.6,12.2,13.8],"texture":"#8"},"east":{"uv":[13.6,12,14.2,12.2],"texture":"#8"},"south":{"uv":[13.6,12.8,14.2,13],"texture":"#8"},"west":{"uv":[13.6,13.6,14.2,13.8],"texture":"#8"},"up":{"uv":[1.8,13.4,1.2,12.8],"texture":"#8"},"down":{"uv":[3,12.8,2.4,13.4],"texture":"#8"}}},{"from":[7.25,7.75,7.25],"to":[8.75,8.25,8.75],"rotation":{"angle":45,"axis":"y","origin":[8,8,8]},"faces":{"north":{"uv":[14,0,14.6,0.2],"texture":"#8"},"east":{"uv":[0.8,14,1.4,14.2],"texture":"#8"},"south":{"uv":[14,0.8,14.6,1],"texture":"#8"},"west":{"uv":[14,1.6,14.6,1.8],"texture":"#8"},"up":{"uv":[13.4,3.8,12.8,3.2],"texture":"#8"},"down":{"uv":[5.8,12.8,5.2,13.4],"texture":"#8"}}},{"from":[7.25,8.75,7.25],"to":[8.75,9.25,8.75],"rotation":{"angle":45,"axis":"y","origin":[8,9,8]},"faces":{"north":{"uv":[2,14,2.6,14.2],"texture":"#8"},"east":{"uv":[3.2,14,3.8,14.2],"texture":"#8"},"south":{"uv":[14,3.2,14.6,3.4],"texture":"#8"},"west":{"uv":[14,4,14.6,4.2],"texture":"#8"},"up":{"uv":[13.4,7.8,12.8,7.2],"texture":"#8"},"down":{"uv":[13.4,8.4,12.8,9],"texture":"#8"}}},{"from":[7.99646,8,4.00354],"to":[8.00646,16,12.00354],"rotation":{"angle":45,"axis":"y","origin":[7.99646,12,8.00354]},"faces":{"east":{"uv":[3.2,0,0,3.2],"texture":"#8"},"west":{"uv":[0,0,3.2,3.2],"texture":"#8"}}},{"from":[7.99646,8,3.99646],"to":[8.00646,16,11.99646],"rotation":{"angle":-45,"axis":"y","origin":[7.99646,12,7.99646]},"faces":{"east":{"uv":[3.2,3.6,0,6.8],"texture":"#8"},"west":{"uv":[0,3.6,3.2,6.8],"texture":"#8"}}},{"from":[7.995,-5.5,5.5],"to":[8.005,0.5,10.5],"light_emission":15,"rotation":{"angle":45,"axis":"y","origin":[8,-2.5,8]},"faces":{"east":{"uv":[10,0,0,12],"texture":"#3"},"west":{"uv":[0,0,10,12],"texture":"#3"}}},{"from":[5.5,-5.5,7.995],"to":[10.5,0.5,8.005],"light_emission":15,"rotation":{"angle":45,"axis":"y","origin":[8,-2.5,8]},"faces":{"north":{"uv":[0,0,10,12],"texture":"#3"},"south":{"uv":[10,0,0,12],"texture":"#3"}}},{"from":[6.725,7.25,6.725],"to":[9.275,9.25,9.275],"rotation":{"angle":45,"axis":"y","origin":[8,8.25,8]},"faces":{"north":{"uv":[5.6,3.2,6.6,4],"texture":"#8"},"east":{"uv":[2.4,9.6,3.4,10.4],"texture":"#8"},"south":{"uv":[4,9.6,5,10.4],"texture":"#8"},"west":{"uv":[10,8,11,8.8],"texture":"#8"},"up":{"uv":[7,10.2,6,9.2],"texture":"#8"}}},{"name":"cube inverted","from":[9.25,9.25,9.25],"to":[6.75,7.25,6.75],"rotation":{"angle":45,"axis":"y","origin":[8,8.25,8]},"faces":{"north":{"uv":[10,9.2,11,10],"texture":"#8"},"east":{"uv":[10,10.4,11,11.2],"texture":"#8"},"south":{"uv":[2.4,10.8,3.4,11.6],"texture":"#8"},"west":{"uv":[4,10.8,5,11.6],"texture":"#8"},"down":{"uv":[10.2,6.4,9.2,7.4],"texture":"#8"}}},{"from":[7.7535,12,8.5],"to":[8.2465,14,10.5],"rotation":{"angle":-45,"axis":"x","origin":[7.5035,11.5,8]},"faces":{"north":{"uv":[10,12.8,10.2,13.6],"texture":"#8"},"east":{"uv":[10.4,11.6,11.2,12.4],"texture":"#8"},"south":{"uv":[10.8,12.8,11,13.6],"texture":"#8"},"west":{"uv":[11.6,11.2,12.4,12],"texture":"#8"},"up":{"uv":[13,12.4,12.8,11.6],"texture":"#8"},"down":{"uv":[13,12.8,12.8,13.6],"texture":"#8"}}},{"from":[7.7585,13.87132,7.25],"to":[8.2415,15.87132,8.75],"rotation":{"angle":0,"axis":"y","origin":[8.005,15.37132,8]},"faces":{"north":{"uv":[13.2,0,13.4,0.8],"texture":"#8"},"east":{"uv":[12,0,12.6,0.8],"texture":"#8"},"south":{"uv":[13.2,1.2,13.4,2],"texture":"#8"},"west":{"uv":[12,1.2,12.6,2],"texture":"#8"},"up":{"uv":[4.6,14.6,4.4,14],"texture":"#8"},"down":{"uv":[14.2,4.8,14,5.4],"texture":"#8"}}},{"from":[7.995,13.37132,6.625],"to":[8.005,18.37132,9.375],"rotation":{"angle":0,"axis":"y","origin":[8,15.37132,8.125]},"faces":{"east":{"uv":[1.1,9.2,0,11.2],"texture":"#8"},"west":{"uv":[0,9.2,1.1,11.2],"texture":"#8"}}},{"from":[7.7535,15.28246,7],"to":[8.2465,16.34746,8.065],"rotation":{"angle":-45,"axis":"x","origin":[7.995,16.28246,8]},"faces":{"north":{"uv":[7.6,14.8,7.8,15.2],"texture":"#8"},"east":{"uv":[3.6,13.2,4,13.6],"texture":"#8"},"south":{"uv":[14.8,7.6,15,8],"texture":"#8"},"west":{"uv":[4.4,13.2,4.8,13.6],"texture":"#8"},"up":{"uv":[8.6,15.2,8.4,14.8],"texture":"#8"},"down":{"uv":[9.4,14.8,9.2,15.2],"texture":"#8"}}},{"from":[7.5,10.75,4.5],"to":[8.5,11.75,7],"rotation":{"angle":22.5,"axis":"x","origin":[8,11.625,5.375]},"faces":{"north":{"uv":[13.2,4.4,13.6,4.8],"texture":"#8"},"east":{"uv":[2.4,12,3.4,12.4],"texture":"#8"},"south":{"uv":[13.2,5.2,13.6,5.6],"texture":"#8"},"west":{"uv":[12,2.4,13,2.8],"texture":"#8"},"up":{"uv":[7.2,11.8,6.8,10.8],"texture":"#8"},"down":{"uv":[12.4,3.2,12,4.2],"texture":"#8"}}},{"from":[7.5,11.75,4.5],"to":[8.5,12.5,5.5],"rotation":{"angle":22.5,"axis":"x","origin":[8,11.625,5.375]},"faces":{"north":{"uv":[5.2,14,5.6,14.3],"texture":"#8"},"east":{"uv":[14,6,14.4,6.3],"texture":"#8"},"south":{"uv":[14,6.8,14.4,7.1],"texture":"#8"},"west":{"uv":[14,7.6,14.4,7.9],"texture":"#8"},"up":{"uv":[13.6,6.4,13.2,6],"texture":"#8"}}},{"from":[7.5,12.25,5.5],"to":[8.5,12.5,5.75],"rotation":{"angle":22.5,"axis":"x","origin":[8,11.625,5.375]},"faces":{"east":{"uv":[13.2,15.2,13.3,15.3],"texture":"#8"},"south":{"uv":[14.8,14.8,15.2,14.9],"texture":"#8"},"west":{"uv":[14,15.2,14.1,15.3],"texture":"#8"},"up":{"uv":[15.6,0.1,15.2,0],"texture":"#8"},"down":{"uv":[15.6,0.8,15.2,0.9],"texture":"#8"}}},{"from":[7.75,9.5,4.25],"to":[8.25,13.5,5.5],"rotation":{"angle":-22.5,"axis":"x","origin":[8,12,4.875]},"faces":{"north":{"uv":[9.2,12.8,9.4,14.4],"texture":"#8"},"east":{"uv":[5.6,10.8,6.1,12.4],"texture":"#8"},"south":{"uv":[12.8,9.6,13,11.2],"texture":"#8"},"west":{"uv":[0,11.6,0.5,13.2],"texture":"#8"},"up":{"uv":[3.8,15.3,3.6,14.8],"texture":"#8"},"down":{"uv":[15,4.8,14.8,5.3],"texture":"#8"}}},{"from":[7.7535,12.40195,3.04797],"to":[8.2465,14.40195,4.29797],"rotation":{"angle":22.5,"axis":"x","origin":[8,11.07612,5.25768]},"faces":{"north":{"uv":[0,13.6,0.2,14.4],"texture":"#8"},"east":{"uv":[4,12,4.5,12.8],"texture":"#8"},"south":{"uv":[6.4,13.6,6.6,14.4],"texture":"#8"},"west":{"uv":[12,4.8,12.5,5.6],"texture":"#8"},"up":{"uv":[5.4,15.3,5.2,14.8],"texture":"#8"}}},{"from":[7.7535,13.65195,4.29797],"to":[8.2465,14.40195,5.04797],"rotation":{"angle":22.5,"axis":"x","origin":[8,11.07612,5.25768]},"faces":{"east":{"uv":[14.8,2.4,15.1,2.7],"texture":"#8"},"south":{"uv":[14.8,9.2,15,9.5],"texture":"#8"},"west":{"uv":[14.8,6,15.1,6.3],"texture":"#8"},"up":{"uv":[10.2,15.1,10,14.8],"texture":"#8"},"down":{"uv":[15,10,14.8,10.3],"texture":"#8"}}},{"from":[7.7535,13.40195,4.54797],"to":[8.2465,13.65195,5.04797],"rotation":{"angle":22.5,"axis":"x","origin":[8,11.07612,5.25768]},"faces":{"north":{"uv":[15.2,1.6,15.4,1.7],"texture":"#8"},"east":{"uv":[15.2,3.2,15.4,3.3],"texture":"#8"},"south":{"uv":[15.2,4,15.4,4.1],"texture":"#8"},"west":{"uv":[4.4,15.2,4.6,15.3],"texture":"#8"},"down":{"uv":[15,13.2,14.8,13.4],"texture":"#8"}}},{"from":[7.7535,8.67417,5.83471],"to":[8.2465,10.67417,7.08471],"rotation":{"angle":22.5,"axis":"x","origin":[8,12,4.875]},"faces":{"north":{"uv":[7.2,13.6,7.4,14.4],"texture":"#8"},"east":{"uv":[12,6,12.5,6.8],"texture":"#8"},"south":{"uv":[8,13.6,8.2,14.4],"texture":"#8"},"west":{"uv":[6.8,12.4,7.3,13.2],"texture":"#8"},"down":{"uv":[6.2,14.8,6,15.3],"texture":"#8"}}},{"from":[7.7535,8.67417,5.08471],"to":[8.2465,9.42417,5.83471],"rotation":{"angle":22.5,"axis":"x","origin":[8,12,4.875]},"faces":{"north":{"uv":[14.8,10.8,15,11.1],"texture":"#8"},"east":{"uv":[6.8,14.8,7.1,15.1],"texture":"#8"},"west":{"uv":[14.8,6.8,15.1,7.1],"texture":"#8"},"up":{"uv":[15,11.9,14.8,11.6],"texture":"#8"},"down":{"uv":[15,12.4,14.8,12.7],"texture":"#8"}}},{"from":[7.7535,9.42417,5.08471],"to":[8.2465,9.67417,5.58471],"rotation":{"angle":22.5,"axis":"x","origin":[8,12,4.875]},"faces":{"north":{"uv":[15.2,8.4,15.4,8.5],"texture":"#8"},"east":{"uv":[10.8,15.2,11,15.3],"texture":"#8"},"south":{"uv":[11.6,15.2,11.8,15.3],"texture":"#8"},"west":{"uv":[12.4,15.2,12.6,15.3],"texture":"#8"},"up":{"uv":[15,14.2,14.8,14],"texture":"#8"}}},{"from":[7.995,6.25,2.25],"to":[8.005,16.25,6],"rotation":{"angle":0,"axis":"y","origin":[7.995,8.25,1]},"faces":{"east":{"uv":[5.1,0,3.6,4],"texture":"#8"},"west":{"uv":[3.6,0,5.1,4],"texture":"#8"}}},{"from":[7.5,10.75,9],"to":[8.5,11.75,11.5],"rotation":{"angle":-22.5,"axis":"x","origin":[8,11.625,10.625]},"faces":{"north":{"uv":[13.6,5.2,13.2,5.6],"texture":"#8"},"east":{"uv":[3.4,12,2.4,12.4],"texture":"#8"},"south":{"uv":[13.6,4.4,13.2,4.8],"texture":"#8"},"west":{"uv":[13,2.4,12,2.8],"texture":"#8"},"up":{"uv":[7.2,10.8,6.8,11.8],"texture":"#8"},"down":{"uv":[12.4,4.2,12,3.2],"texture":"#8"}}},{"from":[7.5,11.75,10.5],"to":[8.5,12.5,11.5],"rotation":{"angle":-22.5,"axis":"x","origin":[8,11.625,10.625]},"faces":{"north":{"uv":[14.4,6.8,14,7.1],"texture":"#8"},"east":{"uv":[14.4,6,14,6.3],"texture":"#8"},"south":{"uv":[5.6,14,5.2,14.3],"texture":"#8"},"west":{"uv":[14.4,7.6,14,7.9],"texture":"#8"},"up":{"uv":[13.6,6,13.2,6.4],"texture":"#8"}}},{"from":[7.75,9.5,10.5],"to":[8.25,13.5,11.75],"rotation":{"angle":22.5,"axis":"x","origin":[8,12,11.125]},"faces":{"north":{"uv":[13,9.6,12.8,11.2],"texture":"#8"},"east":{"uv":[6.1,10.8,5.6,12.4],"texture":"#8"},"south":{"uv":[9.4,12.8,9.2,14.4],"texture":"#8"},"west":{"uv":[0.5,11.6,0,13.2],"texture":"#8"},"up":{"uv":[3.8,14.8,3.6,15.3],"texture":"#8"},"down":{"uv":[15,5.3,14.8,4.8],"texture":"#8"}}},{"from":[7.7535,12.40195,11.70203],"to":[8.2465,14.40195,12.95203],"rotation":{"angle":-22.5,"axis":"x","origin":[8,11.07612,10.74232]},"faces":{"north":{"uv":[6.6,13.6,6.4,14.4],"texture":"#8"},"east":{"uv":[4.5,12,4,12.8],"texture":"#8"},"south":{"uv":[0.2,13.6,0,14.4],"texture":"#8"},"west":{"uv":[12.5,4.8,12,5.6],"texture":"#8"},"up":{"uv":[5.4,14.8,5.2,15.3],"texture":"#8"}}},{"from":[7.7535,13.65195,10.95203],"to":[8.2465,14.40195,11.70203],"rotation":{"angle":-22.5,"axis":"x","origin":[8,11.07612,10.74232]},"faces":{"north":{"uv":[15,9.2,14.8,9.5],"texture":"#8"},"east":{"uv":[15.1,2.4,14.8,2.7],"texture":"#8"},"west":{"uv":[15.1,6,14.8,6.3],"texture":"#8"},"up":{"uv":[10.2,14.8,10,15.1],"texture":"#8"},"down":{"uv":[15,10.3,14.8,10],"texture":"#8"}}},{"from":[7.7535,13.40195,10.95203],"to":[8.2465,13.65195,11.45203],"rotation":{"angle":-22.5,"axis":"x","origin":[8,11.07612,10.74232]},"faces":{"north":{"uv":[15.4,4,15.2,4.1],"texture":"#8"},"east":{"uv":[15.4,3.2,15.2,3.3],"texture":"#8"},"south":{"uv":[15.4,1.6,15.2,1.7],"texture":"#8"},"west":{"uv":[4.6,15.2,4.4,15.3],"texture":"#8"},"down":{"uv":[15,13.4,14.8,13.2],"texture":"#8"}}},{"from":[7.7535,9.42417,10.41529],"to":[8.2465,9.67417,10.91529],"rotation":{"angle":-22.5,"axis":"x","origin":[8,12,11.125]},"faces":{"north":{"uv":[11.8,15.2,11.6,15.3],"texture":"#8"},"east":{"uv":[11,15.2,10.8,15.3],"texture":"#8"},"south":{"uv":[15.4,8.4,15.2,8.5],"texture":"#8"},"west":{"uv":[12.6,15.2,12.4,15.3],"texture":"#8"},"up":{"uv":[15,14,14.8,14.2],"texture":"#8"}}},{"from":[7.7535,8.67417,10.16529],"to":[8.2465,9.42417,10.91529],"rotation":{"angle":-22.5,"axis":"x","origin":[8,12,11.125]},"faces":{"east":{"uv":[7.1,14.8,6.8,15.1],"texture":"#8"},"south":{"uv":[15,10.8,14.8,11.1],"texture":"#8"},"west":{"uv":[15.1,6.8,14.8,7.1],"texture":"#8"},"up":{"uv":[15,11.6,14.8,11.9],"texture":"#8"},"down":{"uv":[15,12.7,14.8,12.4],"texture":"#8"}}},{"from":[7.7535,8.67417,8.91529],"to":[8.2465,10.67417,10.16529],"rotation":{"angle":-22.5,"axis":"x","origin":[8,12,11.125]},"faces":{"north":{"uv":[8.2,13.6,8,14.4],"texture":"#8"},"east":{"uv":[12.5,6,12,6.8],"texture":"#8"},"south":{"uv":[7.4,13.6,7.2,14.4],"texture":"#8"},"west":{"uv":[7.3,12.4,6.8,13.2],"texture":"#8"},"down":{"uv":[6.2,15.3,6,14.8],"texture":"#8"}}},{"from":[7.5,12.25,10.25],"to":[8.5,12.5,10.5],"rotation":{"angle":-22.5,"axis":"x","origin":[8,11.625,10.625]},"faces":{"north":{"uv":[15.2,14.8,14.8,14.9],"texture":"#8"},"east":{"uv":[13.3,15.2,13.2,15.3],"texture":"#8"},"west":{"uv":[14.1,15.2,14,15.3],"texture":"#8"},"up":{"uv":[15.6,0,15.2,0.1],"texture":"#8"},"down":{"uv":[15.6,0.9,15.2,0.8],"texture":"#8"}}},{"from":[7.995,6.25,10],"to":[8.005,16.25,13.75],"rotation":{"angle":0,"axis":"y","origin":[7.995,8.25,15]},"faces":{"east":{"uv":[3.6,0,5.1,4],"texture":"#8"},"west":{"uv":[5.1,0,3.6,4],"texture":"#8"}}},{"from":[8.83345,9.73884,7.5],"to":[11.33345,10.73884,8.5],"rotation":{"angle":22.5,"axis":"z","origin":[8,11.53806,8]},"faces":{"north":{"uv":[12,2.4,13,2.8],"texture":"#8"},"east":{"uv":[13.2,4.4,13.6,4.8],"texture":"#8"},"south":{"uv":[2.4,12,3.4,12.4],"texture":"#8"},"west":{"uv":[13.2,5.2,13.6,5.6],"texture":"#8"},"up":{"uv":[7.2,11.8,6.8,10.8],"rotation":90,"texture":"#8"},"down":{"uv":[12.4,3.2,12,4.2],"rotation":270,"texture":"#8"}}},{"from":[10.33345,10.73884,7.5],"to":[11.33345,11.48884,8.5],"rotation":{"angle":22.5,"axis":"z","origin":[8,11.53806,8]},"faces":{"north":{"uv":[14,7.6,14.4,7.9],"texture":"#8"},"east":{"uv":[5.2,14,5.6,14.3],"texture":"#8"},"south":{"uv":[14,6,14.4,6.3],"texture":"#8"},"west":{"uv":[14,6.8,14.4,7.1],"texture":"#8"},"up":{"uv":[13.6,6.4,13.2,6],"rotation":90,"texture":"#8"}}},{"from":[10.08535,10.66072,7.75],"to":[11.33535,14.66072,8.25],"rotation":{"angle":-22.5,"axis":"z","origin":[8,11.53806,8]},"faces":{"north":{"uv":[0,11.6,0.5,13.2],"texture":"#8"},"east":{"uv":[9.2,12.8,9.4,14.4],"texture":"#8"},"south":{"uv":[5.6,10.8,6.1,12.4],"texture":"#8"},"west":{"uv":[12.8,9.6,13,11.2],"texture":"#8"},"up":{"uv":[3.8,15.3,3.6,14.8],"rotation":90,"texture":"#8"},"down":{"uv":[15,4.8,14.8,5.3],"rotation":270,"texture":"#8"}}},{"from":[11.3165,11.38767,7.7535],"to":[12.5665,13.38767,8.2465],"rotation":{"angle":22.5,"axis":"z","origin":[8,11.53806,8]},"faces":{"north":{"uv":[12,4.8,12.5,5.6],"texture":"#8"},"east":{"uv":[0,13.6,0.2,14.4],"texture":"#8"},"south":{"uv":[4,12,4.5,12.8],"texture":"#8"},"west":{"uv":[6.4,13.6,6.6,14.4],"texture":"#8"},"up":{"uv":[5.4,15.3,5.2,14.8],"rotation":90,"texture":"#8"}}},{"from":[10.5665,12.63767,7.7535],"to":[11.3165,13.38767,8.2465],"rotation":{"angle":22.5,"axis":"z","origin":[8,11.53806,8]},"faces":{"north":{"uv":[14.8,6,15.1,6.3],"texture":"#8"},"south":{"uv":[14.8,2.4,15.1,2.7],"texture":"#8"},"west":{"uv":[14.8,9.2,15,9.5],"texture":"#8"},"up":{"uv":[10.2,15.1,10,14.8],"rotation":90,"texture":"#8"},"down":{"uv":[15,10,14.8,10.3],"rotation":270,"texture":"#8"}}},{"from":[10.5665,12.38767,7.7535],"to":[11.0665,12.63767,8.2465],"rotation":{"angle":22.5,"axis":"z","origin":[8,11.53806,8]},"faces":{"north":{"uv":[4.4,15.2,4.6,15.3],"texture":"#8"},"east":{"uv":[15.2,1.6,15.4,1.7],"texture":"#8"},"south":{"uv":[15.2,3.2,15.4,3.3],"texture":"#8"},"west":{"uv":[15.2,4,15.4,4.1],"texture":"#8"},"down":{"uv":[15,13.2,14.8,13.4],"rotation":270,"texture":"#8"}}},{"from":[10.35419,8.19313,7.7535],"to":[10.85419,8.44313,8.2465],"rotation":{"angle":22.5,"axis":"z","origin":[8,11.53806,8]},"faces":{"north":{"uv":[12.4,15.2,12.6,15.3],"texture":"#8"},"east":{"uv":[15.2,8.4,15.4,8.5],"texture":"#8"},"south":{"uv":[10.8,15.2,11,15.3],"texture":"#8"},"west":{"uv":[11.6,15.2,11.8,15.3],"texture":"#8"},"up":{"uv":[15,14.2,14.8,14],"rotation":90,"texture":"#8"}}},{"from":[10.10419,7.44313,7.7535],"to":[10.85419,8.19313,8.2465],"rotation":{"angle":22.5,"axis":"z","origin":[8,11.53806,8]},"faces":{"north":{"uv":[14.8,6.8,15.1,7.1],"texture":"#8"},"east":{"uv":[14.8,10.8,15,11.1],"texture":"#8"},"south":{"uv":[6.8,14.8,7.1,15.1],"texture":"#8"},"up":{"uv":[15,11.9,14.8,11.6],"rotation":90,"texture":"#8"},"down":{"uv":[15,12.4,14.8,12.7],"rotation":270,"texture":"#8"}}},{"from":[8.85419,7.44313,7.7535],"to":[10.10419,9.44313,8.2465],"rotation":{"angle":22.5,"axis":"z","origin":[8,11.53806,8]},"faces":{"north":{"uv":[6.8,12.4,7.3,13.2],"texture":"#8"},"east":{"uv":[7.2,13.6,7.4,14.4],"texture":"#8"},"south":{"uv":[12,6,12.5,6.8],"texture":"#8"},"west":{"uv":[8,13.6,8.2,14.4],"texture":"#8"},"down":{"uv":[6.2,14.8,6,15.3],"rotation":270,"texture":"#8"}}},{"from":[10.08345,11.23884,7.5],"to":[10.33345,11.48884,8.5],"rotation":{"angle":22.5,"axis":"z","origin":[8,11.53806,8]},"faces":{"north":{"uv":[14,15.2,14.1,15.3],"texture":"#8"},"south":{"uv":[13.2,15.2,13.3,15.3],"texture":"#8"},"west":{"uv":[14.8,14.8,15.2,14.9],"texture":"#8"},"up":{"uv":[15.6,0.1,15.2,0],"rotation":90,"texture":"#8"},"down":{"uv":[15.6,0.8,15.2,0.9],"rotation":270,"texture":"#8"}}},{"from":[10,6.25,7.995],"to":[13.75,16.25,8.005],"rotation":{"angle":0,"axis":"y","origin":[8,11.53806,8]},"faces":{"north":{"uv":[3.6,0,5.1,4],"texture":"#8"},"south":{"uv":[5.1,0,3.6,4],"texture":"#8"}}},{"from":[2.25,6.25,7.995],"to":[6,16.25,8.005],"rotation":{"angle":0,"axis":"y","origin":[8,11.53806,8]},"faces":{"north":{"uv":[5.1,0,3.6,4],"texture":"#8"},"south":{"uv":[3.6,0,5.1,4],"texture":"#8"}}},{"from":[5.66655,11.23884,7.5],"to":[5.91655,11.48884,8.5],"rotation":{"angle":-22.5,"axis":"z","origin":[8,11.53806,8]},"faces":{"north":{"uv":[14.1,15.2,14,15.3],"texture":"#8"},"east":{"uv":[15.2,14.8,14.8,14.9],"texture":"#8"},"south":{"uv":[13.3,15.2,13.2,15.3],"texture":"#8"},"up":{"uv":[15.6,0,15.2,0.1],"rotation":90,"texture":"#8"},"down":{"uv":[15.6,0.9,15.2,0.8],"rotation":270,"texture":"#8"}}},{"from":[5.89581,7.44313,7.7535],"to":[7.14581,9.44313,8.2465],"rotation":{"angle":-22.5,"axis":"z","origin":[8,11.53806,8]},"faces":{"north":{"uv":[7.3,12.4,6.8,13.2],"texture":"#8"},"east":{"uv":[8.2,13.6,8,14.4],"texture":"#8"},"south":{"uv":[12.5,6,12,6.8],"texture":"#8"},"west":{"uv":[7.4,13.6,7.2,14.4],"texture":"#8"},"down":{"uv":[6.2,15.3,6,14.8],"rotation":270,"texture":"#8"}}},{"from":[5.14581,7.44313,7.7535],"to":[5.89581,8.19313,8.2465],"rotation":{"angle":-22.5,"axis":"z","origin":[8,11.53806,8]},"faces":{"north":{"uv":[15.1,6.8,14.8,7.1],"texture":"#8"},"south":{"uv":[7.1,14.8,6.8,15.1],"texture":"#8"},"west":{"uv":[15,10.8,14.8,11.1],"texture":"#8"},"up":{"uv":[15,11.6,14.8,11.9],"rotation":90,"texture":"#8"},"down":{"uv":[15,12.7,14.8,12.4],"rotation":270,"texture":"#8"}}},{"from":[5.14581,8.19313,7.7535],"to":[5.64581,8.44313,8.2465],"rotation":{"angle":-22.5,"axis":"z","origin":[8,11.53806,8]},"faces":{"north":{"uv":[12.6,15.2,12.4,15.3],"texture":"#8"},"east":{"uv":[11.8,15.2,11.6,15.3],"texture":"#8"},"south":{"uv":[11,15.2,10.8,15.3],"texture":"#8"},"west":{"uv":[15.4,8.4,15.2,8.5],"texture":"#8"},"up":{"uv":[15,14,14.8,14.2],"rotation":90,"texture":"#8"}}},{"from":[4.9335,12.38767,7.7535],"to":[5.4335,12.63767,8.2465],"rotation":{"angle":-22.5,"axis":"z","origin":[8,11.53806,8]},"faces":{"north":{"uv":[4.6,15.2,4.4,15.3],"texture":"#8"},"east":{"uv":[15.4,4,15.2,4.1],"texture":"#8"},"south":{"uv":[15.4,3.2,15.2,3.3],"texture":"#8"},"west":{"uv":[15.4,1.6,15.2,1.7],"texture":"#8"},"down":{"uv":[15,13.4,14.8,13.2],"rotation":270,"texture":"#8"}}},{"from":[4.6835,12.63767,7.7535],"to":[5.4335,13.38767,8.2465],"rotation":{"angle":-22.5,"axis":"z","origin":[8,11.53806,8]},"faces":{"north":{"uv":[15.1,6,14.8,6.3],"texture":"#8"},"east":{"uv":[15,9.2,14.8,9.5],"texture":"#8"},"south":{"uv":[15.1,2.4,14.8,2.7],"texture":"#8"},"up":{"uv":[10.2,14.8,10,15.1],"rotation":90,"texture":"#8"},"down":{"uv":[15,10.3,14.8,10],"rotation":270,"texture":"#8"}}},{"from":[3.4335,11.38767,7.7535],"to":[4.6835,13.38767,8.2465],"rotation":{"angle":-22.5,"axis":"z","origin":[8,11.53806,8]},"faces":{"north":{"uv":[12.5,4.8,12,5.6],"texture":"#8"},"east":{"uv":[6.6,13.6,6.4,14.4],"texture":"#8"},"south":{"uv":[4.5,12,4,12.8],"texture":"#8"},"west":{"uv":[0.2,13.6,0,14.4],"texture":"#8"},"up":{"uv":[5.4,14.8,5.2,15.3],"rotation":90,"texture":"#8"}}},{"from":[4.66465,10.66072,7.75],"to":[5.91465,14.66072,8.25],"rotation":{"angle":22.5,"axis":"z","origin":[8,11.53806,8]},"faces":{"north":{"uv":[0.5,11.6,0,13.2],"texture":"#8"},"east":{"uv":[13,9.6,12.8,11.2],"texture":"#8"},"south":{"uv":[6.1,10.8,5.6,12.4],"texture":"#8"},"west":{"uv":[9.4,12.8,9.2,14.4],"texture":"#8"},"up":{"uv":[3.8,14.8,3.6,15.3],"rotation":90,"texture":"#8"},"down":{"uv":[15,5.3,14.8,4.8],"rotation":270,"texture":"#8"}}},{"from":[4.66655,10.73884,7.5],"to":[5.66655,11.48884,8.5],"rotation":{"angle":-22.5,"axis":"z","origin":[8,11.53806,8]},"faces":{"north":{"uv":[14.4,7.6,14,7.9],"texture":"#8"},"east":{"uv":[14.4,6.8,14,7.1],"texture":"#8"},"south":{"uv":[14.4,6,14,6.3],"texture":"#8"},"west":{"uv":[5.6,14,5.2,14.3],"texture":"#8"},"up":{"uv":[13.6,6,13.2,6.4],"rotation":90,"texture":"#8"}}},{"from":[4.66655,9.73884,7.5],"to":[7.16655,10.73884,8.5],"rotation":{"angle":-22.5,"axis":"z","origin":[8,11.53806,8]},"faces":{"north":{"uv":[13,2.4,12,2.8],"texture":"#8"},"east":{"uv":[13.6,5.2,13.2,5.6],"texture":"#8"},"south":{"uv":[3.4,12,2.4,12.4],"texture":"#8"},"west":{"uv":[13.6,4.4,13.2,4.8],"texture":"#8"},"up":{"uv":[7.2,10.8,6.8,11.8],"rotation":90,"texture":"#8"},"down":{"uv":[12.4,4.2,12,3.2],"rotation":270,"texture":"#8"}}},{"from":[5.25,8.5,5.25],"to":[10.75,11,10.75],"rotation":{"angle":-45,"axis":"y","origin":[8,11.75,8]},"faces":{"north":{"uv":[9.2,1.6,11.6,2.6],"texture":"#8"},"east":{"uv":[9.2,3.2,11.6,4.2],"texture":"#8"},"south":{"uv":[9.2,4.8,11.6,5.8],"texture":"#8"},"west":{"uv":[9.2,0,11.6,1],"texture":"#8"}}},{"from":[4.5,12.5,4.5],"to":[11.5,15,11.5],"rotation":{"angle":-45,"axis":"y","origin":[8,11.75,8]},"faces":{"north":{"uv":[5.6,0,8.6,1],"texture":"#8"},"east":{"uv":[5.6,1.6,8.6,2.6],"texture":"#8"},"south":{"uv":[3.6,6,6.6,7],"texture":"#8"},"west":{"uv":[3.6,4.4,6.6,5.4],"texture":"#8"}}},{"from":[7,9.5,10.40421],"to":[9,19.5,10.41421],"light_emission":15,"rotation":{"angle":22.5,"axis":"y","origin":[8,19,8]},"faces":{"north":{"uv":[4.8,5.2,3.2,15.2],"texture":"#2"},"south":{"uv":[3.2,5.2,4.8,15.2],"texture":"#2"}}},{"from":[10.40421,9.5,7],"to":[10.41421,19.5,9],"light_emission":15,"rotation":{"angle":-22.5,"axis":"y","origin":[8,19,8]},"faces":{"east":{"uv":[4.8,5.2,6.4,15.2],"texture":"#2"},"west":{"uv":[6.4,5.2,4.8,15.2],"texture":"#2"}}},{"from":[10.40421,9.5,7],"to":[10.41421,19.5,9],"light_emission":15,"rotation":{"angle":22.5,"axis":"y","origin":[8,19,8]},"faces":{"east":{"uv":[6.4,5.2,8,15.2],"texture":"#2"},"west":{"uv":[8,5.2,6.4,15.2],"texture":"#2"}}},{"from":[5.58579,9.5,7],"to":[5.59579,19.5,9],"light_emission":15,"rotation":{"angle":22.5,"axis":"y","origin":[8,19,8]},"faces":{"east":{"uv":[0,5.2,1.6,15.2],"texture":"#2"},"west":{"uv":[0,5.2,1.6,15.2],"texture":"#2"}}},{"from":[7,9.5,10.40422],"to":[9,19.5,10.41422],"light_emission":15,"rotation":{"angle":-22.5,"axis":"y","origin":[8,19,8]},"faces":{"north":{"uv":[3.2,5.2,1.6,15.2],"texture":"#2"},"south":{"uv":[1.6,5.2,3.2,15.2],"texture":"#2"}}},{"from":[7.00001,9.5,5.58579],"to":[9.00001,19.5,5.59579],"light_emission":15,"rotation":{"angle":-22.5,"axis":"y","origin":[8,19,8]},"faces":{"north":{"uv":[8,5.2,9.6,15.2],"texture":"#2"},"south":{"uv":[9.6,5.2,8,15.2],"texture":"#2"}}},{"from":[7,9.5,5.58579],"to":[9,19.5,5.59579],"light_emission":15,"rotation":{"angle":22.5,"axis":"y","origin":[8,19,8]},"faces":{"north":{"uv":[9.6,5.2,11.2,15.2],"texture":"#2"},"south":{"uv":[11.2,5.2,9.6,15.2],"texture":"#2"}}},{"from":[5.58579,9.5,7],"to":[5.59579,19.5,9],"light_emission":15,"rotation":{"angle":-22.5,"axis":"y","origin":[8,19,8]},"faces":{"east":{"uv":[12.8,5.2,11.2,15.2],"texture":"#2"},"west":{"uv":[11.2,5.2,12.8,15.2],"texture":"#2"}}},{"name":"cube inverted","from":[10.75,11,10.75],"to":[5.25,8.5,5.25],"rotation":{"angle":-45,"axis":"y","origin":[8,11.75,8]},"faces":{"north":{"uv":[9.2,5.8,11.6,4.8],"texture":"#8"},"east":{"uv":[9.2,1,11.6,0],"texture":"#8"},"south":{"uv":[9.2,2.6,11.6,1.6],"texture":"#8"},"west":{"uv":[9.2,4.2,11.6,3.2],"texture":"#8"}}},{"name":"cube inverted","from":[11.5,15,11.5],"to":[4.5,12.5,4.5],"rotation":{"angle":-45,"axis":"y","origin":[8,11.75,8]},"faces":{"north":{"uv":[3.6,7,6.6,6],"texture":"#8"},"east":{"uv":[3.6,5.4,6.6,4.4],"texture":"#8"},"south":{"uv":[5.6,1,8.6,0],"texture":"#8"},"west":{"uv":[5.6,2.6,8.6,1.6],"texture":"#8"}}}],"gui_light":"front","display":{"thirdperson_righthand":{"translation":[0,2.75,1]},"thirdperson_lefthand":{"rotation":[0,-180,0],"translation":[0,2.75,1]},"firstperson_righthand":{"rotation":[5,0,0],"translation":[0.5,4.25,2],"scale":[0.7,0.7,0.7]},"firstperson_lefthand":{"rotation":[5,-180,0],"translation":[0.5,4.25,2],"scale":[0.7,0.7,0.7]},"ground":{"rotation":[45,0,0],"translation":[0,5,0],"scale":[0.7,0.7,0.7]},"gui":{"rotation":[-90,135,90],"translation":[-0.25,-0.25,0],"scale":[0.95,0.95,0.95]},"head":{"rotation":[0,-90,0]},"fixed":{"rotation":[0,-90,0],"translation":[0,0,-2.25],"scale":[2,2,2]}},"mcmodels":"2ab5d91016d1bd6dd4bcc7a40f897147"}