{"parent​":"minecraft:item/crimson_fence_gate","textures​":{"layer0":"minecraft:item/nautilus_shell"},"overrides":[{"predicate":{"custom_model_data":1},"model":"modelengine:voidmaw/bhole_centre"},{"predicate":{"custom_model_data":2},"model":"modelengine:vfx_void_meteor/box7"},{"predicate":{"custom_model_data":3},"model":"modelengine:voidmaw/jaw"},{"predicate":{"custom_model_data":4},"model":"modelengine:vfx_void_missile/box7"},{"predicate":{"custom_model_data":5},"model":"modelengine:voidmaw/bhole_ring"},{"predicate":{"custom_model_data":6},"model":"modelengine:vfx_void_spiral/box2"},{"predicate":{"custom_model_data":7},"model":"modelengine:vfx_void_spiral/box1"},{"predicate":{"custom_model_data":8},"model":"modelengine:vfx_void_singularity/box15"},{"predicate":{"custom_model_data":9},"model":"modelengine:vfx_void_spiral/box8"},{"predicate":{"custom_model_data":10},"model":"modelengine:vfx_void_spiral/box3"},{"predicate":{"custom_model_data":11},"model":"modelengine:voidmaw/teil2"},{"predicate":{"custom_model_data":12},"model":"modelengine:voidmaw/teil1"},{"predicate":{"custom_model_data":13},"model":"modelengine:voidmaw/head"},{"predicate":{"custom_model_data":14},"model":"modelengine:voidmaw/bone"},{"predicate":{"custom_model_data":15},"model":"modelengine:vfx_void_blast/box7"},{"predicate":{"custom_model_data":16},"model":"modelengine:vfx_void_spiral/box6"},{"predicate":{"custom_model_data":17},"model":"modelengine:vfx_void_explosion/box15"},{"predicate":{"custom_model_data":18},"model":"modelengine:voidmaw/teil3"},{"predicate":{"custom_model_data":19},"model":"modelengine:vfx_void_spiral/box5"},{"predicate":{"custom_model_data":20},"model":"modelengine:vfx_void_spiral/box4"},{"predicate":{"custom_model_data":21},"model":"modelengine:vfx_void_spiral/box7"},{"predicate":{"custom_model_data":22},"model":"modelengine:vfx_void_explosion/box1"},{"predicate":{"custom_model_data":23},"model":"modelengine:vfx_void_explosion/box4"},{"predicate":{"custom_model_data":24},"model":"modelengine:vfx_void_explosion/box5"},{"predicate":{"custom_model_data":25},"model":"modelengine:vfx_void_explosion/box2"},{"predicate":{"custom_model_data":26},"model":"modelengine:vfx_void_explosion/box3"},{"predicate":{"custom_model_data":27},"model":"modelengine:vfx_void_singularity/box1"},{"predicate":{"custom_model_data":28},"model":"modelengine:vfx_void_singularity/box19"},{"predicate":{"custom_model_data":29},"model":"modelengine:vfx_void_singularity/box16"},{"predicate":{"custom_model_data":30},"model":"modelengine:vfx_void_singularity/box4"},{"predicate":{"custom_model_data":31},"model":"modelengine:vfx_void_singularity/box5"},{"predicate":{"custom_model_data":32},"model":"modelengine:vfx_void_singularity/box2"},{"predicate":{"custom_model_data":33},"model":"modelengine:vfx_void_singularity/box17"},{"predicate":{"custom_model_data":34},"model":"modelengine:vfx_void_singularity/box3"},{"predicate":{"custom_model_data":35},"model":"modelengine:vfx_void_singularity/box18"},{"predicate":{"custom_model_data":36},"model":"modelengine:vfx_void_singularity/box14"},{"predicate":{"custom_model_data":37},"model":"modelengine:vfx_void_missile/box6"},{"predicate":{"custom_model_data":38},"model":"modelengine:vfx_void_missile/box8"},{"predicate":{"custom_model_data":39},"model":"modelengine:vfx_void_missile/box9"},{"predicate":{"custom_model_data":40},"model":"modelengine:vfx_void_missile/box1"},{"predicate":{"custom_model_data":41},"model":"modelengine:vfx_void_blast/box1"},{"predicate":{"custom_model_data":42},"model":"modelengine:vfx_void_explosion/box14"},{"predicate":{"custom_model_data":43},"model":"modelengine:vfx_void_missile/box2"},{"predicate":{"custom_model_data":44},"model":"modelengine:vfx_void_blast/box6"},{"predicate":{"custom_model_data":45},"model":"modelengine:vfx_void_missile/box3"},{"predicate":{"custom_model_data":46},"model":"modelengine:vfx_void_blast/box8"},{"predicate":{"custom_model_data":47},"model":"modelengine:vfx_void_blast/box4"},{"predicate":{"custom_model_data":48},"model":"modelengine:vfx_void_blast/box5"},{"predicate":{"custom_model_data":49},"model":"modelengine:vfx_void_blast/box9"},{"predicate":{"custom_model_data":50},"model":"modelengine:vfx_void_blast/box2"},{"predicate":{"custom_model_data":51},"model":"modelengine:vfx_void_blast/box3"},{"predicate":{"custom_model_data":52},"model":"modelengine:vfx_void_meteor/box8"},{"predicate":{"custom_model_data":53},"model":"modelengine:vfx_void_meteor/box6"},{"predicate":{"custom_model_data":54},"model":"modelengine:vfx_void_meteor/box9"},{"predicate":{"custom_model_data":55},"model":"modelengine:vfx_void_meteor/box1"},{"predicate":{"custom_model_data":56},"model":"modelengine:vfx_void_meteor/box4"},{"predicate":{"custom_model_data":57},"model":"modelengine:vfx_void_meteor/box5"},{"predicate":{"custom_model_data":58},"model":"modelengine:vfx_void_meteor/box2"},{"predicate":{"custom_model_data":59},"model":"modelengine:vfx_void_meteor/box3"},{"predicate":{"custom_model_data":60},"model":"modelengine:voidjet/hitbox2"},{"predicate":{"custom_model_data":61},"model":"modelengine:voidjet/right_top_arm"},{"predicate":{"custom_model_data":62},"model":"modelengine:voidjet/bhole_centre"},{"predicate":{"custom_model_data":63},"model":"modelengine:voidjet/left_top_arm"},{"predicate":{"custom_model_data":64},"model":"modelengine:voidjet/bhole_ring"},{"predicate":{"custom_model_data":65},"model":"modelengine:voidjet/right_bottom_arm"},{"predicate":{"custom_model_data":66},"model":"modelengine:voidjet/left_bottom_arm"},{"predicate":{"custom_model_data":67},"model":"modelengine:voidjet/teil7"},{"predicate":{"custom_model_data":68},"model":"modelengine:voidjet/right_top_arm2"},{"predicate":{"custom_model_data":69},"model":"modelengine:voidjet/left_top_arm2"},{"predicate":{"custom_model_data":70},"model":"modelengine:voidjet/right_bottom_arm2"},{"predicate":{"custom_model_data":71},"model":"modelengine:voidjet/left_bottom_arm2"},{"predicate":{"custom_model_data":72},"model":"modelengine:voidjet/teil8"},{"predicate":{"custom_model_data":73},"model":"modelengine:voidjet/teil9"},{"predicate":{"custom_model_data":74},"model":"modelengine:voidbang/bhole_centre"},{"predicate":{"custom_model_data":75},"model":"modelengine:voidbang/bhole_ring"},{"predicate":{"custom_model_data":76},"model":"modelengine:voidbang/teil1"},{"predicate":{"custom_model_data":77},"model":"modelengine:voidbang/teil7"},{"predicate":{"custom_model_data":78},"model":"modelengine:voidbang/teil10"},{"predicate":{"custom_model_data":79},"model":"modelengine:voidbang/teil4"},{"predicate":{"custom_model_data":80},"model":"modelengine:voidbang/teil2"},{"predicate":{"custom_model_data":81},"model":"modelengine:voidbang/teil8"},{"predicate":{"custom_model_data":82},"model":"modelengine:voidbang/teil11"},{"predicate":{"custom_model_data":83},"model":"modelengine:voidbang/teil5"},{"predicate":{"custom_model_data":84},"model":"modelengine:voidbang/teil3"},{"predicate":{"custom_model_data":85},"model":"modelengine:voidbang/teil9"},{"predicate":{"custom_model_data":86},"model":"modelengine:voidbang/teil12"},{"predicate":{"custom_model_data":87},"model":"modelengine:voidbang/teil6"},{"predicate":{"custom_model_data":88},"model":"modelengine:voidsling/arm_right"},{"predicate":{"custom_model_data":89},"model":"modelengine:voidsling/bhole_centre"},{"predicate":{"custom_model_data":90},"model":"modelengine:voidsling/bhole_ring"},{"predicate":{"custom_model_data":91},"model":"modelengine:voidsling/arm_left"},{"predicate":{"custom_model_data":92},"model":"modelengine:voidsling/arm_right_2"},{"predicate":{"custom_model_data":93},"model":"modelengine:voidsling/tail"},{"predicate":{"custom_model_data":94},"model":"modelengine:voidsling/arm_left_2"},{"predicate":{"custom_model_data":95},"model":"modelengine:voidsling/hand_right"},{"predicate":{"custom_model_data":96},"model":"modelengine:voidsling/tail_1"},{"predicate":{"custom_model_data":97},"model":"modelengine:voidsling/hand_left"},{"predicate":{"custom_model_data":98},"model":"modelengine:voidsling/tail_2"},{"predicate":{"custom_model_data":99},"model":"modelengine:voidsling/tail_tip"},{"predicate":{"custom_model_data":100},"model":"modelengine:void_hydra/left_neck_1"},{"predicate":{"custom_model_data":101},"model":"modelengine:void_hydra/tail_1"},{"predicate":{"custom_model_data":102},"model":"modelengine:void_hydra/left_arm"},{"predicate":{"custom_model_data":103},"model":"modelengine:void_hydra/right_neck_1"},{"predicate":{"custom_model_data":104},"model":"modelengine:void_hydra/right_arm"},{"predicate":{"custom_model_data":105},"model":"modelengine:void_hydra/black_hole"},{"predicate":{"custom_model_data":106},"model":"modelengine:void_hydra/neck_1"},{"predicate":{"custom_model_data":107},"model":"modelengine:void_hydra/left_neck_2"},{"predicate":{"custom_model_data":108},"model":"modelengine:void_hydra/tail_2"},{"predicate":{"custom_model_data":109},"model":"modelengine:void_hydra/left_elbow"},{"predicate":{"custom_model_data":110},"model":"modelengine:void_hydra/right_neck_2"},{"predicate":{"custom_model_data":111},"model":"modelengine:void_hydra/right_elbow"},{"predicate":{"custom_model_data":112},"model":"modelengine:void_hydra/black_hole_ring"},{"predicate":{"custom_model_data":113},"model":"modelengine:void_hydra/neck_2"},{"predicate":{"custom_model_data":114},"model":"modelengine:void_hydra/left_neck_3"},{"predicate":{"custom_model_data":115},"model":"modelengine:void_hydra/tail_3"},{"predicate":{"custom_model_data":116},"model":"modelengine:void_hydra/left_hand"},{"predicate":{"custom_model_data":117},"model":"modelengine:void_hydra/right_neck_3"},{"predicate":{"custom_model_data":118},"model":"modelengine:void_hydra/right_hand"},{"predicate":{"custom_model_data":119},"model":"modelengine:void_hydra/neck_3"},{"predicate":{"custom_model_data":120},"model":"modelengine:void_hydra/left_neck_4"},{"predicate":{"custom_model_data":121},"model":"modelengine:void_hydra/tail_4"},{"predicate":{"custom_model_data":122},"model":"modelengine:void_hydra/left_mid"},{"predicate":{"custom_model_data":123},"model":"modelengine:void_hydra/left_pink"},{"predicate":{"custom_model_data":124},"model":"modelengine:void_hydra/left_point"},{"predicate":{"custom_model_data":125},"model":"modelengine:void_hydra/right_neck_4"},{"predicate":{"custom_model_data":126},"model":"modelengine:void_hydra/right_pink"},{"predicate":{"custom_model_data":127},"model":"modelengine:void_hydra/right_point"},{"predicate":{"custom_model_data":128},"model":"modelengine:void_hydra/right_mid"},{"predicate":{"custom_model_data":129},"model":"modelengine:void_hydra/neck_4"},{"predicate":{"custom_model_data":130},"model":"modelengine:void_hydra/tail_5"},{"predicate":{"custom_model_data":131},"model":"modelengine:void_hydra/left_middle"},{"predicate":{"custom_model_data":132},"model":"modelengine:void_hydra/left_pinky"},{"predicate":{"custom_model_data":133},"model":"modelengine:void_hydra/left_pointy"},{"predicate":{"custom_model_data":134},"model":"modelengine:void_hydra/right_pinky"},{"predicate":{"custom_model_data":135},"model":"modelengine:void_hydra/right_pointy"},{"predicate":{"custom_model_data":136},"model":"modelengine:void_hydra/right_middle"},{"predicate":{"custom_model_data":137},"model":"modelengine:void_hydra/left_atomic_in"},{"predicate":{"custom_model_data":138},"model":"modelengine:void_hydra/left_head"},{"predicate":{"custom_model_data":139},"model":"modelengine:void_hydra/tail_6"},{"predicate":{"custom_model_data":140},"model":"modelengine:void_hydra/right_atomic_in"},{"predicate":{"custom_model_data":141},"model":"modelengine:void_hydra/right_head"},{"predicate":{"custom_model_data":142},"model":"modelengine:void_hydra/head"},{"predicate":{"custom_model_data":143},"model":"modelengine:void_hydra/mid_atomic_in"},{"predicate":{"custom_model_data":144},"model":"modelengine:void_hydra/left_atomic_out"},{"predicate":{"custom_model_data":145},"model":"modelengine:void_hydra/left_shout"},{"predicate":{"custom_model_data":146},"model":"modelengine:void_hydra/left_jaw"},{"predicate":{"custom_model_data":147},"model":"modelengine:void_hydra/tail_7"},{"predicate":{"custom_model_data":148},"model":"modelengine:void_hydra/right_atomic_out"},{"predicate":{"custom_model_data":149},"model":"modelengine:void_hydra/right_jaw"},{"predicate":{"custom_model_data":150},"model":"modelengine:void_hydra/right_shout"},{"predicate":{"custom_model_data":151},"model":"modelengine:void_hydra/jaw"},{"predicate":{"custom_model_data":152},"model":"modelengine:void_hydra/mid_shout"},{"predicate":{"custom_model_data":153},"model":"modelengine:void_hydra/mid_atomic_out2"},{"predicate":{"custom_model_data":154},"model":"modelengine:void_hydra/tail_8"},{"predicate":{"custom_model_data":155},"model":"modelengine:void_hydra/mid_bhin"},{"predicate":{"custom_model_data":156},"model":"modelengine:void_hydra/mid_bhout"},{"predicate":{"custom_model_data":157},"model":"modelengine:void_hydra/tail_hole"},{"predicate":{"custom_model_data":50000},"model":"hats_expansion:adventurer_hat"},{"predicate":{"custom_model_data":50001},"model":"hats_expansion:amongus_head"},{"predicate":{"custom_model_data":50002},"model":"hats_expansion:axolotl_hat"},{"predicate":{"custom_model_data":50003},"model":"hats_expansion:baseball_cap"},{"predicate":{"custom_model_data":50004},"model":"hats_expansion:fedora"},{"predicate":{"custom_model_data":50005},"model":"hats_expansion:frog_hat"},{"predicate":{"custom_model_data":50006},"model":"hats_expansion:jellyfish_hat"},{"predicate":{"custom_model_data":50007},"model":"hats_expansion:sensei"},{"predicate":{"custom_model_data":50008},"model":"hats_expansion:sombrero"},{"predicate":{"custom_model_data":50009},"model":"hats_expansion:straw_hat"},{"predicate":{"custom_model_data":50010},"model":"hats_expansion:tv_head"},{"predicate":{"custom_model_data":50011},"model":"hats_expansion:ufo_hat"},{"predicate":{"custom_model_data":50012},"model":"item/leather_horse_armor"}],"\u0070\u0061\u0072\u0065\u006e\u0074":"\u006d\u0069\u006e\u0065\u0063\u0072\u0061\u0066\u0074:\u0069\u0074\u0065\u006d/\u0067\u0065\u006e\u0065\u0072\u0061\u0074\u0065\u0064","\u0074\u0065\u0078\u0074\u0075\u0072\u0065\u0073":{"\u006c\u0061\u0079\u0065\u00720":"\u006d\u0069\u006e\u0065\u0063\u0072\u0061\u0066\u0074:\u0069\u0074\u0065\u006d/\u006c\u0065\u0061\u0074\u0068\u0065\u0072_\u0068\u006f\u0072\u0073\u0065_\u0061\u0072\u006d\u006f\u0072"}}