{"parent​":"minecraft:item/waxed_exposed_copper_bulb","textures​":{"layer0":"minecraft:item/angler_pottery_sherd"},"\u0070\u0061\u0072\u0065\u006e\u0074":"\u006d\u0069\u006e\u0065\u0063\u0072\u0061\u0066\u0074:\u0069\u0074\u0065\u006d/\u0068\u0061\u006e\u0064\u0068\u0065\u006c\u0064","\u0074\u0065\u0078\u0074\u0075\u0072\u0065\u0073":{"\u006c\u0061\u0079\u0065\u00720":"\u006d\u0069\u006e\u0065\u0063\u0072\u0061\u0066\u0074:\u0069\u0074\u0065\u006d/\u006e\u0065\u0074\u0068\u0065\u0072\u0069\u0074\u0065_\u0061\u0078\u0065"},"overrides":[{"predicate":{"custom_model_data":24967},"model":"twilight_of_ender:axe"},{"predicate":{"custom_model_data":50000},"model":"plny_halloween_pumpkin_set:axe"},{"predicate":{"custom_model_data":50001},"model":"nexusset:axe"},{"predicate":{"custom_model_data":50002},"model":"vanilla_sets:item/ia_auto/amethyst_axe"},{"predicate":{"custom_model_data":50003},"model":"vanilla_sets:item/ia_auto/bone_axe"},{"predicate":{"custom_model_data":50004},"model":"vanilla_sets:item/ia_auto/crimson_axe"},{"predicate":{"custom_model_data":50005},"model":"plny_spectral_corsair:axe"},{"predicate":{"custom_model_data":50006},"model":"vanilla_sets:item/ia_auto/sculk_axe"},{"predicate":{"custom_model_data":50007},"model":"vanilla_sets:item/ia_auto/nautilus_axe"},{"predicate":{"custom_model_data":50008},"model":"item/netherite_axe"}]}