{"textures​":{"layer0":"minecraft:item/cauldron"},"\u0074\u0065\u0078\u0074\u0075\u0072\u0065\u0073":{"0":"\u006d\u006f\u0064\u0065\u006c\u0065\u006e\u0067\u0069\u006e\u0065:\u0065\u006e\u0074\u0069\u0074\u0079/\u0076\u006f\u0069\u0064_\u0062\u0065\u0068\u006f\u006c\u0064\u0065\u0072","\u0070\u0061\u0072\u0074\u0069\u0063\u006c\u0065":"#0"},"elements":[{"from":[8.0,7.7915564,14.256521],"to":[8.0,21.291555,23.25652],"faces":{"east":{"uv":[4.625,0.0,2.375,3.375],"tintindex":0,"rotation":0,"texture":"#0"},"west":{"uv":[2.375,0.0,4.625,3.375],"tintindex":0,"rotation":0,"texture":"#0"}},"rotation":{"origin":[5.75,14.541557,23.50652],"angle":22.5,"axis":"x"}},{"from":[5.75,5.847205,6.3449078],"to":[10.25,9.347205,17.84491],"faces":{"east":{"uv":[9.0,2.5,11.875,3.375],"tintindex":0,"rotation":0,"texture":"#0"},"south":{"uv":[12.875,2.0,14.0,2.875],"tintindex":0,"rotation":0,"texture":"#0"},"north":{"uv":[10.75,12.75,11.875,13.625],"tintindex":0,"rotation":0,"texture":"#0"},"west":{"uv":[9.0,3.5,11.875,4.375],"tintindex":0,"rotation":0,"texture":"#0"},"up":{"uv":[8.625,10.375,7.5,7.5],"tintindex":0,"rotation":0,"texture":"#0"},"down":{"uv":[1.125,7.625,0.0,10.5],"tintindex":0,"rotation":0,"texture":"#0"}},"rotation":{"origin":[8.0,10.847205,6.0949078],"angle":-22.5,"axis":"x"}}],"display":{"head":{"rotation":[0.0,0.0,0.0]},"firstperson_righthand":{"rotation":[0.0,0.0,0.0]},"thirdperson_lefthand":{"rotation":[0.0,0.0,0.0]},"firstperson_lefthand":{"rotation":[0.0,0.0,0.0]},"fixed":{"rotation":[0.0,0.0,0.0]},"ground":{"rotation":[0.0,0.0,0.0]},"thirdperson_righthand":{"rotation":[0.0,0.0,0.0]},"gui":{"rotation":[-150.0,-45.0,180.0]}}}