{"textures​":{"0":"\u006d\u006f\u0064\u0065\u006c\u0065\u006e\u0067\u0069\u006e\u0065:\u0065\u006e\u0074\u0069\u0074\u0079/\u0076\u006f\u0069\u0064_\u0062\u0065\u0068\u006f\u006c\u0064\u0065\u0072","\u0070\u0061\u0072\u0074\u0069\u0063\u006c\u0065":"#0"},"\u0074\u0065\u0078\u0074\u0075\u0072\u0065\u0073":{"0":"\u006d\u006f\u0064\u0065\u006c\u0065\u006e\u0067\u0069\u006e\u0065:\u0065\u006e\u0074\u0069\u0074\u0079/\u0076\u006f\u0069\u0064_\u0062\u0065\u0068\u006f\u006c\u0064\u0065\u0072","\u0070\u0061\u0072\u0074\u0069\u0063\u006c\u0065":"#0"},"elements":[{"from":[4.4875,-6.2205334,1.1558485],"to":[10.4875,8.779467,9.1558485],"faces":{"east":{"uv":[9.875,10.75,10.875,12.625],"tintindex":0,"rotation":0,"texture":"#0"},"south":{"uv":[1.25,11.5,2.0,13.375],"tintindex":0,"rotation":0,"texture":"#0"},"north":{"uv":[1.25,11.5,2.0,13.375],"tintindex":0,"rotation":0,"texture":"#0"},"west":{"uv":[9.875,10.75,10.875,12.625],"tintindex":0,"rotation":0,"texture":"#0"},"up":{"uv":[5.25,14.0,4.5,13.0],"tintindex":0,"rotation":0,"texture":"#0"},"down":{"uv":[13.75,5.5,13.0,6.5],"tintindex":0,"rotation":0,"texture":"#0"}},"rotation":{"origin":[7.4875,2.2794666,5.1558485],"angle":22.5,"axis":"x"}}],"display":{"head":{"rotation":[0.0,0.0,0.0]},"firstperson_righthand":{"rotation":[0.0,0.0,0.0]},"thirdperson_lefthand":{"rotation":[0.0,0.0,0.0]},"firstperson_lefthand":{"rotation":[0.0,0.0,0.0]},"fixed":{"rotation":[0.0,0.0,0.0]},"ground":{"rotation":[0.0,0.0,0.0]},"thirdperson_righthand":{"rotation":[0.0,0.0,0.0]},"gui":{"rotation":[-150.0,-45.0,180.0]}}}