{"credit":"Made with Blockbench","texture_size":[12,12],"textures":{"1":"demon_edgeset:scythe","2":"demon_edgeset:animations/animation_2","particle":"demon_edgeset:scythe"},"elements":[{"from":[7.25,1.75,7.25],"to":[8.75,2.25,8.75],"rotation":{"angle":45,"axis":"y","origin":[8,2.5,8]},"faces":{"north":{"uv":[13.14286,10.28571,14,10.57143],"texture":"#1"},"east":{"uv":[12,13.14286,12.85714,13.42857],"texture":"#1"},"south":{"uv":[13.14286,13.14286,14,13.42857],"texture":"#1"},"west":{"uv":[0,13.71429,0.85714,14],"texture":"#1"},"up":{"uv":[11.14286,4.28571,10.28571,3.42857],"texture":"#1"},"down":{"uv":[4.85714,10.28571,4,11.14286],"texture":"#1"}}},{"from":[7.25,2.5,7.25],"to":[8.75,3,8.75],"rotation":{"angle":45,"axis":"y","origin":[8,2.25,8]},"faces":{"north":{"uv":[1.14286,13.71429,2,14],"texture":"#1"},"east":{"uv":[13.71429,1.14286,14.57143,1.42857],"texture":"#1"},"south":{"uv":[2.28571,13.71429,3.14286,14],"texture":"#1"},"west":{"uv":[13.71429,2.85714,14.57143,3.14286],"texture":"#1"},"up":{"uv":[11.14286,8.28571,10.28571,7.42857],"texture":"#1"},"down":{"uv":[9.42857,10.28571,8.57143,11.14286],"texture":"#1"}}},{"from":[7.25,14.15,7.25],"to":[8.75,14.65,8.75],"rotation":{"angle":45,"axis":"y","origin":[8,13.9,8]},"faces":{"north":{"uv":[3.42857,13.71429,4.28571,14],"texture":"#1"},"east":{"uv":[13.71429,3.42857,14.57143,3.71429],"texture":"#1"},"south":{"uv":[13.71429,4,14.57143,4.28571],"texture":"#1"},"west":{"uv":[4.57143,13.71429,5.42857,14],"texture":"#1"},"up":{"uv":[11.14286,9.42857,10.28571,8.57143],"texture":"#1"},"down":{"uv":[11.14286,9.71429,10.28571,10.57143],"texture":"#1"}}},{"from":[7.25,13.4,7.25],"to":[8.75,13.9,8.75],"rotation":{"angle":45,"axis":"y","origin":[8,14.15,8]},"faces":{"north":{"uv":[13.71429,4.57143,14.57143,4.85714],"texture":"#1"},"east":{"uv":[13.71429,5.14286,14.57143,5.42857],"texture":"#1"},"south":{"uv":[5.71429,13.71429,6.57143,14],"texture":"#1"},"west":{"uv":[13.71429,5.71429,14.57143,6],"texture":"#1"},"up":{"uv":[11.71429,0.85714,10.85714,0],"texture":"#1"},"down":{"uv":[11.71429,1.14286,10.85714,2],"texture":"#1"}}},{"from":[7.25,-0.15,7.7],"to":[8.75,1.45,9.3],"rotation":{"angle":-45,"axis":"x","origin":[7.5,0.15,8]},"faces":{"north":{"uv":[10.85714,2.28571,11.71429,3.14286],"texture":"#1"},"east":{"uv":[10.85714,4.57143,11.71429,5.42857],"texture":"#1"},"south":{"uv":[10.85714,5.71429,11.71429,6.57143],"texture":"#1"},"west":{"uv":[7.42857,10.85714,8.28571,11.71429],"texture":"#1"},"up":{"uv":[10.57143,11.71429,9.71429,10.85714],"texture":"#1"},"down":{"uv":[11.71429,10.85714,10.85714,11.71429],"texture":"#1"}}},{"from":[7,0.1,7.95],"to":[9,1.2,9.05],"rotation":{"angle":-45,"axis":"x","origin":[7.5,0.15,8]},"faces":{"north":{"uv":[12,1.71429,13.14286,2.28571],"texture":"#1"},"east":{"uv":[8.57143,6.28571,9.14286,6.85714],"texture":"#1"},"south":{"uv":[12,2.28571,13.14286,2.85714],"texture":"#1"},"west":{"uv":[7.42857,8.57143,8,9.14286],"texture":"#1"},"up":{"uv":[13.14286,3.42857,12,2.85714],"texture":"#1"},"down":{"uv":[13.14286,4.57143,12,5.14286],"texture":"#1"}}},{"from":[7.25,21.45,7.7],"to":[8.75,24.05,10.3],"rotation":{"angle":-45,"axis":"x","origin":[7.5,21.75,8]},"faces":{"north":{"uv":[8.71429,0,9.57143,1.42857],"texture":"#1"},"east":{"uv":[4.57143,6.85714,6,8.28571],"texture":"#1"},"south":{"uv":[8.71429,1.71429,9.57143,3.14286],"texture":"#1"},"west":{"uv":[6.28571,6.85714,7.71429,8.28571],"texture":"#1"},"up":{"uv":[5.42857,10,4.57143,8.57143],"texture":"#1"},"down":{"uv":[9.42857,4.57143,8.57143,6],"texture":"#1"}}},{"from":[7,21.95,8.2],"to":[9,23.55,9.8],"rotation":{"angle":-45,"axis":"x","origin":[7.5,21.75,8]},"faces":{"north":{"uv":[8.57143,9.14286,9.71429,10],"texture":"#1"},"east":{"uv":[0.57143,11.42857,1.42857,12.28571],"texture":"#1"},"south":{"uv":[9.71429,0,10.85714,0.85714],"texture":"#1"},"west":{"uv":[1.71429,11.42857,2.57143,12.28571],"texture":"#1"},"up":{"uv":[10.85714,2,9.71429,1.14286],"texture":"#1"},"down":{"uv":[10.85714,2.28571,9.71429,3.14286],"texture":"#1"}}},{"from":[7.29289,0.75,8],"to":[8.29289,3.25,9],"rotation":{"angle":45,"axis":"y","origin":[7.29289,0.75,8]},"faces":{"north":{"uv":[9.71429,3.42857,10.28571,4.85714],"texture":"#1"},"east":{"uv":[6.85714,9.71429,7.42857,11.14286],"texture":"#1"},"south":{"uv":[9.71429,9.14286,10.28571,10.57143],"texture":"#1"},"west":{"uv":[0,10.28571,0.57143,11.71429],"texture":"#1"},"up":{"uv":[10.85714,5.14286,10.28571,4.57143],"texture":"#1"},"down":{"uv":[11.42857,6.85714,10.85714,7.42857],"texture":"#1"}}},{"from":[7.39289,10.25,8.1],"to":[8.19289,13.15,8.9],"rotation":{"angle":45,"axis":"y","origin":[7.29289,10.25,8]},"faces":{"north":{"uv":[5.14286,10.28571,5.57143,12],"texture":"#1"},"east":{"uv":[2.85714,11.42857,3.28571,13.14286],"texture":"#1"},"south":{"uv":[3.42857,11.42857,3.85714,13.14286],"texture":"#1"},"west":{"uv":[4,11.42857,4.42857,13.14286],"texture":"#1"}}},{"from":[7.29289,13.15,8],"to":[8.29289,14.9,9],"rotation":{"angle":45,"axis":"y","origin":[7.29289,7.65,8]},"faces":{"north":{"uv":[1.71429,12.57143,2.28571,13.57143],"texture":"#1"},"east":{"uv":[2.28571,12.57143,2.85714,13.57143],"texture":"#1"},"south":{"uv":[12.57143,3.42857,13.14286,4.42857],"texture":"#1"},"west":{"uv":[12.57143,5.14286,13.14286,6.14286],"texture":"#1"},"up":{"uv":[12.57143,6.85714,12,6.28571],"texture":"#1"},"down":{"uv":[0.57143,13.14286,0,13.71429],"texture":"#1"}}},{"from":[7.25,9.5,7.25],"to":[8.75,10,8.75],"rotation":{"angle":45,"axis":"y","origin":[8,9.25,8]},"faces":{"north":{"uv":[3.42857,13.71429,4.28571,14],"texture":"#1"},"east":{"uv":[13.71429,3.42857,14.57143,3.71429],"texture":"#1"},"south":{"uv":[13.71429,4,14.57143,4.28571],"texture":"#1"},"west":{"uv":[4.57143,13.71429,5.42857,14],"texture":"#1"},"up":{"uv":[11.14286,9.42857,10.28571,8.57143],"texture":"#1"},"down":{"uv":[11.14286,9.71429,10.28571,10.57143],"texture":"#1"}}},{"from":[7.25,8.75,7.25],"to":[8.75,9.25,8.75],"rotation":{"angle":45,"axis":"y","origin":[8,9.5,8]},"faces":{"north":{"uv":[13.71429,4.57143,14.57143,4.85714],"texture":"#1"},"east":{"uv":[13.71429,5.14286,14.57143,5.42857],"texture":"#1"},"south":{"uv":[5.71429,13.71429,6.57143,14],"texture":"#1"},"west":{"uv":[13.71429,5.71429,14.57143,6],"texture":"#1"},"up":{"uv":[11.71429,0.85714,10.85714,0],"texture":"#1"},"down":{"uv":[11.71429,1.14286,10.85714,2],"texture":"#1"}}},{"from":[7.29289,8.5,8],"to":[8.29289,10.25,9],"rotation":{"angle":45,"axis":"y","origin":[7.29289,3,8]},"faces":{"north":{"uv":[1.71429,12.57143,2.28571,13.57143],"texture":"#1"},"east":{"uv":[2.28571,12.57143,2.85714,13.57143],"texture":"#1"},"south":{"uv":[12.57143,3.42857,13.14286,4.42857],"texture":"#1"},"west":{"uv":[12.57143,5.14286,13.14286,6.14286],"texture":"#1"},"up":{"uv":[12.57143,6.85714,12,6.28571],"texture":"#1"},"down":{"uv":[0.57143,13.14286,0,13.71429],"texture":"#1"}}},{"from":[7.29289,20.15,8],"to":[8.29289,22.15,9],"rotation":{"angle":45,"axis":"y","origin":[7.29289,9.65,8]},"faces":{"north":{"uv":[0,12,0.57143,13.14286],"texture":"#1"},"east":{"uv":[5.14286,12,5.71429,13.14286],"texture":"#1"},"south":{"uv":[12,5.14286,12.57143,6.28571],"texture":"#1"},"west":{"uv":[7.42857,12,8,13.14286],"texture":"#1"},"up":{"uv":[3.42857,13.71429,2.85714,13.14286],"texture":"#1"},"down":{"uv":[13.71429,2.85714,13.14286,3.42857],"texture":"#1"}}},{"from":[7.25,21.15,7.25],"to":[8.75,21.65,8.75],"rotation":{"angle":45,"axis":"y","origin":[8,15.9,8]},"faces":{"north":{"uv":[13.71429,6.28571,14.57143,6.57143],"texture":"#1"},"east":{"uv":[6.85714,13.71429,7.71429,14],"texture":"#1"},"south":{"uv":[13.71429,6.85714,14.57143,7.14286],"texture":"#1"},"west":{"uv":[13.71429,7.42857,14.57143,7.71429],"texture":"#1"},"up":{"uv":[12.28571,4.28571,11.42857,3.42857],"texture":"#1"},"down":{"uv":[12.28571,6.85714,11.42857,7.71429],"texture":"#1"}}},{"from":[7.25,20.4,7.25],"to":[8.75,20.9,8.75],"rotation":{"angle":45,"axis":"y","origin":[8,16.15,8]},"faces":{"north":{"uv":[13.71429,8,14.57143,8.28571],"texture":"#1"},"east":{"uv":[8.57143,13.71429,9.42857,14],"texture":"#1"},"south":{"uv":[13.71429,8.57143,14.57143,8.85714],"texture":"#1"},"west":{"uv":[13.71429,9.14286,14.57143,9.42857],"texture":"#1"},"up":{"uv":[12.28571,8.85714,11.42857,8],"texture":"#1"},"down":{"uv":[9.42857,11.42857,8.57143,12.28571],"texture":"#1"}}},{"from":[7.14289,14.9,7.85],"to":[8.44289,20.15,9.15],"rotation":{"angle":45,"axis":"y","origin":[7.29289,7.65,8]},"faces":{"north":{"uv":[0,6.85714,0.71429,9.85714],"texture":"#1"},"east":{"uv":[1.14286,6.85714,1.85714,9.85714],"texture":"#1"},"south":{"uv":[2.28571,6.85714,3,9.85714],"texture":"#1"},"west":{"uv":[3.42857,6.85714,4.14286,9.85714],"texture":"#1"},"up":{"uv":[13.28571,7,12.57143,6.28571],"texture":"#1"},"down":{"uv":[13.28571,7.42857,12.57143,8.14286],"texture":"#1"}}},{"from":[7.14289,3.25,7.85],"to":[8.44289,8.5,9.15],"rotation":{"angle":45,"axis":"y","origin":[7.29289,-4,8]},"faces":{"north":{"uv":[0,6.85714,0.71429,9.85714],"texture":"#1"},"east":{"uv":[1.14286,6.85714,1.85714,9.85714],"texture":"#1"},"south":{"uv":[2.28571,6.85714,3,9.85714],"texture":"#1"},"west":{"uv":[3.42857,6.85714,4.14286,9.85714],"texture":"#1"},"up":{"uv":[13.28571,7,12.57143,6.28571],"texture":"#1"},"down":{"uv":[13.28571,7.42857,12.57143,8.14286],"texture":"#1"}}},{"from":[8,22.45711,3.6],"to":[9,23.45711,4.6],"rotation":{"angle":45,"axis":"z","origin":[8,22.45711,4.4]},"faces":{"north":{"uv":[3.42857,13.14286,4,13.71429],"texture":"#1"},"east":{"uv":[13.14286,3.42857,13.71429,4],"texture":"#1"},"south":{"uv":[4,13.14286,4.57143,13.71429],"texture":"#1"},"west":{"uv":[13.14286,4,13.71429,4.57143],"texture":"#1"},"up":{"uv":[5.14286,13.71429,4.57143,13.14286],"texture":"#1"},"down":{"uv":[13.71429,4.57143,13.14286,5.14286],"texture":"#1"}}},{"from":[8,22.45711,6],"to":[9,23.45711,10],"rotation":{"angle":45,"axis":"z","origin":[8,22.45711,3]},"faces":{"north":{"uv":[5.14286,13.14286,5.71429,13.71429],"texture":"#1"},"east":{"uv":[5.14286,14.28571,7.42857,14.85714],"texture":"#1"},"south":{"uv":[13.14286,5.14286,13.71429,5.71429],"texture":"#1"},"west":{"uv":[5.14286,14.85714,7.42857,15.42857],"texture":"#1"},"up":{"uv":[15.42857,2.28571,14.85714,0],"texture":"#1"},"down":{"uv":[16,0,15.42857,2.28571],"texture":"#1"}}},{"from":[8.2,22.65711,4.6],"to":[8.8,23.25711,6],"rotation":{"angle":45,"axis":"z","origin":[8,22.45711,4.4]},"faces":{"east":{"uv":[13.71429,9.71429,14.57143,10],"texture":"#1"},"west":{"uv":[13.71429,10.85714,14.57143,11.14286],"texture":"#1"},"up":{"uv":[14,12.28571,13.71429,11.42857],"texture":"#1"},"down":{"uv":[12.28571,13.71429,12,14.57143],"texture":"#1"}}},{"from":[7.985,22.78921,2.1],"to":[8.015,23.53921,3.6],"rotation":{"angle":-45,"axis":"z","origin":[8,23.16421,2.85]},"faces":{"east":{"uv":[13.42857,9.71429,12.57143,10.14286],"texture":"#1"},"west":{"uv":[12.57143,9.71429,13.42857,10.14286],"texture":"#1"}}},{"from":[7.985,22.78921,2.1],"to":[8.015,23.53921,3.6],"rotation":{"angle":45,"axis":"z","origin":[8,23.16421,2.85]},"faces":{"east":{"uv":[13.42857,9.71429,12.57143,10.14286],"texture":"#1"},"west":{"uv":[12.57143,9.71429,13.42857,10.14286],"texture":"#1"}}},{"from":[7.625,23.20437,6.34973],"to":[8.375,24.45437,7.59973],"rotation":{"angle":-22.5,"axis":"x","origin":[7.875,23.20437,6.34973]},"faces":{"north":{"uv":[8,13.14286,8.42857,13.85714],"texture":"#1"},"east":{"uv":[8.57143,12.57143,9.28571,13.28571],"texture":"#1"},"west":{"uv":[12.57143,8.57143,13.28571,9.28571],"texture":"#1"},"up":{"uv":[10.14286,13.85714,9.71429,13.14286],"texture":"#1"}}},{"from":[7.375,21.70437,5.09973],"to":[8.625,22.95437,7.59973],"rotation":{"angle":-22.5,"axis":"x","origin":[7.875,21.70437,6.34973]},"faces":{"east":{"uv":[5.71429,8.57143,7.14286,9.28571],"texture":"#1"},"west":{"uv":[9.14286,6.28571,10.57143,7],"texture":"#1"},"up":{"uv":[8.14286,10.57143,7.42857,9.14286],"texture":"#1"},"down":{"uv":[9.85714,7.42857,9.14286,8.85714],"texture":"#1"}}},{"from":[7.3745,20.99765,5.09293],"to":[8.6255,22.99765,6.34293],"rotation":{"angle":22.5,"axis":"x","origin":[7.8745,23.99765,6.34293]},"faces":{"north":{"uv":[9.71429,5.14286,10.42857,6.28571],"texture":"#1"},"east":{"uv":[0.57143,10.28571,1.28571,11.42857],"texture":"#1"},"south":{"uv":[1.71429,10.28571,2.42857,11.42857],"texture":"#1"},"west":{"uv":[2.85714,10.28571,3.57143,11.42857],"texture":"#1"},"up":{"uv":[13.28571,11.57143,12.57143,10.85714],"texture":"#1"},"down":{"uv":[13.28571,12,12.57143,12.71429],"texture":"#1"}}},{"from":[7.5123,23.04905,4.90932],"to":[8.48769,24.16405,5.88432],"rotation":{"angle":0,"axis":"y","origin":[7.9023,23.97405,6.28432]},"faces":{"north":{"uv":[5.71429,13.14286,6.28571,13.71429],"texture":"#1"},"east":{"uv":[13.14286,5.71429,13.71429,6.28571],"texture":"#1"},"south":{"uv":[6.28571,13.14286,6.85714,13.71429],"texture":"#1"},"west":{"uv":[6.85714,13.14286,7.42857,13.71429],"texture":"#1"},"up":{"uv":[8,13.71429,7.42857,13.14286],"texture":"#1"}}},{"from":[7.6196,24.0392,4.74157],"to":[8.3804,25.1039,5.50207],"rotation":{"angle":-22.5,"axis":"x","origin":[8,24.84655,5.39682]},"faces":{"north":{"uv":[12.57143,13.71429,13,14.28571],"texture":"#1"},"east":{"uv":[13.71429,12.57143,14.14286,13.14286],"texture":"#1"},"south":{"uv":[13.14286,13.71429,13.57143,14.28571],"texture":"#1"},"west":{"uv":[13.71429,13.71429,14.14286,14.28571],"texture":"#1"},"up":{"uv":[2.14286,14.71429,1.71429,14.28571],"texture":"#1"}}},{"from":[7.72991,24.85816,4.42033],"to":[8.27009,25.6141,4.96029],"rotation":{"angle":-45,"axis":"x","origin":[8,25.41113,4.86531]},"faces":{"north":{"uv":[14.28571,2.28571,14.57143,2.71429],"texture":"#1"},"east":{"uv":[2.85714,14.28571,3.14286,14.71429],"texture":"#1"},"south":{"uv":[3.42857,14.28571,3.71429,14.71429],"texture":"#1"},"west":{"uv":[4,14.28571,4.28571,14.71429],"texture":"#1"},"up":{"uv":[4.85714,14.57143,4.57143,14.28571],"texture":"#1"}}},{"from":[8,22.45711,11.4],"to":[9,23.45711,12.4],"rotation":{"angle":45,"axis":"z","origin":[8,22.45711,11.6]},"faces":{"north":{"uv":[4.57143,13.14286,4,13.71429],"texture":"#1"},"east":{"uv":[13.71429,3.42857,13.14286,4],"texture":"#1"},"south":{"uv":[4,13.14286,3.42857,13.71429],"texture":"#1"},"west":{"uv":[13.71429,4,13.14286,4.57143],"texture":"#1"},"up":{"uv":[5.14286,13.14286,4.57143,13.71429],"texture":"#1"},"down":{"uv":[13.71429,5.14286,13.14286,4.57143],"texture":"#1"}}},{"from":[8.2,22.65711,10],"to":[8.8,23.25711,11.4],"rotation":{"angle":45,"axis":"z","origin":[8,22.45711,11.6]},"faces":{"east":{"uv":[14.57143,9.71429,13.71429,10],"texture":"#1"},"west":{"uv":[14.57143,10.85714,13.71429,11.14286],"texture":"#1"},"up":{"uv":[14,11.42857,13.71429,12.28571],"texture":"#1"},"down":{"uv":[12.28571,14.57143,12,13.71429],"texture":"#1"}}},{"from":[7.985,22.78921,12.4],"to":[8.015,23.53921,13.9],"rotation":{"angle":-45,"axis":"z","origin":[8,23.16421,13.15]},"faces":{"east":{"uv":[12.57143,9.71429,13.42857,10.14286],"texture":"#1"},"west":{"uv":[13.42857,9.71429,12.57143,10.14286],"texture":"#1"}}},{"from":[7.375,21.70437,8.40027],"to":[8.625,22.95437,10.90027],"rotation":{"angle":22.5,"axis":"x","origin":[7.875,21.70437,9.65027]},"faces":{"east":{"uv":[7.14286,8.57143,5.71429,9.28571],"texture":"#1"},"west":{"uv":[10.57143,6.28571,9.14286,7],"texture":"#1"},"up":{"uv":[8.14286,9.14286,7.42857,10.57143],"texture":"#1"},"down":{"uv":[9.85714,8.85714,9.14286,7.42857],"texture":"#1"}}},{"from":[7.3745,20.99765,9.65707],"to":[8.6255,22.99765,10.90707],"rotation":{"angle":-22.5,"axis":"x","origin":[7.8745,23.99765,9.65707]},"faces":{"north":{"uv":[2.42857,10.28571,1.71429,11.42857],"texture":"#1"},"east":{"uv":[1.28571,10.28571,0.57143,11.42857],"texture":"#1"},"south":{"uv":[10.42857,5.14286,9.71429,6.28571],"texture":"#1"},"west":{"uv":[3.57143,10.28571,2.85714,11.42857],"texture":"#1"},"up":{"uv":[13.28571,10.85714,12.57143,11.57143],"texture":"#1"},"down":{"uv":[13.28571,12.71429,12.57143,12],"texture":"#1"}}},{"from":[7.5123,23.04905,10.11568],"to":[8.48769,24.16405,11.09068],"rotation":{"angle":0,"axis":"y","origin":[7.9023,23.97405,9.71568]},"faces":{"north":{"uv":[6.85714,13.14286,6.28571,13.71429],"texture":"#1"},"east":{"uv":[13.71429,5.71429,13.14286,6.28571],"texture":"#1"},"south":{"uv":[6.28571,13.14286,5.71429,13.71429],"texture":"#1"},"west":{"uv":[7.42857,13.14286,6.85714,13.71429],"texture":"#1"},"up":{"uv":[8,13.14286,7.42857,13.71429],"texture":"#1"}}},{"from":[7.6196,24.0392,10.49793],"to":[8.3804,25.1039,11.25843],"rotation":{"angle":22.5,"axis":"x","origin":[8,24.84655,10.60318]},"faces":{"north":{"uv":[13.57143,13.71429,13.14286,14.28571],"texture":"#1"},"east":{"uv":[14.14286,12.57143,13.71429,13.14286],"texture":"#1"},"south":{"uv":[13,13.71429,12.57143,14.28571],"texture":"#1"},"west":{"uv":[14.14286,13.71429,13.71429,14.28571],"texture":"#1"},"up":{"uv":[2.14286,14.28571,1.71429,14.71429],"texture":"#1"}}},{"from":[7.72991,24.85816,11.03971],"to":[8.27009,25.6141,11.57967],"rotation":{"angle":45,"axis":"x","origin":[8,25.41113,11.13469]},"faces":{"north":{"uv":[3.71429,14.28571,3.42857,14.71429],"texture":"#1"},"east":{"uv":[3.14286,14.28571,2.85714,14.71429],"texture":"#1"},"south":{"uv":[14.57143,2.28571,14.28571,2.71429],"texture":"#1"},"west":{"uv":[4.28571,14.28571,4,14.71429],"texture":"#1"},"up":{"uv":[4.85714,14.28571,4.57143,14.57143],"texture":"#1"}}},{"from":[7.985,22.78921,12.4],"to":[8.015,23.53921,13.9],"rotation":{"angle":45,"axis":"z","origin":[8,23.16421,13.15]},"faces":{"east":{"uv":[12.57143,9.71429,13.42857,10.14286],"texture":"#1"},"west":{"uv":[13.42857,9.71429,12.57143,10.14286],"texture":"#1"}}},{"from":[7.625,23.20437,8.40027],"to":[8.375,24.45437,9.65027],"rotation":{"angle":22.5,"axis":"x","origin":[7.875,23.20437,9.65027]},"faces":{"east":{"uv":[13.14286,0,13.85714,0.71429],"texture":"#1"},"south":{"uv":[10.28571,13.14286,10.71429,13.85714],"texture":"#1"},"west":{"uv":[13.14286,1.71429,13.85714,2.42857],"texture":"#1"},"up":{"uv":[11.28571,13.85714,10.85714,13.14286],"texture":"#1"}}},{"from":[7.5,23.33579,8],"to":[8.5,25.33579,10],"rotation":{"angle":-45,"axis":"x","origin":[7.5,23.33579,8]},"faces":{"north":{"uv":[8,12,8.57143,13.14286],"texture":"#1"},"east":{"uv":[8,6.85714,9.14286,8],"texture":"#1"},"south":{"uv":[9.71429,12,10.28571,13.14286],"texture":"#1"},"west":{"uv":[8,8,9.14286,9.14286],"texture":"#1"},"up":{"uv":[10.85714,13.14286,10.28571,12],"texture":"#1"},"down":{"uv":[11.42857,12,10.85714,13.14286],"texture":"#1"}}},{"from":[8.1,0.25,6.6],"to":[8.9,1.05,9.4],"rotation":{"angle":45,"axis":"z","origin":[8,0.15,7.5]},"faces":{"north":{"uv":[14.28571,1.71429,14.71429,2.14286],"texture":"#1"},"east":{"uv":[11.42857,10.28571,13,10.71429],"texture":"#1"},"south":{"uv":[2.28571,14.28571,2.71429,14.71429],"texture":"#1"},"west":{"uv":[12,1.14286,13.57143,1.57143],"texture":"#1"},"up":{"uv":[5,13,4.57143,11.42857],"texture":"#1"},"down":{"uv":[7.28571,11.42857,6.85714,13],"texture":"#1"}}},{"from":[7.985,0.22279,5.1],"to":[8.015,1.47279,6.6],"rotation":{"angle":-45,"axis":"z","origin":[8,0.84779,5.85]},"faces":{"east":{"uv":[1.42857,12.57143,0.57143,13.28571],"texture":"#1"},"west":{"uv":[0.57143,12.57143,1.42857,13.28571],"texture":"#1"}}},{"from":[7.985,0.22279,5.1],"to":[8.015,1.47279,6.6],"rotation":{"angle":45,"axis":"z","origin":[8,0.84779,5.85]},"faces":{"east":{"uv":[1.42857,12.57143,0.57143,13.28571],"texture":"#1"},"west":{"uv":[0.57143,12.57143,1.42857,13.28571],"texture":"#1"}}},{"from":[7.985,0.22279,9.4],"to":[8.015,1.47279,10.9],"rotation":{"angle":-45,"axis":"z","origin":[8,0.84779,10.15]},"faces":{"east":{"uv":[0.57143,12.57143,1.42857,13.28571],"texture":"#1"},"west":{"uv":[1.42857,12.57143,0.57143,13.28571],"texture":"#1"}}},{"from":[7.985,0.22279,9.4],"to":[8.015,1.47279,10.9],"rotation":{"angle":45,"axis":"z","origin":[8,0.84779,10.15]},"faces":{"east":{"uv":[0.57143,12.57143,1.42857,13.28571],"texture":"#1"},"west":{"uv":[1.42857,12.57143,0.57143,13.28571],"texture":"#1"}}},{"from":[7.75,20.18367,-1.04534],"to":[8.25,22.43367,4.95466],"rotation":{"angle":-22.5,"axis":"x","origin":[8,21.30867,2.45466]},"faces":{"east":{"uv":[4.85714,3.42857,8.28571,4.71429],"texture":"#1"},"west":{"uv":[4.85714,5.14286,8.28571,6.42857],"texture":"#1"},"up":{"uv":[6,13.14286,5.71429,9.71429],"texture":"#1"},"down":{"uv":[6.57143,9.71429,6.28571,13.14286],"texture":"#1"}}},{"from":[8,17.18367,-5.04534],"to":[8,22.43367,5.95466],"rotation":{"angle":-22.5,"axis":"x","origin":[7.75,21.30867,2.45466]},"faces":{"east":{"uv":[6.28571,0,0,3],"texture":"#1"},"west":{"uv":[0,0,6.28571,3],"texture":"#1"}}},{"from":[7.985,17.18367,10.95466],"to":[8.015,22.43367,17.95466],"rotation":{"angle":-22.5,"axis":"x","origin":[7.735,21.30867,2.45466]},"faces":{"east":{"uv":[4,3.42857,0,6.42857],"texture":"#1"},"west":{"uv":[0,3.42857,4,6.42857],"texture":"#1"}}},{"from":[7.7475,18.7434,-0.11061],"to":[8.2525,20.3384,1.48439],"rotation":{"angle":22.5,"axis":"x","origin":[8,21.30867,2.45466]},"faces":{"north":{"uv":[0,14.28571,0.28571,15.14286],"texture":"#1"},"east":{"uv":[11.42857,9.14286,12.28571,10],"texture":"#1"},"south":{"uv":[14.28571,0,14.57143,0.85714],"texture":"#1"},"west":{"uv":[12,0,12.85714,0.85714],"texture":"#1"},"up":{"uv":[0.85714,15.14286,0.57143,14.28571],"texture":"#1"},"down":{"uv":[1.42857,14.28571,1.14286,15.14286],"texture":"#1"}}},{"from":[7.75,23.72559,10.6327],"to":[8.25,25.97559,14.6327],"rotation":{"angle":-22.5,"axis":"x","origin":[8,24.85059,12.63271]},"faces":{"east":{"uv":[6.42857,0,8.71429,1.28571],"texture":"#1"},"west":{"uv":[6.42857,1.71429,8.71429,3],"texture":"#1"},"up":{"uv":[12.28571,13.14286,12,10.85714],"texture":"#1"},"down":{"uv":[11.71429,12,11.42857,14.28571],"texture":"#1"}}},{"from":[7.7475,24.43578,12.75909],"to":[8.2525,26.03078,14.35409],"rotation":{"angle":22.5,"axis":"x","origin":[8,25.23328,13.55659]},"faces":{"north":{"uv":[0,14.28571,0.28571,15.14286],"rotation":180,"texture":"#1"},"east":{"uv":[11.42857,9.14286,12.28571,10],"rotation":180,"texture":"#1"},"south":{"uv":[14.28571,0,14.57143,0.85714],"rotation":180,"texture":"#1"},"west":{"uv":[12,0,12.85714,0.85714],"rotation":180,"texture":"#1"},"up":{"uv":[0.85714,14.28571,0.57143,15.14286],"texture":"#1"},"down":{"uv":[1.42857,15.14286,1.14286,14.28571],"texture":"#1"}}},{"from":[7.1,18.075,3],"to":[7.1,28.075,13],"rotation":{"angle":0,"axis":"y","origin":[7.1,23.075,8]},"faces":{"west":{"uv":[1.33333,1.33333,14.66667,14.66667],"texture":"#2"}}},{"from":[8.9,18.075,3],"to":[8.9,28.075,13],"rotation":{"angle":0,"axis":"y","origin":[8.9,23.075,8]},"faces":{"east":{"uv":[14.66667,1.33333,1.33333,14.66667],"texture":"#2"}}}],"gui_light":"front","display":{"thirdperson_righthand":{"translation":[0,-5.75,1]},"thirdperson_lefthand":{"translation":[0,-5.75,1]},"firstperson_righthand":{"rotation":[-5,0,0],"translation":[1,-7.25,2]},"firstperson_lefthand":{"rotation":[-5,0,0],"translation":[1,-7.25,2]},"ground":{"rotation":[-45,0,0],"translation":[0,5,0],"scale":[0.7,0.7,0.7]},"gui":{"rotation":[-90,45,90],"translation":[3.5,-4.25,0],"scale":[0.7,0.7,0.7]},"head":{"rotation":[0,-90,0]},"fixed":{"rotation":[0,-90,0],"translation":[0,-4,-1],"scale":[2,2,2]}}}