{"credit":"Pologony Creation Co.,Ltd.","textures":{"1":"plny_spectral_corsair:animated/animated_4","4":"plny_spectral_corsair:weapons_tools","particle":"plny_spectral_corsair:weapons_tools"},"elements":[{"from":[9.84776,9.375,-0.625],"to":[11.34776,10.125,0.125],"rotation":{"angle":0,"axis":"y","origin":[8,9.75,-0.25]},"faces":{"north":{"uv":[14.30769,1.69231,14.53846,1.80769],"texture":"#4"},"south":{"uv":[14.15385,11.38462,14.38462,11.5],"texture":"#4"},"up":{"uv":[14.42308,2.23077,14.30769,2],"rotation":90,"texture":"#4"},"down":{"uv":[14.42308,2.46154,14.30769,2.69231],"rotation":270,"texture":"#4"}}},{"from":[11.34776,9.125,-0.875],"to":[11.84776,10.375,0.375],"rotation":{"angle":0,"axis":"y","origin":[8,9.75,-0.25]},"faces":{"north":{"uv":[10,14.92308,10.07692,15.11538],"texture":"#4"},"east":{"uv":[8,13.38462,8.19231,13.57692],"texture":"#4"},"south":{"uv":[14.92308,9.07692,15,9.26923],"texture":"#4"},"west":{"uv":[8.46154,13.38462,8.65385,13.57692],"texture":"#4"},"up":{"uv":[15.11538,8.53846,14.92308,8.46154],"rotation":90,"texture":"#4"},"down":{"uv":[15.11538,10.15385,14.92308,10.23077],"rotation":270,"texture":"#4"}}},{"from":[11.84776,9.125,-0.265],"to":[13.34776,10.375,-0.235],"rotation":{"angle":0,"axis":"y","origin":[8,9.75,-0.25]},"faces":{"north":{"uv":[12.61538,2.92308,12.84615,3.11538],"texture":"#4"},"south":{"uv":[12.84615,2.92308,12.61538,3.11538],"texture":"#4"}}},{"from":[4.15224,9.125,-0.875],"to":[4.65224,10.375,0.375],"rotation":{"angle":0,"axis":"y","origin":[8,9.75,-0.25]},"faces":{"north":{"uv":[10.07692,14.92308,10,15.11538],"texture":"#4"},"east":{"uv":[8.65385,13.38462,8.46154,13.57692],"texture":"#4"},"south":{"uv":[15,9.07692,14.92308,9.26923],"texture":"#4"},"west":{"uv":[8.19231,13.38462,8,13.57692],"texture":"#4"},"up":{"uv":[15.11538,8.46154,14.92308,8.53846],"rotation":90,"texture":"#4"},"down":{"uv":[15.11538,10.23077,14.92308,10.15385],"rotation":270,"texture":"#4"}}},{"from":[2.65224,9.125,-0.265],"to":[4.15224,10.375,-0.235],"rotation":{"angle":0,"axis":"y","origin":[8,9.75,-0.25]},"faces":{"north":{"uv":[12.84615,2.92308,12.61538,3.11538],"texture":"#4"},"south":{"uv":[12.61538,2.92308,12.84615,3.11538],"texture":"#4"}}},{"from":[4.65224,9.375,-0.625],"to":[6.15224,10.125,0.125],"rotation":{"angle":0,"axis":"y","origin":[8,9.75,-0.25]},"faces":{"north":{"uv":[14.53846,1.69231,14.30769,1.80769],"texture":"#4"},"south":{"uv":[14.38462,11.38462,14.15385,11.5],"texture":"#4"},"up":{"uv":[14.42308,2,14.30769,2.23077],"rotation":90,"texture":"#4"},"down":{"uv":[14.42308,2.69231,14.30769,2.46154],"rotation":270,"texture":"#4"}}},{"from":[4.15224,9.125,-0.875],"to":[4.65224,10.375,0.375],"rotation":{"angle":45,"axis":"z","origin":[8,9.75,-0.25]},"faces":{"north":{"uv":[10.07692,14.92308,10,15.11538],"texture":"#4"},"east":{"uv":[8.65385,13.38462,8.46154,13.57692],"texture":"#4"},"south":{"uv":[15,9.07692,14.92308,9.26923],"texture":"#4"},"west":{"uv":[8.19231,13.38462,8,13.57692],"texture":"#4"},"up":{"uv":[15.11538,8.46154,14.92308,8.53846],"rotation":90,"texture":"#4"},"down":{"uv":[15.11538,10.23077,14.92308,10.15385],"rotation":270,"texture":"#4"}}},{"from":[2.65224,9.125,-0.265],"to":[4.15224,10.375,-0.235],"rotation":{"angle":45,"axis":"z","origin":[8,9.75,-0.25]},"faces":{"north":{"uv":[12.84615,2.92308,12.61538,3.11538],"texture":"#4"},"south":{"uv":[12.61538,2.92308,12.84615,3.11538],"texture":"#4"}}},{"from":[4.65224,9.375,-0.625],"to":[6.15224,10.125,0.125],"rotation":{"angle":45,"axis":"z","origin":[8,9.75,-0.25]},"faces":{"north":{"uv":[14.53846,1.69231,14.30769,1.80769],"texture":"#4"},"south":{"uv":[14.38462,11.38462,14.15385,11.5],"texture":"#4"},"up":{"uv":[14.42308,2,14.30769,2.23077],"rotation":90,"texture":"#4"},"down":{"uv":[14.42308,2.69231,14.30769,2.46154],"rotation":270,"texture":"#4"}}},{"from":[9.84776,9.375,-0.625],"to":[11.34776,10.125,0.125],"rotation":{"angle":45,"axis":"z","origin":[8,9.75,-0.25]},"faces":{"north":{"uv":[14.30769,1.69231,14.53846,1.80769],"texture":"#4"},"south":{"uv":[14.15385,11.38462,14.38462,11.5],"texture":"#4"},"up":{"uv":[14.42308,2.23077,14.30769,2],"rotation":90,"texture":"#4"},"down":{"uv":[14.42308,2.46154,14.30769,2.69231],"rotation":270,"texture":"#4"}}},{"from":[11.34776,9.125,-0.875],"to":[11.84776,10.375,0.375],"rotation":{"angle":45,"axis":"z","origin":[8,9.75,-0.25]},"faces":{"north":{"uv":[10,14.92308,10.07692,15.11538],"texture":"#4"},"east":{"uv":[8,13.38462,8.19231,13.57692],"texture":"#4"},"south":{"uv":[14.92308,9.07692,15,9.26923],"texture":"#4"},"west":{"uv":[8.46154,13.38462,8.65385,13.57692],"texture":"#4"},"up":{"uv":[15.11538,8.53846,14.92308,8.46154],"rotation":90,"texture":"#4"},"down":{"uv":[15.11538,10.15385,14.92308,10.23077],"rotation":270,"texture":"#4"}}},{"from":[11.84776,9.125,-0.265],"to":[13.34776,10.375,-0.235],"rotation":{"angle":45,"axis":"z","origin":[8,9.75,-0.25]},"faces":{"north":{"uv":[12.61538,2.92308,12.84615,3.11538],"texture":"#4"},"south":{"uv":[12.84615,2.92308,12.61538,3.11538],"texture":"#4"}}},{"from":[4.15224,9.125,-0.875],"to":[4.65224,10.375,0.375],"rotation":{"angle":-45,"axis":"z","origin":[8,9.75,-0.25]},"faces":{"north":{"uv":[10.07692,14.92308,10,15.11538],"texture":"#4"},"east":{"uv":[8.65385,13.38462,8.46154,13.57692],"texture":"#4"},"south":{"uv":[15,9.07692,14.92308,9.26923],"texture":"#4"},"west":{"uv":[8.19231,13.38462,8,13.57692],"texture":"#4"},"up":{"uv":[15.11538,8.46154,14.92308,8.53846],"rotation":90,"texture":"#4"},"down":{"uv":[15.11538,10.23077,14.92308,10.15385],"rotation":270,"texture":"#4"}}},{"from":[2.65224,9.125,-0.265],"to":[4.15224,10.375,-0.235],"rotation":{"angle":-45,"axis":"z","origin":[8,9.75,-0.25]},"faces":{"north":{"uv":[12.84615,2.92308,12.61538,3.11538],"texture":"#4"},"south":{"uv":[12.61538,2.92308,12.84615,3.11538],"texture":"#4"}}},{"from":[4.65224,9.375,-0.625],"to":[6.15224,10.125,0.125],"rotation":{"angle":-45,"axis":"z","origin":[8,9.75,-0.25]},"faces":{"north":{"uv":[14.53846,1.69231,14.30769,1.80769],"texture":"#4"},"south":{"uv":[14.38462,11.38462,14.15385,11.5],"texture":"#4"},"up":{"uv":[14.42308,2,14.30769,2.23077],"rotation":90,"texture":"#4"},"down":{"uv":[14.42308,2.69231,14.30769,2.46154],"rotation":270,"texture":"#4"}}},{"from":[9.84776,9.375,-0.625],"to":[11.34776,10.125,0.125],"rotation":{"angle":-45,"axis":"z","origin":[8,9.75,-0.25]},"faces":{"north":{"uv":[14.30769,1.69231,14.53846,1.80769],"texture":"#4"},"south":{"uv":[14.15385,11.38462,14.38462,11.5],"texture":"#4"},"up":{"uv":[14.42308,2.23077,14.30769,2],"rotation":90,"texture":"#4"},"down":{"uv":[14.42308,2.46154,14.30769,2.69231],"rotation":270,"texture":"#4"}}},{"from":[11.34776,9.125,-0.875],"to":[11.84776,10.375,0.375],"rotation":{"angle":-45,"axis":"z","origin":[8,9.75,-0.25]},"faces":{"north":{"uv":[10,14.92308,10.07692,15.11538],"texture":"#4"},"east":{"uv":[8,13.38462,8.19231,13.57692],"texture":"#4"},"south":{"uv":[14.92308,9.07692,15,9.26923],"texture":"#4"},"west":{"uv":[8.46154,13.38462,8.65385,13.57692],"texture":"#4"},"up":{"uv":[15.11538,8.53846,14.92308,8.46154],"rotation":90,"texture":"#4"},"down":{"uv":[15.11538,10.15385,14.92308,10.23077],"rotation":270,"texture":"#4"}}},{"from":[11.84776,9.125,-0.265],"to":[13.34776,10.375,-0.235],"rotation":{"angle":-45,"axis":"z","origin":[8,9.75,-0.25]},"faces":{"north":{"uv":[12.61538,2.92308,12.84615,3.11538],"texture":"#4"},"south":{"uv":[12.84615,2.92308,12.61538,3.11538],"texture":"#4"}}},{"from":[7.375,5.90224,-0.875],"to":[8.625,6.40224,0.375],"rotation":{"angle":0,"axis":"x","origin":[8,9.75,-0.25]},"faces":{"north":{"uv":[10.07692,14.92308,10,15.11538],"rotation":90,"texture":"#4"},"east":{"uv":[15.11538,10.23077,14.92308,10.15385],"rotation":180,"texture":"#4"},"south":{"uv":[15,9.07692,14.92308,9.26923],"rotation":270,"texture":"#4"},"west":{"uv":[15.11538,8.46154,14.92308,8.53846],"texture":"#4"},"up":{"uv":[8.65385,13.38462,8.46154,13.57692],"rotation":270,"texture":"#4"},"down":{"uv":[8.19231,13.38462,8,13.57692],"rotation":270,"texture":"#4"}}},{"from":[7.375,4.40224,-0.265],"to":[8.625,5.90224,-0.235],"rotation":{"angle":0,"axis":"x","origin":[8,9.75,-0.25]},"faces":{"north":{"uv":[12.84615,2.92308,12.61538,3.11538],"rotation":90,"texture":"#4"},"south":{"uv":[12.61538,2.92308,12.84615,3.11538],"rotation":270,"texture":"#4"}}},{"from":[7.625,6.40224,-0.625],"to":[8.375,7.90224,0.125],"rotation":{"angle":0,"axis":"x","origin":[8,9.75,-0.25]},"faces":{"north":{"uv":[14.53846,1.69231,14.30769,1.80769],"rotation":90,"texture":"#4"},"east":{"uv":[14.42308,2.69231,14.30769,2.46154],"rotation":180,"texture":"#4"},"south":{"uv":[14.38462,11.38462,14.15385,11.5],"rotation":270,"texture":"#4"},"west":{"uv":[14.42308,2,14.30769,2.23077],"texture":"#4"}}},{"from":[7.625,11.59776,-0.625],"to":[8.375,13.09776,0.125],"rotation":{"angle":0,"axis":"x","origin":[8,9.75,-0.25]},"faces":{"north":{"uv":[14.30769,1.69231,14.53846,1.80769],"rotation":90,"texture":"#4"},"east":{"uv":[14.42308,2.46154,14.30769,2.69231],"rotation":180,"texture":"#4"},"south":{"uv":[14.15385,11.38462,14.38462,11.5],"rotation":270,"texture":"#4"},"west":{"uv":[14.42308,2.23077,14.30769,2],"texture":"#4"}}},{"from":[7.375,13.09776,-0.875],"to":[8.625,13.59776,0.375],"rotation":{"angle":0,"axis":"x","origin":[8,9.75,-0.25]},"faces":{"north":{"uv":[10,14.92308,10.07692,15.11538],"rotation":90,"texture":"#4"},"east":{"uv":[15.11538,10.15385,14.92308,10.23077],"rotation":180,"texture":"#4"},"south":{"uv":[14.92308,9.07692,15,9.26923],"rotation":270,"texture":"#4"},"west":{"uv":[15.11538,8.53846,14.92308,8.46154],"texture":"#4"},"up":{"uv":[8,13.38462,8.19231,13.57692],"rotation":270,"texture":"#4"},"down":{"uv":[8.46154,13.38462,8.65385,13.57692],"rotation":270,"texture":"#4"}}},{"from":[7.375,13.59776,-0.265],"to":[8.625,15.09776,-0.235],"rotation":{"angle":0,"axis":"x","origin":[8,9.75,-0.25]},"faces":{"north":{"uv":[12.61538,2.92308,12.84615,3.11538],"rotation":90,"texture":"#4"},"south":{"uv":[12.84615,2.92308,12.61538,3.11538],"rotation":270,"texture":"#4"}}},{"from":[7,7.33579,-0.75],"to":[9,8.33579,0.25],"rotation":{"angle":22.5,"axis":"z","origin":[8,9.75,-0.25]},"faces":{"north":{"uv":[10.15385,3.23077,10.46154,3.38462],"texture":"#4"},"east":{"uv":[10.15385,1.69231,10.30769,1.84615],"texture":"#4"},"south":{"uv":[9.69231,2.76923,10,2.92308],"texture":"#4"},"west":{"uv":[11.38462,1.23077,11.53846,1.38462],"texture":"#4"},"up":{"uv":[4.46154,10.46154,4.30769,10.15385],"rotation":90,"texture":"#4"},"down":{"uv":[10.76923,2.30769,10.61538,2.61538],"rotation":270,"texture":"#4"}}},{"from":[7,11.16421,-0.7415],"to":[9,12.16421,0.2415],"rotation":{"angle":-22.5,"axis":"z","origin":[8,9.75,-0.25]},"faces":{"north":{"uv":[12,4.15385,12.30769,4.30769],"texture":"#4"},"south":{"uv":[10.30769,9.07692,10.61538,9.23077],"texture":"#4"},"west":{"uv":[11.84615,11.23077,12,11.38462],"texture":"#4"},"up":{"uv":[12.46154,2.46154,12.30769,2.15385],"rotation":90,"texture":"#4"},"down":{"uv":[2.46154,12.30769,2.30769,12.61538],"rotation":270,"texture":"#4"}}},{"from":[7,11.16421,-0.7365],"to":[9,12.16421,0.2365],"rotation":{"angle":22.5,"axis":"z","origin":[8,9.75,-0.25]},"faces":{"north":{"uv":[12.30769,2.61538,12.61538,2.76923],"texture":"#4"},"south":{"uv":[12.15385,3.53846,12.46154,3.69231],"texture":"#4"},"up":{"uv":[3.84615,12.61538,3.69231,12.30769],"rotation":90,"texture":"#4"},"down":{"uv":[4.15385,12.30769,4,12.61538],"rotation":270,"texture":"#4"}}},{"from":[7,7.33579,-0.7365],"to":[9,8.33579,0.2365],"rotation":{"angle":-22.5,"axis":"z","origin":[8,9.75,-0.25]},"faces":{"north":{"uv":[4.30769,12.30769,4.61538,12.46154],"texture":"#4"},"south":{"uv":[12.30769,3.84615,12.61538,4],"texture":"#4"},"up":{"uv":[12.46154,7.07692,12.30769,6.76923],"rotation":90,"texture":"#4"},"down":{"uv":[12.46154,7.69231,12.30769,8],"rotation":270,"texture":"#4"}}},{"from":[9.41421,8.75,-0.7415],"to":[10.41421,10.75,0.2415],"rotation":{"angle":-22.5,"axis":"z","origin":[8,9.75,-0.25]},"faces":{"north":{"uv":[9.07692,12.30769,9.23077,12.61538],"texture":"#4"},"east":{"uv":[8.15385,12.30769,8.30769,12.61538],"texture":"#4"},"south":{"uv":[12.30769,8.15385,12.46154,8.46154],"texture":"#4"},"west":{"uv":[12.30769,8.61538,12.46154,8.92308],"texture":"#4"}}},{"from":[9.41421,8.75,-0.75],"to":[10.41421,10.75,0.25],"rotation":{"angle":22.5,"axis":"z","origin":[8,9.75,-0.25]},"faces":{"north":{"uv":[2.61538,12.46154,2.76923,12.76923],"texture":"#4"},"east":{"uv":[9.38462,12.30769,9.53846,12.61538],"texture":"#4"},"south":{"uv":[12.30769,10.61538,12.46154,10.92308],"texture":"#4"},"west":{"uv":[0.30769,12.46154,0.46154,12.76923],"texture":"#4"},"up":{"uv":[12.92308,2.76923,12.76923,2.61538],"rotation":90,"texture":"#4"},"down":{"uv":[12.92308,4.76923,12.76923,4.92308],"rotation":270,"texture":"#4"}}},{"from":[5.58579,8.75,-0.75],"to":[6.58579,10.75,0.25],"rotation":{"angle":-22.5,"axis":"z","origin":[8,9.75,-0.25]},"faces":{"north":{"uv":[4.76923,12.46154,4.92308,12.76923],"texture":"#4"},"east":{"uv":[2.92308,12.46154,3.07692,12.76923],"texture":"#4"},"south":{"uv":[12.46154,4.15385,12.61538,4.46154],"texture":"#4"},"west":{"uv":[12.46154,4.61538,12.61538,4.92308],"texture":"#4"},"up":{"uv":[11.53846,13.53846,11.38462,13.38462],"rotation":90,"texture":"#4"},"down":{"uv":[14.61538,9.69231,14.46154,9.84615],"rotation":270,"texture":"#4"}}},{"from":[5.58579,8.75,-0.7415],"to":[6.58579,10.75,0.2415],"rotation":{"angle":22.5,"axis":"z","origin":[8,9.75,-0.25]},"faces":{"north":{"uv":[6.61538,12.46154,6.76923,12.76923],"texture":"#4"},"east":{"uv":[5.07692,12.46154,5.23077,12.76923],"texture":"#4"},"south":{"uv":[12.46154,6.15385,12.61538,6.46154],"texture":"#4"},"west":{"uv":[6.30769,12.46154,6.46154,12.76923],"texture":"#4"},"down":{"uv":[14.61538,10,14.46154,10.15385],"rotation":270,"texture":"#4"}}},{"from":[7.625,7.36168,9.95474],"to":[8.375,7.61168,10.20474],"rotation":{"angle":-45,"axis":"x","origin":[8,7.86471,9.25]},"faces":{"north":{"uv":[2.76923,15.53846,2.88462,15.57692],"texture":"#4"},"east":{"uv":[15.53846,5.23077,15.57692,5.26923],"texture":"#4"},"south":{"uv":[15.53846,2.76923,15.65385,2.80769],"texture":"#4"},"west":{"uv":[15.53846,4.92308,15.57692,4.96154],"texture":"#4"},"down":{"uv":[3.11538,15.53846,3.07692,15.65385],"rotation":90,"texture":"#4"}}},{"from":[6.875,7.61168,7.95474],"to":[9.125,9.86168,10.20474],"rotation":{"angle":-45,"axis":"x","origin":[8,7.86471,9.25]},"faces":{"north":{"uv":[0.46154,10.76923,0.80769,11.11538],"texture":"#4"},"east":{"uv":[4.92308,10.76923,5.26923,11.11538],"texture":"#4"},"south":{"uv":[5.53846,10.76923,5.88462,11.11538],"texture":"#4"},"west":{"uv":[10.61538,10.30769,10.96154,10.65385],"texture":"#4"},"up":{"uv":[11.11538,7.26923,10.76923,6.92308],"rotation":270,"texture":"#4"},"down":{"uv":[11.11538,8.30769,10.76923,8.65385],"rotation":90,"texture":"#4"}}},{"from":[6.875,6.89692,8.97244],"to":[7.125,7.39692,10.22244],"rotation":{"angle":-22.5,"axis":"x","origin":[8,7.86471,9.25]},"faces":{"east":{"uv":[14.92308,10.92308,15.11538,11],"texture":"#4"},"south":{"uv":[15.53846,3.69231,15.57692,3.76923],"texture":"#4"},"west":{"uv":[10.30769,14.92308,10.5,15],"texture":"#4"},"up":{"uv":[15.57692,10.03846,15.38462,10],"rotation":270,"texture":"#4"},"down":{"uv":[15.57692,10.30769,15.38462,10.34615],"rotation":90,"texture":"#4"}}},{"from":[6.625,6.89692,8.22244],"to":[7.125,7.64692,8.97244],"rotation":{"angle":-22.5,"axis":"x","origin":[8,7.86471,9.25]},"faces":{"north":{"uv":[5.23077,15.38462,5.30769,15.5],"texture":"#4"},"east":{"uv":[6.92308,15.07692,7.03846,15.19231],"texture":"#4"},"south":{"uv":[5.53846,15.38462,5.61538,15.5],"texture":"#4"},"west":{"uv":[15.07692,6.30769,15.19231,6.42308],"texture":"#4"},"up":{"uv":[5.96154,15.46154,5.84615,15.38462],"rotation":270,"texture":"#4"},"down":{"uv":[15.5,6.15385,15.38462,6.23077],"rotation":90,"texture":"#4"}}},{"from":[8.875,6.89692,8.97244],"to":[9.125,7.39692,10.22244],"rotation":{"angle":-22.5,"axis":"x","origin":[8,7.86471,9.25]},"faces":{"east":{"uv":[13.38462,14.92308,13.57692,15],"texture":"#4"},"south":{"uv":[4,15.53846,4.03846,15.61538],"texture":"#4"},"west":{"uv":[14.92308,11.53846,15.11538,11.61538],"texture":"#4"},"up":{"uv":[10.80769,15.42308,10.61538,15.38462],"rotation":270,"texture":"#4"},"down":{"uv":[15.57692,10.61538,15.38462,10.65385],"rotation":90,"texture":"#4"}}},{"from":[8.875,6.89692,8.22244],"to":[9.375,7.64692,8.97244],"rotation":{"angle":-22.5,"axis":"x","origin":[8,7.86471,9.25]},"faces":{"north":{"uv":[6.92308,15.38462,7,15.5],"texture":"#4"},"east":{"uv":[15.07692,7.53846,15.19231,7.65385],"texture":"#4"},"south":{"uv":[7.23077,15.38462,7.30769,15.5],"texture":"#4"},"west":{"uv":[7.23077,15.07692,7.34615,15.19231],"texture":"#4"},"up":{"uv":[7.65385,15.46154,7.53846,15.38462],"rotation":270,"texture":"#4"},"down":{"uv":[15.5,7.53846,15.38462,7.61538],"rotation":90,"texture":"#4"}}},{"from":[7.125,6.89692,9.97244],"to":[8.875,7.64692,10.22244],"rotation":{"angle":-22.5,"axis":"x","origin":[8,7.86471,9.25]},"faces":{"north":{"uv":[14.15385,0,14.42308,0.11538],"texture":"#4"},"east":{"uv":[3.38462,15.53846,3.42308,15.65385],"texture":"#4"},"south":{"uv":[14.15385,0.30769,14.42308,0.42308],"texture":"#4"},"west":{"uv":[15.53846,3.07692,15.57692,3.19231],"texture":"#4"},"up":{"uv":[1.88462,15.65385,1.84615,15.38462],"rotation":270,"texture":"#4"},"down":{"uv":[4.96154,15.38462,4.92308,15.65385],"rotation":90,"texture":"#4"}}},{"from":[9.50718,8.07835,-1.66187],"to":[12.00718,9.56135,-0.17887],"rotation":{"angle":22.5,"axis":"y","origin":[14.15,8.81985,0.17999]},"faces":{"north":{"uv":[2.46154,11.23077,2.69231,11.61538],"rotation":270,"texture":"#4"},"east":{"uv":[12.38462,5.46154,12.15385,5.23077],"rotation":90,"texture":"#4"},"south":{"uv":[4,11.23077,4.23077,11.61538],"rotation":90,"texture":"#4"},"up":{"uv":[4.46154,11.23077,4.69231,11.61538],"rotation":90,"texture":"#4"},"down":{"uv":[11.23077,3.23077,11.46154,3.61538],"rotation":90,"texture":"#4"}}},{"from":[11.35098,8.32835,-1.02668],"to":[12.33398,9.31135,1.47332],"rotation":{"angle":-22.5,"axis":"y","origin":[14.15,8.81985,0.17999]},"faces":{"east":{"uv":[12,5.61538,11.84615,5.23077],"rotation":90,"texture":"#4"},"west":{"uv":[8,11.84615,7.84615,12.23077],"rotation":90,"texture":"#4"},"up":{"uv":[11.84615,4.46154,12.23077,4.61538],"rotation":90,"texture":"#4"},"down":{"uv":[11.84615,0.92308,12.23077,1.07692],"rotation":90,"texture":"#4"}}},{"from":[11.18516,8.07835,-2.48694],"to":[13.68516,9.56135,-1.00394],"rotation":{"angle":-22.5,"axis":"y","origin":[14.15,8.81985,0.17999]},"faces":{"north":{"uv":[9.23077,11.23077,9.46154,11.61538],"rotation":270,"texture":"#4"},"east":{"uv":[12.38462,5.92308,12.15385,5.69231],"rotation":90,"texture":"#4"},"south":{"uv":[11.38462,0,11.61538,0.38462],"rotation":90,"texture":"#4"},"west":{"uv":[12.38462,7.23077,12.15385,7.46154],"rotation":90,"texture":"#4"},"up":{"uv":[0.46154,11.38462,0.69231,11.76923],"rotation":90,"texture":"#4"},"down":{"uv":[11.23077,10.30769,11.46154,10.69231],"rotation":90,"texture":"#4"}}},{"from":[15.13828,8.20335,-1.26995],"to":[16.37128,9.43635,1.23005],"rotation":{"angle":45,"axis":"y","origin":[14.15,8.81985,0.17999]},"faces":{"east":{"uv":[5.11538,11.76923,4.92308,11.38462],"rotation":90,"texture":"#4"},"south":{"uv":[13.69231,1.38462,13.88462,1.57692],"rotation":90,"texture":"#4"},"west":{"uv":[11.57692,5.23077,11.38462,5.61538],"rotation":90,"texture":"#4"},"up":{"uv":[11.38462,4.76923,11.76923,4.96154],"rotation":90,"texture":"#4"},"down":{"uv":[11.23077,8.92308,11.61538,9.11538],"rotation":90,"texture":"#4"}}},{"from":[15.53817,8.32835,0.30963],"to":[16.52117,9.31135,2.30963],"rotation":{"angle":22.5,"axis":"y","origin":[14.15,8.81985,0.17999]},"faces":{"east":{"uv":[1.38462,12.92308,1.23077,12.61538],"rotation":90,"texture":"#4"},"south":{"uv":[6.61538,14.76923,6.76923,14.92308],"rotation":90,"texture":"#4"},"west":{"uv":[12.76923,1.53846,12.61538,1.84615],"rotation":90,"texture":"#4"},"up":{"uv":[12.61538,1.23077,12.92308,1.38462],"rotation":90,"texture":"#4"},"down":{"uv":[12.46154,0.92308,12.76923,1.07692],"rotation":90,"texture":"#4"}}},{"from":[11.78541,8.32835,-4.1589],"to":[12.78541,9.31135,-3.1759],"rotation":{"angle":22.5,"axis":"y","origin":[14.15,8.81985,0.17999]},"faces":{"north":{"uv":[6.92308,14.76923,7.07692,14.92308],"rotation":270,"texture":"#4"},"south":{"uv":[8.30769,14.76923,8.46154,14.92308],"rotation":90,"texture":"#4"},"west":{"uv":[9.07692,14.76923,8.92308,14.92308],"rotation":90,"texture":"#4"},"up":{"uv":[8.61538,14.76923,8.76923,14.92308],"rotation":90,"texture":"#4"},"down":{"uv":[7.23077,14.76923,7.38462,14.92308],"rotation":90,"texture":"#4"}}},{"from":[11.1905,8.20335,-3.36312],"to":[12.4405,9.43635,-2.13012],"rotation":{"angle":0,"axis":"y","origin":[14.15,8.81985,0.17999]},"faces":{"north":{"uv":[1.53846,13.69231,1.73077,13.88462],"rotation":270,"texture":"#4"},"south":{"uv":[13.69231,3.84615,13.88462,4.03846],"rotation":90,"texture":"#4"},"west":{"uv":[5.42308,13.69231,5.23077,13.88462],"rotation":90,"texture":"#4"},"up":{"uv":[13.69231,4.30769,13.88462,4.5],"rotation":90,"texture":"#4"},"down":{"uv":[3.69231,13.69231,3.88462,13.88462],"rotation":90,"texture":"#4"}}},{"from":[16.34765,8.45335,1.24011],"to":[17.08065,9.18635,2.74011],"rotation":{"angle":0,"axis":"y","origin":[14.15,8.81985,0.17999]},"faces":{"east":{"uv":[13.96154,14.53846,13.84615,14.30769],"rotation":90,"texture":"#4"},"south":{"uv":[15.07692,9.84615,15.19231,9.96154],"rotation":90,"texture":"#4"},"west":{"uv":[14.42308,13.84615,14.30769,14.07692],"rotation":90,"texture":"#4"},"up":{"uv":[14.30769,13.53846,14.53846,13.65385],"rotation":90,"texture":"#4"},"down":{"uv":[14.30769,13.23077,14.53846,13.34615],"rotation":90,"texture":"#4"}}},{"from":[16.34765,8.45335,2.74011],"to":[17.83065,9.18635,3.47311],"rotation":{"angle":0,"axis":"y","origin":[14.15,8.81985,0.17999]},"faces":{"north":{"uv":[14.15385,14.30769,14.26923,14.53846],"rotation":270,"texture":"#4"},"east":{"uv":[15.19231,10.57692,15.07692,10.46154],"rotation":90,"texture":"#4"},"south":{"uv":[1.38462,14.46154,1.5,14.69231],"rotation":90,"texture":"#4"},"west":{"uv":[10.88462,15.07692,10.76923,15.19231],"rotation":90,"texture":"#4"},"up":{"uv":[1.69231,14.46154,1.80769,14.69231],"rotation":90,"texture":"#4"},"down":{"uv":[0.61538,14.46154,0.73077,14.69231],"rotation":90,"texture":"#4"}}},{"from":[17.58065,8.45335,2.25711],"to":[17.83065,9.18635,2.74011],"rotation":{"angle":0,"axis":"y","origin":[14.15,8.81985,0.17999]},"faces":{"north":{"uv":[15.53846,3.38462,15.65385,3.42308],"rotation":270,"texture":"#4"},"east":{"uv":[9.80769,15.46154,9.69231,15.38462],"rotation":90,"texture":"#4"},"south":{"uv":[3.69231,15.53846,3.80769,15.57692],"rotation":90,"texture":"#4"},"west":{"uv":[15.5,9.69231,15.38462,9.76923],"rotation":90,"texture":"#4"},"up":{"uv":[15.53846,4.30769,15.61538,4.34615],"rotation":90,"texture":"#4"},"down":{"uv":[4.30769,15.53846,4.38462,15.57692],"rotation":90,"texture":"#4"}}},{"from":[12.55191,8.57835,-2.04832],"to":[14.80191,9.06135,-1.06532],"rotation":{"angle":22.5,"axis":"y","origin":[14.15,8.81985,0.17999]},"faces":{"south":{"uv":[2.61538,14.46154,2.69231,14.80769],"rotation":90,"texture":"#4"},"up":{"uv":[9.69231,12.15385,9.84615,12.5],"rotation":90,"texture":"#4"},"down":{"uv":[1.23077,12,1.38462,12.34615],"rotation":90,"texture":"#4"}}},{"from":[7.375,6.5,13.9],"to":[8.625,7,16.9],"rotation":{"angle":45,"axis":"x","origin":[7.625,6,14.15]},"faces":{"north":{"uv":[4.92308,15.07692,5.11538,15.15385],"texture":"#4"},"east":{"uv":[14,10.61538,14.46154,10.69231],"texture":"#4"},"south":{"uv":[5.84615,15.07692,6.03846,15.15385],"texture":"#4"},"west":{"uv":[10.76923,14,11.23077,14.07692],"texture":"#4"},"up":{"uv":[11.57692,1.07692,11.38462,0.61538],"texture":"#4"},"down":{"uv":[11.57692,2.15385,11.38462,2.61538],"texture":"#4"}}},{"from":[7.375,6.5,6],"to":[8.625,8,10],"rotation":{"angle":45,"axis":"x","origin":[7.625,6,7.75]},"faces":{"east":{"uv":[10.15385,2.76923,10.76923,3],"texture":"#4"},"south":{"uv":[5.23077,13.23077,5.42308,13.46154],"texture":"#4"},"west":{"uv":[10.15385,5.23077,10.76923,5.46154],"texture":"#4"},"up":{"uv":[11.11538,1.38462,10.92308,0.76923],"texture":"#4"},"down":{"uv":[1.73077,10.92308,1.53846,11.53846],"texture":"#4"}}},{"from":[7.745,4.88496,11.91682],"to":[8.255,6.13496,13.16682],"rotation":{"angle":45,"axis":"x","origin":[7.995,5.75996,13.66682]},"faces":{"north":{"uv":[6.30769,15.07692,6.38462,15.26923],"texture":"#4"},"east":{"uv":[5.69231,13.69231,5.88462,13.88462],"texture":"#4"},"west":{"uv":[13.69231,5.69231,13.88462,5.88462],"texture":"#4"},"up":{"uv":[6.69231,15.26923,6.61538,15.07692],"texture":"#4"}}},{"from":[7.75,6.51256,9.19454],"to":[8.25,7.26256,12.69454],"rotation":{"angle":0,"axis":"y","origin":[0,7.26256,0.19454]},"faces":{"east":{"uv":[11.38462,7.23077,11.92308,7.34615],"texture":"#4"},"west":{"uv":[11.53846,3.84615,12.07692,3.96154],"texture":"#4"},"up":{"uv":[12.07692,13.76923,12,13.23077],"texture":"#4"}}},{"from":[7.5,4.76256,9.69454],"to":[8.5,6.51256,16.19454],"rotation":{"angle":0,"axis":"y","origin":[0,7.26256,0.19454]},"faces":{"north":{"uv":[12.92308,13.23077,13.07692,13.5],"texture":"#4"},"east":{"uv":[7.69231,4.46154,8.69231,4.73077],"texture":"#4"},"west":{"uv":[8.92308,3.07692,9.92308,3.34615],"texture":"#4"},"up":{"uv":[8,10.69231,7.84615,9.69231],"texture":"#4"},"down":{"uv":[9.84615,8.30769,9.69231,9.30769],"texture":"#4"}}},{"from":[7.25,6.25,4.25],"to":[8.75,7.5,5.25],"rotation":{"angle":0,"axis":"y","origin":[0,7.5,-4.25]},"faces":{"north":{"uv":[5.69231,13.23077,5.92308,13.42308],"texture":"#4"},"east":{"uv":[10.15385,14.15385,10.30769,14.34615],"texture":"#4"},"south":{"uv":[13.23077,5.69231,13.46154,5.88462],"texture":"#4"},"west":{"uv":[10.46154,14.15385,10.61538,14.34615],"texture":"#4"},"down":{"uv":[11.61538,14,11.38462,14.15385],"texture":"#4"}}},{"from":[7.25,6.25,2.25],"to":[8.75,7.5,3.25],"rotation":{"angle":0,"axis":"y","origin":[0,7.5,-6.25]},"faces":{"north":{"uv":[13.23077,8.76923,13.46154,8.96154],"texture":"#4"},"east":{"uv":[14.15385,10.92308,14.30769,11.11538],"texture":"#4"},"south":{"uv":[9.07692,13.23077,9.30769,13.42308],"texture":"#4"},"west":{"uv":[0.30769,14.30769,0.46154,14.5],"texture":"#4"},"down":{"uv":[14.23077,11.69231,14,11.84615],"texture":"#4"}}},{"from":[7.25,6.25,0.25],"to":[8.75,7.5,1.25],"rotation":{"angle":0,"axis":"y","origin":[0,7.5,-8.25]},"faces":{"north":{"uv":[13.23077,9.23077,13.46154,9.42308],"texture":"#4"},"east":{"uv":[14.30769,0.92308,14.46154,1.11538],"texture":"#4"},"south":{"uv":[9.53846,13.23077,9.76923,13.42308],"texture":"#4"},"west":{"uv":[1.07692,14.30769,1.23077,14.5],"texture":"#4"},"down":{"uv":[12.07692,14,11.84615,14.15385],"texture":"#4"}}},{"from":[7.5,6.5,1.25],"to":[8.5,7.5,9.5],"rotation":{"angle":0,"axis":"y","origin":[0,7.5,0]},"faces":{"east":{"uv":[9.23077,7.38462,10.5,7.53846],"texture":"#4"},"west":{"uv":[9.23077,7.69231,10.5,7.84615],"texture":"#4"},"down":{"uv":[0.61538,9.23077,0.46154,10.5],"texture":"#4"}}},{"from":[7,7.5,0],"to":[9,8.5,9.5],"rotation":{"angle":0,"axis":"y","origin":[0,7.5,0]},"faces":{"north":{"uv":[12.61538,2,12.92308,2.15385],"texture":"#4"},"east":{"uv":[8.92308,3.53846,10.38462,3.69231],"texture":"#4"},"south":{"uv":[12.61538,2.30769,12.92308,2.46154],"texture":"#4"},"west":{"uv":[8.92308,3.84615,10.38462,4],"texture":"#4"},"up":{"uv":[8.61538,2.23077,8.30769,0.76923],"texture":"#4"},"down":{"uv":[5.07692,8.30769,4.76923,9.76923],"texture":"#4"}}},{"from":[-0.5,9,2.25],"to":[16.5,9.01,8.25],"rotation":{"angle":0,"axis":"y","origin":[8,9,4.75]},"faces":{"up":{"uv":[3.69231,0.92308,1.07692,0],"texture":"#4"},"down":{"uv":[3.69231,0,1.07692,0.92308],"texture":"#4"}}},{"from":[8.68725,7.81275,-0.25],"to":[9.93725,9.81275,1.75],"rotation":{"angle":0,"axis":"y","origin":[13.75,8.81275,0.05499]},"faces":{"north":{"uv":[11.84615,6.76923,12.03846,7.07692],"texture":"#4"},"east":{"uv":[0,11.07692,0.30769,11.38462],"texture":"#4"},"south":{"uv":[11.84615,7.84615,12.03846,8.15385],"texture":"#4"},"west":{"uv":[3.07692,11.07692,3.38462,11.38462],"texture":"#4"},"up":{"uv":[8.34615,12.15385,8.15385,11.84615],"texture":"#4"},"down":{"uv":[12.03846,8.30769,11.84615,8.61538],"texture":"#4"}}},{"from":[3.99282,8.07835,-1.66187],"to":[6.49282,9.56135,-0.17887],"rotation":{"angle":-22.5,"axis":"y","origin":[1.85,8.81985,0.17999]},"faces":{"north":{"uv":[2.46154,11.61538,2.69231,11.23077],"rotation":270,"texture":"#4"},"south":{"uv":[4,11.61538,4.23077,11.23077],"rotation":90,"texture":"#4"},"west":{"uv":[12.38462,5.23077,12.15385,5.46154],"rotation":90,"texture":"#4"},"up":{"uv":[4.46154,11.61538,4.69231,11.23077],"rotation":90,"texture":"#4"},"down":{"uv":[11.23077,3.61538,11.46154,3.23077],"rotation":90,"texture":"#4"}}},{"from":[-1.83065,8.45335,2.74011],"to":[-0.34765,9.18635,3.47311],"rotation":{"angle":0,"axis":"y","origin":[1.85,8.81985,0.17999]},"faces":{"north":{"uv":[14.15385,14.53846,14.26923,14.30769],"rotation":270,"texture":"#4"},"east":{"uv":[10.88462,15.19231,10.76923,15.07692],"rotation":90,"texture":"#4"},"south":{"uv":[1.38462,14.69231,1.5,14.46154],"rotation":90,"texture":"#4"},"west":{"uv":[15.19231,10.46154,15.07692,10.57692],"rotation":90,"texture":"#4"},"up":{"uv":[1.69231,14.69231,1.80769,14.46154],"rotation":90,"texture":"#4"},"down":{"uv":[0.61538,14.69231,0.73077,14.46154],"rotation":90,"texture":"#4"}}},{"from":[-1.08065,8.45335,1.24011],"to":[-0.34765,9.18635,2.74011],"rotation":{"angle":0,"axis":"y","origin":[1.85,8.81985,0.17999]},"faces":{"east":{"uv":[14.42308,14.07692,14.30769,13.84615],"rotation":90,"texture":"#4"},"south":{"uv":[15.07692,9.96154,15.19231,9.84615],"rotation":90,"texture":"#4"},"west":{"uv":[13.96154,14.30769,13.84615,14.53846],"rotation":90,"texture":"#4"},"up":{"uv":[14.30769,13.65385,14.53846,13.53846],"rotation":90,"texture":"#4"},"down":{"uv":[14.30769,13.34615,14.53846,13.23077],"rotation":90,"texture":"#4"}}},{"from":[-1.83065,8.45335,2.25711],"to":[-1.58065,9.18635,2.74011],"rotation":{"angle":0,"axis":"y","origin":[1.85,8.81985,0.17999]},"faces":{"north":{"uv":[15.53846,3.42308,15.65385,3.38462],"rotation":270,"texture":"#4"},"east":{"uv":[15.5,9.76923,15.38462,9.69231],"rotation":90,"texture":"#4"},"south":{"uv":[3.69231,15.57692,3.80769,15.53846],"rotation":90,"texture":"#4"},"west":{"uv":[9.80769,15.38462,9.69231,15.46154],"rotation":90,"texture":"#4"},"up":{"uv":[15.53846,4.34615,15.61538,4.30769],"rotation":90,"texture":"#4"},"down":{"uv":[4.30769,15.57692,4.38462,15.53846],"rotation":90,"texture":"#4"}}},{"from":[-0.52117,8.32835,0.30963],"to":[0.46183,9.31135,2.30963],"rotation":{"angle":-22.5,"axis":"y","origin":[1.85,8.81985,0.17999]},"faces":{"east":{"uv":[12.76923,1.84615,12.61538,1.53846],"rotation":90,"texture":"#4"},"south":{"uv":[6.61538,14.92308,6.76923,14.76923],"rotation":90,"texture":"#4"},"west":{"uv":[1.38462,12.61538,1.23077,12.92308],"rotation":90,"texture":"#4"},"up":{"uv":[12.61538,1.38462,12.92308,1.23077],"rotation":90,"texture":"#4"},"down":{"uv":[12.46154,1.07692,12.76923,0.92308],"rotation":90,"texture":"#4"}}},{"from":[-0.37128,8.20335,-1.26995],"to":[0.86172,9.43635,1.23005],"rotation":{"angle":-45,"axis":"y","origin":[1.85,8.81985,0.17999]},"faces":{"east":{"uv":[11.57692,5.61538,11.38462,5.23077],"rotation":90,"texture":"#4"},"south":{"uv":[13.69231,1.57692,13.88462,1.38462],"rotation":90,"texture":"#4"},"west":{"uv":[5.11538,11.38462,4.92308,11.76923],"rotation":90,"texture":"#4"},"up":{"uv":[11.38462,4.96154,11.76923,4.76923],"rotation":90,"texture":"#4"},"down":{"uv":[11.23077,9.11538,11.61538,8.92308],"rotation":90,"texture":"#4"}}},{"from":[2.31484,8.07835,-2.48694],"to":[4.81484,9.56135,-1.00394],"rotation":{"angle":22.5,"axis":"y","origin":[1.85,8.81985,0.17999]},"faces":{"north":{"uv":[9.23077,11.61538,9.46154,11.23077],"rotation":270,"texture":"#4"},"east":{"uv":[12.38462,7.46154,12.15385,7.23077],"rotation":90,"texture":"#4"},"south":{"uv":[11.38462,0.38462,11.61538,0],"rotation":90,"texture":"#4"},"west":{"uv":[12.38462,5.69231,12.15385,5.92308],"rotation":90,"texture":"#4"},"up":{"uv":[0.46154,11.76923,0.69231,11.38462],"rotation":90,"texture":"#4"},"down":{"uv":[11.23077,10.69231,11.46154,10.30769],"rotation":90,"texture":"#4"}}},{"from":[1.19809,8.57835,-2.04832],"to":[3.44809,9.06135,-1.06532],"rotation":{"angle":-22.5,"axis":"y","origin":[1.85,8.81985,0.17999]},"faces":{"south":{"uv":[2.61538,14.80769,2.69231,14.46154],"rotation":90,"texture":"#4"},"up":{"uv":[9.69231,12.5,9.84615,12.15385],"rotation":90,"texture":"#4"},"down":{"uv":[1.23077,12.34615,1.38462,12],"rotation":90,"texture":"#4"}}},{"from":[3.66602,8.32835,-1.02668],"to":[4.64902,9.31135,1.47332],"rotation":{"angle":22.5,"axis":"y","origin":[1.85,8.81985,0.17999]},"faces":{"east":{"uv":[8,12.23077,7.84615,11.84615],"rotation":90,"texture":"#4"},"west":{"uv":[12,5.23077,11.84615,5.61538],"rotation":90,"texture":"#4"},"up":{"uv":[11.84615,4.61538,12.23077,4.46154],"rotation":90,"texture":"#4"},"down":{"uv":[11.84615,1.07692,12.23077,0.92308],"rotation":90,"texture":"#4"}}},{"from":[3.5595,8.20335,-3.36312],"to":[4.8095,9.43635,-2.13012],"rotation":{"angle":0,"axis":"y","origin":[1.85,8.81985,0.17999]},"faces":{"north":{"uv":[1.53846,13.88462,1.73077,13.69231],"rotation":270,"texture":"#4"},"east":{"uv":[5.42308,13.88462,5.23077,13.69231],"rotation":90,"texture":"#4"},"south":{"uv":[13.69231,4.03846,13.88462,3.84615],"rotation":90,"texture":"#4"},"up":{"uv":[13.69231,4.5,13.88462,4.30769],"rotation":90,"texture":"#4"},"down":{"uv":[3.69231,13.88462,3.88462,13.69231],"rotation":90,"texture":"#4"}}},{"from":[3.21459,8.32835,-4.1589],"to":[4.21459,9.31135,-3.1759],"rotation":{"angle":-22.5,"axis":"y","origin":[1.85,8.81985,0.17999]},"faces":{"north":{"uv":[6.92308,14.92308,7.07692,14.76923],"rotation":270,"texture":"#4"},"east":{"uv":[9.07692,14.92308,8.92308,14.76923],"rotation":90,"texture":"#4"},"south":{"uv":[8.30769,14.92308,8.46154,14.76923],"rotation":90,"texture":"#4"},"up":{"uv":[8.61538,14.92308,8.76923,14.76923],"rotation":90,"texture":"#4"},"down":{"uv":[7.23077,14.92308,7.38462,14.76923],"rotation":90,"texture":"#4"}}},{"from":[6.06275,7.81275,-0.25],"to":[7.31275,9.81275,1.75],"rotation":{"angle":0,"axis":"y","origin":[2.25,8.81275,0.05499]},"faces":{"north":{"uv":[12.03846,6.76923,11.84615,7.07692],"texture":"#4"},"east":{"uv":[3.38462,11.07692,3.07692,11.38462],"texture":"#4"},"south":{"uv":[12.03846,7.84615,11.84615,8.15385],"texture":"#4"},"west":{"uv":[0.30769,11.07692,0,11.38462],"texture":"#4"},"up":{"uv":[8.15385,12.15385,8.34615,11.84615],"texture":"#4"},"down":{"uv":[11.84615,8.30769,12.03846,8.61538],"texture":"#4"}}},{"from":[6.00368,6.92219,11.44874],"to":[8.00368,11.92219,11.45874],"rotation":{"angle":45,"axis":"y","origin":[5.00368,6.92219,11.44874]},"faces":{"north":{"uv":[0,0,2.66667,6.66667],"texture":"#1"},"south":{"uv":[2.66667,0,0,6.66667],"texture":"#1"}}},{"from":[5.71079,6.92219,10.74163],"to":[5.72079,11.92219,12.74163],"rotation":{"angle":0,"axis":"y","origin":[5.71079,6.92219,13.74163]},"faces":{"east":{"uv":[5.33333,0,2.66667,6.66667],"texture":"#1"},"west":{"uv":[2.66667,0,5.33333,6.66667],"texture":"#1"}}},{"from":[6.41789,6.92219,12.44874],"to":[6.42789,11.92219,14.44874],"rotation":{"angle":45,"axis":"y","origin":[6.41789,9.42219,13.44874]},"faces":{"east":{"uv":[8,0,5.33333,6.66667],"texture":"#1"},"west":{"uv":[5.33333,0,8,6.66667],"texture":"#1"}}},{"from":[7.12207,6.92219,14.14877],"to":[7.13207,11.92219,16.14877],"rotation":{"angle":0,"axis":"y","origin":[7.12207,9.42219,15.14877]},"faces":{"east":{"uv":[10.66667,0,8,6.66667],"texture":"#1"},"west":{"uv":[8,0,10.66667,6.66667],"texture":"#1"}}},{"from":[8.86793,6.92219,14.14877],"to":[8.87793,11.92219,16.14877],"rotation":{"angle":0,"axis":"y","origin":[8.87793,9.42219,15.14877]},"faces":{"east":{"uv":[10.66667,0,8,6.66667],"texture":"#1"},"west":{"uv":[8,0,10.66667,6.66667],"texture":"#1"}}},{"from":[9.57211,6.92219,12.44874],"to":[9.58211,11.92219,14.44874],"rotation":{"angle":-45,"axis":"y","origin":[9.58211,9.42219,13.44874]},"faces":{"east":{"uv":[8,0,5.33333,6.66667],"texture":"#1"},"west":{"uv":[5.33333,0,8,6.66667],"texture":"#1"}}},{"from":[10.27921,6.92219,10.74163],"to":[10.28921,11.92219,12.74163],"rotation":{"angle":0,"axis":"y","origin":[10.28921,6.92219,13.74163]},"faces":{"east":{"uv":[5.33333,0,2.66667,6.66667],"texture":"#1"},"west":{"uv":[2.66667,0,5.33333,6.66667],"texture":"#1"}}},{"from":[7.99632,6.92219,11.44874],"to":[9.99632,11.92219,11.45874],"rotation":{"angle":-45,"axis":"y","origin":[10.99632,6.92219,11.44874]},"faces":{"north":{"uv":[2.66667,0,0,6.66667],"texture":"#1"},"south":{"uv":[0,0,2.66667,6.66667],"texture":"#1"}}}],"gui_light":"front","display":{"thirdperson_righthand":{"translation":[-0.5,1.75,0.25]},"thirdperson_lefthand":{"translation":[-0.5,1.75,0.25]},"firstperson_righthand":{"rotation":[0,-12.25,0],"translation":[9,2.5,3.25],"scale":[0.7,0.7,0.7]},"firstperson_lefthand":{"rotation":[0,-12.25,0],"translation":[9,2.5,3.25],"scale":[0.7,0.7,0.7]},"ground":{"rotation":[35,0,0],"translation":[0,5,0],"scale":[0.7,0.7,0.7]},"gui":{"rotation":[90,-45,0],"translation":[-2.75,-2.5,0]},"fixed":{"rotation":[-90,0,0],"translation":[0,0,-3.75],"scale":[2,2,2]}},"groups":[{"name":"crossbow","origin":[7.625,10.625,12.34776],"color":0,"children":[0,1,2,3,4,5,6,7,8,9,10,11,12,13,14,15,16,17,18,19,20,21,22,23,24,25,26,27,28,29,30,31,32,33,34,35,36,37,38,39,40,41,42,43,44,45,46,47,48,49,50,51,52,53,54,55,56,57,58,59,60,61,62,63,64,65,66,67,68,69,70,71,72,73,74,75,76,77,78,79,80,81]}],"USER":"9700","NONCE":"56cfdabb5cde77cc1275fe16ba34e1a6","TIMESTAMP":"1747020989","RESOURCE":"13935","MCMODELS":"1","mcmodels":"56cfdabb5cde77cc1275fe16ba34e1a6"}