{"textures​":{"1":"\u0070\u006c\u006e\u0079_\u0073\u0070\u0065\u0063\u0074\u0072\u0061\u006c_\u0063\u006f\u0072\u0073\u0061\u0069\u0072:\u0070\u0069\u0072\u0061\u0074\u0065_\u0068\u0061\u0074","\u0070\u0061\u0072\u0074\u0069\u0063\u006c\u0065":"#1"},"credit":"Pologony Creation Co.,Ltd.","texture_size":[40,40],"\u0074\u0065\u0078\u0074\u0075\u0072\u0065\u0073":{"1":"\u0070\u006c\u006e\u0079_\u0073\u0070\u0065\u0063\u0074\u0072\u0061\u006c_\u0063\u006f\u0072\u0073\u0061\u0069\u0072:\u0070\u0069\u0072\u0061\u0074\u0065_\u0068\u0061\u0074","\u0070\u0061\u0072\u0074\u0069\u0063\u006c\u0065":"#1"},"elements":[{"from":[3,5,3],"to":[13,11,13],"rotation":{"angle":0,"axis":"y","origin":[3,5,3]},"faces":{"north":{"uv":[4.4,0,8.4,2.4],"texture":"#1"},"east":{"uv":[4.4,2.8,8.4,5.2],"texture":"#1"},"south":{"uv":[4.4,5.6,8.4,8],"texture":"#1"},"west":{"uv":[4.4,8.4,8.4,10.8],"texture":"#1"},"up":{"uv":[4,4,0,0],"texture":"#1"},"down":{"uv":[4,4.4,0,8.4],"texture":"#1"}}},{"from":[13,7.001,3],"to":[14,7.011,13],"rotation":{"angle":0,"axis":"y","origin":[23,7.001,3]},"faces":{"up":{"uv":[3.2,12.8,2.8,8.8],"texture":"#1"},"down":{"uv":[4,8.8,3.6,12.8],"texture":"#1"}}},{"from":[14.37344,6.92871,2],"to":[14.38344,10.92871,13],"rotation":{"angle":-22.5,"axis":"z","origin":[14.37344,7.92871,8]},"faces":{"east":{"uv":[8.8,4.8,13.2,6.4],"texture":"#1"},"west":{"uv":[13.2,4.8,8.8,6.4],"texture":"#1"}}},{"from":[1.61656,6.92871,2],"to":[1.62656,10.92871,13],"rotation":{"angle":22.5,"axis":"z","origin":[1.62656,7.92871,8]},"faces":{"east":{"uv":[8.8,4.8,13.2,6.4],"texture":"#1"},"west":{"uv":[13.2,4.8,8.8,6.4],"texture":"#1"}}},{"from":[2,7.001,3],"to":[3,7.011,13],"rotation":{"angle":0,"axis":"y","origin":[-7,7.001,3]},"faces":{"up":{"uv":[2.8,12.8,3.2,8.8],"texture":"#1"},"down":{"uv":[3.6,8.8,4,12.8],"texture":"#1"}}},{"from":[2,7.001,2],"to":[14,7.011,3],"rotation":{"angle":0,"axis":"y","origin":[23,7.001,-7]},"faces":{"up":{"uv":[13.6,9.6,8.8,9.2],"texture":"#1"},"down":{"uv":[13.6,10,8.8,10.4],"texture":"#1"}}},{"from":[2,7.001,2],"to":[14,12.001,2.01],"rotation":{"angle":0,"axis":"x","origin":[8,7.501,2]},"faces":{"north":{"uv":[8.8,0,13.6,2],"texture":"#1"},"south":{"uv":[8.8,2.4,13.6,4.4],"texture":"#1"}}},{"from":[13.25,7.001,7],"to":[13.26,17.001,12.5],"rotation":{"angle":22.5,"axis":"x","origin":[13.25,11.001,9]},"faces":{"east":{"uv":[0,8.8,2.2,12.8],"texture":"#1"},"west":{"uv":[2.2,8.8,0,12.8],"texture":"#1"}}},{"from":[3.5,0.5,3.5],"to":[5.5,5,3.51],"rotation":{"angle":0,"axis":"y","origin":[5.5,1,3.5]},"faces":{"north":{"uv":[10.8,6.8,11.6,8.6],"texture":"#1"},"south":{"uv":[11.6,6.8,10.8,8.6],"texture":"#1"}}},{"from":[3.5,0.5,3.5],"to":[3.51,5,7.5],"rotation":{"angle":0,"axis":"y","origin":[3.5,1,3.5]},"faces":{"east":{"uv":[10.4,6.8,8.8,8.6],"texture":"#1"},"west":{"uv":[8.8,6.8,10.4,8.6],"texture":"#1"}}}],"gui_light":"front","display":{"thirdperson_righthand":{"rotation":[64,0,0],"translation":[0,3.25,1],"scale":[0.7,0.7,0.7]},"thirdperson_lefthand":{"rotation":[64,0,0],"translation":[0,3.25,1],"scale":[0.7,0.7,0.7]},"firstperson_righthand":{"rotation":[141.75,0,180],"translation":[0,1.5,0],"scale":[0.8,0.8,0.8]},"firstperson_lefthand":{"rotation":[141.75,0,180],"translation":[0,1.5,0],"scale":[0.8,0.8,0.8]},"ground":{"translation":[0,5,0]},"gui":{"rotation":[35,135,0],"scale":[1.16,1.16,1.16]},"head":{"translation":[0,4.75,0],"scale":[1.6,1.6,1.6]},"fixed":{"rotation":[-90,0,0],"translation":[0,0,-6],"scale":[2,2,2]}},"mcmodels":"56cfdabb5cde77cc1275fe16ba34e1a6"}