{"credit":"Made with Blockbench","texture_size":[64,64],"textures":{"0":"elitecreatures:thanks_giving_2023_v1/staff_texture","particle":"elitecreatures:thanks_giving_2023_v1/staff_texture"},"elements":[{"from":[7.30298,3.43701,6.5],"to":[11.30298,11.43701,10.5],"rotation":{"angle":22.5,"axis":"z","origin":[8,9.20008,8.5]},"faces":{"north":{"uv":[1,5.75,2,7.75],"texture":"#0"},"east":{"uv":[5.5,6,6.5,8],"texture":"#0"},"south":{"uv":[5.5,4,6.5,6],"texture":"#0"},"west":{"uv":[0,5.75,1,7.75],"texture":"#0"},"up":{"uv":[8,10,7,9],"rotation":180,"texture":"#0"},"down":{"uv":[4.75,9.25,3.75,10.25],"rotation":180,"texture":"#0"}}},{"from":[8.5,-7,7.5],"to":[10.5,-2,9.5],"rotation":{"angle":0,"axis":"y","origin":[8,9.20008,8.5]},"faces":{"north":{"uv":[10.5,6.75,11,8],"texture":"#0"},"east":{"uv":[10.5,8,11,9.25],"texture":"#0"},"south":{"uv":[6,10.5,6.5,11.75],"texture":"#0"},"west":{"uv":[6.5,10.5,7,11.75],"texture":"#0"},"up":{"uv":[3,10.5,2.5,10],"rotation":180,"texture":"#0"},"down":{"uv":[11.5,3,11,3.5],"rotation":180,"texture":"#0"}}},{"from":[14.5092,-8.81013,7.525],"to":[16.5092,-4.81013,9.475],"rotation":{"angle":-22.5,"axis":"z","origin":[8,9.20008,8.5]},"faces":{"north":{"uv":[4,11,4.5,12],"texture":"#0"},"east":{"uv":[4.5,11,5,12],"texture":"#0"},"south":{"uv":[10.75,10.75,11.25,11.75],"texture":"#0"},"west":{"uv":[3.5,11,4,12],"texture":"#0"},"up":{"uv":[11.5,8.75,11,8.25],"rotation":180,"texture":"#0"},"down":{"uv":[11.5,8.75,11,9.25],"rotation":180,"texture":"#0"}}},{"from":[14.0092,-11.81013,7],"to":[17.0092,-8.81013,10],"rotation":{"angle":-22.5,"axis":"z","origin":[8,9.20008,8.5]},"faces":{"north":{"uv":[10.75,1.5,11.5,2.25],"texture":"#0"},"east":{"uv":[7,10.75,7.75,11.5],"texture":"#0"},"south":{"uv":[0.75,10.75,1.5,11.5],"texture":"#0"},"west":{"uv":[1.5,10.75,2.25,11.5],"texture":"#0"},"up":{"uv":[8.5,11.5,7.75,10.75],"rotation":180,"texture":"#0"},"down":{"uv":[9.25,10.75,8.5,11.5],"rotation":180,"texture":"#0"}}},{"from":[9.41236,-1.12776,7],"to":[12.41236,4.87224,10],"rotation":{"angle":0,"axis":"y","origin":[8,9.20008,8.5]},"faces":{"north":{"uv":[5.5,9,6.25,10.5],"texture":"#0"},"east":{"uv":[6.25,9,7,10.5],"texture":"#0"},"south":{"uv":[9,1.5,9.75,3],"texture":"#0"},"west":{"uv":[3,9,3.75,10.5],"texture":"#0"},"up":{"uv":[11.25,10.75,10.5,10],"rotation":180,"texture":"#0"},"down":{"uv":[0.75,10.75,0,11.5],"rotation":180,"texture":"#0"}}},{"from":[-1.35965,-1.04604,7.25],"to":[3.64035,1.45396,9.75],"rotation":{"angle":45,"axis":"z","origin":[8,9.20008,8.5]},"faces":{"north":{"uv":[7,10,8.25,10.625],"texture":"#0"},"east":{"uv":[11,7.5,11.625,8.125],"texture":"#0"},"south":{"uv":[10,3.5,11.25,4.125],"texture":"#0"},"west":{"uv":[11,6.75,11.625,7.375],"texture":"#0"},"up":{"uv":[9.5,10.625,8.25,10],"rotation":180,"texture":"#0"},"down":{"uv":[5,10.25,3.75,10.875],"rotation":180,"texture":"#0"}}},{"from":[6.5,18,1.5],"to":[10.5,23,15.5],"rotation":{"angle":0,"axis":"y","origin":[8,9.20008,8.5]},"faces":{"north":{"uv":[8.5,7.5,9.5,8.75],"texture":"#0"},"east":{"uv":[0,0,3.5,1.25],"texture":"#0"},"south":{"uv":[3,7.75,4,9],"texture":"#0"},"west":{"uv":[3.5,0,0,1.25],"texture":"#0"},"up":{"uv":[3.5,3.5,0,2.5],"rotation":90,"texture":"#0"},"down":{"uv":[3.5,3.5,0,4.5],"rotation":270,"texture":"#0"}}},{"from":[4,25,4],"to":[13,29,13],"rotation":{"angle":0,"axis":"y","origin":[8,9.20008,8.5]},"faces":{"north":{"uv":[16,3.25,13.75,2.25],"texture":"#0"},"east":{"uv":[16,3.25,13.75,2.25],"texture":"#0"},"south":{"uv":[16,3.25,13.75,2.25],"texture":"#0"},"west":{"uv":[16,3.25,13.75,2.25],"texture":"#0"},"up":{"uv":[16,2.25,13.75,0],"rotation":90,"texture":"#0"},"down":{"uv":[16,5.5,13.75,3.25],"rotation":270,"texture":"#0"}}},{"from":[15.46292,26.9188,8],"to":[16.96292,29.9188,9.5],"rotation":{"angle":22.5,"axis":"z","origin":[8,9.20008,8.5]},"faces":{"north":{"uv":[11.5,1.375,11.875,2.125],"texture":"#0"},"east":{"uv":[11.5,1.375,11.875,2.125],"texture":"#0"},"south":{"uv":[11.5,1.375,11.875,2.125],"texture":"#0"},"west":{"uv":[11.5,1.375,11.875,2.125],"texture":"#0"},"up":{"uv":[11.5,2.125,11.875,2.5],"rotation":180,"texture":"#0"},"down":{"uv":[11.5,2.125,11.875,2.5],"rotation":180,"texture":"#0"}}},{"from":[2.82322,27,8.67678],"to":[7.82322,32,8.67678],"rotation":{"angle":45,"axis":"y","origin":[8,9.20008,8.5]},"faces":{"north":{"uv":[12.5,0.25,13.75,1.5],"texture":"#0"},"east":{"uv":[11.5,1,11.5,2.25],"texture":"#0"},"south":{"uv":[13.75,0.25,12.5,1.5],"texture":"#0"},"west":{"uv":[11.5,1,11.5,2.25],"texture":"#0"},"up":{"uv":[11.5,1.75,13.5,1.75],"rotation":180,"texture":"#0"},"down":{"uv":[11.5,1.75,13.5,1.75],"rotation":180,"texture":"#0"}}},{"from":[0,26,8.75],"to":[8,31,8.75],"rotation":{"angle":0,"axis":"y","origin":[8,9.20008,8.5]},"faces":{"north":{"uv":[11.625,0.25,13.625,1.5],"texture":"#0"},"east":{"uv":[11.5,1,11.5,2.25],"texture":"#0"},"south":{"uv":[13.625,0.25,11.625,1.5],"texture":"#0"},"west":{"uv":[11.5,1,11.5,2.25],"texture":"#0"},"up":{"uv":[11.5,1.75,13.5,1.75],"rotation":180,"texture":"#0"},"down":{"uv":[11.5,1.75,13.5,1.75],"rotation":180,"texture":"#0"}}},{"from":[7.5,18.03612,-1.55484],"to":[7.5,21.03612,7.44516],"rotation":{"angle":-22.5,"axis":"x","origin":[8,9.20008,8.5]},"faces":{"north":{"uv":[0,0,0.75,0],"rotation":270,"texture":"#0"},"east":{"uv":[4.75,7,4,9.25],"rotation":90,"texture":"#0"},"south":{"uv":[0,0,0.75,0],"rotation":270,"texture":"#0"},"west":{"uv":[4,7,4.75,9.25],"rotation":270,"texture":"#0"},"up":{"uv":[0,0,0,2.25],"texture":"#0"},"down":{"uv":[0,0,0,2.25],"rotation":180,"texture":"#0"}}},{"from":[9.5,10.49912,0.01575],"to":[9.5,16.49912,4.01575],"rotation":{"angle":22.5,"axis":"x","origin":[8,9.20008,8.5]},"faces":{"north":{"uv":[0,0,0,2.25],"rotation":180,"texture":"#0"},"east":{"uv":[1,11.5,0,13],"rotation":180,"texture":"#0"},"south":{"uv":[0,0,0,2.25],"rotation":180,"texture":"#0"},"west":{"uv":[0,11.5,1,13],"rotation":180,"texture":"#0"},"up":{"uv":[0,0,0.75,0],"rotation":270,"texture":"#0"},"down":{"uv":[0,0,0.75,0],"rotation":90,"texture":"#0"}}},{"from":[8.5,2.78652,-1.50066],"to":[8.5,13.78652,4.49934],"rotation":{"angle":45,"axis":"x","origin":[8,9.20008,8.5]},"faces":{"north":{"uv":[0,0,0,2.25],"rotation":180,"texture":"#0"},"east":{"uv":[1.5,13.25,0,16],"rotation":180,"texture":"#0"},"south":{"uv":[0,0,0,2.25],"rotation":180,"texture":"#0"},"west":{"uv":[0,13.25,1.5,16],"rotation":180,"texture":"#0"},"up":{"uv":[0,0,0.75,0],"rotation":270,"texture":"#0"},"down":{"uv":[0,0,0.75,0],"rotation":90,"texture":"#0"}}},{"from":[7.5,18.03612,9.55484],"to":[7.5,21.03612,18.55484],"rotation":{"angle":22.5,"axis":"x","origin":[8,9.20008,8.5]},"faces":{"north":{"uv":[0,0,0.75,0],"rotation":270,"texture":"#0"},"east":{"uv":[4.75,9.25,4,7],"rotation":90,"texture":"#0"},"south":{"uv":[0,0,0.75,0],"rotation":270,"texture":"#0"},"west":{"uv":[4,9.25,4.75,7],"rotation":270,"texture":"#0"},"up":{"uv":[0,2.25,0,0],"texture":"#0"},"down":{"uv":[0,2.25,0,0],"rotation":180,"texture":"#0"}}},{"from":[9.5,10.49912,12.98425],"to":[9.5,16.49912,16.98425],"rotation":{"angle":-22.5,"axis":"x","origin":[8,9.20008,8.5]},"faces":{"north":{"uv":[0,0,0,2.25],"rotation":180,"texture":"#0"},"east":{"uv":[0,11.5,1,13],"rotation":180,"texture":"#0"},"south":{"uv":[0,0,0,2.25],"rotation":180,"texture":"#0"},"west":{"uv":[1,11.5,0,13],"rotation":180,"texture":"#0"},"up":{"uv":[0.75,0,0,0],"rotation":270,"texture":"#0"},"down":{"uv":[0.75,0,0,0],"rotation":90,"texture":"#0"}}},{"from":[8.5,2.78652,12.50066],"to":[8.5,13.78652,18.50066],"rotation":{"angle":-45,"axis":"x","origin":[8,9.20008,8.5]},"faces":{"north":{"uv":[0,0,0,2.25],"rotation":180,"texture":"#0"},"east":{"uv":[0,13.25,1.5,16],"rotation":180,"texture":"#0"},"south":{"uv":[0,0,0,2.25],"rotation":180,"texture":"#0"},"west":{"uv":[1.5,13.25,0,16],"rotation":180,"texture":"#0"},"up":{"uv":[0.75,0,0,0],"rotation":270,"texture":"#0"},"down":{"uv":[0.75,0,0,0],"rotation":90,"texture":"#0"}}},{"from":[6.525,15.57524,-9.71743],"to":[10.475,19.57524,-1.71743],"rotation":{"angle":22.5,"axis":"x","origin":[8,9.20008,8.5]},"faces":{"north":{"uv":[8.5,8.75,9.5,10],"texture":"#0"},"east":{"uv":[0,4.5,2,5.75],"texture":"#0"},"south":{"uv":[2,8.75,3,10],"texture":"#0"},"west":{"uv":[5.5,0,7.5,1.25],"texture":"#0"},"up":{"uv":[8.5,7,6.5,6],"rotation":90,"texture":"#0"},"down":{"uv":[4,6.75,2,7.75],"rotation":270,"texture":"#0"}}},{"from":[7.5,8.11845,-15.5],"to":[9.5,12.11845,-7.5],"rotation":{"angle":45,"axis":"x","origin":[8,9.20008,8.5]},"faces":{"north":{"uv":[10.25,10.75,10.75,11.75],"texture":"#0"},"east":{"uv":[7,2.5,9,3.5],"texture":"#0"},"south":{"uv":[8,9,8.5,10],"texture":"#0"},"west":{"uv":[9,2.5,7,3.5],"texture":"#0"},"up":{"uv":[11,3.5,9,3],"rotation":90,"texture":"#0"},"down":{"uv":[11.75,2.5,9.75,3],"rotation":270,"texture":"#0"}}},{"from":[10.5,16.82524,-4.71743],"to":[12.5,18.82524,-2.71743],"rotation":{"angle":22.5,"axis":"x","origin":[8,9.20008,8.5]},"faces":{"north":{"uv":[8,2,8.5,2.5],"texture":"#0"},"east":{"uv":[7,3.5,7.5,4],"texture":"#0"},"south":{"uv":[7.5,2,8,2.5],"texture":"#0"},"west":{"uv":[7.5,3.5,8,4],"texture":"#0"},"up":{"uv":[8.5,4,8,3.5],"rotation":90,"texture":"#0"},"down":{"uv":[9,2,8.5,2.5],"rotation":270,"texture":"#0"}}},{"from":[6.525,15.57524,18.71743],"to":[10.475,19.57524,26.71743],"rotation":{"angle":-22.5,"axis":"x","origin":[8,9.20008,8.5]},"faces":{"north":{"uv":[3,8.75,2,10],"texture":"#0"},"east":{"uv":[2,4.5,0,5.75],"texture":"#0"},"south":{"uv":[9.5,8.75,8.5,10],"texture":"#0"},"west":{"uv":[7.5,0,5.5,1.25],"texture":"#0"},"up":{"uv":[6.5,7,8.5,6],"rotation":90,"texture":"#0"},"down":{"uv":[2,6.75,4,7.75],"rotation":270,"texture":"#0"}}},{"from":[7.5,21.9916,17.99275],"to":[9.5,25.9916,25.99275],"rotation":{"angle":-45,"axis":"x","origin":[8.5,23.9916,21.99275]},"faces":{"north":{"uv":[8.5,9,8,10],"texture":"#0"},"east":{"uv":[9,2.5,7,3.5],"texture":"#0"},"south":{"uv":[10.75,10.75,10.25,11.75],"texture":"#0"},"west":{"uv":[7,2.5,9,3.5],"texture":"#0"},"up":{"uv":[9,3.5,11,3],"rotation":90,"texture":"#0"},"down":{"uv":[9.75,2.5,11.75,3],"rotation":270,"texture":"#0"}}},{"from":[10.5,16.82524,19.71743],"to":[12.5,18.82524,21.71743],"rotation":{"angle":-22.5,"axis":"x","origin":[8,9.20008,8.5]},"faces":{"north":{"uv":[8,2,7.5,2.5],"texture":"#0"},"east":{"uv":[7.5,3.5,7,4],"texture":"#0"},"south":{"uv":[8.5,2,8,2.5],"texture":"#0"},"west":{"uv":[8,3.5,7.5,4],"texture":"#0"},"up":{"uv":[8,4,8.5,3.5],"rotation":90,"texture":"#0"},"down":{"uv":[8.5,2,9,2.5],"rotation":270,"texture":"#0"}}},{"from":[6.5,15,6.5],"to":[10.5,18,10.5],"rotation":{"angle":0,"axis":"y","origin":[8,9.20008,8.5]},"faces":{"north":{"uv":[10.5,4.25,11.5,5],"texture":"#0"},"east":{"uv":[10.5,0,11.5,0.75],"texture":"#0"},"south":{"uv":[10.5,0.75,11.5,1.5],"texture":"#0"},"west":{"uv":[11.5,0,10.5,0.75],"texture":"#0"},"up":{"uv":[10.5,8.5,9.5,7.5],"rotation":90,"texture":"#0"},"down":{"uv":[10.5,8.5,9.5,9.5],"rotation":270,"texture":"#0"}}},{"from":[6.5,23,6.5],"to":[10.5,26,10.5],"rotation":{"angle":0,"axis":"y","origin":[8,9.20008,8.5]},"faces":{"north":{"uv":[10.5,4.25,11.5,5],"texture":"#0"},"east":{"uv":[10.5,0,11.5,0.75],"texture":"#0"},"south":{"uv":[10.5,0.75,11.5,1.5],"texture":"#0"},"west":{"uv":[11.5,0,10.5,0.75],"texture":"#0"},"up":{"uv":[10.5,8.5,9.5,7.5],"rotation":90,"texture":"#0"},"down":{"uv":[10.5,8.5,9.5,9.5],"rotation":270,"texture":"#0"}}},{"from":[5.5,11,5.5],"to":[11.5,15,11.5],"rotation":{"angle":0,"axis":"y","origin":[8,9.20008,8.5]},"faces":{"north":{"uv":[2,4.5,3.5,5.5],"texture":"#0"},"east":{"uv":[7.5,0,9,1],"texture":"#0"},"south":{"uv":[2,4.5,3.5,5.5],"texture":"#0"},"west":{"uv":[7.5,0,9,1],"texture":"#0"},"up":{"uv":[7,4,5.5,2.5],"rotation":180,"texture":"#0"},"down":{"uv":[5.5,5.5,4,7],"rotation":180,"texture":"#0"}}},{"from":[6,15.69033,12.49025],"to":[11,18.69033,20.49025],"rotation":{"angle":-45,"axis":"x","origin":[8,9.20008,8.5]},"faces":{"north":{"uv":[1.25,10,2.5,10.75],"texture":"#0"},"east":{"uv":[8.5,4.5,10.5,5.25],"texture":"#0"},"south":{"uv":[0,10,1.25,10.75],"texture":"#0"},"west":{"uv":[8.5,5.25,10.5,6],"texture":"#0"},"up":{"uv":[7.5,2.5,5.5,1.25],"rotation":90,"texture":"#0"},"down":{"uv":[4,5.5,2,6.75],"rotation":270,"texture":"#0"}}},{"from":[5.5,15.69033,-3.49025],"to":[11.5,18.69033,4.50975],"rotation":{"angle":45,"axis":"x","origin":[8,9.20008,8.5]},"faces":{"north":{"uv":[9,0.75,10.5,1.5],"texture":"#0"},"east":{"uv":[8.5,6,10.5,6.75],"texture":"#0"},"south":{"uv":[9,0,10.5,0.75],"texture":"#0"},"west":{"uv":[8.5,6.75,10.5,7.5],"texture":"#0"},"up":{"uv":[5.5,1.5,3.5,0],"rotation":90,"texture":"#0"},"down":{"uv":[5.5,1.5,3.5,3],"rotation":270,"texture":"#0"}}},{"from":[11.5,15.69033,-0.99025],"to":[12.5,18.69033,2.00975],"rotation":{"angle":45,"axis":"x","origin":[8,9.20008,8.5]},"faces":{"north":{"uv":[15,5.5,15.25,6.25],"texture":"#0"},"east":{"uv":[15.25,5.5,16,6.25],"texture":"#0"},"south":{"uv":[15.25,6.25,15,5.5],"texture":"#0"},"west":{"uv":[15.25,5.5,16,6.25],"texture":"#0"},"up":{"uv":[15.25,6.25,16,6.5],"rotation":90,"texture":"#0"},"down":{"uv":[16,6.5,15.25,6.25],"rotation":270,"texture":"#0"}}}],"gui_light":"front","display":{"thirdperson_righthand":{"rotation":[35,39,10],"translation":[-1,-0.75,3.25],"scale":[0.6,0.6,0.6]},"thirdperson_lefthand":{"rotation":[35,39,10],"translation":[-1,-0.75,3.25],"scale":[0.6,0.6,0.6]},"firstperson_righthand":{"rotation":[0,-159,-7],"translation":[4.75,1.25,-5],"scale":[0.5,0.5,0.5]},"firstperson_lefthand":{"rotation":[0,-159,-7],"translation":[4.75,1.25,-5],"scale":[0.5,0.5,0.5]},"ground":{"rotation":[0,0,90],"translation":[1.25,0.25,0],"scale":[0.5,0.5,0.5]},"gui":{"rotation":[-71,-135,-98],"translation":[2,-1.75,-1.25],"scale":[0.38336,0.38336,0.38336]},"head":{"rotation":[90,-168,90],"translation":[-0.5,11.75,0],"scale":[0.56,0.56,0.56]},"fixed":{"rotation":[0,90,0],"translation":[0,-2.25,-2.25],"scale":[0.87,0.87,0.87]}}}