{"elements":[{"from":[7.857143,-5.333334,6.5714283],"to":[9.571428,8.380953,9.428572],"rotation":{"angle":0.0,"axis":"y","origin":[11.0,5.2380953,8.0]},"faces":{"east":{"uv":[1.375,6.0,0.75,9.0],"rotation":0,"texture":"#0","tintindex":0},"south":{"uv":[7.125,0.0,6.75,3.0],"rotation":0,"texture":"#0","tintindex":0},"north":{"uv":[7.125,0.0,6.75,3.0],"rotation":0,"texture":"#0","tintindex":0},"west":{"uv":[1.375,6.0,0.75,9.0],"rotation":0,"texture":"#0","tintindex":0},"up":{"uv":[4.75,3.625,5.125,3.0],"rotation":0,"texture":"#0","tintindex":0},"down":{"uv":[4.75,3.75,5.125,4.375],"rotation":0,"texture":"#0","tintindex":0}}},{"from":[7.857143,-11.619047,7.142857],"to":[14.714286,-1.9047623,7.142857],"rotation":{"angle":0.0,"axis":"y","origin":[11.0,4.6666665,8.571428]},"faces":{"east":{"uv":[7.875,7.75,7.875,9.875],"rotation":0,"texture":"#0","tintindex":0},"south":{"uv":[0.0,0.0,1.5,2.125],"rotation":0,"texture":"#0","tintindex":0},"north":{"uv":[1.5,0.0,0.0,2.125],"rotation":0,"texture":"#0","tintindex":0},"west":{"uv":[7.75,7.75,7.75,9.875],"rotation":0,"texture":"#0","tintindex":0},"up":{"uv":[8.0,7.75,9.5,7.75],"rotation":0,"texture":"#0","tintindex":0},"down":{"uv":[8.0,7.875,9.5,7.875],"rotation":0,"texture":"#0","tintindex":0}}},{"from":[7.857143,-11.619047,8.857143],"to":[14.714286,-1.9047623,8.857143],"rotation":{"angle":0.0,"axis":"y","origin":[11.0,4.6666665,10.285714]},"faces":{"east":{"uv":[7.875,7.75,7.875,9.875],"rotation":0,"texture":"#0","tintindex":0},"south":{"uv":[0.0,0.0,1.5,2.125],"rotation":0,"texture":"#0","tintindex":0},"north":{"uv":[1.5,0.0,0.0,2.125],"rotation":0,"texture":"#0","tintindex":0},"west":{"uv":[7.75,7.75,7.75,9.875],"rotation":0,"texture":"#0","tintindex":0},"up":{"uv":[8.0,7.75,9.5,7.75],"rotation":0,"texture":"#0","tintindex":0},"down":{"uv":[8.0,7.875,9.5,7.875],"rotation":0,"texture":"#0","tintindex":0}}}],"textures":{"0":"modelengine:entity/ender_ripper"},"display":{"head":{"translation":[0.0,-6.4,0.0],"scale":[4.0,4.0,4.0]}}}