{"textures":{"0":"modelengine:entity/end_scuttler","particle":"#0"},"elements":[{"from":[1.0,11.111111,-0.83333206],"to":[7.0,19.11111,-0.83333206],"faces":{"south":{"uv":[4.875,9.625,4.125,10.625],"tintindex":0,"rotation":0,"texture":"#0"},"north":{"uv":[4.125,9.625,4.875,10.625],"tintindex":0,"rotation":0,"texture":"#0"}}},{"from":[9.0,11.111111,-0.83333206],"to":[15.0,19.11111,-0.83333206],"faces":{"south":{"uv":[4.125,9.625,4.875,10.625],"tintindex":0,"rotation":0,"texture":"#0"},"north":{"uv":[4.875,9.625,4.125,10.625],"tintindex":0,"rotation":0,"texture":"#0"}}},{"from":[1.0,0.111111164,-0.83333206],"to":[7.0,4.111111,-0.83333206],"faces":{"south":{"uv":[3.375,10.5,2.625,11.0],"tintindex":0,"rotation":0,"texture":"#0"},"north":{"uv":[2.625,10.5,3.375,11.0],"tintindex":0,"rotation":0,"texture":"#0"}}},{"from":[1.0,11.111111,-0.83333206],"to":[1.0,19.11111,5.166668],"faces":{"east":{"uv":[10.375,7.5,9.625,8.5],"tintindex":0,"rotation":0,"texture":"#0"},"west":{"uv":[9.625,7.5,10.375,8.5],"tintindex":0,"rotation":0,"texture":"#0"}}},{"from":[15.0,11.111111,-0.83333206],"to":[15.0,19.11111,5.166668],"faces":{"east":{"uv":[10.375,7.5,9.625,8.5],"tintindex":0,"rotation":0,"texture":"#0"},"west":{"uv":[9.625,7.5,10.375,8.5],"tintindex":0,"rotation":0,"texture":"#0"}}},{"from":[1.0,0.111111164,-0.83333206],"to":[1.0,4.111111,5.166668],"faces":{"east":{"uv":[11.25,7.5,10.5,8.0],"tintindex":0,"rotation":0,"texture":"#0"},"west":{"uv":[10.5,7.5,11.25,8.0],"tintindex":0,"rotation":0,"texture":"#0"}}},{"from":[9.0,0.111111164,-0.83333206],"to":[15.0,4.111111,-0.83333206],"faces":{"south":{"uv":[2.625,10.5,3.375,11.0],"tintindex":0,"rotation":0,"texture":"#0"},"north":{"uv":[3.375,10.5,2.625,11.0],"tintindex":0,"rotation":0,"texture":"#0"}}},{"from":[15.0,0.111111164,-0.83333206],"to":[15.0,4.111111,5.166668],"faces":{"east":{"uv":[11.25,7.5,10.5,8.0],"tintindex":0,"rotation":0,"texture":"#0"},"west":{"uv":[10.5,7.5,11.25,8.0],"tintindex":0,"rotation":0,"texture":"#0"}}},{"from":[1.0,4.111111,-0.83333206],"to":[15.0,11.111111,8.166668],"faces":{"east":{"uv":[9.5,2.0,10.625,2.875],"tintindex":0,"rotation":0,"texture":"#0"},"south":{"uv":[1.125,8.0,2.875,8.875],"tintindex":0,"rotation":0,"texture":"#0"},"north":{"uv":[7.75,5.0,9.5,5.875],"tintindex":0,"rotation":0,"texture":"#0"},"west":{"uv":[2.875,9.5,4.0,10.375],"tintindex":0,"rotation":0,"texture":"#0"},"up":{"uv":[8.25,7.5,6.5,6.375],"tintindex":0,"rotation":0,"texture":"#0"},"down":{"uv":[1.75,6.75,0.0,7.875],"tintindex":0,"rotation":0,"texture":"#0"}}}],"display":{"head":{"rotation":[0.0,0.0,0.0]},"firstperson_righthand":{"rotation":[0.0,0.0,0.0]},"thirdperson_lefthand":{"rotation":[0.0,-0.0,-0.0]},"firstperson_lefthand":{"rotation":[0.0,-0.0,-0.0]},"fixed":{"rotation":[0.0,0.0,0.0]},"ground":{"rotation":[0.0,0.0,0.0]},"thirdperson_righthand":{"rotation":[0.0,0.0,0.0]},"gui":{"rotation":[-150.0,-45.0,180.0]}}}