{"credit":"Made with Blockbench","texture_size":[128,128],"textures":{"0":"elitecreatures:scarecrow_animated_weapon_set/scarecrow_texture","1":"elitecreatures:scarecrow_animated_weapon_set/scarecrow_animation_01","4":"elitecreatures:scarecrow_animated_weapon_set/scarecrow_animation_04","5":"elitecreatures:scarecrow_animated_weapon_set/scarecrow_animation_03","particle":"elitecreatures:scarecrow_animated_weapon_set/scarecrow_texture"},"elements":[{"from":[8.75,-5.1,7],"to":[8.75,-0.1,9],"rotation":{"angle":0,"axis":"y","origin":[11.5,20,4.5]},"faces":{"north":{"uv":[0,4,0,4.625],"texture":"#0"},"east":{"uv":[0.5625,0.1875,0.3125,0.8125],"texture":"#0"},"south":{"uv":[0,4,0,4.625],"texture":"#0"},"west":{"uv":[1.25,0.1875,1.5,0.8125],"texture":"#0"},"up":{"uv":[0,5,0,5.25],"texture":"#0"},"down":{"uv":[0,5,0,5.25],"texture":"#0"}}},{"from":[7.25,-5.1,7],"to":[7.25,-0.1,9],"rotation":{"angle":0,"axis":"y","origin":[4.5,20,4.5]},"faces":{"north":{"uv":[0,4,0,4.625],"texture":"#0"},"east":{"uv":[1.5,0.1875,1.25,0.8125],"texture":"#0"},"south":{"uv":[0,4,0,4.625],"texture":"#0"},"west":{"uv":[0.3125,0.1875,0.5625,0.8125],"texture":"#0"},"up":{"uv":[0,5,0,5.25],"texture":"#0"},"down":{"uv":[0,5,0,5.25],"texture":"#0"}}},{"from":[7.25,-5.1,7],"to":[8.75,-0.1,7],"rotation":{"angle":0,"axis":"y","origin":[11.5,20,4.5]},"faces":{"north":{"uv":[1,1.375,0.8125,0.75],"texture":"#0"},"east":{"uv":[0,4,0,4.625],"texture":"#0"},"south":{"uv":[1.9375,1.375,2.125,0.75],"texture":"#0"},"west":{"uv":[0,4,0,4.625],"texture":"#0"},"up":{"uv":[0,5.1875,0,5],"rotation":90,"texture":"#0"},"down":{"uv":[0,5.1875,0,5],"rotation":270,"texture":"#0"}}},{"from":[7.25,-5.1,9],"to":[8.75,-0.1,9],"rotation":{"angle":0,"axis":"y","origin":[11.5,20,6.5]},"faces":{"north":{"uv":[2.125,1.375,1.9375,0.75],"texture":"#0"},"east":{"uv":[0,4,0,4.625],"texture":"#0"},"south":{"uv":[0.8125,1.375,1,0.75],"texture":"#0"},"west":{"uv":[0,4,0,4.625],"texture":"#0"},"up":{"uv":[0,5.1875,0,5],"rotation":90,"texture":"#0"},"down":{"uv":[0,5.1875,0,5],"rotation":270,"texture":"#0"}}},{"from":[7,0.3,6.75],"to":[9,5.3,9.25],"rotation":{"angle":0,"axis":"y","origin":[16,7,-2.5]},"faces":{"north":{"uv":[5.9375,2.125,5.6875,2.75],"texture":"#0"},"east":{"uv":[5.6875,2.125,5.375,2.75],"texture":"#0"},"south":{"uv":[5.9375,2.125,5.6875,2.75],"texture":"#0"},"west":{"uv":[5.6875,2.125,5.375,2.75],"texture":"#0"},"up":{"uv":[6.1875,2,5.9375,2.3125],"texture":"#0"},"down":{"uv":[6.1875,2,5.9375,2.3125],"texture":"#0"}}},{"from":[9,5.3,6.75],"to":[9,6.8,9.25],"rotation":{"angle":-22.5,"axis":"z","origin":[9,5.3,8]},"faces":{"north":{"uv":[5.9375,2,5.6875,2.875],"texture":"#0"},"east":{"uv":[6.6875,1.8125,6.375,2],"texture":"#0"},"south":{"uv":[5.9375,2,5.6875,2.875],"texture":"#0"},"west":{"uv":[6.375,1.8125,6.6875,2],"texture":"#0"},"up":{"uv":[6.1875,2,5.9375,2.3125],"texture":"#0"},"down":{"uv":[6.1875,2,5.9375,2.3125],"texture":"#0"}}},{"from":[7,5.3,6.75],"to":[7,6.8,9.25],"rotation":{"angle":22.5,"axis":"z","origin":[7,5.3,8]},"faces":{"north":{"uv":[5.6875,2,5.9375,2.875],"texture":"#0"},"east":{"uv":[6.6875,1.8125,6.375,2],"texture":"#0"},"south":{"uv":[5.6875,2,5.9375,2.875],"texture":"#0"},"west":{"uv":[6.375,1.8125,6.6875,2],"texture":"#0"},"up":{"uv":[5.9375,2,6.1875,2.3125],"texture":"#0"},"down":{"uv":[5.9375,2,6.1875,2.3125],"texture":"#0"}}},{"from":[7,5.3,6.8],"to":[9,6.8,6.8],"rotation":{"angle":-22.5,"axis":"x","origin":[8.3,5.3,6.8]},"faces":{"north":{"uv":[6.625,1.8125,6.375,2],"texture":"#0"},"east":{"uv":[5.6875,2,5.6875,2.1875],"texture":"#0"},"south":{"uv":[6.375,1.8125,6.625,2],"texture":"#0"},"west":{"uv":[5.6875,2,5.6875,2.1875],"texture":"#0"},"up":{"uv":[5.9375,2.25,5.9375,2],"rotation":90,"texture":"#0"},"down":{"uv":[5.9375,2.25,5.9375,2],"rotation":270,"texture":"#0"}}},{"from":[7,5.3,9.2],"to":[9,6.8,9.2],"rotation":{"angle":22.5,"axis":"x","origin":[8.3,5.3,9.2]},"faces":{"north":{"uv":[6.625,1.8125,6.375,2],"texture":"#0"},"east":{"uv":[5.6875,2,5.6875,2.1875],"texture":"#0"},"south":{"uv":[6.375,1.8125,6.625,2],"texture":"#0"},"west":{"uv":[5.6875,2,5.6875,2.1875],"texture":"#0"},"up":{"uv":[5.9375,2.25,5.9375,2],"rotation":90,"texture":"#0"},"down":{"uv":[5.9375,2.25,5.9375,2],"rotation":270,"texture":"#0"}}},{"from":[7,-1.1,6.8],"to":[9,0.4,6.8],"rotation":{"angle":22.5,"axis":"x","origin":[8.3,0.4,6.8]},"faces":{"north":{"uv":[6.625,2,6.375,1.8125],"texture":"#0"},"east":{"uv":[5.6875,2.1875,5.6875,2],"texture":"#0"},"south":{"uv":[6.375,2,6.625,1.8125],"texture":"#0"},"west":{"uv":[5.6875,2.1875,5.6875,2],"texture":"#0"},"up":{"uv":[5.9375,2.25,5.9375,2],"rotation":270,"texture":"#0"},"down":{"uv":[5.9375,2.25,5.9375,2],"rotation":90,"texture":"#0"}}},{"from":[7,-1.1,9.2],"to":[9,0.4,9.2],"rotation":{"angle":-22.5,"axis":"x","origin":[8.3,0.4,9.2]},"faces":{"north":{"uv":[6.625,2,6.375,1.8125],"texture":"#0"},"east":{"uv":[5.6875,2.1875,5.6875,2],"texture":"#0"},"south":{"uv":[6.375,2,6.625,1.8125],"texture":"#0"},"west":{"uv":[5.6875,2.1875,5.6875,2],"texture":"#0"},"up":{"uv":[5.9375,2.25,5.9375,2],"rotation":270,"texture":"#0"},"down":{"uv":[5.9375,2.25,5.9375,2],"rotation":90,"texture":"#0"}}},{"from":[7,-1.2,6.75],"to":[7,0.3,9.25],"rotation":{"angle":-22.5,"axis":"z","origin":[7,0.3,8]},"faces":{"north":{"uv":[5.6875,2.875,5.9375,2],"texture":"#0"},"east":{"uv":[6.6875,2,6.375,1.8125],"texture":"#0"},"south":{"uv":[5.6875,2.875,5.9375,2],"texture":"#0"},"west":{"uv":[6.375,2,6.6875,1.8125],"texture":"#0"},"up":{"uv":[5.9375,2.3125,6.1875,2],"texture":"#0"},"down":{"uv":[5.9375,2.3125,6.1875,2],"texture":"#0"}}},{"from":[9,-1.2,6.75],"to":[9,0.3,9.25],"rotation":{"angle":22.5,"axis":"z","origin":[9,0.3,8]},"faces":{"north":{"uv":[5.9375,2.875,5.6875,2],"texture":"#0"},"east":{"uv":[6.6875,2,6.375,1.8125],"texture":"#0"},"south":{"uv":[5.9375,2.875,5.6875,2],"texture":"#0"},"west":{"uv":[6.375,2,6.6875,1.8125],"texture":"#0"},"up":{"uv":[6.1875,2.3125,5.9375,2],"texture":"#0"},"down":{"uv":[6.1875,2.3125,5.9375,2],"texture":"#0"}}},{"from":[8,8.3,8.05],"to":[10,15.3,10.55],"rotation":{"angle":0,"axis":"y","origin":[9,11.8,9.3]},"faces":{"north":{"uv":[5.9375,2,5.6875,2.875],"texture":"#0"},"east":{"uv":[5.6875,2,5.375,2.875],"texture":"#0"},"south":{"uv":[5.9375,2,5.6875,2.875],"texture":"#0"},"west":{"uv":[5.6875,2,5.375,2.875],"texture":"#0"},"up":{"uv":[6.1875,2,5.9375,2.3125],"texture":"#0"},"down":{"uv":[6.1875,2,5.9375,2.3125],"texture":"#0"}}},{"from":[8,8.3,5.55],"to":[10,15.3,8.05],"rotation":{"angle":0,"axis":"y","origin":[9,11.8,9.3]},"faces":{"north":{"uv":[5.9375,2,5.6875,2.875],"texture":"#0"},"east":{"uv":[5.6875,2,5.375,2.875],"texture":"#0"},"south":{"uv":[5.9375,2,5.6875,2.875],"texture":"#0"},"west":{"uv":[5.6875,2,5.375,2.875],"texture":"#0"},"up":{"uv":[6.1875,2,5.9375,2.3125],"texture":"#0"},"down":{"uv":[6.1875,2,5.9375,2.3125],"texture":"#0"}}},{"from":[8.58449,6.68374,8.05],"to":[8.58449,8.18374,10.55],"rotation":{"angle":22.5,"axis":"z","origin":[9,11.8,9.3]},"faces":{"north":{"uv":[5.9375,2.875,5.6875,2],"texture":"#0"},"east":{"uv":[6.6875,2,6.375,1.8125],"texture":"#0"},"south":{"uv":[5.9375,2.875,5.6875,2],"texture":"#0"},"west":{"uv":[6.375,2,6.6875,1.8125],"texture":"#0"},"up":{"uv":[6.1875,2.3125,5.9375,2],"texture":"#0"},"down":{"uv":[6.1875,2.3125,5.9375,2],"texture":"#0"}}},{"from":[8,6.69959,9.10753],"to":[10,8.19959,9.10753],"rotation":{"angle":-22.5,"axis":"x","origin":[9,11.8,9.3]},"faces":{"north":{"uv":[6.625,2,6.375,1.8125],"texture":"#0"},"east":{"uv":[5.6875,2.1875,5.6875,2],"texture":"#0"},"south":{"uv":[6.375,2,6.625,1.8125],"texture":"#0"},"west":{"uv":[5.6875,2.1875,5.6875,2],"texture":"#0"},"up":{"uv":[5.9375,2.25,5.9375,2],"rotation":270,"texture":"#0"},"down":{"uv":[5.9375,2.25,5.9375,2],"rotation":90,"texture":"#0"}}},{"from":[8,6.69959,6.99247],"to":[10,8.19959,6.99247],"rotation":{"angle":22.5,"axis":"x","origin":[9,11.8,6.8]},"faces":{"north":{"uv":[6.625,2,6.375,1.8125],"texture":"#0"},"east":{"uv":[5.6875,2.1875,5.6875,2],"texture":"#0"},"south":{"uv":[6.375,2,6.625,1.8125],"texture":"#0"},"west":{"uv":[5.6875,2.1875,5.6875,2],"texture":"#0"},"up":{"uv":[5.9375,2.25,5.9375,2],"rotation":270,"texture":"#0"},"down":{"uv":[5.9375,2.25,5.9375,2],"rotation":90,"texture":"#0"}}},{"from":[8.78449,15.21626,8.05],"to":[8.78449,16.91626,10.55],"rotation":{"angle":-22.5,"axis":"z","origin":[9,11.8,9.3]},"faces":{"north":{"uv":[5.9375,2,5.6875,2.875],"texture":"#0"},"east":{"uv":[6.6875,1.8125,6.375,2],"texture":"#0"},"south":{"uv":[5.9375,2,5.6875,2.875],"texture":"#0"},"west":{"uv":[6.375,1.8125,6.6875,2],"texture":"#0"},"up":{"uv":[6.1875,2,5.9375,2.3125],"texture":"#0"},"down":{"uv":[6.1875,2,5.9375,2.3125],"texture":"#0"}}},{"from":[8.58449,6.68374,5.55],"to":[8.58449,8.18374,8.05],"rotation":{"angle":22.5,"axis":"z","origin":[9,11.8,6.8]},"faces":{"north":{"uv":[5.9375,2.875,5.6875,2],"texture":"#0"},"east":{"uv":[6.6875,2,6.375,1.8125],"texture":"#0"},"south":{"uv":[5.9375,2.875,5.6875,2],"texture":"#0"},"west":{"uv":[6.375,2,6.6875,1.8125],"texture":"#0"},"up":{"uv":[6.1875,2.3125,5.9375,2],"texture":"#0"},"down":{"uv":[6.1875,2.3125,5.9375,2],"texture":"#0"}}},{"from":[8.78449,15.21626,5.55],"to":[8.78449,16.91626,8.05],"rotation":{"angle":-22.5,"axis":"z","origin":[9,11.8,6.8]},"faces":{"north":{"uv":[5.9375,2,5.6875,2.875],"texture":"#0"},"east":{"uv":[6.6875,1.8125,6.375,2],"texture":"#0"},"south":{"uv":[5.9375,2,5.6875,2.875],"texture":"#0"},"west":{"uv":[6.375,1.8125,6.6875,2],"texture":"#0"},"up":{"uv":[6.1875,2,5.9375,2.3125],"texture":"#0"},"down":{"uv":[6.1875,2,5.9375,2.3125],"texture":"#0"}}},{"from":[7.21551,15.21626,5.55],"to":[7.21551,16.91626,8.05],"rotation":{"angle":22.5,"axis":"z","origin":[7,11.8,6.8]},"faces":{"north":{"uv":[5.6875,2,5.9375,2.875],"texture":"#0"},"east":{"uv":[6.6875,1.8125,6.375,2],"texture":"#0"},"south":{"uv":[5.6875,2,5.9375,2.875],"texture":"#0"},"west":{"uv":[6.375,1.8125,6.6875,2],"texture":"#0"},"up":{"uv":[5.9375,2,6.1875,2.3125],"texture":"#0"},"down":{"uv":[5.9375,2,6.1875,2.3125],"texture":"#0"}}},{"from":[7.21551,15.21626,8.05],"to":[7.21551,16.91626,10.55],"rotation":{"angle":22.5,"axis":"z","origin":[7,11.8,9.3]},"faces":{"north":{"uv":[5.6875,2,5.9375,2.875],"texture":"#0"},"east":{"uv":[6.6875,1.8125,6.375,2],"texture":"#0"},"south":{"uv":[5.6875,2,5.9375,2.875],"texture":"#0"},"west":{"uv":[6.375,1.8125,6.6875,2],"texture":"#0"},"up":{"uv":[5.9375,2,6.1875,2.3125],"texture":"#0"},"down":{"uv":[5.9375,2,6.1875,2.3125],"texture":"#0"}}},{"from":[8,15.4928,9.06926],"to":[10,16.9928,9.06926],"rotation":{"angle":22.5,"axis":"x","origin":[9,11.8,9.3]},"faces":{"north":{"uv":[6.625,1.8125,6.375,2],"texture":"#0"},"east":{"uv":[5.6875,2,5.6875,2.1875],"texture":"#0"},"south":{"uv":[6.375,1.8125,6.625,2],"texture":"#0"},"west":{"uv":[5.6875,2,5.6875,2.1875],"texture":"#0"},"up":{"uv":[5.9375,2.25,5.9375,2],"rotation":90,"texture":"#0"},"down":{"uv":[5.9375,2.25,5.9375,2],"rotation":270,"texture":"#0"}}},{"from":[8,15.4928,7.03074],"to":[10,16.9928,7.03074],"rotation":{"angle":-22.5,"axis":"x","origin":[9,11.8,6.8]},"faces":{"north":{"uv":[6.625,1.8125,6.375,2],"texture":"#0"},"east":{"uv":[5.6875,2,5.6875,2.1875],"texture":"#0"},"south":{"uv":[6.375,1.8125,6.625,2],"texture":"#0"},"west":{"uv":[5.6875,2,5.6875,2.1875],"texture":"#0"},"up":{"uv":[5.9375,2.25,5.9375,2],"rotation":90,"texture":"#0"},"down":{"uv":[5.9375,2.25,5.9375,2],"rotation":270,"texture":"#0"}}},{"from":[6,8.3,5.55],"to":[8,15.3,8.05],"rotation":{"angle":0,"axis":"y","origin":[7,11.8,9.3]},"faces":{"north":{"uv":[5.6875,2,5.9375,2.875],"texture":"#0"},"east":{"uv":[5.375,2,5.6875,2.875],"texture":"#0"},"south":{"uv":[5.6875,2,5.9375,2.875],"texture":"#0"},"west":{"uv":[5.375,2,5.6875,2.875],"texture":"#0"},"up":{"uv":[5.9375,2,6.1875,2.3125],"texture":"#0"},"down":{"uv":[5.9375,2,6.1875,2.3125],"texture":"#0"}}},{"from":[6,8.3,8.05],"to":[8,15.3,10.55],"rotation":{"angle":0,"axis":"y","origin":[7,11.8,9.3]},"faces":{"north":{"uv":[5.6875,2,5.9375,2.875],"texture":"#0"},"east":{"uv":[5.375,2,5.6875,2.875],"texture":"#0"},"south":{"uv":[5.6875,2,5.9375,2.875],"texture":"#0"},"west":{"uv":[5.375,2,5.6875,2.875],"texture":"#0"},"up":{"uv":[5.9375,2,6.1875,2.3125],"texture":"#0"},"down":{"uv":[5.9375,2,6.1875,2.3125],"texture":"#0"}}},{"from":[7.41551,6.68374,5.55],"to":[7.41551,8.18374,8.05],"rotation":{"angle":-22.5,"axis":"z","origin":[7,11.8,6.8]},"faces":{"north":{"uv":[5.6875,2.875,5.9375,2],"texture":"#0"},"east":{"uv":[6.6875,2,6.375,1.8125],"texture":"#0"},"south":{"uv":[5.6875,2.875,5.9375,2],"texture":"#0"},"west":{"uv":[6.375,2,6.6875,1.8125],"texture":"#0"},"up":{"uv":[5.9375,2.3125,6.1875,2],"texture":"#0"},"down":{"uv":[5.9375,2.3125,6.1875,2],"texture":"#0"}}},{"from":[7.41551,6.68374,8.05],"to":[7.41551,8.18374,10.55],"rotation":{"angle":-22.5,"axis":"z","origin":[7,11.8,9.3]},"faces":{"north":{"uv":[5.6875,2.875,5.9375,2],"texture":"#0"},"east":{"uv":[6.6875,2,6.375,1.8125],"texture":"#0"},"south":{"uv":[5.6875,2.875,5.9375,2],"texture":"#0"},"west":{"uv":[6.375,2,6.6875,1.8125],"texture":"#0"},"up":{"uv":[5.9375,2.3125,6.1875,2],"texture":"#0"},"down":{"uv":[5.9375,2.3125,6.1875,2],"texture":"#0"}}},{"from":[6,6.69959,6.99247],"to":[8,8.19959,6.99247],"rotation":{"angle":22.5,"axis":"x","origin":[7,11.8,6.8]},"faces":{"north":{"uv":[6.375,2,6.625,1.8125],"texture":"#0"},"east":{"uv":[5.6875,2.1875,5.6875,2],"texture":"#0"},"south":{"uv":[6.625,2,6.375,1.8125],"texture":"#0"},"west":{"uv":[5.6875,2.1875,5.6875,2],"texture":"#0"},"up":{"uv":[5.9375,2,5.9375,2.25],"rotation":270,"texture":"#0"},"down":{"uv":[5.9375,2,5.9375,2.25],"rotation":90,"texture":"#0"}}},{"from":[6,15.4928,7.03074],"to":[8,16.9928,7.03074],"rotation":{"angle":-22.5,"axis":"x","origin":[7,11.8,6.8]},"faces":{"north":{"uv":[6.375,1.8125,6.625,2],"texture":"#0"},"east":{"uv":[5.6875,2,5.6875,2.1875],"texture":"#0"},"south":{"uv":[6.625,1.8125,6.375,2],"texture":"#0"},"west":{"uv":[5.6875,2,5.6875,2.1875],"texture":"#0"},"up":{"uv":[5.9375,2,5.9375,2.25],"rotation":90,"texture":"#0"},"down":{"uv":[5.9375,2,5.9375,2.25],"rotation":270,"texture":"#0"}}},{"from":[6,15.4928,9.06926],"to":[8,16.9928,9.06926],"rotation":{"angle":22.5,"axis":"x","origin":[7,11.8,9.3]},"faces":{"north":{"uv":[6.375,1.8125,6.625,2],"texture":"#0"},"east":{"uv":[5.6875,2,5.6875,2.1875],"texture":"#0"},"south":{"uv":[6.625,1.8125,6.375,2],"texture":"#0"},"west":{"uv":[5.6875,2,5.6875,2.1875],"texture":"#0"},"up":{"uv":[5.9375,2,5.9375,2.25],"rotation":90,"texture":"#0"},"down":{"uv":[5.9375,2,5.9375,2.25],"rotation":270,"texture":"#0"}}},{"from":[6,6.69959,9.10753],"to":[8,8.19959,9.10753],"rotation":{"angle":-22.5,"axis":"x","origin":[7,11.8,9.3]},"faces":{"north":{"uv":[6.375,2,6.625,1.8125],"texture":"#0"},"east":{"uv":[5.6875,2.1875,5.6875,2],"texture":"#0"},"south":{"uv":[6.625,2,6.375,1.8125],"texture":"#0"},"west":{"uv":[5.6875,2.1875,5.6875,2],"texture":"#0"},"up":{"uv":[5.9375,2,5.9375,2.25],"rotation":270,"texture":"#0"},"down":{"uv":[5.9375,2,5.9375,2.25],"rotation":90,"texture":"#0"}}},{"from":[7.25,-0.1,7],"to":[8.75,5.9,9],"rotation":{"angle":0,"axis":"y","origin":[9.3,15.45,9.7266]},"faces":{"north":{"uv":[7.4375,1,7.25,1.75],"texture":"#0"},"east":{"uv":[7.25,1,7,1.75],"texture":"#0"},"south":{"uv":[7.4375,1,7.25,1.75],"texture":"#0"},"west":{"uv":[7.25,1,7,1.75],"texture":"#0"},"up":{"uv":[6.8125,1,7,1.25],"texture":"#0"},"down":{"uv":[6.8125,1,7,1.25],"texture":"#0"}}},{"from":[7.25,5.9,7],"to":[8.75,13.9,9],"rotation":{"angle":0,"axis":"y","origin":[9.3,15.45,9.7266]},"faces":{"north":{"uv":[7.4375,1,7.25,2],"texture":"#0"},"east":{"uv":[7.25,1,7,2],"texture":"#0"},"south":{"uv":[7.4375,1,7.25,2],"texture":"#0"},"west":{"uv":[7.25,1,7,2],"texture":"#0"},"up":{"uv":[6.8125,1,7,1.25],"texture":"#0"},"down":{"uv":[6.8125,1,7,1.25],"texture":"#0"}}},{"from":[8,-6.9,6.6],"to":[8,-2.9,9.6],"rotation":{"angle":0,"axis":"y","origin":[12.6,25.1,4.5]},"faces":{"north":{"uv":[0,0,0,8],"rotation":180,"texture":"#1"},"east":{"uv":[0,0,6,8],"rotation":180,"texture":"#1"},"south":{"uv":[0,0,0,8],"rotation":180,"texture":"#1"},"west":{"uv":[6,0,0,8],"rotation":180,"texture":"#1"},"up":{"uv":[0,0,0,6],"rotation":180,"texture":"#1"},"down":{"uv":[0,6,0,0],"rotation":180,"texture":"#1"}}},{"from":[19.8,14.5,3.4],"to":[19.8,18.5,6.4],"rotation":{"angle":-22.5,"axis":"z","origin":[11.9,14,-4.7]},"faces":{"north":{"uv":[0,0,0,8],"texture":"#1"},"east":{"uv":[0,0,6,8],"texture":"#1"},"south":{"uv":[0,0,0,8],"texture":"#1"},"west":{"uv":[6,0,0,8],"texture":"#1"},"up":{"uv":[0,6,0,0],"rotation":180,"texture":"#1"},"down":{"uv":[0,0,0,6],"rotation":180,"texture":"#1"}}},{"from":[19.8,14.5,9.4],"to":[19.8,18.5,12.4],"rotation":{"angle":-22.5,"axis":"z","origin":[11.9,14,4.5]},"faces":{"north":{"uv":[0,0,0,8],"texture":"#1"},"east":{"uv":[6,0,0,8],"texture":"#1"},"south":{"uv":[0,0,0,8],"texture":"#1"},"west":{"uv":[0,0,6,8],"texture":"#1"},"up":{"uv":[0,0,0,6],"rotation":180,"texture":"#1"},"down":{"uv":[0,6,0,0],"rotation":180,"texture":"#1"}}},{"from":[11.84598,26.8,8.28352],"to":[11.84598,30.8,11.28352],"rotation":{"angle":0,"axis":"y","origin":[9.3,15.45,9.7266]},"faces":{"north":{"uv":[0,0,0,8],"texture":"#1"},"east":{"uv":[6,0,0,8],"texture":"#1"},"south":{"uv":[0,0,0,8],"texture":"#1"},"west":{"uv":[0,0,6,8],"texture":"#1"},"up":{"uv":[0,6,0,0],"texture":"#1"},"down":{"uv":[0,0,0,6],"texture":"#1"}}},{"from":[11.02635,26.58373,8.49485],"to":[12.82635,27.58373,10.49485],"rotation":{"angle":22.5,"axis":"x","origin":[11.92635,27.58373,8.49485]},"faces":{"north":{"uv":[2.75,2.8125,3,2.9375],"texture":"#0"},"east":{"uv":[2.75,2.6875,3,2.8125],"texture":"#0"},"south":{"uv":[2.75,2.8125,3,2.9375],"texture":"#0"},"west":{"uv":[3,2.6875,2.75,2.8125],"texture":"#0"},"up":{"uv":[3,3.1875,2.75,2.9375],"rotation":270,"texture":"#0"},"down":{"uv":[3,3.1875,2.75,2.9375],"rotation":90,"texture":"#0"}}},{"from":[10.92635,24.58373,6.49485],"to":[12.92635,27.58373,8.49485],"rotation":{"angle":0,"axis":"y","origin":[9.3,15.45,9.7266]},"faces":{"north":{"uv":[2.5,2.8125,2.75,3.1875],"texture":"#0"},"east":{"uv":[2.5,2.4375,2.75,2.8125],"texture":"#0"},"south":{"uv":[2.5,2.8125,2.75,3.1875],"texture":"#0"},"west":{"uv":[2.5,2.4375,2.75,2.8125],"texture":"#0"},"up":{"uv":[3,2.6875,2.75,2.4375],"rotation":270,"texture":"#0"},"down":{"uv":[3,2.6875,2.75,2.4375],"rotation":90,"texture":"#0"}}},{"from":[6,22.5,6],"to":[10,25.5,10],"rotation":{"angle":-22.5,"axis":"z","origin":[9.3,15.45,9.7266]},"faces":{"north":{"uv":[2,2.875,2.5,3.25],"texture":"#0"},"east":{"uv":[2,2.875,2.5,3.25],"texture":"#0"},"south":{"uv":[2,2.875,2.5,3.25],"texture":"#0"},"west":{"uv":[2,2.875,2.5,3.25],"texture":"#0"},"up":{"uv":[2,2.375,2.5,2.875],"texture":"#0"},"down":{"uv":[2,2.375,2.5,2.875],"texture":"#0"}}},{"from":[5,20.5,5],"to":[11,22.5,11],"rotation":{"angle":-22.5,"axis":"z","origin":[9.3,15.45,9.7266]},"faces":{"north":{"uv":[1.25,3.375,2,3.625],"texture":"#0"},"east":{"uv":[1.25,3.125,2,3.375],"texture":"#0"},"south":{"uv":[1.25,3.375,2,3.625],"texture":"#0"},"west":{"uv":[1.25,3.125,2,3.375],"texture":"#0"},"up":{"uv":[1.25,2.375,2,3.125],"texture":"#0"},"down":{"uv":[1.25,2.375,2,3.125],"texture":"#0"}}},{"from":[3,20,3],"to":[13,21,13],"rotation":{"angle":-22.5,"axis":"z","origin":[9.3,15.45,9.7266]},"faces":{"north":{"uv":[0,3.75,1.25,3.875],"texture":"#0"},"east":{"uv":[0,3.625,1.25,3.75],"texture":"#0"},"south":{"uv":[0,3.75,1.25,3.875],"texture":"#0"},"west":{"uv":[0,3.625,1.25,3.75],"texture":"#0"},"up":{"uv":[0,2.375,1.25,3.625],"texture":"#0"},"down":{"uv":[0,2.375,1.25,3.625],"texture":"#0"}}},{"from":[5.5,16,5.5],"to":[10.5,20,10.5],"rotation":{"angle":-22.5,"axis":"z","origin":[9.3,15.45,9.7266]},"faces":{"north":{"uv":[0.3125,0,0.9375,0.5],"texture":"#0"},"east":{"uv":[0.625,0,0,0.5],"texture":"#0"},"south":{"uv":[0.9375,0,0.3125,0.5],"texture":"#0"},"west":{"uv":[0.625,0,0,0.5],"texture":"#0"},"up":{"uv":[2,1.6875,1.375,2.3125],"texture":"#0"},"down":{"uv":[2,1.6875,1.375,2.3125],"texture":"#0"}}},{"from":[10.6,16,4.5],"to":[10.6,20,11.5],"rotation":{"angle":-22.5,"axis":"z","origin":[9.3,15.45,9.7266]},"faces":{"north":{"uv":[0,0,0,8],"texture":"#4"},"east":{"uv":[14,0,0,8],"texture":"#4"},"south":{"uv":[0,0,0,8],"texture":"#4"},"up":{"uv":[0,14,0,0],"texture":"#4"},"down":{"uv":[0,0,0,14],"texture":"#4"}}},{"from":[7.3549,10.81645,13.70445],"to":[11.3549,13.31645,15.70445],"rotation":{"angle":22.5,"axis":"y","origin":[8.1,12.03378,14.70445]},"faces":{"north":{"uv":[5.375,2.5,5.6875,2],"rotation":270,"texture":"#0"},"east":{"uv":[6.1875,2,5.9375,2.3125],"texture":"#0"},"south":{"uv":[5.375,2.5,5.6875,2],"rotation":90,"texture":"#0"},"west":{"uv":[6.1875,2,5.9375,2.3125],"rotation":180,"texture":"#0"},"up":{"uv":[5.6875,2.5,5.9375,2],"rotation":90,"texture":"#0"},"down":{"uv":[5.6875,2.5,5.9375,2],"rotation":90,"texture":"#0"}}},{"from":[7.35,11.06112,9.67083],"to":[9.05,13.06112,14.67083],"rotation":{"angle":22.5,"axis":"x","origin":[8.2,12.03378,14.70445]},"faces":{"north":{"uv":[6.75,1.25,7,1.0625],"rotation":90,"texture":"#0"},"east":{"uv":[7.4375,1.625,7.6875,1],"rotation":270,"texture":"#0"},"south":{"uv":[6.75,1.25,7,1.0625],"rotation":270,"texture":"#0"},"west":{"uv":[7.4375,1.625,7.6875,1],"rotation":90,"texture":"#0"},"up":{"uv":[7.6875,1.625,7.875,1],"rotation":180,"texture":"#0"},"down":{"uv":[7.6875,1.625,7.875,1],"texture":"#0"}}},{"from":[5.85429,13.21241,13.70445],"to":[7.35429,13.21241,15.70445],"rotation":{"angle":22.5,"axis":"y","origin":[8.1,12.03378,14.70445]},"faces":{"north":{"uv":[5.6875,2,5.6875,2.1875],"rotation":90,"texture":"#0"},"east":{"uv":[5.9375,2,5.9375,2.25],"rotation":90,"texture":"#0"},"south":{"uv":[5.6875,2,5.6875,2.1875],"rotation":270,"texture":"#0"},"west":{"uv":[5.9375,2,5.9375,2.25],"rotation":90,"texture":"#0"},"up":{"uv":[6.375,1.8125,6.625,2],"rotation":270,"texture":"#0"},"down":{"uv":[6.625,1.8125,6.375,2],"rotation":270,"texture":"#0"}}},{"from":[5.83864,10.81645,13.78894],"to":[7.33864,13.31645,13.78894],"rotation":{"angle":22.5,"axis":"y","origin":[8.1,12.03378,14.70445]},"faces":{"north":{"uv":[6.375,2,6.6875,1.8125],"rotation":270,"texture":"#0"},"east":{"uv":[5.9375,2,6.1875,2.3125],"texture":"#0"},"south":{"uv":[6.6875,2,6.375,1.8125],"rotation":90,"texture":"#0"},"west":{"uv":[5.9375,2,6.1875,2.3125],"rotation":180,"texture":"#0"},"up":{"uv":[5.9375,2.875,5.6875,2],"rotation":90,"texture":"#0"},"down":{"uv":[5.9375,2.875,5.6875,2],"rotation":90,"texture":"#0"}}},{"from":[5.93864,10.81645,15.61996],"to":[7.43864,13.31645,15.61996],"rotation":{"angle":22.5,"axis":"y","origin":[8.1,12.03378,14.70445]},"faces":{"north":{"uv":[6.375,2,6.6875,1.8125],"rotation":270,"texture":"#0"},"east":{"uv":[6.1875,2,5.9375,2.3125],"texture":"#0"},"south":{"uv":[6.6875,2,6.375,1.8125],"rotation":90,"texture":"#0"},"west":{"uv":[6.1875,2,5.9375,2.3125],"rotation":180,"texture":"#0"},"up":{"uv":[5.6875,2.875,5.9375,2],"rotation":90,"texture":"#0"},"down":{"uv":[5.6875,2.875,5.9375,2],"rotation":90,"texture":"#0"}}},{"from":[11.25429,13.21241,13.70445],"to":[12.75429,13.21241,15.70445],"rotation":{"angle":22.5,"axis":"y","origin":[8.1,12.03378,14.70445]},"faces":{"north":{"uv":[5.6875,2,5.6875,2.1875],"rotation":90,"texture":"#0"},"east":{"uv":[5.9375,2,5.9375,2.25],"rotation":90,"texture":"#0"},"south":{"uv":[5.6875,2,5.6875,2.1875],"rotation":270,"texture":"#0"},"west":{"uv":[5.9375,2,5.9375,2.25],"rotation":90,"texture":"#0"},"up":{"uv":[6.375,2,6.625,1.8125],"rotation":270,"texture":"#0"},"down":{"uv":[6.625,1.8125,6.375,2],"rotation":270,"texture":"#0"}}},{"from":[11.33864,10.81645,15.61996],"to":[12.83864,13.31645,15.61996],"rotation":{"angle":22.5,"axis":"y","origin":[8.1,12.03378,14.70445]},"faces":{"north":{"uv":[6.375,2,6.6875,1.8125],"rotation":270,"texture":"#0"},"east":{"uv":[6.1875,2,5.9375,2.3125],"texture":"#0"},"south":{"uv":[6.6875,1.8125,6.375,2],"rotation":90,"texture":"#0"},"west":{"uv":[6.1875,2,5.9375,2.3125],"rotation":180,"texture":"#0"},"up":{"uv":[5.6875,2.875,5.9375,2],"rotation":90,"texture":"#0"},"down":{"uv":[5.6875,2.875,5.9375,2],"rotation":90,"texture":"#0"}}},{"from":[7.35,11.06112,1.32917],"to":[9.05,13.06112,6.32917],"rotation":{"angle":-22.5,"axis":"x","origin":[8.2,12.03378,1.29555]},"faces":{"north":{"uv":[6.75,1.0625,7,1.25],"rotation":270,"texture":"#0"},"east":{"uv":[7.4375,1,7.6875,1.625],"rotation":270,"texture":"#0"},"south":{"uv":[6.75,1.0625,7,1.25],"rotation":90,"texture":"#0"},"west":{"uv":[7.4375,1,7.6875,1.625],"rotation":90,"texture":"#0"},"up":{"uv":[7.6875,1,7.875,1.625],"rotation":180,"texture":"#0"},"down":{"uv":[7.6875,1,7.875,1.625],"texture":"#0"}}},{"from":[11.33864,10.81645,0.38004],"to":[12.83864,13.31645,0.38004],"rotation":{"angle":-22.5,"axis":"y","origin":[8.1,12.03378,1.29555]},"faces":{"north":{"uv":[6.6875,2,6.375,1.8125],"rotation":90,"texture":"#0"},"east":{"uv":[5.9375,2,6.1875,2.3125],"texture":"#0"},"south":{"uv":[6.375,1.8125,6.6875,2],"rotation":270,"texture":"#0"},"west":{"uv":[5.9375,2,6.1875,2.3125],"rotation":180,"texture":"#0"},"up":{"uv":[5.9375,2.875,5.6875,2],"rotation":90,"texture":"#0"},"down":{"uv":[5.9375,2.875,5.6875,2],"rotation":90,"texture":"#0"}}},{"from":[7.3549,10.81645,0.29555],"to":[11.3549,13.31645,2.29555],"rotation":{"angle":-22.5,"axis":"y","origin":[8.1,12.03378,1.29555]},"faces":{"north":{"uv":[5.375,2,5.6875,2.5],"rotation":90,"texture":"#0"},"east":{"uv":[5.9375,2,6.1875,2.3125],"texture":"#0"},"south":{"uv":[5.375,2,5.6875,2.5],"rotation":270,"texture":"#0"},"west":{"uv":[5.9375,2,6.1875,2.3125],"rotation":180,"texture":"#0"},"up":{"uv":[5.9375,2.5,5.6875,2],"rotation":90,"texture":"#0"},"down":{"uv":[5.9375,2.5,5.6875,2],"rotation":90,"texture":"#0"}}},{"from":[5.85429,13.21241,0.29555],"to":[7.35429,13.21241,2.29555],"rotation":{"angle":-22.5,"axis":"y","origin":[8.1,12.03378,1.29555]},"faces":{"north":{"uv":[5.6875,2.1875,5.6875,2],"rotation":270,"texture":"#0"},"east":{"uv":[5.9375,2.25,5.9375,2],"rotation":90,"texture":"#0"},"south":{"uv":[5.6875,2.1875,5.6875,2],"rotation":90,"texture":"#0"},"west":{"uv":[5.9375,2.25,5.9375,2],"rotation":90,"texture":"#0"},"up":{"uv":[6.625,1.8125,6.375,2],"rotation":270,"texture":"#0"},"down":{"uv":[6.375,1.8125,6.625,2],"rotation":270,"texture":"#0"}}},{"from":[5.93864,10.81645,0.38004],"to":[7.43864,13.31645,0.38004],"rotation":{"angle":-22.5,"axis":"y","origin":[8.1,12.03378,1.29555]},"faces":{"north":{"uv":[6.6875,1.8125,6.375,2],"rotation":90,"texture":"#0"},"east":{"uv":[5.9375,2,6.1875,2.3125],"texture":"#0"},"south":{"uv":[6.375,1.8125,6.6875,2],"rotation":270,"texture":"#0"},"west":{"uv":[5.9375,2,6.1875,2.3125],"rotation":180,"texture":"#0"},"up":{"uv":[5.9375,2.875,5.6875,2],"rotation":90,"texture":"#0"},"down":{"uv":[5.9375,2.875,5.6875,2],"rotation":90,"texture":"#0"}}},{"from":[5.83864,10.81645,2.21106],"to":[7.33864,13.31645,2.21106],"rotation":{"angle":-22.5,"axis":"y","origin":[8.1,12.03378,1.29555]},"faces":{"north":{"uv":[6.6875,1.8125,6.375,2],"rotation":90,"texture":"#0"},"east":{"uv":[6.1875,2,5.9375,2.3125],"texture":"#0"},"south":{"uv":[6.375,1.8125,6.6875,2],"rotation":270,"texture":"#0"},"west":{"uv":[6.1875,2,5.9375,2.3125],"rotation":180,"texture":"#0"},"up":{"uv":[5.6875,2.875,5.9375,2],"rotation":90,"texture":"#0"},"down":{"uv":[5.6875,2.875,5.9375,2],"rotation":90,"texture":"#0"}}},{"from":[11.25429,13.21241,0.29555],"to":[12.75429,13.21241,2.29555],"rotation":{"angle":-22.5,"axis":"y","origin":[8.1,12.03378,1.29555]},"faces":{"north":{"uv":[5.6875,2.1875,5.6875,2],"rotation":270,"texture":"#0"},"east":{"uv":[5.9375,2.25,5.9375,2],"rotation":90,"texture":"#0"},"south":{"uv":[5.6875,2.1875,5.6875,2],"rotation":90,"texture":"#0"},"west":{"uv":[5.9375,2.25,5.9375,2],"rotation":90,"texture":"#0"},"up":{"uv":[6.625,2,6.375,1.8125],"rotation":270,"texture":"#0"},"down":{"uv":[6.375,1.8125,6.625,2],"rotation":270,"texture":"#0"}}},{"from":[19.5,8,3.5],"to":[19.5,14,12.5],"rotation":{"angle":0,"axis":"y","origin":[12,9,4.5]},"faces":{"north":{"uv":[0,4,0,4.75],"texture":"#0"},"east":{"uv":[1.875,0,3,0.75],"texture":"#0"},"south":{"uv":[0,4,0,4.75],"texture":"#0"},"west":{"uv":[4.125,0,3,0.75],"texture":"#0"},"up":{"uv":[0,0,1.125,0],"rotation":90,"texture":"#0"},"down":{"uv":[0,0,1.125,0],"rotation":270,"texture":"#0"}}},{"from":[12,8,3.5],"to":[19.5,14,3.5],"rotation":{"angle":0,"axis":"y","origin":[12,9,4.5]},"faces":{"north":{"uv":[0,0,0.9375,0.75],"texture":"#0"},"east":{"uv":[0,4,0,4.75],"texture":"#0"},"south":{"uv":[1.875,0,0.9375,0.75],"texture":"#0"},"west":{"uv":[0,4,0,4.75],"texture":"#0"},"up":{"uv":[0,5,0,5.9375],"rotation":90,"texture":"#0"},"down":{"uv":[0,5,0,5.9375],"rotation":270,"texture":"#0"}}},{"from":[12,4,3.4],"to":[20,9,3.4],"rotation":{"angle":-22.5,"axis":"z","origin":[12,9,4.5]},"faces":{"north":{"uv":[2.25,0.75,3.25,1.375],"texture":"#0"},"east":{"uv":[0,0,0,0.625],"texture":"#0"},"south":{"uv":[4.25,0.75,3.25,1.375],"texture":"#0"},"west":{"uv":[0,0,0,0.625],"texture":"#0"},"up":{"uv":[0,0,0,1],"rotation":90,"texture":"#0"},"down":{"uv":[0,0,0,1],"rotation":270,"texture":"#0"}}},{"from":[20,4,3.4],"to":[20,9,12.6],"rotation":{"angle":-22.5,"axis":"z","origin":[12,9,4.5]},"faces":{"north":{"uv":[0,0,0,0.625],"texture":"#0"},"east":{"uv":[0,0.75,1.125,1.375],"texture":"#0"},"south":{"uv":[0,0,0,0.625],"texture":"#0"},"west":{"uv":[2.25,0.75,1.125,1.375],"texture":"#0"},"up":{"uv":[0,0,1.125,0],"rotation":90,"texture":"#0"},"down":{"uv":[0,0,1.125,0],"rotation":270,"texture":"#0"}}},{"from":[17.4,2,8.5],"to":[17.4,6,11.5],"rotation":{"angle":0,"axis":"y","origin":[7.5,14.2,12.6]},"faces":{"north":{"uv":[0,0,0,8],"texture":"#1"},"east":{"uv":[6,0,0,8],"texture":"#1"},"south":{"uv":[0,0,0,8],"texture":"#1"},"west":{"uv":[0,0,6,8],"texture":"#1"},"up":{"uv":[0,0,0,6],"rotation":180,"texture":"#1"},"down":{"uv":[0,6,0,0],"rotation":180,"texture":"#1"}}},{"from":[17.4,3,4.5],"to":[17.4,7,7.5],"rotation":{"angle":0,"axis":"y","origin":[7.5,14.2,3.4]},"faces":{"north":{"uv":[0,0,0,8],"texture":"#1"},"east":{"uv":[0,0,6,8],"texture":"#1"},"south":{"uv":[0,0,0,8],"texture":"#1"},"west":{"uv":[6,0,0,8],"texture":"#1"},"up":{"uv":[0,6,0,0],"rotation":180,"texture":"#1"},"down":{"uv":[0,0,0,6],"rotation":180,"texture":"#1"}}},{"from":[12,4,12.6],"to":[20,9,12.6],"rotation":{"angle":-22.5,"axis":"z","origin":[12,9,11.5]},"faces":{"north":{"uv":[3.25,0.75,4.25,1.375],"texture":"#0"},"east":{"uv":[0,0,0,0.625],"texture":"#0"},"south":{"uv":[3.25,0.75,2.25,1.375],"texture":"#0"},"west":{"uv":[0,0,0,0.625],"texture":"#0"},"up":{"uv":[0,0,0,1],"rotation":90,"texture":"#0"},"down":{"uv":[0,0,0,1],"rotation":270,"texture":"#0"}}},{"from":[12,8,12.5],"to":[19.5,14,12.5],"rotation":{"angle":0,"axis":"y","origin":[12,9,11.5]},"faces":{"north":{"uv":[1.875,0,0.9375,0.75],"texture":"#0"},"east":{"uv":[0,4,0,4.75],"texture":"#0"},"south":{"uv":[0.9375,0,0,0.75],"texture":"#0"},"west":{"uv":[0,4,0,4.75],"texture":"#0"},"up":{"uv":[0,5,0,5.9375],"rotation":90,"texture":"#0"},"down":{"uv":[0,5,0,5.9375],"rotation":270,"texture":"#0"}}},{"from":[10,4,3.5],"to":[12,14,12.5],"rotation":{"angle":0,"axis":"y","origin":[19,-4,0.5]},"faces":{"north":{"uv":[6.5,0,6.75,1.25],"texture":"#0"},"east":{"uv":[4.25,0,5.375,1.25],"texture":"#0"},"south":{"uv":[6.5,0,6.75,1.25],"texture":"#0"},"west":{"uv":[5.375,0,6.5,1.25],"texture":"#0"},"up":{"uv":[4.25,1.25,5.375,1.5],"rotation":90,"texture":"#0"},"down":{"uv":[4.25,1.25,5.375,1.5],"rotation":270,"texture":"#0"}}},{"from":[12,4,3.4],"to":[20,4,12.6],"rotation":{"angle":-22.5,"axis":"z","origin":[12,9,4.5]},"faces":{"north":{"uv":[0,0,2048,0],"texture":"#missing"},"east":{"uv":[0,0,2304,0],"texture":"#missing"},"south":{"uv":[0,0,2048,0],"texture":"#missing"},"west":{"uv":[0,0,2304,0],"texture":"#missing"},"up":{"uv":[0,1.375,1.125,2.375],"rotation":90,"texture":"#0"},"down":{"uv":[1.125,1.375,2.25,2.375],"rotation":270,"texture":"#0"}}},{"from":[12,14,3.5],"to":[19.5,14,12.5],"rotation":{"angle":0,"axis":"y","origin":[12,9,4.5]},"faces":{"north":{"uv":[0,0,0.9375,0],"texture":"#0"},"east":{"uv":[0,0,1.125,0],"texture":"#0"},"south":{"uv":[0,0,0.9375,0],"texture":"#0"},"west":{"uv":[0,0,1.125,0],"texture":"#0"},"up":{"uv":[2.25,1.375,3.375,2.3125],"rotation":90,"texture":"#0"},"down":{"uv":[3.375,1.5,4.5,2.4375],"rotation":270,"texture":"#0"}}},{"from":[17.6,13.9,2.5],"to":[17.6,16.9,7.5],"rotation":{"angle":-45,"axis":"y","origin":[7.93682,17,5.4266]},"faces":{"north":{"uv":[0,0,0,8],"texture":"#4"},"east":{"uv":[0,0,14,8],"texture":"#4"},"south":{"uv":[0,0,0,8],"texture":"#4"},"up":{"uv":[0,14,0,0],"rotation":180,"texture":"#4"},"down":{"uv":[0,0,0,14],"rotation":180,"texture":"#4"}}},{"from":[14.5,13.9,3.5],"to":[17.5,16.9,6.5],"rotation":{"angle":-45,"axis":"y","origin":[8.06318,17,5.4266]},"faces":{"north":{"uv":[0.9375,0,0.3125,0.5],"texture":"#0"},"east":{"uv":[0.625,0,0,0.5],"texture":"#0"},"south":{"uv":[0.3125,0,0.9375,0.5],"texture":"#0"},"west":{"uv":[0.625,0,0,0.5],"texture":"#0"},"up":{"uv":[2,1.6875,1.375,2.3125],"rotation":180,"texture":"#0"},"down":{"uv":[2,1.6875,1.375,2.3125],"texture":"#0"}}},{"from":[19.6,13.5,6.5],"to":[19.6,16.5,11.5],"rotation":{"angle":22.5,"axis":"y","origin":[7.93682,17,10.5734]},"faces":{"north":{"uv":[0,0,0,8],"texture":"#4"},"east":{"uv":[14,0,0,8],"texture":"#4"},"south":{"uv":[0,0,0,8],"texture":"#4"},"up":{"uv":[0,0,0,14],"rotation":180,"texture":"#4"},"down":{"uv":[0,14,0,0],"rotation":180,"texture":"#4"}}},{"from":[16.5,13.5,7.5],"to":[19.5,16.5,10.5],"rotation":{"angle":22.5,"axis":"y","origin":[8.06318,17,10.5734]},"faces":{"north":{"uv":[0.9375,0,0.3125,0.5],"texture":"#0"},"east":{"uv":[0,0,0.625,0.5],"texture":"#0"},"south":{"uv":[0.3125,0,0.9375,0.5],"texture":"#0"},"west":{"uv":[0,0,0.625,0.5],"texture":"#0"},"up":{"uv":[2,2.3125,1.375,1.6875],"rotation":180,"texture":"#0"},"down":{"uv":[2,2.3125,1.375,1.6875],"texture":"#0"}}},{"from":[12.3,8,0.5],"to":[12.3,12,7.5],"rotation":{"angle":22.5,"axis":"x","origin":[15,27,24]},"faces":{"north":{"uv":[0,0,0,8],"texture":"#5"},"east":{"uv":[0,0,14,8],"texture":"#5"},"south":{"uv":[0,0,0,8],"texture":"#5"},"west":{"uv":[14,0,0,8],"texture":"#5"},"up":{"uv":[0,0,0,14],"texture":"#5"},"down":{"uv":[0,14,0,0],"texture":"#5"}}},{"from":[12.3,5,24.5],"to":[12.3,9,31.5],"rotation":{"angle":22.5,"axis":"x","origin":[15,27,24]},"faces":{"north":{"uv":[0,0,0,8],"texture":"#5"},"east":{"uv":[0,0,14,8],"texture":"#5"},"south":{"uv":[0,0,0,8],"texture":"#5"},"west":{"uv":[14,0,0,8],"texture":"#5"},"up":{"uv":[0,0,0,14],"texture":"#5"},"down":{"uv":[0,14,0,0],"texture":"#5"}}},{"from":[9.3,9,8.5],"to":[9.3,13,15.5],"rotation":{"angle":-22.5,"axis":"x","origin":[15,27,-3]},"faces":{"north":{"uv":[0,0,0,8],"texture":"#5"},"east":{"uv":[14,0,0,8],"texture":"#5"},"south":{"uv":[0,0,0,8],"texture":"#5"},"west":{"uv":[0,0,14,8],"texture":"#5"},"up":{"uv":[0,14,0,0],"texture":"#5"},"down":{"uv":[0,0,0,14],"texture":"#5"}}},{"from":[9.3,9,-15.5],"to":[9.3,13,-8.5],"rotation":{"angle":-22.5,"axis":"x","origin":[15,27,-3]},"faces":{"north":{"uv":[0,0,0,8],"texture":"#5"},"east":{"uv":[14,0,0,8],"texture":"#5"},"south":{"uv":[0,0,0,8],"texture":"#5"},"west":{"uv":[0,0,14,8],"texture":"#5"},"up":{"uv":[0,14,0,0],"texture":"#5"},"down":{"uv":[0,0,0,14],"texture":"#5"}}}],"gui_light":"front","display":{"thirdperson_righthand":{"rotation":[67.5,90,0],"translation":[0,0.5,0.5],"scale":[0.42188,0.42188,0.42188]},"thirdperson_lefthand":{"rotation":[67.5,90,0],"translation":[-6,-7.75,6.75]},"firstperson_righthand":{"rotation":[0,90,0],"translation":[4.25,3,0],"scale":[0.38125,0.38125,0.38125]},"firstperson_lefthand":{"scale":[0,0,0]},"ground":{"translation":[0,9,0],"scale":[0.6,0.6,0.6]},"gui":{"rotation":[0,45,0],"translation":[-0.5,-1.75,-1.5],"scale":[0.475,0.475,0.475]},"head":{"rotation":[6,-90,0],"translation":[0,-15,6.25],"scale":[1.5,1.5,1.5]},"fixed":{"rotation":[0,90,0],"translation":[0,0.5,-3],"scale":[2,2,2]}}}