{"textures":{"0":"modelengine:entity/ender_witch","particle":"#0"},"elements":[{"from":[4.5195503,2.1119194,6.176918],"to":[11.51955,16.11192,13.176918],"faces":{"east":{"uv":[8.75,8.25,9.625,10.0],"tintindex":0,"rotation":0,"texture":"#0"},"south":{"uv":[6.125,9.0,7.0,10.75],"tintindex":0,"rotation":0,"texture":"#0"},"north":{"uv":[8.75,6.375,9.625,8.125],"tintindex":0,"rotation":0,"texture":"#0"},"west":{"uv":[3.875,9.125,4.75,10.875],"tintindex":0,"rotation":0,"texture":"#0"},"up":{"uv":[5.75,11.75,4.875,10.875],"tintindex":0,"rotation":0,"texture":"#0"},"down":{"uv":[6.75,10.875,5.875,11.75],"tintindex":0,"rotation":0,"texture":"#0"}},"rotation":{"origin":[12.51955,1.1119194,-4.823082],"angle":-22.5,"axis":"x"}}],"display":{"head":{"rotation":[0.0,0.0,0.0]},"firstperson_righthand":{"rotation":[0.0,0.0,0.0]},"thirdperson_lefthand":{"rotation":[0.0,-0.0,-0.0]},"firstperson_lefthand":{"rotation":[0.0,-0.0,-0.0]},"fixed":{"rotation":[0.0,0.0,0.0]},"ground":{"rotation":[0.0,0.0,0.0]},"thirdperson_righthand":{"rotation":[0.0,0.0,0.0]},"gui":{"rotation":[-150.0,-45.0,180.0]}}}