{"credit":"Pologony Creation Co.,Ltd.","texture_size":[48,48],"textures":{"0":"merry_christmas_2024_set:helmet","particle":"merry_christmas_2024_set:helmet"},"elements":[{"from":[3,2.57586,3],"to":[4,4.57586,13],"rotation":{"angle":0,"axis":"y","origin":[0,2.57586,0]},"faces":{"north":{"uv":[11,12,11.33333,12.66667],"texture":"#0"},"east":{"uv":[0,7.66667,3.33333,8.33333],"texture":"#0"},"south":{"uv":[5.66667,14,6,14.66667],"texture":"#0"},"west":{"uv":[3.66667,8,7,8.66667],"texture":"#0"},"up":{"uv":[8.66667,12.33333,8.33333,9],"texture":"#0"},"down":{"uv":[9.33333,9,9,12.33333],"texture":"#0"}}},{"from":[4,2.57586,3],"to":[6,4.57586,4],"rotation":{"angle":0,"axis":"y","origin":[0,2.57586,0]},"faces":{"north":{"uv":[6,13,6.66667,13.66667],"texture":"#0"},"south":{"uv":[7,13,7.66667,13.66667],"texture":"#0"},"up":{"uv":[13.33333,9,12.66667,8.66667],"texture":"#0"},"down":{"uv":[14.33333,8.66667,13.66667,9],"texture":"#0"}}},{"from":[4,10.57586,4],"to":[12,11.57586,12],"rotation":{"angle":0,"axis":"y","origin":[0,2.57586,0]},"faces":{"up":{"uv":[2.66667,6,0,3.33333],"texture":"#0"},"down":{"uv":[5.66667,3.33333,3,6],"texture":"#0"}}},{"from":[4,2.57586,12],"to":[12,11.57586,13],"rotation":{"angle":0,"axis":"y","origin":[0,2.57586,0]},"faces":{"north":{"uv":[0,0,2.66667,3],"texture":"#0"},"south":{"uv":[3,0,5.66667,3],"texture":"#0"},"up":{"uv":[11.33333,7.66667,8.66667,7.33333],"texture":"#0"},"down":{"uv":[12.33333,4,9.66667,4.33333],"texture":"#0"}}},{"from":[3,4.57586,6],"to":[4,9.57586,13],"rotation":{"angle":0,"axis":"y","origin":[0,2.57586,0]},"faces":{"north":{"uv":[11.66667,9.33333,12,11],"texture":"#0"},"east":{"uv":[6,0,8.33333,1.66667],"texture":"#0"},"south":{"uv":[11.66667,11.33333,12,13],"texture":"#0"},"west":{"uv":[6,2,8.33333,3.66667],"texture":"#0"}}},{"from":[3,9.57586,3],"to":[4,11.57586,13],"rotation":{"angle":0,"axis":"y","origin":[0,2.57586,0]},"faces":{"north":{"uv":[14,6,14.33333,6.66667],"texture":"#0"},"east":{"uv":[7.33333,8,10.66667,8.66667],"texture":"#0"},"south":{"uv":[6.33333,14,6.66667,14.66667],"texture":"#0"},"west":{"uv":[0,8.66667,3.33333,9.33333],"texture":"#0"},"up":{"uv":[0.33333,13,0,9.66667],"texture":"#0"}}},{"from":[4,8.57586,3],"to":[12,11.57586,4],"rotation":{"angle":0,"axis":"y","origin":[0,2.57586,0]},"faces":{"north":{"uv":[0,6.33333,2.66667,7.33333],"texture":"#0"},"south":{"uv":[3,6.33333,5.66667,7.33333],"texture":"#0"},"up":{"uv":[12.33333,5,9.66667,4.66667],"texture":"#0"},"down":{"uv":[12.33333,5.33333,9.66667,5.66667],"texture":"#0"}}},{"from":[7,6.57586,2.5],"to":[9,12.07586,3.5],"rotation":{"angle":0,"axis":"y","origin":[0,2.57586,0]},"faces":{"north":{"uv":[5.33333,9,6,10.83333],"texture":"#0"},"east":{"uv":[4.66667,10.33333,5,12.16667],"texture":"#0"},"south":{"uv":[6.33333,9,7,10.83333],"texture":"#0"},"west":{"uv":[11,8,11.33333,9.83333],"texture":"#0"},"up":{"uv":[7.66667,14.33333,7,14],"texture":"#0"}}},{"from":[7.575,5.98245,2.4975],"to":[9,7.40745,3.5025],"rotation":{"angle":-45,"axis":"z","origin":[8,6.98245,2.9975]},"faces":{"north":{"uv":[12.66667,13.33333,13.16667,13.83333],"texture":"#0"},"east":{"uv":[0,14.66667,0.33333,15.16667],"texture":"#0"},"south":{"uv":[13.66667,0,14.16667,0.5],"texture":"#0"},"west":{"uv":[14.66667,0,15,0.5],"texture":"#0"},"up":{"uv":[1.16667,15,0.66667,14.66667],"texture":"#0"},"down":{"uv":[2.16667,14.66667,1.66667,15],"texture":"#0"}}},{"from":[7.575,5.98245,12.4975],"to":[9,7.40745,13.5025],"rotation":{"angle":-45,"axis":"z","origin":[8,6.98245,12.9975]},"faces":{"north":{"uv":[8,13.66667,8.5,14.16667],"texture":"#0"},"east":{"uv":[14.66667,6,15,6.5],"texture":"#0"},"south":{"uv":[13.66667,13.33333,14.16667,13.83333],"texture":"#0"},"west":{"uv":[7,14.66667,7.33333,15.16667],"texture":"#0"},"up":{"uv":[8.16667,15,7.66667,14.66667],"texture":"#0"},"down":{"uv":[15.16667,8.33333,14.66667,8.66667],"texture":"#0"}}},{"from":[7,6.57586,12.5],"to":[9,12.07586,13.5],"rotation":{"angle":0,"axis":"y","origin":[0,2.57586,0]},"faces":{"east":{"uv":[2.66667,11.33333,3,13.16667],"texture":"#0"},"south":{"uv":[7.33333,9,8,10.83333],"texture":"#0"},"west":{"uv":[5.33333,11.33333,5.66667,13.16667],"texture":"#0"},"up":{"uv":[14.66667,7.33333,14,7],"texture":"#0"}}},{"from":[7,11.57586,3.5],"to":[9,12.07586,12.5],"rotation":{"angle":0,"axis":"y","origin":[0,2.57586,0]},"faces":{"east":{"uv":[12.33333,9.33333,15.33333,9.5],"texture":"#0"},"west":{"uv":[12.33333,10,15.33333,10.16667],"texture":"#0"},"up":{"uv":[9.33333,7,8.66667,4],"texture":"#0"}}},{"from":[13,4.57586,9],"to":[13.03,7.57586,13],"rotation":{"angle":22.5,"axis":"y","origin":[13,2.57586,9]},"faces":{"east":{"uv":[3.66667,9,5,10],"texture":"#0"},"west":{"uv":[5,9,3.66667,10],"texture":"#0"}}},{"from":[10,2.57586,3],"to":[12,4.57586,4],"rotation":{"angle":0,"axis":"y","origin":[0,2.57586,0]},"faces":{"north":{"uv":[9.33333,13,10,13.66667],"texture":"#0"},"south":{"uv":[10.33333,13,11,13.66667],"texture":"#0"},"up":{"uv":[14.66667,8,14,7.66667],"texture":"#0"},"down":{"uv":[9.66667,14,9,14.33333],"texture":"#0"}}},{"from":[9.42074,1.69108,2.975],"to":[10.92074,4.69108,4.025],"rotation":{"angle":-22.5,"axis":"z","origin":[9.92074,3.69108,7.975]},"faces":{"north":{"uv":[12.33333,10.66667,12.83333,11.66667],"texture":"#0"},"east":{"uv":[13.33333,1,13.66667,2],"texture":"#0"},"south":{"uv":[12.33333,12,12.83333,13],"texture":"#0"},"west":{"uv":[1.33333,13.33333,1.66667,14.33333],"texture":"#0"},"up":{"uv":[9.16667,15,8.66667,14.66667],"texture":"#0"},"down":{"uv":[15.16667,10.66667,14.66667,11],"texture":"#0"}}},{"from":[12,2.57586,3],"to":[13,4.57586,13],"rotation":{"angle":0,"axis":"y","origin":[0,2.57586,0]},"faces":{"north":{"uv":[10,14,10.33333,14.66667],"texture":"#0"},"east":{"uv":[8.66667,0,12,0.66667],"texture":"#0"},"south":{"uv":[10.66667,14,11,14.66667],"texture":"#0"},"west":{"uv":[8.66667,1,12,1.66667],"texture":"#0"},"up":{"uv":[1,13,0.66667,9.66667],"texture":"#0"},"down":{"uv":[1.66667,9.66667,1.33333,13],"texture":"#0"}}},{"from":[12,4.57586,6],"to":[13,9.57586,13],"rotation":{"angle":0,"axis":"y","origin":[0,2.57586,0]},"faces":{"north":{"uv":[3.33333,12,3.66667,13.66667],"texture":"#0"},"east":{"uv":[6,4,8.33333,5.66667],"texture":"#0"},"south":{"uv":[4,12,4.33333,13.66667],"texture":"#0"},"west":{"uv":[6,6,8.33333,7.66667],"texture":"#0"}}},{"from":[9.37038,8.80792,2.9975],"to":[10.44538,10.28292,6.0025],"rotation":{"angle":-22.5,"axis":"z","origin":[9.94538,3.50792,12.4975]},"faces":{"north":{"uv":[11.33333,14.66667,11.66667,15.16667],"texture":"#0"},"east":{"uv":[12.66667,3.66667,13.66667,4.16667],"texture":"#0"},"south":{"uv":[14.66667,11.33333,15,11.83333],"texture":"#0"},"west":{"uv":[12.66667,4.66667,13.66667,5.16667],"texture":"#0"},"up":{"uv":[2.33333,14.33333,2,13.33333],"texture":"#0"},"down":{"uv":[13.66667,2.33333,13.33333,3.33333],"texture":"#0"}}},{"from":[12,9.57586,3],"to":[13,11.57586,13],"rotation":{"angle":0,"axis":"y","origin":[0,2.57586,0]},"faces":{"north":{"uv":[14,10.66667,14.33333,11.33333],"texture":"#0"},"east":{"uv":[8.66667,2,12,2.66667],"texture":"#0"},"south":{"uv":[14,11.66667,14.33333,12.33333],"texture":"#0"},"west":{"uv":[8.66667,3,12,3.66667],"texture":"#0"},"up":{"uv":[2.33333,13,2,9.66667],"texture":"#0"}}},{"from":[14,8.26877,9.25],"to":[17,9.76877,10.75],"rotation":{"angle":22.5,"axis":"x","origin":[15.625,11.01877,10]},"faces":{"north":{"uv":[12.66667,5.66667,13.66667,6.16667],"texture":"#0"},"east":{"uv":[14,1,14.5,1.5],"texture":"#0"},"south":{"uv":[12.66667,6.66667,13.66667,7.16667],"texture":"#0"},"west":{"uv":[14,2,14.5,2.5],"texture":"#0"},"up":{"uv":[13.66667,8.16667,12.66667,7.66667],"texture":"#0"},"down":{"uv":[9,12.66667,8,13.16667],"texture":"#0"}}},{"from":[15,9.76877,9.25],"to":[16.5,13.76877,10.75],"rotation":{"angle":22.5,"axis":"x","origin":[15.625,11.01877,10]},"faces":{"north":{"uv":[2.66667,9.66667,3.16667,11],"texture":"#0"},"east":{"uv":[3.66667,10.33333,4.16667,11.66667],"texture":"#0"},"south":{"uv":[9.66667,10.33333,10.16667,11.66667],"texture":"#0"},"west":{"uv":[10.66667,10.33333,11.16667,11.66667],"texture":"#0"},"up":{"uv":[3.16667,14.5,2.66667,14],"texture":"#0"},"down":{"uv":[14.5,3,14,3.5],"texture":"#0"}}},{"from":[17,8.26877,9.25],"to":[18.5,11.76877,10.75],"rotation":{"angle":22.5,"axis":"x","origin":[15.625,11.01877,10]},"faces":{"north":{"uv":[6,11.33333,6.5,12.5],"texture":"#0"},"east":{"uv":[7,11.33333,7.5,12.5],"texture":"#0"},"south":{"uv":[11.66667,6,12.16667,7.16667],"texture":"#0"},"west":{"uv":[11.66667,7.66667,12.16667,8.83333],"texture":"#0"},"up":{"uv":[4.16667,14.5,3.66667,14],"texture":"#0"},"down":{"uv":[14.5,4,14,4.5],"texture":"#0"}}},{"from":[14.5,12.26877,9.25],"to":[15,13.76877,10.75],"rotation":{"angle":22.5,"axis":"x","origin":[15.625,11.01877,10]},"faces":{"north":{"uv":[12,14.66667,12.16667,15.16667],"texture":"#0"},"east":{"uv":[4.66667,14,5.16667,14.5],"texture":"#0"},"south":{"uv":[14.66667,13.33333,14.83333,13.83333],"texture":"#0"},"west":{"uv":[14,5,14.5,5.5],"texture":"#0"},"up":{"uv":[15.16667,1.5,15,1],"texture":"#0"},"down":{"uv":[15.16667,2,15,2.5],"texture":"#0"}}},{"from":[13,7.76877,8.75],"to":[14,10.26877,11.25],"rotation":{"angle":22.5,"axis":"x","origin":[15.625,11.01877,10]},"faces":{"north":{"uv":[13.33333,10.66667,13.66667,11.5],"texture":"#0"},"east":{"uv":[9.66667,6,10.5,6.83333],"texture":"#0"},"south":{"uv":[11.33333,13.33333,11.66667,14.16667],"texture":"#0"},"west":{"uv":[9.66667,9,10.5,9.83333],"texture":"#0"},"up":{"uv":[12.33333,14.16667,12,13.33333],"texture":"#0"},"down":{"uv":[13.66667,12,13.33333,12.83333],"texture":"#0"}}},{"from":[5.07926,1.69108,2.975],"to":[6.57926,4.69108,4.025],"rotation":{"angle":22.5,"axis":"z","origin":[6.07926,3.69108,7.975]},"faces":{"north":{"uv":[12.83333,10.66667,12.33333,11.66667],"texture":"#0"},"east":{"uv":[1.66667,13.33333,1.33333,14.33333],"texture":"#0"},"south":{"uv":[12.83333,12,12.33333,13],"texture":"#0"},"west":{"uv":[13.66667,1,13.33333,2],"texture":"#0"},"up":{"uv":[8.66667,15,9.16667,14.66667],"texture":"#0"},"down":{"uv":[14.66667,10.66667,15.16667,11],"texture":"#0"}}},{"from":[5.55462,8.80792,2.9975],"to":[6.62962,10.28292,6.0025],"rotation":{"angle":22.5,"axis":"z","origin":[6.05462,3.50792,12.4975]},"faces":{"north":{"uv":[11.66667,14.66667,11.33333,15.16667],"texture":"#0"},"east":{"uv":[13.66667,4.66667,12.66667,5.16667],"texture":"#0"},"south":{"uv":[15,11.33333,14.66667,11.83333],"texture":"#0"},"west":{"uv":[13.66667,3.66667,12.66667,4.16667],"texture":"#0"},"up":{"uv":[2,14.33333,2.33333,13.33333],"texture":"#0"},"down":{"uv":[13.33333,2.33333,13.66667,3.33333],"texture":"#0"}}},{"from":[2,7.76877,8.75],"to":[3,10.26877,11.25],"rotation":{"angle":22.5,"axis":"x","origin":[0.375,11.01877,10]},"faces":{"north":{"uv":[13.66667,10.66667,13.33333,11.5],"texture":"#0"},"east":{"uv":[10.5,9,9.66667,9.83333],"texture":"#0"},"south":{"uv":[11.66667,13.33333,11.33333,14.16667],"texture":"#0"},"west":{"uv":[10.5,6,9.66667,6.83333],"texture":"#0"},"up":{"uv":[12,14.16667,12.33333,13.33333],"texture":"#0"},"down":{"uv":[13.33333,12,13.66667,12.83333],"texture":"#0"}}},{"from":[1,12.26877,9.25],"to":[1.5,13.76877,10.75],"rotation":{"angle":22.5,"axis":"x","origin":[0.375,11.01877,10]},"faces":{"north":{"uv":[12.16667,14.66667,12,15.16667],"texture":"#0"},"east":{"uv":[14.5,5,14,5.5],"texture":"#0"},"south":{"uv":[14.83333,13.33333,14.66667,13.83333],"texture":"#0"},"west":{"uv":[5.16667,14,4.66667,14.5],"texture":"#0"},"up":{"uv":[15,1.5,15.16667,1],"texture":"#0"},"down":{"uv":[15,2,15.16667,2.5],"texture":"#0"}}},{"from":[-2.5,8.26877,9.25],"to":[-1,11.76877,10.75],"rotation":{"angle":22.5,"axis":"x","origin":[0.375,11.01877,10]},"faces":{"north":{"uv":[6.5,11.33333,6,12.5],"texture":"#0"},"east":{"uv":[12.16667,7.66667,11.66667,8.83333],"texture":"#0"},"south":{"uv":[12.16667,6,11.66667,7.16667],"texture":"#0"},"west":{"uv":[7.5,11.33333,7,12.5],"texture":"#0"},"up":{"uv":[3.66667,14.5,4.16667,14],"texture":"#0"},"down":{"uv":[14,4,14.5,4.5],"texture":"#0"}}},{"from":[-0.5,9.76877,9.25],"to":[1,13.76877,10.75],"rotation":{"angle":22.5,"axis":"x","origin":[0.375,11.01877,10]},"faces":{"north":{"uv":[3.16667,9.66667,2.66667,11],"texture":"#0"},"east":{"uv":[11.16667,10.33333,10.66667,11.66667],"texture":"#0"},"south":{"uv":[10.16667,10.33333,9.66667,11.66667],"texture":"#0"},"west":{"uv":[4.16667,10.33333,3.66667,11.66667],"texture":"#0"},"up":{"uv":[2.66667,14.5,3.16667,14],"texture":"#0"},"down":{"uv":[14,3,14.5,3.5],"texture":"#0"}}},{"from":[-1,8.26877,9.25],"to":[2,9.76877,10.75],"rotation":{"angle":22.5,"axis":"x","origin":[0.375,11.01877,10]},"faces":{"north":{"uv":[13.66667,5.66667,12.66667,6.16667],"texture":"#0"},"east":{"uv":[14.5,2,14,2.5],"texture":"#0"},"south":{"uv":[13.66667,6.66667,12.66667,7.16667],"texture":"#0"},"west":{"uv":[14.5,1,14,1.5],"texture":"#0"},"up":{"uv":[12.66667,8.16667,13.66667,7.66667],"texture":"#0"},"down":{"uv":[8,12.66667,9,13.16667],"texture":"#0"}}},{"from":[2.97,4.57586,9],"to":[3,7.57586,13],"rotation":{"angle":-22.5,"axis":"y","origin":[3,2.57586,9]},"faces":{"east":{"uv":[3.66667,9,5,10],"texture":"#0"},"west":{"uv":[5,9,3.66667,10],"texture":"#0"}}}],"gui_light":"front","display":{"thirdperson_righthand":{"rotation":[53.75,0,0],"translation":[0,4.5,1.75],"scale":[0.7,0.7,0.7]},"thirdperson_lefthand":{"rotation":[53.75,0,0],"translation":[0,4.5,1.75],"scale":[0.7,0.7,0.7]},"firstperson_righthand":{"rotation":[164.25,0,-180],"translation":[1.5,4.25,0],"scale":[0.7,0.7,0.7]},"firstperson_lefthand":{"rotation":[164.25,0,-180],"translation":[1.5,4.25,0],"scale":[0.7,0.7,0.7]},"ground":{"translation":[0,5,0]},"gui":{"rotation":[0,180,0]},"head":{"translation":[0,2,0],"scale":[1.6,1.6,1.6]},"fixed":{"rotation":[-90,0,0],"translation":[0,0,-13],"scale":[2,2,2]}}}