{"credit":"Made with Blockbench","texture_size":[128,128],"textures":{"0":"elitecreatures:christmas_2023_animated/cristmas_texture_01","1":"elitecreatures:christmas_2023_animated/cristmas_animation_01","particle":"elitecreatures:christmas_2023_animated/cristmas_texture_01"},"elements":[{"from":[6.5,-15,5.5],"to":[9.5,-12,8.5],"rotation":{"angle":45,"axis":"x","origin":[7.7625,-14.5,8.0625]},"faces":{"north":{"uv":[2.25,1.5625,2.625,1.9375],"rotation":270,"texture":"#0"},"east":{"uv":[2.25,1.9375,1.875,1.5625],"texture":"#0"},"south":{"uv":[2.625,1.5625,3,1.9375],"texture":"#0"},"west":{"uv":[1.875,1.9375,2.25,1.5625],"texture":"#0"},"up":{"uv":[2.25,1.5625,2.625,1.9375],"rotation":270,"texture":"#0"},"down":{"uv":[2.625,1.9375,3,1.5625],"texture":"#0"}}},{"from":[7,-4,7],"to":[9,16,9],"rotation":{"angle":0,"axis":"y","origin":[0,4,17]},"faces":{"north":{"uv":[0,5.875,0.25,8.375],"texture":"#0"},"east":{"uv":[0,5.875,0.25,8.375],"texture":"#0"},"south":{"uv":[0,5.875,0.25,8.375],"texture":"#0"},"west":{"uv":[0,5.875,0.25,8.375],"texture":"#0"},"up":{"uv":[0,5.875,0.25,6.125],"texture":"#0"},"down":{"uv":[0,5.875,0.25,6.125],"texture":"#0"}}},{"from":[7,-11,7],"to":[9,-4,9],"rotation":{"angle":0,"axis":"y","origin":[0,4,17]},"faces":{"north":{"uv":[0,12.25,0.25,13.125],"texture":"#0"},"east":{"uv":[0.8125,12.25,1.0625,13.125],"texture":"#0"},"south":{"uv":[0.5,12.25,0.75,13.125],"texture":"#0"},"west":{"uv":[0.25,12.25,0.5,13.125],"texture":"#0"},"up":{"uv":[0,5.875,0.25,6.125],"texture":"#0"},"down":{"uv":[0,5.875,0.25,6.125],"texture":"#0"}}},{"from":[6.5,-5.75,6.75],"to":[9.5,-4,9.25],"rotation":{"angle":0,"axis":"y","origin":[0,4,17]},"faces":{"north":{"uv":[0.8125,9.6875,1.125,9.9375],"texture":"#0"},"east":{"uv":[0.8125,9.6875,1.125,9.9375],"texture":"#0"},"south":{"uv":[0.8125,9.6875,1.125,9.9375],"texture":"#0"},"west":{"uv":[0.8125,9.6875,1.125,9.9375],"texture":"#0"},"up":{"uv":[0.8125,9.6875,1.125,9.8125],"texture":"#0"},"down":{"uv":[0.8125,9.875,0.875,9.9375],"texture":"#0"}}},{"from":[7.8,28,6],"to":[7.8,32,10],"rotation":{"angle":-22.5,"axis":"y","origin":[7.8,30,8]},"faces":{"north":{"uv":[0,0,0,14],"texture":"#missing"},"east":{"uv":[13.6875,0.9375,14.1875,1.4375],"texture":"#0"},"south":{"uv":[0,0,0,14],"texture":"#missing"},"west":{"uv":[14.1875,0.9375,13.6875,1.4375],"texture":"#0"},"up":{"uv":[0,16,0,0],"texture":"#missing"},"down":{"uv":[0,16,0,0],"texture":"#missing"}}},{"from":[7.8,28,6],"to":[7.8,32,10],"rotation":{"angle":22.5,"axis":"y","origin":[7.8,30,8]},"faces":{"north":{"uv":[0,0,0,14],"texture":"#missing"},"east":{"uv":[13.6875,0.9375,14.1875,1.4375],"texture":"#0"},"south":{"uv":[0,0,0,14],"texture":"#missing"},"west":{"uv":[14.1875,0.9375,13.6875,1.4375],"texture":"#0"},"up":{"uv":[0,16,0,0],"texture":"#missing"},"down":{"uv":[0,16,0,0],"texture":"#missing"}}},{"from":[6.75,-13.5,6.75],"to":[9.25,-11,9.25],"rotation":{"angle":0,"axis":"y","origin":[7,15.5,25]},"faces":{"north":{"uv":[2.1875,2.4375,2.5,2.125],"texture":"#0"},"east":{"uv":[2.1875,2.4375,2.5,2.125],"texture":"#0"},"south":{"uv":[2.1875,2.4375,2.5,2.125],"texture":"#0"},"west":{"uv":[2.1875,2.4375,2.5,2.125],"texture":"#0"},"up":{"uv":[2.5,2.4375,2.8125,2.125],"texture":"#0"},"down":{"uv":[2.5,2.4375,2.8125,2.125],"texture":"#0"}}},{"from":[7.9,-16,5.5],"to":[7.9,-9,13.5],"rotation":{"angle":-22.5,"axis":"x","origin":[7.9,-7.5,10.5]},"faces":{"north":{"uv":[0,0,0,12],"texture":"#missing"},"east":{"uv":[14.5,0,13.5,0.875],"texture":"#0"},"south":{"uv":[0,0,0,12],"texture":"#missing"},"west":{"uv":[13.5,0,14.5,0.875],"texture":"#0"},"up":{"uv":[0,0,0,10],"texture":"#missing"},"down":{"uv":[0,0,0,10],"texture":"#missing"}}},{"from":[6.4,-16,5.5],"to":[6.4,-11,10.5],"rotation":{"angle":0,"axis":"y","origin":[0,16,0]},"faces":{"north":{"uv":[0,14,0,0],"texture":"#missing"},"east":{"uv":[16,1.9375,15,0.9375],"texture":"#0"},"south":{"uv":[0,14,0,0],"texture":"#missing"},"west":{"uv":[15,1.9375,16,0.9375],"texture":"#0"},"up":{"uv":[0,16,0,0],"texture":"#missing"},"down":{"uv":[0,16,0,0],"texture":"#missing"}}},{"from":[9.6,-16,5.5],"to":[9.6,-11,10.5],"rotation":{"angle":0,"axis":"y","origin":[16,16,0]},"faces":{"north":{"uv":[0,14,0,0],"texture":"#missing"},"east":{"uv":[16,1.9375,15,0.9375],"texture":"#0"},"south":{"uv":[0,14,0,0],"texture":"#missing"},"west":{"uv":[15,1.9375,16,0.9375],"texture":"#0"},"up":{"uv":[0,16,0,0],"texture":"#missing"},"down":{"uv":[0,16,0,0],"texture":"#missing"}}},{"from":[4.8,17,4],"to":[4.8,25,12],"rotation":{"angle":0,"axis":"y","origin":[-0.5,19,0]},"faces":{"north":{"uv":[0,0,0,16],"texture":"#1"},"east":{"uv":[16,0,0,16],"texture":"#1"},"south":{"uv":[0,0,0,16],"texture":"#1"},"west":{"uv":[0,0,16,16],"texture":"#1"},"up":{"uv":[0,16,0,0],"texture":"#1"},"down":{"uv":[0,0,0,16],"texture":"#1"}}},{"from":[10.7,17,4],"to":[10.7,25,12],"rotation":{"angle":0,"axis":"y","origin":[16,19,0]},"faces":{"north":{"uv":[0,0,0,16],"texture":"#1"},"east":{"uv":[16,0,0,16],"texture":"#1"},"south":{"uv":[0,0,0,16],"texture":"#1"},"west":{"uv":[0,0,16,16],"texture":"#1"},"up":{"uv":[0,16,0,0],"texture":"#1"},"down":{"uv":[0,0,0,16],"texture":"#1"}}},{"from":[6.75,16,6.75],"to":[9.25,18.5,9.25],"rotation":{"angle":0,"axis":"y","origin":[7,11.5,25]},"faces":{"north":{"uv":[1.5625,2.125,1.875,2.4375],"texture":"#0"},"east":{"uv":[1.5625,2.125,1.875,2.4375],"texture":"#0"},"south":{"uv":[1.5625,2.125,1.875,2.4375],"texture":"#0"},"west":{"uv":[1.5625,2.125,1.875,2.4375],"texture":"#0"},"up":{"uv":[1.875,2.125,2.1875,2.4375],"texture":"#0"},"down":{"uv":[1.875,2.125,2.1875,2.4375],"texture":"#0"}}},{"from":[5,14.5,8],"to":[11,16.5,13],"rotation":{"angle":-45,"axis":"x","origin":[17,18.375,10]},"faces":{"north":{"uv":[1.75,1.875,1,2.125],"texture":"#0"},"east":{"uv":[1,1.625,1.625,1.875],"texture":"#0"},"south":{"uv":[1.75,1.875,1,2.125],"texture":"#0"},"west":{"uv":[1.625,1.625,1,1.875],"texture":"#0"},"up":{"uv":[1,1.5,1.75,0.875],"texture":"#0"},"down":{"uv":[1,1.5,1.75,0.875],"texture":"#0"}}},{"from":[5.5,21.5,5],"to":[10.5,23.5,11],"rotation":{"angle":0,"axis":"y","origin":[5.2956,16.84526,0.7]},"faces":{"north":{"uv":[1.625,1.625,1,1.875],"texture":"#0"},"east":{"uv":[1.75,1.875,1,2.125],"texture":"#0"},"south":{"uv":[1,1.625,1.625,1.875],"texture":"#0"},"west":{"uv":[1.75,1.875,1,2.125],"texture":"#0"},"up":{"uv":[1,1.5,1.75,0.875],"rotation":90,"texture":"#0"},"down":{"uv":[1,1.5,1.75,0.875],"rotation":270,"texture":"#0"}}},{"from":[6.5,23.5,6],"to":[9.5,26.5,10],"rotation":{"angle":0,"axis":"y","origin":[5.2956,16.84526,0.7]},"faces":{"north":{"uv":[1.5,0,1.125,0.375],"texture":"#0"},"east":{"uv":[2.125,0,1.625,0.375],"texture":"#0"},"south":{"uv":[1.125,0,1.5,0.375],"texture":"#0"},"west":{"uv":[2.125,0,1.625,0.375],"texture":"#0"},"up":{"uv":[1.125,0.75,1.625,0.375],"rotation":90,"texture":"#0"},"down":{"uv":[1.125,0.75,1.625,0.375],"rotation":270,"texture":"#0"}}},{"from":[7,26.5,7],"to":[9,28,9],"rotation":{"angle":0,"axis":"y","origin":[5.2956,16.84526,0.7]},"faces":{"north":{"uv":[2.125,0.8125,1.875,1],"texture":"#0"},"east":{"uv":[2,0.625,1.75,0.8125],"texture":"#0"},"south":{"uv":[1.875,0.8125,2.125,1],"texture":"#0"},"west":{"uv":[2,0.625,1.75,0.8125],"texture":"#0"},"up":{"uv":[1.75,0.625,2,0.375],"rotation":90,"texture":"#0"},"down":{"uv":[1.75,0.625,2,0.375],"rotation":270,"texture":"#0"}}},{"from":[5,14.5,3],"to":[11,16.5,8],"rotation":{"angle":45,"axis":"x","origin":[17,18.375,6]},"faces":{"north":{"uv":[1,1.875,1.75,2.125],"texture":"#0"},"east":{"uv":[1.625,1.625,1,1.875],"texture":"#0"},"south":{"uv":[1,1.875,1.75,2.125],"texture":"#0"},"west":{"uv":[1,1.625,1.625,1.875],"texture":"#0"},"up":{"uv":[1,0.875,1.75,1.5],"texture":"#0"},"down":{"uv":[1,0.875,1.75,1.5],"texture":"#0"}}},{"from":[6,16.5,4],"to":[10,19.5,7],"rotation":{"angle":45,"axis":"x","origin":[17,18.375,6]},"faces":{"north":{"uv":[1.625,0,2.125,0.375],"texture":"#0"},"east":{"uv":[1.5,0,1.125,0.375],"texture":"#0"},"south":{"uv":[1.625,0,2.125,0.375],"texture":"#0"},"west":{"uv":[1.125,0,1.5,0.375],"texture":"#0"},"up":{"uv":[1.125,0.375,1.625,0.75],"texture":"#0"},"down":{"uv":[1.125,0.375,1.625,0.75],"texture":"#0"}}},{"from":[6,16.5,9],"to":[10,19.5,12],"rotation":{"angle":-45,"axis":"x","origin":[17,18.375,10]},"faces":{"north":{"uv":[2.125,0,1.625,0.375],"texture":"#0"},"east":{"uv":[1.125,0,1.5,0.375],"texture":"#0"},"south":{"uv":[2.125,0,1.625,0.375],"texture":"#0"},"west":{"uv":[1.5,0,1.125,0.375],"texture":"#0"},"up":{"uv":[1.125,0.75,1.625,0.375],"texture":"#0"},"down":{"uv":[1.125,0.75,1.625,0.375],"texture":"#0"}}},{"from":[5.75,19.3,7.5],"to":[10.25,21.8,10],"rotation":{"angle":-45,"axis":"x","origin":[7,19.8,8]},"faces":{"north":{"uv":[2.1875,1,2.5,1.5625],"rotation":90,"texture":"#0"},"east":{"uv":[2.25,0.4375,2.5625,0.75],"rotation":90,"texture":"#0"},"south":{"uv":[1.875,1,2.1875,1.5625],"rotation":90,"texture":"#0"},"west":{"uv":[2.25,0.75,2.5625,0.4375],"rotation":90,"texture":"#0"},"up":{"uv":[1.875,1,2.1875,1.5625],"rotation":90,"texture":"#0"},"down":{"uv":[2.1875,1,2.5,1.5625],"rotation":90,"texture":"#0"}}},{"from":[10.1,18,5.5],"to":[10.1,25,10.5],"rotation":{"angle":22.5,"axis":"x","origin":[10.1,26.5,5.5]},"faces":{"north":{"uv":[0,0,0,12],"texture":"#missing"},"east":{"uv":[14.5,0,15.125,0.875],"texture":"#0"},"south":{"uv":[0,0,0,12],"texture":"#missing"},"west":{"uv":[15.125,0,14.5,0.875],"texture":"#0"},"up":{"uv":[0,10,0,0],"texture":"#missing"},"down":{"uv":[0,10,0,0],"texture":"#missing"}}},{"from":[10.1,18,5.5],"to":[10.1,25,10.5],"rotation":{"angle":-22.5,"axis":"x","origin":[10.1,26.5,10.5]},"faces":{"north":{"uv":[0,0,0,12],"texture":"#missing"},"east":{"uv":[15.125,0,14.5,0.875],"texture":"#0"},"south":{"uv":[0,0,0,12],"texture":"#missing"},"west":{"uv":[14.5,0,15.125,0.875],"texture":"#0"},"up":{"uv":[0,0,0,10],"texture":"#missing"},"down":{"uv":[0,0,0,10],"texture":"#missing"}}},{"from":[5.4,18,5.5],"to":[5.4,25,10.5],"rotation":{"angle":-22.5,"axis":"x","origin":[5.4,26.5,10.5]},"faces":{"north":{"uv":[0,0,0,12],"texture":"#missing"},"east":{"uv":[15.125,0,14.5,0.875],"texture":"#0"},"south":{"uv":[0,0,0,12],"texture":"#missing"},"west":{"uv":[14.5,0,15.125,0.875],"texture":"#0"},"up":{"uv":[0,0,0,10],"texture":"#missing"},"down":{"uv":[0,0,0,10],"texture":"#missing"}}},{"from":[5.4,18,5.5],"to":[5.4,25,10.5],"rotation":{"angle":22.5,"axis":"x","origin":[5.4,26.5,5.5]},"faces":{"north":{"uv":[0,0,0,12],"texture":"#missing"},"east":{"uv":[14.5,0,15.125,0.875],"texture":"#0"},"south":{"uv":[0,0,0,12],"texture":"#missing"},"west":{"uv":[15.125,0,14.5,0.875],"texture":"#0"},"up":{"uv":[0,10,0,0],"texture":"#missing"},"down":{"uv":[0,10,0,0],"texture":"#missing"}}},{"from":[6.45,18.5,5],"to":[9.55,22,8.5],"rotation":{"angle":45,"axis":"x","origin":[7.7625,19,8.0625]},"faces":{"north":{"uv":[2.6875,0.4375,3.075,0],"texture":"#0"},"east":{"uv":[2.6875,0.4375,2.25,0],"texture":"#0"},"south":{"uv":[2.6875,0.4375,3.075,0],"texture":"#0"},"west":{"uv":[2.25,0.4375,2.6875,0],"texture":"#0"},"up":{"uv":[3.125,0,3.5625,0.3875],"rotation":270,"texture":"#0"},"down":{"uv":[3.125,0,3.5625,0.3875],"rotation":270,"texture":"#0"}}},{"from":[6.5,18,3.5],"to":[9.5,21,12.5],"rotation":{"angle":0,"axis":"y","origin":[8,12.38858,8.0625]},"faces":{"north":{"uv":[1.125,2.5,1.5,2.125],"texture":"#0"},"east":{"uv":[1.125,2.625,0,2.25],"texture":"#0"},"south":{"uv":[1.125,2.5,1.5,2.125],"texture":"#0"},"west":{"uv":[0,2.625,1.125,2.25],"texture":"#0"},"up":{"uv":[0,2.625,1.125,3],"rotation":270,"texture":"#0"},"down":{"uv":[0,3,1.125,3.375],"rotation":270,"texture":"#0"}}},{"from":[7.75,21,2],"to":[8.25,24.5,9],"rotation":{"angle":0,"axis":"y","origin":[-0.3,9.5,0.5]},"faces":{"north":{"uv":[2.0625,6.5625,2,7],"texture":"#0"},"east":{"uv":[0.25,6.5625,1.125,7],"texture":"#0"},"south":{"uv":[2.0625,6.5625,2,7],"texture":"#0"},"west":{"uv":[0.25,6.5625,1.125,7],"texture":"#0"},"up":{"uv":[0,8.375,0.0625,9.25],"texture":"#0"},"down":{"uv":[0,8.375,0.0625,9.25],"texture":"#0"}}},{"from":[7.8,23.9,1.5],"to":[8.2,26.4,5.5],"rotation":{"angle":-45,"axis":"x","origin":[7.7,22.75,9]},"faces":{"north":{"uv":[2.175,6.5625,2.125,6.875],"texture":"#0"},"east":{"uv":[2.0625,6.25,2.5625,6.5625],"texture":"#0"},"south":{"uv":[2.175,6.5625,2.125,6.875],"texture":"#0"},"west":{"uv":[2.0625,6.25,2.5625,6.5625],"texture":"#0"},"up":{"uv":[2.0625,6.5625,2.1125,7.0625],"texture":"#0"},"down":{"uv":[2.0625,6.5625,2.1125,7.0625],"texture":"#0"}}},{"from":[7.6,13.6,0.35],"to":[8.4,18.2,3.35],"rotation":{"angle":45,"axis":"x","origin":[7.7,15.82398,1.20175]},"faces":{"north":{"uv":[2.5625,5.875,2.6625,6.45],"texture":"#0"},"east":{"uv":[1.95625,6.25,2.53125,5.875],"rotation":270,"texture":"#0"},"south":{"uv":[2.5625,5.875,2.6625,6.45],"texture":"#0"},"west":{"uv":[1.95625,5.875,2.53125,6.25],"rotation":270,"texture":"#0"},"up":{"uv":[2.7875,5.875,2.6875,6.25],"texture":"#0"},"down":{"uv":[2.7875,5.875,2.6875,6.25],"texture":"#0"}}},{"from":[7.55,14.5,-3.1],"to":[8.45,20,1.9],"rotation":{"angle":-22.5,"axis":"x","origin":[7.7,20,-3]},"faces":{"north":{"uv":[1.925,5.875,1.8125,6.5625],"texture":"#0"},"east":{"uv":[1.8125,5.875,1.1875,6.5625],"texture":"#0"},"south":{"uv":[2.3,6.5625,2.1875,7.25],"texture":"#0"},"west":{"uv":[1.1875,5.875,1.8125,6.5625],"texture":"#0"},"up":{"uv":[1.9375,5.875,2.05,6.5],"texture":"#0"},"down":{"uv":[1.9375,5.875,2.05,6.5],"texture":"#0"}}},{"from":[7.55,25,-3.1],"to":[8.45,30.5,1.9],"rotation":{"angle":22.5,"axis":"x","origin":[7.7,25,-3]},"faces":{"north":{"uv":[1.925,6.5625,1.8125,5.875],"texture":"#0"},"east":{"uv":[1.8125,6.5625,1.1875,5.875],"texture":"#0"},"south":{"uv":[2.3,7.25,2.1875,6.5625],"texture":"#0"},"west":{"uv":[1.1875,6.5625,1.8125,5.875],"texture":"#0"},"up":{"uv":[1.9375,6.5,2.05,5.875],"texture":"#0"},"down":{"uv":[1.9375,6.5,2.05,5.875],"texture":"#0"}}},{"from":[8,23,5.5],"to":[8,30,10.5],"rotation":{"angle":22.5,"axis":"x","origin":[8,32.5,6.5]},"faces":{"north":{"uv":[0,0,0,12],"texture":"#missing"},"east":{"uv":[13.0625,0,13.6875,0.875],"texture":"#0"},"south":{"uv":[0,0,0,12],"texture":"#missing"},"west":{"uv":[13.6875,0,13.0625,0.875],"texture":"#0"},"up":{"uv":[0,10,0,0],"texture":"#missing"},"down":{"uv":[0,10,0,0],"texture":"#missing"}}},{"from":[8,23,5.5],"to":[8,30,10.5],"rotation":{"angle":-22.5,"axis":"x","origin":[8,32.5,9.5]},"faces":{"north":{"uv":[0,0,0,12],"texture":"#missing"},"east":{"uv":[13.6875,0,13.0625,0.875],"texture":"#0"},"south":{"uv":[0,0,0,12],"texture":"#missing"},"west":{"uv":[13.0625,0,13.6875,0.875],"texture":"#0"},"up":{"uv":[0,0,0,10],"texture":"#missing"},"down":{"uv":[0,0,0,10],"texture":"#missing"}}},{"from":[7.6,26.8,0.35],"to":[8.4,31.4,3.35],"rotation":{"angle":-45,"axis":"x","origin":[7.7,29.17602,1.20175]},"faces":{"north":{"uv":[2.5625,6.45,2.6625,5.875],"texture":"#0"},"east":{"uv":[2.53125,6.25,1.95625,5.875],"rotation":270,"texture":"#0"},"south":{"uv":[2.5625,6.45,2.6625,5.875],"texture":"#0"},"west":{"uv":[2.53125,5.875,1.95625,6.25],"rotation":270,"texture":"#0"},"up":{"uv":[2.7875,6.25,2.6875,5.875],"texture":"#0"},"down":{"uv":[2.7875,6.25,2.6875,5.875],"texture":"#0"}}},{"from":[7.5,20,-3.1],"to":[8.5,25.5,2.4],"rotation":{"angle":0,"axis":"y","origin":[-0.3,8.5,0.5]},"faces":{"north":{"uv":[1.0625,5.875,0.9375,6.5625],"texture":"#0"},"east":{"uv":[0.9375,5.875,0.25,6.5625],"texture":"#0"},"south":{"uv":[2.4375,6.5625,2.3125,7.25],"texture":"#0"},"west":{"uv":[0.25,5.875,0.9375,6.5625],"texture":"#0"},"up":{"uv":[1.0625,5.875,1.1875,6.5625],"texture":"#0"},"down":{"uv":[1.0625,5.875,1.1875,6.5625],"texture":"#0"}}},{"from":[7.5,19.4,10],"to":[8.5,24.4,13.5],"rotation":{"angle":0,"axis":"y","origin":[-0.3,8.5,0.5]},"faces":{"north":{"uv":[1.0625,5.875,1.1875,6.5],"rotation":180,"texture":"#0"},"east":{"uv":[0.875,6.125,0.25,6.5625],"rotation":90,"texture":"#0"},"south":{"uv":[0.8125,5.875,0.9375,6.5],"texture":"#0"},"west":{"uv":[0.25,6.125,0.875,6.5625],"rotation":90,"texture":"#0"},"up":{"uv":[1.0625,5.875,0.9375,6.3125],"rotation":180,"texture":"#0"},"down":{"uv":[2.4375,6.5625,2.3125,7],"texture":"#0"}}},{"from":[7.9,19.4,13.5],"to":[7.9,24.4,20],"rotation":{"angle":0,"axis":"y","origin":[8,32.25,8]},"faces":{"north":{"uv":[12,2.5,12,8.5],"rotation":180,"texture":"#missing"},"east":{"uv":[13.125,3.5625,13.75,2.75],"rotation":90,"texture":"#0"},"south":{"uv":[12,2.5,12,8.5],"texture":"#missing"},"west":{"uv":[13.125,2.75,13.75,3.5625],"rotation":90,"texture":"#0"},"up":{"uv":[4.5,17.5,4.5,24.5],"rotation":180,"texture":"#missing"},"down":{"uv":[4.5,17.5,4.5,24.5],"texture":"#missing"}}}],"gui_light":"front","display":{"thirdperson_righthand":{"translation":[0,3.25,1.5],"scale":[0.65,0.65,0.65]},"thirdperson_lefthand":{"translation":[0,3.25,1.5],"scale":[0.65,0.65,0.65]},"firstperson_righthand":{"rotation":[-12,15,3],"translation":[4.25,3.25,-4],"scale":[0.60938,0.60938,0.60938]},"firstperson_lefthand":{"rotation":[-12,15,3],"translation":[4.25,3.25,-4],"scale":[0.60938,0.60938,0.60938]},"ground":{"rotation":[0,0,90],"translation":[1.25,0.25,0],"scale":[0.5,0.5,0.5]},"gui":{"rotation":[105,129,-90],"translation":[0.5,0,-1.25],"scale":[0.4068,0.4068,0.4068]},"head":{"rotation":[90,-168,90],"translation":[-0.5,11.75,0],"scale":[0.56,0.56,0.56]},"fixed":{"rotation":[0,90,0],"translation":[0,2,-2.25],"scale":[1.06922,1.06922,1.06922]}}}