{"credit":"Made with Blockbench","textures":{"3":"furnace_gearworks:texture","4":"furnace_gearworks:cog","5":"furnace_gearworks:piston","6":"furnace_gearworks:smoke","7":"furnace_gearworks:piston_1","8":"furnace_gearworks:wings","particle":"furnace_gearworks:piston_1","main":"furnace_gearworks:big_cog"},"elements":[{"from":[2,14.27609,12.95],"to":[14,26.27609,13.05],"rotation":{"angle":0,"axis":"y","origin":[8,20.26305,13]},"faces":{"north":{"uv":[0.375,0.375,3.75,3.75],"texture":"#main","tintindex":0},"south":{"uv":[0.375,0.375,3.75,3.75],"texture":"#main","tintindex":0}}},{"from":[8,2.27609,10],"to":[32,26.27609,10],"rotation":{"angle":0,"axis":"y","origin":[25,20.27609,9.95]},"faces":{"north":{"uv":[16,0,0,16],"texture":"#8","tintindex":0},"south":{"uv":[0,0,16,16],"texture":"#8","tintindex":0}}},{"from":[-16,2.27609,10],"to":[8,26.27609,10],"rotation":{"angle":0,"axis":"y","origin":[-9,20.27609,9.95]},"faces":{"north":{"uv":[0,0,16,16],"texture":"#8","tintindex":0},"south":{"uv":[16,0,0,16],"texture":"#8","tintindex":0}}},{"from":[2.00499,14.2751,12.95],"to":[14.00499,26.2751,13.05],"rotation":{"angle":22.5,"axis":"z","origin":[8,20.26305,13]},"faces":{"north":{"uv":[4.375,0.375,7.75,3.75],"texture":"#main","tintindex":0},"south":{"uv":[4.375,0.375,7.75,3.75],"texture":"#main","tintindex":0}}},{"from":[2.00922,14.27227,12.95],"to":[14.00922,26.27227,13.05],"rotation":{"angle":45,"axis":"z","origin":[8,20.26305,13]},"faces":{"north":{"uv":[8.375,0.375,11.75,3.75],"texture":"#main","tintindex":0},"south":{"uv":[8.375,0.375,11.75,3.75],"texture":"#main","tintindex":0}}},{"from":[1.99501,14.2751,12.95],"to":[13.99501,26.2751,13.05],"rotation":{"angle":-22.5,"axis":"z","origin":[8,20.26305,13]},"faces":{"north":{"uv":[12.375,0.375,15.75,3.75],"rotation":90,"texture":"#main","tintindex":0},"south":{"uv":[12.375,0.375,15.75,3.75],"rotation":270,"texture":"#main","tintindex":0}}},{"from":[2,14.27609,12.95],"to":[14,26.27609,13.05],"rotation":{"angle":0,"axis":"y","origin":[8,20.26305,13]},"faces":{"north":{"uv":[0.375,4.375,3.75,7.75],"rotation":90,"texture":"#main","tintindex":0},"south":{"uv":[0.375,4.375,3.75,7.75],"rotation":270,"texture":"#main","tintindex":0}}},{"from":[2.00499,14.2751,12.95],"to":[14.00499,26.2751,13.05],"rotation":{"angle":22.5,"axis":"z","origin":[8,20.26305,13]},"faces":{"north":{"uv":[4.375,4.375,7.75,7.75],"rotation":90,"texture":"#main","tintindex":0},"south":{"uv":[4.375,4.375,7.75,7.75],"rotation":270,"texture":"#main","tintindex":0}}},{"from":[2.00922,14.27227,12.95],"to":[14.00922,26.27227,13.05],"rotation":{"angle":45,"axis":"z","origin":[8,20.26305,13]},"faces":{"north":{"uv":[8.375,4.375,11.75,7.75],"rotation":90,"texture":"#main","tintindex":0},"south":{"uv":[8.375,4.375,11.75,7.75],"rotation":270,"texture":"#main","tintindex":0}}},{"from":[1.99501,14.2751,12.95],"to":[13.99501,26.2751,13.05],"rotation":{"angle":-22.5,"axis":"z","origin":[8,20.26305,13]},"faces":{"north":{"uv":[12.375,4.375,15.75,7.75],"rotation":180,"texture":"#main","tintindex":0},"south":{"uv":[12.375,4.375,15.75,7.75],"rotation":180,"texture":"#main","tintindex":0}}},{"from":[2,14.27609,12.95],"to":[14,26.27609,13.05],"rotation":{"angle":0,"axis":"y","origin":[8,20.26305,13]},"faces":{"north":{"uv":[0.375,8.375,3.75,11.75],"rotation":180,"texture":"#main","tintindex":0},"south":{"uv":[0.375,8.375,3.75,11.75],"rotation":180,"texture":"#main","tintindex":0}}},{"from":[2.00499,14.2751,12.95],"to":[14.00499,26.2751,13.05],"rotation":{"angle":22.5,"axis":"z","origin":[8,20.26305,13]},"faces":{"north":{"uv":[4.375,8.375,7.75,11.75],"rotation":180,"texture":"#main","tintindex":0},"south":{"uv":[4.375,8.375,7.75,11.75],"rotation":180,"texture":"#main","tintindex":0}}},{"from":[2.00922,14.27227,12.95],"to":[14.00922,26.27227,13.05],"rotation":{"angle":45,"axis":"z","origin":[8,20.26305,13]},"faces":{"north":{"uv":[8.375,8.375,11.75,11.75],"rotation":180,"texture":"#main","tintindex":0},"south":{"uv":[8.375,8.375,11.75,11.75],"rotation":180,"texture":"#main","tintindex":0}}},{"from":[1.99501,14.2751,12.95],"to":[13.99501,26.2751,13.05],"rotation":{"angle":-22.5,"axis":"z","origin":[8,20.26305,13]},"faces":{"north":{"uv":[12.375,8.375,15.75,11.75],"rotation":270,"texture":"#main","tintindex":0},"south":{"uv":[12.375,8.375,15.75,11.75],"rotation":90,"texture":"#main","tintindex":0}}},{"from":[2,14.27609,12.95],"to":[14,26.27609,13.05],"rotation":{"angle":0,"axis":"y","origin":[8,20.26305,13]},"faces":{"north":{"uv":[0.375,12.375,3.75,15.75],"rotation":270,"texture":"#main","tintindex":0},"south":{"uv":[0.375,12.375,3.75,15.75],"rotation":90,"texture":"#main","tintindex":0}}},{"from":[2.00499,14.2751,12.95],"to":[14.00499,26.2751,13.05],"rotation":{"angle":22.5,"axis":"z","origin":[8,20.26305,13]},"faces":{"north":{"uv":[4.375,12.375,7.75,15.75],"rotation":270,"texture":"#main","tintindex":0},"south":{"uv":[4.375,12.375,7.75,15.75],"rotation":90,"texture":"#main","tintindex":0}}},{"from":[2.00922,14.27227,12.95],"to":[14.00922,26.27227,13.05],"rotation":{"angle":45,"axis":"z","origin":[8,20.26305,13]},"faces":{"north":{"uv":[8.375,12.375,11.75,15.75],"rotation":270,"texture":"#main","tintindex":0},"south":{"uv":[8.375,12.375,11.75,15.75],"rotation":90,"texture":"#main","tintindex":0}}},{"from":[1.99501,14.2751,12.95],"to":[13.99501,26.2751,13.05],"rotation":{"angle":-22.5,"axis":"z","origin":[8,20.26305,13]},"faces":{"north":{"uv":[12.375,12.375,15.75,15.75],"texture":"#main","tintindex":0},"south":{"uv":[12.375,12.375,15.75,15.75],"texture":"#main","tintindex":0}}},{"from":[6.24078,18.50382,12.5],"to":[9.74078,22.00382,13.5],"rotation":{"angle":45,"axis":"z","origin":[8,20.26305,13]},"faces":{"north":{"uv":[0,0,16,16],"rotation":270,"texture":"#4","tintindex":0},"south":{"uv":[0,16,16,0],"rotation":270,"texture":"#4","tintindex":0}}},{"from":[12.2,9.97609,12.96],"to":[21.8,19.57609,13.04],"rotation":{"angle":0,"axis":"y","origin":[16.975,14.76305,13]},"faces":{"north":{"uv":[3.75,0.375,0.375,3.75],"texture":"#main","tintindex":0},"south":{"uv":[3.75,0.375,0.375,3.75],"texture":"#main","tintindex":0}}},{"from":[12.19311,9.98466,12.96],"to":[21.79311,19.58466,13.04],"rotation":{"angle":-22.5,"axis":"z","origin":[16.975,14.76305,13]},"faces":{"north":{"uv":[7.75,0.375,4.375,3.75],"texture":"#main","tintindex":0},"south":{"uv":[7.75,0.375,4.375,3.75],"texture":"#main","tintindex":0}}},{"from":[12.18345,9.98995,12.96],"to":[21.78345,19.58995,13.04],"rotation":{"angle":-45,"axis":"z","origin":[16.975,14.76305,13]},"faces":{"north":{"uv":[11.75,0.375,8.375,3.75],"texture":"#main","tintindex":0},"south":{"uv":[11.75,0.375,8.375,3.75],"texture":"#main","tintindex":0}}},{"from":[12.20309,9.96553,12.96],"to":[21.80309,19.56553,13.04],"rotation":{"angle":22.5,"axis":"z","origin":[16.975,14.76305,13]},"faces":{"north":{"uv":[12.375,3.75,15.75,0.375],"rotation":90,"texture":"#main","tintindex":0},"south":{"uv":[12.375,3.75,15.75,0.375],"rotation":270,"texture":"#main","tintindex":0}}},{"from":[12.2,9.97609,12.96],"to":[21.8,19.57609,13.04],"rotation":{"angle":0,"axis":"y","origin":[16.975,14.76305,13]},"faces":{"north":{"uv":[0.375,7.75,3.75,4.375],"rotation":90,"texture":"#main","tintindex":0},"south":{"uv":[0.375,7.75,3.75,4.375],"rotation":270,"texture":"#main","tintindex":0}}},{"from":[12.19311,9.98466,12.96],"to":[21.79311,19.58466,13.04],"rotation":{"angle":-22.5,"axis":"z","origin":[16.975,14.76305,13]},"faces":{"north":{"uv":[4.375,7.75,7.75,4.375],"rotation":90,"texture":"#main","tintindex":0},"south":{"uv":[4.375,7.75,7.75,4.375],"rotation":270,"texture":"#main","tintindex":0}}},{"from":[12.18345,9.98995,12.96],"to":[21.78345,19.58995,13.04],"rotation":{"angle":-45,"axis":"z","origin":[16.975,14.76305,13]},"faces":{"north":{"uv":[8.375,7.75,11.75,4.375],"rotation":90,"texture":"#main","tintindex":0},"south":{"uv":[8.375,7.75,11.75,4.375],"rotation":270,"texture":"#main","tintindex":0}}},{"from":[12.20309,9.96553,12.96],"to":[21.80309,19.56553,13.04],"rotation":{"angle":22.5,"axis":"z","origin":[16.975,14.76305,13]},"faces":{"north":{"uv":[15.75,4.375,12.375,7.75],"rotation":180,"texture":"#main","tintindex":0},"south":{"uv":[15.75,4.375,12.375,7.75],"rotation":180,"texture":"#main","tintindex":0}}},{"from":[12.2,9.97609,12.96],"to":[21.8,19.57609,13.04],"rotation":{"angle":0,"axis":"y","origin":[16.975,14.76305,13]},"faces":{"north":{"uv":[3.75,8.375,0.375,11.75],"rotation":180,"texture":"#main","tintindex":0},"south":{"uv":[3.75,8.375,0.375,11.75],"rotation":180,"texture":"#main","tintindex":0}}},{"from":[12.19311,9.98466,12.96],"to":[21.79311,19.58466,13.04],"rotation":{"angle":-22.5,"axis":"z","origin":[16.975,14.76305,13]},"faces":{"north":{"uv":[7.75,8.375,4.375,11.75],"rotation":180,"texture":"#main","tintindex":0},"south":{"uv":[7.75,8.375,4.375,11.75],"rotation":180,"texture":"#main","tintindex":0}}},{"from":[12.18345,9.98995,12.96],"to":[21.78345,19.58995,13.04],"rotation":{"angle":-45,"axis":"z","origin":[16.975,14.76305,13]},"faces":{"north":{"uv":[11.75,8.375,8.375,11.75],"rotation":180,"texture":"#main","tintindex":0},"south":{"uv":[11.75,8.375,8.375,11.75],"rotation":180,"texture":"#main","tintindex":0}}},{"from":[12.20309,9.96553,12.96],"to":[21.80309,19.56553,13.04],"rotation":{"angle":22.5,"axis":"z","origin":[16.975,14.76305,13]},"faces":{"north":{"uv":[12.375,11.75,15.75,8.375],"rotation":270,"texture":"#main","tintindex":0},"south":{"uv":[12.375,11.75,15.75,8.375],"rotation":90,"texture":"#main","tintindex":0}}},{"from":[12.2,9.97609,12.96],"to":[21.8,19.57609,13.04],"rotation":{"angle":0,"axis":"y","origin":[16.975,14.76305,13]},"faces":{"north":{"uv":[0.375,15.75,3.75,12.375],"rotation":270,"texture":"#main","tintindex":0},"south":{"uv":[0.375,15.75,3.75,12.375],"rotation":90,"texture":"#main","tintindex":0}}},{"from":[12.19311,9.98466,12.96],"to":[21.79311,19.58466,13.04],"rotation":{"angle":-22.5,"axis":"z","origin":[16.975,14.76305,13]},"faces":{"north":{"uv":[4.375,15.75,7.75,12.375],"rotation":270,"texture":"#main","tintindex":0},"south":{"uv":[4.375,15.75,7.75,12.375],"rotation":90,"texture":"#main","tintindex":0}}},{"from":[12.18345,9.98995,12.96],"to":[21.78345,19.58995,13.04],"rotation":{"angle":-45,"axis":"z","origin":[16.975,14.76305,13]},"faces":{"north":{"uv":[8.375,15.75,11.75,12.375],"rotation":270,"texture":"#main","tintindex":0},"south":{"uv":[8.375,15.75,11.75,12.375],"rotation":90,"texture":"#main","tintindex":0}}},{"from":[12.20309,9.96553,12.96],"to":[21.80309,19.56553,13.04],"rotation":{"angle":22.5,"axis":"z","origin":[16.975,14.76305,13]},"faces":{"north":{"uv":[15.75,12.375,12.375,15.75],"texture":"#main","tintindex":0},"south":{"uv":[15.75,12.375,12.375,15.75],"texture":"#main","tintindex":0}}},{"from":[15.1981,13.0215,12.5],"to":[18.6981,16.5215,13.5],"rotation":{"angle":45,"axis":"z","origin":[16.975,14.76305,13]},"faces":{"north":{"uv":[0,0,16,16],"rotation":270,"texture":"#4","tintindex":0},"south":{"uv":[0,16,16,0],"rotation":270,"texture":"#4","tintindex":0}}},{"from":[-5.8,9.97609,12.96],"to":[3.8,19.57609,13.04],"rotation":{"angle":0,"axis":"y","origin":[-0.975,14.76305,13]},"faces":{"north":{"uv":[3.75,0.375,0.375,3.75],"texture":"#main","tintindex":0},"south":{"uv":[3.75,0.375,0.375,3.75],"texture":"#main","tintindex":0}}},{"from":[-5.80309,9.96553,12.96],"to":[3.79691,19.56553,13.04],"rotation":{"angle":-22.5,"axis":"z","origin":[-0.975,14.76305,13]},"faces":{"north":{"uv":[7.75,0.375,4.375,3.75],"texture":"#main","tintindex":0},"south":{"uv":[7.75,0.375,4.375,3.75],"texture":"#main","tintindex":0}}},{"from":[-5.8019,9.95459,12.96],"to":[3.7981,19.55459,13.04],"rotation":{"angle":-45,"axis":"z","origin":[-0.975,14.76305,13]},"faces":{"north":{"uv":[11.75,0.375,8.375,3.75],"texture":"#main","tintindex":0},"south":{"uv":[11.75,0.375,8.375,3.75],"texture":"#main","tintindex":0}}},{"from":[-5.79311,9.98466,12.96],"to":[3.80689,19.58466,13.04],"rotation":{"angle":22.5,"axis":"z","origin":[-0.975,14.76305,13]},"faces":{"north":{"uv":[12.375,3.75,15.75,0.375],"rotation":90,"texture":"#main","tintindex":0},"south":{"uv":[12.375,3.75,15.75,0.375],"rotation":270,"texture":"#main","tintindex":0}}},{"from":[-5.8,9.97609,12.96],"to":[3.8,19.57609,13.04],"rotation":{"angle":0,"axis":"y","origin":[-0.975,14.76305,13]},"faces":{"north":{"uv":[0.375,7.75,3.75,4.375],"rotation":90,"texture":"#main","tintindex":0},"south":{"uv":[0.375,7.75,3.75,4.375],"rotation":270,"texture":"#main","tintindex":0}}},{"from":[-5.80309,9.96553,12.96],"to":[3.79691,19.56553,13.04],"rotation":{"angle":-22.5,"axis":"z","origin":[-0.975,14.76305,13]},"faces":{"north":{"uv":[4.375,7.75,7.75,4.375],"rotation":90,"texture":"#main","tintindex":0},"south":{"uv":[4.375,7.75,7.75,4.375],"rotation":270,"texture":"#main","tintindex":0}}},{"from":[-5.8019,9.95459,12.96],"to":[3.7981,19.55459,13.04],"rotation":{"angle":-45,"axis":"z","origin":[-0.975,14.76305,13]},"faces":{"north":{"uv":[8.375,7.75,11.75,4.375],"rotation":90,"texture":"#main","tintindex":0},"south":{"uv":[8.375,7.75,11.75,4.375],"rotation":270,"texture":"#main","tintindex":0}}},{"from":[-5.79311,9.98466,12.96],"to":[3.80689,19.58466,13.04],"rotation":{"angle":22.5,"axis":"z","origin":[-0.975,14.76305,13]},"faces":{"north":{"uv":[15.75,4.375,12.375,7.75],"rotation":180,"texture":"#main","tintindex":0},"south":{"uv":[15.75,4.375,12.375,7.75],"rotation":180,"texture":"#main","tintindex":0}}},{"from":[-5.8,9.97609,12.96],"to":[3.8,19.57609,13.04],"rotation":{"angle":0,"axis":"y","origin":[-0.975,14.76305,13]},"faces":{"north":{"uv":[3.75,8.375,0.375,11.75],"rotation":180,"texture":"#main","tintindex":0},"south":{"uv":[3.75,8.375,0.375,11.75],"rotation":180,"texture":"#main","tintindex":0}}},{"from":[-5.80309,9.96553,12.96],"to":[3.79691,19.56553,13.04],"rotation":{"angle":-22.5,"axis":"z","origin":[-0.975,14.76305,13]},"faces":{"north":{"uv":[7.75,8.375,4.375,11.75],"rotation":180,"texture":"#main","tintindex":0},"south":{"uv":[7.75,8.375,4.375,11.75],"rotation":180,"texture":"#main","tintindex":0}}},{"from":[-5.8019,9.95459,12.96],"to":[3.7981,19.55459,13.04],"rotation":{"angle":-45,"axis":"z","origin":[-0.975,14.76305,13]},"faces":{"north":{"uv":[11.75,8.375,8.375,11.75],"rotation":180,"texture":"#main","tintindex":0},"south":{"uv":[11.75,8.375,8.375,11.75],"rotation":180,"texture":"#main","tintindex":0}}},{"from":[-5.79311,9.98466,12.96],"to":[3.80689,19.58466,13.04],"rotation":{"angle":22.5,"axis":"z","origin":[-0.975,14.76305,13]},"faces":{"north":{"uv":[12.375,11.75,15.75,8.375],"rotation":270,"texture":"#main","tintindex":0},"south":{"uv":[12.375,11.75,15.75,8.375],"rotation":90,"texture":"#main","tintindex":0}}},{"from":[-5.8,9.97609,12.96],"to":[3.8,19.57609,13.04],"rotation":{"angle":0,"axis":"y","origin":[-0.975,14.76305,13]},"faces":{"north":{"uv":[0.375,15.75,3.75,12.375],"rotation":270,"texture":"#main","tintindex":0},"south":{"uv":[0.375,15.75,3.75,12.375],"rotation":90,"texture":"#main","tintindex":0}}},{"from":[-5.80309,9.96553,12.96],"to":[3.79691,19.56553,13.04],"rotation":{"angle":-22.5,"axis":"z","origin":[-0.975,14.76305,13]},"faces":{"north":{"uv":[4.375,15.75,7.75,12.375],"rotation":270,"texture":"#main","tintindex":0},"south":{"uv":[4.375,15.75,7.75,12.375],"rotation":90,"texture":"#main","tintindex":0}}},{"from":[-5.8019,9.95459,12.96],"to":[3.7981,19.55459,13.04],"rotation":{"angle":-45,"axis":"z","origin":[-0.975,14.76305,13]},"faces":{"north":{"uv":[8.375,15.75,11.75,12.375],"rotation":270,"texture":"#main","tintindex":0},"south":{"uv":[8.375,15.75,11.75,12.375],"rotation":90,"texture":"#main","tintindex":0}}},{"from":[-5.79311,9.98466,12.96],"to":[3.80689,19.58466,13.04],"rotation":{"angle":22.5,"axis":"z","origin":[-0.975,14.76305,13]},"faces":{"north":{"uv":[15.75,12.375,12.375,15.75],"texture":"#main","tintindex":0},"south":{"uv":[15.75,12.375,12.375,15.75],"texture":"#main","tintindex":0}}},{"from":[-2.71655,12.98614,12.5],"to":[0.78345,16.48614,13.5],"rotation":{"angle":45,"axis":"z","origin":[-0.975,14.76305,13]},"faces":{"north":{"uv":[0,0,16,16],"rotation":270,"texture":"#4","tintindex":0},"south":{"uv":[0,16,16,0],"rotation":270,"texture":"#4","tintindex":0}}},{"from":[7,11.5,9],"to":[9,12.5,11],"rotation":{"angle":0,"axis":"y","origin":[8,3.43165,10]},"faces":{"north":{"uv":[8,6.25,7.5,6.5],"texture":"#3","tintindex":0},"east":{"uv":[8,5.75,7.5,6],"texture":"#3","tintindex":0},"south":{"uv":[8,5.25,7.5,5.5],"texture":"#3","tintindex":0},"west":{"uv":[8,4.75,7.5,5],"texture":"#3","tintindex":0},"up":{"uv":[6.25,2.25,5.75,2.75],"rotation":90,"texture":"#3","tintindex":0},"down":{"uv":[6.25,3.5,5.75,3],"rotation":270,"texture":"#3","tintindex":0}}},{"from":[8.54643,11.19239,8.995],"to":[10.54643,12.19239,11.005],"rotation":{"angle":22.5,"axis":"z","origin":[8,3.43165,10]},"faces":{"north":{"uv":[8.25,1,7.75,1.25],"texture":"#3","tintindex":0},"east":{"uv":[8.25,0.5,7.75,0.75],"texture":"#3","tintindex":0},"south":{"uv":[8,7.25,7.5,7.5],"texture":"#3","tintindex":0},"west":{"uv":[8,6.75,7.5,7],"texture":"#3","tintindex":0},"up":{"uv":[6.25,3.75,5.75,4.25],"rotation":90,"texture":"#3","tintindex":0},"down":{"uv":[6.25,5,5.75,4.5],"rotation":270,"texture":"#3","tintindex":0}}},{"from":[0.3987,9.30571,9],"to":[2.8987,10.30571,11],"rotation":{"angle":-22.5,"axis":"z","origin":[8,3.43165,10]},"faces":{"north":{"uv":[5.625,6.75,5,7],"texture":"#3","tintindex":0},"east":{"uv":[0.5,8.25,0,8.5],"texture":"#3","tintindex":0},"south":{"uv":[4.625,6.75,4,7],"texture":"#3","tintindex":0},"west":{"uv":[8.5,7.75,8,8],"texture":"#3","tintindex":0},"up":{"uv":[2.25,4.5,1.75,5.125],"rotation":90,"texture":"#3","tintindex":0},"down":{"uv":[5.25,0.625,4.75,0],"rotation":270,"texture":"#3","tintindex":0}}},{"from":[12.23803,7.66968,9.25],"to":[15.73803,11.16968,10.75],"rotation":{"angle":45,"axis":"z","origin":[8,3.43165,10]},"faces":{"north":{"uv":[3.625,1.25,2.75,2.125],"texture":"#3","tintindex":0},"east":{"uv":[4.625,1.5,4.25,2.375],"texture":"#3","tintindex":0},"south":{"uv":[3.625,0,2.75,0.875],"texture":"#3","tintindex":0},"west":{"uv":[3.875,4,3.5,4.875],"texture":"#3","tintindex":0},"up":{"uv":[4.625,2.75,4.25,3.625],"rotation":90,"texture":"#3","tintindex":0},"down":{"uv":[4.625,4.875,4.25,4],"rotation":270,"texture":"#3","tintindex":0}}},{"from":[9.37425,11.59412,9.5],"to":[12.87425,15.09412,10.5],"rotation":{"angle":45,"axis":"z","origin":[8,3.43165,10]},"faces":{"north":{"uv":[0,0,16,16],"rotation":270,"texture":"#4","tintindex":0},"south":{"uv":[0,16,16,0],"rotation":270,"texture":"#4","tintindex":0}}},{"from":[3.12575,11.59412,9.5],"to":[6.62575,15.09412,10.5],"rotation":{"angle":-45,"axis":"z","origin":[8,3.43165,10]},"faces":{"north":{"uv":[0,16,16,0],"rotation":270,"texture":"#4","tintindex":0},"south":{"uv":[0,0,16,16],"rotation":270,"texture":"#4","tintindex":0}}},{"from":[14.53613,9.96777,9.5],"to":[18.03613,13.46777,10.5],"rotation":{"angle":45,"axis":"z","origin":[8,3.43165,10]},"faces":{"north":{"uv":[0,0,16,16],"rotation":270,"texture":"#4","tintindex":0},"south":{"uv":[0,16,16,0],"rotation":270,"texture":"#4","tintindex":0}}},{"from":[2,15.79124,9.95],"to":[5.5,19.29124,10.05],"rotation":{"angle":45,"axis":"z","origin":[3.75,16.4359,10]},"faces":{"north":{"uv":[0,16,16,0],"rotation":180,"texture":"#6","tintindex":0},"south":{"uv":[0,0,16,16],"texture":"#6","tintindex":0}}},{"from":[1.75,13.33056,9.875],"to":[5.75,17.33056,10.125],"rotation":{"angle":45,"axis":"z","origin":[3.75,16.4359,10]},"faces":{"north":{"uv":[16,0.2,0,16],"texture":"#5","tintindex":0},"south":{"uv":[0,0.2,16,16],"texture":"#5","tintindex":0}}},{"from":[0.10534,10.1859,9.875],"to":[4.10534,14.1859,10.125],"rotation":{"angle":0,"axis":"z","origin":[1,12.1859,10]},"faces":{"north":{"uv":[16,0.2,0,16],"rotation":90,"texture":"#7","tintindex":0},"south":{"uv":[0,0.2,16,16],"rotation":270,"texture":"#7","tintindex":0}}},{"from":[-1.85534,10.4359,9.95],"to":[1.64466,13.9359,10.05],"rotation":{"angle":0,"axis":"z","origin":[1,12.1859,10]},"faces":{"north":{"uv":[0,16,16,0],"rotation":270,"texture":"#6","tintindex":0},"south":{"uv":[0,0,16,16],"rotation":270,"texture":"#6","tintindex":0}}},{"from":[11.89466,10.1859,9.875],"to":[15.89466,14.1859,10.125],"rotation":{"angle":0,"axis":"z","origin":[15,12.1859,10]},"faces":{"north":{"uv":[16,16,0,0.2],"rotation":90,"texture":"#7","tintindex":0},"south":{"uv":[0,16,16,0.2],"rotation":270,"texture":"#7","tintindex":0}}},{"from":[14.35534,10.4359,9.95],"to":[17.85534,13.9359,10.05],"rotation":{"angle":0,"axis":"z","origin":[15,12.1859,10]},"faces":{"north":{"uv":[0,0,16,16],"rotation":270,"texture":"#6","tintindex":0},"south":{"uv":[0,16,16,0],"rotation":270,"texture":"#6","tintindex":0}}},{"from":[10.25,13.33056,9.875],"to":[14.25,17.33056,10.125],"rotation":{"angle":-45,"axis":"z","origin":[12.25,16.4359,10]},"faces":{"north":{"uv":[0,0.2,16,16],"texture":"#5","tintindex":0},"south":{"uv":[16,0.2,0,16],"texture":"#5","tintindex":0}}},{"from":[10.5,15.79124,9.95],"to":[14,19.29124,10.05],"rotation":{"angle":-45,"axis":"z","origin":[12.25,16.4359,10]},"faces":{"north":{"uv":[16,16,0,0],"rotation":180,"texture":"#6","tintindex":0},"south":{"uv":[16,0,0,16],"texture":"#6","tintindex":0}}},{"from":[-2.03295,5.91411,8.995],"to":[0.46705,6.91411,11.005],"rotation":{"angle":-45,"axis":"z","origin":[8,3.43165,10]},"faces":{"north":{"uv":[7.625,0,7,0.25],"texture":"#3","tintindex":0},"east":{"uv":[2,8.25,1.5,8.5],"texture":"#3","tintindex":0},"south":{"uv":[0.625,7,0,7.25],"texture":"#3","tintindex":0},"west":{"uv":[1.25,8.25,0.75,8.5],"texture":"#3","tintindex":0},"up":{"uv":[5.5,1,5,1.625],"rotation":90,"texture":"#3","tintindex":0},"down":{"uv":[5.5,2.625,5,2],"rotation":270,"texture":"#3","tintindex":0}}},{"from":[1.08791,11.00767,9.35],"to":[3.58791,12.00767,10.65],"rotation":{"angle":-22.5,"axis":"z","origin":[8,3.43165,10]},"faces":{"north":{"uv":[2.625,7,2,7.25],"texture":"#3","tintindex":0},"east":{"uv":[8.625,7,8.25,7.25],"texture":"#3","tintindex":0},"south":{"uv":[1.625,7,1,7.25],"texture":"#3","tintindex":0},"west":{"uv":[7.125,8.25,6.75,8.5],"texture":"#3","tintindex":0},"up":{"uv":[6.875,0.75,6.5,1.375],"rotation":90,"texture":"#3","tintindex":0},"down":{"uv":[6.875,2.375,6.5,1.75],"rotation":270,"texture":"#3","tintindex":0}}},{"from":[2.661,12.28138,8.99],"to":[3.371,12.99138,11.01],"rotation":{"angle":0,"axis":"y","origin":[8,3.43165,10]},"faces":{"north":{"uv":[9.375,5,9.25,5.125],"texture":"#3","tintindex":0},"east":{"uv":[0.5,8.75,0,8.875],"texture":"#3","tintindex":0},"south":{"uv":[4.375,9,4.25,9.125],"texture":"#3","tintindex":0},"west":{"uv":[9,2,8.5,2.125],"texture":"#3","tintindex":0},"up":{"uv":[9.25,0,8.75,0.125],"rotation":90,"texture":"#3","tintindex":0},"down":{"uv":[1.25,8.875,0.75,8.75],"rotation":270,"texture":"#3","tintindex":0}}},{"from":[9.17659,13.38339,9.4],"to":[10.42659,14.38339,10.6],"rotation":{"angle":22.5,"axis":"z","origin":[8,3.43165,10]},"faces":{"north":{"uv":[8.625,8.25,8.25,8.5],"texture":"#3","tintindex":0},"east":{"uv":[5.5,8.5,5.25,8.75],"texture":"#3","tintindex":0},"south":{"uv":[7.875,8.25,7.5,8.5],"texture":"#3","tintindex":0},"west":{"uv":[6.75,7.25,6.5,7.5],"texture":"#3","tintindex":0},"up":{"uv":[8.75,0.5,8.5,0.875],"rotation":90,"texture":"#3","tintindex":0},"down":{"uv":[8.75,1.625,8.5,1.25],"rotation":270,"texture":"#3","tintindex":0}}},{"from":[8.46659,13.67339,9.34],"to":[9.17659,14.38339,10.66],"rotation":{"angle":22.5,"axis":"z","origin":[8,3.43165,10]},"faces":{"north":{"uv":[6.875,9.25,6.75,9.375],"texture":"#3","tintindex":0},"east":{"uv":[9.375,1,9,1.125],"texture":"#3","tintindex":0},"south":{"uv":[9.375,6.5,9.25,6.625],"texture":"#3","tintindex":0},"west":{"uv":[9.375,0.5,9,0.625],"texture":"#3","tintindex":0},"up":{"uv":[9.375,1.5,9,1.625],"rotation":90,"texture":"#3","tintindex":0},"down":{"uv":[9.375,2.625,9,2.5],"rotation":270,"texture":"#3","tintindex":0}}},{"from":[5.96383,14.0848,9.4],"to":[6.96383,16.3348,10.6],"rotation":{"angle":0,"axis":"y","origin":[8,3.43165,10]},"faces":{"north":{"uv":[7.25,6.75,7,7.375],"texture":"#3","tintindex":0},"east":{"uv":[7.25,5.75,7,6.375],"texture":"#3","tintindex":0},"south":{"uv":[7.25,4.75,7,5.375],"texture":"#3","tintindex":0},"west":{"uv":[7.25,3.75,7,4.375],"texture":"#3","tintindex":0},"up":{"uv":[9,5,8.75,5.25],"rotation":90,"texture":"#3","tintindex":0},"down":{"uv":[9,5.75,8.75,5.5],"rotation":270,"texture":"#3","tintindex":0}}},{"from":[15.68412,13.28535,9.375],"to":[16.39412,13.99535,10.625],"rotation":{"angle":45,"axis":"z","origin":[8,3.43165,10]},"faces":{"north":{"uv":[9.375,7.5,9.25,7.625],"texture":"#3","tintindex":0},"east":{"uv":[3.875,9,3.5,9.125],"texture":"#3","tintindex":0},"south":{"uv":[7.375,9.25,7.25,9.375],"texture":"#3","tintindex":0},"west":{"uv":[9.375,3,9,3.125],"texture":"#3","tintindex":0},"up":{"uv":[9.375,3.5,9,3.625],"rotation":90,"texture":"#3","tintindex":0},"down":{"uv":[5.625,9.125,5.25,9],"rotation":270,"texture":"#3","tintindex":0}}},{"from":[-1.2656,9.48189,9.395],"to":[-0.2656,10.23189,10.605],"rotation":{"angle":-45,"axis":"z","origin":[8,3.43165,10]},"faces":{"north":{"uv":[7.5,8.75,7.25,9],"texture":"#3","tintindex":0},"east":{"uv":[7,8.75,6.75,9],"texture":"#3","tintindex":0},"south":{"uv":[9,6.5,8.75,6.75],"texture":"#3","tintindex":0},"west":{"uv":[9,6,8.75,6.25],"texture":"#3","tintindex":0},"up":{"uv":[9,7.5,8.75,7.75],"rotation":90,"texture":"#3","tintindex":0},"down":{"uv":[8,9,7.75,8.75],"rotation":270,"texture":"#3","tintindex":0}}},{"from":[-0.39412,13.28535,9.375],"to":[0.31588,13.99535,10.625],"rotation":{"angle":-45,"axis":"z","origin":[8,3.43165,10]},"faces":{"north":{"uv":[9.25,7.5,9.375,7.625],"texture":"#3","tintindex":0},"east":{"uv":[9,3,9.375,3.125],"texture":"#3","tintindex":0},"south":{"uv":[7.25,9.25,7.375,9.375],"texture":"#3","tintindex":0},"west":{"uv":[3.5,9,3.875,9.125],"texture":"#3","tintindex":0},"up":{"uv":[9.375,3.625,9,3.5],"rotation":90,"texture":"#3","tintindex":0},"down":{"uv":[5.625,9,5.25,9.125],"rotation":270,"texture":"#3","tintindex":0}}},{"from":[9.03617,14.0848,9.4],"to":[10.03617,16.3348,10.6],"rotation":{"angle":0,"axis":"y","origin":[8,3.43165,10]},"faces":{"north":{"uv":[7,6.75,7.25,7.375],"texture":"#3","tintindex":0},"east":{"uv":[7,3.75,7.25,4.375],"texture":"#3","tintindex":0},"south":{"uv":[7,4.75,7.25,5.375],"texture":"#3","tintindex":0},"west":{"uv":[7,5.75,7.25,6.375],"texture":"#3","tintindex":0},"up":{"uv":[9,5.25,8.75,5],"rotation":90,"texture":"#3","tintindex":0},"down":{"uv":[9,5.5,8.75,5.75],"rotation":270,"texture":"#3","tintindex":0}}},{"from":[16.2656,9.48189,9.395],"to":[17.2656,10.23189,10.605],"rotation":{"angle":45,"axis":"z","origin":[8,3.43165,10]},"faces":{"north":{"uv":[7.25,8.75,7.5,9],"texture":"#3","tintindex":0},"east":{"uv":[8.75,6,9,6.25],"texture":"#3","tintindex":0},"south":{"uv":[8.75,6.5,9,6.75],"texture":"#3","tintindex":0},"west":{"uv":[6.75,8.75,7,9],"texture":"#3","tintindex":0},"up":{"uv":[9,7.75,8.75,7.5],"rotation":90,"texture":"#3","tintindex":0},"down":{"uv":[8,8.75,7.75,9],"rotation":270,"texture":"#3","tintindex":0}}},{"from":[5.57341,13.38339,9.4],"to":[6.82341,14.38339,10.6],"rotation":{"angle":-22.5,"axis":"z","origin":[8,3.43165,10]},"faces":{"north":{"uv":[8.25,8.25,8.625,8.5],"texture":"#3","tintindex":0},"east":{"uv":[6.5,7.25,6.75,7.5],"texture":"#3","tintindex":0},"south":{"uv":[7.5,8.25,7.875,8.5],"texture":"#3","tintindex":0},"west":{"uv":[5.25,8.5,5.5,8.75],"texture":"#3","tintindex":0},"up":{"uv":[8.75,0.875,8.5,0.5],"rotation":90,"texture":"#3","tintindex":0},"down":{"uv":[8.75,1.25,8.5,1.625],"rotation":270,"texture":"#3","tintindex":0}}},{"from":[6.82341,13.67339,9.34],"to":[7.53341,14.38339,10.66],"rotation":{"angle":-22.5,"axis":"z","origin":[8,3.43165,10]},"faces":{"north":{"uv":[6.75,9.25,6.875,9.375],"texture":"#3","tintindex":0},"east":{"uv":[9,0.5,9.375,0.625],"texture":"#3","tintindex":0},"south":{"uv":[9.25,6.5,9.375,6.625],"texture":"#3","tintindex":0},"west":{"uv":[9,1,9.375,1.125],"texture":"#3","tintindex":0},"up":{"uv":[9.375,1.625,9,1.5],"rotation":90,"texture":"#3","tintindex":0},"down":{"uv":[9.375,2.5,9,2.625],"rotation":270,"texture":"#3","tintindex":0}}},{"from":[12.41209,11.00767,9.35],"to":[14.91209,12.00767,10.65],"rotation":{"angle":22.5,"axis":"z","origin":[8,3.43165,10]},"faces":{"north":{"uv":[2,7,2.625,7.25],"texture":"#3","tintindex":0},"east":{"uv":[6.75,8.25,7.125,8.5],"texture":"#3","tintindex":0},"south":{"uv":[1,7,1.625,7.25],"texture":"#3","tintindex":0},"west":{"uv":[8.25,7,8.625,7.25],"texture":"#3","tintindex":0},"up":{"uv":[6.875,1.375,6.5,0.75],"rotation":90,"texture":"#3","tintindex":0},"down":{"uv":[6.875,1.75,6.5,2.375],"rotation":270,"texture":"#3","tintindex":0}}},{"from":[5.45357,11.19239,8.995],"to":[7.45357,12.19239,11.005],"rotation":{"angle":-22.5,"axis":"z","origin":[8,3.43165,10]},"faces":{"north":{"uv":[7.75,1,8.25,1.25],"texture":"#3","tintindex":0},"east":{"uv":[7.5,6.75,8,7],"texture":"#3","tintindex":0},"south":{"uv":[7.5,7.25,8,7.5],"texture":"#3","tintindex":0},"west":{"uv":[7.75,0.5,8.25,0.75],"texture":"#3","tintindex":0},"up":{"uv":[6.25,4.25,5.75,3.75],"rotation":90,"texture":"#3","tintindex":0},"down":{"uv":[6.25,4.5,5.75,5],"rotation":270,"texture":"#3","tintindex":0}}},{"from":[13.1013,9.30571,9],"to":[15.6013,10.30571,11],"rotation":{"angle":22.5,"axis":"z","origin":[8,3.43165,10]},"faces":{"north":{"uv":[5,6.75,5.625,7],"texture":"#3","tintindex":0},"east":{"uv":[8,7.75,8.5,8],"texture":"#3","tintindex":0},"south":{"uv":[4,6.75,4.625,7],"texture":"#3","tintindex":0},"west":{"uv":[0,8.25,0.5,8.5],"texture":"#3","tintindex":0},"up":{"uv":[2.25,5.125,1.75,4.5],"rotation":90,"texture":"#3","tintindex":0},"down":{"uv":[5.25,0,4.75,0.625],"rotation":270,"texture":"#3","tintindex":0}}},{"from":[15.53295,5.91411,8.995],"to":[18.03295,6.91411,11.005],"rotation":{"angle":45,"axis":"z","origin":[8,3.43165,10]},"faces":{"north":{"uv":[7,0,7.625,0.25],"texture":"#3","tintindex":0},"east":{"uv":[0.75,8.25,1.25,8.5],"texture":"#3","tintindex":0},"south":{"uv":[0,7,0.625,7.25],"texture":"#3","tintindex":0},"west":{"uv":[1.5,8.25,2,8.5],"texture":"#3","tintindex":0},"up":{"uv":[5.5,1.625,5,1],"rotation":90,"texture":"#3","tintindex":0},"down":{"uv":[5.5,2,5,2.625],"rotation":270,"texture":"#3","tintindex":0}}},{"from":[12.629,12.28138,8.99],"to":[13.339,12.99138,11.01],"rotation":{"angle":0,"axis":"y","origin":[8,3.43165,10]},"faces":{"north":{"uv":[9.25,5,9.375,5.125],"texture":"#3","tintindex":0},"east":{"uv":[8.5,2,9,2.125],"texture":"#3","tintindex":0},"south":{"uv":[4.25,9,4.375,9.125],"texture":"#3","tintindex":0},"west":{"uv":[0,8.75,0.5,8.875],"texture":"#3","tintindex":0},"up":{"uv":[9.25,0.125,8.75,0],"rotation":90,"texture":"#3","tintindex":0},"down":{"uv":[1.25,8.75,0.75,8.875],"rotation":270,"texture":"#3","tintindex":0}}}],"gui_light":"front","display":{"thirdperson_righthand":{"rotation":[53,0,0],"translation":[0,0,-1],"scale":[0.43,0.43,0.43]},"thirdperson_lefthand":{"rotation":[68.25,0,0],"translation":[-5.5,-9,4.5],"scale":[1.47,1.47,1.47]},"firstperson_righthand":{"scale":[0.41,0.41,0.41]},"firstperson_lefthand":{"translation":[13,0,0],"scale":[0.01,0.01,0.01]},"ground":{"scale":[0.52,0.52,0.52]},"gui":{"translation":[0,-3.25,0],"scale":[0.45,0.45,0.45]},"head":{"translation":[0,-56,7],"scale":[2,2,2]},"fixed":{"translation":[0,-12.5,-13.25],"scale":[2.35,2.35,2.35]}}}