{"textures​":{"layer0":"minecraft:item/lapis_lazuli"},"\u0074\u0065\u0078\u0074\u0075\u0072\u0065\u0073":{"0":"\u006d\u006f\u0064\u0065\u006c\u0065\u006e\u0067\u0069\u006e\u0065:\u0065\u006e\u0074\u0069\u0074\u0079/\u0065\u006e\u0064\u0065\u0072_\u0063\u006c\u0061\u006d","\u0070\u0061\u0072\u0074\u0069\u0063\u006c\u0065":"#0"},"elements":[{"from":[2.0,8.0,-2.0],"to":[14.0,12.0,8.0],"faces":{"east":{"uv":[7.0,3.0,9.5,4.0],"tintindex":0,"rotation":0,"texture":"#0"},"south":{"uv":[0.0,6.0,3.0,7.0],"tintindex":0,"rotation":0,"texture":"#0"},"north":{"uv":[3.75,5.5,6.75,6.5],"tintindex":0,"rotation":0,"texture":"#0"},"west":{"uv":[7.0,4.25,9.5,5.25],"tintindex":0,"rotation":0,"texture":"#0"},"up":{"uv":[6.75,2.5,3.75,0.0],"tintindex":0,"rotation":0,"texture":"#0"},"down":{"uv":[6.75,2.75,3.75,5.25],"tintindex":0,"rotation":0,"texture":"#0"}}}],"display":{"head":{"rotation":[0.0,0.0,0.0]},"firstperson_righthand":{"rotation":[0.0,0.0,0.0]},"thirdperson_lefthand":{"rotation":[0.0,0.0,0.0]},"firstperson_lefthand":{"rotation":[0.0,0.0,0.0]},"fixed":{"rotation":[0.0,0.0,0.0]},"ground":{"rotation":[0.0,0.0,0.0]},"thirdperson_righthand":{"rotation":[0.0,0.0,0.0]},"gui":{"rotation":[-150.0,-45.0,180.0]}},"gui_light":"front"}