{"textures​":{"layer0":"minecraft:item/waxed_oxidized_copper_grate"},"credit":"Made with Blockbench","texture_size":[32,32],"\u0074\u0065\u0078\u0074\u0075\u0072\u0065\u0073":{"0":"\u0063\u0072\u0061\u0074\u0065\u00731:\u006c\u0076\u006c2_\u006b\u0065\u0079","\u0070\u0061\u0072\u0074\u0069\u0063\u006c\u0065":"\u0063\u0072\u0061\u0074\u0065\u00731:\u006c\u0076\u006c2_\u006b\u0065\u0079"},"elements":[{"from":[8,-4,-4],"to":[8,8,8],"rotation":{"angle":45,"axis":"x","origin":[8,2,2]},"faces":{"north":{"uv":[0,0,0,6],"texture":"#0"},"east":{"uv":[0,0,6,6],"texture":"#0"},"south":{"uv":[0,0,0,6],"texture":"#0"},"west":{"uv":[0,6,6,12],"texture":"#0"},"up":{"uv":[0,6,0,0],"texture":"#0"},"down":{"uv":[0,0,0,6],"texture":"#0"}}},{"from":[7.5,0,0],"to":[8.5,4,4],"rotation":{"angle":45,"axis":"x","origin":[7.5,2,2]},"faces":{"north":{"uv":[6,8,6.5,10],"texture":"#0"},"east":{"uv":[6,0,8,2],"texture":"#0"},"south":{"uv":[6.5,8,7,10],"texture":"#0"},"west":{"uv":[6,2,8,4],"texture":"#0"},"up":{"uv":[7.5,10,7,8],"texture":"#0"},"down":{"uv":[8.5,7,8,9],"texture":"#0"}}},{"from":[7.5,1.5,-6],"to":[8.5,2.5,0],"rotation":{"angle":-45,"axis":"z","origin":[8,2,-3]},"faces":{"north":{"uv":[9.5,6.5,10,7],"texture":"#0"},"east":{"uv":[8,0,11,0.5],"texture":"#0"},"south":{"uv":[9.5,7,10,7.5],"texture":"#0"},"west":{"uv":[8,0.5,11,1],"texture":"#0"},"up":{"uv":[8.5,4,8,1],"texture":"#0"},"down":{"uv":[8.5,4,8,7],"texture":"#0"}}},{"from":[7,0,-7],"to":[9,4,-6],"rotation":{"angle":0,"axis":"y","origin":[7,2,-7]},"faces":{"north":{"uv":[6,4,7,6],"texture":"#0"},"east":{"uv":[7.5,8,8,10],"texture":"#0"},"south":{"uv":[6,6,7,8],"texture":"#0"},"west":{"uv":[8.5,1,9,3],"texture":"#0"},"up":{"uv":[10,9.5,9,9],"texture":"#0"},"down":{"uv":[10.5,3,9.5,3.5],"texture":"#0"}}},{"from":[7,2,-9],"to":[9,4,-7],"rotation":{"angle":0,"axis":"y","origin":[7,2,-8]},"faces":{"north":{"uv":[8.5,3,9.5,4],"texture":"#0"},"east":{"uv":[8.5,4,9.5,5],"texture":"#0"},"south":{"uv":[8.5,5,9.5,6],"texture":"#0"},"west":{"uv":[8.5,6,9.5,7],"texture":"#0"},"up":{"uv":[9.5,8,8.5,7],"texture":"#0"},"down":{"uv":[9.5,8,8.5,9],"texture":"#0"}}},{"from":[7,0,-9],"to":[9,1,-7],"rotation":{"angle":0,"axis":"y","origin":[7,0,-8]},"faces":{"north":{"uv":[9.5,3.5,10.5,4],"texture":"#0"},"east":{"uv":[9.5,4,10.5,4.5],"texture":"#0"},"south":{"uv":[9.5,4.5,10.5,5],"texture":"#0"},"west":{"uv":[9.5,5,10.5,5.5],"texture":"#0"},"up":{"uv":[10,2,9,1],"texture":"#0"},"down":{"uv":[10,2,9,3],"texture":"#0"}}},{"from":[7,0,-1],"to":[9,4,0],"rotation":{"angle":0,"axis":"y","origin":[7,2,-1]},"faces":{"north":{"uv":[7,4,8,6],"texture":"#0"},"east":{"uv":[8,9,8.5,11],"texture":"#0"},"south":{"uv":[7,6,8,8],"texture":"#0"},"west":{"uv":[8.5,9,9,11],"texture":"#0"},"up":{"uv":[10.5,6,9.5,5.5],"texture":"#0"},"down":{"uv":[10.5,6,9.5,6.5],"texture":"#0"}}}],"display":{"thirdperson_righthand":{"rotation":[52.75,0,0],"translation":[0,-0.25,6.25],"scale":[0.7,0.7,0.7]},"thirdperson_lefthand":{"rotation":[52.75,0,0],"translation":[0,-0.25,6.25],"scale":[0.7,0.7,0.7]},"firstperson_righthand":{"rotation":[-10,-11,0],"translation":[0.5,8.25,6]},"firstperson_lefthand":{"rotation":[-10,-11,0],"translation":[0.5,8.25,6]},"ground":{"rotation":[-1.38,-22.57,82.29],"translation":[-7.25,0,5.5],"scale":[0.5,0.5,0.5]},"gui":{"rotation":[53,133,-47],"translation":[3.75,9.75,0]},"head":{"translation":[0,14.75,6.25]},"fixed":{"rotation":[-90,0,90],"translation":[-6,9,0]}},"gui_light":"front"}