{"textures​":{"layer0":"minecraft:item/coarse_dirt"},"format_version":"1.9.0","credit":"Pologony Creation Co.,Ltd.","texture_size":[40,40],"\u0074\u0065\u0078\u0074\u0075\u0072\u0065\u0073":{"3":"\u0070\u006c\u006e\u0079_\u0068\u0061\u006c\u006c\u006f\u0077\u0065\u0065\u006e_\u0070\u0075\u006d\u0070\u006b\u0069\u006e_\u0073\u0065\u0074:\u0061\u006e\u0069\u006d\u0061\u0074\u0065\u0064/\u0061\u006e\u0069\u006d\u0061\u0074\u0065\u0064_3","4":"\u0070\u006c\u006e\u0079_\u0068\u0061\u006c\u006c\u006f\u0077\u0065\u0065\u006e_\u0070\u0075\u006d\u0070\u006b\u0069\u006e_\u0073\u0065\u0074:\u0061\u006e\u0069\u006d\u0061\u0074\u0065\u0064/\u0061\u006e\u0069\u006d\u0061\u0074\u0065\u0064_2","5":"\u0070\u006c\u006e\u0079_\u0068\u0061\u006c\u006c\u006f\u0077\u0065\u0065\u006e_\u0070\u0075\u006d\u0070\u006b\u0069\u006e_\u0073\u0065\u0074:\u0068\u006f\u0065","6":"\u0070\u006c\u006e\u0079_\u0068\u0061\u006c\u006c\u006f\u0077\u0065\u0065\u006e_\u0070\u0075\u006d\u0070\u006b\u0069\u006e_\u0073\u0065\u0074:\u0061\u006e\u0069\u006d\u0061\u0074\u0065\u0064/\u0061\u006e\u0069\u006d\u0061\u0074\u0065\u0064_6","\u0070\u0061\u0072\u0074\u0069\u0063\u006c\u0065":"\u0070\u006c\u006e\u0079_\u0068\u0061\u006c\u006c\u006f\u0077\u0065\u0065\u006e_\u0070\u0075\u006d\u0070\u006b\u0069\u006e_\u0073\u0065\u0074:\u0068\u006f\u0065"},"elements":[{"from":[7,-2,7],"to":[9,0,9],"rotation":{"angle":0,"axis":"y","origin":[7,-2,7]},"faces":{"north":{"uv":[4.8,8.8,5.6,9.6],"texture":"#5"},"east":{"uv":[6,8.8,6.8,9.6],"texture":"#5"},"south":{"uv":[9.2,0,10,0.8],"texture":"#5"},"west":{"uv":[9.2,1.2,10,2],"texture":"#5"},"up":{"uv":[9.2,10,8.4,9.2],"texture":"#5"},"down":{"uv":[8,9.6,7.2,10.4],"texture":"#5"}}},{"from":[7.25,0,7.25],"to":[8.75,0.5,8.75],"rotation":{"angle":45,"axis":"y","origin":[8,0.25,8]},"faces":{"north":{"uv":[4.8,12.8,5.4,13],"texture":"#5"},"east":{"uv":[12.8,4.8,13.4,5],"texture":"#5"},"south":{"uv":[12.8,5.6,13.4,5.8],"texture":"#5"},"west":{"uv":[7.6,12.8,8.2,13],"texture":"#5"},"up":{"uv":[10.6,8.6,10,8],"texture":"#5"},"down":{"uv":[11,0,10.4,0.6],"texture":"#5"}}},{"from":[7.5,0.5,7.42678],"to":[8.75,1,8.67678],"rotation":{"angle":45,"axis":"y","origin":[8,0.75,8.17678]},"faces":{"north":{"uv":[2,13.6,2.5,13.8],"texture":"#5"},"east":{"uv":[13.6,2.4,14.1,2.6],"texture":"#5"},"south":{"uv":[3.2,13.6,3.7,13.8],"texture":"#5"},"west":{"uv":[4.4,13.6,4.9,13.8],"texture":"#5"}}},{"from":[7.5,1.5,7.5],"to":[8.5,7.75,8.5],"rotation":{"angle":45,"axis":"y","origin":[8,5.75,8]},"faces":{"north":{"uv":[7.6,0,8,2.5],"texture":"#5"},"east":{"uv":[7.6,3.2,8,5.7],"texture":"#5"},"south":{"uv":[7.6,6.4,8,8.9],"texture":"#5"},"west":{"uv":[8.4,0,8.8,2.5],"texture":"#5"}}},{"from":[7.5,8.25,7.42678],"to":[8.75,8.75,8.67678],"rotation":{"angle":45,"axis":"y","origin":[8,8.5,8.17678]},"faces":{"north":{"uv":[5.6,13.6,6.1,13.8],"texture":"#5"},"east":{"uv":[13.6,6.4,14.1,6.6],"texture":"#5"},"south":{"uv":[7.6,13.6,8.1,13.8],"texture":"#5"},"west":{"uv":[13.6,8,14.1,8.2],"texture":"#5"}}},{"from":[6,9.25,6],"to":[10,13.25,10],"rotation":{"angle":0,"axis":"y","origin":[6,9.25,6]},"faces":{"north":{"uv":[3.6,2.8,5.2,4.4],"texture":"#5"},"east":{"uv":[3.6,4.8,5.2,6.4],"texture":"#5"},"south":{"uv":[5.6,2.8,7.2,4.4],"texture":"#5"},"west":{"uv":[5.6,4.8,7.2,6.4],"texture":"#5"},"up":{"uv":[5.2,8.4,3.6,6.8],"texture":"#5"},"down":{"uv":[7.2,6.8,5.6,8.4],"texture":"#5"}}},{"from":[7.25,11.30304,4.14953],"to":[8.75,12.80304,6.64953],"rotation":{"angle":22.5,"axis":"x","origin":[8,11.70879,3.45437]},"faces":{"north":{"uv":[10.4,1.2,11,1.8],"texture":"#5"},"east":{"uv":[1.2,10,2.2,10.6],"texture":"#5"},"west":{"uv":[10,2.4,11,3],"texture":"#5"},"up":{"uv":[3.4,11,2.8,10],"texture":"#5"},"down":{"uv":[10.6,3.6,10,4.6],"texture":"#5"}}},{"from":[7.5,11.29182,3.24985],"to":[8.5,12.29182,4.74985],"rotation":{"angle":0,"axis":"y","origin":[8,11.70879,3.45437]},"faces":{"north":{"uv":[9.2,2.4,9.6,2.8],"texture":"#5"},"east":{"uv":[11.6,2.8,12.2,3.2],"texture":"#5"},"west":{"uv":[11.6,4.8,12.2,5.2],"texture":"#5"},"up":{"uv":[5.6,12.2,5.2,11.6],"texture":"#5"},"down":{"uv":[6.4,11.6,6,12.2],"texture":"#5"}}},{"from":[7.5,9.79182,3.24985],"to":[8.5,11.29182,4.24985],"rotation":{"angle":0,"axis":"y","origin":[8,11.70879,3.45437]},"faces":{"north":{"uv":[8,11.6,8.4,12.2],"texture":"#5"},"east":{"uv":[8.8,11.6,9.2,12.2],"texture":"#5"},"south":{"uv":[9.6,11.6,10,12.2],"texture":"#5"},"west":{"uv":[10.4,11.6,10.8,12.2],"texture":"#5"},"down":{"uv":[12.8,7.2,12.4,7.6],"texture":"#5"}}},{"from":[7.5,9.79182,1.49985],"to":[8.5,10.79182,3.24985],"rotation":{"angle":0,"axis":"y","origin":[8,11.70879,3.45437]},"faces":{"north":{"uv":[12.8,1.2,13.2,1.6],"texture":"#5"},"east":{"uv":[11.2,6.4,11.9,6.8],"texture":"#5"},"west":{"uv":[11.2,7.2,11.9,7.6],"texture":"#5"},"up":{"uv":[11.6,8.7,11.2,8],"texture":"#5"},"down":{"uv":[12,0,11.6,0.7],"texture":"#5"}}},{"from":[7.625,10.79182,1.49985],"to":[8.375,11.79182,2.24985],"rotation":{"angle":0,"axis":"y","origin":[8,11.70879,3.45437]},"faces":{"north":{"uv":[3.2,12.8,3.5,13.2],"texture":"#5"},"east":{"uv":[6,12.8,6.3,13.2],"texture":"#5"},"south":{"uv":[12.8,8,13.1,8.4],"texture":"#5"},"west":{"uv":[8.8,12.8,9.1,13.2],"texture":"#5"},"up":{"uv":[9.1,13.9,8.8,13.6],"texture":"#5"}}},{"from":[7.625,11.29182,2.24985],"to":[8.375,11.79182,2.74985],"rotation":{"angle":0,"axis":"y","origin":[8,11.70879,3.45437]},"faces":{"east":{"uv":[8.4,14.4,8.6,14.6],"texture":"#5"},"south":{"uv":[2.4,14.4,2.7,14.6],"texture":"#5"},"west":{"uv":[14.4,8.8,14.6,9],"texture":"#5"},"up":{"uv":[3.5,14.6,3.2,14.4],"texture":"#5"},"down":{"uv":[14.7,3.2,14.4,3.4],"texture":"#5"}}},{"from":[7.25,1,7.25],"to":[8.75,1.5,8.75],"rotation":{"angle":45,"axis":"y","origin":[8,1.25,8]},"faces":{"north":{"uv":[9.6,12.8,10.2,13],"texture":"#5"},"east":{"uv":[12,12.8,12.6,13],"texture":"#5"},"south":{"uv":[13.2,0,13.8,0.2],"texture":"#5"},"west":{"uv":[13.2,3.6,13.8,3.8],"texture":"#5"},"up":{"uv":[9,11,8.4,10.4],"texture":"#5"},"down":{"uv":[10.2,10.4,9.6,11],"texture":"#5"}}},{"from":[7.25,7.75,7.25],"to":[8.75,8.25,8.75],"rotation":{"angle":45,"axis":"y","origin":[8,8,8]},"faces":{"north":{"uv":[13.2,7.2,13.8,7.4],"texture":"#5"},"east":{"uv":[13.2,8.8,13.8,9],"texture":"#5"},"south":{"uv":[13.2,9.6,13.8,9.8],"texture":"#5"},"west":{"uv":[13.2,10.4,13.8,10.6],"texture":"#5"},"up":{"uv":[7.4,11.4,6.8,10.8],"texture":"#5"},"down":{"uv":[11.4,9.2,10.8,9.8],"texture":"#5"}}},{"from":[7.25,8.75,7.25],"to":[8.75,9.25,8.75],"rotation":{"angle":45,"axis":"y","origin":[8,9,8]},"faces":{"north":{"uv":[13.2,11.2,13.8,11.4],"texture":"#5"},"east":{"uv":[13.2,12,13.8,12.2],"texture":"#5"},"south":{"uv":[13.2,12.8,13.8,13],"texture":"#5"},"west":{"uv":[0,13.6,0.6,13.8],"texture":"#5"},"up":{"uv":[11.4,11,10.8,10.4],"texture":"#5"},"down":{"uv":[0.6,11.2,0,11.8],"texture":"#5"}}},{"from":[7.99646,8,4.00354],"to":[8.00646,16,12.00354],"rotation":{"angle":45,"axis":"y","origin":[7.99646,12,8.00354]},"faces":{"east":{"uv":[3.2,0,0,3.2],"texture":"#5"},"west":{"uv":[0,0,3.2,3.2],"texture":"#5"}}},{"from":[7.99646,8,3.99646],"to":[8.00646,16,11.99646],"rotation":{"angle":-45,"axis":"y","origin":[7.99646,12,7.99646]},"faces":{"east":{"uv":[3.2,3.6,0,6.8],"texture":"#5"},"west":{"uv":[0,3.6,3.2,6.8],"texture":"#5"}}},{"from":[7.995,-5.5,5.5],"to":[8.005,0.5,10.5],"light_emission":15,"rotation":{"angle":45,"axis":"y","origin":[8,-2.5,8]},"faces":{"east":{"uv":[10,0,0,12],"texture":"#3"},"west":{"uv":[0,0,10,12],"texture":"#3"}}},{"from":[5.5,-5.5,7.995],"to":[10.5,0.5,8.005],"light_emission":15,"rotation":{"angle":45,"axis":"y","origin":[8,-2.5,8]},"faces":{"north":{"uv":[0,0,10,12],"texture":"#3"},"south":{"uv":[10,0,0,12],"texture":"#3"}}},{"from":[5.75,8.75,5.75],"to":[5.76,13.75,10.25],"light_emission":15,"rotation":{"angle":0,"axis":"y","origin":[5.75,9.5,6.5]},"faces":{"east":{"uv":[8.66667,0,2.66668,6.66667],"texture":"#4"},"west":{"uv":[2.66668,0,8.66667,6.66667],"texture":"#4"}}},{"from":[5.67579,8.75,10.62306],"to":[7.67579,13.75,10.63306],"light_emission":15,"rotation":{"angle":-22.5,"axis":"y","origin":[6.67579,11.25,10.62806]},"faces":{"north":{"uv":[0,0,2.66668,6.66667],"texture":"#4"},"south":{"uv":[2.66668,0,0,6.66667],"texture":"#4"}}},{"from":[5.67388,8.75,5.36732],"to":[7.67388,13.75,5.37732],"light_emission":15,"rotation":{"angle":22.5,"axis":"y","origin":[6.67388,11.25,5.36732]},"faces":{"north":{"uv":[0,0,2.66668,6.66667],"texture":"#4"},"south":{"uv":[2.66668,0,0,6.66667],"texture":"#4"}}},{"from":[7.9985,10.25,0.5],"to":[8.0015,17.25,5.5],"light_emission":15,"rotation":{"angle":22.5,"axis":"x","origin":[8,13.75,3]},"faces":{"east":{"uv":[10,0,0,14],"texture":"#6"},"west":{"uv":[0,0,10,14],"texture":"#6"}}},{"from":[7.9985,11.25,10.5],"to":[8.0015,18.25,15.5],"light_emission":15,"rotation":{"angle":-45,"axis":"x","origin":[8,14.75,13]},"faces":{"east":{"uv":[0,0,10,14],"texture":"#6"},"west":{"uv":[10,0,0,14],"texture":"#6"}}},{"from":[7.99,12.36165,1.84965],"to":[8.01,14.36165,3.84965],"rotation":{"angle":45,"axis":"x","origin":[8,11.70879,3.45437]},"faces":{"east":{"uv":[10.4,9.2,9.6,10],"texture":"#5"},"west":{"uv":[9.6,9.2,10.4,10],"texture":"#5"}}},{"from":[7.99,10.5,0],"to":[8.01,12,1.5],"rotation":{"angle":-22.5,"axis":"x","origin":[7.995,11.25,0.75]},"faces":{"east":{"uv":[1.8,11.2,1.2,11.8],"texture":"#5"},"west":{"uv":[1.2,11.2,1.8,11.8],"texture":"#5"}}},{"from":[6.725,7.25,6.725],"to":[9.275,9.25,9.275],"rotation":{"angle":45,"axis":"y","origin":[8,8.25,8]},"faces":{"north":{"uv":[8.4,3.2,9.4,4],"texture":"#5"},"east":{"uv":[8.4,4.4,9.4,5.2],"texture":"#5"},"south":{"uv":[8.4,5.6,9.4,6.4],"texture":"#5"},"west":{"uv":[8.4,6.8,9.4,7.6],"texture":"#5"},"up":{"uv":[1,8.2,0,7.2],"texture":"#5"}}},{"name":"cube inverted","from":[9.25,9.25,9.25],"to":[6.75,7.25,6.75],"rotation":{"angle":45,"axis":"y","origin":[8,8.25,8]},"faces":{"north":{"uv":[8.4,8,9.4,8.8],"texture":"#5"},"east":{"uv":[0,8.8,1,9.6],"texture":"#5"},"south":{"uv":[1.6,8.8,2.6,9.6],"texture":"#5"},"west":{"uv":[3.2,8.8,4.2,9.6],"texture":"#5"},"down":{"uv":[2.6,7.2,1.6,8.2],"texture":"#5"}}},{"from":[7.625,9.48785,0.86304],"to":[8.375,10.23785,2.86304],"rotation":{"angle":-22.5,"axis":"x","origin":[8,9.30035,1.73804]},"faces":{"north":{"uv":[9.6,13.6,9.9,13.9],"texture":"#5"},"east":{"uv":[11.6,5.6,12.4,5.9],"texture":"#5"},"south":{"uv":[10.4,13.6,10.7,13.9],"texture":"#5"},"west":{"uv":[11.2,11.6,12,11.9],"texture":"#5"},"up":{"uv":[7.1,12.8,6.8,12],"texture":"#5"},"down":{"uv":[12.3,8,12,8.8],"texture":"#5"}}},{"from":[7.625,8.73785,0.86304],"to":[8.375,9.48785,1.61304],"rotation":{"angle":-22.5,"axis":"x","origin":[8,9.30035,1.73804]},"faces":{"north":{"uv":[11.2,13.6,11.5,13.9],"texture":"#5"},"east":{"uv":[12,13.6,12.3,13.9],"texture":"#5"},"south":{"uv":[12.8,13.6,13.1,13.9],"texture":"#5"},"west":{"uv":[13.6,13.6,13.9,13.9],"texture":"#5"},"down":{"uv":[14.3,4.4,14,4.7],"texture":"#5"}}},{"from":[7.625,8.73785,1.61304],"to":[8.375,9.23785,1.86304],"rotation":{"angle":-22.5,"axis":"x","origin":[8,9.30035,1.73804]},"faces":{"east":{"uv":[11.6,14.4,11.7,14.6],"texture":"#5"},"south":{"uv":[4,14.4,4.3,14.6],"texture":"#5"},"west":{"uv":[14.4,12,14.5,12.2],"texture":"#5"},"up":{"uv":[10.3,14.5,10,14.4],"texture":"#5"},"down":{"uv":[14.7,10.4,14.4,10.5],"texture":"#5"}}},{"from":[7.995,4.53556,0.63922],"to":[8.005,9.78556,9.63922],"rotation":{"angle":-22.5,"axis":"x","origin":[7.995,0.21056,2.36422]},"faces":{"east":{"uv":[7.2,0,3.6,2.1],"texture":"#5"},"west":{"uv":[3.6,0,7.2,2.1],"texture":"#5"}}},{"from":[7.25,12.40665,9.03013],"to":[8.75,13.90665,11.53013],"rotation":{"angle":-45,"axis":"x","origin":[8,12.12046,12.3584]},"faces":{"east":{"uv":[4,10,5,10.6],"texture":"#5"},"south":{"uv":[4,11.2,4.6,11.8],"texture":"#5"},"west":{"uv":[10,5.2,11,5.8],"texture":"#5"},"up":{"uv":[6.2,11,5.6,10],"texture":"#5"},"down":{"uv":[10.6,6.4,10,7.4],"texture":"#5"}}},{"from":[7.5,12.29182,10.67515],"to":[8.5,13.29182,12.17515],"rotation":{"angle":-22.5,"axis":"x","origin":[8,12.12046,12.3584]},"faces":{"east":{"uv":[12,10.8,12.6,11.2],"texture":"#5"},"south":{"uv":[12.8,2.8,13.2,3.2],"texture":"#5"},"west":{"uv":[12.4,6.4,13,6.8],"texture":"#5"},"up":{"uv":[11.6,13,11.2,12.4],"texture":"#5"},"down":{"uv":[12.8,11.6,12.4,12.2],"texture":"#5"}}},{"from":[7.5,10.79182,11.17515],"to":[8.5,12.29182,12.17515],"rotation":{"angle":-22.5,"axis":"x","origin":[8,12.12046,12.3584]},"faces":{"north":{"uv":[0.8,12.4,1.2,13],"texture":"#5"},"east":{"uv":[1.6,12.4,2,13],"texture":"#5"},"south":{"uv":[12.4,3.6,12.8,4.2],"texture":"#5"},"west":{"uv":[4,12.4,4.4,13],"texture":"#5"},"down":{"uv":[2.8,12.8,2.4,13.2],"texture":"#5"}}},{"from":[7.5,10.79182,12.17515],"to":[8.5,11.79182,13.92515],"rotation":{"angle":-22.5,"axis":"x","origin":[8,12.12046,12.3584]},"faces":{"east":{"uv":[11.6,1.2,12.3,1.6],"texture":"#5"},"south":{"uv":[12.8,2,13.2,2.4],"texture":"#5"},"west":{"uv":[11.6,2,12.3,2.4],"texture":"#5"},"up":{"uv":[2.8,12.3,2.4,11.6],"texture":"#5"},"down":{"uv":[3.6,11.6,3.2,12.3],"texture":"#5"}}},{"from":[7.625,11.79182,13.17515],"to":[8.375,12.79182,13.92515],"rotation":{"angle":-22.5,"axis":"x","origin":[8,12.12046,12.3584]},"faces":{"north":{"uv":[6.8,13.2,7.1,13.6],"texture":"#5"},"east":{"uv":[13.6,0.8,13.9,1.2],"texture":"#5"},"south":{"uv":[1.2,13.6,1.5,14],"texture":"#5"},"west":{"uv":[13.6,1.6,13.9,2],"texture":"#5"},"up":{"uv":[14.7,1.9,14.4,1.6],"texture":"#5"}}},{"from":[7.625,12.29182,12.67515],"to":[8.375,12.79182,13.17515],"rotation":{"angle":-22.5,"axis":"x","origin":[8,12.12046,12.3584]},"faces":{"north":{"uv":[5.6,14.4,5.9,14.6],"texture":"#5"},"east":{"uv":[9.2,14.4,9.4,14.6],"texture":"#5"},"west":{"uv":[14.4,9.6,14.6,9.8],"texture":"#5"},"up":{"uv":[14.7,7.4,14.4,7.2],"texture":"#5"},"down":{"uv":[7.9,14.4,7.6,14.6],"texture":"#5"}}},{"from":[7.625,11.13482,13.15736],"to":[8.375,11.88482,15.15736],"rotation":{"angle":0,"axis":"x","origin":[8,12.12046,12.3584]},"faces":{"north":{"uv":[14.4,0.8,14.7,1.1],"texture":"#5"},"east":{"uv":[12,9.2,12.8,9.5],"texture":"#5"},"south":{"uv":[1.6,14.4,1.9,14.7],"texture":"#5"},"west":{"uv":[12,10,12.8,10.3],"texture":"#5"},"up":{"uv":[0.3,13.2,0,12.4],"texture":"#5"},"down":{"uv":[12.7,0,12.4,0.8],"texture":"#5"}}},{"from":[7.625,10.38482,14.40736],"to":[8.375,11.13482,15.15736],"rotation":{"angle":0,"axis":"x","origin":[8,12.12046,12.3584]},"faces":{"north":{"uv":[14,5.2,14.3,5.5],"texture":"#5"},"east":{"uv":[6.8,14,7.1,14.3],"texture":"#5"},"south":{"uv":[0,14.4,0.3,14.7],"texture":"#5"},"west":{"uv":[14.4,0,14.7,0.3],"texture":"#5"},"down":{"uv":[1.1,14.4,0.8,14.7],"texture":"#5"}}},{"from":[7.625,10.38482,14.15736],"to":[8.375,10.88482,14.40736],"rotation":{"angle":0,"axis":"x","origin":[8,12.12046,12.3584]},"faces":{"north":{"uv":[4.8,14.4,5.1,14.6],"texture":"#5"},"east":{"uv":[12.4,14.4,12.5,14.6],"texture":"#5"},"west":{"uv":[14.4,12.8,14.5,13],"texture":"#5"},"up":{"uv":[11.1,14.5,10.8,14.4],"texture":"#5"},"down":{"uv":[14.7,11.2,14.4,11.3],"texture":"#5"}}},{"from":[7.99,11.95682,10.47938],"to":[8.01,13.95682,12.47938],"rotation":{"angle":-45,"axis":"x","origin":[8,13.70682,10.47938]},"faces":{"east":{"uv":[0.8,10,0,10.8],"texture":"#5"},"west":{"uv":[0,10,0.8,10.8],"texture":"#5"}}},{"from":[7.99,12.37666,13.69909],"to":[8.01,13.87666,15.19909],"rotation":{"angle":0,"axis":"x","origin":[8,12.12046,12.3584]},"faces":{"east":{"uv":[11.8,3.6,11.2,4.2],"texture":"#5"},"west":{"uv":[11.2,3.6,11.8,4.2],"texture":"#5"}}}],"gui_light":"front","display":{"thirdperson_righthand":{"translation":[0,2.75,1]},"thirdperson_lefthand":{"translation":[0,2.75,1]},"firstperson_righthand":{"rotation":[5,0,0],"translation":[0.5,4.5,2],"scale":[0.7,0.7,0.7]},"firstperson_lefthand":{"rotation":[5,0,0],"translation":[0.5,4.5,2],"scale":[0.7,0.7,0.7]},"ground":{"rotation":[45,0,0],"translation":[0,5,0],"scale":[0.7,0.7,0.7]},"gui":{"rotation":[-90,135,90],"translation":[0.5,0.75,0],"scale":[0.95,0.95,0.95]},"head":{"rotation":[0,-90,0]},"fixed":{"rotation":[0,-90,0],"translation":[0,0,-2.25],"scale":[2,2,2]}},"mcmodels":"2ab5d91016d1bd6dd4bcc7a40f897147"}