{"textures":{"0":"modelengine:entity/end_seeker","particle":"#0"},"elements":[{"from":[7.176318,6.1840744,5.5],"to":[20.176317,6.1840744,10.5],"faces":{"up":{"uv":[8.25,3.125,9.875,2.5],"tintindex":0,"rotation":0,"texture":"#0"},"down":{"uv":[8.25,2.5,9.875,3.125],"tintindex":0,"rotation":0,"texture":"#0"}},"rotation":{"origin":[12.176318,5.1840744,8.0],"angle":-22.5,"axis":"z"}}],"display":{"head":{"rotation":[0.0,0.0,0.0]},"firstperson_righthand":{"rotation":[0.0,0.0,0.0]},"thirdperson_lefthand":{"rotation":[0.0,-0.0,-0.0]},"firstperson_lefthand":{"rotation":[0.0,-0.0,-0.0]},"fixed":{"rotation":[0.0,0.0,0.0]},"ground":{"rotation":[0.0,0.0,0.0]},"thirdperson_righthand":{"rotation":[0.0,0.0,0.0]},"gui":{"rotation":[-150.0,-45.0,180.0]}}}