{"textures":{"0":"modelengine:entity/end_seeker","particle":"#0"},"elements":[{"from":[6.5,6.5,8.0],"to":[9.5,8.5,8.0],"faces":{"south":{"uv":[1.5,6.25,1.875,6.5],"tintindex":0,"rotation":0,"texture":"#0"},"north":{"uv":[1.875,6.25,1.5,6.5],"tintindex":0,"rotation":0,"texture":"#0"}}}],"display":{"head":{"rotation":[0.0,0.0,0.0]},"firstperson_righthand":{"rotation":[0.0,0.0,0.0]},"thirdperson_lefthand":{"rotation":[0.0,-0.0,-0.0]},"firstperson_lefthand":{"rotation":[0.0,-0.0,-0.0]},"fixed":{"rotation":[0.0,0.0,0.0]},"ground":{"rotation":[0.0,0.0,0.0]},"thirdperson_righthand":{"rotation":[0.0,0.0,0.0]},"gui":{"rotation":[-150.0,-45.0,180.0]}}}