{"textures​":{"1":"\u006e\u006f\u0067\u0073_\u006d\u0065\u006e\u0061\u0067\u0065\u0072\u0069\u0065:\u0070\u006c\u0075\u0073\u0068\u0069\u0065\u0073/\u006e\u006d_\u0070\u006c\u0075\u0073\u0068\u0069\u0065_\u0070\u0069\u0067\u006c\u0069\u006e_\u0062\u0072\u0075\u0074\u0065_\u0074\u0065\u0078\u0074\u0075\u0072\u0065","\u0070\u0061\u0072\u0074\u0069\u0063\u006c\u0065":"#1"},"credit":"Made by Nog's Menagerie","texture_size":[32,32],"\u0074\u0065\u0078\u0074\u0075\u0072\u0065\u0073":{"1":"\u006e\u006f\u0067\u0073_\u006d\u0065\u006e\u0061\u0067\u0065\u0072\u0069\u0065:\u0070\u006c\u0075\u0073\u0068\u0069\u0065\u0073/\u006e\u006d_\u0070\u006c\u0075\u0073\u0068\u0069\u0065_\u0070\u0069\u0067\u006c\u0069\u006e_\u0062\u0072\u0075\u0074\u0065_\u0074\u0065\u0078\u0074\u0075\u0072\u0065","\u0070\u0061\u0072\u0074\u0069\u0063\u006c\u0065":"#1"},"elements":[{"name":"torso","from":[5.5,0,7],"to":[10.5,7,11],"rotation":{"angle":0,"axis":"y","origin":[8,2.0045,8.60355]},"faces":{"north":{"uv":[8,0,10.5,3.5],"texture":"#1"},"east":{"uv":[8,8,10,11.5],"texture":"#1"},"south":{"uv":[8,4,10.5,7.5],"texture":"#1"},"west":{"uv":[4,10.5,6,14],"texture":"#1"},"up":{"uv":[13,10,10.5,8],"texture":"#1"},"down":{"uv":[13,10.5,10.5,12.5],"texture":"#1"}}},{"name":"head","from":[4.5,5.575,4.6],"to":[11.5,11.575,11.6],"rotation":{"angle":-22.5,"axis":"x","origin":[8,7.725,8]},"faces":{"north":{"uv":[4,0,7.5,3],"texture":"#1"},"east":{"uv":[4,3.5,7.5,6.5],"texture":"#1"},"south":{"uv":[4,7,7.5,10],"texture":"#1"},"west":{"uv":[0,8,3.5,11],"texture":"#1"},"up":{"uv":[3.5,3.5,0,0],"texture":"#1"},"down":{"uv":[3.5,4,0,7.5],"texture":"#1"}}},{"name":"head","from":[11.3,6.01051,6.32577],"to":[12.3,11.01051,9.32577],"rotation":{"angle":22.5,"axis":"z","origin":[14,8.53551,7.57577]},"faces":{"north":{"uv":[11,13,11.5,15.5],"texture":"#1"},"east":{"uv":[11,0,12.5,2.5],"texture":"#1"},"south":{"uv":[12,13,12.5,15.5],"texture":"#1"},"west":{"uv":[11,3,12.5,5.5],"texture":"#1"},"up":{"uv":[15,1.5,14.5,0],"texture":"#1"},"down":{"uv":[2,14.5,1.5,16],"texture":"#1"}}},{"name":"head","from":[3.7,6.01051,6.32577],"to":[4.7,11.01051,9.32577],"rotation":{"angle":-22.5,"axis":"z","origin":[2,8.53551,7.57577]},"faces":{"north":{"uv":[11.5,13,11,15.5],"texture":"#1"},"east":{"uv":[12.5,3,11,5.5],"texture":"#1"},"south":{"uv":[12.5,13,12,15.5],"texture":"#1"},"west":{"uv":[12.5,0,11,2.5],"texture":"#1"},"up":{"uv":[14.5,1.5,15,0],"texture":"#1"},"down":{"uv":[1.5,14.5,2,16],"texture":"#1"}}},{"name":"head","from":[5.5,5.575,3.6],"to":[10.5,7.575,4.6],"rotation":{"angle":-22.5,"axis":"x","origin":[8,7.725,8]},"faces":{"north":{"uv":[11,6,13.5,7],"texture":"#1"},"east":{"uv":[3,11.5,3.5,12.5],"texture":"#1"},"south":{"uv":[0,11.5,2.5,12.5],"texture":"#1"},"west":{"uv":[8,14.5,8.5,15.5],"texture":"#1"},"up":{"uv":[15.5,4.5,13,4],"texture":"#1"},"down":{"uv":[15.5,5,13,5.5],"texture":"#1"}}},{"name":"head","from":[6.5,7.575,3.6],"to":[9.5,8.575,4.6],"rotation":{"angle":-22.5,"axis":"x","origin":[8,7.725,8]},"faces":{"north":{"uv":[13.5,12,15,12.5],"texture":"#1"},"east":{"uv":[9.5,12,10,12.5],"texture":"#1"},"south":{"uv":[14,6,15.5,6.5],"texture":"#1"},"west":{"uv":[13,14.5,13.5,15],"texture":"#1"},"up":{"uv":[4,15,2.5,14.5],"texture":"#1"},"down":{"uv":[6,14.5,4.5,15],"texture":"#1"}}},{"name":"right_arm","from":[9.83187,1.74074,8],"to":[11.83187,5.74074,10],"rotation":{"angle":45,"axis":"z","origin":[10.83187,3.74074,9]},"faces":{"north":{"uv":[6.5,10.5,7.5,12.5],"texture":"#1"},"east":{"uv":[8,12,9,14],"texture":"#1"},"south":{"uv":[0,13,1,15],"texture":"#1"},"west":{"uv":[13,0,14,2],"texture":"#1"},"up":{"uv":[14,14,13,13],"texture":"#1"},"down":{"uv":[14.5,7.5,13.5,8.5],"texture":"#1"}}},{"name":"left_arm","from":[4.16813,1.74074,8],"to":[6.16813,5.74074,10],"rotation":{"angle":-45,"axis":"z","origin":[5.16813,3.74074,7]},"faces":{"north":{"uv":[14.5,13.5,15.5,15.5],"texture":"#1"},"east":{"uv":[13,0,14,2],"texture":"#1"},"south":{"uv":[15,9.5,16,11.5],"texture":"#1"},"west":{"uv":[15,7,16,9],"texture":"#1"},"up":{"uv":[14,14,13,13],"texture":"#1"},"down":{"uv":[13.5,7.5,14.5,8.5],"texture":"#1"}}},{"name":"right_leg","from":[8.75,0.035,3.85],"to":[10.75,1.985,7.85],"rotation":{"angle":-22.5,"axis":"y","origin":[7.675,0.01,6.2]},"faces":{"north":{"uv":[13.5,9,14.5,10],"texture":"#1"},"east":{"uv":[1.5,13,3.5,14],"texture":"#1"},"south":{"uv":[13.5,10.5,14.5,11.5],"texture":"#1"},"west":{"uv":[13,2.5,15,3.5],"texture":"#1"},"up":{"uv":[7.5,15,6.5,13],"texture":"#1"},"down":{"uv":[10.5,13,9.5,15],"texture":"#1"}}},{"name":"left_leg","from":[5.25,0.035,3.85],"to":[7.25,1.985,7.85],"rotation":{"angle":22.5,"axis":"y","origin":[8.325,0.01,6.2]},"faces":{"north":{"uv":[14.5,9,13.5,10],"texture":"#1"},"east":{"uv":[15,2.5,13,3.5],"texture":"#1"},"south":{"uv":[14.5,10.5,13.5,11.5],"texture":"#1"},"west":{"uv":[3.5,13,1.5,14],"texture":"#1"},"up":{"uv":[6.5,15,7.5,13],"texture":"#1"},"down":{"uv":[9.5,13,10.5,15],"texture":"#1"}}}],"gui_light":"front","display":{"thirdperson_righthand":{"rotation":[24,13,0],"translation":[0,1.25,-0.5],"scale":[0.6,0.6,0.6]},"thirdperson_lefthand":{"rotation":[24,13,0],"translation":[0,0.75,-0.5],"scale":[0.6,0.6,0.6]},"firstperson_righthand":{"rotation":[0,109,5],"translation":[2,5.25,0],"scale":[0.71,0.71,0.71]},"firstperson_lefthand":{"rotation":[0,109,5],"translation":[2,5.25,0],"scale":[0.71,0.71,0.71]},"ground":{"translation":[0,3.5,0],"scale":[0.65,0.65,0.65]},"gui":{"rotation":[25,151,0],"translation":[0,1,0],"scale":[0.73,0.73,0.73]},"head":{"translation":[0,14.4,0]},"fixed":{"rotation":[-90,0,0],"translation":[0,0,-13.5],"scale":[1.7,1.7,1.7]}},"mcmodels":"5d60807f3af1cd5823ad9970fc7aa1af"}