{"textures​":{"layer0":"minecraft:item/stray_spawn_egg"},"credit":"Made by Nog's Menagerie","texture_size":[64,64],"\u0074\u0065\u0078\u0074\u0075\u0072\u0065\u0073":{"0":"\u006e\u006f\u0067\u0073_\u006d\u0065\u006e\u0061\u0067\u0065\u0072\u0069\u0065:\u0070\u006c\u0075\u0073\u0068\u0069\u0065\u0073/\u006e\u006d_\u0070\u006c\u0075\u0073\u0068\u0069\u0065_\u0077\u0069\u0074\u0068\u0065\u0072_\u0074\u0065\u0078\u0074\u0075\u0072\u0065","\u0070\u0061\u0072\u0074\u0069\u0063\u006c\u0065":"\u006e\u006f\u0067\u0073_\u006d\u0065\u006e\u0061\u0067\u0065\u0072\u0069\u0065:\u0070\u006c\u0075\u0073\u0068\u0069\u0065\u0073/\u006e\u006d_\u0070\u006c\u0075\u0073\u0068\u0069\u0065_\u0077\u0069\u0074\u0068\u0065\u0072_\u0074\u0065\u0078\u0074\u0075\u0072\u0065"},"elements":[{"name":"torso","from":[6,0,4.75],"to":[10,11,8.75],"rotation":{"angle":0,"axis":"y","origin":[8,1.0045,6.85355]},"faces":{"north":{"uv":[6,6,7,8.75],"texture":"#0"},"east":{"uv":[6.25,0,7.25,2.75],"texture":"#0"},"south":{"uv":[6.25,3,7.25,5.75],"texture":"#0"},"west":{"uv":[0,7,1,9.75],"texture":"#0"},"up":{"uv":[4,9,3,8],"texture":"#0"},"down":{"uv":[5.25,8,4.25,9],"texture":"#0"}}},{"name":"torso","from":[6,0,8.75],"to":[10,3,11.75],"rotation":{"angle":0,"axis":"y","origin":[8,2,11.25]},"faces":{"north":{"uv":[5.5,9,6.5,9.75],"texture":"#0"},"east":{"uv":[3,7,3.75,7.75],"texture":"#0"},"south":{"uv":[9,6.5,10,7.25],"texture":"#0"},"west":{"uv":[9.25,3,10,3.75],"texture":"#0"},"up":{"uv":[10,8.25,9,7.5],"texture":"#0"},"down":{"uv":[10,8.5,9,9.25],"texture":"#0"}}},{"name":"torso","from":[6.025,0.23044,10.90851],"to":[9.975,2.99544,13.90851],"rotation":{"angle":-22.5,"axis":"x","origin":[8,2.23044,11.90851]},"faces":{"north":{"uv":[9.25,0,10.25,0.75],"texture":"#0"},"east":{"uv":[3.75,9.25,4.5,10],"texture":"#0"},"south":{"uv":[9.25,1,10.25,1.75],"texture":"#0"},"west":{"uv":[9.25,4,10,4.75],"texture":"#0"},"up":{"uv":[10.25,2.75,9.25,2],"texture":"#0"},"down":{"uv":[3.5,9.25,2.5,10],"texture":"#0"}}},{"name":"torso","from":[0,11,4.75],"to":[16,15,8.75],"rotation":{"angle":0,"axis":"y","origin":[8,13,6.75]},"faces":{"north":{"uv":[0,0,4,1],"texture":"#0"},"east":{"uv":[1.25,8.75,2.25,9.75],"texture":"#0"},"south":{"uv":[0,1.25,4,2.25],"texture":"#0"},"west":{"uv":[9,5.25,10,6.25],"texture":"#0"},"up":{"uv":[4,3.5,0,2.5],"texture":"#0"},"down":{"uv":[4,3.75,0,4.75],"texture":"#0"}}},{"name":"torso","from":[4.5,15.175,1.25],"to":[11.5,22.175,8.25],"rotation":{"angle":-22.5,"axis":"x","origin":[8,19.65,6.75]},"faces":{"north":{"uv":[4.25,0,6,1.75],"texture":"#0"},"east":{"uv":[4.25,2,6,3.75],"texture":"#0"},"south":{"uv":[4.25,4,6,5.75],"texture":"#0"},"west":{"uv":[0,5,1.75,6.75],"texture":"#0"},"up":{"uv":[3.75,6.75,2,5],"texture":"#0"},"down":{"uv":[5.75,6,4,7.75],"texture":"#0"}}},{"name":"torso","from":[13,13.425,1.6],"to":[19,19.425,7.6],"rotation":{"angle":-22.5,"axis":"x","origin":[7.5,18.65,7.1]},"faces":{"north":{"uv":[1.25,7,2.75,8.5],"texture":"#0"},"east":{"uv":[7.25,6,8.75,7.5],"texture":"#0"},"south":{"uv":[7.5,0,9,1.5],"texture":"#0"},"west":{"uv":[7.5,1.75,9,3.25],"texture":"#0"},"up":{"uv":[9,5,7.5,3.5],"texture":"#0"},"down":{"uv":[8.75,7.75,7.25,9.25],"texture":"#0"}}},{"name":"torso","from":[-3,13.425,1.6],"to":[3,19.425,7.6],"rotation":{"angle":-22.5,"axis":"x","origin":[8.5,18.65,7.1]},"faces":{"north":{"uv":[2.75,7,1.25,8.5],"texture":"#0"},"east":{"uv":[9,1.75,7.5,3.25],"texture":"#0"},"south":{"uv":[9,0,7.5,1.5],"texture":"#0"},"west":{"uv":[8.75,6,7.25,7.5],"texture":"#0"},"up":{"uv":[7.5,5,9,3.5],"texture":"#0"},"down":{"uv":[7.25,7.75,8.75,9.25],"texture":"#0"}}},{"name":"torso","from":[10,8,5.75],"to":[14,10,7.75],"rotation":{"angle":0,"axis":"y","origin":[8,1.0045,6.85355]},"faces":{"north":{"uv":[7.5,5.25,8.5,5.75],"texture":"#0"},"east":{"uv":[4.75,9.25,5.25,9.75],"texture":"#0"},"south":{"uv":[6.75,9.5,7.75,10],"texture":"#0"},"west":{"uv":[6,10,6.5,10.5],"texture":"#0"},"up":{"uv":[9,10,8,9.5],"texture":"#0"},"down":{"uv":[10.25,9.5,9.25,10],"texture":"#0"}}},{"name":"torso","from":[10,2,5.75],"to":[14,4,7.75],"rotation":{"angle":0,"axis":"y","origin":[8,1.0045,6.85355]},"faces":{"north":{"uv":[0,10,1,10.5],"texture":"#0"},"east":{"uv":[3.75,10.25,4.25,10.75],"texture":"#0"},"south":{"uv":[1.25,10,2.25,10.5],"texture":"#0"},"west":{"uv":[10.25,6,10.75,6.5],"texture":"#0"},"up":{"uv":[5.75,10.5,4.75,10],"texture":"#0"},"down":{"uv":[3.5,10.25,2.5,10.75],"texture":"#0"}}},{"name":"torso","from":[10,5,5.75],"to":[14,7,7.75],"rotation":{"angle":0,"axis":"y","origin":[8,1.0045,6.85355]},"faces":{"north":{"uv":[10.25,3,11.25,3.5],"texture":"#0"},"east":{"uv":[6.75,10.25,7.25,10.75],"texture":"#0"},"south":{"uv":[10.25,3.75,11.25,4.25],"texture":"#0"},"west":{"uv":[10.25,6.75,10.75,7.25],"texture":"#0"},"up":{"uv":[11.25,5,10.25,4.5],"texture":"#0"},"down":{"uv":[11.25,5.25,10.25,5.75],"texture":"#0"}}},{"name":"torso","from":[2,8,5.75],"to":[6,10,7.75],"rotation":{"angle":0,"axis":"y","origin":[8,1.0045,6.85355]},"faces":{"north":{"uv":[8.5,5.25,7.5,5.75],"texture":"#0"},"east":{"uv":[6.5,10,6,10.5],"texture":"#0"},"south":{"uv":[7.75,9.5,6.75,10],"texture":"#0"},"west":{"uv":[5.25,9.25,4.75,9.75],"texture":"#0"},"up":{"uv":[8,10,9,9.5],"texture":"#0"},"down":{"uv":[9.25,9.5,10.25,10],"texture":"#0"}}},{"name":"torso","from":[2,5,5.75],"to":[6,7,7.75],"rotation":{"angle":0,"axis":"y","origin":[8,1.0045,6.85355]},"faces":{"north":{"uv":[11.25,3,10.25,3.5],"texture":"#0"},"east":{"uv":[10.75,6.75,10.25,7.25],"texture":"#0"},"south":{"uv":[11.25,3.75,10.25,4.25],"texture":"#0"},"west":{"uv":[7.25,10.25,6.75,10.75],"texture":"#0"},"up":{"uv":[10.25,5,11.25,4.5],"texture":"#0"},"down":{"uv":[10.25,5.25,11.25,5.75],"texture":"#0"}}},{"name":"torso","from":[2,2,5.75],"to":[6,4,7.75],"rotation":{"angle":0,"axis":"y","origin":[8,1.0045,6.85355]},"faces":{"north":{"uv":[1,10,0,10.5],"texture":"#0"},"east":{"uv":[10.75,6,10.25,6.5],"texture":"#0"},"south":{"uv":[2.25,10,1.25,10.5],"texture":"#0"},"west":{"uv":[4.25,10.25,3.75,10.75],"texture":"#0"},"up":{"uv":[4.75,10.5,5.75,10],"texture":"#0"},"down":{"uv":[2.5,10.25,3.5,10.75],"texture":"#0"}}}],"gui_light":"front","display":{"thirdperson_righthand":{"rotation":[34,11,0],"translation":[-0.5,-0.25,0],"scale":[0.45,0.45,0.45]},"thirdperson_lefthand":{"rotation":[34,11,0],"translation":[-0.5,-0.25,0],"scale":[0.45,0.45,0.45]},"firstperson_righthand":{"rotation":[0,109,5],"translation":[2.75,2.75,0],"scale":[0.52,0.52,0.52]},"firstperson_lefthand":{"rotation":[0,109,5],"translation":[2.75,2.75,0],"scale":[0.52,0.52,0.52]},"ground":{"translation":[0,0.75,-1],"scale":[0.28,0.28,0.28]},"gui":{"rotation":[25,151,0],"translation":[0.75,-1.5,0],"scale":[0.61,0.61,0.61]},"head":{"translation":[0,14.4,0]},"fixed":{"rotation":[-90,0,0],"translation":[0,-1,-16],"scale":[2,2,2]}},"mcmodels":"5d60807f3af1cd5823ad9970fc7aa1af"}