{"textures​":{"layer0":"minecraft:item/oak_log"},"credit":"Made by Nog's Menagerie","texture_size":[64,64],"\u0074\u0065\u0078\u0074\u0075\u0072\u0065\u0073":{"2":"\u006e\u006f\u0067\u0073_\u006d\u0065\u006e\u0061\u0067\u0065\u0072\u0069\u0065:\u0070\u006c\u0075\u0073\u0068\u0069\u0065\u0073/\u006e\u006d_\u0070\u006c\u0075\u0073\u0068\u0069\u0065_\u0073\u006e\u0069\u0066\u0066\u0065\u0072_\u0074\u0065\u0078\u0074\u0075\u0072\u0065","\u0070\u0061\u0072\u0074\u0069\u0063\u006c\u0065":"\u006e\u006f\u0067\u0073_\u006d\u0065\u006e\u0061\u0067\u0065\u0072\u0069\u0065:\u0070\u006c\u0075\u0073\u0068\u0069\u0065\u0073/\u006e\u006d_\u0070\u006c\u0075\u0073\u0068\u0069\u0065_\u0073\u006e\u0069\u0066\u0066\u0065\u0072_\u0074\u0065\u0078\u0074\u0075\u0072\u0065"},"elements":[{"name":"head","from":[10.69186,1.31044,2],"to":[11.69186,7.31044,5],"rotation":{"angle":22.5,"axis":"z","origin":[11.94186,6.56044,3.25]},"faces":{"north":{"uv":[1,11,1.25,12.5],"texture":"#2"},"east":{"uv":[9.75,0,10.5,1.5],"texture":"#2"},"south":{"uv":[7.25,11.25,7.5,12.75],"texture":"#2"},"west":{"uv":[1.75,9.75,2.5,11.25],"texture":"#2"},"up":{"uv":[2,9,1.75,8.25],"texture":"#2"},"down":{"uv":[8,11.25,7.75,12],"texture":"#2"}}},{"name":"head","from":[4.30814,1.31044,2],"to":[5.30814,7.31044,5],"rotation":{"angle":-22.5,"axis":"z","origin":[4.05814,6.56044,3.25]},"faces":{"north":{"uv":[1.25,11,1,12.5],"texture":"#2"},"east":{"uv":[2.5,9.75,1.75,11.25],"texture":"#2"},"south":{"uv":[7.5,11.25,7.25,12.75],"texture":"#2"},"west":{"uv":[10.5,0,9.75,1.5],"texture":"#2"},"up":{"uv":[1.75,9,2,8.25],"texture":"#2"},"down":{"uv":[7.75,11.25,8,12],"texture":"#2"}}},{"name":"head","from":[5,0,-1],"to":[11,7,6],"rotation":{"angle":0,"axis":"y","origin":[8,2.0045,5.60355]},"faces":{"north":{"uv":[2.25,7.75,3.75,9.5],"texture":"#2"},"east":{"uv":[6.5,2.75,8.25,4.5],"texture":"#2"},"south":{"uv":[4,7.75,5.5,9.5],"texture":"#2"},"west":{"uv":[7.75,0,9.5,1.75],"texture":"#2"},"up":{"uv":[9.25,6.5,7.75,4.75],"texture":"#2"},"down":{"uv":[7.25,7.75,5.75,9.5],"texture":"#2"}}},{"name":"head","from":[5,0,-5],"to":[11,6,-1],"rotation":{"angle":0,"axis":"y","origin":[8,2.0045,5.60355]},"faces":{"north":{"uv":[7.75,6.75,9.25,8.25],"texture":"#2"},"east":{"uv":[7.5,8.5,8.5,10],"texture":"#2"},"south":{"uv":[0,8.25,1.5,9.75],"texture":"#2"},"west":{"uv":[8.75,8.5,9.75,10],"texture":"#2"},"up":{"uv":[11,5,9.5,4],"texture":"#2"},"down":{"uv":[11,5.25,9.5,6.25],"texture":"#2"}}},{"name":"torso","from":[4,0,6],"to":[12,3,16],"rotation":{"angle":0,"axis":"y","origin":[8,2.0045,7.10355]},"faces":{"north":{"uv":[9.5,6.5,11.5,7.25],"texture":"#2"},"east":{"uv":[8.5,2,11,2.75],"texture":"#2"},"south":{"uv":[9.5,7.5,11.5,8.25],"texture":"#2"},"west":{"uv":[8.5,3,11,3.75],"texture":"#2"},"up":{"uv":[2,8,0,5.5],"texture":"#2"},"down":{"uv":[7.5,0,5.5,2.5],"texture":"#2"}}},{"name":"torso","from":[3,3,5],"to":[13,11,17],"rotation":{"angle":0,"axis":"y","origin":[8,2.0045,7.10355]},"faces":{"north":{"uv":[2.25,5.5,4.75,7.5],"texture":"#2"},"east":{"uv":[0,3.25,3,5.25],"texture":"#2"},"south":{"uv":[5,5.5,7.5,7.5],"texture":"#2"},"west":{"uv":[3.25,3.25,6.25,5.25],"texture":"#2"},"up":{"uv":[2.5,3,0,0],"texture":"#2"},"down":{"uv":[5.25,0,2.75,3],"texture":"#2"}}},{"name":"torso","from":[3,2,17],"to":[13,3,17],"rotation":{"angle":0,"axis":"y","origin":[8,1.0045,7.10355]},"faces":{"north":{"uv":[13.75,2.5,11.25,2.75],"texture":"#2"},"east":{"uv":[5.5,2.75,5.5,3],"texture":"#2"},"south":{"uv":[11.25,2.5,13.75,2.75],"texture":"#2"},"west":{"uv":[5.75,2.75,5.75,3],"texture":"#2"},"up":{"uv":[13.75,6,11.25,6],"texture":"#2"},"down":{"uv":[13.75,6.25,11.25,6.25],"texture":"#2"}}},{"name":"torso","from":[13,3.025,5],"to":[14,3.025,17],"rotation":{"angle":0,"axis":"y","origin":[13,2.525,11]},"faces":{"north":{"uv":[6,2.75,6.25,2.75],"texture":"#2"},"east":{"uv":[8.25,11.5,11.25,11.5],"texture":"#2"},"south":{"uv":[6,3,6.25,3],"texture":"#2"},"west":{"uv":[11.5,8.5,14.5,8.5],"texture":"#2"},"up":{"uv":[4.5,13.75,4.25,10.75],"texture":"#2"},"down":{"uv":[4.5,10.75,4.25,13.75],"texture":"#2"}}},{"name":"right_leg","from":[11.16282,0.009,12.99603],"to":[16.16282,3.009,15.99603],"rotation":{"angle":-22.5,"axis":"y","origin":[11.16282,1.009,14.49603]},"faces":{"north":{"uv":[2.75,9.75,4,10.5],"texture":"#2"},"east":{"uv":[5.25,10.75,6,11.5],"texture":"#2"},"south":{"uv":[4.25,9.75,5.5,10.5],"texture":"#2"},"west":{"uv":[6.25,10.75,7,11.5],"texture":"#2"},"up":{"uv":[7,10.5,5.75,9.75],"texture":"#2"},"down":{"uv":[1.25,10,0,10.75],"texture":"#2"}}},{"name":"right_leg","from":[11.04645,0.009,7.53436],"to":[16.04645,3.009,10.53436],"rotation":{"angle":22.5,"axis":"y","origin":[7.5,2.0045,7.95355]},"faces":{"north":{"uv":[10,8.5,11.25,9.25],"texture":"#2"},"east":{"uv":[0,11,0.75,11.75],"texture":"#2"},"south":{"uv":[10,9.5,11.25,10.25],"texture":"#2"},"west":{"uv":[11.25,3,12,3.75],"texture":"#2"},"up":{"uv":[8.5,11,7.25,10.25],"texture":"#2"},"down":{"uv":[10,10.5,8.75,11.25],"texture":"#2"}}},{"name":"right_leg","from":[12,0,10],"to":[17,3,13],"rotation":{"angle":0,"axis":"y","origin":[15.5,1.5,10.5]},"faces":{"north":{"uv":[10.25,10.5,11.5,11.25],"texture":"#2"},"east":{"uv":[11.25,4,12,4.75],"texture":"#2"},"south":{"uv":[10.75,0,12,0.75],"texture":"#2"},"west":{"uv":[11.25,5,12,5.75],"texture":"#2"},"up":{"uv":[12,1.75,10.75,1],"texture":"#2"},"down":{"uv":[4,10.75,2.75,11.5],"texture":"#2"}}},{"name":"left_leg","from":[-0.04645,0.009,7.53436],"to":[4.95355,3.009,10.53436],"rotation":{"angle":-22.5,"axis":"y","origin":[8.5,2.0045,7.95355]},"faces":{"north":{"uv":[11.25,8.5,10,9.25],"texture":"#2"},"east":{"uv":[12,3,11.25,3.75],"texture":"#2"},"south":{"uv":[11.25,9.5,10,10.25],"texture":"#2"},"west":{"uv":[0.75,11,0,11.75],"texture":"#2"},"up":{"uv":[7.25,11,8.5,10.25],"texture":"#2"},"down":{"uv":[8.75,10.5,10,11.25],"texture":"#2"}}},{"name":"left_leg","from":[-1,0,10],"to":[4,3,13],"rotation":{"angle":0,"axis":"y","origin":[0.5,1.5,10.5]},"faces":{"north":{"uv":[11.5,10.5,10.25,11.25],"texture":"#2"},"east":{"uv":[12,5,11.25,5.75],"texture":"#2"},"south":{"uv":[12,0,10.75,0.75],"texture":"#2"},"west":{"uv":[12,4,11.25,4.75],"texture":"#2"},"up":{"uv":[10.75,1.75,12,1],"texture":"#2"},"down":{"uv":[2.75,10.75,4,11.5],"texture":"#2"}}},{"name":"left_leg","from":[-0.16282,0.009,12.99603],"to":[4.83718,3.009,15.99603],"rotation":{"angle":22.5,"axis":"y","origin":[4.83718,1.009,14.49603]},"faces":{"north":{"uv":[4,9.75,2.75,10.5],"texture":"#2"},"east":{"uv":[7,10.75,6.25,11.5],"texture":"#2"},"south":{"uv":[5.5,9.75,4.25,10.5],"texture":"#2"},"west":{"uv":[6,10.75,5.25,11.5],"texture":"#2"},"up":{"uv":[5.75,10.5,7,9.75],"texture":"#2"},"down":{"uv":[0,10,1.25,10.75],"texture":"#2"}}}],"gui_light":"front","display":{"thirdperson_righthand":{"rotation":[71,16,0],"translation":[-0.5,0.75,-0.5],"scale":[0.49,0.49,0.49]},"thirdperson_lefthand":{"rotation":[71,16,0],"translation":[-0.5,0.75,-0.5],"scale":[0.49,0.49,0.49]},"firstperson_righthand":{"rotation":[0,109,5],"translation":[2.25,6.5,0],"scale":[0.55,0.55,0.55]},"firstperson_lefthand":{"rotation":[0,109,5],"translation":[2.25,6.5,0],"scale":[0.55,0.55,0.55]},"ground":{"translation":[0,3.5,0],"scale":[0.59,0.59,0.59]},"gui":{"rotation":[25,151,0],"translation":[-0.75,1.75,0],"scale":[0.63,0.63,0.63]},"head":{"translation":[0,14.4,0]},"fixed":{"rotation":[-90,0,0],"translation":[0,0.75,-13.5],"scale":[1.7,1.7,1.7]}},"mcmodels":"5d60807f3af1cd5823ad9970fc7aa1af"}