{"textures​":{"layer0":"minecraft:item/warped_fungus_on_a_stick"},"credit":"Made by Nog's Menagerie","texture_size":[64,64],"\u0074\u0065\u0078\u0074\u0075\u0072\u0065\u0073":{"0":"\u006e\u006f\u0067\u0073_\u006d\u0065\u006e\u0061\u0067\u0065\u0072\u0069\u0065:\u0070\u006c\u0075\u0073\u0068\u0069\u0065\u0073/\u006e\u006d_\u0070\u006c\u0075\u0073\u0068\u0069\u0065_\u0077\u0061\u006e\u0064\u0065\u0072\u0069\u006e\u0067_\u0074\u0072\u0061\u0064\u0065\u0072_\u0074\u0065\u0078\u0074\u0075\u0072\u0065","\u0070\u0061\u0072\u0074\u0069\u0063\u006c\u0065":"\u006e\u006f\u0067\u0073_\u006d\u0065\u006e\u0061\u0067\u0065\u0072\u0069\u0065:\u0070\u006c\u0075\u0073\u0068\u0069\u0065\u0073/\u006e\u006d_\u0070\u006c\u0075\u0073\u0068\u0069\u0065_\u0077\u0061\u006e\u0064\u0065\u0072\u0069\u006e\u0067_\u0074\u0072\u0061\u0064\u0065\u0072_\u0074\u0065\u0078\u0074\u0075\u0072\u0065"},"elements":[{"name":"torso","from":[5.5,0,7],"to":[10.5,7,11],"rotation":{"angle":0,"axis":"y","origin":[8,2.0045,8.60355]},"faces":{"north":{"uv":[0,6.25,1.25,8],"texture":"#0"},"east":{"uv":[6.75,5.5,7.75,7.25],"texture":"#0"},"south":{"uv":[6.25,3.5,7.5,5.25],"texture":"#0"},"west":{"uv":[1.5,7.5,2.5,9.25],"texture":"#0"},"up":{"uv":[3.5,5.5,2.25,4.5],"texture":"#0"},"down":{"uv":[4,7.5,2.75,8.5],"texture":"#0"}}},{"name":"head","from":[4.5,5.575,4.6],"to":[11.5,13.575,11.6],"rotation":{"angle":-22.5,"axis":"x","origin":[8,7.725,8]},"faces":{"north":{"uv":[0,0,1.75,2],"texture":"#0"},"east":{"uv":[2,0,3.75,2],"texture":"#0"},"south":{"uv":[0,2.25,1.75,4.25],"texture":"#0"},"west":{"uv":[2,2.25,3.75,4.25],"texture":"#0"},"up":{"uv":[5.75,1.75,4,0],"texture":"#0"},"down":{"uv":[5.75,2,4,3.75],"texture":"#0"}}},{"name":"head","from":[4,5.575,4.1],"to":[12,11.575,4.1],"rotation":{"angle":-22.5,"axis":"x","origin":[8,7.725,8]},"faces":{"north":{"uv":[6,0,8,1.5],"texture":"#0"},"east":{"uv":[6.25,8.75,6.25,10.25],"texture":"#0"},"south":{"uv":[8,0,6,1.5],"texture":"#0"},"west":{"uv":[6.5,8.75,6.5,10.25],"texture":"#0"},"up":{"uv":[10.75,5.75,8.75,5.75],"texture":"#0"},"down":{"uv":[8.75,8.75,6.75,8.75],"texture":"#0"}}},{"name":"head","from":[4,5.575,4.1],"to":[4,11.575,12.1],"rotation":{"angle":-22.5,"axis":"x","origin":[8,7.725,8]},"faces":{"north":{"uv":[2.75,8.75,2.75,10.25],"texture":"#0"},"east":{"uv":[2,4.5,0,6],"texture":"#0"},"south":{"uv":[3,8.75,3,10.25],"texture":"#0"},"west":{"uv":[0,4.5,2,6],"texture":"#0"},"up":{"uv":[3.25,10.75,3.25,8.75],"texture":"#0"},"down":{"uv":[3.5,8.75,3.5,10.75],"texture":"#0"}}},{"name":"head","from":[12,5.575,4.1],"to":[12,11.575,12.1],"rotation":{"angle":-22.5,"axis":"x","origin":[8,7.725,8]},"faces":{"north":{"uv":[2.75,8.75,2.75,10.25],"texture":"#0"},"east":{"uv":[2,4.5,0,6],"texture":"#0"},"south":{"uv":[3,8.75,3,10.25],"texture":"#0"},"west":{"uv":[0,4.5,2,6],"texture":"#0"},"up":{"uv":[3.25,10.75,3.25,8.75],"texture":"#0"},"down":{"uv":[3.5,8.75,3.5,10.75],"texture":"#0"}}},{"name":"head","from":[4,5.575,12.1],"to":[12,11.575,12.1],"rotation":{"angle":-22.5,"axis":"x","origin":[8,7.725,8]},"faces":{"north":{"uv":[2.25,5.75,4.25,7.25],"texture":"#0"},"east":{"uv":[3.75,8.75,3.75,10.25],"texture":"#0"},"south":{"uv":[4.25,5.75,2.25,7.25],"texture":"#0"},"west":{"uv":[8.75,3.75,8.75,5.25],"texture":"#0"},"up":{"uv":[6,8.75,4,8.75],"texture":"#0"},"down":{"uv":[10.75,5.5,8.75,5.5],"texture":"#0"}}},{"name":"head","from":[7,4.575,2.6],"to":[9,8.575,4.6],"rotation":{"angle":-22.5,"axis":"x","origin":[8,7.725,8]},"faces":{"north":{"uv":[1.5,6.25,2,7.25],"texture":"#0"},"east":{"uv":[4.25,7.5,4.75,8.5],"texture":"#0"},"south":{"uv":[5,7.5,5.5,8.5],"texture":"#0"},"west":{"uv":[5.75,7.5,6.25,8.5],"texture":"#0"},"up":{"uv":[8.75,0.5,8.25,0],"texture":"#0"},"down":{"uv":[1.25,8.25,0.75,8.75],"texture":"#0"}}},{"name":"right_arm","from":[9.83187,1.74074,8],"to":[11.83187,5.74074,10],"rotation":{"angle":45,"axis":"z","origin":[10.83187,3.74074,9]},"faces":{"north":{"uv":[6.5,7.5,7,8.5],"texture":"#0"},"east":{"uv":[7.25,7.5,7.75,8.5],"texture":"#0"},"south":{"uv":[7.75,3.5,8.25,4.5],"texture":"#0"},"west":{"uv":[8,4.75,8.5,5.75],"texture":"#0"},"up":{"uv":[8.75,1.25,8.25,0.75],"texture":"#0"},"down":{"uv":[8.75,1.5,8.25,2],"texture":"#0"}}},{"name":"left_arm","from":[4.16813,1.74074,8],"to":[6.16813,5.74074,10],"rotation":{"angle":-45,"axis":"z","origin":[5.16813,3.74074,9]},"faces":{"north":{"uv":[7,7.5,6.5,8.5],"texture":"#0"},"east":{"uv":[8.5,4.75,8,5.75],"texture":"#0"},"south":{"uv":[8.25,3.5,7.75,4.5],"texture":"#0"},"west":{"uv":[7.75,7.5,7.25,8.5],"texture":"#0"},"up":{"uv":[8.25,1.25,8.75,0.75],"texture":"#0"},"down":{"uv":[8.25,1.5,8.75,2],"texture":"#0"}}},{"name":"right_leg","from":[8.75,0.035,3.85],"to":[10.75,1.985,7.85],"rotation":{"angle":-22.5,"axis":"y","origin":[7.675,0.01,6.2]},"faces":{"north":{"uv":[8.25,2.25,8.75,2.75],"texture":"#0"},"east":{"uv":[8,6,9,6.5],"texture":"#0"},"south":{"uv":[8.5,3,9,3.5],"texture":"#0"},"west":{"uv":[8,6.75,9,7.25],"texture":"#0"},"up":{"uv":[8.5,8.5,8,7.5],"texture":"#0"},"down":{"uv":[0.5,8.25,0,9.25],"texture":"#0"}}},{"name":"left_leg","from":[5.25,0.035,3.85],"to":[7.25,1.985,7.85],"rotation":{"angle":22.5,"axis":"y","origin":[8.325,0.01,6.2]},"faces":{"north":{"uv":[8.75,2.25,8.25,2.75],"texture":"#0"},"east":{"uv":[9,6.75,8,7.25],"texture":"#0"},"south":{"uv":[9,3,8.5,3.5],"texture":"#0"},"west":{"uv":[9,6,8,6.5],"texture":"#0"},"up":{"uv":[8,8.5,8.5,7.5],"texture":"#0"},"down":{"uv":[0,8.25,0.5,9.25],"texture":"#0"}}}],"gui_light":"front","display":{"thirdperson_righthand":{"rotation":[24,13,0],"translation":[0,1.25,-0.5],"scale":[0.6,0.6,0.6]},"thirdperson_lefthand":{"rotation":[24,13,0],"translation":[0,0.75,-0.5],"scale":[0.6,0.6,0.6]},"firstperson_righthand":{"rotation":[0,109,5],"translation":[2,5.25,0],"scale":[0.71,0.71,0.71]},"firstperson_lefthand":{"rotation":[0,109,5],"translation":[2,5.25,0],"scale":[0.71,0.71,0.71]},"ground":{"translation":[0,3.5,0],"scale":[0.65,0.65,0.65]},"gui":{"rotation":[25,151,0],"translation":[0.25,0.5,0],"scale":[0.73,0.73,0.73]},"head":{"translation":[0,14.4,0]},"fixed":{"rotation":[-90,0,0],"translation":[0,0,-13.5],"scale":[1.7,1.7,1.7]}},"mcmodels":"5d60807f3af1cd5823ad9970fc7aa1af"}