{"textures​":{"layer0":"minecraft:item/potted_blue_orchid"},"credit":"Made by Nog's Menagerie","texture_size":[64,64],"\u0074\u0065\u0078\u0074\u0075\u0072\u0065\u0073":{"1":"\u006e\u006f\u0067\u0073_\u006d\u0065\u006e\u0061\u0067\u0065\u0072\u0069\u0065:\u0070\u006c\u0075\u0073\u0068\u0069\u0065\u0073/\u006e\u006d_\u0070\u006c\u0075\u0073\u0068\u0069\u0065_\u0077\u0069\u0074\u0068\u0065\u0072_\u0073\u006b\u0065\u006c\u0065\u0074\u006f\u006e_\u0074\u0065\u0078\u0074\u0075\u0072\u0065","\u0070\u0061\u0072\u0074\u0069\u0063\u006c\u0065":"#1"},"elements":[{"name":"torso","from":[5.5,0,7],"to":[10.5,2,11],"rotation":{"angle":0,"axis":"y","origin":[8,2.0045,8.60355]},"faces":{"north":{"uv":[5.5,3.5,6.75,4],"texture":"#1"},"east":{"uv":[1.5,6,2.5,6.5],"texture":"#1"},"south":{"uv":[5.5,5.25,6.75,5.75],"texture":"#1"},"west":{"uv":[5.5,6,6.5,6.5],"texture":"#1"},"up":{"uv":[3.25,5,2,4],"texture":"#1"},"down":{"uv":[5.25,2,4,3],"texture":"#1"}}},{"name":"torso","from":[7.5,2,10],"to":[8.5,8,11],"rotation":{"angle":0,"axis":"y","origin":[8,4.0045,8.60355]},"faces":{"north":{"uv":[4.25,5.75,4.5,7.25],"texture":"#1"},"east":{"uv":[6.25,1.5,6.5,3],"texture":"#1"},"south":{"uv":[6.75,0,7,1.5],"texture":"#1"},"west":{"uv":[1.5,6.75,1.75,8.25],"texture":"#1"},"up":{"uv":[3.75,4.25,3.5,4],"texture":"#1"},"down":{"uv":[5,6.75,4.75,7],"texture":"#1"}}},{"name":"torso","from":[5.5,3,11],"to":[7.5,7,11],"rotation":{"angle":0,"axis":"y","origin":[7,4.0045,8.60355]},"faces":{"north":{"uv":[2.75,6,3.25,7],"texture":"#1"},"east":{"uv":[5.25,6.75,5.25,7.75],"texture":"#1"},"south":{"uv":[2.75,6,3.25,7],"texture":"#1"},"west":{"uv":[5.5,6.75,5.5,7.75],"texture":"#1"},"up":{"uv":[6,4.25,5.5,4.25],"texture":"#1"},"down":{"uv":[6.75,3.25,6.25,3.25],"texture":"#1"}}},{"name":"torso","from":[10.5,3,7],"to":[10.5,7,11],"rotation":{"angle":0,"axis":"y","origin":[9,4.0045,8.60355]},"faces":{"north":{"uv":[5.75,6.75,5.75,7.75],"texture":"#1"},"east":{"uv":[3.5,4.5,4.5,5.5],"texture":"#1"},"south":{"uv":[6,6.75,6,7.75],"texture":"#1"},"west":{"uv":[3.5,4.5,4.5,5.5],"texture":"#1"},"up":{"uv":[6.75,7,6.75,6],"texture":"#1"},"down":{"uv":[6.25,6.75,6.25,7.75],"texture":"#1"}}},{"name":"torso","from":[5.5,3,7],"to":[5.5,7,11],"rotation":{"angle":0,"axis":"y","origin":[7,4.0045,8.60355]},"faces":{"north":{"uv":[5.75,6.75,5.75,7.75],"texture":"#1"},"east":{"uv":[4.5,4.5,3.5,5.5],"texture":"#1"},"south":{"uv":[6,6.75,6,7.75],"texture":"#1"},"west":{"uv":[4.5,4.5,3.5,5.5],"texture":"#1"},"up":{"uv":[6.75,7,6.75,6],"texture":"#1"},"down":{"uv":[6.25,6.75,6.25,7.75],"texture":"#1"}}},{"name":"torso","from":[8.5,3,11],"to":[10.5,7,11],"rotation":{"angle":0,"axis":"y","origin":[9,4.0045,8.60355]},"faces":{"north":{"uv":[2.75,6,3.25,7],"texture":"#1"},"east":{"uv":[5.5,6.75,5.5,7.75],"texture":"#1"},"south":{"uv":[3.25,6,2.75,7],"texture":"#1"},"west":{"uv":[5.25,6.75,5.25,7.75],"texture":"#1"},"up":{"uv":[5.5,4.25,6,4.25],"texture":"#1"},"down":{"uv":[6.25,3.25,6.75,3.25],"texture":"#1"}}},{"name":"torso","from":[5.5,3,7],"to":[10.5,7,7],"rotation":{"angle":0,"axis":"y","origin":[7,4.0045,8.60355]},"faces":{"north":{"uv":[4,3.25,5.25,4.25],"texture":"#1"},"east":{"uv":[6.5,6.75,6.5,7.75],"texture":"#1"},"south":{"uv":[5.25,3.25,4,4.25],"texture":"#1"},"west":{"uv":[7,3.25,7,4.25],"texture":"#1"},"up":{"uv":[7.5,5,6.25,5],"texture":"#1"},"down":{"uv":[8.25,4.5,7,4.5],"texture":"#1"}}},{"name":"head","from":[4.5,6.575,4.6],"to":[11.5,13.575,11.6],"rotation":{"angle":-22.5,"axis":"x","origin":[8,8.725,8]},"faces":{"north":{"uv":[0,0,1.75,1.75],"texture":"#1"},"east":{"uv":[0,2,1.75,3.75],"texture":"#1"},"south":{"uv":[2,0,3.75,1.75],"texture":"#1"},"west":{"uv":[2,2,3.75,3.75],"texture":"#1"},"up":{"uv":[1.75,5.75,0,4],"texture":"#1"},"down":{"uv":[5.75,0,4,1.75],"texture":"#1"}}},{"name":"right_arm","from":[10.58187,1.24074,8],"to":[12.58187,6.24074,10],"rotation":{"angle":22.5,"axis":"z","origin":[11.58187,4.24074,9]},"faces":{"north":{"uv":[3.5,5.75,4,7],"texture":"#1"},"east":{"uv":[0,6,0.5,7.25],"texture":"#1"},"south":{"uv":[6,0,6.5,1.25],"texture":"#1"},"west":{"uv":[0.75,6,1.25,7.25],"texture":"#1"},"up":{"uv":[2.5,7.25,2,6.75],"texture":"#1"},"down":{"uv":[7.25,2.5,6.75,3],"texture":"#1"}}},{"name":"left_arm","from":[3.41813,1.24074,8],"to":[5.41813,6.24074,10],"rotation":{"angle":-22.5,"axis":"z","origin":[4.41813,4.24074,9]},"faces":{"north":{"uv":[4,5.75,3.5,7],"texture":"#1"},"east":{"uv":[1.25,6,0.75,7.25],"texture":"#1"},"south":{"uv":[6.5,0,6,1.25],"texture":"#1"},"west":{"uv":[0.5,6,0,7.25],"texture":"#1"},"up":{"uv":[2,7.25,2.5,6.75],"texture":"#1"},"down":{"uv":[6.75,2.5,7.25,3],"texture":"#1"}}},{"name":"right_leg","from":[8.75,0.035,2.85],"to":[10.75,1.985,7.85],"rotation":{"angle":-22.5,"axis":"y","origin":[7.675,0.01,6.2]},"faces":{"north":{"uv":[6.25,4.25,6.75,4.75],"texture":"#1"},"east":{"uv":[4.75,4.5,6,5],"texture":"#1"},"south":{"uv":[6.75,1.75,7.25,2.25],"texture":"#1"},"west":{"uv":[2,5.25,3.25,5.75],"texture":"#1"},"up":{"uv":[5.25,6.5,4.75,5.25],"texture":"#1"},"down":{"uv":[6,2,5.5,3.25],"texture":"#1"}}},{"name":"left_leg","from":[5.25,0.035,2.85],"to":[7.25,1.985,7.85],"rotation":{"angle":22.5,"axis":"y","origin":[8.325,0.01,6.2]},"faces":{"north":{"uv":[6.75,4.25,6.25,4.75],"texture":"#1"},"east":{"uv":[3.25,5.25,2,5.75],"texture":"#1"},"south":{"uv":[7.25,1.75,6.75,2.25],"texture":"#1"},"west":{"uv":[6,4.5,4.75,5],"texture":"#1"},"up":{"uv":[4.75,6.5,5.25,5.25],"texture":"#1"},"down":{"uv":[5.5,2,6,3.25],"texture":"#1"}}}],"gui_light":"front","display":{"thirdperson_righthand":{"rotation":[24,13,0],"translation":[0,1.25,-0.5],"scale":[0.6,0.6,0.6]},"thirdperson_lefthand":{"rotation":[24,13,0],"translation":[0,0.75,-0.5],"scale":[0.6,0.6,0.6]},"firstperson_righthand":{"rotation":[0,109,5],"translation":[2,5.25,0],"scale":[0.71,0.71,0.71]},"firstperson_lefthand":{"rotation":[0,109,5],"translation":[2,5.25,0],"scale":[0.71,0.71,0.71]},"ground":{"translation":[0,3.5,0],"scale":[0.65,0.65,0.65]},"gui":{"rotation":[25,151,0],"translation":[0.25,0.5,0],"scale":[0.73,0.73,0.73]},"head":{"translation":[0,14.4,0]},"fixed":{"rotation":[-90,0,0],"translation":[0,0,-13.5],"scale":[1.7,1.7,1.7]}},"mcmodels":"5d60807f3af1cd5823ad9970fc7aa1af"}