{"textures​":{"1":"\u006e\u006f\u0067\u0073_\u006d\u0065\u006e\u0061\u0067\u0065\u0072\u0069\u0065:\u0070\u006c\u0075\u0073\u0068\u0069\u0065\u0073/\u006e\u006d_\u0070\u006c\u0075\u0073\u0068\u0069\u0065_\u0067\u0068\u0061\u0073\u0074_\u0074\u0065\u0078\u0074\u0075\u0072\u0065","\u0070\u0061\u0072\u0074\u0069\u0063\u006c\u0065":"#1"},"credit":"Made by Nog's Menagerie","texture_size":[64,64],"\u0074\u0065\u0078\u0074\u0075\u0072\u0065\u0073":{"1":"\u006e\u006f\u0067\u0073_\u006d\u0065\u006e\u0061\u0067\u0065\u0072\u0069\u0065:\u0070\u006c\u0075\u0073\u0068\u0069\u0065\u0073/\u006e\u006d_\u0070\u006c\u0075\u0073\u0068\u0069\u0065_\u0067\u0068\u0061\u0073\u0074_\u0074\u0065\u0078\u0074\u0075\u0072\u0065","\u0070\u0061\u0072\u0074\u0069\u0063\u006c\u0065":"#1"},"elements":[{"name":"torso","from":[2,0,2],"to":[14,12,14],"rotation":{"angle":0,"axis":"y","origin":[8,2.0045,8.85355]},"faces":{"north":{"uv":[0,0,3,3],"texture":"#1"},"east":{"uv":[0,3.25,3,6.25],"texture":"#1"},"south":{"uv":[3.25,0,6.25,3],"texture":"#1"},"west":{"uv":[3.25,3.25,6.25,6.25],"texture":"#1"},"up":{"uv":[3,9.5,0,6.5],"texture":"#1"},"down":{"uv":[9.5,0,6.5,3],"texture":"#1"}}},{"name":"right_leg","from":[8.23739,0.01,-5.22702],"to":[10.23739,2.01,2.77298],"rotation":{"angle":-45,"axis":"y","origin":[10.23739,1.01,7.57298]},"faces":{"north":{"uv":[8.5,6.25,9,6.75],"texture":"#1"},"east":{"uv":[3.25,6.5,5.25,7],"texture":"#1"},"south":{"uv":[8.75,3.25,9.25,3.75],"texture":"#1"},"west":{"uv":[6.5,3.25,8.5,3.75],"texture":"#1"},"up":{"uv":[7,6,6.5,4],"texture":"#1"},"down":{"uv":[6,6.5,5.5,8.5],"texture":"#1"}}},{"name":"right_leg","from":[8.23739,0.01,13.22702],"to":[10.23739,2.01,21.22702],"rotation":{"angle":45,"axis":"y","origin":[10.23739,1.01,8.42702]},"faces":{"north":{"uv":[4.75,8.75,5.25,9.25],"texture":"#1"},"east":{"uv":[6.25,6.5,8.25,7],"texture":"#1"},"south":{"uv":[5.5,8.75,6,9.25],"texture":"#1"},"west":{"uv":[3.25,7.25,5.25,7.75],"texture":"#1"},"up":{"uv":[7.75,6,7.25,4],"texture":"#1"},"down":{"uv":[6.75,7.25,6.25,9.25],"texture":"#1"}}},{"name":"right_leg","from":[14,0,7],"to":[22,2,9],"rotation":{"angle":0,"axis":"y","origin":[20.25,1,4.45]},"faces":{"north":{"uv":[7,7.25,9,7.75],"texture":"#1"},"east":{"uv":[7,8.75,7.5,9.25],"texture":"#1"},"south":{"uv":[3.25,8,5.25,8.5],"texture":"#1"},"west":{"uv":[7.75,8.75,8.25,9.25],"texture":"#1"},"up":{"uv":[10,4.5,8,4],"texture":"#1"},"down":{"uv":[10,4.75,8,5.25],"texture":"#1"}}},{"name":"right_leg","from":[7,0,-6],"to":[9,2,2],"rotation":{"angle":0,"axis":"y","origin":[15.75,1,4]},"faces":{"north":{"uv":[8.5,8.75,9,9.25],"texture":"#1"},"east":{"uv":[8,5.5,10,6],"texture":"#1"},"south":{"uv":[9.25,6.25,9.75,6.75],"texture":"#1"},"west":{"uv":[7,8,9,8.5],"texture":"#1"},"up":{"uv":[3.75,10.75,3.25,8.75],"texture":"#1"},"down":{"uv":[4.5,8.75,4,10.75],"texture":"#1"}}},{"name":"left_leg","from":[5.76261,0.01,13.22702],"to":[7.76261,2.01,21.22702],"rotation":{"angle":-45,"axis":"y","origin":[5.76261,1.01,8.42702]},"faces":{"north":{"uv":[5.25,8.75,4.75,9.25],"texture":"#1"},"east":{"uv":[5.25,7.25,3.25,7.75],"texture":"#1"},"south":{"uv":[6,8.75,5.5,9.25],"texture":"#1"},"west":{"uv":[8.25,6.5,6.25,7],"texture":"#1"},"up":{"uv":[7.25,6,7.75,4],"texture":"#1"},"down":{"uv":[6.25,7.25,6.75,9.25],"texture":"#1"}}},{"name":"left_leg","from":[-6,0,7],"to":[2,2,9],"rotation":{"angle":0,"axis":"y","origin":[-4.25,1,4.45]},"faces":{"north":{"uv":[9,7.25,7,7.75],"texture":"#1"},"east":{"uv":[8.25,8.75,7.75,9.25],"texture":"#1"},"south":{"uv":[5.25,8,3.25,8.5],"texture":"#1"},"west":{"uv":[7.5,8.75,7,9.25],"texture":"#1"},"up":{"uv":[8,4.5,10,4],"texture":"#1"},"down":{"uv":[8,4.75,10,5.25],"texture":"#1"}}},{"name":"left_leg","from":[5.76261,0.01,-5.22702],"to":[7.76261,2.01,2.77298],"rotation":{"angle":45,"axis":"y","origin":[5.76261,1.01,7.57298]},"faces":{"north":{"uv":[9,6.25,8.5,6.75],"texture":"#1"},"east":{"uv":[8.5,3.25,6.5,3.75],"texture":"#1"},"south":{"uv":[9.25,3.25,8.75,3.75],"texture":"#1"},"west":{"uv":[5.25,6.5,3.25,7],"texture":"#1"},"up":{"uv":[6.5,6,7,4],"texture":"#1"},"down":{"uv":[5.5,6.5,6,8.5],"texture":"#1"}}},{"name":"left_leg","from":[7,0,14],"to":[9,2,22],"rotation":{"angle":0,"axis":"y","origin":[0.25,1,12]},"faces":{"north":{"uv":[9.25,6.25,9.75,6.75],"texture":"#1"},"east":{"uv":[7,8,9,8.5],"texture":"#1"},"south":{"uv":[8.5,8.75,9,9.25],"texture":"#1"},"west":{"uv":[8,5.5,10,6],"texture":"#1"},"up":{"uv":[3.25,8.75,3.75,10.75],"texture":"#1"},"down":{"uv":[4,10.75,4.5,8.75],"texture":"#1"}}}],"gui_light":"front","display":{"thirdperson_righthand":{"rotation":[71,24,0],"translation":[0,-0.75,-1.25],"scale":[0.56,0.56,0.56]},"thirdperson_lefthand":{"rotation":[71,43,0],"translation":[0,0.75,2.25],"scale":[0.71,0.71,0.71]},"firstperson_righthand":{"rotation":[0,109,5],"translation":[3.25,7.5,0],"scale":[0.66,0.66,0.66]},"firstperson_lefthand":{"rotation":[0,109,5],"translation":[3.25,7.5,0],"scale":[0.66,0.66,0.66]},"ground":{"translation":[0,1.25,0],"scale":[0.49,0.49,0.49]},"gui":{"rotation":[25,151,0],"translation":[0,2,0],"scale":[0.52,0.52,0.52]},"head":{"translation":[0,14.4,0]},"fixed":{"rotation":[-90,0,0],"translation":[0,0,-16],"scale":[2,2,2]}},"mcmodels":"5d60807f3af1cd5823ad9970fc7aa1af"}