{"textures​":{"layer0":"minecraft:item/diorite"},"credit":"Made by Nog's Menagerie","texture_size":[64,64],"\u0074\u0065\u0078\u0074\u0075\u0072\u0065\u0073":{"0":"\u006e\u006f\u0067\u0073_\u006d\u0065\u006e\u0061\u0067\u0065\u0072\u0069\u0065:\u0070\u006c\u0075\u0073\u0068\u0069\u0065\u0073/\u006e\u006d_\u0070\u006c\u0075\u0073\u0068\u0069\u0065_\u0073\u006b\u0065\u006c\u0065\u0074\u006f\u006e_\u0068\u006f\u0072\u0073\u0065_\u0074\u0065\u0078\u0074\u0075\u0072\u0065","\u0070\u0061\u0072\u0074\u0069\u0063\u006c\u0065":"\u006e\u006f\u0067\u0073_\u006d\u0065\u006e\u0061\u0067\u0065\u0072\u0069\u0065:\u0070\u006c\u0075\u0073\u0068\u0069\u0065\u0073/\u006e\u006d_\u0070\u006c\u0075\u0073\u0068\u0069\u0065_\u0073\u006b\u0065\u006c\u0065\u0074\u006f\u006e_\u0068\u006f\u0072\u0073\u0065_\u0074\u0065\u0078\u0074\u0075\u0072\u0065"},"elements":[{"name":"head","from":[6.5,2.38953,6.41582],"to":[9.5,6.38953,6.41582],"rotation":{"angle":-22.5,"axis":"x","origin":[8,6.13953,4.41582]},"faces":{"north":{"uv":[3.25,7.25,2.5,8.25],"texture":"#0"},"east":{"uv":[1.5,9.25,1.5,10.25],"texture":"#0"},"south":{"uv":[2.5,7.25,3.25,8.25],"texture":"#0"},"west":{"uv":[1.75,9.25,1.75,10.25],"texture":"#0"},"up":{"uv":[8.5,0.75,7.75,0.75],"texture":"#0"},"down":{"uv":[8.5,1,7.75,1],"texture":"#0"}}},{"name":"head","from":[6.5,2.38953,2.41582],"to":[6.5,6.38953,6.41582],"rotation":{"angle":-22.5,"axis":"x","origin":[8,6.13953,4.41582]},"faces":{"north":{"uv":[2,9.25,2,10.25],"texture":"#0"},"east":{"uv":[1,6.75,0,7.75],"texture":"#0"},"south":{"uv":[2.25,9.25,2.25,10.25],"texture":"#0"},"west":{"uv":[0,6.75,1,7.75],"texture":"#0"},"up":{"uv":[2.5,10.25,2.5,9.25],"texture":"#0"},"down":{"uv":[2.75,9.25,2.75,10.25],"texture":"#0"}}},{"name":"head","from":[5.5,6.21826,1.55478],"to":[10.5,6.21826,5.55478],"rotation":{"angle":-22.5,"axis":"x","origin":[8,8.21826,3.55478]},"faces":{"north":{"uv":[8.25,3.5,9.5,3.5],"texture":"#0"},"east":{"uv":[9,1.75,10,1.75],"texture":"#0"},"south":{"uv":[3,9.25,4.25,9.25],"texture":"#0"},"west":{"uv":[4.5,9.25,5.5,9.25],"texture":"#0"},"up":{"uv":[2.75,6.5,1.5,5.5],"texture":"#0"},"down":{"uv":[2.75,5.5,1.5,6.5],"texture":"#0"}}},{"name":"head","from":[5.5,10.21826,1.55478],"to":[10.5,10.21826,5.55478],"rotation":{"angle":-22.5,"axis":"x","origin":[8,8.21826,3.55478]},"faces":{"north":{"uv":[5.75,9.25,7,9.25],"texture":"#0"},"east":{"uv":[3,9.5,4,9.5],"texture":"#0"},"south":{"uv":[9.5,3.75,10.75,3.75],"texture":"#0"},"west":{"uv":[9.5,4,10.5,4],"texture":"#0"},"up":{"uv":[4.25,7,3,6],"texture":"#0"},"down":{"uv":[4.25,6,3,7],"texture":"#0"}}},{"name":"head","from":[5.5,6.21826,1.55478],"to":[5.5,10.21826,5.55478],"rotation":{"angle":-22.5,"axis":"x","origin":[8,8.21826,3.55478]},"faces":{"north":{"uv":[7.25,9.25,7.25,10.25],"texture":"#0"},"east":{"uv":[10.75,2.5,9.75,3.5],"texture":"#0"},"south":{"uv":[4.25,9.5,4.25,10.5],"texture":"#0"},"west":{"uv":[7,2.5,8,3.5],"texture":"#0"},"up":{"uv":[4.5,10.5,4.5,9.5],"texture":"#0"},"down":{"uv":[4.75,9.5,4.75,10.5],"texture":"#0"}}},{"name":"head","from":[10.5,6.21826,1.55478],"to":[10.5,10.21826,5.55478],"rotation":{"angle":-22.5,"axis":"x","origin":[8,8.21826,3.55478]},"faces":{"north":{"uv":[7.25,9.25,7.25,10.25],"texture":"#0"},"east":{"uv":[8,2.5,7,3.5],"texture":"#0"},"south":{"uv":[4.25,9.5,4.25,10.5],"texture":"#0"},"west":{"uv":[9.75,2.5,10.75,3.5],"texture":"#0"},"up":{"uv":[4.5,10.5,4.5,9.5],"texture":"#0"},"down":{"uv":[4.75,9.5,4.75,10.5],"texture":"#0"}}},{"name":"head","from":[5.5,6.21826,5.55478],"to":[10.5,10.21826,5.55478],"rotation":{"angle":-22.5,"axis":"x","origin":[8,8.21826,3.55478]},"faces":{"north":{"uv":[7.5,0,6.25,1],"texture":"#0"},"east":{"uv":[5,9.5,5,10.5],"texture":"#0"},"south":{"uv":[6.25,0,7.5,1],"texture":"#0"},"west":{"uv":[5.25,9.5,5.25,10.5],"texture":"#0"},"up":{"uv":[10.75,4.25,9.5,4.25],"texture":"#0"},"down":{"uv":[10.75,5.25,9.5,5.25],"texture":"#0"}}},{"name":"head","from":[5.5,6.21826,1.55478],"to":[6.5,10.21826,1.55478],"rotation":{"angle":-22.5,"axis":"x","origin":[8,8.21826,3.55478]},"faces":{"north":{"uv":[1,8.75,1.25,9.75],"texture":"#0"},"east":{"uv":[5.5,9.5,5.5,10.5],"texture":"#0"},"south":{"uv":[1.25,8.75,1,9.75],"texture":"#0"},"west":{"uv":[5.75,9.5,5.75,10.5],"texture":"#0"},"up":{"uv":[3.25,5.5,3,5.5],"texture":"#0"},"down":{"uv":[3.25,5.75,3,5.75],"texture":"#0"}}},{"name":"head","from":[9.5,6.21826,1.55478],"to":[10.5,10.21826,1.55478],"rotation":{"angle":-22.5,"axis":"x","origin":[8,8.21826,3.55478]},"faces":{"north":{"uv":[1.25,8.75,1,9.75],"texture":"#0"},"east":{"uv":[5.75,9.5,5.75,10.5],"texture":"#0"},"south":{"uv":[1,8.75,1.25,9.75],"texture":"#0"},"west":{"uv":[5.5,9.5,5.5,10.5],"texture":"#0"},"up":{"uv":[3,5.5,3.25,5.5],"texture":"#0"},"down":{"uv":[3,5.75,3.25,5.75],"texture":"#0"}}},{"name":"head","from":[9.5,2.38953,2.41582],"to":[9.5,6.38953,6.41582],"rotation":{"angle":-22.5,"axis":"x","origin":[8,6.13953,4.41582]},"faces":{"north":{"uv":[2,9.25,2,10.25],"texture":"#0"},"east":{"uv":[1,6.75,0,7.75],"texture":"#0"},"south":{"uv":[2.25,9.25,2.25,10.25],"texture":"#0"},"west":{"uv":[0,6.75,1,7.75],"texture":"#0"},"up":{"uv":[2.5,10.25,2.5,9.25],"texture":"#0"},"down":{"uv":[2.75,9.25,2.75,10.25],"texture":"#0"}}},{"name":"head","from":[6.5,10.38953,-0.58418],"to":[9.5,10.38953,2.41582],"rotation":{"angle":-22.5,"axis":"x","origin":[8,6.13953,4.41582]},"faces":{"north":{"uv":[1.5,8,2.25,8],"texture":"#0"},"east":{"uv":[1.5,8.25,2.25,8.25],"texture":"#0"},"south":{"uv":[9.5,5.5,10.25,5.5],"texture":"#0"},"west":{"uv":[9.5,5.75,10.25,5.75],"texture":"#0"},"up":{"uv":[0.75,9.5,0,8.75],"texture":"#0"},"down":{"uv":[0.75,8.75,0,9.5],"texture":"#0"}}},{"name":"head","from":[6.5,6.38953,-0.58418],"to":[9.5,6.38953,2.41582],"rotation":{"angle":-22.5,"axis":"x","origin":[8,6.13953,4.41582]},"faces":{"north":{"uv":[6,9.5,6.75,9.5],"texture":"#0"},"east":{"uv":[9.5,6,10.25,6],"texture":"#0"},"south":{"uv":[9.5,6.25,10.25,6.25],"texture":"#0"},"west":{"uv":[9.5,8.75,10.25,8.75],"texture":"#0"},"up":{"uv":[9.25,9.5,8.5,8.75],"texture":"#0"},"down":{"uv":[9.25,8.75,8.5,9.5],"texture":"#0"}}},{"name":"head","from":[6.5,6.38953,-0.58418],"to":[6.5,10.38953,2.41582],"rotation":{"angle":-22.5,"axis":"x","origin":[8,6.13953,4.41582]},"faces":{"north":{"uv":[7,9.5,7,10.5],"texture":"#0"},"east":{"uv":[5.25,7.25,4.5,8.25],"texture":"#0"},"south":{"uv":[9.5,9,9.5,10],"texture":"#0"},"west":{"uv":[4.5,7.25,5.25,8.25],"texture":"#0"},"up":{"uv":[0,10.5,0,9.75],"texture":"#0"},"down":{"uv":[0.25,9.75,0.25,10.5],"texture":"#0"}}},{"name":"head","from":[9.5,6.38953,-0.58418],"to":[9.5,10.38953,2.41582],"rotation":{"angle":-22.5,"axis":"x","origin":[8,6.13953,4.41582]},"faces":{"north":{"uv":[7,9.5,7,10.5],"texture":"#0"},"east":{"uv":[5.25,7.25,4.5,8.25],"texture":"#0"},"south":{"uv":[9.5,9,9.5,10],"texture":"#0"},"west":{"uv":[4.5,7.25,5.25,8.25],"texture":"#0"},"up":{"uv":[0,10.5,0,9.75],"texture":"#0"},"down":{"uv":[0.25,9.75,0.25,10.5],"texture":"#0"}}},{"name":"head","from":[6.5,6.38953,-0.58418],"to":[9.5,10.38953,-0.58418],"rotation":{"angle":-22.5,"axis":"x","origin":[8,6.13953,4.41582]},"faces":{"north":{"uv":[5.5,7.25,6.25,8.25],"texture":"#0"},"east":{"uv":[0.5,9.75,0.5,10.75],"texture":"#0"},"south":{"uv":[6.25,7.25,5.5,8.25],"texture":"#0"},"west":{"uv":[0.75,9.75,0.75,10.75],"texture":"#0"},"up":{"uv":[10.5,2,9.75,2],"texture":"#0"},"down":{"uv":[10.5,2.25,9.75,2.25],"texture":"#0"}}},{"name":"torso","from":[5,0.075,4],"to":[11,0.075,14],"rotation":{"angle":0,"axis":"y","origin":[8,2.0795,5.60355]},"faces":{"north":{"uv":[9.75,2.5,11.25,2.5],"texture":"#0"},"east":{"uv":[9.75,2.75,12.25,2.75],"texture":"#0"},"south":{"uv":[9.75,3,11.25,3],"texture":"#0"},"west":{"uv":[9.75,3.25,12.25,3.25],"texture":"#0"},"up":{"uv":[3.25,2.5,1.75,0],"texture":"#0"},"down":{"uv":[3.25,0,1.75,2.5],"texture":"#0"}}},{"name":"torso","from":[5,0.075,4],"to":[5,5.075,14],"rotation":{"angle":0,"axis":"y","origin":[8,2.0795,5.60355]},"faces":{"north":{"uv":[3,9.75,3,11],"texture":"#0"},"east":{"uv":[6,1.5,3.5,2.75],"texture":"#0"},"south":{"uv":[3.25,9.75,3.25,11],"texture":"#0"},"west":{"uv":[3.5,1.5,6,2.75],"texture":"#0"},"up":{"uv":[3.5,12.25,3.5,9.75],"texture":"#0"},"down":{"uv":[3.75,9.75,3.75,12.25],"texture":"#0"}}},{"name":"torso","from":[11,0.075,4],"to":[11,5.075,14],"rotation":{"angle":0,"axis":"y","origin":[8,2.0795,5.60355]},"faces":{"north":{"uv":[3,9.75,3,11],"texture":"#0"},"east":{"uv":[6,1.5,3.5,2.75],"texture":"#0"},"south":{"uv":[3.25,9.75,3.25,11],"texture":"#0"},"west":{"uv":[3.5,1.5,6,2.75],"texture":"#0"},"up":{"uv":[3.5,12.25,3.5,9.75],"texture":"#0"},"down":{"uv":[3.75,9.75,3.75,12.25],"texture":"#0"}}},{"name":"torso","from":[5,5.075,4],"to":[11,5.075,14],"rotation":{"angle":0,"axis":"y","origin":[8,2.0795,5.60355]},"faces":{"north":{"uv":[9.75,3.5,11.25,3.5],"texture":"#0"},"east":{"uv":[9.75,6.5,12.25,6.5],"texture":"#0"},"south":{"uv":[9.75,6.75,11.25,6.75],"texture":"#0"},"west":{"uv":[9.75,7,12.25,7],"texture":"#0"},"up":{"uv":[1.5,5.25,0,2.75],"texture":"#0"},"down":{"uv":[1.5,2.75,0,5.25],"texture":"#0"}}},{"name":"torso","from":[5,0.075,4],"to":[11,5.075,4],"rotation":{"angle":0,"axis":"y","origin":[8,2.0795,5.60355]},"faces":{"north":{"uv":[3.5,3,5,4.25],"texture":"#0"},"east":{"uv":[4,9.75,4,11],"texture":"#0"},"south":{"uv":[5,3,3.5,4.25],"texture":"#0"},"west":{"uv":[6,9.75,6,11],"texture":"#0"},"up":{"uv":[11.25,7.25,9.75,7.25],"texture":"#0"},"down":{"uv":[9,9.75,7.5,9.75],"texture":"#0"}}},{"name":"torso","from":[5,0.075,14],"to":[11,5.075,14],"rotation":{"angle":0,"axis":"y","origin":[8,2.0795,5.60355]},"faces":{"north":{"uv":[6.75,4.5,5.25,5.75],"texture":"#0"},"east":{"uv":[6.25,9.75,6.25,11],"texture":"#0"},"south":{"uv":[5.25,4.5,6.75,5.75],"texture":"#0"},"west":{"uv":[6.5,9.75,6.5,11],"texture":"#0"},"up":{"uv":[11.25,7.5,9.75,7.5],"texture":"#0"},"down":{"uv":[11.25,7.75,9.75,7.75],"texture":"#0"}}},{"name":"right_arm","from":[0.45355,0.084,5.53436],"to":[5.45355,0.084,7.53436],"rotation":{"angle":-22.5,"axis":"y","origin":[9,2.0795,5.95355]},"faces":{"north":{"uv":[9.75,8,11,8],"texture":"#0"},"east":{"uv":[6.25,2.5,6.75,2.5],"texture":"#0"},"south":{"uv":[9.75,8.25,11,8.25],"texture":"#0"},"west":{"uv":[6.25,2.75,6.75,2.75],"texture":"#0"},"up":{"uv":[8.25,5.5,7,5],"texture":"#0"},"down":{"uv":[8.25,5,7,5.5],"texture":"#0"}}},{"name":"right_arm","from":[0.45355,0.084,7.53436],"to":[5.45355,2.084,7.53436],"rotation":{"angle":-22.5,"axis":"y","origin":[9,2.0795,5.95355]},"faces":{"north":{"uv":[8.75,6.5,7.5,7],"texture":"#0"},"east":{"uv":[6.75,9.75,6.75,10.25],"texture":"#0"},"south":{"uv":[7.5,6.5,8.75,7],"texture":"#0"},"west":{"uv":[9.75,9,9.75,9.5],"texture":"#0"},"up":{"uv":[11,8.5,9.75,8.5],"texture":"#0"},"down":{"uv":[11,9.75,9.75,9.75],"texture":"#0"}}},{"name":"right_arm","from":[0.45355,0.084,5.53436],"to":[5.45355,2.084,5.53436],"rotation":{"angle":-22.5,"axis":"y","origin":[9,2.0795,5.95355]},"faces":{"north":{"uv":[7.5,7.25,8.75,7.75],"texture":"#0"},"east":{"uv":[9.25,9.75,9.25,10.25],"texture":"#0"},"south":{"uv":[8.75,7.25,7.5,7.75],"texture":"#0"},"west":{"uv":[10,0,10,0.5],"texture":"#0"},"up":{"uv":[11.25,0.75,10,0.75],"texture":"#0"},"down":{"uv":[11.25,1,10,1],"texture":"#0"}}},{"name":"right_arm","from":[0.45355,2.084,5.53436],"to":[5.45355,2.084,7.53436],"rotation":{"angle":-22.5,"axis":"y","origin":[9,2.0795,5.95355]},"faces":{"north":{"uv":[10,1.25,11.25,1.25],"texture":"#0"},"east":{"uv":[7.5,2,8,2],"texture":"#0"},"south":{"uv":[10,1.5,11.25,1.5],"texture":"#0"},"west":{"uv":[7.5,2.25,8,2.25],"texture":"#0"},"up":{"uv":[1.25,8.5,0,8],"texture":"#0"},"down":{"uv":[1.25,8,0,8.5],"texture":"#0"}}},{"name":"right_arm","from":[0.45355,0.084,5.53436],"to":[0.45355,2.084,7.53436],"rotation":{"angle":-22.5,"axis":"y","origin":[9,2.0795,5.95355]},"faces":{"north":{"uv":[1,10,1,10.5],"texture":"#0"},"east":{"uv":[9.5,7.25,9,7.75],"texture":"#0"},"south":{"uv":[1.25,10,1.25,10.5],"texture":"#0"},"west":{"uv":[9,7.25,9.5,7.75],"texture":"#0"},"up":{"uv":[10,5,10,4.5],"texture":"#0"},"down":{"uv":[7.5,10,7.5,10.5],"texture":"#0"}}},{"name":"right_leg","from":[0.83718,0.084,11.94603],"to":[5.83718,0.084,13.94603],"rotation":{"angle":22.5,"axis":"y","origin":[5.33718,1.084,12.94603]},"faces":{"north":{"uv":[7.75,10,9,10],"texture":"#0"},"east":{"uv":[10,9,10.5,9],"texture":"#0"},"south":{"uv":[10,9.25,11.25,9.25],"texture":"#0"},"west":{"uv":[10,9.5,10.5,9.5],"texture":"#0"},"up":{"uv":[8.75,8.5,7.5,8],"texture":"#0"},"down":{"uv":[8.75,8,7.5,8.5],"texture":"#0"}}},{"name":"right_leg","from":[0.83718,2.084,11.94603],"to":[5.83718,2.084,13.94603],"rotation":{"angle":22.5,"axis":"y","origin":[5.33718,1.084,12.94603]},"faces":{"north":{"uv":[9.75,10,11,10],"texture":"#0"},"east":{"uv":[10.25,0,10.75,0],"texture":"#0"},"south":{"uv":[10.25,0.25,11.5,0.25],"texture":"#0"},"west":{"uv":[10.25,0.5,10.75,0.5],"texture":"#0"},"up":{"uv":[9.5,3.25,8.25,2.75],"texture":"#0"},"down":{"uv":[9.5,2.75,8.25,3.25],"texture":"#0"}}},{"name":"right_leg","from":[0.83718,0.084,11.94603],"to":[0.83718,2.084,13.94603],"rotation":{"angle":22.5,"axis":"y","origin":[5.33718,1.084,12.94603]},"faces":{"north":{"uv":[10.25,4.5,10.25,5],"texture":"#0"},"east":{"uv":[9.75,0,9.25,0.5],"texture":"#0"},"south":{"uv":[7.75,10.25,7.75,10.75],"texture":"#0"},"west":{"uv":[9.25,0,9.75,0.5],"texture":"#0"},"up":{"uv":[8,10.75,8,10.25],"texture":"#0"},"down":{"uv":[8.25,10.25,8.25,10.75],"texture":"#0"}}},{"name":"right_leg","from":[0.83718,0.084,13.94603],"to":[5.83718,2.084,13.94603],"rotation":{"angle":22.5,"axis":"y","origin":[5.33718,1.084,12.94603]},"faces":{"north":{"uv":[5.75,8.5,4.5,9],"texture":"#0"},"east":{"uv":[8.5,10.25,8.5,10.75],"texture":"#0"},"south":{"uv":[4.5,8.5,5.75,9],"texture":"#0"},"west":{"uv":[8.75,10.25,8.75,10.75],"texture":"#0"},"up":{"uv":[11.5,1.75,10.25,1.75],"texture":"#0"},"down":{"uv":[10.75,10.25,9.5,10.25],"texture":"#0"}}},{"name":"right_leg","from":[0.83718,0.084,11.94603],"to":[5.83718,2.084,11.94603],"rotation":{"angle":22.5,"axis":"y","origin":[5.33718,1.084,12.94603]},"faces":{"north":{"uv":[8.5,4.5,9.75,5],"texture":"#0"},"east":{"uv":[9,10.25,9,10.75],"texture":"#0"},"south":{"uv":[9.75,4.5,8.5,5],"texture":"#0"},"west":{"uv":[1.5,10.5,1.5,11],"texture":"#0"},"up":{"uv":[11.75,4.5,10.5,4.5],"texture":"#0"},"down":{"uv":[11.75,4.75,10.5,4.75],"texture":"#0"}}},{"name":"left_arm","from":[10.54645,0.084,5.53436],"to":[15.54645,0.084,7.53436],"rotation":{"angle":22.5,"axis":"y","origin":[7,2.0795,5.95355]},"faces":{"north":{"uv":[11,8,9.75,8],"texture":"#0"},"east":{"uv":[6.75,2.75,6.25,2.75],"texture":"#0"},"south":{"uv":[11,8.25,9.75,8.25],"texture":"#0"},"west":{"uv":[6.75,2.5,6.25,2.5],"texture":"#0"},"up":{"uv":[7,5.5,8.25,5],"texture":"#0"},"down":{"uv":[7,5,8.25,5.5],"texture":"#0"}}},{"name":"left_arm","from":[10.54645,0.084,7.53436],"to":[15.54645,2.084,7.53436],"rotation":{"angle":22.5,"axis":"y","origin":[7,2.0795,5.95355]},"faces":{"north":{"uv":[7.5,6.5,8.75,7],"texture":"#0"},"east":{"uv":[9.75,9,9.75,9.5],"texture":"#0"},"south":{"uv":[8.75,6.5,7.5,7],"texture":"#0"},"west":{"uv":[6.75,9.75,6.75,10.25],"texture":"#0"},"up":{"uv":[9.75,8.5,11,8.5],"texture":"#0"},"down":{"uv":[9.75,9.75,11,9.75],"texture":"#0"}}},{"name":"left_arm","from":[10.54645,0.084,5.53436],"to":[15.54645,2.084,5.53436],"rotation":{"angle":22.5,"axis":"y","origin":[7,2.0795,5.95355]},"faces":{"north":{"uv":[8.75,7.25,7.5,7.75],"texture":"#0"},"east":{"uv":[10,0,10,0.5],"texture":"#0"},"south":{"uv":[7.5,7.25,8.75,7.75],"texture":"#0"},"west":{"uv":[9.25,9.75,9.25,10.25],"texture":"#0"},"up":{"uv":[10,0.75,11.25,0.75],"texture":"#0"},"down":{"uv":[10,1,11.25,1],"texture":"#0"}}},{"name":"left_arm","from":[10.54645,2.084,5.53436],"to":[15.54645,2.084,7.53436],"rotation":{"angle":22.5,"axis":"y","origin":[7,2.0795,5.95355]},"faces":{"north":{"uv":[11.25,1.25,10,1.25],"texture":"#0"},"east":{"uv":[8,2.25,7.5,2.25],"texture":"#0"},"south":{"uv":[11.25,1.5,10,1.5],"texture":"#0"},"west":{"uv":[8,2,7.5,2],"texture":"#0"},"up":{"uv":[0,8.5,1.25,8],"texture":"#0"},"down":{"uv":[0,8,1.25,8.5],"texture":"#0"}}},{"name":"left_arm","from":[15.54645,0.084,5.53436],"to":[15.54645,2.084,7.53436],"rotation":{"angle":22.5,"axis":"y","origin":[7,2.0795,5.95355]},"faces":{"north":{"uv":[1,10,1,10.5],"texture":"#0"},"east":{"uv":[9.5,7.25,9,7.75],"texture":"#0"},"south":{"uv":[1.25,10,1.25,10.5],"texture":"#0"},"west":{"uv":[9,7.25,9.5,7.75],"texture":"#0"},"up":{"uv":[10,5,10,4.5],"texture":"#0"},"down":{"uv":[7.5,10,7.5,10.5],"texture":"#0"}}},{"name":"left_leg","from":[10.16282,0.084,11.94603],"to":[15.16282,0.084,13.94603],"rotation":{"angle":-22.5,"axis":"y","origin":[10.66282,1.084,12.94603]},"faces":{"north":{"uv":[9,10,7.75,10],"texture":"#0"},"east":{"uv":[10.5,9.5,10,9.5],"texture":"#0"},"south":{"uv":[11.25,9.25,10,9.25],"texture":"#0"},"west":{"uv":[10.5,9,10,9],"texture":"#0"},"up":{"uv":[7.5,8.5,8.75,8],"texture":"#0"},"down":{"uv":[7.5,8,8.75,8.5],"texture":"#0"}}},{"name":"left_leg","from":[10.16282,2.084,11.94603],"to":[15.16282,2.084,13.94603],"rotation":{"angle":-22.5,"axis":"y","origin":[10.66282,1.084,12.94603]},"faces":{"north":{"uv":[11,10,9.75,10],"texture":"#0"},"east":{"uv":[10.75,0.5,10.25,0.5],"texture":"#0"},"south":{"uv":[11.5,0.25,10.25,0.25],"texture":"#0"},"west":{"uv":[10.75,0,10.25,0],"texture":"#0"},"up":{"uv":[8.25,3.25,9.5,2.75],"texture":"#0"},"down":{"uv":[8.25,2.75,9.5,3.25],"texture":"#0"}}},{"name":"left_leg","from":[15.16282,0.084,11.94603],"to":[15.16282,2.084,13.94603],"rotation":{"angle":-22.5,"axis":"y","origin":[10.66282,1.084,12.94603]},"faces":{"north":{"uv":[10.25,4.5,10.25,5],"texture":"#0"},"east":{"uv":[9.75,0,9.25,0.5],"texture":"#0"},"south":{"uv":[7.75,10.25,7.75,10.75],"texture":"#0"},"west":{"uv":[9.25,0,9.75,0.5],"texture":"#0"},"up":{"uv":[8,10.75,8,10.25],"texture":"#0"},"down":{"uv":[8.25,10.25,8.25,10.75],"texture":"#0"}}},{"name":"left_leg","from":[10.16282,0.084,11.94603],"to":[15.16282,2.084,11.94603],"rotation":{"angle":-22.5,"axis":"y","origin":[10.66282,1.084,12.94603]},"faces":{"north":{"uv":[9.75,4.5,8.5,5],"texture":"#0"},"east":{"uv":[1.5,10.5,1.5,11],"texture":"#0"},"south":{"uv":[8.5,4.5,9.75,5],"texture":"#0"},"west":{"uv":[9,10.25,9,10.75],"texture":"#0"},"up":{"uv":[10.5,4.5,11.75,4.5],"texture":"#0"},"down":{"uv":[10.5,4.75,11.75,4.75],"texture":"#0"}}},{"name":"left_leg","from":[10.16282,0.084,13.94603],"to":[15.16282,2.084,13.94603],"rotation":{"angle":-22.5,"axis":"y","origin":[10.66282,1.084,12.94603]},"faces":{"north":{"uv":[4.5,8.5,5.75,9],"texture":"#0"},"east":{"uv":[8.75,10.25,8.75,10.75],"texture":"#0"},"south":{"uv":[5.75,8.5,4.5,9],"texture":"#0"},"west":{"uv":[8.5,10.25,8.5,10.75],"texture":"#0"},"up":{"uv":[10.25,1.75,11.5,1.75],"texture":"#0"},"down":{"uv":[9.5,10.25,10.75,10.25],"texture":"#0"}}}],"gui_light":"front","display":{"thirdperson_righthand":{"rotation":[82,13,0],"translation":[0,0,1.75],"scale":[0.6,0.6,0.6]},"thirdperson_lefthand":{"rotation":[82,13,0],"translation":[0,0,1.75],"scale":[0.6,0.6,0.6]},"firstperson_righthand":{"rotation":[0,109,5],"translation":[2.5,6.5,0],"scale":[0.71,0.71,0.71]},"firstperson_lefthand":{"rotation":[0,109,5],"translation":[2.5,6.5,0],"scale":[0.71,0.71,0.71]},"ground":{"translation":[0,3.5,0],"scale":[0.65,0.65,0.65]},"gui":{"rotation":[25,151,0],"translation":[0,2.75,0],"scale":[0.75,0.75,0.75]},"head":{"translation":[0,14.4,0]},"fixed":{"rotation":[-90,0,0],"translation":[0,0.75,-13.5],"scale":[1.7,1.7,1.7]}},"mcmodels":"5d60807f3af1cd5823ad9970fc7aa1af"}