{"textures​":{"1":"\u006e\u006f\u0067\u0073_\u006d\u0065\u006e\u0061\u0067\u0065\u0072\u0069\u0065:\u0070\u006c\u0075\u0073\u0068\u0069\u0065\u0073/\u006e\u006d_\u0070\u006c\u0075\u0073\u0068\u0069\u0065_\u0073\u006b\u0065\u006c\u0065\u0074\u006f\u006e_\u0074\u0065\u0078\u0074\u0075\u0072\u0065","\u0070\u0061\u0072\u0074\u0069\u0063\u006c\u0065":"#1"},"credit":"Made by Nog's Menagerie","texture_size":[32,32],"\u0074\u0065\u0078\u0074\u0075\u0072\u0065\u0073":{"1":"\u006e\u006f\u0067\u0073_\u006d\u0065\u006e\u0061\u0067\u0065\u0072\u0069\u0065:\u0070\u006c\u0075\u0073\u0068\u0069\u0065\u0073/\u006e\u006d_\u0070\u006c\u0075\u0073\u0068\u0069\u0065_\u0073\u006b\u0065\u006c\u0065\u0074\u006f\u006e_\u0074\u0065\u0078\u0074\u0075\u0072\u0065","\u0070\u0061\u0072\u0074\u0069\u0063\u006c\u0065":"#1"},"elements":[{"name":"torso","from":[5.5,0,7],"to":[10.5,2,11],"rotation":{"angle":0,"axis":"y","origin":[8,2.0045,8.60355]},"faces":{"north":{"uv":[11,4,13.5,5],"texture":"#1"},"east":{"uv":[11,7,13,8],"texture":"#1"},"south":{"uv":[11,5.5,13.5,6.5],"texture":"#1"},"west":{"uv":[6.5,11.5,8.5,12.5],"texture":"#1"},"up":{"uv":[10.5,8.5,8,6.5],"texture":"#1"},"down":{"uv":[9.5,9,7,11],"texture":"#1"}}},{"name":"torso","from":[7.5,2,10],"to":[8.5,7,11],"rotation":{"angle":0,"axis":"y","origin":[8,4.0045,8.60355]},"faces":{"north":{"uv":[6,13,6.5,15.5],"texture":"#1"},"east":{"uv":[7,13,7.5,15.5],"texture":"#1"},"south":{"uv":[8,13,8.5,15.5],"texture":"#1"},"west":{"uv":[13.5,10,14,12.5],"texture":"#1"},"up":{"uv":[7.5,8.5,7,8],"texture":"#1"},"down":{"uv":[3.5,12,3,12.5],"texture":"#1"}}},{"name":"torso","from":[5.5,3,11],"to":[7.5,7,11],"rotation":{"angle":0,"axis":"y","origin":[7,4.0045,8.60355]},"faces":{"north":{"uv":[11.5,11.5,10.5,13.5],"texture":"#1"},"east":{"uv":[10,14,10,16],"texture":"#1"},"south":{"uv":[10.5,11.5,11.5,13.5],"texture":"#1"},"west":{"uv":[10.5,14,10.5,16],"texture":"#1"},"up":{"uv":[12,8.5,11,8.5],"texture":"#1"},"down":{"uv":[15,5.5,14,5.5],"texture":"#1"}}},{"name":"torso","from":[5.5,3,7],"to":[5.5,7,11],"rotation":{"angle":0,"axis":"y","origin":[7,4.0045,8.60355]},"faces":{"north":{"uv":[11,14,11,16],"texture":"#1"},"east":{"uv":[6,10.5,4,12.5],"texture":"#1"},"south":{"uv":[11.5,14,11.5,16],"texture":"#1"},"west":{"uv":[4,10.5,6,12.5],"texture":"#1"},"up":{"uv":[12,16,12,14],"texture":"#1"},"down":{"uv":[12.5,14,12.5,16],"texture":"#1"}}},{"name":"torso","from":[10.5,3,7],"to":[10.5,7,11],"rotation":{"angle":0,"axis":"y","origin":[9,4.0045,8.60355]},"faces":{"north":{"uv":[11,14,11,16],"texture":"#1"},"east":{"uv":[6,10.5,4,12.5],"texture":"#1"},"south":{"uv":[11.5,14,11.5,16],"texture":"#1"},"west":{"uv":[4,10.5,6,12.5],"texture":"#1"},"up":{"uv":[12,16,12,14],"texture":"#1"},"down":{"uv":[12.5,14,12.5,16],"texture":"#1"}}},{"name":"torso","from":[8.5,3,11],"to":[10.5,7,11],"rotation":{"angle":0,"axis":"y","origin":[9,4.0045,8.60355]},"faces":{"north":{"uv":[10.5,11.5,11.5,13.5],"texture":"#1"},"east":{"uv":[10.5,14,10.5,16],"texture":"#1"},"south":{"uv":[11.5,11.5,10.5,13.5],"texture":"#1"},"west":{"uv":[10,14,10,16],"texture":"#1"},"up":{"uv":[11,8.5,12,8.5],"texture":"#1"},"down":{"uv":[14,5.5,15,5.5],"texture":"#1"}}},{"name":"torso","from":[5.5,3,7],"to":[10.5,7,7],"rotation":{"angle":0,"axis":"y","origin":[7,4.0045,8.60355]},"faces":{"north":{"uv":[4,8,6.5,10],"texture":"#1"},"east":{"uv":[9,14,9,16],"texture":"#1"},"south":{"uv":[6.5,8,4,10],"texture":"#1"},"west":{"uv":[9.5,14,9.5,16],"texture":"#1"},"up":{"uv":[16,1.5,13.5,1.5],"texture":"#1"},"down":{"uv":[16,2,13.5,2],"texture":"#1"}}},{"name":"head","from":[4.5,5.575,4.6],"to":[11.5,12.575,11.6],"rotation":{"angle":-22.5,"axis":"x","origin":[8,7.725,8]},"faces":{"north":{"uv":[0,0,3.5,3.5],"texture":"#1"},"east":{"uv":[0,4,3.5,7.5],"texture":"#1"},"south":{"uv":[4,0,7.5,3.5],"texture":"#1"},"west":{"uv":[4,4,7.5,7.5],"texture":"#1"},"up":{"uv":[3.5,11.5,0,8],"texture":"#1"},"down":{"uv":[11.5,0,8,3.5],"texture":"#1"}}},{"name":"right_arm","from":[10.58187,1.49074,8],"to":[12.58187,5.49074,10],"rotation":{"angle":22.5,"axis":"z","origin":[11.58187,3.49074,9]},"faces":{"north":{"uv":[0,12,1,14],"texture":"#1"},"east":{"uv":[12,0,13,2],"texture":"#1"},"south":{"uv":[1.5,12,2.5,14],"texture":"#1"},"west":{"uv":[12,11.5,13,13.5],"texture":"#1"},"up":{"uv":[14.5,1,13.5,0],"texture":"#1"},"down":{"uv":[14.5,7,13.5,8],"texture":"#1"}}},{"name":"left_arm","from":[3.41813,1.49074,8],"to":[5.41813,5.49074,10],"rotation":{"angle":-22.5,"axis":"z","origin":[4.41813,3.49074,9]},"faces":{"north":{"uv":[1,12,0,14],"texture":"#1"},"east":{"uv":[13,11.5,12,13.5],"texture":"#1"},"south":{"uv":[2.5,12,1.5,14],"texture":"#1"},"west":{"uv":[13,0,12,2],"texture":"#1"},"up":{"uv":[13.5,1,14.5,0],"texture":"#1"},"down":{"uv":[13.5,7,14.5,8],"texture":"#1"}}},{"name":"right_leg","from":[8.75,0.035,3.85],"to":[10.75,1.985,7.85],"rotation":{"angle":-22.5,"axis":"y","origin":[7.675,0.01,6.2]},"faces":{"north":{"uv":[13.5,13,14.5,14],"texture":"#1"},"east":{"uv":[12,2.5,14,3.5],"texture":"#1"},"south":{"uv":[14,4,15,5],"texture":"#1"},"west":{"uv":[12.5,8.5,14.5,9.5],"texture":"#1"},"up":{"uv":[4,15,3,13],"texture":"#1"},"down":{"uv":[5.5,13,4.5,15],"texture":"#1"}}},{"name":"left_leg","from":[5.25,0.035,3.85],"to":[7.25,1.985,7.85],"rotation":{"angle":22.5,"axis":"y","origin":[8.325,0.01,6.2]},"faces":{"north":{"uv":[14.5,13,13.5,14],"texture":"#1"},"east":{"uv":[14.5,8.5,12.5,9.5],"texture":"#1"},"south":{"uv":[15,4,14,5],"texture":"#1"},"west":{"uv":[14,2.5,12,3.5],"texture":"#1"},"up":{"uv":[3,15,4,13],"texture":"#1"},"down":{"uv":[4.5,13,5.5,15],"texture":"#1"}}}],"gui_light":"front","display":{"thirdperson_righthand":{"rotation":[24,13,0],"translation":[0,1.25,-0.5],"scale":[0.6,0.6,0.6]},"thirdperson_lefthand":{"rotation":[24,13,0],"translation":[0,0.75,-0.5],"scale":[0.6,0.6,0.6]},"firstperson_righthand":{"rotation":[0,109,5],"translation":[2,5.25,0],"scale":[0.71,0.71,0.71]},"firstperson_lefthand":{"rotation":[0,109,5],"translation":[2,5.25,0],"scale":[0.71,0.71,0.71]},"ground":{"translation":[0,3.5,0],"scale":[0.65,0.65,0.65]},"gui":{"rotation":[25,151,0],"translation":[0.25,0.5,0],"scale":[0.73,0.73,0.73]},"head":{"translation":[0,14.4,0]},"fixed":{"rotation":[-90,0,0],"translation":[0,0,-13.5],"scale":[1.7,1.7,1.7]}},"mcmodels":"5d60807f3af1cd5823ad9970fc7aa1af"}