{"textures​":{"layer0":"minecraft:item/red_banner"},"credit":"Made by Nog's Menagerie","texture_size":[32,32],"\u0074\u0065\u0078\u0074\u0075\u0072\u0065\u0073":{"0":"\u006e\u006f\u0067\u0073_\u006d\u0065\u006e\u0061\u0067\u0065\u0072\u0069\u0065:\u0070\u006c\u0075\u0073\u0068\u0069\u0065\u0073/\u006e\u006d_\u0070\u006c\u0075\u0073\u0068\u0069\u0065_\u0070\u0061\u0072\u0072\u006f\u0074_\u0074\u0065\u0078\u0074\u0075\u0072\u0065","\u0070\u0061\u0072\u0074\u0069\u0063\u006c\u0065":"\u006e\u006f\u0067\u0073_\u006d\u0065\u006e\u0061\u0067\u0065\u0072\u0069\u0065:\u0070\u006c\u0075\u0073\u0068\u0069\u0065\u0073/\u006e\u006d_\u0070\u006c\u0075\u0073\u0068\u0069\u0065_\u0070\u0061\u0072\u0072\u006f\u0074_\u0074\u0065\u0078\u0074\u0075\u0072\u0065"},"elements":[{"name":"torso","from":[6,0,5.5],"to":[10,5,8.5],"rotation":{"angle":0,"axis":"y","origin":[8,2.0045,8.35355]},"faces":{"north":{"uv":[3.5,0,5.5,2.5],"texture":"#0"},"east":{"uv":[4.5,6,6,8.5],"texture":"#0"},"south":{"uv":[3.5,3,5.5,5.5],"texture":"#0"},"west":{"uv":[6.5,6,8,8.5],"texture":"#0"},"up":{"uv":[10,1.5,8,0],"texture":"#0"},"down":{"uv":[4,8.5,2,10],"texture":"#0"}}},{"name":"torso","from":[6.5,1.33847,8.23396],"to":[9.5,1.33847,14.23396],"rotation":{"angle":-22.5,"axis":"x","origin":[8,1.33847,11.73396]},"faces":{"north":{"uv":[4.5,11.5,6,11.5],"texture":"#0"},"east":{"uv":[11.5,5.5,14.5,5.5],"texture":"#0"},"south":{"uv":[11.5,6,13,6],"texture":"#0"},"west":{"uv":[11.5,6.5,14.5,6.5],"texture":"#0"},"up":{"uv":[1.5,9,0,6],"texture":"#0"},"down":{"uv":[1.5,6,0,9],"texture":"#0"}}},{"name":"torso","from":[5.23463,0.15224,6.5],"to":[5.23463,5.15224,12.5],"rotation":{"angle":-22.5,"axis":"z","origin":[5.23463,3.15224,10]},"faces":{"north":{"uv":[11.5,7,11.5,9.5],"texture":"#0"},"east":{"uv":[3,3,0,5.5],"texture":"#0"},"south":{"uv":[11.5,10,11.5,12.5],"texture":"#0"},"west":{"uv":[0,3,3,5.5],"texture":"#0"},"up":{"uv":[4.5,15,4.5,12],"texture":"#0"},"down":{"uv":[5,12,5,15],"texture":"#0"}}},{"name":"torso","from":[10.76537,0.15224,6.5],"to":[10.76537,5.15224,12.5],"rotation":{"angle":22.5,"axis":"z","origin":[10.76537,3.15224,10]},"faces":{"north":{"uv":[11.5,7,11.5,9.5],"texture":"#0"},"east":{"uv":[3,3,0,5.5],"texture":"#0"},"south":{"uv":[11.5,10,11.5,12.5],"texture":"#0"},"west":{"uv":[0,3,3,5.5],"texture":"#0"},"up":{"uv":[4.5,15,4.5,12],"texture":"#0"},"down":{"uv":[5,12,5,15],"texture":"#0"}}},{"name":"torso","from":[9.175,0.09,3.95],"to":[10.175,0.09,5.95],"rotation":{"angle":-22.5,"axis":"y","origin":[9.775,0,5]},"faces":{"north":{"uv":[12,1.5,12.5,1.5],"texture":"#0"},"east":{"uv":[12,2,13,2],"texture":"#0"},"south":{"uv":[12,2.5,12.5,2.5],"texture":"#0"},"west":{"uv":[12,3,13,3],"texture":"#0"},"up":{"uv":[11,8.5,10.5,7.5],"texture":"#0"},"down":{"uv":[11,7.5,10.5,8.5],"texture":"#0"}}},{"name":"torso","from":[9.175,0.09,3.95],"to":[10.175,1.09,3.95],"rotation":{"angle":-22.5,"axis":"y","origin":[9.775,0,5]},"faces":{"north":{"uv":[10.5,11,11,11.5],"texture":"#0"},"east":{"uv":[8,2,8,3],"texture":"#0"},"south":{"uv":[11,11,10.5,11.5],"texture":"#0"},"west":{"uv":[5.5,12,5.5,13],"texture":"#0"},"up":{"uv":[12.5,7,12,7],"texture":"#0"},"down":{"uv":[8,12,7.5,12],"texture":"#0"}}},{"name":"torso","from":[5.825,0.09,3.95],"to":[6.825,0.09,5.95],"rotation":{"angle":22.5,"axis":"y","origin":[6.225,0,5]},"faces":{"north":{"uv":[12.5,1.5,12,1.5],"texture":"#0"},"east":{"uv":[13,3,12,3],"texture":"#0"},"south":{"uv":[12.5,2.5,12,2.5],"texture":"#0"},"west":{"uv":[13,2,12,2],"texture":"#0"},"up":{"uv":[10.5,8.5,11,7.5],"texture":"#0"},"down":{"uv":[10.5,7.5,11,8.5],"texture":"#0"}}},{"name":"torso","from":[5.825,0.09,3.95],"to":[6.825,1.09,3.95],"rotation":{"angle":22.5,"axis":"y","origin":[6.225,0,5]},"faces":{"north":{"uv":[11,11,10.5,11.5],"texture":"#0"},"east":{"uv":[5.5,12,5.5,13],"texture":"#0"},"south":{"uv":[10.5,11,11,11.5],"texture":"#0"},"west":{"uv":[8,2,8,3],"texture":"#0"},"up":{"uv":[12,7,12.5,7],"texture":"#0"},"down":{"uv":[7.5,12,8,12],"texture":"#0"}}},{"name":"torso","from":[6.5,4.22582,4.10112],"to":[9.5,8.22582,7.10112],"rotation":{"angle":-22.5,"axis":"x","origin":[8,7.62582,5.10112]},"faces":{"north":{"uv":[8.5,2,10,4],"texture":"#0"},"east":{"uv":[8.5,4.5,10,6.5],"texture":"#0"},"south":{"uv":[8.5,7,10,9],"texture":"#0"},"west":{"uv":[4.5,9,6,11],"texture":"#0"},"up":{"uv":[8,10.5,6.5,9],"texture":"#0"},"down":{"uv":[1.5,9.5,0,11],"texture":"#0"}}},{"name":"torso","from":[8,7.69747,3.79763],"to":[8,11.69747,7.79763],"rotation":{"angle":0,"axis":"x","origin":[8,9.79747,5.44763]},"faces":{"north":{"uv":[6,12,6,14],"texture":"#0"},"east":{"uv":[8,3.5,6,5.5],"texture":"#0"},"south":{"uv":[12,7.5,12,9.5],"texture":"#0"},"west":{"uv":[6,3.5,8,5.5],"texture":"#0"},"up":{"uv":[8.5,14,8.5,12],"texture":"#0"},"down":{"uv":[9,12,9,14],"texture":"#0"}}},{"name":"torso","from":[6.5,7.22582,2.10112],"to":[9.5,8.22582,4.10112],"rotation":{"angle":-22.5,"axis":"x","origin":[8,7.62582,5.10112]},"faces":{"north":{"uv":[10.5,3.5,12,4],"texture":"#0"},"east":{"uv":[7.5,11,8.5,11.5],"texture":"#0"},"south":{"uv":[10.5,4.5,12,5],"texture":"#0"},"west":{"uv":[9,11,10,11.5],"texture":"#0"},"up":{"uv":[10,10.5,8.5,9.5],"texture":"#0"},"down":{"uv":[12,0,10.5,1],"texture":"#0"}}},{"name":"torso","from":[7.5,4.22582,2.10112],"to":[8.5,7.22582,4.10112],"rotation":{"angle":-22.5,"axis":"x","origin":[8,7.62582,5.10112]},"faces":{"north":{"uv":[3.5,10.5,4,12],"texture":"#0"},"east":{"uv":[10.5,1.5,11.5,3],"texture":"#0"},"south":{"uv":[10.5,5.5,11,7],"texture":"#0"},"west":{"uv":[2,10.5,3,12],"texture":"#0"},"up":{"uv":[0.5,12.5,0,11.5],"texture":"#0"},"down":{"uv":[1.5,11.5,1,12.5],"texture":"#0"}}}],"gui_light":"front","display":{"thirdperson_righthand":{"rotation":[24,13,0],"translation":[0.5,2,0.25],"scale":[0.6,0.6,0.6]},"thirdperson_lefthand":{"rotation":[24,13,0],"translation":[0.5,2,0.25],"scale":[0.6,0.6,0.6]},"firstperson_righthand":{"rotation":[0,109,5],"translation":[3.25,7.25,0],"scale":[0.83,0.83,0.83]},"firstperson_lefthand":{"rotation":[0,109,5],"translation":[3.25,7.25,0],"scale":[0.83,0.83,0.83]},"ground":{"translation":[0,3.5,0],"scale":[0.65,0.65,0.65]},"gui":{"rotation":[25,151,0],"translation":[0,2.75,0],"scale":[0.89,0.89,0.89]},"head":{"translation":[0,14.4,0]},"fixed":{"rotation":[-90,0,0],"translation":[0,0,-13.75],"scale":[1.7,1.7,1.7]}},"mcmodels":"5d60807f3af1cd5823ad9970fc7aa1af"}