{"textures":{"0":"modelengine:entity/dolphin"},"elements":[{"from":[8.224034,6.9960003,2.786045],"to":[11.31174,7.932508,10.821952],"faces":{"east":{"uv":[8.75,0.0,9.75,0.125],"tintindex":-2,"rotation":0,"texture":"#0"},"south":{"uv":[9.125,1.0,9.5,1.125],"tintindex":-2,"rotation":0,"texture":"#0"},"north":{"uv":[9.125,0.875,9.5,1.0],"tintindex":-2,"rotation":0,"texture":"#0"},"west":{"uv":[8.75,0.125,9.75,0.25],"tintindex":-2,"rotation":0,"texture":"#0"},"up":{"uv":[3.125,9.125,2.75,8.125],"tintindex":-2,"rotation":0,"texture":"#0"},"down":{"uv":[3.5,8.125,3.125,9.125],"tintindex":-2,"rotation":0,"texture":"#0"}},"rotation":{"origin":[7.997427,7.974459,7.7263536],"angle":-45.0,"axis":"y"}},{"from":[8.466621,7.046,6.5766],"to":[13.834327,7.9825077,10.052506],"faces":{"east":{"uv":[9.0,8.125,9.4375,8.25],"tintindex":-2,"rotation":0,"texture":"#0"},"south":{"uv":[8.875,4.875,9.5625,5.0],"tintindex":-2,"rotation":0,"texture":"#0"},"north":{"uv":[8.875,4.75,9.5625,4.875],"tintindex":-2,"rotation":0,"texture":"#0"},"west":{"uv":[9.0,8.25,9.4375,8.375],"tintindex":-2,"rotation":0,"texture":"#0"},"up":{"uv":[9.1875,1.9375,8.5,1.5],"tintindex":-2,"rotation":0,"texture":"#0"},"down":{"uv":[4.6875,8.5,4.0,8.9375],"tintindex":-2,"rotation":0,"texture":"#0"}}},{"from":[11.825655,6.9960003,9.151103],"to":[13.77336,7.932508,12.627009],"faces":{"east":{"uv":[9.0,8.875,9.4375,9.0],"tintindex":-2,"rotation":0,"texture":"#0"},"south":{"uv":[9.125,4.25,9.375,4.375],"tintindex":-2,"rotation":0,"texture":"#0"},"north":{"uv":[3.625,9.125,3.875,9.25],"tintindex":-2,"rotation":0,"texture":"#0"},"west":{"uv":[9.0,9.0,9.4375,9.125],"tintindex":-2,"rotation":0,"texture":"#0"},"up":{"uv":[6.25,5.6875,6.0,5.25],"tintindex":-2,"rotation":0,"texture":"#0"},"down":{"uv":[7.875,7.875,7.625,8.3125],"tintindex":-2,"rotation":0,"texture":"#0"}},"rotation":{"origin":[7.997427,7.974459,7.7263536],"angle":22.5,"axis":"y"}},{"from":[4.7296534,7.095036,3.2488222],"to":[10.097359,8.031544,12.424729],"faces":{"east":{"uv":[8.625,5.875,9.75,6.0],"tintindex":-2,"rotation":0,"texture":"#0"},"south":{"uv":[8.875,4.125,9.5625,4.25],"tintindex":-2,"rotation":0,"texture":"#0"},"north":{"uv":[8.875,4.0,9.5625,4.125],"tintindex":-2,"rotation":0,"texture":"#0"},"west":{"uv":[8.625,6.0,9.75,6.125],"tintindex":-2,"rotation":0,"texture":"#0"},"up":{"uv":[5.5625,7.875,4.875,6.75],"tintindex":-2,"rotation":0,"texture":"#0"},"down":{"uv":[0.6875,7.125,0.0,8.25],"tintindex":-2,"rotation":0,"texture":"#0"}},"rotation":{"origin":[7.997427,7.974459,7.7263536],"angle":-22.5,"axis":"y"}}],"display":{"gui":{"rotation":[30,225,0]}}}