{"elements":[{"from":[4.442705,5.553443,7.6658874],"to":[11.1282215,11.82113,12.244609],"rotation":{"angle":0.0,"axis":"y","origin":[7.70396,7.912845,4.454377]},"faces":{"east":{"uv":[6.125,2.0,5.125,3.375],"rotation":0,"texture":"#0","tintindex":0},"south":{"uv":[3.125,4.625,4.5625,6.0],"rotation":0,"texture":"#0","tintindex":0},"north":{"uv":[1.625,3.75,3.0625,5.125],"rotation":0,"texture":"#0","tintindex":0},"west":{"uv":[5.125,2.0,6.125,3.375],"rotation":0,"texture":"#0","tintindex":0},"up":{"uv":[6.5625,1.0,5.125,0.0],"rotation":0,"texture":"#0","tintindex":0},"down":{"uv":[6.5625,1.0,5.125,2.0],"rotation":0,"texture":"#0","tintindex":0}}},{"from":[4.93334,6.372307,12.259005],"to":[10.637583,10.916361,16.77285],"rotation":{"angle":0.0,"axis":"y","origin":[7.70396,7.912845,4.454377]},"faces":{"east":{"uv":[7.625,1.0,6.625,2.0],"rotation":0,"texture":"#0","tintindex":0},"south":{"uv":[0.0,6.125,1.25,7.125],"rotation":0,"texture":"#0","tintindex":0},"north":{"uv":[6.0,4.25,7.25,5.25],"rotation":0,"texture":"#0","tintindex":0},"west":{"uv":[6.625,1.0,7.625,2.0],"rotation":0,"texture":"#0","tintindex":0},"up":{"uv":[7.375,3.0,6.125,2.0],"rotation":0,"texture":"#0","tintindex":0},"down":{"uv":[7.5,5.25,6.25,6.25],"rotation":0,"texture":"#0","tintindex":0}}}],"textures":{"0":"modelengine:entity/dolphin"},"display":{"head":{"translation":[0.0,-6.4,0.0],"scale":[4.0,4.0,4.0]}}}