{"elements":[{"from":[4.8571424,6.857143,2.8571424],"to":[11.142858,13.714286,8.571428],"rotation":{"angle":0.0,"axis":"y","origin":[10.571428,7.428571,8.0]},"faces":{"east":{"uv":[8.0,0.0,9.25,1.5],"rotation":0,"texture":"#0","tintindex":0},"south":{"uv":[7.25,6.75,8.625,8.25],"rotation":0,"texture":"#0","tintindex":0},"north":{"uv":[7.25,5.125,8.625,6.625],"rotation":0,"texture":"#0","tintindex":0},"west":{"uv":[0.0,8.125,1.25,9.625],"rotation":0,"texture":"#0","tintindex":0},"up":{"uv":[9.375,2.875,8.0,1.625],"rotation":0,"texture":"#0","tintindex":0},"down":{"uv":[2.75,8.125,1.375,9.375],"rotation":0,"texture":"#0","tintindex":0}}}],"textures":{"0":"modelengine:entity/ender_witch"},"display":{"head":{"translation":[0.0,-6.4,0.0],"scale":[4.0,4.0,4.0]}}}