{"textures":{"0":"modelengine:entity/ender_witch"},"elements":[{"from":[2.7875,6.497919,-2.7395372],"to":[13.2125,12.497919,7.2604623],"faces":{"east":{"uv":[10.5,7.875,11.75,8.625],"tintindex":-2,"rotation":0,"texture":"#0"},"south":{"uv":[7.125,9.75,8.5,10.5],"tintindex":-2,"rotation":0,"texture":"#0"},"north":{"uv":[9.5,1.75,10.875,2.5],"tintindex":-2,"rotation":0,"texture":"#0"},"west":{"uv":[10.5,8.75,11.75,9.5],"tintindex":-2,"rotation":0,"texture":"#0"},"up":{"uv":[9.75,4.25,8.375,3.0],"tintindex":-2,"rotation":0,"texture":"#0"},"down":{"uv":[8.625,8.375,7.25,9.625],"tintindex":-2,"rotation":0,"texture":"#0"}},"rotation":{"origin":[7.7875,4.497919,3.2604623],"angle":22.5,"axis":"x"}}],"display":{"gui":{"rotation":[30,225,0]}}}