{"elements":[{"from":[6.5714283,4.428571,6.285714],"to":[9.428572,9.0,8.0],"rotation":{"angle":0.0,"axis":"y","origin":[10.571428,6.142857,11.428572]},"faces":{"east":{"uv":[8.125,10.625,8.5,11.625],"rotation":0,"texture":"#0","tintindex":0},"south":{"uv":[2.75,11.125,3.375,12.125],"rotation":0,"texture":"#0","tintindex":0},"north":{"uv":[9.375,11.0,10.0,12.0],"rotation":0,"texture":"#0","tintindex":0},"west":{"uv":[1.75,11.25,2.125,12.25],"rotation":0,"texture":"#0","tintindex":0},"up":{"uv":[12.375,10.0,11.75,9.625],"rotation":0,"texture":"#0","tintindex":0},"down":{"uv":[12.375,10.125,11.75,10.5],"rotation":0,"texture":"#0","tintindex":0}}}],"textures":{"0":"modelengine:entity/ender_witch"},"display":{"head":{"translation":[0.0,-6.4,0.0],"scale":[4.0,4.0,4.0]}}}