{"textures":{"0":"modelengine:entity/ender_witch"},"elements":[{"from":[7.75,6.5,-13.237499],"to":[13.75,9.5,10.7625],"faces":{"east":{"uv":[2.25,12.5,2.625,9.5],"tintindex":-2,"rotation":90,"texture":"#0"},"south":{"uv":[8.0,11.625,7.625,12.375],"tintindex":-2,"rotation":90,"texture":"#0"},"north":{"uv":[12.0,12.125,11.625,11.375],"tintindex":-2,"rotation":90,"texture":"#0"},"west":{"uv":[2.25,12.5,2.625,9.5],"tintindex":-2,"rotation":270,"texture":"#0"},"up":{"uv":[3.75,6.25,3.0,9.25],"tintindex":-2,"rotation":180,"texture":"#0"},"down":{"uv":[3.75,6.25,3.0,9.25],"tintindex":-2,"rotation":0,"texture":"#0"}}}],"display":{"gui":{"rotation":[30,225,0]}}}