{"textures":{"0":"modelengine:entity/voiddragon","particle":"#0"},"elements":[{"from":[5.9672003,6.443207,-2.394188],"to":[10.0328,8.476006,4.381809],"faces":{"east":{"uv":[4.78125,8.9375,4.9375,8.984375],"tintindex":0,"rotation":0,"texture":"#0"},"south":{"uv":[0.0,9.03125,0.09375,9.078125],"tintindex":0,"rotation":0,"texture":"#0"},"north":{"uv":[9.0,8.875,9.09375,8.921875],"tintindex":0,"rotation":0,"texture":"#0"},"west":{"uv":[4.9375,8.9375,5.09375,8.984375],"tintindex":0,"rotation":0,"texture":"#0"},"up":{"uv":[7.8125,2.3125,7.71875,2.15625],"tintindex":0,"rotation":0,"texture":"#0"},"down":{"uv":[0.65625,8.875,0.5625,9.03125],"tintindex":0,"rotation":0,"texture":"#0"}}},{"from":[5.6284,5.4344845,0.7325096],"to":[6.3059998,6.7896843,2.0877113],"faces":{"east":{"uv":[7.8125,1.34375,7.84375,1.375],"tintindex":0,"rotation":0,"texture":"#0"},"south":{"uv":[8.125,6.125,8.140625,6.15625],"tintindex":0,"rotation":0,"texture":"#0"},"north":{"uv":[8.125,3.40625,8.140625,3.4375],"tintindex":0,"rotation":0,"texture":"#0"},"west":{"uv":[7.84375,1.34375,7.875,1.375],"tintindex":0,"rotation":0,"texture":"#0"},"up":{"uv":[8.140625,6.5,8.125,6.46875],"tintindex":0,"rotation":0,"texture":"#0"},"down":{"uv":[8.140625,7.4375,8.125,7.46875],"tintindex":0,"rotation":0,"texture":"#0"}},"rotation":{"origin":[5.9672003,6.1120834,1.4101105],"angle":-22.5,"axis":"x"}},{"from":[10.0328,2.8788204,1.5104294],"to":[10.0328,5.589222,2.865631],"faces":{"east":{"uv":[8.40625,4.6875,8.4375,4.75],"tintindex":0,"rotation":0,"texture":"#0"},"west":{"uv":[8.4375,4.6875,8.40625,4.75],"tintindex":0,"rotation":0,"texture":"#0"}},"rotation":{"origin":[10.0328,4.234022,2.1880302],"angle":-22.5,"axis":"x"}},{"from":[3.9344,6.443207,4.381809],"to":[12.065599,8.476006,11.15781],"faces":{"east":{"uv":[5.09375,8.9375,5.25,8.984375],"tintindex":0,"rotation":0,"texture":"#0"},"south":{"uv":[8.90625,8.40625,9.09375,8.453125],"tintindex":0,"rotation":0,"texture":"#0"},"north":{"uv":[8.875,3.21875,9.0625,3.265625],"tintindex":0,"rotation":0,"texture":"#0"},"west":{"uv":[8.9375,5.71875,9.09375,5.765625],"tintindex":0,"rotation":0,"texture":"#0"},"up":{"uv":[8.78125,6.75,8.59375,6.59375],"tintindex":0,"rotation":0,"texture":"#0"},"down":{"uv":[8.8125,4.78125,8.625,4.9375],"tintindex":0,"rotation":0,"texture":"#0"}}},{"from":[11.7268,0.28756714,6.822975],"to":[11.7268,5.0307674,10.210976],"faces":{"east":{"uv":[8.9375,4.3125,9.015625,4.421875],"tintindex":0,"rotation":0,"texture":"#0"},"west":{"uv":[9.015625,4.3125,8.9375,4.421875],"tintindex":0,"rotation":0,"texture":"#0"}},"rotation":{"origin":[11.7268,2.6591663,8.516975],"angle":-22.5,"axis":"x"}},{"from":[9.694,5.4344845,0.7325096],"to":[10.3716,6.7896843,2.0877113],"faces":{"east":{"uv":[7.875,6.46875,7.90625,6.5],"tintindex":0,"rotation":0,"texture":"#0"},"south":{"uv":[8.1875,3.40625,8.203125,3.4375],"tintindex":0,"rotation":0,"texture":"#0"},"north":{"uv":[8.1875,1.5625,8.203125,1.59375],"tintindex":0,"rotation":0,"texture":"#0"},"west":{"uv":[7.90625,1.5625,7.9375,1.59375],"tintindex":0,"rotation":0,"texture":"#0"},"up":{"uv":[8.203125,3.84375,8.1875,3.8125],"tintindex":0,"rotation":0,"texture":"#0"},"down":{"uv":[8.203125,5.0,8.1875,5.03125],"tintindex":0,"rotation":0,"texture":"#0"}},"rotation":{"origin":[10.0328,6.1120834,1.4101105],"angle":-22.5,"axis":"x"}},{"from":[5.9672003,2.8788204,1.5104294],"to":[5.9672003,5.589222,2.865631],"faces":{"east":{"uv":[8.40625,4.46875,8.375,4.53125],"tintindex":0,"rotation":0,"texture":"#0"},"west":{"uv":[8.375,4.46875,8.40625,4.53125],"tintindex":0,"rotation":0,"texture":"#0"}},"rotation":{"origin":[5.9672003,4.234022,2.1880302],"angle":-22.5,"axis":"x"}},{"from":[9.694,5.3988914,-2.1864624],"to":[10.3716,6.7540913,-0.8312607],"faces":{"east":{"uv":[7.875,1.34375,7.90625,1.375],"tintindex":0,"rotation":0,"texture":"#0"},"south":{"uv":[8.15625,6.46875,8.171875,6.5],"tintindex":0,"rotation":0,"texture":"#0"},"north":{"uv":[8.15625,6.125,8.171875,6.15625],"tintindex":0,"rotation":0,"texture":"#0"},"west":{"uv":[7.875,3.84375,7.90625,3.875],"tintindex":0,"rotation":0,"texture":"#0"},"up":{"uv":[8.171875,7.46875,8.15625,7.4375],"tintindex":0,"rotation":0,"texture":"#0"},"down":{"uv":[8.203125,0.71875,8.1875,0.75],"tintindex":0,"rotation":0,"texture":"#0"}},"rotation":{"origin":[10.0328,6.0764923,-1.5088615],"angle":-22.5,"axis":"x"}},{"from":[6.3059998,8.476006,-2.0553894],"to":[9.694,10.508806,4.0430107],"faces":{"east":{"uv":[8.9375,5.78125,9.078125,5.828125],"tintindex":0,"rotation":0,"texture":"#0"},"south":{"uv":[9.03125,3.0,9.109375,3.046875],"tintindex":0,"rotation":0,"texture":"#0"},"north":{"uv":[9.03125,2.9375,9.109375,2.984375],"tintindex":0,"rotation":0,"texture":"#0"},"west":{"uv":[8.96875,0.96875,9.109375,1.015625],"tintindex":0,"rotation":0,"texture":"#0"},"up":{"uv":[8.984375,2.921875,8.90625,2.78125],"tintindex":0,"rotation":0,"texture":"#0"},"down":{"uv":[2.984375,8.90625,2.90625,9.046875],"tintindex":0,"rotation":0,"texture":"#0"}}},{"from":[3.5956001,4.4619846,5.318718],"to":[4.9508,7.849985,7.3515167],"faces":{"east":{"uv":[2.84375,9.03125,2.890625,9.109375],"tintindex":0,"rotation":0,"texture":"#0"},"south":{"uv":[4.8125,8.40625,4.84375,8.484375],"tintindex":0,"rotation":0,"texture":"#0"},"north":{"uv":[1.875,8.40625,1.90625,8.484375],"tintindex":0,"rotation":0,"texture":"#0"},"west":{"uv":[3.28125,9.03125,3.328125,9.109375],"tintindex":0,"rotation":0,"texture":"#0"},"up":{"uv":[9.09375,3.453125,9.0625,3.40625],"tintindex":0,"rotation":0,"texture":"#0"},"down":{"uv":[4.0625,9.0625,4.03125,9.109375],"tintindex":0,"rotation":0,"texture":"#0"}},"rotation":{"origin":[4.2732,6.155985,6.3351173],"angle":-22.5,"axis":"x"}},{"from":[5.9672003,3.495039,-1.5381966],"to":[5.9672003,5.5278397,-0.18299484],"faces":{"east":{"uv":[9.09375,3.1875,9.0625,3.234375],"tintindex":0,"rotation":0,"texture":"#0"},"west":{"uv":[9.0625,3.1875,9.09375,3.234375],"tintindex":0,"rotation":0,"texture":"#0"}},"rotation":{"origin":[5.9672003,4.5114403,-0.8605957],"angle":-22.5,"axis":"x"}},{"from":[4.2732,0.28756714,6.822975],"to":[4.2732,5.0307674,10.210976],"faces":{"east":{"uv":[4.328125,8.9375,4.25,9.046875],"tintindex":0,"rotation":0,"texture":"#0"},"west":{"uv":[4.25,8.9375,4.328125,9.046875],"tintindex":0,"rotation":0,"texture":"#0"}},"rotation":{"origin":[4.2732,2.6591663,8.516975],"angle":-22.5,"axis":"x"}},{"from":[10.0328,3.495039,-1.5381966],"to":[10.0328,5.5278397,-0.18299484],"faces":{"east":{"uv":[3.375,9.0625,3.40625,9.109375],"tintindex":0,"rotation":0,"texture":"#0"},"west":{"uv":[3.40625,9.0625,3.375,9.109375],"tintindex":0,"rotation":0,"texture":"#0"}},"rotation":{"origin":[10.0328,4.5114403,-0.8605957],"angle":-22.5,"axis":"x"}},{"from":[11.0492,4.4619846,5.318718],"to":[12.4044,7.849985,7.3515167],"faces":{"east":{"uv":[9.03125,3.6875,9.078125,3.765625],"tintindex":0,"rotation":0,"texture":"#0"},"south":{"uv":[8.59375,0.1875,8.625,0.265625],"tintindex":0,"rotation":0,"texture":"#0"},"north":{"uv":[4.8125,8.5,4.84375,8.578125],"tintindex":0,"rotation":0,"texture":"#0"},"west":{"uv":[9.03125,4.0,9.078125,4.078125],"tintindex":0,"rotation":0,"texture":"#0"},"up":{"uv":[4.09375,9.109375,4.0625,9.0625],"tintindex":0,"rotation":0,"texture":"#0"},"down":{"uv":[4.125,9.0625,4.09375,9.109375],"tintindex":0,"rotation":0,"texture":"#0"}},"rotation":{"origin":[11.7268,6.155985,6.3351173],"angle":-22.5,"axis":"x"}},{"from":[5.6284,5.3988914,-2.1864624],"to":[6.3059998,6.7540913,-0.8312607],"faces":{"east":{"uv":[7.84375,3.84375,7.875,3.875],"tintindex":0,"rotation":0,"texture":"#0"},"south":{"uv":[8.15625,1.5625,8.171875,1.59375],"tintindex":0,"rotation":0,"texture":"#0"},"north":{"uv":[8.15625,0.71875,8.171875,0.75],"tintindex":0,"rotation":0,"texture":"#0"},"west":{"uv":[7.84375,6.46875,7.875,6.5],"tintindex":0,"rotation":0,"texture":"#0"},"up":{"uv":[8.171875,3.4375,8.15625,3.40625],"tintindex":0,"rotation":0,"texture":"#0"},"down":{"uv":[8.171875,3.8125,8.15625,3.84375],"tintindex":0,"rotation":0,"texture":"#0"}},"rotation":{"origin":[5.9672003,6.0764923,-1.5088615],"angle":-22.5,"axis":"x"}}],"display":{"head":{"rotation":[0.0,0.0,0.0]},"firstperson_righthand":{"rotation":[0.0,0.0,0.0]},"thirdperson_lefthand":{"rotation":[0.0,-0.0,-0.0]},"firstperson_lefthand":{"rotation":[0.0,-0.0,-0.0]},"fixed":{"rotation":[0.0,0.0,0.0]},"ground":{"rotation":[0.0,0.0,0.0]},"thirdperson_righthand":{"rotation":[0.0,0.0,0.0]},"gui":{"rotation":[-150.0,-45.0,180.0]}}}