{"credit":"MadewithBlockbench","textures":{"1":"elitecreatures:fallen_angel/fallen_angel_texrure","3":"elitecreatures:fallen_angel/fallen_angel_eff02","4":"elitecreatures:fallen_angel/fallen_angel_hoe","5":"elitecreatures:fallen_angel/fallen_angel_eff03","particle":"elitecreatures:fallen_angel/fallen_angel_eff03"},"elements":[{"from":[-6.75,-2.13586,8],"to":[22.75,18.76414,8],"rotation":{"angle":0,"axis":"y","origin":[17,17.21414,8]},"faces":{"north":{"uv":[0,0,7.63636,10.72727],"rotation":90,"texture":"#4"},"east":{"uv":[7.63636,0,0,0],"rotation":270,"texture":"#4"},"south":{"uv":[7.63636,0,15.27273,10.72727],"rotation":270,"texture":"#4"},"west":{"uv":[7.63636,0,0,0],"rotation":270,"texture":"#4"},"up":{"uv":[0,0,0,10.72727],"rotation":270,"texture":"#4"},"down":{"uv":[0,0,0,10.72727],"rotation":270,"texture":"#4"}}},{"from":[7.3,5.46414,7.3],"to":[8.7,6.46414,8.7],"rotation":{"angle":0,"axis":"y","origin":[8,6.87464,8]},"faces":{"north":{"uv":[5.81818,10.90909,6.36364,11.27273],"texture":"#4"},"east":{"uv":[6.54545,10.90909,7.09091,11.27273],"texture":"#4"},"south":{"uv":[7.27273,10.90909,7.81818,11.27273],"texture":"#4"},"west":{"uv":[8,10.90909,8.54545,11.27273],"texture":"#4"},"up":{"uv":[3.45455,11.45455,2.90909,10.90909],"texture":"#4"},"down":{"uv":[4.18182,10.90909,3.63636,11.45455],"texture":"#4"}}},{"from":[7.4,4.71414,7.4],"to":[8.6,5.21414,8.6],"rotation":{"angle":0,"axis":"y","origin":[8,6.87464,8]},"faces":{"north":{"uv":[6.54545,11.27273,7,11.45455],"texture":"#4"},"east":{"uv":[7.27273,11.27273,7.72727,11.45455],"texture":"#4"},"south":{"uv":[7.27273,11.27273,7.72728,11.45455],"texture":"#4"},"west":{"uv":[8.72727,11.27273,9.18182,11.45455],"texture":"#4"},"up":{"uv":[4.81818,11.36364,4.36364,10.90909],"texture":"#4"},"down":{"uv":[5.54545,10.90909,5.09091,11.36364],"texture":"#4"}}},{"from":[7.3,3.96414,7.3],"to":[8.7,4.46414,8.7],"rotation":{"angle":0,"axis":"y","origin":[8,6.87464,8]},"faces":{"north":{"uv":[9.45455,10.90909,10,11.09091],"texture":"#4"},"east":{"uv":[10.18182,10.90909,10.72727,11.09091],"texture":"#4"},"south":{"uv":[10.90909,10.90909,11.45455,11.09091],"texture":"#4"},"west":{"uv":[5.81818,11.27273,6.36364,11.45455],"texture":"#4"},"up":{"uv":[2,11.45455,1.45455,10.90909],"texture":"#4"},"down":{"uv":[2.72727,10.90909,2.18182,11.45455],"texture":"#4"}}},{"from":[7.3,-0.78586,7.3],"to":[8.7,-0.28586,8.7],"rotation":{"angle":0,"axis":"y","origin":[8,6.87464,8]},"faces":{"north":{"uv":[9.45455,10.90909,10,11.09091],"texture":"#4"},"east":{"uv":[10.18182,10.90909,10.72727,11.09091],"texture":"#4"},"south":{"uv":[10.90909,10.90909,11.45455,11.09091],"texture":"#4"},"west":{"uv":[5.81818,11.27273,6.36364,11.45455],"texture":"#4"},"up":{"uv":[2,11.45455,1.45455,10.90909],"texture":"#4"},"down":{"uv":[2.72727,10.90909,2.18182,11.45455],"texture":"#4"}}},{"from":[7.4,-0.03586,7.4],"to":[8.6,0.46414,8.6],"rotation":{"angle":0,"axis":"y","origin":[8,6.87464,8]},"faces":{"north":{"uv":[6.54545,11.27273,7,11.45455],"texture":"#4"},"east":{"uv":[7.27273,11.27273,7.72727,11.45455],"texture":"#4"},"south":{"uv":[7.27273,11.27273,7.72728,11.45455],"texture":"#4"},"west":{"uv":[8.72727,11.27273,9.18182,11.45455],"texture":"#4"},"up":{"uv":[4.81818,11.36364,4.36364,10.90909],"texture":"#4"},"down":{"uv":[5.54545,10.90909,5.09091,11.36364],"texture":"#4"}}},{"from":[7.3,-8.78586,7.3],"to":[8.7,-8.28586,8.7],"rotation":{"angle":0,"axis":"y","origin":[8,-1.87536,8]},"faces":{"north":{"uv":[9.45455,10.90909,10,11.09091],"rotation":180,"texture":"#4"},"east":{"uv":[5.81818,11.27273,6.36364,11.45455],"rotation":180,"texture":"#4"},"south":{"uv":[10.90909,10.90909,11.45455,11.09091],"rotation":180,"texture":"#4"},"west":{"uv":[10.18182,10.90909,10.72727,11.09091],"rotation":180,"texture":"#4"},"up":{"uv":[2.72727,10.90909,2.18182,11.45455],"rotation":180,"texture":"#4"},"down":{"uv":[2,11.45455,1.45455,10.90909],"rotation":180,"texture":"#4"}}},{"from":[7.4,-9.53586,7.4],"to":[8.6,-9.03586,8.6],"rotation":{"angle":0,"axis":"y","origin":[8,-1.87536,8]},"faces":{"north":{"uv":[6.54545,11.27273,7,11.45455],"rotation":180,"texture":"#4"},"east":{"uv":[8.72727,11.27273,9.18182,11.45455],"rotation":180,"texture":"#4"},"south":{"uv":[7.27273,11.27273,7.72728,11.45455],"rotation":180,"texture":"#4"},"west":{"uv":[7.27273,11.27273,7.72727,11.45455],"rotation":180,"texture":"#4"},"up":{"uv":[5.54545,10.90909,5.09091,11.36364],"rotation":180,"texture":"#4"},"down":{"uv":[4.81818,11.36364,4.36364,10.90909],"rotation":180,"texture":"#4"}}},{"from":[7.3,-3.28586,7.3],"to":[8.7,-2.78586,8.7],"rotation":{"angle":0,"axis":"y","origin":[8,-1.87536,8]},"faces":{"north":{"uv":[9.45455,10.90909,10,11.09091],"rotation":180,"texture":"#4"},"east":{"uv":[5.81818,11.27273,6.36364,11.45455],"rotation":180,"texture":"#4"},"south":{"uv":[10.90909,10.90909,11.45455,11.09091],"rotation":180,"texture":"#4"},"west":{"uv":[10.18182,10.90909,10.72727,11.09091],"rotation":180,"texture":"#4"},"up":{"uv":[2.72727,10.90909,2.18182,11.45455],"rotation":180,"texture":"#4"},"down":{"uv":[2,11.45455,1.45455,10.90909],"rotation":180,"texture":"#4"}}},{"from":[7.4,-4.03586,7.4],"to":[8.6,-3.53586,8.6],"rotation":{"angle":0,"axis":"y","origin":[8,-1.87536,8]},"faces":{"north":{"uv":[6.54545,11.27273,7,11.45455],"rotation":180,"texture":"#4"},"east":{"uv":[8.72727,11.27273,9.18182,11.45455],"rotation":180,"texture":"#4"},"south":{"uv":[7.27273,11.27273,7.72728,11.45455],"rotation":180,"texture":"#4"},"west":{"uv":[7.27273,11.27273,7.72727,11.45455],"rotation":180,"texture":"#4"},"up":{"uv":[5.54545,10.90909,5.09091,11.36364],"rotation":180,"texture":"#4"},"down":{"uv":[4.81818,11.36364,4.36364,10.90909],"rotation":180,"texture":"#4"}}},{"from":[7.3,-10.78586,7.3],"to":[8.7,-9.78586,8.7],"rotation":{"angle":0,"axis":"y","origin":[8,-1.87536,8]},"faces":{"north":{"uv":[5.81818,10.90909,6.36364,11.27273],"rotation":180,"texture":"#4"},"east":{"uv":[8,10.90909,8.54545,11.27273],"rotation":180,"texture":"#4"},"south":{"uv":[7.27273,10.90909,7.81818,11.27273],"rotation":180,"texture":"#4"},"west":{"uv":[6.54545,10.90909,7.09091,11.27273],"rotation":180,"texture":"#4"},"up":{"uv":[4.18182,10.90909,3.63636,11.45455],"rotation":180,"texture":"#4"},"down":{"uv":[3.45455,11.45455,2.90909,10.90909],"rotation":180,"texture":"#4"}}},{"from":[7.55,-1.78586,7.55],"to":[8.45,6.21414,8.45],"rotation":{"angle":0,"axis":"y","origin":[8,6.87464,8]},"faces":{"north":{"uv":[0,10.90909,0.36364,13.81818],"texture":"#4"},"east":{"uv":[0.36364,10.90909,0.72727,13.81818],"texture":"#4"},"south":{"uv":[0.72727,10.90909,1.09091,13.81818],"texture":"#4"},"west":{"uv":[1.09091,10.90909,1.45455,13.81818],"texture":"#4"},"up":{"uv":[9.09091,11.27273,8.72727,10.90909],"texture":"#4"},"down":{"uv":[9.45455,10.90909,9.09091,11.27273],"texture":"#4"}}},{"from":[7.55,-9.78586,7.55],"to":[8.45,-1.78586,8.45],"rotation":{"angle":0,"axis":"y","origin":[8,5.37464,8]},"faces":{"north":{"uv":[0,10.90909,0.36364,13.81818],"texture":"#4"},"east":{"uv":[0.36364,10.90909,0.72727,13.81818],"texture":"#4"},"south":{"uv":[0.72727,10.90909,1.09091,13.81818],"texture":"#4"},"west":{"uv":[1.09091,10.90909,1.45455,13.81818],"texture":"#4"},"up":{"uv":[9.09091,11.27273,8.72727,10.90909],"texture":"#4"},"down":{"uv":[9.45455,10.90909,9.09091,11.27273],"texture":"#4"}}},{"from":[11.55866,5.5,8.25],"to":[17.55866,11.5,8.25],"rotation":{"angle":0,"axis":"y","origin":[8,17,8.25]},"faces":{"north":{"uv":[16,0,0,16],"rotation":180,"texture":"#3"},"east":{"uv":[1,0,0,9],"rotation":180,"texture":"#3"},"south":{"uv":[0,0,16,16],"rotation":180,"texture":"#3"},"west":{"uv":[1,0,0,9],"rotation":180,"texture":"#3"},"up":{"uv":[9,0,0,1],"rotation":180,"texture":"#3"},"down":{"uv":[9,0,0,1],"rotation":180,"texture":"#3"}}},{"from":[11.55866,5.5,7.75],"to":[17.55866,11.5,7.75],"rotation":{"angle":0,"axis":"y","origin":[8,17,7.75]},"faces":{"north":{"uv":[16,0,0,16],"rotation":180,"texture":"#3"},"east":{"uv":[0,0,1,9],"rotation":180,"texture":"#3"},"south":{"uv":[0,0,16,16],"rotation":180,"texture":"#3"},"west":{"uv":[0,0,1,9],"rotation":180,"texture":"#3"},"up":{"uv":[9,1,0,0],"rotation":180,"texture":"#3"},"down":{"uv":[9,1,0,0],"rotation":180,"texture":"#3"}}},{"from":[6.5,6.25,8],"to":[9.5,10.25,8],"rotation":{"angle":0,"axis":"y","origin":[8,14.85365,7.6875]},"faces":{"north":{"uv":[0,16,16,0],"rotation":180,"texture":"#5"},"east":{"uv":[0,9,1,0],"rotation":180,"texture":"#5"},"south":{"uv":[16,16,0,0],"rotation":180,"texture":"#5"},"west":{"uv":[0,9,1,0],"rotation":180,"texture":"#5"},"up":{"uv":[0,1,9,0],"rotation":180,"texture":"#5"},"down":{"uv":[0,1,9,0],"rotation":180,"texture":"#5"}}},{"from":[9.41053,11.77865,7.6],"to":[10.21053,12.57865,8.4],"rotation":{"angle":-22.5,"axis":"z","origin":[8.78606,12.31587,8]},"faces":{"north":{"uv":[2,10,3,11],"rotation":180,"texture":"#1"},"east":{"uv":[10,7,11,8],"rotation":180,"texture":"#1"},"south":{"uv":[4,10,5,11],"rotation":180,"texture":"#1"},"west":{"uv":[3,10,4,11],"rotation":180,"texture":"#1"},"up":{"uv":[11,8,10,9],"rotation":180,"texture":"#1"},"down":{"uv":[9,11,8,10],"rotation":180,"texture":"#1"}}},{"from":[8.69133,11.51688,7.72],"to":[9.25133,12.91688,8.28],"rotation":{"angle":45,"axis":"z","origin":[8.78606,12.31587,8]},"faces":{"north":{"uv":[6,4,7.75,4.75],"rotation":90,"texture":"#1"},"east":{"uv":[3.75,7,2,7.75],"rotation":270,"texture":"#1"},"south":{"uv":[7,0,8.75,0.75],"rotation":270,"texture":"#1"},"west":{"uv":[8.75,1.75,7,1],"rotation":270,"texture":"#1"},"up":{"uv":[6,12,6.75,12.75],"rotation":270,"texture":"#1"},"down":{"uv":[12,6,12.75,6.75],"rotation":270,"texture":"#1"}}},{"from":[7.0921,12.6347,7.8],"to":[8.6921,13.0347,8.2],"rotation":{"angle":0,"axis":"z","origin":[8.78606,12.31587,8]},"faces":{"north":{"uv":[9,10,9.5,12],"rotation":90,"texture":"#1"},"east":{"uv":[13.5,13,13,13.5],"rotation":270,"texture":"#1"},"south":{"uv":[0,11,0.5,13],"rotation":270,"texture":"#1"},"west":{"uv":[13.5,12.5,13,12],"rotation":270,"texture":"#1"},"up":{"uv":[10,9,10.5,11],"rotation":270,"texture":"#1"},"down":{"uv":[11,0,11.5,2],"rotation":270,"texture":"#1"}}},{"from":[6.70516,10.42057,7.6],"to":[7.50516,11.22057,8.4],"rotation":{"angle":-45,"axis":"z","origin":[8,6.87464,8]},"faces":{"north":{"uv":[8,9,9,10],"texture":"#1"},"east":{"uv":[9,9,10,10],"texture":"#1"},"south":{"uv":[0,10,1,11],"texture":"#1"},"west":{"uv":[10,0,11,1],"texture":"#1"},"up":{"uv":[2,11,1,10],"texture":"#1"},"down":{"uv":[11,1,10,2],"texture":"#1"}}},{"from":[10.06141,10.11874,7.72],"to":[12.46141,10.67874,8.28],"rotation":{"angle":0,"axis":"y","origin":[8,6.87464,8]},"faces":{"north":{"uv":[2,0,5,0.75],"texture":"#1"},"east":{"uv":[4,12,4.75,12.75],"texture":"#1"},"south":{"uv":[2,1,5,1.75],"texture":"#1"},"west":{"uv":[12,4,12.75,4.75],"texture":"#1"},"up":{"uv":[5,2.75,2,2],"texture":"#1"},"down":{"uv":[5,3,2,3.75],"texture":"#1"}}},{"from":[8.4042,12.37983,7.8],"to":[8.8042,13.97983,8.2],"rotation":{"angle":-45,"axis":"z","origin":[8,6.87464,8]},"faces":{"north":{"uv":[5,9,5.5,11],"texture":"#1"},"east":{"uv":[6,9,6.5,11],"texture":"#1"},"south":{"uv":[7,9,7.5,11],"texture":"#1"},"west":{"uv":[9,7,9.5,9],"texture":"#1"},"up":{"uv":[13.5,10.5,13,10],"texture":"#1"},"down":{"uv":[11.5,13,11,13.5],"texture":"#1"}}},{"from":[8.49484,10.42057,7.6],"to":[9.29484,11.22057,8.4],"rotation":{"angle":45,"axis":"z","origin":[8,6.87464,8]},"faces":{"north":{"uv":[9,9,8,10],"texture":"#1"},"east":{"uv":[11,0,10,1],"texture":"#1"},"south":{"uv":[1,10,0,11],"texture":"#1"},"west":{"uv":[10,9,9,10],"texture":"#1"},"up":{"uv":[1,11,2,10],"texture":"#1"},"down":{"uv":[10,1,11,2],"texture":"#1"}}},{"from":[3.53859,10.11874,7.72],"to":[5.93859,10.67874,8.28],"rotation":{"angle":0,"axis":"y","origin":[8,6.87464,8]},"faces":{"north":{"uv":[5,0,2,0.75],"texture":"#1"},"east":{"uv":[12.75,4,12,4.75],"texture":"#1"},"south":{"uv":[5,1,2,1.75],"texture":"#1"},"west":{"uv":[4.75,12,4,12.75],"texture":"#1"},"up":{"uv":[2,2.75,5,2],"texture":"#1"},"down":{"uv":[2,3,5,3.75],"texture":"#1"}}},{"from":[7.1958,12.37983,7.8],"to":[7.5958,13.97983,8.2],"rotation":{"angle":45,"axis":"z","origin":[8,6.87464,8]},"faces":{"north":{"uv":[5.5,9,5,11],"texture":"#1"},"east":{"uv":[9.5,7,9,9],"texture":"#1"},"south":{"uv":[7.5,9,7,11],"texture":"#1"},"west":{"uv":[6.5,9,6,11],"texture":"#1"},"up":{"uv":[13,10.5,13.5,10],"texture":"#1"},"down":{"uv":[11,13,11.5,13.5],"texture":"#1"}}},{"from":[13.53159,-7.90836,7.8],"to":[15.33159,-7.50836,8.2],"rotation":{"angle":-45,"axis":"z","origin":[8,-1.87536,8]},"faces":{"north":{"uv":[8,2,10.25,2.5],"texture":"#1"},"east":{"uv":[13,11,13.5,11.5],"texture":"#1"},"south":{"uv":[8,3,10.25,3.5],"texture":"#1"},"west":{"uv":[12,13,12.5,13.5],"texture":"#1"},"up":{"uv":[10.25,4.5,8,4],"texture":"#1"},"down":{"uv":[7.25,8,5,8.5],"texture":"#1"}}},{"from":[8.84825,-11.79764,7.7],"to":[9.64825,-10.99764,8.3],"rotation":{"angle":0,"axis":"y","origin":[8,-1.87536,8]},"faces":{"north":{"uv":[9,1,10,2],"rotation":270,"texture":"#1"},"east":{"uv":[12,4.75,11,4],"rotation":90,"texture":"#1"},"south":{"uv":[2,9,3,10],"rotation":90,"texture":"#1"},"west":{"uv":[6,11,5,11.75],"rotation":90,"texture":"#1"},"up":{"uv":[4,11,4.75,12],"rotation":90,"texture":"#1"},"down":{"uv":[11,3,11.75,4],"rotation":90,"texture":"#1"}}},{"from":[0.66841,-7.90836,7.8],"to":[2.46841,-7.50836,8.2],"rotation":{"angle":45,"axis":"z","origin":[8,-1.87536,8]},"faces":{"north":{"uv":[10.25,2,8,2.5],"texture":"#1"},"east":{"uv":[12.5,13,12,13.5],"texture":"#1"},"south":{"uv":[10.25,3,8,3.5],"texture":"#1"},"west":{"uv":[13.5,11,13,11.5],"texture":"#1"},"up":{"uv":[8,4.5,10.25,4],"texture":"#1"},"down":{"uv":[5,8,7.25,8.5],"texture":"#1"}}},{"from":[6.35175,-11.79764,7.7],"to":[7.15175,-10.99764,8.3],"rotation":{"angle":0,"axis":"y","origin":[8,-1.87536,8]},"faces":{"north":{"uv":[9,2,10,1],"rotation":270,"texture":"#1"},"east":{"uv":[6,11.75,5,11],"rotation":90,"texture":"#1"},"south":{"uv":[2,10,3,9],"rotation":90,"texture":"#1"},"west":{"uv":[12,4,11,4.75],"rotation":90,"texture":"#1"},"up":{"uv":[4,12,4.75,11],"rotation":90,"texture":"#1"},"down":{"uv":[11,4,11.75,3],"rotation":90,"texture":"#1"}}},{"from":[7.79119,-11.93053,7.8],"to":[8.19119,-10.13053,8.2],"rotation":{"angle":0,"axis":"y","origin":[8,-1.87536,8]},"faces":{"north":{"uv":[10.25,2,8,2.5],"rotation":90,"texture":"#1"},"east":{"uv":[5,8,7.25,8.5],"rotation":270,"texture":"#1"},"south":{"uv":[10.25,3,8,3.5],"rotation":270,"texture":"#1"},"west":{"uv":[8,4.5,10.25,4],"rotation":270,"texture":"#1"},"up":{"uv":[12.5,13,12,13.5],"rotation":270,"texture":"#1"},"down":{"uv":[13.5,11,13,11.5],"rotation":270,"texture":"#1"}}},{"from":[0.2951,-9.59271,7.7],"to":[1.0951,-8.79271,8.3],"rotation":{"angle":45,"axis":"z","origin":[8,-1.87536,8]},"faces":{"north":{"uv":[9,2,10,1],"rotation":270,"texture":"#1"},"east":{"uv":[6,11.75,5,11],"rotation":90,"texture":"#1"},"south":{"uv":[2,10,3,9],"rotation":90,"texture":"#1"},"west":{"uv":[12,4,11,4.75],"rotation":90,"texture":"#1"},"up":{"uv":[4,12,4.75,11],"rotation":90,"texture":"#1"},"down":{"uv":[11,4,11.75,3],"rotation":90,"texture":"#1"}}},{"from":[2.30908,5.73115,7.8],"to":[3.90908,6.13115,8.2],"rotation":{"angle":22.5,"axis":"z","origin":[8,6.87464,8]},"faces":{"north":{"uv":[5,11,5.5,9],"rotation":270,"texture":"#1"},"east":{"uv":[11.5,13.5,11,13],"rotation":90,"texture":"#1"},"south":{"uv":[7,11,7.5,9],"rotation":90,"texture":"#1"},"west":{"uv":[13.5,10,13,10.5],"rotation":90,"texture":"#1"},"up":{"uv":[9,9,9.5,7],"rotation":90,"texture":"#1"},"down":{"uv":[6,11,6.5,9],"rotation":90,"texture":"#1"}}},{"from":[5.43586,3.17336,7.72],"to":[5.99586,5.57336,8.28],"rotation":{"angle":-22.5,"axis":"z","origin":[8,6.87464,8]},"faces":{"north":{"uv":[2,0.75,5,0],"rotation":270,"texture":"#1"},"east":{"uv":[5,3.75,2,3],"rotation":90,"texture":"#1"},"south":{"uv":[2,1.75,5,1],"rotation":90,"texture":"#1"},"west":{"uv":[5,2,2,2.75],"rotation":90,"texture":"#1"},"up":{"uv":[12,4.75,12.75,4],"rotation":90,"texture":"#1"},"down":{"uv":[4,12.75,4.75,12],"rotation":90,"texture":"#1"}}},{"from":[5.06834,7.03019,7.6],"to":[5.86834,7.83019,8.4],"rotation":{"angle":22.5,"axis":"z","origin":[8,6.87464,8]},"faces":{"north":{"uv":[8,10,9,9],"rotation":270,"texture":"#1"},"east":{"uv":[11,2,10,1],"rotation":90,"texture":"#1"},"south":{"uv":[0,11,1,10],"rotation":90,"texture":"#1"},"west":{"uv":[2,10,1,11],"rotation":90,"texture":"#1"},"up":{"uv":[10,1,11,0],"rotation":90,"texture":"#1"},"down":{"uv":[9,10,10,9],"rotation":90,"texture":"#1"}}},{"from":[7.42256,9.09278,7.6],"to":[8.22256,9.89278,8.4],"rotation":{"angle":-22.5,"axis":"z","origin":[8,6.87464,8]},"faces":{"north":{"uv":[2,10,3,11],"texture":"#1"},"east":{"uv":[3,10,4,11],"texture":"#1"},"south":{"uv":[4,10,5,11],"texture":"#1"},"west":{"uv":[10,7,11,8],"texture":"#1"},"up":{"uv":[9,11,8,10],"texture":"#1"},"down":{"uv":[11,8,10,9],"texture":"#1"}}},{"from":[10.15094,6.4405,7.72],"to":[10.71094,7.8405,8.28],"rotation":{"angle":45,"axis":"z","origin":[8,6.87464,8]},"faces":{"north":{"uv":[6,4,7.75,4.75],"rotation":270,"texture":"#1"},"east":{"uv":[8.75,1.75,7,1],"rotation":90,"texture":"#1"},"south":{"uv":[7,0,8.75,0.75],"rotation":90,"texture":"#1"},"west":{"uv":[3.75,7,2,7.75],"rotation":90,"texture":"#1"},"up":{"uv":[12,6,12.75,6.75],"rotation":90,"texture":"#1"},"down":{"uv":[6,12,6.75,12.75],"rotation":90,"texture":"#1"}}},{"from":[8.15054,7.90918,7.72],"to":[8.71054,9.30918,8.28],"rotation":{"angle":-45,"axis":"z","origin":[8,6.87464,8]},"faces":{"north":{"uv":[7.75,4,6,4.75],"rotation":270,"texture":"#1"},"east":{"uv":[7,1.75,8.75,1],"rotation":90,"texture":"#1"},"south":{"uv":[8.75,0,7,0.75],"rotation":90,"texture":"#1"},"west":{"uv":[2,7,3.75,7.75],"rotation":90,"texture":"#1"},"up":{"uv":[6.75,12,6,12.75],"rotation":90,"texture":"#1"},"down":{"uv":[12.75,6,12,6.75],"rotation":90,"texture":"#1"}}},{"from":[8.50516,6.47015,7.6],"to":[9.30516,7.27015,8.4],"rotation":{"angle":22.5,"axis":"z","origin":[8,6.87464,8]},"faces":{"north":{"uv":[2,11,3,10],"texture":"#1"},"east":{"uv":[3,11,4,10],"texture":"#1"},"south":{"uv":[4,11,5,10],"texture":"#1"},"west":{"uv":[10,8,11,7],"texture":"#1"},"up":{"uv":[11,9,10,8],"texture":"#1"},"down":{"uv":[9,10,8,11],"texture":"#1"}}},{"from":[9.62998,7.47543,7.6],"to":[11.22998,9.07543,8.4],"rotation":{"angle":0,"axis":"y","origin":[8,6.87464,8]},"faces":{"north":{"uv":[0,0,2,2],"rotation":270,"texture":"#1"},"east":{"uv":[4,5,2,4],"rotation":90,"texture":"#1"},"south":{"uv":[0,2,2,4],"rotation":90,"texture":"#1"},"west":{"uv":[6,4,4,5],"rotation":90,"texture":"#1"},"up":{"uv":[1,4,2,6],"rotation":90,"texture":"#1"},"down":{"uv":[0,4,1,6],"rotation":90,"texture":"#1"}}},{"from":[7.77744,9.09278,7.6],"to":[8.57744,9.89278,8.4],"rotation":{"angle":22.5,"axis":"z","origin":[8,6.87464,8]},"faces":{"north":{"uv":[3,10,2,11],"texture":"#1"},"east":{"uv":[11,7,10,8],"texture":"#1"},"south":{"uv":[5,10,4,11],"texture":"#1"},"west":{"uv":[4,10,3,11],"texture":"#1"},"up":{"uv":[8,11,9,10],"texture":"#1"},"down":{"uv":[10,8,11,9],"texture":"#1"}}},{"from":[5.28906,6.4405,7.72],"to":[5.84906,7.8405,8.28],"rotation":{"angle":-45,"axis":"z","origin":[8,6.87464,8]},"faces":{"north":{"uv":[6,4.75,7.75,4],"rotation":270,"texture":"#1"},"east":{"uv":[3.75,7.75,2,7],"rotation":90,"texture":"#1"},"south":{"uv":[7,0.75,8.75,0],"rotation":90,"texture":"#1"},"west":{"uv":[8.75,1,7,1.75],"rotation":90,"texture":"#1"},"up":{"uv":[12,6.75,12.75,6],"rotation":90,"texture":"#1"},"down":{"uv":[6,12.75,6.75,12],"rotation":90,"texture":"#1"}}},{"from":[7.28946,7.90918,7.72],"to":[7.84946,9.30918,8.28],"rotation":{"angle":45,"axis":"z","origin":[8,6.87464,8]},"faces":{"north":{"uv":[7.75,4.75,6,4],"rotation":270,"texture":"#1"},"east":{"uv":[2,7.75,3.75,7],"rotation":90,"texture":"#1"},"south":{"uv":[8.75,0.75,7,0],"rotation":90,"texture":"#1"},"west":{"uv":[7,1,8.75,1.75],"rotation":90,"texture":"#1"},"up":{"uv":[6.75,12.75,6,12],"rotation":90,"texture":"#1"},"down":{"uv":[12.75,6.75,12,6],"rotation":90,"texture":"#1"}}},{"from":[6.69484,6.47015,7.6],"to":[7.49484,7.27015,8.4],"rotation":{"angle":-22.5,"axis":"z","origin":[8,6.87464,8]},"faces":{"north":{"uv":[3,11,2,10],"texture":"#1"},"east":{"uv":[11,8,10,7],"texture":"#1"},"south":{"uv":[5,11,4,10],"texture":"#1"},"west":{"uv":[4,11,3,10],"texture":"#1"},"up":{"uv":[10,9,11,8],"texture":"#1"},"down":{"uv":[8,10,9,11],"texture":"#1"}}},{"from":[4.77002,7.47543,7.6],"to":[6.37002,9.07543,8.4],"rotation":{"angle":0,"axis":"y","origin":[8,6.87464,8]},"faces":{"north":{"uv":[0,2,2,0],"rotation":270,"texture":"#1"},"east":{"uv":[6,5,4,4],"rotation":90,"texture":"#1"},"south":{"uv":[0,4,2,2],"rotation":90,"texture":"#1"},"west":{"uv":[4,4,2,5],"rotation":90,"texture":"#1"},"up":{"uv":[1,6,2,4],"rotation":90,"texture":"#1"},"down":{"uv":[0,6,1,4],"rotation":90,"texture":"#1"}}}],"gui_light":"front","display":{"thirdperson_righthand":{"rotation":[0,90,0],"translation":[0,8.75,1.25]},"thirdperson_lefthand":{"rotation":[0,-90,0],"translation":[0,8.75,1.25]},"firstperson_righthand":{"rotation":[-180,75,167.5],"translation":[3.75,8.25,-3],"scale":[1.15234,1.15234,1.15234]},"firstperson_lefthand":{"rotation":[0,-75,12.5],"translation":[3.25,7.75,-3],"scale":[1.15234,1.15234,1.15234]},"ground":{"rotation":[0,0,-20],"translation":[0.75,14,0],"scale":[0.8,0.8,0.8]},"gui":{"rotation":[0,0,45],"translation":[-3,2,0],"scale":[0.625,0.625,0.625]},"head":{"rotation":[0,0,-180],"translation":[0,16,0]},"fixed":{"translation":[0.25,12.75,-2],"scale":[2,2,2]}}}