{"credit":"MadewithBlockbench","textures":{"1":"elitecreatures:fallen_angel/fallen_angel_texrure","2":"elitecreatures:fallen_angel/fallen_angel_eff01","3":"elitecreatures:fallen_angel/fallen_angel_eff02","4":"elitecreatures:fallen_angel/fallen_angel_spear","5":"elitecreatures:fallen_angel/fallen_angel_eff03","particle":"elitecreatures:fallen_angel/fallen_angel_eff03"},"elements":[{"from":[-6.75,7.36414,8],"to":[22.75,28.26414,8],"rotation":{"angle":0,"axis":"y","origin":[17,22.71414,8]},"faces":{"north":{"uv":[0,0,7.63636,10.72727],"rotation":90,"texture":"#4"},"east":{"uv":[7.63636,0,0,0],"rotation":270,"texture":"#4"},"south":{"uv":[7.63636,0,15.27273,10.72727],"rotation":270,"texture":"#4"},"west":{"uv":[7.63636,0,0,0],"rotation":270,"texture":"#4"},"up":{"uv":[0,0,0,10.72727],"rotation":270,"texture":"#4"},"down":{"uv":[0,0,0,10.72727],"rotation":270,"texture":"#4"}}},{"from":[7.3,10.46414,7.3],"to":[8.7,11.46414,8.7],"rotation":{"angle":0,"axis":"y","origin":[8,11.87464,8]},"faces":{"north":{"uv":[5.81818,10.90909,6.36364,11.27273],"texture":"#4"},"east":{"uv":[6.54545,10.90909,7.09091,11.27273],"texture":"#4"},"south":{"uv":[7.27273,10.90909,7.81818,11.27273],"texture":"#4"},"west":{"uv":[8,10.90909,8.54545,11.27273],"texture":"#4"},"up":{"uv":[3.45455,11.45455,2.90909,10.90909],"texture":"#4"},"down":{"uv":[4.18182,10.90909,3.63636,11.45455],"texture":"#4"}}},{"from":[7.4,9.71414,7.4],"to":[8.6,10.21414,8.6],"rotation":{"angle":0,"axis":"y","origin":[8,11.87464,8]},"faces":{"north":{"uv":[6.54545,11.27273,7,11.45455],"texture":"#4"},"east":{"uv":[7.27273,11.27273,7.72727,11.45455],"texture":"#4"},"south":{"uv":[7.27273,11.27273,7.72728,11.45455],"texture":"#4"},"west":{"uv":[8.72727,11.27273,9.18182,11.45455],"texture":"#4"},"up":{"uv":[4.81818,11.36364,4.36364,10.90909],"texture":"#4"},"down":{"uv":[5.54545,10.90909,5.09091,11.36364],"texture":"#4"}}},{"from":[7.3,8.96414,7.3],"to":[8.7,9.46414,8.7],"rotation":{"angle":0,"axis":"y","origin":[8,11.87464,8]},"faces":{"north":{"uv":[9.45455,10.90909,10,11.09091],"texture":"#4"},"east":{"uv":[10.18182,10.90909,10.72727,11.09091],"texture":"#4"},"south":{"uv":[10.90909,10.90909,11.45455,11.09091],"texture":"#4"},"west":{"uv":[5.81818,11.27273,6.36364,11.45455],"texture":"#4"},"up":{"uv":[2,11.45455,1.45455,10.90909],"texture":"#4"},"down":{"uv":[2.72727,10.90909,2.18182,11.45455],"texture":"#4"}}},{"from":[7.3,4.21414,7.3],"to":[8.7,4.71414,8.7],"rotation":{"angle":0,"axis":"y","origin":[8,11.87464,8]},"faces":{"north":{"uv":[9.45455,10.90909,10,11.09091],"texture":"#4"},"east":{"uv":[10.18182,10.90909,10.72727,11.09091],"texture":"#4"},"south":{"uv":[10.90909,10.90909,11.45455,11.09091],"texture":"#4"},"west":{"uv":[5.81818,11.27273,6.36364,11.45455],"texture":"#4"},"up":{"uv":[2,11.45455,1.45455,10.90909],"texture":"#4"},"down":{"uv":[2.72727,10.90909,2.18182,11.45455],"texture":"#4"}}},{"from":[7.4,4.96414,7.4],"to":[8.6,5.46414,8.6],"rotation":{"angle":0,"axis":"y","origin":[8,11.87464,8]},"faces":{"north":{"uv":[6.54545,11.27273,7,11.45455],"texture":"#4"},"east":{"uv":[7.27273,11.27273,7.72727,11.45455],"texture":"#4"},"south":{"uv":[7.27273,11.27273,7.72728,11.45455],"texture":"#4"},"west":{"uv":[8.72727,11.27273,9.18182,11.45455],"texture":"#4"},"up":{"uv":[4.81818,11.36364,4.36364,10.90909],"texture":"#4"},"down":{"uv":[5.54545,10.90909,5.09091,11.36364],"texture":"#4"}}},{"from":[7.3,-11.78586,7.3],"to":[8.7,-11.28586,8.7],"rotation":{"angle":0,"axis":"y","origin":[8,-4.87536,8]},"faces":{"north":{"uv":[9.45455,10.90909,10,11.09091],"rotation":180,"texture":"#4"},"east":{"uv":[5.81818,11.27273,6.36364,11.45455],"rotation":180,"texture":"#4"},"south":{"uv":[10.90909,10.90909,11.45455,11.09091],"rotation":180,"texture":"#4"},"west":{"uv":[10.18182,10.90909,10.72727,11.09091],"rotation":180,"texture":"#4"},"up":{"uv":[2.72727,10.90909,2.18182,11.45455],"rotation":180,"texture":"#4"},"down":{"uv":[2,11.45455,1.45455,10.90909],"rotation":180,"texture":"#4"}}},{"from":[7.4,-12.53586,7.4],"to":[8.6,-12.03586,8.6],"rotation":{"angle":0,"axis":"y","origin":[8,-4.87536,8]},"faces":{"north":{"uv":[6.54545,11.27273,7,11.45455],"rotation":180,"texture":"#4"},"east":{"uv":[8.72727,11.27273,9.18182,11.45455],"rotation":180,"texture":"#4"},"south":{"uv":[7.27273,11.27273,7.72728,11.45455],"rotation":180,"texture":"#4"},"west":{"uv":[7.27273,11.27273,7.72727,11.45455],"rotation":180,"texture":"#4"},"up":{"uv":[5.54545,10.90909,5.09091,11.36364],"rotation":180,"texture":"#4"},"down":{"uv":[4.81818,11.36364,4.36364,10.90909],"rotation":180,"texture":"#4"}}},{"from":[7.3,1.71414,7.3],"to":[8.7,2.21414,8.7],"rotation":{"angle":0,"axis":"y","origin":[8,3.12464,8]},"faces":{"north":{"uv":[9.45455,10.90909,10,11.09091],"rotation":180,"texture":"#4"},"east":{"uv":[5.81818,11.27273,6.36364,11.45455],"rotation":180,"texture":"#4"},"south":{"uv":[10.90909,10.90909,11.45455,11.09091],"rotation":180,"texture":"#4"},"west":{"uv":[10.18182,10.90909,10.72727,11.09091],"rotation":180,"texture":"#4"},"up":{"uv":[2.72727,10.90909,2.18182,11.45455],"rotation":180,"texture":"#4"},"down":{"uv":[2,11.45455,1.45455,10.90909],"rotation":180,"texture":"#4"}}},{"from":[7.4,0.96414,7.4],"to":[8.6,1.46414,8.6],"rotation":{"angle":0,"axis":"y","origin":[8,3.12464,8]},"faces":{"north":{"uv":[6.54545,11.27273,7,11.45455],"rotation":180,"texture":"#4"},"east":{"uv":[8.72727,11.27273,9.18182,11.45455],"rotation":180,"texture":"#4"},"south":{"uv":[7.27273,11.27273,7.72728,11.45455],"rotation":180,"texture":"#4"},"west":{"uv":[7.27273,11.27273,7.72727,11.45455],"rotation":180,"texture":"#4"},"up":{"uv":[5.54545,10.90909,5.09091,11.36364],"rotation":180,"texture":"#4"},"down":{"uv":[4.81818,11.36364,4.36364,10.90909],"rotation":180,"texture":"#4"}}},{"from":[7.4,-7.03586,7.4],"to":[8.6,-6.53586,8.6],"rotation":{"angle":0,"axis":"y","origin":[8,3.12464,8]},"faces":{"north":{"uv":[6.54545,11.27273,7,11.45455],"rotation":180,"texture":"#4"},"east":{"uv":[8.72727,11.27273,9.18182,11.45455],"rotation":180,"texture":"#4"},"south":{"uv":[7.27273,11.27273,7.72728,11.45455],"rotation":180,"texture":"#4"},"west":{"uv":[7.27273,11.27273,7.72727,11.45455],"rotation":180,"texture":"#4"},"up":{"uv":[5.54545,10.90909,5.09091,11.36364],"rotation":180,"texture":"#4"},"down":{"uv":[4.81818,11.36364,4.36364,10.90909],"rotation":180,"texture":"#4"}}},{"from":[7.3,-6.28586,7.3],"to":[8.7,-5.78586,8.7],"rotation":{"angle":0,"axis":"y","origin":[8,3.12464,8]},"faces":{"north":{"uv":[9.45455,10.90909,10,11.09091],"rotation":180,"texture":"#4"},"east":{"uv":[5.81818,11.27273,6.36364,11.45455],"rotation":180,"texture":"#4"},"south":{"uv":[10.90909,10.90909,11.45455,11.09091],"rotation":180,"texture":"#4"},"west":{"uv":[10.18182,10.90909,10.72727,11.09091],"rotation":180,"texture":"#4"},"up":{"uv":[2.72727,10.90909,2.18182,11.45455],"rotation":180,"texture":"#4"},"down":{"uv":[2,11.45455,1.45455,10.90909],"rotation":180,"texture":"#4"}}},{"from":[7.3,-3.78586,7.3],"to":[8.7,-3.28586,8.7],"rotation":{"angle":0,"axis":"y","origin":[8,11.87464,8]},"faces":{"north":{"uv":[9.45455,10.90909,10,11.09091],"texture":"#4"},"east":{"uv":[10.18182,10.90909,10.72727,11.09091],"texture":"#4"},"south":{"uv":[10.90909,10.90909,11.45455,11.09091],"texture":"#4"},"west":{"uv":[5.81818,11.27273,6.36364,11.45455],"texture":"#4"},"up":{"uv":[2,11.45455,1.45455,10.90909],"texture":"#4"},"down":{"uv":[2.72727,10.90909,2.18182,11.45455],"texture":"#4"}}},{"from":[7.4,-3.03586,7.4],"to":[8.6,-2.53586,8.6],"rotation":{"angle":0,"axis":"y","origin":[8,11.87464,8]},"faces":{"north":{"uv":[6.54545,11.27273,7,11.45455],"texture":"#4"},"east":{"uv":[7.27273,11.27273,7.72727,11.45455],"texture":"#4"},"south":{"uv":[7.27273,11.27273,7.72728,11.45455],"texture":"#4"},"west":{"uv":[8.72727,11.27273,9.18182,11.45455],"texture":"#4"},"up":{"uv":[4.81818,11.36364,4.36364,10.90909],"texture":"#4"},"down":{"uv":[5.54545,10.90909,5.09091,11.36364],"texture":"#4"}}},{"from":[7.5,-2.03586,7.5],"to":[8.5,-1.53586,8.5],"rotation":{"angle":0,"axis":"y","origin":[8,11.87464,8]},"faces":{"north":{"uv":[6.54545,11.27273,7,11.45455],"texture":"#4"},"east":{"uv":[7.27273,11.27273,7.72727,11.45455],"texture":"#4"},"south":{"uv":[7.27273,11.27273,7.72728,11.45455],"texture":"#4"},"west":{"uv":[8.72727,11.27273,9.18182,11.45455],"texture":"#4"},"up":{"uv":[4.81818,11.36364,4.36364,10.90909],"texture":"#4"},"down":{"uv":[5.54545,10.90909,5.09091,11.36364],"texture":"#4"}}},{"from":[7.5,-1.03586,7.5],"to":[8.5,-0.53586,8.5],"rotation":{"angle":0,"axis":"y","origin":[8,11.87464,8]},"faces":{"north":{"uv":[6.54545,11.27273,7,11.45455],"texture":"#4"},"east":{"uv":[7.27273,11.27273,7.72727,11.45455],"texture":"#4"},"south":{"uv":[7.27273,11.27273,7.72728,11.45455],"texture":"#4"},"west":{"uv":[8.72727,11.27273,9.18182,11.45455],"texture":"#4"},"up":{"uv":[4.81818,11.36364,4.36364,10.90909],"texture":"#4"},"down":{"uv":[5.54545,10.90909,5.09091,11.36364],"texture":"#4"}}},{"from":[7.5,-0.03586,7.5],"to":[8.5,0.46414,8.5],"rotation":{"angle":0,"axis":"y","origin":[8,11.87464,8]},"faces":{"north":{"uv":[6.54545,11.27273,7,11.45455],"texture":"#4"},"east":{"uv":[7.27273,11.27273,7.72727,11.45455],"texture":"#4"},"south":{"uv":[7.27273,11.27273,7.72728,11.45455],"texture":"#4"},"west":{"uv":[8.72727,11.27273,9.18182,11.45455],"texture":"#4"},"up":{"uv":[4.81818,11.36364,4.36364,10.90909],"texture":"#4"},"down":{"uv":[5.54545,10.90909,5.09091,11.36364],"texture":"#4"}}},{"from":[7.3,-13.78586,7.3],"to":[8.7,-12.78586,8.7],"rotation":{"angle":0,"axis":"y","origin":[8,-4.87536,8]},"faces":{"north":{"uv":[5.81818,10.90909,6.36364,11.27273],"rotation":180,"texture":"#4"},"east":{"uv":[8,10.90909,8.54545,11.27273],"rotation":180,"texture":"#4"},"south":{"uv":[7.27273,10.90909,7.81818,11.27273],"rotation":180,"texture":"#4"},"west":{"uv":[6.54545,10.90909,7.09091,11.27273],"rotation":180,"texture":"#4"},"up":{"uv":[4.18182,10.90909,3.63636,11.45455],"rotation":180,"texture":"#4"},"down":{"uv":[3.45455,11.45455,2.90909,10.90909],"rotation":180,"texture":"#4"}}},{"from":[7.55,3.21414,7.55],"to":[8.45,11.21414,8.45],"rotation":{"angle":0,"axis":"y","origin":[8,11.87464,8]},"faces":{"north":{"uv":[0,10.90909,0.36364,13.81818],"texture":"#4"},"east":{"uv":[0.36364,10.90909,0.72727,13.81818],"texture":"#4"},"south":{"uv":[0.72727,10.90909,1.09091,13.81818],"texture":"#4"},"west":{"uv":[1.09091,10.90909,1.45455,13.81818],"texture":"#4"},"up":{"uv":[9.09091,11.27273,8.72727,10.90909],"texture":"#4"},"down":{"uv":[9.45455,10.90909,9.09091,11.27273],"texture":"#4"}}},{"from":[7.55,-4.78586,7.55],"to":[8.45,3.21414,8.45],"rotation":{"angle":0,"axis":"y","origin":[8,10.37464,8]},"faces":{"north":{"uv":[0,10.90909,0.36364,13.81818],"texture":"#4"},"east":{"uv":[0.36364,10.90909,0.72727,13.81818],"texture":"#4"},"south":{"uv":[0.72727,10.90909,1.09091,13.81818],"texture":"#4"},"west":{"uv":[1.09091,10.90909,1.45455,13.81818],"texture":"#4"},"up":{"uv":[9.09091,11.27273,8.72727,10.90909],"texture":"#4"},"down":{"uv":[9.45455,10.90909,9.09091,11.27273],"texture":"#4"}}},{"from":[7.55,-12.78586,7.55],"to":[8.45,-4.78586,8.45],"rotation":{"angle":0,"axis":"y","origin":[8,10.37464,8]},"faces":{"north":{"uv":[0,10.90909,0.36364,13.81818],"texture":"#4"},"east":{"uv":[0.36364,10.90909,0.72727,13.81818],"texture":"#4"},"south":{"uv":[0.72727,10.90909,1.09091,13.81818],"texture":"#4"},"west":{"uv":[1.09091,10.90909,1.45455,13.81818],"texture":"#4"},"up":{"uv":[9.09091,11.27273,8.72727,10.90909],"texture":"#4"},"down":{"uv":[9.45455,10.90909,9.09091,11.27273],"texture":"#4"}}},{"from":[5,14.5,7.75],"to":[11,20.5,7.75],"rotation":{"angle":0,"axis":"y","origin":[8,14.75,7.75]},"faces":{"north":{"uv":[16,0,0,16],"rotation":270,"texture":"#3"},"east":{"uv":[9,1,0,0],"rotation":90,"texture":"#3"},"south":{"uv":[0,0,16,16],"rotation":90,"texture":"#3"},"west":{"uv":[9,1,0,0],"rotation":90,"texture":"#3"},"up":{"uv":[0,0,1,9],"rotation":90,"texture":"#3"},"down":{"uv":[0,0,1,9],"rotation":90,"texture":"#3"}}},{"from":[5,7.5,7.75],"to":[11,13.5,7.75],"rotation":{"angle":0,"axis":"y","origin":[8,12.25,7.75]},"faces":{"north":{"uv":[0,0,16,16],"rotation":270,"texture":"#2"},"east":{"uv":[0,1,9,0],"rotation":90,"texture":"#2"},"south":{"uv":[16,0,0,16],"rotation":90,"texture":"#2"},"west":{"uv":[0,1,9,0],"rotation":90,"texture":"#2"},"up":{"uv":[1,0,0,9],"rotation":90,"texture":"#2"},"down":{"uv":[1,0,0,9],"rotation":90,"texture":"#2"}}},{"from":[5,13.5,8.25],"to":[11,19.5,8.25],"rotation":{"angle":0,"axis":"y","origin":[8,14.75,8.25]},"faces":{"north":{"uv":[0,16,16,0],"rotation":90,"texture":"#3"},"east":{"uv":[9,0,0,1],"rotation":90,"texture":"#3"},"south":{"uv":[16,16,0,0],"rotation":270,"texture":"#3"},"west":{"uv":[9,0,0,1],"rotation":90,"texture":"#3"},"up":{"uv":[1,0,0,9],"rotation":90,"texture":"#3"},"down":{"uv":[1,0,0,9],"rotation":90,"texture":"#3"}}},{"from":[5,7.5,8.25],"to":[11,13.5,8.25],"rotation":{"angle":0,"axis":"y","origin":[8,12.25,8.25]},"faces":{"north":{"uv":[16,16,0,0],"rotation":90,"texture":"#2"},"east":{"uv":[0,0,9,1],"rotation":90,"texture":"#2"},"south":{"uv":[0,16,16,0],"rotation":270,"texture":"#2"},"west":{"uv":[0,0,9,1],"rotation":90,"texture":"#2"},"up":{"uv":[0,0,1,9],"rotation":90,"texture":"#2"},"down":{"uv":[0,0,1,9],"rotation":90,"texture":"#2"}}},{"from":[6.5,11.25,8],"to":[9.5,15.25,8],"rotation":{"angle":0,"axis":"y","origin":[8,19.85365,7.6875]},"faces":{"north":{"uv":[0,16,16,0],"rotation":180,"texture":"#5"},"east":{"uv":[0,9,1,0],"rotation":180,"texture":"#5"},"south":{"uv":[16,16,0,0],"rotation":180,"texture":"#5"},"west":{"uv":[0,9,1,0],"rotation":180,"texture":"#5"},"up":{"uv":[0,1,9,0],"rotation":180,"texture":"#5"},"down":{"uv":[0,1,9,0],"rotation":180,"texture":"#5"}}},{"from":[10.00257,9.57196,7.72],"to":[10.56257,10.97196,8.28],"rotation":{"angle":22.5,"axis":"z","origin":[10.05322,10.10462,8]},"faces":{"north":{"uv":[7.75,4,6,4.75],"rotation":90,"texture":"#1"},"east":{"uv":[2,7,3.75,7.75],"rotation":270,"texture":"#1"},"south":{"uv":[8.75,0,7,0.75],"rotation":270,"texture":"#1"},"west":{"uv":[7,1.75,8.75,1],"rotation":270,"texture":"#1"},"up":{"uv":[12.75,6,12,6.75],"rotation":270,"texture":"#1"},"down":{"uv":[6.75,12,6,12.75],"rotation":270,"texture":"#1"}}},{"from":[10.35489,8.49016,7.8],"to":[10.75489,10.09016,8.2],"rotation":{"angle":-22.5,"axis":"z","origin":[10.05322,10.10462,8]},"faces":{"north":{"uv":[9.5,10,9,12],"rotation":180,"texture":"#1"},"east":{"uv":[10.5,9,10,11],"rotation":180,"texture":"#1"},"south":{"uv":[0.5,11,0,13],"rotation":180,"texture":"#1"},"west":{"uv":[11.5,0,11,2],"rotation":180,"texture":"#1"},"up":{"uv":[13,13,13.5,13.5],"rotation":180,"texture":"#1"},"down":{"uv":[13,12.5,13.5,12],"rotation":180,"texture":"#1"}}},{"from":[11.82538,10.76555,7.8],"to":[12.22538,12.36555,8.2],"rotation":{"angle":45,"axis":"z","origin":[11.77538,11.56555,8]},"faces":{"north":{"uv":[9.5,10,9,12],"rotation":180,"texture":"#1"},"east":{"uv":[10.5,9,10,11],"rotation":180,"texture":"#1"},"south":{"uv":[0.5,11,0,13],"rotation":180,"texture":"#1"},"west":{"uv":[11.5,0,11,2],"rotation":180,"texture":"#1"},"up":{"uv":[13,13,13.5,13.5],"rotation":180,"texture":"#1"},"down":{"uv":[13,12.5,13.5,12],"rotation":180,"texture":"#1"}}},{"from":[3.77462,10.76555,7.8],"to":[4.17462,12.36555,8.2],"rotation":{"angle":-45,"axis":"z","origin":[4.22462,11.56555,8]},"faces":{"north":{"uv":[9,10,9.5,12],"rotation":180,"texture":"#1"},"east":{"uv":[11,0,11.5,2],"rotation":180,"texture":"#1"},"south":{"uv":[0,11,0.5,13],"rotation":180,"texture":"#1"},"west":{"uv":[10,9,10.5,11],"rotation":180,"texture":"#1"},"up":{"uv":[13.5,13,13,13.5],"rotation":180,"texture":"#1"},"down":{"uv":[13.5,12.5,13,12],"rotation":180,"texture":"#1"}}},{"from":[5.43743,9.57196,7.72],"to":[5.99743,10.97196,8.28],"rotation":{"angle":-22.5,"axis":"z","origin":[5.94678,10.10462,8]},"faces":{"north":{"uv":[7.75,4.75,6,4],"rotation":90,"texture":"#1"},"east":{"uv":[7,1,8.75,1.75],"rotation":270,"texture":"#1"},"south":{"uv":[8.75,0.75,7,0],"rotation":270,"texture":"#1"},"west":{"uv":[2,7.75,3.75,7],"rotation":270,"texture":"#1"},"up":{"uv":[12.75,6.75,12,6],"rotation":270,"texture":"#1"},"down":{"uv":[6.75,12.75,6,12],"rotation":270,"texture":"#1"}}},{"from":[5.24511,8.49016,7.8],"to":[5.64511,10.09016,8.2],"rotation":{"angle":22.5,"axis":"z","origin":[5.94678,10.10462,8]},"faces":{"north":{"uv":[9,10,9.5,12],"rotation":180,"texture":"#1"},"east":{"uv":[11,0,11.5,2],"rotation":180,"texture":"#1"},"south":{"uv":[0,11,0.5,13],"rotation":180,"texture":"#1"},"west":{"uv":[10,9,10.5,11],"rotation":180,"texture":"#1"},"up":{"uv":[13.5,13,13,13.5],"rotation":180,"texture":"#1"},"down":{"uv":[13.5,12.5,13,12],"rotation":180,"texture":"#1"}}},{"from":[13.53159,-10.90836,7.8],"to":[15.33159,-10.50836,8.2],"rotation":{"angle":-45,"axis":"z","origin":[8,-4.87536,8]},"faces":{"north":{"uv":[8,2,10.25,2.5],"texture":"#1"},"east":{"uv":[13,11,13.5,11.5],"texture":"#1"},"south":{"uv":[8,3,10.25,3.5],"texture":"#1"},"west":{"uv":[12,13,12.5,13.5],"texture":"#1"},"up":{"uv":[10.25,4.5,8,4],"texture":"#1"},"down":{"uv":[7.25,8,5,8.5],"texture":"#1"}}},{"from":[8.84825,-14.79764,7.7],"to":[9.64825,-13.99764,8.3],"rotation":{"angle":0,"axis":"y","origin":[8,-4.87536,8]},"faces":{"north":{"uv":[9,1,10,2],"rotation":270,"texture":"#1"},"east":{"uv":[12,4.75,11,4],"rotation":90,"texture":"#1"},"south":{"uv":[2,9,3,10],"rotation":90,"texture":"#1"},"west":{"uv":[6,11,5,11.75],"rotation":90,"texture":"#1"},"up":{"uv":[4,11,4.75,12],"rotation":90,"texture":"#1"},"down":{"uv":[11,3,11.75,4],"rotation":90,"texture":"#1"}}},{"from":[0.66841,-10.90836,7.8],"to":[2.46841,-10.50836,8.2],"rotation":{"angle":45,"axis":"z","origin":[8,-4.87536,8]},"faces":{"north":{"uv":[10.25,2,8,2.5],"texture":"#1"},"east":{"uv":[12.5,13,12,13.5],"texture":"#1"},"south":{"uv":[10.25,3,8,3.5],"texture":"#1"},"west":{"uv":[13.5,11,13,11.5],"texture":"#1"},"up":{"uv":[8,4.5,10.25,4],"texture":"#1"},"down":{"uv":[5,8,7.25,8.5],"texture":"#1"}}},{"from":[6.35175,-14.79764,7.7],"to":[7.15175,-13.99764,8.3],"rotation":{"angle":0,"axis":"y","origin":[8,-4.87536,8]},"faces":{"north":{"uv":[9,2,10,1],"rotation":270,"texture":"#1"},"east":{"uv":[6,11.75,5,11],"rotation":90,"texture":"#1"},"south":{"uv":[2,10,3,9],"rotation":90,"texture":"#1"},"west":{"uv":[12,4,11,4.75],"rotation":90,"texture":"#1"},"up":{"uv":[4,12,4.75,11],"rotation":90,"texture":"#1"},"down":{"uv":[11,4,11.75,3],"rotation":90,"texture":"#1"}}},{"from":[7.79119,-14.93053,7.8],"to":[8.19119,-13.13053,8.2],"rotation":{"angle":0,"axis":"y","origin":[8,-4.87536,8]},"faces":{"north":{"uv":[10.25,2,8,2.5],"rotation":90,"texture":"#1"},"east":{"uv":[5,8,7.25,8.5],"rotation":270,"texture":"#1"},"south":{"uv":[10.25,3,8,3.5],"rotation":270,"texture":"#1"},"west":{"uv":[8,4.5,10.25,4],"rotation":270,"texture":"#1"},"up":{"uv":[12.5,13,12,13.5],"rotation":270,"texture":"#1"},"down":{"uv":[13.5,11,13,11.5],"rotation":270,"texture":"#1"}}},{"from":[0.2951,-12.59271,7.7],"to":[1.0951,-11.79271,8.3],"rotation":{"angle":45,"axis":"z","origin":[8,-4.87536,8]},"faces":{"north":{"uv":[9,2,10,1],"rotation":270,"texture":"#1"},"east":{"uv":[6,11.75,5,11],"rotation":90,"texture":"#1"},"south":{"uv":[2,10,3,9],"rotation":90,"texture":"#1"},"west":{"uv":[12,4,11,4.75],"rotation":90,"texture":"#1"},"up":{"uv":[4,12,4.75,11],"rotation":90,"texture":"#1"},"down":{"uv":[11,4,11.75,3],"rotation":90,"texture":"#1"}}},{"from":[4.35175,12.05236,7.7],"to":[5.15175,12.85236,8.3],"rotation":{"angle":0,"axis":"y","origin":[11,13.87464,8]},"faces":{"north":{"uv":[9,2,10,1],"rotation":270,"texture":"#1"},"east":{"uv":[6,11.75,5,11],"rotation":90,"texture":"#1"},"south":{"uv":[2,10,3,9],"rotation":90,"texture":"#1"},"west":{"uv":[12,4,11,4.75],"rotation":90,"texture":"#1"},"up":{"uv":[4,12,4.75,11],"rotation":90,"texture":"#1"},"down":{"uv":[11,4,11.75,3],"rotation":90,"texture":"#1"}}},{"from":[5.35175,13.89764,7.7],"to":[6.15175,14.69764,8.3],"rotation":{"angle":0,"axis":"y","origin":[11,12.12536,8]},"faces":{"north":{"uv":[10,2,9,1],"rotation":270,"texture":"#1"},"east":{"uv":[5,11.75,6,11],"rotation":90,"texture":"#1"},"south":{"uv":[3,10,2,9],"rotation":90,"texture":"#1"},"west":{"uv":[11,4,12,4.75],"rotation":90,"texture":"#1"},"up":{"uv":[11.75,4,11,3],"rotation":90,"texture":"#1"},"down":{"uv":[4.75,12,4,11],"rotation":90,"texture":"#1"}}},{"from":[10.13166,14.31981,7.6],"to":[10.93166,15.11981,8.4],"rotation":{"angle":22.5,"axis":"z","origin":[8,15.27536,8]},"faces":{"north":{"uv":[9,9,8,10],"rotation":270,"texture":"#1"},"east":{"uv":[1,11,2,10],"rotation":90,"texture":"#1"},"south":{"uv":[1,10,0,11],"rotation":90,"texture":"#1"},"west":{"uv":[10,1,11,2],"rotation":90,"texture":"#1"},"up":{"uv":[10,9,9,10],"rotation":90,"texture":"#1"},"down":{"uv":[11,0,10,1],"rotation":90,"texture":"#1"}}},{"from":[8.87806,10.2651,7.6],"to":[9.67806,11.0651,8.4],"rotation":{"angle":-45,"axis":"z","origin":[10.05322,10.10462,8]},"faces":{"north":{"uv":[8,9,9,10],"rotation":270,"texture":"#1"},"east":{"uv":[2,11,1,10],"rotation":90,"texture":"#1"},"south":{"uv":[0,10,1,11],"rotation":90,"texture":"#1"},"west":{"uv":[11,1,10,2],"rotation":90,"texture":"#1"},"up":{"uv":[10,0,11,1],"rotation":90,"texture":"#1"},"down":{"uv":[9,9,10,10],"rotation":90,"texture":"#1"}}},{"from":[6.32194,10.2651,7.6],"to":[7.12194,11.0651,8.4],"rotation":{"angle":45,"axis":"z","origin":[5.94678,10.10462,8]},"faces":{"north":{"uv":[8,10,9,9],"rotation":270,"texture":"#1"},"east":{"uv":[11,2,10,1],"rotation":90,"texture":"#1"},"south":{"uv":[0,11,1,10],"rotation":90,"texture":"#1"},"west":{"uv":[2,10,1,11],"rotation":90,"texture":"#1"},"up":{"uv":[10,1,11,0],"rotation":90,"texture":"#1"},"down":{"uv":[9,10,10,9],"rotation":90,"texture":"#1"}}},{"from":[5.06834,14.31981,7.6],"to":[5.86834,15.11981,8.4],"rotation":{"angle":-22.5,"axis":"z","origin":[8,15.27536,8]},"faces":{"north":{"uv":[9,10,8,9],"rotation":270,"texture":"#1"},"east":{"uv":[10,2,11,1],"rotation":90,"texture":"#1"},"south":{"uv":[1,11,0,10],"rotation":90,"texture":"#1"},"west":{"uv":[1,10,2,11],"rotation":90,"texture":"#1"},"up":{"uv":[10,10,9,9],"rotation":90,"texture":"#1"},"down":{"uv":[11,1,10,0],"rotation":90,"texture":"#1"}}},{"from":[9.84825,13.89764,7.7],"to":[10.64825,14.69764,8.3],"rotation":{"angle":0,"axis":"y","origin":[5,12.12536,8]},"faces":{"north":{"uv":[10,1,9,2],"rotation":270,"texture":"#1"},"east":{"uv":[11,4.75,12,4],"rotation":90,"texture":"#1"},"south":{"uv":[3,9,2,10],"rotation":90,"texture":"#1"},"west":{"uv":[5,11,6,11.75],"rotation":90,"texture":"#1"},"up":{"uv":[11.75,3,11,4],"rotation":90,"texture":"#1"},"down":{"uv":[4.75,11,4,12],"rotation":90,"texture":"#1"}}},{"from":[10.84825,12.05236,7.7],"to":[11.64825,12.85236,8.3],"rotation":{"angle":0,"axis":"y","origin":[5,13.87464,8]},"faces":{"north":{"uv":[9,1,10,2],"rotation":270,"texture":"#1"},"east":{"uv":[12,4.75,11,4],"rotation":90,"texture":"#1"},"south":{"uv":[2,9,3,10],"rotation":90,"texture":"#1"},"west":{"uv":[6,11,5,11.75],"rotation":90,"texture":"#1"},"up":{"uv":[4,11,4.75,12],"rotation":90,"texture":"#1"},"down":{"uv":[11,3,11.75,4],"rotation":90,"texture":"#1"}}},{"from":[7.42256,14.09278,7.6],"to":[8.22256,14.89278,8.4],"rotation":{"angle":-22.5,"axis":"z","origin":[8,11.87464,8]},"faces":{"north":{"uv":[2,10,3,11],"texture":"#1"},"east":{"uv":[3,10,4,11],"texture":"#1"},"south":{"uv":[4,10,5,11],"texture":"#1"},"west":{"uv":[10,7,11,8],"texture":"#1"},"up":{"uv":[9,11,8,10],"texture":"#1"},"down":{"uv":[11,8,10,9],"texture":"#1"}}},{"from":[10.15094,11.4405,7.72],"to":[10.71094,12.8405,8.28],"rotation":{"angle":45,"axis":"z","origin":[8,11.87464,8]},"faces":{"north":{"uv":[6,4,7.75,4.75],"rotation":270,"texture":"#1"},"east":{"uv":[8.75,1.75,7,1],"rotation":90,"texture":"#1"},"south":{"uv":[7,0,8.75,0.75],"rotation":90,"texture":"#1"},"west":{"uv":[3.75,7,2,7.75],"rotation":90,"texture":"#1"},"up":{"uv":[12,6,12.75,6.75],"rotation":90,"texture":"#1"},"down":{"uv":[6,12,6.75,12.75],"rotation":90,"texture":"#1"}}},{"from":[8.15054,12.90918,7.72],"to":[8.71054,14.30918,8.28],"rotation":{"angle":-45,"axis":"z","origin":[8,11.87464,8]},"faces":{"north":{"uv":[7.75,4,6,4.75],"rotation":270,"texture":"#1"},"east":{"uv":[7,1.75,8.75,1],"rotation":90,"texture":"#1"},"south":{"uv":[8.75,0,7,0.75],"rotation":90,"texture":"#1"},"west":{"uv":[2,7,3.75,7.75],"rotation":90,"texture":"#1"},"up":{"uv":[6.75,12,6,12.75],"rotation":90,"texture":"#1"},"down":{"uv":[12.75,6,12,6.75],"rotation":90,"texture":"#1"}}},{"from":[8.50516,11.47015,7.6],"to":[9.30516,12.27015,8.4],"rotation":{"angle":22.5,"axis":"z","origin":[8,11.87464,8]},"faces":{"north":{"uv":[2,11,3,10],"texture":"#1"},"east":{"uv":[3,11,4,10],"texture":"#1"},"south":{"uv":[4,11,5,10],"texture":"#1"},"west":{"uv":[10,8,11,7],"texture":"#1"},"up":{"uv":[11,9,10,8],"texture":"#1"},"down":{"uv":[9,10,8,11],"texture":"#1"}}},{"from":[9.62998,12.47543,7.6],"to":[11.22998,14.07543,8.4],"rotation":{"angle":0,"axis":"y","origin":[8,11.87464,8]},"faces":{"north":{"uv":[0,0,2,2],"rotation":270,"texture":"#1"},"east":{"uv":[4,5,2,4],"rotation":90,"texture":"#1"},"south":{"uv":[0,2,2,4],"rotation":90,"texture":"#1"},"west":{"uv":[6,4,4,5],"rotation":90,"texture":"#1"},"up":{"uv":[1,4,2,6],"rotation":90,"texture":"#1"},"down":{"uv":[0,4,1,6],"rotation":90,"texture":"#1"}}},{"from":[7.77744,14.09278,7.6],"to":[8.57744,14.89278,8.4],"rotation":{"angle":22.5,"axis":"z","origin":[8,11.87464,8]},"faces":{"north":{"uv":[3,10,2,11],"texture":"#1"},"east":{"uv":[11,7,10,8],"texture":"#1"},"south":{"uv":[5,10,4,11],"texture":"#1"},"west":{"uv":[4,10,3,11],"texture":"#1"},"up":{"uv":[8,11,9,10],"texture":"#1"},"down":{"uv":[10,8,11,9],"texture":"#1"}}},{"from":[5.28906,11.4405,7.72],"to":[5.84906,12.8405,8.28],"rotation":{"angle":-45,"axis":"z","origin":[8,11.87464,8]},"faces":{"north":{"uv":[6,4.75,7.75,4],"rotation":270,"texture":"#1"},"east":{"uv":[3.75,7.75,2,7],"rotation":90,"texture":"#1"},"south":{"uv":[7,0.75,8.75,0],"rotation":90,"texture":"#1"},"west":{"uv":[8.75,1,7,1.75],"rotation":90,"texture":"#1"},"up":{"uv":[12,6.75,12.75,6],"rotation":90,"texture":"#1"},"down":{"uv":[6,12.75,6.75,12],"rotation":90,"texture":"#1"}}},{"from":[7.28946,12.90918,7.72],"to":[7.84946,14.30918,8.28],"rotation":{"angle":45,"axis":"z","origin":[8,11.87464,8]},"faces":{"north":{"uv":[7.75,4.75,6,4],"rotation":270,"texture":"#1"},"east":{"uv":[2,7.75,3.75,7],"rotation":90,"texture":"#1"},"south":{"uv":[8.75,0.75,7,0],"rotation":90,"texture":"#1"},"west":{"uv":[7,1,8.75,1.75],"rotation":90,"texture":"#1"},"up":{"uv":[6.75,12.75,6,12],"rotation":90,"texture":"#1"},"down":{"uv":[12.75,6.75,12,6],"rotation":90,"texture":"#1"}}},{"from":[6.69484,11.47015,7.6],"to":[7.49484,12.27015,8.4],"rotation":{"angle":-22.5,"axis":"z","origin":[8,11.87464,8]},"faces":{"north":{"uv":[3,11,2,10],"texture":"#1"},"east":{"uv":[11,8,10,7],"texture":"#1"},"south":{"uv":[5,11,4,10],"texture":"#1"},"west":{"uv":[4,11,3,10],"texture":"#1"},"up":{"uv":[10,9,11,8],"texture":"#1"},"down":{"uv":[8,10,9,11],"texture":"#1"}}},{"from":[4.77002,12.47543,7.6],"to":[6.37002,14.07543,8.4],"rotation":{"angle":0,"axis":"y","origin":[8,11.87464,8]},"faces":{"north":{"uv":[0,2,2,0],"rotation":270,"texture":"#1"},"east":{"uv":[6,5,4,4],"rotation":90,"texture":"#1"},"south":{"uv":[0,4,2,2],"rotation":90,"texture":"#1"},"west":{"uv":[4,4,2,5],"rotation":90,"texture":"#1"},"up":{"uv":[1,6,2,4],"rotation":90,"texture":"#1"},"down":{"uv":[0,6,1,4],"rotation":90,"texture":"#1"}}}],"gui_light":"front","display":{"thirdperson_righthand":{"rotation":[0,90,0],"translation":[0,6.75,3]},"thirdperson_lefthand":{"rotation":[0,90,0],"translation":[0,6.75,2.25]},"firstperson_righthand":{"rotation":[-12.5,90,0],"translation":[11,4.25,-8.5],"scale":[1.15234,1.15234,1.15234]},"firstperson_lefthand":{"rotation":[-12.5,90,0],"translation":[11,4.25,-8.5],"scale":[1.15234,1.15234,1.15234]},"ground":{"rotation":[0,0,-20],"translation":[0,14,0],"scale":[0.8,0.8,0.8]},"gui":{"rotation":[0,0,45],"translation":[-0.75,0.75,0],"scale":[0.48633,0.48633,0.48633]},"head":{"rotation":[0,0,-180],"translation":[0,37.25,0],"scale":[0,0,0]},"fixed":{"translation":[0,8.5,-2],"scale":[1.8125,1.8125,1.8125]}}}