{"credit":"MadewithBlockbench","textures":{"1":"elitecreatures:fallen_angel/fallen_angel_eff01","2":"elitecreatures:fallen_angel/fallen_angel_eff02","3":"elitecreatures:fallen_angel/fallen_angel_chest","4":"elitecreatures:fallen_angel/fallen_angel_eff03","particle":"elitecreatures:fallen_angel/fallen_angel_eff01"},"elements":[{"from":[12.5,14.9975,12.11684],"to":[15.5,17.9975,15.11684],"rotation":{"angle":-22.5,"axis":"x","origin":[8,7.875,13.6275]},"faces":{"north":{"uv":[7.5,12.75,6.75,13.5],"rotation":180,"texture":"#3"},"east":{"uv":[2.25,12.75,3,13.5],"rotation":270,"texture":"#3"},"south":{"uv":[6.75,13.5,6,12.75],"texture":"#3"},"west":{"uv":[12.75,3.25,13.5,4],"rotation":90,"texture":"#3"},"up":{"uv":[12.75,1.75,13.5,2.5],"rotation":180,"texture":"#3"},"down":{"uv":[12.75,2.5,13.5,3.25],"texture":"#3"}}},{"from":[1.25,6.7475,12.46684],"to":[14.75,17.2475,14.76684],"rotation":{"angle":-22.5,"axis":"x","origin":[8,7.875,13.6275]},"faces":{"north":{"uv":[3.375,2.75,0,5.375],"rotation":180,"texture":"#3"},"east":{"uv":[9.5,7.25,12.125,7.875],"rotation":270,"texture":"#3"},"south":{"uv":[3.375,2.625,0,0],"texture":"#3"},"west":{"uv":[9.5,8,12.125,8.625],"rotation":90,"texture":"#3"},"up":{"uv":[4.5,9,7.875,9.625],"rotation":180,"texture":"#3"},"down":{"uv":[8,9,11.375,9.625],"texture":"#3"}}},{"from":[6.2,16.4075,11.9585],"to":[9.8,17.6075,15.5585],"rotation":{"angle":-22.5,"axis":"x","origin":[8,7.875,13.6275]},"faces":{"north":{"uv":[10.375,8.75,9.5,9],"rotation":180,"texture":"#3"},"east":{"uv":[2.25,10.75,2.5,11.625],"rotation":270,"texture":"#3"},"south":{"uv":[3.875,9.75,3,9.5],"texture":"#3"},"west":{"uv":[6.25,10.75,6.5,11.625],"rotation":90,"texture":"#3"},"up":{"uv":[5.25,10.75,6.125,11.625],"rotation":180,"texture":"#3"},"down":{"uv":[7.5,10.75,8.375,11.625],"texture":"#3"}}},{"from":[0.5,14.9975,12.11684],"to":[3.5,17.9975,15.11684],"rotation":{"angle":-22.5,"axis":"x","origin":[8,7.875,13.6275]},"faces":{"north":{"uv":[13.5,1,12.75,1.75],"rotation":180,"texture":"#3"},"east":{"uv":[12.5,6,13.25,6.75],"rotation":270,"texture":"#3"},"south":{"uv":[12.75,13.25,12,12.5],"texture":"#3"},"west":{"uv":[11.25,12.5,12,13.25],"rotation":90,"texture":"#3"},"up":{"uv":[12.5,5.25,13.25,6],"rotation":180,"texture":"#3"},"down":{"uv":[7.5,12.5,8.25,13.25],"texture":"#3"}}},{"from":[0.9,15.3975,15.11684],"to":[3.1,17.5975,16.61684],"rotation":{"angle":-22.5,"axis":"x","origin":[8,7.875,13.6275]},"faces":{"north":{"uv":[14,10.75,13.5,11.25],"rotation":180,"texture":"#3"},"east":{"uv":[14,2.5,14.5,2.875],"rotation":270,"texture":"#3"},"south":{"uv":[14,10.75,13.5,10.25],"texture":"#3"},"west":{"uv":[14,3,14.5,3.375],"rotation":90,"texture":"#3"},"up":{"uv":[14,2,14.5,2.375],"rotation":180,"texture":"#3"},"down":{"uv":[2.75,14,3.25,14.375],"texture":"#3"}}},{"from":[0.9,14.66363,8.86644],"to":[3.1,16.86363,11.86644],"rotation":{"angle":22.5,"axis":"x","origin":[8,7.875,13.6275]},"faces":{"north":{"uv":[14.25,3.75,13.75,4.25],"rotation":180,"texture":"#3"},"east":{"uv":[3.5,13.25,4,14],"rotation":270,"texture":"#3"},"south":{"uv":[14.25,0.5,13.75,0],"texture":"#3"},"west":{"uv":[13.25,4,13.75,4.75],"rotation":90,"texture":"#3"},"up":{"uv":[3,13.25,3.5,14],"rotation":180,"texture":"#3"},"down":{"uv":[4,13.25,4.5,14],"texture":"#3"}}},{"from":[0.9,8.5475,16.53816],"to":[3.1,15.4475,18.73816],"rotation":{"angle":-22.5,"axis":"x","origin":[8,7.875,13.6275]},"faces":{"north":{"uv":[3,10.25,2.5,12],"rotation":180,"texture":"#3"},"east":{"uv":[4.5,8.5,6.25,9],"rotation":270,"texture":"#3"},"south":{"uv":[3.5,7.25,3,5.5],"texture":"#3"},"west":{"uv":[0,9,1.75,9.5],"rotation":90,"texture":"#3"},"up":{"uv":[8,13.5,8.5,14],"rotation":180,"texture":"#3"},"down":{"uv":[8.5,13.5,9,14],"texture":"#3"}}},{"from":[12.9,14.66363,8.86644],"to":[15.1,16.86363,11.86644],"rotation":{"angle":22.5,"axis":"x","origin":[8,7.875,13.6275]},"faces":{"north":{"uv":[14,12.75,13.5,13.25],"rotation":180,"texture":"#3"},"east":{"uv":[0.75,13.25,1.25,14],"rotation":270,"texture":"#3"},"south":{"uv":[14,12.75,13.5,12.25],"texture":"#3"},"west":{"uv":[1.75,13.25,2.25,14],"rotation":90,"texture":"#3"},"up":{"uv":[6,7.5,6.5,8.25],"rotation":180,"texture":"#3"},"down":{"uv":[1.25,13.25,1.75,14],"texture":"#3"}}},{"from":[12.9,8.5475,16.53816],"to":[15.1,15.4475,18.73816],"rotation":{"angle":-22.5,"axis":"x","origin":[8,7.875,13.6275]},"faces":{"north":{"uv":[7.5,10.25,7,12],"rotation":180,"texture":"#3"},"east":{"uv":[3,10.25,4.75,10.75],"rotation":270,"texture":"#3"},"south":{"uv":[7,12,6.5,10.25],"texture":"#3"},"west":{"uv":[4.75,10.25,6.5,10.75],"rotation":90,"texture":"#3"},"up":{"uv":[13.5,8.75,14,9.25],"rotation":180,"texture":"#3"},"down":{"uv":[9,13.5,9.5,14],"texture":"#3"}}},{"from":[6.9,15.3975,15.11684],"to":[9.1,17.3475,16.51684],"rotation":{"angle":-22.5,"axis":"x","origin":[8,7.875,13.6275]},"faces":{"north":{"uv":[14.25,13.25,13.75,13.75],"rotation":180,"texture":"#3"},"east":{"uv":[14,8.75,14.5,9.125],"rotation":270,"texture":"#3"},"south":{"uv":[11,14.25,10.5,13.75],"texture":"#3"},"west":{"uv":[14,9.25,14.5,9.625],"rotation":90,"texture":"#3"},"up":{"uv":[8.75,14,9.25,14.375],"rotation":180,"texture":"#3"},"down":{"uv":[9.25,14,9.75,14.375],"texture":"#3"}}},{"from":[6.9,14.66363,8.96644],"to":[9.1,16.61363,11.76644],"rotation":{"angle":22.5,"axis":"x","origin":[8,7.875,13.6275]},"faces":{"north":{"uv":[0.5,14,0,14.5],"rotation":180,"texture":"#3"},"east":{"uv":[12.75,13.25,13.25,14],"rotation":270,"texture":"#3"},"south":{"uv":[14.25,14.25,13.75,13.75],"texture":"#3"},"west":{"uv":[13.5,0.75,14,1.5],"rotation":90,"texture":"#3"},"up":{"uv":[12.25,13.25,12.75,14],"rotation":180,"texture":"#3"},"down":{"uv":[13.25,13.25,13.75,14],"texture":"#3"}}},{"from":[6.9,8.6475,16.53816],"to":[9.1,15.3475,18.48816],"rotation":{"angle":-22.5,"axis":"x","origin":[8,7.875,13.6275]},"faces":{"north":{"uv":[5.25,10.75,4.75,12.375],"rotation":180,"texture":"#3"},"east":{"uv":[0,10.75,1.625,11.25],"rotation":270,"texture":"#3"},"south":{"uv":[2.25,12.375,1.75,10.75],"texture":"#3"},"west":{"uv":[3,10.75,4.625,11.25],"rotation":90,"texture":"#3"},"up":{"uv":[0.5,14,1,14.5],"rotation":180,"texture":"#3"},"down":{"uv":[14,0.5,14.5,1],"texture":"#3"}}},{"from":[2,13.73226,9.1907],"to":[14,15.98226,11.3907],"rotation":{"angle":22.5,"axis":"x","origin":[8,7.875,13.6275]},"faces":{"north":{"uv":[12.5,5,9.5,5.625],"rotation":180,"texture":"#3"},"east":{"uv":[2.25,8,2.875,8.5],"rotation":270,"texture":"#3"},"south":{"uv":[3,10.125,0,9.5],"texture":"#3"},"west":{"uv":[13,8.25,13.625,8.75],"rotation":90,"texture":"#3"},"up":{"uv":[6.75,4,9.75,4.5],"rotation":180,"texture":"#3"},"down":{"uv":[9.75,3,12.75,3.5],"texture":"#3"}}},{"from":[2,7.2475,14.11684],"to":[14,16.7475,16.21684],"rotation":{"angle":-22.5,"axis":"x","origin":[8,7.875,13.6275]},"faces":{"north":{"uv":[3,5.5,0,7.875],"rotation":180,"texture":"#3"},"east":{"uv":[8.5,9.75,10.875,10.25],"rotation":270,"texture":"#3"},"south":{"uv":[6.5,7.375,3.5,5],"texture":"#3"},"west":{"uv":[0,10.25,2.375,10.75],"rotation":90,"texture":"#3"},"up":{"uv":[6.75,4.5,9.75,5],"rotation":180,"texture":"#3"},"down":{"uv":[6.75,4.5,9.75,5],"texture":"#3"}}},{"from":[2,8.7975,16.06684],"to":[14,15.1975,17.81684],"rotation":{"angle":-22.5,"axis":"x","origin":[8,7.875,13.6275]},"faces":{"north":{"uv":[9.5,7.25,6.5,8.875],"rotation":180,"texture":"#3"},"east":{"uv":[7.5,10.25,9.125,10.75],"rotation":270,"texture":"#3"},"south":{"uv":[9.75,3.875,6.75,2.25],"texture":"#3"},"west":{"uv":[9.25,10.25,10.875,10.75],"rotation":90,"texture":"#3"},"up":{"uv":[9.75,2,12.75,2.5],"rotation":180,"texture":"#3"},"down":{"uv":[9.75,2.5,12.75,3],"texture":"#3"}}},{"from":[2,9.2683,13.65466],"to":[14,11.4683,15.90466],"rotation":{"angle":22.5,"axis":"x","origin":[8,7.875,13.6275]},"faces":{"north":{"uv":[9.75,3.5,12.75,4],"texture":"#3"},"east":{"uv":[13.25,6.25,13.875,6.75],"texture":"#3"},"south":{"uv":[6.75,4,9.75,4.5],"texture":"#3"},"west":{"uv":[6,13.5,6.625,14],"texture":"#3"},"up":{"uv":[12.5,6.375,9.5,5.75],"texture":"#3"},"down":{"uv":[12.5,6.5,9.5,7.125],"texture":"#3"}}},{"from":[0.9,8.94403,14.58603],"to":[3.1,11.94403,16.78603],"rotation":{"angle":22.5,"axis":"x","origin":[8,7.875,13.6275]},"faces":{"north":{"uv":[4.5,13.25,5,14],"texture":"#3"},"east":{"uv":[13.25,4.75,13.75,5.5],"texture":"#3"},"south":{"uv":[5,13.25,5.5,14],"texture":"#3"},"west":{"uv":[5.5,13.25,6,14],"texture":"#3"},"up":{"uv":[14.25,4.75,13.75,4.25],"texture":"#3"},"down":{"uv":[14.25,4.75,13.75,5.25],"texture":"#3"}}},{"from":[0.9,6.3975,15.11684],"to":[3.1,8.5975,16.61684],"rotation":{"angle":-22.5,"axis":"x","origin":[8,7.875,13.6275]},"faces":{"north":{"uv":[14.25,7.25,13.75,7.75],"rotation":180,"texture":"#3"},"east":{"uv":[5.75,14,6.25,14.375],"rotation":270,"texture":"#3"},"south":{"uv":[14.25,7.25,13.75,6.75],"texture":"#3"},"west":{"uv":[14,6.25,14.5,6.625],"rotation":90,"texture":"#3"},"up":{"uv":[5.25,14,5.75,14.375],"rotation":180,"texture":"#3"},"down":{"uv":[6.25,14,6.75,14.375],"texture":"#3"}}},{"from":[12.9,8.94403,14.58603],"to":[15.1,11.94403,16.78603],"rotation":{"angle":22.5,"axis":"x","origin":[8,7.875,13.6275]},"faces":{"north":{"uv":[13.25,5.5,13.75,6.25],"texture":"#3"},"east":{"uv":[7.5,13.25,8,14],"texture":"#3"},"south":{"uv":[11.25,13.25,11.75,14],"texture":"#3"},"west":{"uv":[11.75,13.25,12.25,14],"texture":"#3"},"up":{"uv":[14.25,5.75,13.75,5.25],"texture":"#3"},"down":{"uv":[14.25,5.75,13.75,6.25],"texture":"#3"}}},{"from":[12.9,6.3975,15.11684],"to":[15.1,8.5975,16.61684],"rotation":{"angle":-22.5,"axis":"x","origin":[8,7.875,13.6275]},"faces":{"north":{"uv":[14.25,8.25,13.75,8.75],"rotation":180,"texture":"#3"},"east":{"uv":[7.25,14,7.75,14.375],"rotation":270,"texture":"#3"},"south":{"uv":[14.25,8.25,13.75,7.75],"texture":"#3"},"west":{"uv":[8.25,14,8.75,14.375],"rotation":90,"texture":"#3"},"up":{"uv":[6.75,14,7.25,14.375],"rotation":180,"texture":"#3"},"down":{"uv":[7.75,14,8.25,14.375],"texture":"#3"}}},{"from":[0.5,5.9975,12.11684],"to":[3.5,8.9975,15.11684],"rotation":{"angle":-22.5,"axis":"x","origin":[8,7.875,13.6275]},"faces":{"north":{"uv":[13.5,1,12.75,1.75],"rotation":180,"texture":"#3"},"east":{"uv":[12.5,6,13.25,6.75],"rotation":270,"texture":"#3"},"south":{"uv":[12.75,13.25,12,12.5],"texture":"#3"},"west":{"uv":[11.25,12.5,12,13.25],"rotation":90,"texture":"#3"},"up":{"uv":[12.5,5.25,13.25,6],"rotation":180,"texture":"#3"},"down":{"uv":[7.5,12.5,8.25,13.25],"texture":"#3"}}},{"from":[12.5,5.9975,12.11684],"to":[15.5,8.9975,15.11684],"rotation":{"angle":-22.5,"axis":"x","origin":[8,7.875,13.6275]},"faces":{"north":{"uv":[7.5,12.75,6.75,13.5],"rotation":180,"texture":"#3"},"east":{"uv":[2.25,12.75,3,13.5],"rotation":270,"texture":"#3"},"south":{"uv":[6.75,13.5,6,12.75],"texture":"#3"},"west":{"uv":[12.75,3.25,13.5,4],"rotation":90,"texture":"#3"},"up":{"uv":[12.75,1.75,13.5,2.5],"rotation":180,"texture":"#3"},"down":{"uv":[12.75,2.5,13.5,3.25],"texture":"#3"}}},{"from":[12.9,15.3975,15.11684],"to":[15.1,17.5975,16.61684],"rotation":{"angle":-22.5,"axis":"x","origin":[8,7.875,13.6275]},"faces":{"north":{"uv":[14,11.75,13.5,12.25],"rotation":180,"texture":"#3"},"east":{"uv":[3.75,14,4.25,14.375],"rotation":270,"texture":"#3"},"south":{"uv":[14,11.75,13.5,11.25],"texture":"#3"},"west":{"uv":[4.75,14,5.25,14.375],"rotation":90,"texture":"#3"},"up":{"uv":[3.25,14,3.75,14.375],"rotation":180,"texture":"#3"},"down":{"uv":[4.25,14,4.75,14.375],"texture":"#3"}}},{"from":[6.9,9.04403,14.58603],"to":[9.1,11.84403,16.53603],"rotation":{"angle":22.5,"axis":"x","origin":[8,7.875,13.6275]},"faces":{"north":{"uv":[13.5,1.5,14,2.25],"texture":"#3"},"east":{"uv":[2.25,13.5,2.75,14.25],"texture":"#3"},"south":{"uv":[13.5,2.25,14,3],"texture":"#3"},"west":{"uv":[13.5,3,14,3.75],"texture":"#3"},"up":{"uv":[1.5,14.5,1,14],"texture":"#3"},"down":{"uv":[14.5,1,14,1.5],"texture":"#3"}}},{"from":[6.9,6.6475,15.11684],"to":[9.1,8.5975,16.51684],"rotation":{"angle":-22.5,"axis":"x","origin":[8,7.875,13.6275]},"faces":{"north":{"uv":[14.5,1.5,14,2],"rotation":180,"texture":"#3"},"east":{"uv":[14,9.75,14.5,10.125],"rotation":270,"texture":"#3"},"south":{"uv":[2,14.5,1.5,14],"texture":"#3"},"west":{"uv":[14,10.75,14.5,11.125],"rotation":90,"texture":"#3"},"up":{"uv":[9.75,14,10.25,14.375],"rotation":180,"texture":"#3"},"down":{"uv":[14,10.25,14.5,10.625],"texture":"#3"}}},{"from":[7,17.6525,12.76255],"to":[9,17.6525,15.76255],"rotation":{"angle":-22.5,"axis":"x","origin":[8,7.875,13.6275]},"faces":{"north":{"uv":[0,0,9,1],"texture":"#4"},"east":{"uv":[1,9,0,0],"rotation":90,"texture":"#4"},"south":{"uv":[0,0,9,1],"rotation":180,"texture":"#4"},"west":{"uv":[1,9,0,0],"rotation":270,"texture":"#4"},"up":{"uv":[16,0,0,16],"rotation":180,"texture":"#4"},"down":{"uv":[0,0,16,16],"texture":"#4"}}},{"from":[8.76956,18.2525,12.09399],"to":[12.76956,18.2525,16.09399],"rotation":{"angle":-22.5,"axis":"x","origin":[8,7.875,13.6275]},"faces":{"north":{"uv":[0,1,9,0],"rotation":180,"texture":"#2"},"east":{"uv":[0,9,1,0],"rotation":270,"texture":"#2"},"south":{"uv":[0,1,9,0],"texture":"#2"},"west":{"uv":[0,9,1,0],"rotation":90,"texture":"#2"},"up":{"uv":[16,0,0,16],"texture":"#2"},"down":{"uv":[0,0,16,16],"rotation":180,"texture":"#2"}}},{"from":[3.23044,18.2525,12.09399],"to":[7.23044,18.2525,16.09399],"rotation":{"angle":-22.5,"axis":"x","origin":[8,7.875,13.6275]},"faces":{"north":{"uv":[9,1,0,0],"rotation":180,"texture":"#2"},"east":{"uv":[1,9,0,0],"rotation":270,"texture":"#2"},"south":{"uv":[9,1,0,0],"texture":"#2"},"west":{"uv":[1,9,0,0],"rotation":90,"texture":"#2"},"up":{"uv":[0,0,16,16],"texture":"#2"},"down":{"uv":[16,0,0,16],"rotation":180,"texture":"#2"}}},{"from":[2,2.86434,4.005],"to":[14,6.86434,13.005],"rotation":{"angle":0,"axis":"y","origin":[8,7,8]},"faces":{"north":{"uv":[6.75,4,9.75,5],"texture":"#3"},"east":{"uv":[7.125,4,9.375,5],"texture":"#3"},"south":{"uv":[6.75,4,9.75,5],"texture":"#3"},"west":{"uv":[7.125,4,9.375,5],"texture":"#3"},"up":{"uv":[9.5,7.25,6.5,5],"texture":"#3"},"down":{"uv":[9.75,0,6.75,2.25],"texture":"#3"}}},{"from":[12.65,2.61434,3.155],"to":[14.85,7.61434,5.355],"rotation":{"angle":0,"axis":"y","origin":[8,7,8]},"faces":{"north":{"uv":[8.5,10.75,9,12],"texture":"#3"},"east":{"uv":[9,10.75,9.5,12],"texture":"#3"},"south":{"uv":[9.5,10.75,10,12],"texture":"#3"},"west":{"uv":[10,10.75,10.5,12],"texture":"#3"},"up":{"uv":[2.25,9.5,1.75,9],"texture":"#3"},"down":{"uv":[13,6.75,12.5,7.25],"texture":"#3"}}},{"from":[1.15,2.61434,3.155],"to":[3.35,7.61434,5.355],"rotation":{"angle":0,"axis":"y","origin":[8,7,8]},"faces":{"north":{"uv":[10.5,10.75,11,12],"texture":"#3"},"east":{"uv":[11,9.75,11.5,11],"texture":"#3"},"south":{"uv":[11,11,11.5,12.25],"texture":"#3"},"west":{"uv":[0,11.25,0.5,12.5],"texture":"#3"},"up":{"uv":[13.25,4.5,12.75,4],"texture":"#3"},"down":{"uv":[7.25,13.5,6.75,14],"texture":"#3"}}},{"from":[12.65,2.61434,11.655],"to":[14.85,7.61434,13.855],"rotation":{"angle":0,"axis":"y","origin":[8,7,8]},"faces":{"north":{"uv":[0.5,11.25,1,12.5],"texture":"#3"},"east":{"uv":[1,11.25,1.5,12.5],"texture":"#3"},"south":{"uv":[3,11.25,3.5,12.5],"texture":"#3"},"west":{"uv":[3.5,11.25,4,12.5],"texture":"#3"},"up":{"uv":[14,9.75,13.5,9.25],"texture":"#3"},"down":{"uv":[10,13.5,9.5,14],"texture":"#3"}}},{"from":[1.15,2.61434,11.655],"to":[3.35,7.61434,13.855],"rotation":{"angle":0,"axis":"y","origin":[8,7,8]},"faces":{"north":{"uv":[4,11.25,4.5,12.5],"texture":"#3"},"east":{"uv":[11.5,8.75,12,10],"texture":"#3"},"south":{"uv":[11.5,10,12,11.25],"texture":"#3"},"west":{"uv":[11.5,11.25,12,12.5],"texture":"#3"},"up":{"uv":[14,10.25,13.5,9.75],"texture":"#3"},"down":{"uv":[10.5,13.5,10,14],"texture":"#3"}}},{"from":[1.5,1.11434,3.505],"to":[14.5,3.11434,13.505],"rotation":{"angle":0,"axis":"y","origin":[8,2.11434,8.505]},"faces":{"north":{"uv":[9.75,0,13,0.5],"texture":"#3"},"east":{"uv":[9.75,4.5,12.25,5],"texture":"#3"},"south":{"uv":[9.75,0.5,13,1],"texture":"#3"},"west":{"uv":[6,9.75,8.5,10.25],"texture":"#3"},"up":{"uv":[6.75,2.5,3.5,0],"texture":"#3"},"down":{"uv":[6.75,2.5,3.5,5],"texture":"#3"}}},{"from":[1.5,6.11434,3.505],"to":[14.5,8.11434,13.505],"rotation":{"angle":0,"axis":"y","origin":[8,2.11434,8.505]},"faces":{"north":{"uv":[9.75,0,13,0.5],"texture":"#3"},"east":{"uv":[9.75,4.5,12.25,5],"texture":"#3"},"south":{"uv":[9.75,0.5,13,1],"texture":"#3"},"west":{"uv":[6,9.75,8.5,10.25],"texture":"#3"},"up":{"uv":[6.75,2.5,3.5,0],"texture":"#3"},"down":{"uv":[6.75,2.5,3.5,5],"texture":"#3"}}},{"from":[12.25,0.61434,2.755],"to":[15.25,3.61434,5.755],"rotation":{"angle":0,"axis":"y","origin":[8,7,8]},"faces":{"north":{"uv":[5.25,11.75,6,12.5],"texture":"#3"},"east":{"uv":[7.5,11.75,8.25,12.5],"texture":"#3"},"south":{"uv":[2.25,12,3,12.75],"texture":"#3"},"west":{"uv":[6,12,6.75,12.75],"texture":"#3"},"up":{"uv":[7.5,12.75,6.75,12],"texture":"#3"},"down":{"uv":[9,12,8.25,12.75],"texture":"#3"}}},{"from":[0.75,0.61434,2.755],"to":[3.75,3.61434,5.755],"rotation":{"angle":0,"axis":"y","origin":[8,7,8]},"faces":{"north":{"uv":[12,8.75,12.75,9.5],"texture":"#3"},"east":{"uv":[9,12,9.75,12.75],"texture":"#3"},"south":{"uv":[12,9.5,12.75,10.25],"texture":"#3"},"west":{"uv":[9.75,12,10.5,12.75],"texture":"#3"},"up":{"uv":[12.75,11,12,10.25],"texture":"#3"},"down":{"uv":[12.75,11,12,11.75],"texture":"#3"}}},{"from":[12.25,0.61434,11.255],"to":[15.25,3.61434,14.255],"rotation":{"angle":0,"axis":"y","origin":[8,7,8]},"faces":{"north":{"uv":[5.25,11.75,6,12.5],"texture":"#3"},"east":{"uv":[7.5,11.75,8.25,12.5],"texture":"#3"},"south":{"uv":[2.25,12,3,12.75],"texture":"#3"},"west":{"uv":[6,12,6.75,12.75],"texture":"#3"},"up":{"uv":[7.5,12.75,6.75,12],"texture":"#3"},"down":{"uv":[9,12,8.25,12.75],"texture":"#3"}}},{"from":[0.75,0.61434,11.255],"to":[3.75,3.61434,14.255],"rotation":{"angle":0,"axis":"y","origin":[8,7,8]},"faces":{"north":{"uv":[12,8.75,12.75,9.5],"texture":"#3"},"east":{"uv":[9,12,9.75,12.75],"texture":"#3"},"south":{"uv":[12,9.5,12.75,10.25],"texture":"#3"},"west":{"uv":[9.75,12,10.5,12.75],"texture":"#3"},"up":{"uv":[12.75,11,12,10.25],"texture":"#3"},"down":{"uv":[12.75,11,12,11.75],"texture":"#3"}}},{"from":[11.23044,-1.65851,2.25],"to":[17.23044,4.34149,2.25],"rotation":{"angle":0,"axis":"z","origin":[-9.76956,14.84149,8.25]},"faces":{"north":{"uv":[16,16,0,0],"rotation":270,"texture":"#1"},"east":{"uv":[0,0,9,1],"rotation":270,"texture":"#1"},"south":{"uv":[0,16,16,0],"rotation":90,"texture":"#1"},"west":{"uv":[0,0,9,1],"rotation":270,"texture":"#1"},"up":{"uv":[0,0,1,9],"rotation":270,"texture":"#1"},"down":{"uv":[0,0,1,9],"rotation":270,"texture":"#1"}}},{"from":[-1.23044,-1.65851,2.25],"to":[4.76956,4.34149,2.25],"rotation":{"angle":0,"axis":"z","origin":[25.76956,14.84149,8.25]},"faces":{"north":{"uv":[16,0,0,16],"rotation":270,"texture":"#1"},"east":{"uv":[0,1,9,0],"rotation":270,"texture":"#1"},"south":{"uv":[0,0,16,16],"rotation":90,"texture":"#1"},"west":{"uv":[0,1,9,0],"rotation":270,"texture":"#1"},"up":{"uv":[0,9,1,0],"rotation":270,"texture":"#1"},"down":{"uv":[0,9,1,0],"rotation":270,"texture":"#1"}}},{"from":[-1.23044,-1.65851,14.5],"to":[4.76956,4.34149,14.5],"rotation":{"angle":0,"axis":"z","origin":[25.76956,14.84149,7.75]},"faces":{"north":{"uv":[0,16,16,0],"rotation":90,"texture":"#1"},"east":{"uv":[0,0,9,1],"rotation":270,"texture":"#1"},"south":{"uv":[16,16,0,0],"rotation":270,"texture":"#1"},"west":{"uv":[0,0,9,1],"rotation":270,"texture":"#1"},"up":{"uv":[1,9,0,0],"rotation":270,"texture":"#1"},"down":{"uv":[1,9,0,0],"rotation":270,"texture":"#1"}}},{"from":[11.23044,-1.65851,14.5],"to":[17.23044,4.34149,14.5],"rotation":{"angle":0,"axis":"z","origin":[-9.76956,14.84149,7.75]},"faces":{"north":{"uv":[0,0,16,16],"rotation":90,"texture":"#1"},"east":{"uv":[0,1,9,0],"rotation":270,"texture":"#1"},"south":{"uv":[16,0,0,16],"rotation":270,"texture":"#1"},"west":{"uv":[0,1,9,0],"rotation":270,"texture":"#1"},"up":{"uv":[1,0,0,9],"rotation":270,"texture":"#1"},"down":{"uv":[1,0,0,9],"rotation":270,"texture":"#1"}}},{"from":[0.5,-1.65851,1.26956],"to":[0.5,4.34149,7.26956],"rotation":{"angle":0,"axis":"y","origin":[8,1.34149,14.5]},"faces":{"north":{"uv":[0,0,9,1],"rotation":270,"texture":"#1"},"east":{"uv":[0,16,16,0],"rotation":90,"texture":"#1"},"south":{"uv":[0,0,9,1],"rotation":270,"texture":"#1"},"west":{"uv":[16,16,0,0],"rotation":270,"texture":"#1"},"up":{"uv":[1,9,0,0],"texture":"#1"},"down":{"uv":[1,9,0,0],"rotation":180,"texture":"#1"}}},{"from":[0.5,-1.65851,9.73044],"to":[0.5,4.34149,15.73044],"rotation":{"angle":0,"axis":"y","origin":[8,1.34149,14.5]},"faces":{"north":{"uv":[0,1,9,0],"rotation":270,"texture":"#1"},"east":{"uv":[0,0,16,16],"rotation":90,"texture":"#1"},"south":{"uv":[0,1,9,0],"rotation":270,"texture":"#1"},"west":{"uv":[16,0,0,16],"rotation":270,"texture":"#1"},"up":{"uv":[1,0,0,9],"texture":"#1"},"down":{"uv":[1,0,0,9],"rotation":180,"texture":"#1"}}},{"from":[15.5,-1.65851,1.26956],"to":[15.5,4.34149,7.26956],"rotation":{"angle":0,"axis":"y","origin":[8,1.34149,14.5]},"faces":{"north":{"uv":[0,1,9,0],"rotation":270,"texture":"#1"},"east":{"uv":[16,0,0,16],"rotation":270,"texture":"#1"},"south":{"uv":[0,1,9,0],"rotation":270,"texture":"#1"},"west":{"uv":[0,0,16,16],"rotation":90,"texture":"#1"},"up":{"uv":[0,9,1,0],"texture":"#1"},"down":{"uv":[0,9,1,0],"rotation":180,"texture":"#1"}}},{"from":[15.5,-1.65851,9.73044],"to":[15.5,4.34149,15.73044],"rotation":{"angle":0,"axis":"y","origin":[8,1.34149,14.5]},"faces":{"north":{"uv":[0,0,9,1],"rotation":270,"texture":"#1"},"east":{"uv":[16,16,0,0],"rotation":270,"texture":"#1"},"south":{"uv":[0,0,9,1],"rotation":270,"texture":"#1"},"west":{"uv":[0,16,16,0],"rotation":90,"texture":"#1"},"up":{"uv":[0,0,1,9],"texture":"#1"},"down":{"uv":[0,0,1,9],"rotation":180,"texture":"#1"}}}],"gui_light":"front","display":{"thirdperson_righthand":{"rotation":[53,0,0],"scale":[0.3,0.3,0.3]},"thirdperson_lefthand":{"rotation":[47.25,0,0],"scale":[0.3,0.3,0.3]},"firstperson_righthand":{"rotation":[0,-180,0],"translation":[-9,6,0],"scale":[0.64961,0.64961,0.64961]},"firstperson_lefthand":{"rotation":[0,-180,0],"translation":[-9,6,0],"scale":[0.64961,0.64961,0.64961]},"ground":{"translation":[0,0.25,0],"scale":[0.5,0.5,0.5]},"gui":{"rotation":[16,133,0],"translation":[-1,-0.75,0],"scale":[0.6,0.6,0.6]},"head":{"translation":[0,-28.25,-0.75],"scale":[2.25,2.25,2.25]},"fixed":{"rotation":[-90,0,0],"translation":[0,-1.5,-24.25],"scale":[3.5,3.5,3.5]}}}