{"model":{"type":"range_dispatch","property":"custom_model_data","index":0,"fallback":{"type":"select","property":"trim_material","cases":[{"model":{"type":"model","model":"item/netherite_boots_quartz_trim"},"when":"quartz"},{"model":{"type":"model","model":"item/netherite_boots_iron_trim"},"when":"iron"},{"model":{"type":"model","model":"item/netherite_boots_netherite_trim"},"when":"netherite"},{"model":{"type":"model","model":"item/netherite_boots_redstone_trim"},"when":"redstone"},{"model":{"type":"model","model":"item/netherite_boots_copper_trim"},"when":"copper"},{"model":{"type":"model","model":"item/netherite_boots_gold_trim"},"when":"gold"},{"model":{"type":"model","model":"item/netherite_boots_emerald_trim"},"when":"emerald"},{"model":{"type":"model","model":"item/netherite_boots_diamond_trim"},"when":"diamond"},{"model":{"type":"model","model":"item/netherite_boots_lapis_trim"},"when":"lapis"},{"model":{"type":"model","model":"item/netherite_boots_amethyst_trim"},"when":"amethyst"},{"model":{"type":"model","model":"item/netherite_boots_resin_trim"},"when":"resin"}],"fallback":{"type":"model","model":"item/netherite_boots"}},"entries":[{"threshold":10000,"model":{"type":"model","property":"trim_material","cases":[{"model":{"type":"model","model":"item/netherite_boots_quartz_trim"},"when":"quartz"},{"model":{"type":"model","model":"item/netherite_boots_iron_trim"},"when":"iron"},{"model":{"type":"model","model":"item/netherite_boots_netherite_trim"},"when":"netherite"},{"model":{"type":"model","model":"item/netherite_boots_redstone_trim"},"when":"redstone"},{"model":{"type":"model","model":"item/netherite_boots_copper_trim"},"when":"copper"},{"model":{"type":"model","model":"item/netherite_boots_gold_trim"},"when":"gold"},{"model":{"type":"model","model":"item/netherite_boots_emerald_trim"},"when":"emerald"},{"model":{"type":"model","model":"item/netherite_boots_diamond_trim"},"when":"diamond"},{"model":{"type":"model","model":"item/netherite_boots_lapis_trim"},"when":"lapis"},{"model":{"type":"model","model":"item/netherite_boots_amethyst_trim"},"when":"amethyst"},{"model":{"type":"model","model":"item/netherite_boots_resin_trim"},"when":"resin"}],"fallback":{"type":"model","model":"item/netherite_boots"},"model":"plny_spectral_corsair:ia_auto_gen/plny_spectral_corsairboots"}},{"threshold":10001,"model":{"type":"model","property":"trim_material","cases":[{"model":{"type":"model","model":"item/netherite_boots_quartz_trim"},"when":"quartz"},{"model":{"type":"model","model":"item/netherite_boots_iron_trim"},"when":"iron"},{"model":{"type":"model","model":"item/netherite_boots_netherite_trim"},"when":"netherite"},{"model":{"type":"model","model":"item/netherite_boots_redstone_trim"},"when":"redstone"},{"model":{"type":"model","model":"item/netherite_boots_copper_trim"},"when":"copper"},{"model":{"type":"model","model":"item/netherite_boots_gold_trim"},"when":"gold"},{"model":{"type":"model","model":"item/netherite_boots_emerald_trim"},"when":"emerald"},{"model":{"type":"model","model":"item/netherite_boots_diamond_trim"},"when":"diamond"},{"model":{"type":"model","model":"item/netherite_boots_lapis_trim"},"when":"lapis"},{"model":{"type":"model","model":"item/netherite_boots_amethyst_trim"},"when":"amethyst"},{"model":{"type":"model","model":"item/netherite_boots_resin_trim"},"when":"resin"}],"fallback":{"type":"model","model":"item/netherite_boots"},"model":"item/netherite_boots"}}]}}