{"model":{"type":"range_dispatch","property":"custom_model_data","index":0,"fallback":{"cases":[{"model":{"type":"model","model":"item/netherite_helmet_quartz_trim"},"when":"quartz"},{"model":{"type":"model","model":"item/netherite_helmet_iron_trim"},"when":"iron"},{"model":{"type":"model","model":"item/netherite_helmet_netherite_trim"},"when":"netherite"},{"model":{"type":"model","model":"item/netherite_helmet_redstone_trim"},"when":"redstone"},{"model":{"type":"model","model":"item/netherite_helmet_copper_trim"},"when":"copper"},{"model":{"type":"model","model":"item/netherite_helmet_gold_trim"},"when":"gold"},{"model":{"type":"model","model":"item/netherite_helmet_emerald_trim"},"when":"emerald"},{"model":{"type":"model","model":"item/netherite_helmet_diamond_trim"},"when":"diamond"},{"model":{"type":"model","model":"item/netherite_helmet_lapis_trim"},"when":"lapis"},{"model":{"type":"model","model":"item/netherite_helmet_amethyst_trim"},"when":"amethyst"},{"model":{"type":"model","model":"item/netherite_helmet_resin_trim"},"when":"resin"}],"property":"trim_material","type":"select","fallback":{"type":"model","model":"item/netherite_helmet"}},"entries":[{"threshold":10001,"model":{"cases":[{"model":{"type":"model","model":"item/netherite_helmet_quartz_trim"},"when":"quartz"},{"model":{"type":"model","model":"item/netherite_helmet_iron_trim"},"when":"iron"},{"model":{"type":"model","model":"item/netherite_helmet_netherite_trim"},"when":"netherite"},{"model":{"type":"model","model":"item/netherite_helmet_redstone_trim"},"when":"redstone"},{"model":{"type":"model","model":"item/netherite_helmet_copper_trim"},"when":"copper"},{"model":{"type":"model","model":"item/netherite_helmet_gold_trim"},"when":"gold"},{"model":{"type":"model","model":"item/netherite_helmet_emerald_trim"},"when":"emerald"},{"model":{"type":"model","model":"item/netherite_helmet_diamond_trim"},"when":"diamond"},{"model":{"type":"model","model":"item/netherite_helmet_lapis_trim"},"when":"lapis"},{"model":{"type":"model","model":"item/netherite_helmet_amethyst_trim"},"when":"amethyst"},{"model":{"type":"model","model":"item/netherite_helmet_resin_trim"},"when":"resin"}],"property":"trim_material","type":"model","fallback":{"type":"model","model":"item/netherite_helmet"},"model":"plny_spectral_corsair:ia_auto_gen/plny_spectral_corsairhelmet"}},{"threshold":10002,"model":{"cases":[{"model":{"type":"model","model":"item/netherite_helmet_quartz_trim"},"when":"quartz"},{"model":{"type":"model","model":"item/netherite_helmet_iron_trim"},"when":"iron"},{"model":{"type":"model","model":"item/netherite_helmet_netherite_trim"},"when":"netherite"},{"model":{"type":"model","model":"item/netherite_helmet_redstone_trim"},"when":"redstone"},{"model":{"type":"model","model":"item/netherite_helmet_copper_trim"},"when":"copper"},{"model":{"type":"model","model":"item/netherite_helmet_gold_trim"},"when":"gold"},{"model":{"type":"model","model":"item/netherite_helmet_emerald_trim"},"when":"emerald"},{"model":{"type":"model","model":"item/netherite_helmet_diamond_trim"},"when":"diamond"},{"model":{"type":"model","model":"item/netherite_helmet_lapis_trim"},"when":"lapis"},{"model":{"type":"model","model":"item/netherite_helmet_amethyst_trim"},"when":"amethyst"},{"model":{"type":"model","model":"item/netherite_helmet_resin_trim"},"when":"resin"}],"property":"trim_material","type":"model","fallback":{"type":"model","model":"item/netherite_helmet"},"model":"item/netherite_helmet"}}]}}