{"model":{"type":"range_dispatch","property":"custom_model_data","index":0,"fallback":{"property":"using_item","on_true":{"base":"item/shield_blocking","type":"special","model":{"type":"shield"}},"type":"condition","on_false":{"model":{"type":"shield"},"base":"item/shield","type":"special"}},"entries":[{"threshold":10020,"model":{"property":"using_item","on_true":{"base":"item/shield_blocking","type":"model","model":"void_dragon_set:void_dragon_set/shield_blocking"},"type":"condition","on_false":{"model":"void_dragon_set:void_dragon_set/shield","base":"item/shield","type":"model"}}},{"threshold":10026,"model":{"property":"using_item","on_true":{"base":"item/shield_blocking","type":"model","model":"enderdragonset:shield_blocking"},"type":"condition","on_false":{"model":"enderdragonset:shield","base":"item/shield","type":"model"}}},{"threshold":10031,"model":{"property":"using_item","on_true":{"base":"item/shield_blocking","type":"model","model":"plny_spectral_corsair:shield_blocking"},"type":"condition","on_false":{"model":"plny_spectral_corsair:shield","base":"item/shield","type":"model"}}},{"threshold":10032,"model":{"property":"using_item","on_true":{"base":"item/shield_blocking","type":"special","model":{"type":"shield"}},"type":"condition","on_false":{"model":"item/shield","base":"item/shield","type":"model"}}}]}}