{
	"credit": "Made with Blockbench",
	"texture_size": [128, 128],
	"textures": {
		"0": "elitecreatures:thanks_giving_2023_v2/thanksgiving_texture_01",
		"particle": "elitecreatures:thanks_giving_2023_v2/thanksgiving_texture_01"
	},
	"elements": [
		{
			"from": [-0.75756, -3.9, 6.86622],
			"to": [7.24244, 16.1, 7.86622],
			"rotation": {"angle": 22.5, "axis": "y", "origin": [6.77281, 11.475, 8]},
			"faces": {
				"north": {"uv": [0, 11.5625, 1, 9.0625], "texture": "#0"},
				"east": {"uv": [1, 11.5625, 1.125, 9.0625], "texture": "#0"},
				"south": {"uv": [1, 11.5625, 0, 9.0625], "texture": "#0"},
				"west": {"uv": [1, 11.5625, 1.125, 9.0625], "texture": "#0"},
				"up": {"uv": [1.25, 10.0625, 1.125, 11.0625], "rotation": 270, "texture": "#0"},
				"down": {"uv": [1.25, 9.0625, 1.125, 10.0625], "rotation": 90, "texture": "#0"}
			}
		},
		{
			"from": [6.30319, -3.9, 6.86622],
			"to": [14.30319, 16.1, 7.86622],
			"rotation": {"angle": -22.5, "axis": "y", "origin": [6.77281, 11.475, 8]},
			"faces": {
				"north": {"uv": [1, 11.5625, 0, 9.0625], "texture": "#0"},
				"east": {"uv": [1.125, 11.5625, 1, 9.0625], "texture": "#0"},
				"south": {"uv": [0, 11.5625, 1, 9.0625], "texture": "#0"},
				"west": {"uv": [1.125, 11.5625, 1, 9.0625], "texture": "#0"},
				"up": {"uv": [1.25, 11.0625, 1.125, 10.0625], "rotation": 270, "texture": "#0"},
				"down": {"uv": [1.25, 10.0625, 1.125, 9.0625], "rotation": 90, "texture": "#0"}
			}
		},
		{
			"from": [10.30319, 15.1, 6.76622],
			"to": [13.30319, 16.6, 7.96622],
			"rotation": {"angle": -22.5, "axis": "y", "origin": [6.77281, 11.475, 8]},
			"faces": {
				"north": {"uv": [1.625, 9.25, 1.25, 9.0625], "texture": "#0"},
				"east": {"uv": [1.0625, 8.5625, 0.9375, 8.375], "texture": "#0"},
				"south": {"uv": [1.625, 9.25, 1.25, 9.0625], "texture": "#0"},
				"west": {"uv": [1.0625, 8.5625, 0.9375, 8.375], "texture": "#0"},
				"up": {"uv": [1.6875, 8.9375, 1.5625, 8.5625], "rotation": 270, "texture": "#0"},
				"down": {"uv": [1.6875, 8.9375, 1.5625, 8.5625], "rotation": 90, "texture": "#0"}
			}
		},
		{
			"from": [0.24244, 15.1, 6.76622],
			"to": [3.24244, 16.6, 7.96622],
			"rotation": {"angle": 22.5, "axis": "y", "origin": [6.77281, 11.475, 8]},
			"faces": {
				"north": {"uv": [1.25, 9.25, 1.625, 9.0625], "texture": "#0"},
				"east": {"uv": [0.9375, 8.5625, 1.0625, 8.375], "texture": "#0"},
				"south": {"uv": [1.25, 9.25, 1.625, 9.0625], "texture": "#0"},
				"west": {"uv": [0.9375, 8.5625, 1.0625, 8.375], "texture": "#0"},
				"up": {"uv": [1.6875, 8.5625, 1.5625, 8.9375], "rotation": 270, "texture": "#0"},
				"down": {"uv": [1.6875, 8.5625, 1.5625, 8.9375], "rotation": 90, "texture": "#0"}
			}
		},
		{
			"from": [3.27281, 3, 3.27281],
			"to": [10.27281, 12, 7.77281],
			"rotation": {"angle": 0, "axis": "y", "origin": [6.77281, 11.475, 8]},
			"faces": {
				"north": {"uv": [4.125, 0, 3, 1.375], "texture": "#0"},
				"east": {"uv": [3, 0, 2, 1.375], "texture": "#0"},
				"south": {"uv": [5.25, 0, 4.125, 1.375], "texture": "#0"},
				"west": {"uv": [2, 0, 3, 1.375], "texture": "#0"},
				"up": {"uv": [2, 2.375, 3.125, 1.375], "rotation": 180, "texture": "#0"},
				"down": {"uv": [3.125, 2.375, 4.25, 1.375], "rotation": 180, "texture": "#0"}
			}
		},
		{
			"from": [4.27281, 1.7, 4.57281],
			"to": [9.27281, 3.2, 7.57281],
			"rotation": {"angle": 0, "axis": "y", "origin": [6.77281, 11.475, 8]},
			"faces": {
				"north": {"uv": [5.125, 2, 4.25, 2.25], "texture": "#0"},
				"east": {"uv": [2, 1.5, 1.375, 1.75], "texture": "#0"},
				"south": {"uv": [5.125, 2.25, 4.25, 2.5], "texture": "#0"},
				"west": {"uv": [1.375, 1.5, 2, 1.75], "texture": "#0"},
				"up": {"uv": [4.25, 2, 5.125, 1.375], "rotation": 180, "texture": "#0"},
				"down": {"uv": [4.25, 2, 5.125, 1.375], "rotation": 180, "texture": "#0"}
			}
		},
		{
			"from": [2.02281, 10.98163, 1.22765],
			"to": [3.52281, 12.48163, 4.22765],
			"rotation": {"angle": 22.5, "axis": "x", "origin": [6.77281, 11.475, 8]},
			"faces": {
				"north": {"uv": [4.0625, 2.375, 4.25, 2.5625], "texture": "#0"},
				"east": {"uv": [3.625, 2.75, 3.875, 2.375], "rotation": 270, "texture": "#0"},
				"south": {"uv": [4.0625, 2.375, 4.25, 2.625], "texture": "#0"},
				"west": {"uv": [3.625, 2.375, 3.875, 2.75], "rotation": 270, "texture": "#0"},
				"up": {"uv": [3.875, 2.75, 4.0625, 2.375], "texture": "#0"},
				"down": {"uv": [3.875, 2.375, 4.0625, 2.75], "texture": "#0"}
			}
		},
		{
			"from": [1.77281, 12.95124, 5.30642],
			"to": [3.77281, 15.95124, 7.80642],
			"rotation": {"angle": -45, "axis": "x", "origin": [6.77281, 11.475, 8]},
			"faces": {
				"north": {"uv": [3.125, 2.375, 3.375, 2.75], "texture": "#0"},
				"east": {"uv": [2.75, 2.375, 3.125, 2.75], "texture": "#0"},
				"south": {"uv": [3.125, 2.375, 3.375, 2.75], "texture": "#0"},
				"west": {"uv": [2.75, 2.375, 3.125, 2.75], "texture": "#0"},
				"up": {"uv": [3.625, 2.75, 3.375, 2.375], "rotation": 180, "texture": "#0"},
				"down": {"uv": [3.625, 2.75, 3.375, 2.375], "rotation": 180, "texture": "#0"}
			}
		},
		{
			"from": [4.27281, 12.24622, 4.31145],
			"to": [9.27281, 14.44622, 8.31145],
			"rotation": {"angle": -45, "axis": "x", "origin": [6.77281, 11.475, 8]},
			"faces": {
				"north": {"uv": [1.5, 3.125, 0.625, 3.75], "texture": "#0"},
				"east": {"uv": [3.125, 3, 2.375, 3.625], "texture": "#0"},
				"south": {"uv": [1.5, 3.125, 0.625, 3.75], "texture": "#0"},
				"west": {"uv": [3.125, 3, 2.375, 3.625], "texture": "#0"},
				"up": {"uv": [1.5, 3.875, 2.375, 3.125], "rotation": 180, "texture": "#0"},
				"down": {"uv": [1.5, 3.875, 2.375, 3.125], "rotation": 180, "texture": "#0"}
			}
		},
		{
			"from": [1.27281, 8.42862, 4.07236],
			"to": [4.27281, 12.92862, 7.47236],
			"rotation": {"angle": -22.5, "axis": "x", "origin": [6.77281, 11.475, 8]},
			"faces": {
				"north": {"uv": [1.25, 2.375, 1.625, 3.125], "texture": "#0"},
				"east": {"uv": [0.625, 2.375, 1.25, 3.125], "texture": "#0"},
				"south": {"uv": [1.625, 2.375, 2, 3.125], "texture": "#0"},
				"west": {"uv": [0.625, 2.375, 1.25, 3.125], "texture": "#0"},
				"up": {"uv": [2.375, 3, 2, 2.375], "rotation": 180, "texture": "#0"},
				"down": {"uv": [2.75, 3, 2.375, 2.375], "rotation": 180, "texture": "#0"}
			}
		},
		{
			"from": [10.02281, 10.98163, 1.22765],
			"to": [11.52281, 12.48163, 4.22765],
			"rotation": {"angle": 22.5, "axis": "x", "origin": [6.77281, 11.475, 8]},
			"faces": {
				"north": {"uv": [4.25, 2.375, 4.0625, 2.5625], "texture": "#0"},
				"east": {"uv": [3.625, 2.75, 3.875, 2.375], "rotation": 270, "texture": "#0"},
				"south": {"uv": [4.25, 2.375, 4.0625, 2.625], "texture": "#0"},
				"west": {"uv": [3.625, 2.375, 3.875, 2.75], "rotation": 270, "texture": "#0"},
				"up": {"uv": [4.0625, 2.75, 3.875, 2.375], "texture": "#0"},
				"down": {"uv": [4.0625, 2.375, 3.875, 2.75], "texture": "#0"}
			}
		},
		{
			"from": [9.77281, 12.95124, 5.30642],
			"to": [11.77281, 15.95124, 7.80642],
			"rotation": {"angle": -45, "axis": "x", "origin": [6.77281, 11.475, 8]},
			"faces": {
				"north": {"uv": [3.375, 2.375, 3.125, 2.75], "texture": "#0"},
				"east": {"uv": [3.125, 2.375, 2.75, 2.75], "texture": "#0"},
				"south": {"uv": [3.375, 2.375, 3.125, 2.75], "texture": "#0"},
				"west": {"uv": [3.125, 2.375, 2.75, 2.75], "texture": "#0"},
				"up": {"uv": [3.375, 2.75, 3.625, 2.375], "rotation": 180, "texture": "#0"},
				"down": {"uv": [3.375, 2.75, 3.625, 2.375], "rotation": 180, "texture": "#0"}
			}
		},
		{
			"from": [9.27281, 8.42862, 4.07236],
			"to": [12.27281, 12.92862, 7.57236],
			"rotation": {"angle": -22.5, "axis": "x", "origin": [6.77281, 11.475, 8]},
			"faces": {
				"north": {"uv": [1.625, 2.375, 1.25, 3.125], "texture": "#0"},
				"east": {"uv": [1.25, 2.375, 0.625, 3.125], "texture": "#0"},
				"south": {"uv": [2, 2.375, 1.625, 3.125], "texture": "#0"},
				"west": {"uv": [1.25, 2.375, 0.625, 3.125], "texture": "#0"},
				"up": {"uv": [2, 3, 2.375, 2.375], "rotation": 180, "texture": "#0"},
				"down": {"uv": [2.375, 3, 2.75, 2.375], "rotation": 180, "texture": "#0"}
			}
		},
		{
			"from": [2.27281, 2.5, 5.67281],
			"to": [4.27281, 5.5, 7.67281],
			"rotation": {"angle": 0, "axis": "y", "origin": [6.77281, 11.475, 8]},
			"faces": {
				"north": {"uv": [0.625, 1.875, 0.875, 2.375], "texture": "#0"},
				"east": {"uv": [0.875, 1.875, 1.25, 2.375], "texture": "#0"},
				"south": {"uv": [1.25, 1.875, 1.5, 2.375], "texture": "#0"},
				"west": {"uv": [0.875, 1.875, 1.25, 2.375], "texture": "#0"},
				"up": {"uv": [1.75, 2.125, 1.5, 1.75], "rotation": 180, "texture": "#0"},
				"down": {"uv": [2, 2.125, 1.75, 1.75], "rotation": 180, "texture": "#0"}
			}
		},
		{
			"from": [9.27281, 2.5, 5.67281],
			"to": [11.27281, 5.5, 7.67281],
			"rotation": {"angle": 0, "axis": "y", "origin": [6.77281, 11.475, 8]},
			"faces": {
				"north": {"uv": [0.875, 1.875, 0.625, 2.375], "texture": "#0"},
				"east": {"uv": [1.25, 1.875, 0.875, 2.375], "texture": "#0"},
				"south": {"uv": [1.5, 1.875, 1.25, 2.375], "texture": "#0"},
				"west": {"uv": [1.25, 1.875, 0.875, 2.375], "texture": "#0"},
				"up": {"uv": [1.5, 2.125, 1.75, 1.75], "rotation": 180, "texture": "#0"},
				"down": {"uv": [1.75, 2.125, 2, 1.75], "rotation": 180, "texture": "#0"}
			}
		},
		{
			"from": [5.77281, 3, 11.77281],
			"to": [7.77281, 13, 13.77281],
			"rotation": {"angle": 0, "axis": "y", "origin": [6.77281, 11.475, 8]},
			"faces": {
				"north": {"uv": [0.25, 0, 0.5, 1.25], "texture": "#0"},
				"east": {"uv": [0, 0, 0.25, 1.25], "texture": "#0"},
				"south": {"uv": [0.25, 0, 0.5, 1.25], "texture": "#0"},
				"west": {"uv": [0, 0, 0.25, 1.25], "texture": "#0"},
				"up": {"uv": [0, 1.25, 0.25, 1.5], "rotation": 270, "texture": "#0"},
				"down": {"uv": [0, 1.25, 0.25, 1.5], "rotation": 90, "texture": "#0"}
			}
		},
		{
			"from": [5.77281, 12, 6.77281],
			"to": [7.77281, 14, 13.77281],
			"rotation": {"angle": 0, "axis": "y", "origin": [6.77281, 11.475, 8]},
			"faces": {
				"north": {"uv": [0, 1.25, 0.25, 1.5], "rotation": 270, "texture": "#0"},
				"east": {"uv": [0, 0, 0.25, 0.875], "rotation": 270, "texture": "#0"},
				"south": {"uv": [0, 1.25, 0.25, 1.5], "rotation": 270, "texture": "#0"},
				"west": {"uv": [0, 0, 0.25, 0.875], "rotation": 90, "texture": "#0"},
				"up": {"uv": [0.25, 0, 0.5, 0.875], "rotation": 180, "texture": "#0"},
				"down": {"uv": [0.25, 0, 0.5, 0.875], "texture": "#0"}
			}
		},
		{
			"from": [7.27281, 2, 11.52281],
			"to": [9.77281, 4.5, 14.02281],
			"rotation": {"angle": 0, "axis": "y", "origin": [6.77281, 11.475, 8]},
			"faces": {
				"north": {"uv": [0.5, 0.3125, 0.8125, 0], "texture": "#0"},
				"east": {"uv": [0.8125, 0.625, 0.5, 0.3125], "texture": "#0"},
				"south": {"uv": [0.8125, 0.3125, 0.5, 0], "texture": "#0"},
				"west": {"uv": [0.8125, 0.625, 0.5, 0.9375], "texture": "#0"},
				"up": {"uv": [0.5, 0.625, 0.8125, 0.9375], "rotation": 270, "texture": "#0"},
				"down": {"uv": [0.5, 0.9375, 0.8125, 1.25], "rotation": 90, "texture": "#0"}
			}
		},
		{
			"from": [3.77281, 2, 11.52281],
			"to": [6.27281, 4.5, 14.02281],
			"rotation": {"angle": 0, "axis": "y", "origin": [6.77281, 11.475, 8]},
			"faces": {
				"north": {"uv": [0.8125, 0.3125, 0.5, 0], "texture": "#0"},
				"east": {"uv": [0.5, 0.625, 0.8125, 0.9375], "texture": "#0"},
				"south": {"uv": [0.5, 0.3125, 0.8125, 0], "texture": "#0"},
				"west": {"uv": [0.5, 0.625, 0.8125, 0.3125], "texture": "#0"},
				"up": {"uv": [0.5, 0.9375, 0.8125, 0.625], "rotation": 270, "texture": "#0"},
				"down": {"uv": [0.5, 1.25, 0.8125, 0.9375], "rotation": 90, "texture": "#0"}
			}
		},
		{
			"from": [4.84092, 9.90689, 11.02281],
			"to": [6.84092, 15.40689, 14.52281],
			"rotation": {"angle": -45, "axis": "z", "origin": [6.77281, 11.475, 8]},
			"faces": {
				"north": {"uv": [1.3125, 0, 1.5625, 0.6875], "texture": "#0"},
				"east": {"uv": [1.5625, 0, 2, 0.6875], "texture": "#0"},
				"south": {"uv": [1.3125, 0, 1.5625, 0.6875], "texture": "#0"},
				"west": {"uv": [1.5625, 0, 2, 0.6875], "texture": "#0"},
				"up": {"uv": [1.5625, 0.6875, 2, 0.9375], "rotation": 270, "texture": "#0"},
				"down": {"uv": [1.5625, 0.6875, 2, 0.9375], "rotation": 90, "texture": "#0"}
			}
		},
		{
			"from": [6.7047, 9.90689, 11.52281],
			"to": [8.7047, 15.40689, 14.02281],
			"rotation": {"angle": 45, "axis": "z", "origin": [6.77281, 11.475, 8]},
			"faces": {
				"north": {"uv": [1.5625, 0, 1.3125, 0.6875], "texture": "#0"},
				"east": {"uv": [1.875, 0, 1.5625, 0.6875], "texture": "#0"},
				"south": {"uv": [1.5625, 0, 1.3125, 0.6875], "texture": "#0"},
				"west": {"uv": [1.875, 0, 1.5625, 0.6875], "texture": "#0"},
				"up": {"uv": [1.5625, 0.9375, 1.875, 0.6875], "rotation": 270, "texture": "#0"},
				"down": {"uv": [1.5625, 0.9375, 1.875, 0.6875], "rotation": 90, "texture": "#0"}
			}
		},
		{
			"from": [7.63609, 15.331, 5.77281],
			"to": [9.63609, 17.831, 5.77281],
			"rotation": {"angle": 22.5, "axis": "z", "origin": [6.77281, 11.475, 8]},
			"faces": {
				"north": {"uv": [1.875, 3.875, 1.5, 4.3125], "texture": "#0"},
				"east": {"uv": [0, 0, 0, 0.4375], "texture": "#missing"},
				"south": {"uv": [1.5, 3.875, 1.875, 4.3125], "texture": "#0"},
				"west": {"uv": [0, 0, 0, 0.4375], "texture": "#missing"},
				"up": {"uv": [0, 0, 0, 0.5], "rotation": 270, "texture": "#missing"},
				"down": {"uv": [0, 0, 0, 0.5], "rotation": 90, "texture": "#missing"}
			}
		},
		{
			"from": [4.77281, 11.9, 3.77281],
			"to": [8.77281, 16, 7.77281],
			"rotation": {"angle": 0, "axis": "y", "origin": [6.77281, 11.475, 8]},
			"faces": {
				"north": {"uv": [0.75, 3.75, 1.5, 4.5], "texture": "#0"},
				"east": {"uv": [0.75, 3.75, 1.5, 4.5], "texture": "#0"},
				"south": {"uv": [0.75, 3.75, 1.5, 4.5], "texture": "#0"},
				"west": {"uv": [0.75, 3.75, 1.5, 4.5], "texture": "#0"},
				"up": {"uv": [0.75, 4.5, 1.5, 5.25], "texture": "#0"},
				"down": {"uv": [0.75, 4.5, 1.5, 5.25], "texture": "#0"}
			}
		},
		{
			"from": [6.34767, 12, 4.42514],
			"to": [10.34767, 15.9, 8.42514],
			"rotation": {"angle": 45, "axis": "y", "origin": [6.77281, 11.475, 8]},
			"faces": {
				"north": {"uv": [0.75, 3.75, 1.5, 4.5], "texture": "#0"},
				"east": {"uv": [0.75, 3.75, 1.5, 4.5], "texture": "#0"},
				"south": {"uv": [0.75, 3.75, 1.5, 4.5], "texture": "#0"},
				"west": {"uv": [0.75, 3.75, 1.5, 4.5], "texture": "#0"},
				"up": {"uv": [0.75, 4.5, 1.5, 5.25], "texture": "#0"},
				"down": {"uv": [0.75, 4.5, 1.5, 5.25], "texture": "#0"}
			}
		},
		{
			"from": [6.88923, 12.70489, 7.27281],
			"to": [9.88923, 20.70489, 7.27281],
			"rotation": {"angle": -22.5, "axis": "z", "origin": [6.77281, 11.475, 8]},
			"faces": {
				"north": {"uv": [1.25, 5.25, 0.875, 6.25], "texture": "#0"},
				"east": {"uv": [0, 0, 0, 1], "texture": "#0"},
				"south": {"uv": [0.875, 5.25, 1.25, 6.25], "texture": "#0"},
				"west": {"uv": [0, 0, 0, 1], "texture": "#0"},
				"up": {"uv": [0, 0, 0, 0.375], "rotation": 270, "texture": "#0"},
				"down": {"uv": [0, 0, 0, 0.375], "rotation": 90, "texture": "#0"}
			}
		},
		{
			"from": [9.06466, 8.25257, 7.07281],
			"to": [17.06466, 11.25257, 7.07281],
			"rotation": {"angle": 45, "axis": "z", "origin": [6.77281, 11.475, 8]},
			"faces": {
				"north": {"uv": [0.875, 5.25, 0.5, 6.25], "rotation": 270, "texture": "#0"},
				"east": {"uv": [0, 0, 0, 0.375], "texture": "#0"},
				"south": {"uv": [0.5, 5.25, 0.875, 6.25], "rotation": 90, "texture": "#0"},
				"west": {"uv": [0, 0, 0, 0.375], "rotation": 180, "texture": "#0"},
				"up": {"uv": [0, 0, 0, 1], "rotation": 90, "texture": "#0"},
				"down": {"uv": [0, 0, 0, 1], "rotation": 90, "texture": "#0"}
			}
		},
		{
			"from": [9.02809, 8.70168, 7.27281],
			"to": [17.02809, 11.70168, 7.27281],
			"rotation": {"angle": 22.5, "axis": "z", "origin": [6.77281, 11.475, 8]},
			"faces": {
				"north": {"uv": [1.25, 5.25, 0.875, 6.25], "rotation": 270, "texture": "#0"},
				"east": {"uv": [0, 0, 0, 0.375], "texture": "#0"},
				"south": {"uv": [0.875, 5.25, 1.25, 6.25], "rotation": 90, "texture": "#0"},
				"west": {"uv": [0, 0, 0, 0.375], "rotation": 180, "texture": "#0"},
				"up": {"uv": [0, 0, 0, 1], "rotation": 90, "texture": "#0"},
				"down": {"uv": [0, 0, 0, 1], "rotation": 90, "texture": "#0"}
			}
		},
		{
			"from": [8.73265, 8.49896, 7.07281],
			"to": [16.73265, 11.49896, 7.07281],
			"rotation": {"angle": 0, "axis": "y", "origin": [6.77281, 11.475, 8]},
			"faces": {
				"north": {"uv": [0.875, 5.25, 0.5, 6.25], "rotation": 270, "texture": "#0"},
				"east": {"uv": [0, 0, 0, 0.375], "texture": "#0"},
				"south": {"uv": [0.5, 5.25, 0.875, 6.25], "rotation": 90, "texture": "#0"},
				"west": {"uv": [0, 0, 0, 0.375], "rotation": 180, "texture": "#0"},
				"up": {"uv": [0, 0, 0, 1], "rotation": 90, "texture": "#0"},
				"down": {"uv": [0, 0, 0, 1], "rotation": 90, "texture": "#0"}
			}
		},
		{
			"from": [3.65639, 12.70489, 7.27281],
			"to": [6.65639, 20.70489, 7.27281],
			"rotation": {"angle": 22.5, "axis": "z", "origin": [6.77281, 11.475, 8]},
			"faces": {
				"north": {"uv": [0.875, 5.25, 1.25, 6.25], "texture": "#0"},
				"east": {"uv": [0, 0, 0, 1], "texture": "#0"},
				"south": {"uv": [1.25, 5.25, 0.875, 6.25], "texture": "#0"},
				"west": {"uv": [0, 0, 0, 1], "texture": "#0"},
				"up": {"uv": [0, 0.375, 0, 0], "rotation": 270, "texture": "#0"},
				"down": {"uv": [0, 0.375, 0, 0], "rotation": 90, "texture": "#0"}
			}
		},
		{
			"from": [-3.51903, 8.25257, 7.07281],
			"to": [4.48097, 11.25257, 7.07281],
			"rotation": {"angle": -45, "axis": "z", "origin": [6.77281, 11.475, 8]},
			"faces": {
				"north": {"uv": [0.875, 6.25, 0.5, 5.25], "rotation": 270, "texture": "#0"},
				"east": {"uv": [0, 0, 0, 0.375], "rotation": 180, "texture": "#0"},
				"south": {"uv": [0.5, 6.25, 0.875, 5.25], "rotation": 90, "texture": "#0"},
				"west": {"uv": [0, 0, 0, 0.375], "texture": "#0"},
				"up": {"uv": [0, 1, 0, 0], "rotation": 90, "texture": "#0"},
				"down": {"uv": [0, 1, 0, 0], "rotation": 90, "texture": "#0"}
			}
		},
		{
			"from": [-3.48247, 8.70168, 7.27281],
			"to": [4.51753, 11.70168, 7.27281],
			"rotation": {"angle": -22.5, "axis": "z", "origin": [6.77281, 11.475, 8]},
			"faces": {
				"north": {"uv": [1.25, 6.25, 0.875, 5.25], "rotation": 270, "texture": "#0"},
				"east": {"uv": [0, 0, 0, 0.375], "rotation": 180, "texture": "#0"},
				"south": {"uv": [0.875, 6.25, 1.25, 5.25], "rotation": 90, "texture": "#0"},
				"west": {"uv": [0, 0, 0, 0.375], "texture": "#0"},
				"up": {"uv": [0, 1, 0, 0], "rotation": 90, "texture": "#0"},
				"down": {"uv": [0, 1, 0, 0], "rotation": 90, "texture": "#0"}
			}
		},
		{
			"from": [-3.18703, 8.49896, 7.07281],
			"to": [4.81297, 11.49896, 7.07281],
			"rotation": {"angle": 0, "axis": "y", "origin": [6.77281, 11.475, 8]},
			"faces": {
				"north": {"uv": [0.875, 6.25, 0.5, 5.25], "rotation": 270, "texture": "#0"},
				"east": {"uv": [0, 0, 0, 0.375], "rotation": 180, "texture": "#0"},
				"south": {"uv": [0.5, 6.25, 0.875, 5.25], "rotation": 90, "texture": "#0"},
				"west": {"uv": [0, 0, 0, 0.375], "texture": "#0"},
				"up": {"uv": [0, 1, 0, 0], "rotation": 90, "texture": "#0"},
				"down": {"uv": [0, 1, 0, 0], "rotation": 90, "texture": "#0"}
			}
		},
		{
			"from": [4.19795, 16, 9.7891],
			"to": [4.19795, 25, 15.7891],
			"rotation": {"angle": -45, "axis": "y", "origin": [6.77281, 11.475, 8]},
			"faces": {
				"north": {"uv": [0, 0, 0, 0.875], "texture": "#missing"},
				"east": {"uv": [3.5, 7.5625, 2.75, 8.6875], "texture": "#0"},
				"south": {"uv": [0, 0, 0, 0.875], "texture": "#missing"},
				"west": {"uv": [2.75, 7.5625, 3.5, 8.6875], "texture": "#0"},
				"up": {"uv": [0, 0, 0, 0.625], "texture": "#missing"},
				"down": {"uv": [0, 0, 0, 0.625], "texture": "#missing"}
			}
		},
		{
			"from": [9.34767, 16, 9.7891],
			"to": [9.34767, 25, 15.7891],
			"rotation": {"angle": 45, "axis": "y", "origin": [6.77281, 11.475, 8]},
			"faces": {
				"north": {"uv": [0, 0, 0, 0.875], "texture": "#missing"},
				"east": {"uv": [3.5, 7.5625, 2.75, 8.6875], "texture": "#0"},
				"south": {"uv": [0, 0, 0, 0.875], "texture": "#missing"},
				"west": {"uv": [2.75, 7.5625, 3.5, 8.6875], "texture": "#0"},
				"up": {"uv": [0, 0, 0, 0.625], "texture": "#missing"},
				"down": {"uv": [0, 0, 0, 0.625], "texture": "#missing"}
			}
		}
	],
	"gui_light": "front",
	"display": {
		"thirdperson_righthand": {
			"rotation": [0, -45, 0],
			"translation": [3.75, -0.5, -1.25],
			"scale": [0.7, 0.7, 0.7]
		},
		"thirdperson_lefthand": {
			"rotation": [0, -45, 0],
			"translation": [3.75, -0.5, -1.25],
			"scale": [0.7, 0.7, 0.7]
		},
		"firstperson_righthand": {
			"rotation": [0, 0, 11.25],
			"translation": [-1.75, -0.75, -2.5],
			"scale": [0.76797, 0.76797, 0.76797]
		},
		"firstperson_lefthand": {
			"rotation": [0, 0, 11.25],
			"translation": [-1.75, -0.75, -2.5],
			"scale": [0.76797, 0.76797, 0.76797]
		},
		"ground": {
			"rotation": [78, 0, 0],
			"translation": [0, 3.75, 0],
			"scale": [0.6, 0.6, 0.6]
		},
		"gui": {
			"rotation": [17, 158, 0],
			"translation": [-0.75, -1.25, -1.5],
			"scale": [0.5, 0.5, 0.5]
		},
		"head": {
			"rotation": [0, 0, -34],
			"translation": [0, 13.5, -0.5],
			"scale": [0.6, 0.6, 0.6]
		},
		"fixed": {
			"translation": [1.25, 0.75, -4.25],
			"scale": [1.40469, 1.40469, 1.40469]
		}
	},
	"groups": [
		{
			"name": "group",
			"origin": [14, 17.5, 1.5],
			"color": 0,
			"boneType": "",
			"children": []
		},
		{
			"name": "group",
			"origin": [14, 17.5, 1.5],
			"color": 0,
			"boneType": "",
			"children": [0, 1, 2, 3, 4, 5, 6, 7, 8, 9, 10, 11, 12, 13, 14]
		},
		15,
		16,
		17,
		18,
		19,
		20,
		21,
		22,
		23,
		24,
		25,
		26,
		27,
		28,
		29,
		30,
		31,
		32,
		33
	]
}