{"elements":[{"from":[8.0,4.9142857,6.9714284],"to":[9.3714285,8.342857,8.342857],"rotation":{"angle":45.0,"axis":"z","origin":[8.685715,6.6285715,8.685715]},"faces":{"east":{"uv":[8.5,12.25,9.0,13.5],"rotation":0,"texture":"#0","tintindex":0},"south":{"uv":[0.0,12.5,0.5,13.75],"rotation":0,"texture":"#0","tintindex":0},"north":{"uv":[8.0,12.25,8.5,13.5],"rotation":0,"texture":"#0","tintindex":0},"west":{"uv":[0.5,12.5,1.0,13.75],"rotation":0,"texture":"#0","tintindex":0},"up":{"uv":[4.0,13.0,3.5,12.5],"rotation":0,"texture":"#0","tintindex":0},"down":{"uv":[4.5,12.5,4.0,13.0],"rotation":0,"texture":"#0","tintindex":0}}}],"textures":{"0":"modelengine:entity/lostasset_mob5_crystalhc"},"display":{"head":{"translation":[0.0,-6.4,0.0],"scale":[4.0,4.0,4.0]}}}