{"credit":"MadewithBlockbench","texture_size":[40,40],"textures":{"0":"elitecreatures:berserker_animated_weapon_set/texture","1":"elitecreatures:berserker_animated_weapon_set/fire_eye","2":"elitecreatures:berserker_animated_weapon_set/chest","particle":"elitecreatures:berserker_animated_weapon_set/texture"},"elements":[{"from":[3.73,4.58553,5.17112],"to":[12.27,6.29353,11.14913],"rotation":{"angle":0,"axis":"y","origin":[8,3.1017,8]},"faces":{"north":{"uv":[7.2,5.3,10.5,6],"texture":"#2"},"east":{"uv":[8,9.6,10.4,10.3],"texture":"#2"},"south":{"uv":[7.2,5.3,10.5,6],"texture":"#2"},"west":{"uv":[0,10.4,2.4,11.1],"texture":"#2"},"up":{"uv":[3.4,8,0,5.6],"texture":"#2"},"down":{"uv":[7,5.6,3.6,8],"texture":"#2"}}},{"from":[11.416,4.07313,4.53063],"to":[12.9105,6.63512,6.02513],"rotation":{"angle":0,"axis":"y","origin":[8,3.1017,8]},"faces":{"north":{"uv":[7.6,12.4,8.2,13.4],"texture":"#2"},"east":{"uv":[8.4,12.4,9,13.4],"texture":"#2"},"south":{"uv":[9.2,12.4,9.8,13.4],"texture":"#2"},"west":{"uv":[10,12.4,10.6,13.4],"texture":"#2"},"up":{"uv":[9.4,14.2,8.8,13.6],"texture":"#2"},"down":{"uv":[10.2,13.6,9.6,14.2],"texture":"#2"}}},{"from":[11.416,5.14063,6.02513],"to":[12.9105,6.63512,10.29513],"rotation":{"angle":0,"axis":"y","origin":[8,3.1017,8]},"faces":{"north":{"uv":[10.4,13.6,11,14.2],"texture":"#2"},"east":{"uv":[10.8,2,12.5,2.6],"texture":"#2"},"south":{"uv":[11.2,13.6,11.8,14.2],"texture":"#2"},"west":{"uv":[2.4,10.8,4.1,11.4],"texture":"#2"},"up":{"uv":[11.4,4.5,10.8,2.8],"texture":"#2"},"down":{"uv":[5,10.8,4.4,12.5],"texture":"#2"}}},{"from":[3.0895,4.07313,4.53063],"to":[4.584,6.63512,6.02513],"rotation":{"angle":0,"axis":"y","origin":[8,3.1017,8]},"faces":{"north":{"uv":[8.2,12.4,7.6,13.4],"texture":"#2"},"east":{"uv":[10.6,12.4,10,13.4],"texture":"#2"},"south":{"uv":[9.8,12.4,9.2,13.4],"texture":"#2"},"west":{"uv":[9,12.4,8.4,13.4],"texture":"#2"},"up":{"uv":[8.8,14.2,9.4,13.6],"texture":"#2"},"down":{"uv":[9.6,13.6,10.2,14.2],"texture":"#2"}}},{"from":[3.0895,4.07313,10.29513],"to":[4.584,6.63512,11.78963],"rotation":{"angle":0,"axis":"y","origin":[8,3.1017,8.32026]},"faces":{"north":{"uv":[9.2,12.4,9.8,13.4],"texture":"#2"},"east":{"uv":[10,12.4,10.6,13.4],"texture":"#2"},"south":{"uv":[7.6,12.4,8.2,13.4],"texture":"#2"},"west":{"uv":[8.4,12.4,9,13.4],"texture":"#2"},"up":{"uv":[8.8,13.6,9.4,14.2],"texture":"#2"},"down":{"uv":[9.6,14.2,10.2,13.6],"texture":"#2"}}},{"from":[11.416,4.07313,10.29513],"to":[12.9105,6.63512,11.78963],"rotation":{"angle":0,"axis":"y","origin":[8,3.1017,8.32026]},"faces":{"north":{"uv":[9.8,12.4,9.2,13.4],"texture":"#2"},"east":{"uv":[9,12.4,8.4,13.4],"texture":"#2"},"south":{"uv":[8.2,12.4,7.6,13.4],"texture":"#2"},"west":{"uv":[10.6,12.4,10,13.4],"texture":"#2"},"up":{"uv":[9.4,13.6,8.8,14.2],"texture":"#2"},"down":{"uv":[10.2,14.2,9.6,13.6],"texture":"#2"}}},{"from":[3.0895,5.14063,6.02513],"to":[4.584,6.63512,10.29513],"rotation":{"angle":0,"axis":"y","origin":[8,3.1017,8]},"faces":{"north":{"uv":[11,13.6,10.4,14.2],"texture":"#2"},"east":{"uv":[4.1,10.8,2.4,11.4],"texture":"#2"},"south":{"uv":[11.8,13.6,11.2,14.2],"texture":"#2"},"west":{"uv":[12.5,2,10.8,2.6],"texture":"#2"},"up":{"uv":[10.8,4.5,11.4,2.8],"texture":"#2"},"down":{"uv":[4.4,10.8,5,12.5],"texture":"#2"}}},{"from":[7.25275,4.07313,10.29513],"to":[8.74725,6.63512,11.78963],"rotation":{"angle":0,"axis":"y","origin":[12.16325,3.1017,8.32026]},"faces":{"north":{"uv":[9.2,12.4,9.8,13.4],"texture":"#2"},"east":{"uv":[10,12.4,10.6,13.4],"texture":"#2"},"south":{"uv":[7.6,12.4,8.2,13.4],"texture":"#2"},"west":{"uv":[8.4,12.4,9,13.4],"texture":"#2"},"up":{"uv":[8.8,13.6,9.4,14.2],"texture":"#2"},"down":{"uv":[9.6,14.2,10.2,13.6],"texture":"#2"}}},{"from":[7.25275,5.14063,6.02513],"to":[8.74725,6.63512,10.29513],"rotation":{"angle":0,"axis":"y","origin":[12.16325,3.1017,8]},"faces":{"north":{"uv":[11,13.6,10.4,14.2],"texture":"#2"},"east":{"uv":[4.1,10.8,2.4,11.4],"texture":"#2"},"south":{"uv":[11.8,13.6,11.2,14.2],"texture":"#2"},"west":{"uv":[12.5,2,10.8,2.6],"texture":"#2"},"up":{"uv":[10.8,4.5,11.4,2.8],"texture":"#2"},"down":{"uv":[4.4,10.8,5,12.5],"texture":"#2"}}},{"from":[7.25275,4.07313,4.53063],"to":[8.74725,6.63512,6.02513],"rotation":{"angle":0,"axis":"y","origin":[12.16325,3.1017,8]},"faces":{"north":{"uv":[8.2,12.4,7.6,13.4],"texture":"#2"},"east":{"uv":[10.6,12.4,10,13.4],"texture":"#2"},"south":{"uv":[9.8,12.4,9.2,13.4],"texture":"#2"},"west":{"uv":[9,12.4,8.4,13.4],"texture":"#2"},"up":{"uv":[8.8,14.2,9.4,13.6],"texture":"#2"},"down":{"uv":[9.6,13.6,10.2,14.2],"texture":"#2"}}},{"from":[11.2025,0.31553,4.74413],"to":[12.697,3.73153,6.23863],"rotation":{"angle":0,"axis":"y","origin":[8,3.1017,8]},"faces":{"north":{"uv":[10.8,10.8,11.4,12.2],"texture":"#2"},"east":{"uv":[0,11.2,0.6,12.6],"texture":"#2"},"south":{"uv":[0.8,11.2,1.4,12.6],"texture":"#2"},"west":{"uv":[1.6,11.2,2.2,12.6],"texture":"#2"},"up":{"uv":[3,14.6,2.4,14],"texture":"#2"},"down":{"uv":[14.6,2.8,14,3.4],"texture":"#2"}}},{"from":[3.5165,0.35878,4.95763],"to":[12.4835,1.34928,11.36263],"rotation":{"angle":0,"axis":"y","origin":[8,3.6017,8]},"faces":{"north":{"uv":[2.4,10.4,6,10.8],"texture":"#2"},"east":{"uv":[2.9,10.4,5.5,10.8],"texture":"#2"},"south":{"uv":[2.4,10.4,6,10.8],"texture":"#2"},"west":{"uv":[2.9,10.4,5.5,10.8],"texture":"#2"},"up":{"uv":[7.2,2.6,3.6,0],"texture":"#2"},"down":{"uv":[7.2,2.8,3.6,5.4],"texture":"#2"}}},{"from":[3.5165,3.60878,4.95763],"to":[12.4835,4.59928,11.36263],"rotation":{"angle":0,"axis":"y","origin":[8,3.6017,8]},"faces":{"north":{"uv":[2.4,10.4,6,10.8],"texture":"#2"},"east":{"uv":[2.9,10.4,5.5,10.8],"texture":"#2"},"south":{"uv":[2.4,10.4,6,10.8],"texture":"#2"},"west":{"uv":[2.9,10.4,5.5,10.8],"texture":"#2"},"up":{"uv":[7.2,2.6,3.6,0],"texture":"#2"},"down":{"uv":[7.2,2.8,3.6,5.4],"texture":"#2"}}},{"from":[3.905,0.41553,5.34612],"to":[12.095,3.83153,10.97413],"rotation":{"angle":0,"axis":"y","origin":[8,3.1017,8]},"faces":{"north":{"uv":[7.2,4.8,10.5,6.2],"texture":"#2"},"east":{"uv":[7.7,4.8,10,6.2],"texture":"#2"},"south":{"uv":[7.2,4.8,10.5,6.2],"texture":"#2"},"west":{"uv":[7.7,4.8,10,6.2],"texture":"#2"},"up":{"uv":[10.5,2.3,7.2,0],"texture":"#2"},"down":{"uv":[10.5,2.4,7.2,4.7],"texture":"#2"}}},{"from":[11.3733,2.87753,4.40253],"to":[13.0813,4.58553,6.11053],"rotation":{"angle":0,"axis":"y","origin":[8,3.1017,8]},"faces":{"north":{"uv":[3.2,13.2,3.9,13.9],"texture":"#2"},"east":{"uv":[13.2,3.6,13.9,4.3],"texture":"#2"},"south":{"uv":[3.9,13.2,3.2,13.9],"texture":"#2"},"west":{"uv":[13.2,4.8,13.9,5.5],"texture":"#2"},"up":{"uv":[13.9,11.9,13.2,11.2],"texture":"#2"},"down":{"uv":[13.9,12,13.2,12.7],"texture":"#2"}}},{"from":[2.9187,2.87753,4.40253],"to":[4.6267,4.58553,6.11053],"rotation":{"angle":0,"axis":"y","origin":[8,3.1017,8]},"faces":{"north":{"uv":[3.9,13.2,3.2,13.9],"texture":"#2"},"east":{"uv":[13.9,4.8,13.2,5.5],"texture":"#2"},"south":{"uv":[5.5,13.2,4.8,13.9],"texture":"#2"},"west":{"uv":[13.9,3.6,13.2,4.3],"texture":"#2"},"up":{"uv":[13.2,11.9,13.9,11.2],"texture":"#2"},"down":{"uv":[13.2,12,13.9,12.7],"texture":"#2"}}},{"from":[3.303,0.31553,4.74413],"to":[4.7975,3.73153,6.23863],"rotation":{"angle":0,"axis":"y","origin":[8,3.1017,8]},"faces":{"north":{"uv":[11.4,10.8,10.8,12.2],"texture":"#2"},"east":{"uv":[2.2,11.2,1.6,12.6],"texture":"#2"},"south":{"uv":[1.4,11.2,0.8,12.6],"texture":"#2"},"west":{"uv":[0.6,11.2,0,12.6],"texture":"#2"},"up":{"uv":[2.4,14.6,3,14],"texture":"#2"},"down":{"uv":[14,2.8,14.6,3.4],"texture":"#2"}}},{"from":[2.9187,2.87753,10.20973],"to":[4.6267,4.58553,11.91773],"rotation":{"angle":0,"axis":"y","origin":[8,3.1017,8.32026]},"faces":{"north":{"uv":[3.9,13.2,3.2,13.9],"texture":"#2"},"east":{"uv":[13.2,4.8,13.9,5.5],"texture":"#2"},"south":{"uv":[3.2,13.2,3.9,13.9],"texture":"#2"},"west":{"uv":[13.2,3.6,13.9,4.3],"texture":"#2"},"up":{"uv":[13.2,11.2,13.9,11.9],"texture":"#2"},"down":{"uv":[13.2,12.7,13.9,12],"texture":"#2"}}},{"from":[3.303,0.31553,10.08163],"to":[4.7975,3.73153,11.57613],"rotation":{"angle":0,"axis":"y","origin":[8,3.1017,8.32026]},"faces":{"north":{"uv":[0.8,11.2,1.4,12.6],"texture":"#2"},"east":{"uv":[1.6,11.2,2.2,12.6],"texture":"#2"},"south":{"uv":[10.8,10.8,11.4,12.2],"texture":"#2"},"west":{"uv":[0,11.2,0.6,12.6],"texture":"#2"},"up":{"uv":[2.4,14,3,14.6],"texture":"#2"},"down":{"uv":[14,3.4,14.6,2.8],"texture":"#2"}}},{"from":[11.2025,0.31553,10.08163],"to":[12.697,3.73153,11.57613],"rotation":{"angle":0,"axis":"y","origin":[8,3.1017,8.32026]},"faces":{"north":{"uv":[1.4,11.2,0.8,12.6],"texture":"#2"},"east":{"uv":[0.6,11.2,0,12.6],"texture":"#2"},"south":{"uv":[11.4,10.8,10.8,12.2],"texture":"#2"},"west":{"uv":[2.2,11.2,1.6,12.6],"texture":"#2"},"up":{"uv":[3,14,2.4,14.6],"texture":"#2"},"down":{"uv":[14.6,3.4,14,2.8],"texture":"#2"}}},{"from":[11.3733,2.87753,10.20973],"to":[13.0813,4.58553,11.91773],"rotation":{"angle":0,"axis":"y","origin":[8,3.1017,8.32026]},"faces":{"north":{"uv":[3.2,13.2,3.9,13.9],"texture":"#2"},"east":{"uv":[13.9,3.6,13.2,4.3],"texture":"#2"},"south":{"uv":[3.9,13.2,3.2,13.9],"texture":"#2"},"west":{"uv":[13.9,4.8,13.2,5.5],"texture":"#2"},"up":{"uv":[13.9,11.2,13.2,11.9],"texture":"#2"},"down":{"uv":[13.9,12.7,13.2,12],"texture":"#2"}}},{"from":[7.84375,0.31125,5.5],"to":[15.06875,5.27125,5.5],"rotation":{"angle":22.5,"axis":"y","origin":[11.45625,2.79125,5.5]},"faces":{"north":{"uv":[1.28571,4.28571,4.14286,0],"rotation":270,"texture":"#0"},"east":{"uv":[0,0,4.14286,0],"rotation":270,"texture":"#0"},"south":{"uv":[1.28571,0,4.14286,4.28571],"rotation":270,"texture":"#0"},"west":{"uv":[0,0,4.14286,0],"rotation":270,"texture":"#0"},"up":{"uv":[0,0,0,14.42857],"rotation":90,"texture":"#0"},"down":{"uv":[0,0,0,14.42857],"rotation":90,"texture":"#0"}}},{"from":[0.93125,0.31125,5.5],"to":[8.15625,5.27125,5.5],"rotation":{"angle":-22.5,"axis":"y","origin":[4.54375,2.79125,5.5]},"faces":{"north":{"uv":[1.28571,0,4.14286,4.28571],"rotation":270,"texture":"#0"},"east":{"uv":[0,0,4.14286,0],"rotation":270,"texture":"#0"},"south":{"uv":[1.28571,4.28571,4.14286,0],"rotation":270,"texture":"#0"},"west":{"uv":[0,0,4.14286,0],"rotation":270,"texture":"#0"},"up":{"uv":[0,14.42857,0,0],"rotation":90,"texture":"#0"},"down":{"uv":[0,14.42857,0,0],"rotation":90,"texture":"#0"}}},{"from":[4.82062,2.83865,4.4835],"to":[6.78062,3.81865,5.5165],"rotation":{"angle":-22.5,"axis":"z","origin":[8,0.30438,5]},"faces":{"north":{"uv":[12.57143,5.14286,11.42857,5.71429],"texture":"#0"},"east":{"uv":[13.71429,3.42857,13.14286,4],"texture":"#0"},"south":{"uv":[12.57143,4.57143,11.42857,5.14286],"texture":"#0"},"west":{"uv":[13.71429,4,13.14286,4.57143],"texture":"#0"},"up":{"uv":[11.42857,6.28571,12.57143,5.71429],"rotation":180,"texture":"#0"},"down":{"uv":[11.42857,6.28571,12.57143,6.85714],"rotation":180,"texture":"#0"}}},{"from":[7.45652,3.15372,4.459],"to":[9.41652,4.13372,5.541],"rotation":{"angle":22.5,"axis":"z","origin":[8,0.30438,5]},"faces":{"north":{"uv":[12.57143,7.42857,11.42857,8],"texture":"#0"},"east":{"uv":[13.71429,4.57143,13.14286,5.14286],"texture":"#0"},"south":{"uv":[12.57143,6.85714,11.42857,7.42857],"texture":"#0"},"west":{"uv":[13.71429,5.14286,13.14286,5.71429],"texture":"#0"},"up":{"uv":[11.42857,8.57143,12.57143,8],"rotation":180,"texture":"#0"},"down":{"uv":[11.42857,8.57143,12.57143,9.14286],"rotation":180,"texture":"#0"}}},{"from":[8.58601,3.11887,4.41],"to":[10.05601,4.58887,5.59],"rotation":{"angle":45,"axis":"z","origin":[8,0.30438,5]},"faces":{"north":{"uv":[10,10.28571,9.14286,11.14286],"texture":"#0"},"east":{"uv":[12.14286,11.42857,11.42857,12.28571],"texture":"#0"},"south":{"uv":[11.14286,8,10.28571,8.85714],"texture":"#0"},"west":{"uv":[12.71429,0,12,0.85714],"texture":"#0"},"up":{"uv":[12,1.85714,12.85714,1.14286],"rotation":180,"texture":"#0"},"down":{"uv":[12,9.14286,12.85714,9.85714],"rotation":180,"texture":"#0"}}},{"from":[9.21938,2.83865,4.4835],"to":[11.17938,3.81865,5.5165],"rotation":{"angle":22.5,"axis":"z","origin":[8,0.30438,5]},"faces":{"north":{"uv":[11.42857,5.14286,12.57143,5.71429],"texture":"#0"},"east":{"uv":[13.14286,4,13.71429,4.57143],"texture":"#0"},"south":{"uv":[11.42857,4.57143,12.57143,5.14286],"texture":"#0"},"west":{"uv":[13.14286,3.42857,13.71429,4],"texture":"#0"},"up":{"uv":[12.57143,6.28571,11.42857,5.71429],"rotation":180,"texture":"#0"},"down":{"uv":[12.57143,6.28571,11.42857,6.85714],"rotation":180,"texture":"#0"}}},{"from":[5.94399,3.11887,4.41],"to":[7.41399,4.58887,5.59],"rotation":{"angle":-45,"axis":"z","origin":[8,0.30438,5]},"faces":{"north":{"uv":[9.14286,10.28571,10,11.14286],"texture":"#0"},"east":{"uv":[12,0,12.71429,0.85714],"texture":"#0"},"south":{"uv":[10.28571,8,11.14286,8.85714],"texture":"#0"},"west":{"uv":[11.42857,11.42857,12.14286,12.28571],"texture":"#0"},"up":{"uv":[12.85714,1.85714,12,1.14286],"rotation":180,"texture":"#0"},"down":{"uv":[12.85714,9.14286,12,9.85714],"rotation":180,"texture":"#0"}}},{"from":[6.58348,3.15372,4.459],"to":[8.54348,4.13372,5.541],"rotation":{"angle":-22.5,"axis":"z","origin":[8,0.30438,5]},"faces":{"north":{"uv":[11.42857,7.42857,12.57143,8],"texture":"#0"},"east":{"uv":[13.14286,5.14286,13.71429,5.71429],"texture":"#0"},"south":{"uv":[11.42857,6.85714,12.57143,7.42857],"texture":"#0"},"west":{"uv":[13.14286,4.57143,13.71429,5.14286],"texture":"#0"},"up":{"uv":[12.57143,8.57143,11.42857,8],"rotation":180,"texture":"#0"},"down":{"uv":[12.57143,8.57143,11.42857,9.14286],"rotation":180,"texture":"#0"}}},{"from":[7.51,2.43,4.51],"to":[8.49,2.92,5.49],"rotation":{"angle":0,"axis":"y","origin":[8,0.30438,5]},"faces":{"north":{"uv":[14.28571,5.71429,13.71429,6],"texture":"#0"},"east":{"uv":[14.28571,5.14286,13.71429,5.42857],"texture":"#0"},"south":{"uv":[14.28571,4.57143,13.71429,4.85714],"texture":"#0"},"west":{"uv":[14.28571,6.28571,13.71429,6.57143],"texture":"#0"},"up":{"uv":[13.14286,12.57143,13.71429,12],"rotation":180,"texture":"#0"},"down":{"uv":[12.57143,13.14286,13.14286,13.71429],"rotation":180,"texture":"#0"}}},{"from":[5.75386,2.08069,4.51],"to":[6.73386,2.57069,5.49],"rotation":{"angle":-22.5,"axis":"z","origin":[8,0.30438,5]},"faces":{"north":{"uv":[13.71429,5.71429,14.28571,6],"texture":"#0"},"east":{"uv":[13.71429,6.28571,14.28571,6.57143],"texture":"#0"},"south":{"uv":[13.71429,4.57143,14.28571,4.85714],"texture":"#0"},"west":{"uv":[13.71429,5.14286,14.28571,5.42857],"texture":"#0"},"up":{"uv":[13.71429,12.57143,13.14286,12],"rotation":180,"texture":"#0"},"down":{"uv":[13.14286,13.14286,12.57143,13.71429],"rotation":180,"texture":"#0"}}},{"from":[9.26615,2.08068,4.51],"to":[10.24615,2.57068,5.49],"rotation":{"angle":22.5,"axis":"z","origin":[8,0.30438,5]},"faces":{"north":{"uv":[13.71429,5.71429,14.28571,6],"texture":"#0"},"east":{"uv":[14.28571,5.14286,13.71429,5.42857],"texture":"#0"},"south":{"uv":[14.28571,4.57143,13.71429,4.85714],"texture":"#0"},"west":{"uv":[14.28571,6.28571,13.71429,6.57143],"texture":"#0"},"up":{"uv":[13.14286,12.57143,13.71429,12],"rotation":180,"texture":"#0"},"down":{"uv":[12.57143,13.14286,13.14286,13.71429],"rotation":180,"texture":"#0"}}},{"from":[2.66271,3.00708,4.8335],"to":[4.62271,3.98708,5.6665],"rotation":{"angle":0,"axis":"z","origin":[3.5,3.76375,5.25]},"faces":{"north":{"uv":[12,9.14286,11.42857,10.28571],"rotation":270,"texture":"#0"},"east":{"uv":[13.71429,2.71429,14.28571,2.28571],"rotation":270,"texture":"#0"},"south":{"uv":[9.71429,11.42857,9.14286,12.57143],"rotation":90,"texture":"#0"},"west":{"uv":[13.71429,2.85714,14.28571,3.28571],"rotation":270,"texture":"#0"},"up":{"uv":[12.42857,12.57143,12,13.71429],"rotation":90,"texture":"#0"},"down":{"uv":[11.85714,12.57143,11.42857,13.71429],"rotation":90,"texture":"#0"}}},{"from":[2.66271,3.54042,4.809],"to":[4.62271,4.52042,5.691],"rotation":{"angle":-45,"axis":"z","origin":[3.5,3.76375,5.25]},"faces":{"north":{"uv":[12,10.28571,11.42857,11.42857],"rotation":270,"texture":"#0"},"east":{"uv":[13.14286,13.14286,13.71429,12.57143],"rotation":270,"texture":"#0"},"south":{"uv":[10.28571,11.42857,9.71429,12.57143],"rotation":90,"texture":"#0"},"west":{"uv":[13.14286,13.14286,13.71429,13.71429],"rotation":270,"texture":"#0"},"up":{"uv":[11.42857,11.42857,10.85714,12.57143],"rotation":90,"texture":"#0"},"down":{"uv":[10.85714,11.42857,10.28571,12.57143],"rotation":90,"texture":"#0"}}},{"from":[2.43459,3.35916,4.711],"to":[3.90459,4.82916,5.789],"rotation":{"angle":22.5,"axis":"z","origin":[3.5,3.76375,5.25]},"faces":{"north":{"uv":[11.14286,10.28571,10.28571,11.14286],"rotation":270,"texture":"#0"},"east":{"uv":[13.14286,1.71429,14,1.14286],"rotation":270,"texture":"#0"},"south":{"uv":[11.14286,9.14286,10.28571,10],"rotation":90,"texture":"#0"},"west":{"uv":[13.14286,1.71429,14,2.28571],"rotation":270,"texture":"#0"},"up":{"uv":[13.71429,0,13.14286,0.85714],"rotation":90,"texture":"#0"},"down":{"uv":[13.14286,12,12.57143,12.85714],"rotation":90,"texture":"#0"}}},{"from":[10.29998,2.60435,4.461],"to":[11.76998,4.07435,5.539],"rotation":{"angle":45,"axis":"z","origin":[8,0.30438,5]},"faces":{"north":{"uv":[11.14286,10.28571,10.28571,11.14286],"rotation":180,"texture":"#0"},"east":{"uv":[13.71429,0,13.14286,0.85714],"rotation":180,"texture":"#0"},"south":{"uv":[11.14286,9.14286,10.28571,10],"rotation":180,"texture":"#0"},"west":{"uv":[13.14286,12,12.57143,12.85714],"rotation":180,"texture":"#0"},"up":{"uv":[13.14286,1.71429,14,2.28571],"texture":"#0"},"down":{"uv":[13.14286,1.71429,14,1.14286],"texture":"#0"}}},{"from":[0.93625,1.90875,5.25],"to":[4.26125,5.61875,5.25],"rotation":{"angle":-22.5,"axis":"z","origin":[3.5,3.76375,5.25]},"faces":{"north":{"uv":[11.28571,2.28571,9.14286,4.14286],"rotation":270,"texture":"#0"},"east":{"uv":[0,0,2.14286,0],"rotation":270,"texture":"#0"},"south":{"uv":[9.14286,2.28571,11.28571,4.14285],"rotation":90,"texture":"#0"},"west":{"uv":[0,0,2.14286,0],"rotation":270,"texture":"#0"},"up":{"uv":[0,0,0,1.85714],"rotation":90,"texture":"#0"},"down":{"uv":[0,0,0,1.85714],"rotation":90,"texture":"#0"}}},{"from":[11.37729,3.54042,4.809],"to":[13.33729,4.52042,5.691],"rotation":{"angle":45,"axis":"z","origin":[12.5,3.76375,5.25]},"faces":{"north":{"uv":[12,11.42857,11.42857,10.28571],"rotation":270,"texture":"#0"},"east":{"uv":[13.14286,13.71429,13.71429,13.14286],"rotation":270,"texture":"#0"},"south":{"uv":[10.28571,12.57143,9.71429,11.42857],"rotation":90,"texture":"#0"},"west":{"uv":[13.14286,12.57143,13.71429,13.14286],"rotation":270,"texture":"#0"},"up":{"uv":[11.42857,12.57143,10.85714,11.42857],"rotation":90,"texture":"#0"},"down":{"uv":[10.85714,12.57143,10.28571,11.42857],"rotation":90,"texture":"#0"}}},{"from":[11.37729,3.00708,4.8335],"to":[13.33729,3.98708,5.6665],"rotation":{"angle":0,"axis":"z","origin":[12.5,3.76375,5.25]},"faces":{"north":{"uv":[12,10.28571,11.42857,9.14286],"rotation":270,"texture":"#0"},"east":{"uv":[13.71429,3.28571,14.28571,2.85714],"rotation":270,"texture":"#0"},"south":{"uv":[9.71429,12.57143,9.14286,11.42857],"rotation":90,"texture":"#0"},"west":{"uv":[13.71429,2.28571,14.28571,2.71429],"rotation":270,"texture":"#0"},"up":{"uv":[12.42857,13.71429,12,12.57143],"rotation":90,"texture":"#0"},"down":{"uv":[11.85714,13.71429,11.42857,12.57143],"rotation":90,"texture":"#0"}}},{"from":[12.09541,3.35916,4.711],"to":[13.56541,4.82916,5.789],"rotation":{"angle":-22.5,"axis":"z","origin":[12.5,3.76375,5.25]},"faces":{"north":{"uv":[11.14286,11.14286,10.28571,10.28571],"rotation":270,"texture":"#0"},"east":{"uv":[13.14286,2.28571,14,1.71429],"rotation":270,"texture":"#0"},"south":{"uv":[11.14286,10,10.28571,9.14286],"rotation":90,"texture":"#0"},"west":{"uv":[13.14286,1.14286,14,1.71429],"rotation":270,"texture":"#0"},"up":{"uv":[13.71429,0.85714,13.14286,0],"rotation":90,"texture":"#0"},"down":{"uv":[13.14286,12.85714,12.57143,12],"rotation":90,"texture":"#0"}}},{"from":[11.73875,1.90875,5.25],"to":[15.06375,5.61875,5.25],"rotation":{"angle":22.5,"axis":"z","origin":[12.5,3.76375,5.25]},"faces":{"north":{"uv":[11.28571,4.14286,9.14286,2.28571],"rotation":270,"texture":"#0"},"east":{"uv":[0,0,2.14286,0],"rotation":270,"texture":"#0"},"south":{"uv":[9.14286,4.14285,11.28571,2.28571],"rotation":90,"texture":"#0"},"west":{"uv":[0,0,2.14286,0],"rotation":270,"texture":"#0"},"up":{"uv":[0,1.85714,0,0],"rotation":90,"texture":"#0"},"down":{"uv":[0,1.85714,0,0],"rotation":90,"texture":"#0"}}},{"from":[7.84375,0.31125,10.82026],"to":[15.06875,5.27125,10.82026],"rotation":{"angle":-22.5,"axis":"y","origin":[11.45625,2.79125,10.82026]},"faces":{"north":{"uv":[1.28571,4.28571,4.14286,0],"rotation":270,"texture":"#0"},"east":{"uv":[0,0,4.14286,0],"rotation":270,"texture":"#0"},"south":{"uv":[1.28571,0,4.14286,4.28571],"rotation":270,"texture":"#0"},"west":{"uv":[0,0,4.14286,0],"rotation":270,"texture":"#0"},"up":{"uv":[0,0,0,14.42857],"rotation":90,"texture":"#0"},"down":{"uv":[0,0,0,14.42857],"rotation":90,"texture":"#0"}}},{"from":[0.93125,0.31125,10.82026],"to":[8.15625,5.27125,10.82026],"rotation":{"angle":22.5,"axis":"y","origin":[4.54375,2.79125,10.82026]},"faces":{"north":{"uv":[1.28571,0,4.14286,4.28571],"rotation":270,"texture":"#0"},"east":{"uv":[0,0,4.14286,0],"rotation":270,"texture":"#0"},"south":{"uv":[1.28571,4.28571,4.14286,0],"rotation":270,"texture":"#0"},"west":{"uv":[0,0,4.14286,0],"rotation":270,"texture":"#0"},"up":{"uv":[0,14.42857,0,0],"rotation":90,"texture":"#0"},"down":{"uv":[0,14.42857,0,0],"rotation":90,"texture":"#0"}}},{"from":[2.43459,3.35916,10.53126],"to":[3.90459,4.82916,11.60926],"rotation":{"angle":22.5,"axis":"z","origin":[3.5,3.76375,11.07026]},"faces":{"north":{"uv":[11.14286,10,10.28571,9.14286],"rotation":90,"texture":"#0"},"east":{"uv":[13.14286,1.14286,14,1.71429],"rotation":270,"texture":"#0"},"south":{"uv":[11.14286,11.14286,10.28571,10.28571],"rotation":270,"texture":"#0"},"west":{"uv":[13.14286,2.28571,14,1.71429],"rotation":270,"texture":"#0"},"up":{"uv":[13.14286,0,13.71429,0.85714],"rotation":90,"texture":"#0"},"down":{"uv":[12.57143,12,13.14286,12.85714],"rotation":90,"texture":"#0"}}},{"from":[0.93625,1.90875,11.07026],"to":[4.26125,5.61875,11.07026],"rotation":{"angle":-22.5,"axis":"z","origin":[3.5,3.76375,11.07026]},"faces":{"north":{"uv":[9.14286,4.14285,11.28571,2.28571],"rotation":90,"texture":"#0"},"east":{"uv":[0,0,2.14286,0],"rotation":270,"texture":"#0"},"south":{"uv":[11.28571,4.14286,9.14286,2.28571],"rotation":270,"texture":"#0"},"west":{"uv":[0,0,2.14286,0],"rotation":270,"texture":"#0"},"up":{"uv":[0,0,0,1.85714],"rotation":90,"texture":"#0"},"down":{"uv":[0,0,0,1.85714],"rotation":90,"texture":"#0"}}},{"from":[12.09541,3.35916,10.53126],"to":[13.56541,4.82916,11.60926],"rotation":{"angle":-22.5,"axis":"z","origin":[12.5,3.76375,11.07026]},"faces":{"north":{"uv":[11.14286,9.14286,10.28571,10],"rotation":90,"texture":"#0"},"east":{"uv":[13.14286,1.71429,14,2.28571],"rotation":270,"texture":"#0"},"south":{"uv":[11.14286,10.28571,10.28571,11.14286],"rotation":270,"texture":"#0"},"west":{"uv":[13.14286,1.71429,14,1.14286],"rotation":270,"texture":"#0"},"up":{"uv":[13.14286,0.85714,13.71429,0],"rotation":90,"texture":"#0"},"down":{"uv":[12.57143,12.85714,13.14286,12],"rotation":90,"texture":"#0"}}},{"from":[11.73875,1.90875,11.07026],"to":[15.06375,5.61875,11.07026],"rotation":{"angle":22.5,"axis":"z","origin":[12.5,3.76375,11.07026]},"faces":{"north":{"uv":[9.14286,2.28571,11.28571,4.14285],"rotation":90,"texture":"#0"},"east":{"uv":[0,0,2.14286,0],"rotation":270,"texture":"#0"},"south":{"uv":[11.28571,2.28571,9.14286,4.14286],"rotation":270,"texture":"#0"},"west":{"uv":[0,0,2.14286,0],"rotation":270,"texture":"#0"},"up":{"uv":[0,1.85714,0,0],"rotation":90,"texture":"#0"},"down":{"uv":[0,1.85714,0,0],"rotation":90,"texture":"#0"}}},{"from":[4.11875,5.12125,7],"to":[11.86875,12.87125,7],"rotation":{"angle":0,"axis":"y","origin":[8,5.30438,4]},"faces":{"north":{"uv":[0,0,16,16],"rotation":90,"texture":"#1"},"east":{"uv":[0,0,2.14286,0],"rotation":90,"texture":"#1"},"south":{"uv":[16,0,0,16],"rotation":270,"texture":"#1"},"west":{"uv":[0,0,2.14286,0],"rotation":90,"texture":"#1"},"up":{"uv":[0,0,0,1.85714],"rotation":270,"texture":"#1"},"down":{"uv":[0,0,0,1.85714],"rotation":270,"texture":"#1"}}}],"gui_light":"front","display":{"thirdperson_righthand":{"rotation":[67.75,0,0],"translation":[0,3,2.25],"scale":[0.61805,0.61805,0.61805]},"thirdperson_lefthand":{"rotation":[67.75,0,0],"translation":[0,3,2.25],"scale":[0.61805,0.61805,0.61805]},"firstperson_righthand":{"translation":[1,6,0],"scale":[0.73047,0.73047,0.73047]},"firstperson_lefthand":{"translation":[1,6,0],"scale":[0.73047,0.73047,0.73047]},"ground":{"translation":[0,9,0],"scale":[1.0407,1.0407,1.0407]},"gui":{"rotation":[30,135,0],"translation":[0,3.25,0],"scale":[0.96,0.96,0.96]},"head":{"rotation":[0,180,0],"translation":[0,-16.6,0.5],"scale":[3.48,3.48,3.48]},"fixed":{"rotation":[-90,0,0],"translation":[0,0,-28.5],"scale":[4,4,4]}}}