{"credit":"MadewithBlockbench","textures":{"0":"elitecreatures:berserker_animated_weapon_set/texture","particle":"elitecreatures:berserker_animated_weapon_set/texture"},"elements":[{"from":[7.31,-1.62548,9.16862],"to":[8.69,-0.15548,10.63862],"rotation":{"angle":45,"axis":"x","origin":[8,1.32551,8]},"faces":{"north":{"uv":[11.14286,7.71429,10.28571,6.85714],"rotation":270,"texture":"#0"},"east":{"uv":[9.14286,7.71429,10,6.85714],"rotation":90,"texture":"#0"},"south":{"uv":[11.14286,5.71429,10.28571,6.57143],"rotation":270,"texture":"#0"},"west":{"uv":[9.14286,10,10,9.14286],"rotation":270,"texture":"#0"},"up":{"uv":[9.14286,8.85714,10,8],"texture":"#0"},"down":{"uv":[10.28571,5.42857,11.14286,4.57143],"rotation":180,"texture":"#0"}}},{"from":[7.51,-1.23898,7.53912],"to":[8.49,-0.25898,8.51912],"rotation":{"angle":0,"axis":"y","origin":[8,1.32551,8]},"faces":{"north":{"uv":[13.14286,6.28571,13.71429,6.85714],"rotation":180,"texture":"#0"},"east":{"uv":[13.14286,5.71429,13.71429,6.28571],"rotation":180,"texture":"#0"},"south":{"uv":[13.14286,7.42857,13.71429,8],"rotation":180,"texture":"#0"},"west":{"uv":[13.14286,6.85714,13.71429,7.42857],"rotation":180,"texture":"#0"},"up":{"uv":[13.71429,8.57143,13.14286,9.14286],"rotation":270,"texture":"#0"},"down":{"uv":[13.71429,8.57143,13.14286,8],"rotation":90,"texture":"#0"}}},{"from":[7.51,1.94602,7.53912],"to":[8.49,2.92602,8.51912],"rotation":{"angle":0,"axis":"y","origin":[8,1.32551,8]},"faces":{"north":{"uv":[13.14286,6.28571,13.71429,6.85714],"rotation":180,"texture":"#0"},"east":{"uv":[13.14286,5.71429,13.71429,6.28571],"rotation":180,"texture":"#0"},"south":{"uv":[13.14286,7.42857,13.71429,8],"rotation":180,"texture":"#0"},"west":{"uv":[13.14286,6.85714,13.71429,7.42857],"rotation":180,"texture":"#0"},"up":{"uv":[13.71429,8.57143,13.14286,9.14286],"rotation":270,"texture":"#0"},"down":{"uv":[13.71429,8.57143,13.14286,8],"rotation":90,"texture":"#0"}}},{"from":[7.6325,-0.25898,7.66162],"to":[8.3675,1.94602,8.39662],"rotation":{"angle":0,"axis":"y","origin":[8,1.32551,8]},"faces":{"north":{"uv":[12.57143,4,13,5.28571],"rotation":180,"texture":"#0"},"east":{"uv":[12.57143,2.28571,13,3.57143],"rotation":180,"texture":"#0"},"south":{"uv":[12.57143,7.42857,13,8.71429],"rotation":180,"texture":"#0"},"west":{"uv":[12.57143,5.71429,13,7],"rotation":180,"texture":"#0"},"up":{"uv":[14.14286,4,13.71429,4.42857],"rotation":270,"texture":"#0"},"down":{"uv":[14.14286,3.85714,13.71429,3.42857],"rotation":90,"texture":"#0"}}},{"from":[7.51,-0.01398,7.53912],"to":[8.49,0.47602,8.51912],"rotation":{"angle":0,"axis":"y","origin":[8,1.32551,8]},"faces":{"north":{"uv":[13.71429,5.14286,14.28571,5.42857],"rotation":180,"texture":"#0"},"east":{"uv":[13.71429,4.57143,14.28571,4.85714],"rotation":180,"texture":"#0"},"south":{"uv":[13.71429,6.28571,14.28571,6.57143],"rotation":180,"texture":"#0"},"west":{"uv":[13.71429,5.71429,14.28571,6],"rotation":180,"texture":"#0"},"up":{"uv":[13.14286,13.14286,12.57143,13.71429],"rotation":270,"texture":"#0"},"down":{"uv":[13.71429,12.57143,13.14286,12],"rotation":90,"texture":"#0"}}},{"from":[7.5835,2.05028,8.0401],"to":[8.4165,4.01028,9.0201],"rotation":{"angle":-22.5,"axis":"x","origin":[8,1.32551,8]},"faces":{"north":{"uv":[11.42857,12.57143,11.85714,13.71429],"rotation":180,"texture":"#0"},"east":{"uv":[9.14286,11.42857,9.71429,12.57143],"rotation":180,"texture":"#0"},"south":{"uv":[12,12.57143,12.42857,13.71429],"rotation":180,"texture":"#0"},"west":{"uv":[11.42857,9.14286,12,10.28571],"rotation":180,"texture":"#0"},"up":{"uv":[14.28571,2.85714,13.71429,3.28571],"rotation":270,"texture":"#0"},"down":{"uv":[14.28571,2.71429,13.71429,2.28571],"rotation":90,"texture":"#0"}}},{"from":[7.559,2.07256,7.03371],"to":[8.441,4.03256,8.01371],"rotation":{"angle":22.5,"axis":"x","origin":[8,1.32551,8]},"faces":{"north":{"uv":[10.28571,11.42857,10.85714,12.57143],"rotation":180,"texture":"#0"},"east":{"uv":[9.71429,11.42857,10.28571,12.57143],"rotation":180,"texture":"#0"},"south":{"uv":[10.85714,11.42857,11.42857,12.57143],"rotation":180,"texture":"#0"},"west":{"uv":[11.42857,10.28571,12,11.42857],"rotation":180,"texture":"#0"},"up":{"uv":[13.71429,13.14286,13.14286,13.71429],"rotation":270,"texture":"#0"},"down":{"uv":[13.71429,13.14286,13.14286,12.57143],"rotation":90,"texture":"#0"}}},{"from":[7.461,2.36404,5.53265],"to":[8.539,3.83404,7.00265],"rotation":{"angle":45,"axis":"x","origin":[8,1.32551,8]},"faces":{"north":{"uv":[13.14286,2.28571,14,1.71429],"rotation":270,"texture":"#0"},"east":{"uv":[11.14286,10,10.28571,9.14286],"rotation":90,"texture":"#0"},"south":{"uv":[13.14286,1.14286,14,1.71429],"rotation":270,"texture":"#0"},"west":{"uv":[11.14286,11.14286,10.28571,10.28571],"rotation":270,"texture":"#0"},"up":{"uv":[13.71429,0.85714,13.14286,0],"texture":"#0"},"down":{"uv":[13.14286,12.85714,12.57143,12],"rotation":180,"texture":"#0"}}},{"from":[8,2.57602,6.17412],"to":[8,5.90102,9.88412],"rotation":{"angle":0,"axis":"y","origin":[8,1.32551,8]},"faces":{"north":{"uv":[0,0,0,1.85714],"rotation":180,"texture":"#0"},"east":{"uv":[11.28571,2.28571,9.14286,4.14285],"rotation":180,"texture":"#0"},"south":{"uv":[0,0,0,1.85714],"rotation":180,"texture":"#0"},"west":{"uv":[9.14286,2.28571,11.28571,4.14286],"rotation":180,"texture":"#0"},"up":{"uv":[2.14286,0,0,0],"rotation":270,"texture":"#0"},"down":{"uv":[2.14286,0,0,0],"rotation":90,"texture":"#0"}}},{"from":[8,-1.42398,6.07412],"to":[8,1.90102,9.78412],"rotation":{"angle":0,"axis":"y","origin":[8,1.32551,8]},"faces":{"north":{"uv":[0,0,0,1.85714],"rotation":180,"texture":"#0"},"east":{"uv":[2.14285,14.14285,0,15.99999],"rotation":180,"texture":"#0"},"south":{"uv":[0,0,0,1.85714],"rotation":180,"texture":"#0"},"west":{"uv":[0,14.14285,2.14285,16],"rotation":180,"texture":"#0"},"up":{"uv":[2.14286,0,0,0],"rotation":270,"texture":"#0"},"down":{"uv":[2.14286,0,0,0],"rotation":90,"texture":"#0"}}}],"gui_light":"front","display":{"thirdperson_righthand":{"rotation":[160,0,0],"translation":[0,-3.5,1.5],"scale":[0.99102,0.99102,0.99102]},"thirdperson_lefthand":{"rotation":[160,0,0],"translation":[0,-3.5,1.5],"scale":[0.99102,0.99102,0.99102]},"firstperson_righthand":{"rotation":[-90,0,0],"translation":[11.5,-0.25,-16.5],"scale":[1.51758,1.51758,1.51758]},"firstperson_lefthand":{"rotation":[-90,0,0],"translation":[11.5,-0.25,-16.5],"scale":[1.51758,1.51758,1.51758]},"ground":{"rotation":[0,0,180],"translation":[-0.5,-1.5,-0.5],"scale":[1.1,1.1,1.1]},"gui":{"rotation":[180,90,0],"translation":[0.5,-10.75,0],"scale":[1.65461,1.65461,1.65461]},"head":{"translation":[0,-24.5,0],"scale":[0,0,0]},"fixed":{"rotation":[0,-90,180],"translation":[0,-20.75,-1.5],"scale":[3,3,3]}}}