{"credit":"MadewithBlockbench","texture_size":[20,20],"textures":{"0":"elitecreatures:berserker_animated_weapon_set/texture","1":"elitecreatures:berserker_animated_weapon_set/fire_eye","2":"elitecreatures:berserker_animated_weapon_set/wings","4":"elitecreatures:berserker_animated_weapon_set/shield","particle":"elitecreatures:berserker_animated_weapon_set/texture"},"elements":[{"from":[9.43125,2.56125,7.9],"to":[12.50625,6.52125,8.1],"rotation":{"angle":0,"axis":"y","origin":[8,3.39813,8]},"faces":{"north":{"uv":[6.71428,10,9,11.71428],"rotation":270,"texture":"#0"},"east":{"uv":[0,0,3.28572,0.14286],"rotation":270,"texture":"#0"},"south":{"uv":[6.71428,11.71428,9,10],"rotation":270,"texture":"#0"},"west":{"uv":[0,0,4.14286,0],"rotation":270,"texture":"#0"},"up":{"uv":[0,10.85714,0.14286,0],"rotation":90,"texture":"#0"},"down":{"uv":[0,14.42857,0,0],"rotation":90,"texture":"#0"}}},{"from":[3.49375,2.56125,7.9],"to":[6.56875,6.52125,8.1],"rotation":{"angle":0,"axis":"y","origin":[8,3.39813,8]},"faces":{"north":{"uv":[6.71428,11.71428,9,10],"rotation":270,"texture":"#0"},"east":{"uv":[0,0,4.14286,0],"rotation":270,"texture":"#0"},"south":{"uv":[6.71428,10,9,11.71428],"rotation":270,"texture":"#0"},"west":{"uv":[0,0.14286,3.28572,0],"rotation":270,"texture":"#0"},"up":{"uv":[0,0,0.14286,10.85714],"rotation":90,"texture":"#0"},"down":{"uv":[0,0,0,14.42857],"rotation":90,"texture":"#0"}}},{"from":[6.08108,2.88937,7.4835],"to":[8.04108,3.86937,8.5165],"rotation":{"angle":-22.5,"axis":"z","origin":[8,3.39813,8]},"faces":{"north":{"uv":[12.57143,5.14286,11.42857,5.71429],"texture":"#0"},"east":{"uv":[13.71429,3.42857,13.14286,4],"texture":"#0"},"south":{"uv":[12.57143,4.57143,11.42857,5.14286],"texture":"#0"},"west":{"uv":[13.71429,4,13.14286,4.57143],"texture":"#0"},"up":{"uv":[11.42857,6.28571,12.57143,5.71429],"rotation":180,"texture":"#0"},"down":{"uv":[11.42857,6.28571,12.57143,6.85714],"rotation":180,"texture":"#0"}}},{"from":[6.19606,3.20444,7.459],"to":[8.15606,4.18444,8.541],"rotation":{"angle":22.5,"axis":"z","origin":[8,3.39813,8]},"faces":{"north":{"uv":[12.57143,7.42857,11.42857,8],"texture":"#0"},"east":{"uv":[13.71429,4.57143,13.14286,5.14286],"texture":"#0"},"south":{"uv":[12.57143,6.85714,11.42857,7.42857],"texture":"#0"},"west":{"uv":[13.71429,5.14286,13.14286,5.71429],"texture":"#0"},"up":{"uv":[11.42857,8.57143,12.57143,8],"rotation":180,"texture":"#0"},"down":{"uv":[11.42857,8.57143,12.57143,9.14286],"rotation":180,"texture":"#0"}}},{"from":[6.25698,3.88359,7.41],"to":[7.72698,5.35359,8.59],"rotation":{"angle":45,"axis":"z","origin":[8,3.39813,8]},"faces":{"north":{"uv":[10,10.28571,9.14286,11.14286],"texture":"#0"},"east":{"uv":[12.14286,11.42857,11.42857,12.28571],"texture":"#0"},"south":{"uv":[11.14286,8,10.28571,8.85714],"texture":"#0"},"west":{"uv":[12.71429,0,12,0.85714],"texture":"#0"},"up":{"uv":[12,1.85714,12.85714,1.14286],"rotation":180,"texture":"#0"},"down":{"uv":[12,9.14286,12.85714,9.85714],"rotation":180,"texture":"#0"}}},{"from":[7.95892,2.88937,7.4835],"to":[9.91892,3.86937,8.5165],"rotation":{"angle":22.5,"axis":"z","origin":[8,3.39813,8]},"faces":{"north":{"uv":[11.42857,5.14286,12.57143,5.71429],"texture":"#0"},"east":{"uv":[13.14286,4,13.71429,4.57143],"texture":"#0"},"south":{"uv":[11.42857,4.57143,12.57143,5.14286],"texture":"#0"},"west":{"uv":[13.14286,3.42857,13.71429,4],"texture":"#0"},"up":{"uv":[12.57143,6.28571,11.42857,5.71429],"rotation":180,"texture":"#0"},"down":{"uv":[12.57143,6.28571,11.42857,6.85714],"rotation":180,"texture":"#0"}}},{"from":[8.27302,3.88359,7.41],"to":[9.74302,5.35359,8.59],"rotation":{"angle":-45,"axis":"z","origin":[8,3.39813,8]},"faces":{"north":{"uv":[9.14286,10.28571,10,11.14286],"texture":"#0"},"east":{"uv":[12,0,12.71429,0.85714],"texture":"#0"},"south":{"uv":[10.28571,8,11.14286,8.85714],"texture":"#0"},"west":{"uv":[11.42857,11.42857,12.14286,12.28571],"texture":"#0"},"up":{"uv":[12.85714,1.85714,12,1.14286],"rotation":180,"texture":"#0"},"down":{"uv":[12.85714,9.14286,12,9.85714],"rotation":180,"texture":"#0"}}},{"from":[7.84394,3.20444,7.459],"to":[9.80394,4.18444,8.541],"rotation":{"angle":-22.5,"axis":"z","origin":[8,3.39813,8]},"faces":{"north":{"uv":[11.42857,7.42857,12.57143,8],"texture":"#0"},"east":{"uv":[13.14286,5.14286,13.71429,5.71429],"texture":"#0"},"south":{"uv":[11.42857,6.85714,12.57143,7.42857],"texture":"#0"},"west":{"uv":[13.14286,4.57143,13.71429,5.14286],"texture":"#0"},"up":{"uv":[12.57143,8.57143,11.42857,8],"rotation":180,"texture":"#0"},"down":{"uv":[12.57143,8.57143,11.42857,9.14286],"rotation":180,"texture":"#0"}}},{"from":[7.51,2.23,7.51],"to":[8.49,2.72,8.49],"rotation":{"angle":0,"axis":"y","origin":[8,3.39813,8]},"faces":{"north":{"uv":[14.28571,5.71429,13.71429,6],"texture":"#0"},"east":{"uv":[14.28571,5.14286,13.71429,5.42857],"texture":"#0"},"south":{"uv":[14.28571,4.57143,13.71429,4.85714],"texture":"#0"},"west":{"uv":[14.28571,6.28571,13.71429,6.57143],"texture":"#0"},"up":{"uv":[13.14286,12.57143,13.71429,12],"rotation":180,"texture":"#0"},"down":{"uv":[12.57143,13.14286,13.14286,13.71429],"rotation":180,"texture":"#0"}}},{"from":[7.01432,2.13141,7.51],"to":[7.99432,2.62141,8.49],"rotation":{"angle":-22.5,"axis":"z","origin":[8,3.39813,8]},"faces":{"north":{"uv":[13.71429,5.71429,14.28571,6],"texture":"#0"},"east":{"uv":[13.71429,6.28571,14.28571,6.57143],"texture":"#0"},"south":{"uv":[13.71429,4.57143,14.28571,4.85714],"texture":"#0"},"west":{"uv":[13.71429,5.14286,14.28571,5.42857],"texture":"#0"},"up":{"uv":[13.71429,12.57143,13.14286,12],"rotation":180,"texture":"#0"},"down":{"uv":[13.14286,13.14286,12.57143,13.71429],"rotation":180,"texture":"#0"}}},{"from":[8.00569,2.1314,7.51],"to":[8.98569,2.6214,8.49],"rotation":{"angle":22.5,"axis":"z","origin":[8,3.39813,8]},"faces":{"north":{"uv":[13.71429,5.71429,14.28571,6],"texture":"#0"},"east":{"uv":[14.28571,5.14286,13.71429,5.42857],"texture":"#0"},"south":{"uv":[14.28571,4.57143,13.71429,4.85714],"texture":"#0"},"west":{"uv":[14.28571,6.28571,13.71429,6.57143],"texture":"#0"},"up":{"uv":[13.14286,12.57143,13.71429,12],"rotation":180,"texture":"#0"},"down":{"uv":[12.57143,13.14286,13.14286,13.71429],"rotation":180,"texture":"#0"}}},{"from":[4.63024,2.58973,7.5835],"to":[6.59024,3.56973,8.4165],"rotation":{"angle":-22.5,"axis":"z","origin":[8,3.39813,8]},"faces":{"north":{"uv":[12,9.14286,11.42857,10.28571],"rotation":270,"texture":"#0"},"east":{"uv":[13.71429,2.71429,14.28571,2.28571],"rotation":270,"texture":"#0"},"south":{"uv":[9.71429,11.42857,9.14286,12.57143],"rotation":90,"texture":"#0"},"west":{"uv":[13.71429,2.85714,14.28571,3.28571],"rotation":270,"texture":"#0"},"up":{"uv":[12.42857,12.57143,12,13.71429],"rotation":90,"texture":"#0"},"down":{"uv":[11.85714,12.57143,11.42857,13.71429],"rotation":90,"texture":"#0"}}},{"from":[5.94938,4.02957,7.559],"to":[6.92938,5.98957,8.441],"rotation":{"angle":22.5,"axis":"z","origin":[8,3.39813,8]},"faces":{"north":{"uv":[12,10.28571,11.42857,11.42857],"rotation":180,"texture":"#0"},"east":{"uv":[11.42857,11.42857,10.85714,12.57143],"rotation":180,"texture":"#0"},"south":{"uv":[10.28571,11.42857,9.71429,12.57143],"rotation":180,"texture":"#0"},"west":{"uv":[10.85714,11.42857,10.28571,12.57143],"rotation":180,"texture":"#0"},"up":{"uv":[13.14286,13.14286,13.71429,13.71429],"texture":"#0"},"down":{"uv":[13.14286,13.14286,13.71429,12.57143],"texture":"#0"}}},{"from":[4.57511,3.91489,7.461],"to":[6.04511,5.38489,8.539],"rotation":{"angle":0,"axis":"y","origin":[8,3.39813,8]},"faces":{"north":{"uv":[11.14286,10.28571,10.28571,11.14286],"rotation":270,"texture":"#0"},"east":{"uv":[13.14286,1.71429,14,1.14286],"rotation":270,"texture":"#0"},"south":{"uv":[11.14286,9.14286,10.28571,10],"rotation":90,"texture":"#0"},"west":{"uv":[13.14286,1.71429,14,2.28571],"rotation":270,"texture":"#0"},"up":{"uv":[13.71429,0,13.14286,0.85714],"rotation":90,"texture":"#0"},"down":{"uv":[13.14286,12,12.57143,12.85714],"rotation":90,"texture":"#0"}}},{"from":[7.97095,3.36907,7.461],"to":[9.44095,4.83907,8.539],"rotation":{"angle":45,"axis":"z","origin":[8,3.39813,8]},"faces":{"north":{"uv":[11.14286,10.28571,10.28571,11.14286],"rotation":180,"texture":"#0"},"east":{"uv":[13.71429,0,13.14286,0.85714],"rotation":180,"texture":"#0"},"south":{"uv":[11.14286,9.14286,10.28571,10],"rotation":180,"texture":"#0"},"west":{"uv":[13.14286,12,12.57143,12.85714],"rotation":180,"texture":"#0"},"up":{"uv":[13.14286,1.71429,14,2.28571],"texture":"#0"},"down":{"uv":[13.14286,1.71429,14,1.14286],"texture":"#0"}}},{"from":[9.40976,2.58973,7.5835],"to":[11.36976,3.56973,8.4165],"rotation":{"angle":22.5,"axis":"z","origin":[8,3.39813,8]},"faces":{"north":{"uv":[12,10.28571,11.42857,9.14286],"rotation":270,"texture":"#0"},"east":{"uv":[13.71429,3.28571,14.28571,2.85714],"rotation":270,"texture":"#0"},"south":{"uv":[9.71429,12.57143,9.14286,11.42857],"rotation":90,"texture":"#0"},"west":{"uv":[13.71429,2.28571,14.28571,2.71429],"rotation":270,"texture":"#0"},"up":{"uv":[12.42857,13.71429,12,12.57143],"rotation":90,"texture":"#0"},"down":{"uv":[11.85714,13.71429,11.42857,12.57143],"rotation":90,"texture":"#0"}}},{"from":[9.07062,4.02957,7.559],"to":[10.05062,5.98957,8.441],"rotation":{"angle":-22.5,"axis":"z","origin":[8,3.39813,8]},"faces":{"north":{"uv":[11.42857,10.28571,12,11.42857],"rotation":180,"texture":"#0"},"east":{"uv":[10.28571,11.42857,10.85714,12.57143],"rotation":180,"texture":"#0"},"south":{"uv":[9.71429,11.42857,10.28571,12.57143],"rotation":180,"texture":"#0"},"west":{"uv":[10.85714,11.42857,11.42857,12.57143],"rotation":180,"texture":"#0"},"up":{"uv":[13.71429,13.14286,13.14286,13.71429],"texture":"#0"},"down":{"uv":[13.71429,13.14286,13.14286,12.57143],"texture":"#0"}}},{"from":[9.95489,3.91489,7.461],"to":[11.42489,5.38489,8.539],"rotation":{"angle":0,"axis":"y","origin":[8,3.39813,8]},"faces":{"north":{"uv":[11.14286,11.14286,10.28571,10.28571],"rotation":270,"texture":"#0"},"east":{"uv":[13.14286,2.28571,14,1.71429],"rotation":270,"texture":"#0"},"south":{"uv":[11.14286,10,10.28571,9.14286],"rotation":90,"texture":"#0"},"west":{"uv":[13.14286,1.14286,14,1.71429],"rotation":270,"texture":"#0"},"up":{"uv":[13.71429,0.85714,13.14286,0],"rotation":90,"texture":"#0"},"down":{"uv":[13.14286,12.85714,12.57143,12],"rotation":90,"texture":"#0"}}},{"from":[4.11875,3.92125,7.9],"to":[11.86875,11.67125,8.1],"rotation":{"angle":0,"axis":"y","origin":[8,3.39813,8]},"faces":{"north":{"uv":[0,0,16,16],"rotation":90,"texture":"#1"},"east":{"uv":[0,0,2.14286,0],"rotation":90,"texture":"#1"},"south":{"uv":[16,0,0,16],"rotation":270,"texture":"#1"},"west":{"uv":[0,0,2.14286,0],"rotation":90,"texture":"#1"},"up":{"uv":[0,0,0,1.85714],"rotation":270,"texture":"#1"},"down":{"uv":[0,0,0,1.85714],"rotation":270,"texture":"#1"}}},{"from":[4,-10,8],"to":[12,8,8],"rotation":{"angle":0,"axis":"y","origin":[8,3.39813,8]},"faces":{"north":{"uv":[0,0,6.4,14.4],"texture":"#4"},"east":{"uv":[0,0,0,14.4],"texture":"#4"},"south":{"uv":[6.4,0,0,14.4],"texture":"#4"},"west":{"uv":[0,0,0,14.4],"texture":"#4"},"up":{"uv":[6.4,0,0,0],"texture":"#4"},"down":{"uv":[6.4,0,0,0],"texture":"#4"}}},{"from":[6.84818,-4.155,7.95],"to":[15.84818,12.845,8.05],"rotation":{"angle":-22.5,"axis":"z","origin":[8,3.39813,8]},"faces":{"north":{"uv":[0,10,11.33333,16],"rotation":270,"texture":"#2"},"east":{"uv":[11.33333,0,0,0],"rotation":90,"texture":"#2"},"south":{"uv":[11.33333,10,0,16],"rotation":90,"texture":"#2"},"west":{"uv":[11.33333,0,0,0],"rotation":90,"texture":"#2"},"up":{"uv":[0,0,0,6],"rotation":90,"texture":"#2"},"down":{"uv":[0,0,0,6],"rotation":90,"texture":"#2"}}},{"from":[0.15182,-4.155,7.95],"to":[9.15182,12.845,8.05],"rotation":{"angle":22.5,"axis":"z","origin":[8,3.39813,8]},"faces":{"north":{"uv":[0,16,11.33333,10],"rotation":270,"texture":"#2"},"east":{"uv":[11.33333,0,0,0],"rotation":90,"texture":"#2"},"south":{"uv":[11.33333,16,0,10],"rotation":90,"texture":"#2"},"west":{"uv":[11.33333,0,0,0],"rotation":90,"texture":"#2"},"up":{"uv":[0,6,0,0],"rotation":90,"texture":"#2"},"down":{"uv":[0,6,0,0],"rotation":90,"texture":"#2"}}}],"gui_light":"front","display":{"thirdperson_righthand":{"rotation":[62.75,-90,-27],"translation":[2.25,-2,12],"scale":[1.1,1.1,1.1]},"thirdperson_lefthand":{"rotation":[62.75,-90,-27],"translation":[2.25,-2,12],"scale":[1.1,1.1,1.1]},"firstperson_righthand":{"translation":[1.75,9.5,-3.75]},"firstperson_lefthand":{"translation":[1.75,9.5,-3.75]},"ground":{"translation":[-0.5,15,0],"scale":[0.9,0.9,0.9]},"gui":{"translation":[0,4.5,0],"scale":[0.67,0.67,0.67]},"head":{"translation":[0,-24.5,0],"scale":[0,0,0]},"fixed":{"translation":[0,28,-1.5],"scale":[3.4,3.4,3.4]}}}