{"credit":"MadewithBlockbench","textures":{"0":"elitecreatures:berserker_animated_weapon_set/texture","1":"elitecreatures:berserker_animated_weapon_set/fire_eye","particle":"elitecreatures:berserker_animated_weapon_set/texture"},"elements":[{"from":[7.95,8.01625,5.3875],"to":[8.05,11.47625,10.6125],"rotation":{"angle":0,"axis":"y","origin":[7.95,13.98625,6.94375]},"faces":{"north":{"uv":[6.85714,1.57143,9,1.71429],"rotation":270,"texture":"#0"},"east":{"uv":[6.85714,5,9,1.57143],"rotation":270,"texture":"#0"},"south":{"uv":[6.85714,1.57143,9,1.71429],"rotation":270,"texture":"#0"},"west":{"uv":[6.85714,1.57143,9,5],"rotation":270,"texture":"#0"},"up":{"uv":[9,5,8.85714,1.57143],"texture":"#0"},"down":{"uv":[0,14.42857,0,0],"rotation":180,"texture":"#0"}}},{"from":[7.4835,8.15168,6.10029],"to":[8.5165,9.13168,8.06029],"rotation":{"angle":-22.5,"axis":"x","origin":[8,12.92875,9.1]},"faces":{"north":{"uv":[13.71429,3.42857,13.14286,4],"texture":"#0"},"east":{"uv":[12.57143,4.57143,11.42857,5.14286],"texture":"#0"},"south":{"uv":[13.71429,4,13.14286,4.57143],"texture":"#0"},"west":{"uv":[12.57143,5.14286,11.42857,5.71429],"texture":"#0"},"up":{"uv":[11.42857,6.28571,12.57143,5.71429],"rotation":90,"texture":"#0"},"down":{"uv":[11.42857,6.28571,12.57143,6.85714],"rotation":270,"texture":"#0"}}},{"from":[7.459,7.62485,9.87003],"to":[8.541,8.60485,11.83003],"rotation":{"angle":22.5,"axis":"x","origin":[8,12.92875,9.1]},"faces":{"north":{"uv":[13.71429,4.57143,13.14286,5.14286],"texture":"#0"},"east":{"uv":[12.57143,6.85714,11.42857,7.42857],"texture":"#0"},"south":{"uv":[13.71429,5.14286,13.14286,5.71429],"texture":"#0"},"west":{"uv":[12.57143,7.42857,11.42857,8],"texture":"#0"},"up":{"uv":[11.42857,8.57143,12.57143,8],"rotation":90,"texture":"#0"},"down":{"uv":[11.42857,8.57143,12.57143,9.14286],"rotation":270,"texture":"#0"}}},{"from":[7.41,9.04739,12.18421],"to":[8.59,10.51739,13.65421],"rotation":{"angle":45,"axis":"x","origin":[8,12.92875,9.1]},"faces":{"north":{"uv":[12.14286,11.42857,11.42857,12.28571],"texture":"#0"},"east":{"uv":[11.14286,8,10.28571,8.85714],"texture":"#0"},"south":{"uv":[12.71429,0,12,0.85714],"texture":"#0"},"west":{"uv":[10,10.28571,9.14286,11.14286],"texture":"#0"},"up":{"uv":[12,1.85714,12.85714,1.14286],"rotation":90,"texture":"#0"},"down":{"uv":[12,9.14286,12.85714,9.85714],"rotation":270,"texture":"#0"}}},{"from":[7.4835,8.15168,7.93971],"to":[8.5165,9.13168,9.89971],"rotation":{"angle":22.5,"axis":"x","origin":[8,12.92875,6.9]},"faces":{"north":{"uv":[13.14286,4,13.71429,4.57143],"texture":"#0"},"east":{"uv":[11.42857,4.57143,12.57143,5.14286],"texture":"#0"},"south":{"uv":[13.14286,3.42857,13.71429,4],"texture":"#0"},"west":{"uv":[11.42857,5.14286,12.57143,5.71429],"texture":"#0"},"up":{"uv":[12.57143,6.28571,11.42857,5.71429],"rotation":90,"texture":"#0"},"down":{"uv":[12.57143,6.28571,11.42857,6.85714],"rotation":270,"texture":"#0"}}},{"from":[7.41,9.04739,2.34579],"to":[8.59,10.51739,3.81579],"rotation":{"angle":-45,"axis":"x","origin":[8,12.92875,6.9]},"faces":{"north":{"uv":[12,0,12.71429,0.85714],"texture":"#0"},"east":{"uv":[10.28571,8,11.14286,8.85714],"texture":"#0"},"south":{"uv":[11.42857,11.42857,12.14286,12.28571],"texture":"#0"},"west":{"uv":[9.14286,10.28571,10,11.14286],"texture":"#0"},"up":{"uv":[12.85714,1.85714,12,1.14286],"rotation":90,"texture":"#0"},"down":{"uv":[12.85714,9.14286,12,9.85714],"rotation":270,"texture":"#0"}}},{"from":[7.459,7.62485,4.16997],"to":[8.541,8.60485,6.12997],"rotation":{"angle":-22.5,"axis":"x","origin":[8,12.92875,6.9]},"faces":{"north":{"uv":[13.14286,5.14286,13.71429,5.71429],"texture":"#0"},"east":{"uv":[11.42857,6.85714,12.57143,7.42857],"texture":"#0"},"south":{"uv":[13.14286,4.57143,13.71429,5.14286],"texture":"#0"},"west":{"uv":[11.42857,7.42857,12.57143,8],"texture":"#0"},"up":{"uv":[12.57143,8.57143,11.42857,8],"rotation":90,"texture":"#0"},"down":{"uv":[12.57143,8.57143,11.42857,9.14286],"rotation":270,"texture":"#0"}}},{"from":[7.559,5.53158,7.13538],"to":[8.441,7.49158,8.11538],"rotation":{"angle":-22.5,"axis":"x","origin":[8,6.51158,7.62538]},"faces":{"north":{"uv":[12.57143,8.57143,11.42857,9.14286],"rotation":90,"texture":"#0"},"east":{"uv":[11.42857,6.85714,12.57143,7.42857],"rotation":270,"texture":"#0"},"south":{"uv":[12.57143,8.57143,11.42857,8],"rotation":90,"texture":"#0"},"west":{"uv":[11.42857,7.42857,12.57143,8],"rotation":90,"texture":"#0"},"up":{"uv":[13.14286,5.14286,13.71429,5.71429],"rotation":180,"texture":"#0"},"down":{"uv":[13.14286,4.57143,13.71429,5.14286],"texture":"#0"}}},{"from":[7.559,5.53158,7.88462],"to":[8.441,7.49158,8.86462],"rotation":{"angle":22.5,"axis":"x","origin":[8,6.51158,8.37462]},"faces":{"north":{"uv":[12.57143,8,11.42857,8.57143],"rotation":90,"texture":"#0"},"east":{"uv":[11.42857,7.42857,12.57143,6.85714],"rotation":270,"texture":"#0"},"south":{"uv":[12.57143,9.14286,11.42857,8.57143],"rotation":90,"texture":"#0"},"west":{"uv":[11.42857,8,12.57143,7.42857],"rotation":90,"texture":"#0"},"up":{"uv":[13.14286,5.71429,13.71429,5.14286],"rotation":180,"texture":"#0"},"down":{"uv":[13.14286,5.14286,13.71429,4.57143],"texture":"#0"}}},{"from":[7.51,5.32,7.51],"to":[8.49,6.3,8.49],"rotation":{"angle":0,"axis":"y","origin":[8,6.42875,9.14]},"faces":{"north":{"uv":[13.71429,6.28571,13.14286,6.85714],"texture":"#0"},"east":{"uv":[13.71429,5.71429,13.14286,6.28571],"texture":"#0"},"south":{"uv":[13.71429,7.42857,13.14286,8],"texture":"#0"},"west":{"uv":[13.71429,6.85714,13.14286,7.42857],"texture":"#0"},"up":{"uv":[13.14286,8.57143,13.71429,8],"rotation":90,"texture":"#0"},"down":{"uv":[13.14286,8.57143,13.71429,9.14286],"rotation":270,"texture":"#0"}}},{"from":[7.51,-6.275,7.51],"to":[8.49,-5.295,8.49],"rotation":{"angle":0,"axis":"y","origin":[8,3.01875,9.14]},"faces":{"north":{"uv":[13.71429,6.28571,13.14286,6.85714],"texture":"#0"},"east":{"uv":[13.71429,5.71429,13.14286,6.28571],"texture":"#0"},"south":{"uv":[13.71429,7.42857,13.14286,8],"texture":"#0"},"west":{"uv":[13.71429,6.85714,13.14286,7.42857],"texture":"#0"},"up":{"uv":[13.14286,8.57143,13.71429,8],"rotation":90,"texture":"#0"},"down":{"uv":[13.14286,8.57143,13.71429,9.14286],"rotation":270,"texture":"#0"}}},{"from":[7.6325,-6.295,7.6325],"to":[8.3675,-4.09,8.3675],"rotation":{"angle":0,"axis":"y","origin":[8,2.01875,9.14]},"faces":{"north":{"uv":[13,4,12.57143,5.28571],"texture":"#0"},"east":{"uv":[13,2.28571,12.57143,3.57143],"texture":"#0"},"south":{"uv":[13,7.42857,12.57143,8.71429],"texture":"#0"},"west":{"uv":[13,5.71429,12.57143,7],"texture":"#0"},"up":{"uv":[13.71429,3.85714,14.14286,3.42857],"rotation":90,"texture":"#0"},"down":{"uv":[13.71429,4,14.14286,4.42857],"rotation":270,"texture":"#0"}}},{"from":[7.6325,4.82,7.6325],"to":[8.3675,7.025,8.3675],"rotation":{"angle":0,"axis":"y","origin":[8,13.13375,9.14]},"faces":{"north":{"uv":[13,4,12.57143,5.28571],"texture":"#0"},"east":{"uv":[13,2.28571,12.57143,3.57143],"texture":"#0"},"south":{"uv":[13,7.42857,12.57143,8.71429],"texture":"#0"},"west":{"uv":[13,5.71429,12.57143,7],"texture":"#0"},"up":{"uv":[13.71429,3.85714,14.14286,3.42857],"rotation":90,"texture":"#0"},"down":{"uv":[13.71429,4,14.14286,4.42857],"rotation":270,"texture":"#0"}}},{"from":[7.6325,-4.09,7.6325],"to":[8.3675,0.365,8.3675],"rotation":{"angle":0,"axis":"y","origin":[8,1.47375,9.14]},"faces":{"north":{"uv":[14.28571,6.85714,13.85714,9.57142],"texture":"#0"},"east":{"uv":[14.28571,6.85714,13.85714,9.57143],"texture":"#0"},"south":{"uv":[14.28571,6.85714,13.85714,9.57143],"texture":"#0"},"west":{"uv":[14.28571,6.85715,13.85714,9.57143],"texture":"#0"},"up":{"uv":[13.71429,3.85714,14.14286,3.42857],"rotation":90,"texture":"#0"},"down":{"uv":[13.71429,4,14.14286,4.42857],"rotation":270,"texture":"#0"}}},{"from":[7.6325,0.365,7.6325],"to":[8.3675,4.82,8.3675],"rotation":{"angle":0,"axis":"y","origin":[8,1.92875,9.14]},"faces":{"north":{"uv":[14.28571,6.85714,13.85714,9.57142],"texture":"#0"},"east":{"uv":[14.28571,6.85714,13.85714,9.57143],"texture":"#0"},"south":{"uv":[14.28571,6.85714,13.85714,9.57143],"texture":"#0"},"west":{"uv":[14.28571,6.85715,13.85714,9.57143],"texture":"#0"},"up":{"uv":[13.71429,3.85714,14.14286,3.42857],"rotation":90,"texture":"#0"},"down":{"uv":[13.71429,4,14.14286,4.42857],"rotation":270,"texture":"#0"}}},{"from":[7.51,6.685,7.51],"to":[8.49,7.175,8.49],"rotation":{"angle":0,"axis":"y","origin":[8,6.93,8]},"faces":{"north":{"uv":[14.28571,5.14286,13.71429,5.42857],"texture":"#0"},"east":{"uv":[14.28571,4.57143,13.71429,4.85714],"texture":"#0"},"south":{"uv":[14.28571,6.28571,13.71429,6.57143],"texture":"#0"},"west":{"uv":[14.28571,5.71429,13.71429,6],"texture":"#0"},"up":{"uv":[13.14286,12.57143,13.71429,12],"rotation":90,"texture":"#0"},"down":{"uv":[12.57143,13.14286,13.14286,13.71429],"rotation":270,"texture":"#0"}}},{"from":[7.51,6.85387,8.35894],"to":[8.49,7.34387,9.33894],"rotation":{"angle":-22.5,"axis":"x","origin":[8,7.09887,8.84894]},"faces":{"north":{"uv":[13.71429,6.28571,14.28571,6.57143],"texture":"#0"},"east":{"uv":[13.71429,4.57143,14.28571,4.85714],"texture":"#0"},"south":{"uv":[13.71429,5.14286,14.28571,5.42857],"texture":"#0"},"west":{"uv":[13.71429,5.71429,14.28571,6],"texture":"#0"},"up":{"uv":[13.71429,12.57143,13.14286,12],"rotation":90,"texture":"#0"},"down":{"uv":[13.14286,13.14286,12.57143,13.71429],"rotation":270,"texture":"#0"}}},{"from":[7.51,6.85387,6.66105],"to":[8.49,7.34387,7.64105],"rotation":{"angle":22.5,"axis":"x","origin":[8,7.09887,7.15105]},"faces":{"north":{"uv":[14.28571,5.14286,13.71429,5.42857],"texture":"#0"},"east":{"uv":[14.28571,4.57143,13.71429,4.85714],"texture":"#0"},"south":{"uv":[14.28571,6.28571,13.71429,6.57143],"texture":"#0"},"west":{"uv":[13.71429,5.71429,14.28571,6],"texture":"#0"},"up":{"uv":[13.14286,12.57143,13.71429,12],"rotation":90,"texture":"#0"},"down":{"uv":[12.57143,13.14286,13.14286,13.71429],"rotation":270,"texture":"#0"}}},{"from":[7.5835,-7.22105,11.04405],"to":[8.4165,-5.26105,12.02405],"rotation":{"angle":22.5,"axis":"x","origin":[8,3.01875,9.14]},"faces":{"north":{"uv":[11.85714,12.57143,11.42857,13.71429],"texture":"#0"},"east":{"uv":[9.71429,11.42857,9.14286,12.57143],"texture":"#0"},"south":{"uv":[12.42857,12.57143,12,13.71429],"texture":"#0"},"west":{"uv":[12,9.14286,11.42857,10.28571],"texture":"#0"},"up":{"uv":[13.71429,2.71429,14.28571,2.28571],"rotation":90,"texture":"#0"},"down":{"uv":[13.71429,2.85714,14.28571,3.28571],"rotation":270,"texture":"#0"}}},{"from":[7.559,-6.34853,4.14951],"to":[8.441,-4.38853,5.12951],"rotation":{"angle":-22.5,"axis":"x","origin":[8,3.01875,9.14]},"faces":{"north":{"uv":[10.85714,11.42857,10.28571,12.57143],"texture":"#0"},"east":{"uv":[10.28571,11.42857,9.71429,12.57143],"texture":"#0"},"south":{"uv":[11.42857,11.42857,10.85714,12.57143],"texture":"#0"},"west":{"uv":[12,10.28571,11.42857,11.42857],"texture":"#0"},"up":{"uv":[13.14286,13.14286,13.71429,12.57143],"rotation":90,"texture":"#0"},"down":{"uv":[13.14286,13.14286,13.71429,13.71429],"rotation":270,"texture":"#0"}}},{"from":[7.461,-5.71523,14.79178],"to":[8.539,-4.24523,16.26178],"rotation":{"angle":45,"axis":"x","origin":[8,3.01875,9.14]},"faces":{"north":{"uv":[13.14286,12,12.57143,12.85714],"texture":"#0"},"east":{"uv":[11.14286,9.14286,10.28571,10],"texture":"#0"},"south":{"uv":[13.71429,0,13.14286,0.85714],"texture":"#0"},"west":{"uv":[11.14286,10.28571,10.28571,11.14286],"texture":"#0"},"up":{"uv":[13.14286,1.71429,14,1.14286],"rotation":90,"texture":"#0"},"down":{"uv":[13.14286,1.71429,14,2.28571],"rotation":270,"texture":"#0"}}},{"from":[7.461,8.11648,7.265],"to":[8.539,9.58648,8.735],"rotation":{"angle":45,"axis":"x","origin":[8,8.85148,8]},"faces":{"north":{"uv":[13.71429,0,13.14286,0.85714],"rotation":180,"texture":"#0"},"east":{"uv":[11.14286,9.14286,10.28571,10],"rotation":180,"texture":"#0"},"south":{"uv":[13.14286,12,12.57143,12.85714],"rotation":180,"texture":"#0"},"west":{"uv":[11.14286,10.28571,10.28571,11.14286],"rotation":180,"texture":"#0"},"up":{"uv":[13.14286,1.71429,14,2.28571],"rotation":270,"texture":"#0"},"down":{"uv":[13.14286,1.71429,14,1.14286],"rotation":90,"texture":"#0"}}},{"from":[8,-9.25,6.145],"to":[8,-5.925,9.855],"rotation":{"angle":0,"axis":"y","origin":[8,3.01875,9.14]},"faces":{"north":{"uv":[0,0,0,1.85714],"texture":"#0"},"east":{"uv":[9.14286,2.28571,11.28571,4.14285],"texture":"#0"},"south":{"uv":[0,0,0,1.85714],"texture":"#0"},"west":{"uv":[11.28571,2.28571,9.14286,4.14286],"texture":"#0"},"up":{"uv":[0,0,2.14286,0],"rotation":90,"texture":"#0"},"down":{"uv":[0,0,2.14286,0],"rotation":270,"texture":"#0"}}},{"from":[8,8.72625,2.7775],"to":[8,16.55125,6.7375],"rotation":{"angle":0,"axis":"x","origin":[8,15.38875,7.4075]},"faces":{"north":{"uv":[0,0,0,1.85714],"rotation":180,"texture":"#0"},"east":{"uv":[9,11.71428,6.85715,15.85713],"rotation":180,"texture":"#0"},"south":{"uv":[0,0,0,1.85714],"rotation":180,"texture":"#0"},"west":{"uv":[6.85715,11.71428,9,15.85714],"rotation":180,"texture":"#0"},"up":{"uv":[0,0,2.14286,0],"rotation":270,"texture":"#0"},"down":{"uv":[0,0,2.14286,0],"rotation":90,"texture":"#0"}}},{"from":[8,8.72625,9.2625],"to":[8,16.55125,13.2225],"rotation":{"angle":0,"axis":"x","origin":[8,15.38875,8.5925]},"faces":{"north":{"uv":[0,0,0,1.85714],"rotation":180,"texture":"#0"},"east":{"uv":[6.85715,11.71428,9,15.85713],"rotation":180,"texture":"#0"},"south":{"uv":[0,0,0,1.85714],"rotation":180,"texture":"#0"},"west":{"uv":[9,11.71428,6.85715,15.85714],"rotation":180,"texture":"#0"},"up":{"uv":[2.14286,0,0,0],"rotation":270,"texture":"#0"},"down":{"uv":[2.14286,0,0,0],"rotation":90,"texture":"#0"}}},{"from":[7.9,8.17125,4.125],"to":[8.1,15.92125,11.875],"rotation":{"angle":0,"axis":"y","origin":[8,15.18125,-8.00625]},"faces":{"north":{"uv":[0,0,2.14286,0],"rotation":90,"texture":"#1"},"east":{"uv":[16,0,0,16],"rotation":270,"texture":"#1"},"south":{"uv":[0,0,2.14286,0],"rotation":90,"texture":"#1"},"west":{"uv":[0,0,16,16],"rotation":90,"texture":"#1"},"up":{"uv":[0,0,0,1.85714],"rotation":180,"texture":"#1"},"down":{"uv":[0,0,0,1.85714],"texture":"#1"}}}],"gui_light":"front","display":{"thirdperson_righthand":{"translation":[0,13.75,1.5],"scale":[1.4,1.4,1.4]},"thirdperson_lefthand":{"translation":[0,13.75,1.5],"scale":[1.4,1.4,1.4]},"firstperson_righthand":{"translation":[10,7.5,-5.75],"scale":[0.96602,0.96602,0.96602]},"firstperson_lefthand":{"translation":[10,7.5,-5.75],"scale":[0.96602,0.96602,0.96602]},"ground":{"rotation":[-45,0,0],"translation":[-0.5,11,-3.5],"scale":[0.9,0.9,0.9]},"gui":{"rotation":[-90,-45,-90],"translation":[2.25,1.75,0],"scale":[0.76141,0.76141,0.76141]},"head":{"translation":[0,-24.5,0],"scale":[0,0,0]},"fixed":{"rotation":[0,-90,0],"translation":[0,28,-1.5],"scale":[3.5,3.5,3.5]}}}