{"textures​":{"layer0":"minecraft:item/cyan_bundle"},"credit":"Made with Blockbench","texture_size":[32,32],"\u0074\u0065\u0078\u0074\u0075\u0072\u0065\u0073":{"1":"\u0073\u0061\u0074\u0075\u0072\u006e\u0073\u0074\u0075\u0064\u0069\u006f:\u006c\u0069\u0067\u0068\u0074\u0073\u0061\u0062\u0065\u0072_6","\u0070\u0061\u0072\u0074\u0069\u0063\u006c\u0065":"#1"},"elements":[{"from":[7.25,-1.8125,7.25],"to":[8.75,-0.8125,8.75],"rotation":{"angle":0,"axis":"y","origin":[6.75,-3.0625,7]},"faces":{"north":{"uv":[10,4.5,10.75,5],"texture":"#1"},"east":{"uv":[10,5,10.75,5.5],"texture":"#1"},"south":{"uv":[10,5.5,10.75,6],"texture":"#1"},"west":{"uv":[10,6,10.75,6.5],"texture":"#1"},"up":{"uv":[2.75,10.75,2,10],"texture":"#1"},"down":{"uv":[10.75,2,10,2.75],"texture":"#1"}}},{"from":[7.25,7.9375,7.25],"to":[8.75,26.6875,8.75],"rotation":{"angle":0,"axis":"y","origin":[6.75,6.4375,7]},"faces":{"north":{"uv":[4,0,4.75,9.5],"texture":"#1"},"east":{"uv":[5,0,5.75,9.5],"texture":"#1"},"south":{"uv":[6,0,6.75,9.5],"texture":"#1"},"west":{"uv":[7,0,7.75,9.5],"texture":"#1"},"up":{"uv":[1.75,10.75,1,10],"texture":"#1"},"down":{"uv":[10.75,1,10,1.75],"texture":"#1"}}},{"from":[7,6.9375,7],"to":[9,7.9375,9],"rotation":{"angle":0,"axis":"y","origin":[7,5.6875,7]},"faces":{"north":{"uv":[3,10,4,10.5],"texture":"#1"},"east":{"uv":[10,3,11,3.5],"texture":"#1"},"south":{"uv":[10,3.5,11,4],"texture":"#1"},"west":{"uv":[10,4,11,4.5],"texture":"#1"},"up":{"uv":[5,10.5,4,9.5],"texture":"#1"},"down":{"uv":[6,9.5,5,10.5],"texture":"#1"}}},{"from":[7.25,3.6875,7.25],"to":[8.75,7.1875,8.75],"rotation":{"angle":0,"axis":"y","origin":[6.75,4.9375,7]},"faces":{"north":{"uv":[9,0,9.75,1.75],"texture":"#1"},"east":{"uv":[9,2,9.75,3.75],"texture":"#1"},"south":{"uv":[9,4,9.75,5.75],"texture":"#1"},"west":{"uv":[9,6,9.75,7.75],"texture":"#1"},"up":{"uv":[0.75,10.75,0,10],"texture":"#1"},"down":{"uv":[10.75,0,10,0.75],"texture":"#1"}}},{"from":[7,-1.0625,7],"to":[9,3.9375,9],"rotation":{"angle":0,"axis":"y","origin":[7,1.6875,7]},"faces":{"north":{"uv":[8,0,9,2.5],"texture":"#1"},"east":{"uv":[8,2.5,9,5],"texture":"#1"},"south":{"uv":[8,5,9,7.5],"texture":"#1"},"west":{"uv":[8,7.5,9,10],"texture":"#1"},"up":{"uv":[10,9,9,8],"texture":"#1"},"down":{"uv":[10,9,9,10],"texture":"#1"}}},{"name":"cube_outline","from":[9.1,27.0375,9.1],"to":[6.9,7.5875,6.9],"rotation":{"angle":0,"axis":"y","origin":[8,17.3125,8]},"faces":{"north":{"uv":[0,0,1,9.75],"texture":"#1"},"east":{"uv":[1,0,2,9.75],"texture":"#1"},"south":{"uv":[2,0,3,9.75],"texture":"#1"},"west":{"uv":[3,0,4,9.75],"texture":"#1"},"down":{"uv":[8,9.5,7,10.5],"texture":"#1"}}}],"display":{"thirdperson_righthand":{"translation":[0,4.25,1.5],"scale":[0.9,0.9,0.9]},"thirdperson_lefthand":{"translation":[0,4.25,1.5],"scale":[0.9,0.9,0.9]},"firstperson_righthand":{"rotation":[0,-90,25],"translation":[2.13,3.2,1.13],"scale":[0.68,0.68,0.68]},"firstperson_lefthand":{"rotation":[0,-90,25],"translation":[2.13,3.2,1.13],"scale":[0.68,0.68,0.68]},"ground":{"translation":[0,2,0],"scale":[0.5,0.5,0.5]},"gui":{"rotation":[0,0,-45],"translation":[-1.75,-2,0],"scale":[0.65,0.65,0.65]},"fixed":{"translation":[0,-9.5,0],"scale":[1.75,1.75,1.75]}},"gui_light":"front"}