{"model":{"type":"range_dispatch","property":"custom_model_data","index":0,"fallback":{"type":"minecraft:model","model":"minecraft:item/sugar"},"entries":[{"threshold":10000,"model":{"type":"model","model":"crates_expansion:ia_auto_gen/common_key"}},{"threshold":10001,"model":{"type":"model","model":"crates_expansion:ia_auto_gen/rare_key"}},{"threshold":10002,"model":{"type":"model","model":"crates_expansion:ia_auto_gen/legendary_key"}},{"threshold":10003,"model":{"type":"model","model":"crates_expansion:ia_auto_gen/cosmetic_key"}},{"threshold":10004,"model":{"type":"model","model":"crates_expansion:ia_auto_gen/furniture_key"}},{"threshold":10005,"model":{"type":"model","model":"crates_expansion:ia_auto_gen/pet_key"}},{"threshold":10006,"model":{"type":"model","model":"item/sugar"}}]},"oversized_in_gui":true}