{"textures":{"0":"modelengine:entity/ender_ripper","particle":"#0"},"elements":[{"from":[5.5,7.5,8.0],"to":[10.5,9.5,8.0],"faces":{"east":{"uv":[5.875,4.5,4.5,5.875],"tintindex":0,"rotation":0,"texture":"#0"},"south":{"uv":[8.75,9.0,9.375,9.25],"tintindex":0,"rotation":0,"texture":"#0"},"north":{"uv":[9.375,9.0,8.75,9.25],"tintindex":0,"rotation":0,"texture":"#0"},"west":{"uv":[2.875,4.5,1.5,5.875],"tintindex":0,"rotation":0,"texture":"#0"},"up":{"uv":[4.75,1.375,6.125,0.0],"tintindex":0,"rotation":0,"texture":"#0"},"down":{"uv":[4.75,1.5,6.125,2.875],"tintindex":0,"rotation":0,"texture":"#0"}}}],"display":{"head":{"rotation":[0.0,0.0,0.0]},"firstperson_righthand":{"rotation":[0.0,0.0,0.0]},"thirdperson_lefthand":{"rotation":[0.0,-0.0,-0.0]},"firstperson_lefthand":{"rotation":[0.0,-0.0,-0.0]},"fixed":{"rotation":[0.0,0.0,0.0]},"ground":{"rotation":[0.0,0.0,0.0]},"thirdperson_righthand":{"rotation":[0.0,0.0,0.0]},"gui":{"rotation":[-150.0,-45.0,180.0]}}}