{"credit":"MadewithBlockbench","texture_size":[52,52],"textures":{"0":"elitecreatures:easterbunny_animated_weapon_set_v2/texture","1":"elitecreatures:easterbunny_animated_weapon_set_v2/eff_01","2":"elitecreatures:easterbunny_animated_weapon_set_v2/eff_02","5":"elitecreatures:easterbunny_animated_weapon_set_v2/chest","particle":"elitecreatures:easterbunny_animated_weapon_set_v2/texture"},"elements":[{"from":[2.635,3.90346,12.03873],"to":[13.365,12.09346,13.83273],"rotation":{"angle":-22.5,"axis":"x","origin":[8,4.59291,11.85445]},"faces":{"north":{"uv":[3.23077,2.76923,0,5.30769],"rotation":180,"texture":"#5"},"east":{"uv":[5.23077,10.15385,7.76923,10.69231],"rotation":270,"texture":"#5"},"south":{"uv":[3.23077,2.53846,0,0],"texture":"#5"},"west":{"uv":[8,10.15385,10.53846,10.69231],"rotation":90,"texture":"#5"},"up":{"uv":[9.84615,0,13.07692,0.53846],"rotation":180,"texture":"#5"},"down":{"uv":[9.84615,0.61538,13.07692,1.15385],"texture":"#5"}}},{"from":[2.562,10.65046,13.85573],"to":[4.278,12.36646,15.27573],"rotation":{"angle":-22.5,"axis":"x","origin":[8,4.59291,11.85445]},"faces":{"north":{"uv":[15,1.53846,14.46154,2.07692],"rotation":180,"texture":"#5"},"east":{"uv":[14.76923,6.46154,15.30769,6.92308],"rotation":270,"texture":"#5"},"south":{"uv":[1.76923,15,1.23077,14.46154],"texture":"#5"},"west":{"uv":[14.76923,7.07692,15.30769,7.53846],"rotation":90,"texture":"#5"},"up":{"uv":[6.15385,14.76923,6.69231,15.23077],"rotation":180,"texture":"#5"},"down":{"uv":[6.76923,14.76923,7.30769,15.23077],"texture":"#5"}}},{"from":[2.3025,10.79285,8.77693],"to":[4.0185,12.50885,11.11693],"rotation":{"angle":22.5,"axis":"x","origin":[8,4.59291,11.85445]},"faces":{"north":{"uv":[15,2.15385,14.46154,2.69231],"rotation":180,"texture":"#5"},"east":{"uv":[13.84615,2.46154,14.38462,3.15385],"rotation":270,"texture":"#5"},"south":{"uv":[2.38462,15,1.84615,14.46154],"texture":"#5"},"west":{"uv":[13.84615,4.30769,14.38462,5],"rotation":90,"texture":"#5"},"up":{"uv":[13.53846,13.53846,14.07692,14.23077],"rotation":180,"texture":"#5"},"down":{"uv":[13.84615,3.38462,14.38462,4.07692],"texture":"#5"}}},{"from":[2.318,5.30746,15.21436],"to":[4.034,10.68946,16.93036],"rotation":{"angle":-22.5,"axis":"x","origin":[8,4.59291,11.85445]},"faces":{"north":{"uv":[0.53846,11.69231,0,13.38462],"rotation":180,"texture":"#5"},"east":{"uv":[7.38462,11.38462,9.07692,11.92308],"rotation":270,"texture":"#5"},"south":{"uv":[11.61538,13.07692,11.07692,11.38462],"texture":"#5"},"west":{"uv":[9.23077,11.38462,10.92308,11.92308],"rotation":90,"texture":"#5"},"up":{"uv":[2.46154,14.46154,3,15],"rotation":180,"texture":"#5"},"down":{"uv":[14.46154,2.76923,15,3.30769],"texture":"#5"}}},{"from":[11.9815,10.79284,8.77693],"to":[13.6975,12.50884,11.11693],"rotation":{"angle":22.5,"axis":"x","origin":[8,4.59291,11.85445]},"faces":{"north":{"uv":[15,3.38462,14.46154,3.92308],"rotation":180,"texture":"#5"},"east":{"uv":[5.23077,13.84615,5.76923,14.53846],"rotation":270,"texture":"#5"},"south":{"uv":[3.61538,15,3.07692,14.46154],"texture":"#5"},"west":{"uv":[5.84615,13.84615,6.38462,14.53846],"rotation":90,"texture":"#5"},"up":{"uv":[4.61538,13.84615,5.15385,14.53846],"rotation":180,"texture":"#5"},"down":{"uv":[13.84615,5.23077,14.38462,5.92308],"texture":"#5"}}},{"from":[11.966,5.30746,15.21436],"to":[13.682,10.68946,16.93036],"rotation":{"angle":-22.5,"axis":"x","origin":[8,4.59291,11.85445]},"faces":{"north":{"uv":[12.23077,10.76923,11.69231,12.46154],"rotation":180,"texture":"#5"},"east":{"uv":[0.61538,11.69231,2.30769,12.23077],"rotation":270,"texture":"#5"},"south":{"uv":[4.84615,13.38462,4.30769,11.69231],"texture":"#5"},"west":{"uv":[2.46154,11.69231,4.15385,12.23077],"rotation":90,"texture":"#5"},"up":{"uv":[3.69231,14.46154,4.23077,15],"rotation":180,"texture":"#5"},"down":{"uv":[14.46154,4,15,4.53846],"texture":"#5"}}},{"from":[7.142,10.65046,13.85573],"to":[8.858,12.17146,15.19773],"rotation":{"angle":-22.5,"axis":"x","origin":[8,4.59291,11.85445]},"faces":{"north":{"uv":[15.30769,8.30769,14.76923,8.76923],"rotation":180,"texture":"#5"},"east":{"uv":[11.69231,9.84615,12.15385,10.15385],"rotation":270,"texture":"#5"},"south":{"uv":[15.30769,8.15385,14.76923,7.69231],"texture":"#5"},"west":{"uv":[12.30769,9.84615,12.76923,10.15385],"rotation":90,"texture":"#5"},"up":{"uv":[2.15385,9.53846,2.69231,9.84615],"rotation":180,"texture":"#5"},"down":{"uv":[2.76923,9.53846,3.30769,9.84615],"texture":"#5"}}},{"from":[7.142,10.79285,8.85493],"to":[8.858,12.31385,11.03893],"rotation":{"angle":22.5,"axis":"x","origin":[8,4.59291,11.85445]},"faces":{"north":{"uv":[15.30769,10.15385,14.76923,10.61538],"rotation":180,"texture":"#5"},"east":{"uv":[9.53846,14.15385,10,14.84615],"rotation":270,"texture":"#5"},"south":{"uv":[15.30769,10,14.76923,9.53846],"texture":"#5"},"west":{"uv":[14.15385,9.84615,14.61538,10.53846],"rotation":90,"texture":"#5"},"up":{"uv":[6.46154,13.84615,7,14.53846],"rotation":180,"texture":"#5"},"down":{"uv":[7.07692,13.84615,7.61538,14.53846],"texture":"#5"}}},{"from":[7.2395,5.38546,15.28329],"to":[8.7605,10.61146,16.70429],"rotation":{"angle":-22.5,"axis":"x","origin":[8,4.59291,11.85445]},"faces":{"north":{"uv":[7.84615,12,7.38462,13.61538],"rotation":180,"texture":"#5"},"east":{"uv":[11.69231,9.23077,13.30769,9.69231],"rotation":270,"texture":"#5"},"south":{"uv":[7.23077,13.61538,6.76923,12],"texture":"#5"},"west":{"uv":[4.92308,12,6.53846,12.46154],"rotation":90,"texture":"#5"},"up":{"uv":[15.07692,3.07692,15.53846,3.53846],"rotation":180,"texture":"#5"},"down":{"uv":[3.69231,15.07692,4.15385,15.53846],"texture":"#5"}}},{"from":[3.125,10.06638,9.02986],"to":[12.875,11.82138,10.74586],"rotation":{"angle":22.5,"axis":"x","origin":[8,4.59291,11.85445]},"faces":{"north":{"uv":[12.84615,2.46154,9.84615,3],"rotation":180,"texture":"#5"},"east":{"uv":[14.46154,4.61538,15,5.15385],"rotation":270,"texture":"#5"},"south":{"uv":[5.15385,10.38462,2.15385,9.84615],"texture":"#5"},"west":{"uv":[14.46154,5.23077,15,5.76923],"rotation":90,"texture":"#5"},"up":{"uv":[9.84615,1.23077,12.84615,1.76923],"rotation":180,"texture":"#5"},"down":{"uv":[9.84615,1.84615,12.84615,2.38462],"texture":"#5"}}},{"from":[3.32,4.29346,13.32573],"to":[12.68,11.70346,14.96373],"rotation":{"angle":-22.5,"axis":"x","origin":[8,4.59291,11.85445]},"faces":{"north":{"uv":[9.61538,2.46154,6.76923,4.76923],"rotation":180,"texture":"#5"},"east":{"uv":[0,10.46154,2.30769,11],"rotation":270,"texture":"#5"},"south":{"uv":[9.61538,2.30769,6.76923,0],"texture":"#5"},"west":{"uv":[2.46154,10.46154,4.76923,11],"rotation":90,"texture":"#5"},"up":{"uv":[9.84615,5.53846,12.69231,6.07692],"rotation":180,"texture":"#5"},"down":{"uv":[9.84615,5.53846,12.69231,6.07692],"texture":"#5"}}},{"from":[2.93,5.50246,14.84673],"to":[13.07,10.49446,16.21173],"rotation":{"angle":-22.5,"axis":"x","origin":[8,4.59291,11.85445]},"faces":{"north":{"uv":[3.15385,8,0,9.53846],"rotation":180,"texture":"#5"},"east":{"uv":[12.92308,1.23077,14.46154,1.61538],"rotation":270,"texture":"#5"},"south":{"uv":[6.53846,8.92308,3.38462,7.38462],"texture":"#5"},"west":{"uv":[12.92308,1.84615,14.46154,2.23077],"rotation":90,"texture":"#5"},"up":{"uv":[4.92308,10.76923,8.07692,11.15385],"rotation":180,"texture":"#5"},"down":{"uv":[8.30769,10.76923,11.46154,11.15385],"texture":"#5"}}},{"from":[3.125,6.58449,12.51174],"to":[12.875,8.30049,14.26674],"rotation":{"angle":22.5,"axis":"x","origin":[8,4.59291,11.85445]},"faces":{"north":{"uv":[9.84615,3.07692,12.84615,3.61538],"texture":"#5"},"east":{"uv":[14.46154,8.92308,15,9.46154],"texture":"#5"},"south":{"uv":[9.84615,1.23077,12.84615,1.76923],"texture":"#5"},"west":{"uv":[14.46154,10.76923,15,11.30769],"texture":"#5"},"up":{"uv":[12.84615,4.84615,9.84615,4.30769],"texture":"#5"},"down":{"uv":[12.84615,4.92308,9.84615,5.46154],"texture":"#5"}}},{"from":[2.3025,6.33156,13.23821],"to":[4.0185,8.67156,14.95421],"rotation":{"angle":22.5,"axis":"x","origin":[8,4.59291,11.85445]},"faces":{"north":{"uv":[13.84615,10.76923,14.38462,11.46154],"texture":"#5"},"east":{"uv":[13.84615,11.69231,14.38462,12.38462],"texture":"#5"},"south":{"uv":[13.84615,12.61538,14.38462,13.30769],"texture":"#5"},"west":{"uv":[14.15385,0,14.69231,0.69231],"texture":"#5"},"up":{"uv":[15,11.92308,14.46154,11.38462],"texture":"#5"},"down":{"uv":[15,12,14.46154,12.53846],"texture":"#5"}}},{"from":[2.562,3.63046,13.85573],"to":[4.278,5.34646,15.27573],"rotation":{"angle":-22.5,"axis":"x","origin":[8,4.59291,11.85445]},"faces":{"north":{"uv":[15,12.61538,14.46154,13.15385],"rotation":180,"texture":"#5"},"east":{"uv":[12,14.76923,12.53846,15.23077],"rotation":270,"texture":"#5"},"south":{"uv":[13.15385,15,12.61538,14.46154],"texture":"#5"},"west":{"uv":[13.84615,14.76923,14.38462,15.23077],"rotation":90,"texture":"#5"},"up":{"uv":[11.38462,14.76923,11.92308,15.23077],"rotation":180,"texture":"#5"},"down":{"uv":[14.76923,13.23077,15.30769,13.69231],"texture":"#5"}}},{"from":[11.9815,6.33155,13.23821],"to":[13.6975,8.67155,14.95421],"rotation":{"angle":22.5,"axis":"x","origin":[8,4.59291,11.85445]},"faces":{"north":{"uv":[14.15385,6.15385,14.69231,6.84615],"texture":"#5"},"east":{"uv":[14.15385,7.07692,14.69231,7.76923],"texture":"#5"},"south":{"uv":[7.69231,14.15385,8.23077,14.84615],"texture":"#5"},"west":{"uv":[14.15385,8,14.69231,8.69231],"texture":"#5"},"up":{"uv":[13.76923,15,13.23077,14.46154],"texture":"#5"},"down":{"uv":[15.30769,0,14.76923,0.53846],"texture":"#5"}}},{"from":[11.722,3.63046,13.85573],"to":[13.438,5.34646,15.27573],"rotation":{"angle":-22.5,"axis":"x","origin":[8,4.59291,11.85445]},"faces":{"north":{"uv":[5.46154,14.76923,4.92308,15.30769],"rotation":180,"texture":"#5"},"east":{"uv":[14.46154,14.76923,15,15.23077],"rotation":270,"texture":"#5"},"south":{"uv":[4.84615,15.30769,4.30769,14.76923],"texture":"#5"},"west":{"uv":[0.61538,15.07692,1.15385,15.53846],"rotation":90,"texture":"#5"},"up":{"uv":[14.76923,13.84615,15.30769,14.30769],"rotation":180,"texture":"#5"},"down":{"uv":[0,15.07692,0.53846,15.53846],"texture":"#5"}}},{"from":[11.722,10.65046,13.85573],"to":[13.438,12.36646,15.27573],"rotation":{"angle":-22.5,"axis":"x","origin":[8,4.59291,11.85445]},"faces":{"north":{"uv":[15.30769,5.84615,14.76923,6.38462],"rotation":180,"texture":"#5"},"east":{"uv":[1.23077,15.07692,1.76923,15.53846],"rotation":270,"texture":"#5"},"south":{"uv":[6.07692,15.30769,5.53846,14.76923],"texture":"#5"},"west":{"uv":[1.84615,15.07692,2.38462,15.53846],"rotation":90,"texture":"#5"},"up":{"uv":[15.07692,0.61538,15.61538,1.07692],"rotation":180,"texture":"#5"},"down":{"uv":[15.07692,1.23077,15.61538,1.69231],"texture":"#5"}}},{"from":[7.142,6.40956,13.23821],"to":[8.858,8.59356,14.75921],"rotation":{"angle":22.5,"axis":"x","origin":[8,4.59291,11.85445]},"faces":{"north":{"uv":[8.30769,14.15385,8.84615,14.84615],"texture":"#5"},"east":{"uv":[10.15385,14.15385,10.61538,14.84615],"texture":"#5"},"south":{"uv":[8.92308,14.15385,9.46154,14.84615],"texture":"#5"},"west":{"uv":[10.76923,14.15385,11.23077,14.84615],"texture":"#5"},"up":{"uv":[15.61538,2.30769,15.07692,1.84615],"texture":"#5"},"down":{"uv":[3,15.07692,2.46154,15.53846],"texture":"#5"}}},{"from":[7.142,3.82546,13.85573],"to":[8.858,5.34646,15.19773],"rotation":{"angle":-22.5,"axis":"x","origin":[8,4.59291,11.85445]},"faces":{"north":{"uv":[3.61538,15.07692,3.07692,15.53846],"rotation":180,"texture":"#5"},"east":{"uv":[13.23077,0.92308,13.69231,1.23077],"rotation":270,"texture":"#5"},"south":{"uv":[15.61538,2.92308,15.07692,2.46154],"texture":"#5"},"west":{"uv":[13.84615,0.92308,14.30769,1.23077],"rotation":90,"texture":"#5"},"up":{"uv":[5.23077,9.84615,5.76923,10.15385],"rotation":180,"texture":"#5"},"down":{"uv":[5.84615,9.84615,6.38462,10.15385],"texture":"#5"}}},{"from":[12.45,7.92236,11.88654],"to":[16.45,7.92236,15.88654],"rotation":{"angle":-22.5,"axis":"x","origin":[8,4.59291,11.85445]},"faces":{"north":{"uv":[0,0,0,2],"rotation":90,"texture":"#0"},"east":{"uv":[0,0,0,2],"rotation":270,"texture":"#0"},"south":{"uv":[0,2,0,0],"rotation":90,"texture":"#0"},"west":{"uv":[0,0,0,2],"rotation":90,"texture":"#0"},"up":{"uv":[3.5,0,5.5,2],"rotation":180,"texture":"#0"},"down":{"uv":[5.5,0,3.5,2],"texture":"#0"}}},{"from":[-0.45,7.92236,11.88654],"to":[3.55,7.92236,15.88654],"rotation":{"angle":-22.5,"axis":"x","origin":[8,4.59291,11.85445]},"faces":{"north":{"uv":[0,2,0,0],"rotation":90,"texture":"#0"},"east":{"uv":[0,0,0,2],"rotation":270,"texture":"#0"},"south":{"uv":[0,0,0,2],"rotation":90,"texture":"#0"},"west":{"uv":[0,0,0,2],"rotation":90,"texture":"#0"},"up":{"uv":[5.5,0,3.5,2],"rotation":180,"texture":"#0"},"down":{"uv":[3.5,0,5.5,2],"texture":"#0"}}},{"from":[2.55,6.17236,8.88654],"to":[6.55,6.17236,12.88654],"rotation":{"angle":-22.5,"axis":"x","origin":[11,2.84291,8.85445]},"faces":{"north":{"uv":[0,2,0,0],"rotation":90,"texture":"#0"},"east":{"uv":[0,0,0,2],"rotation":270,"texture":"#0"},"south":{"uv":[0,0,0,2],"rotation":90,"texture":"#0"},"west":{"uv":[0,0,0,2],"rotation":90,"texture":"#0"},"up":{"uv":[5.5,0,3.5,2],"rotation":180,"texture":"#0"},"down":{"uv":[3.5,0,5.5,2],"texture":"#0"}}},{"from":[2.55,6.19657,4.04227],"to":[6.55,6.19657,8.04227],"rotation":{"angle":0,"axis":"x","origin":[8,6.19657,6.04227]},"faces":{"north":{"uv":[0,2,0,0],"rotation":90,"texture":"#0"},"east":{"uv":[0,2,0,0],"rotation":270,"texture":"#0"},"south":{"uv":[0,0,0,2],"rotation":90,"texture":"#0"},"west":{"uv":[0,2,0,0],"rotation":90,"texture":"#0"},"up":{"uv":[5.5,2,3.5,0],"rotation":180,"texture":"#0"},"down":{"uv":[3.5,2,5.5,0],"texture":"#0"}}},{"from":[9.45,6.19657,4.04227],"to":[13.45,6.19657,8.04227],"rotation":{"angle":0,"axis":"x","origin":[8,6.19657,6.04227]},"faces":{"north":{"uv":[0,0,0,2],"rotation":90,"texture":"#0"},"east":{"uv":[0,0,0,2],"rotation":90,"texture":"#0"},"south":{"uv":[0,2,0,0],"rotation":90,"texture":"#0"},"west":{"uv":[0,0,0,2],"rotation":270,"texture":"#0"},"up":{"uv":[3.5,2,5.5,0],"rotation":180,"texture":"#0"},"down":{"uv":[5.5,2,3.5,0],"texture":"#0"}}},{"from":[9.45,6.17236,8.88654],"to":[13.45,6.17236,12.88654],"rotation":{"angle":-22.5,"axis":"x","origin":[5,2.84291,8.85445]},"faces":{"north":{"uv":[0,0,0,2],"rotation":90,"texture":"#0"},"east":{"uv":[0,2,0,0],"rotation":90,"texture":"#0"},"south":{"uv":[0,2,0,0],"rotation":90,"texture":"#0"},"west":{"uv":[0,2,0,0],"rotation":270,"texture":"#0"},"up":{"uv":[3.5,0,5.5,2],"rotation":180,"texture":"#0"},"down":{"uv":[5.5,0,3.5,2],"texture":"#0"}}},{"from":[9.48533,12.42236,12.41525],"to":[13.48533,12.42236,16.41525],"rotation":{"angle":-22.5,"axis":"x","origin":[8,4.59291,11.85445]},"faces":{"north":{"uv":[0,0,0,2],"rotation":90,"texture":"#0"},"east":{"uv":[0,0,0,2],"rotation":270,"texture":"#0"},"south":{"uv":[0,2,0,0],"rotation":90,"texture":"#0"},"west":{"uv":[0,0,0,2],"rotation":90,"texture":"#0"},"up":{"uv":[3.5,0,5.5,2],"rotation":180,"texture":"#0"},"down":{"uv":[5.5,0,3.5,2],"texture":"#0"}}},{"from":[3.2,12.69736,13.63654],"to":[6.7,12.69736,17.13654],"rotation":{"angle":-22.5,"axis":"x","origin":[8,4.59291,11.85445]},"faces":{"north":{"uv":[0,2,0,0],"rotation":270,"texture":"#1"},"east":{"uv":[0,0,0,2],"rotation":90,"texture":"#1"},"south":{"uv":[0,0,0,2],"rotation":270,"texture":"#1"},"west":{"uv":[0,0,0,2],"rotation":270,"texture":"#1"},"up":{"uv":[0,0,16,16],"texture":"#1"},"down":{"uv":[1,0,0,1],"rotation":180,"texture":"#1"}}},{"from":[3.26556,12.67236,8.48595],"to":[7.26556,12.67236,12.48595],"rotation":{"angle":-22.5,"axis":"x","origin":[8,4.59291,11.85445]},"faces":{"north":{"uv":[0,0,0,2],"rotation":270,"texture":"#2"},"east":{"uv":[0,2,0,0],"rotation":270,"texture":"#2"},"south":{"uv":[0,0,0,2],"rotation":90,"texture":"#2"},"west":{"uv":[0,0,0,2],"rotation":270,"texture":"#2"},"up":{"uv":[0,0,16,16],"rotation":90,"texture":"#2"},"down":{"uv":[0.94118,0,0,0.94118],"rotation":90,"texture":"#2"}}},{"from":[8.73444,12.67236,8.48595],"to":[12.73444,12.67236,12.48595],"rotation":{"angle":-22.5,"axis":"x","origin":[8,4.59291,11.85445]},"faces":{"north":{"uv":[0,2,0,0],"rotation":270,"texture":"#2"},"east":{"uv":[0,0,0,2],"rotation":90,"texture":"#2"},"south":{"uv":[0,2,0,0],"rotation":90,"texture":"#2"},"west":{"uv":[0,2,0,0],"rotation":90,"texture":"#2"},"up":{"uv":[0,16,16,0],"rotation":90,"texture":"#2"},"down":{"uv":[0.94118,0.94118,0,0],"rotation":90,"texture":"#2"}}},{"from":[9.3,12.69736,13.63654],"to":[12.8,12.69736,17.13654],"rotation":{"angle":-22.5,"axis":"x","origin":[8,4.59291,11.85445]},"faces":{"north":{"uv":[0,0,0,2],"rotation":270,"texture":"#1"},"east":{"uv":[0,0,0,2],"rotation":90,"texture":"#1"},"south":{"uv":[0,2,0,0],"rotation":270,"texture":"#1"},"west":{"uv":[0,0,0,2],"rotation":270,"texture":"#1"},"up":{"uv":[16,0,0,16],"texture":"#1"},"down":{"uv":[0,0,1,1],"rotation":180,"texture":"#1"}}},{"from":[2.51467,12.42236,12.41525],"to":[6.51467,12.42236,16.41525],"rotation":{"angle":-22.5,"axis":"x","origin":[8,4.59291,11.85445]},"faces":{"north":{"uv":[0,2,0,0],"rotation":90,"texture":"#0"},"east":{"uv":[0,0,0,2],"rotation":270,"texture":"#0"},"south":{"uv":[0,0,0,2],"rotation":90,"texture":"#0"},"west":{"uv":[0,0,0,2],"rotation":90,"texture":"#0"},"up":{"uv":[5.5,0,3.5,2],"rotation":180,"texture":"#0"},"down":{"uv":[3.5,0,5.5,2],"texture":"#0"}}},{"from":[9.82118,11.78236,11.34181],"to":[11.42118,13.06236,12.94181],"rotation":{"angle":-22.5,"axis":"x","origin":[8,4.59291,11.85445]},"faces":{"north":{"uv":[4.125,9.5,3.5,10.25],"rotation":90,"texture":"#0"},"east":{"uv":[9,6,9.625,6.75],"rotation":270,"texture":"#0"},"south":{"uv":[10.125,0.75,9.5,0],"rotation":90,"texture":"#0"},"west":{"uv":[8.5,9,9.125,9.75],"rotation":90,"texture":"#0"},"up":{"uv":[9,1,9.75,1.75],"rotation":180,"texture":"#0"},"down":{"uv":[8.5,8,9.25,8.75],"texture":"#0"}}},{"from":[4.57882,11.78236,11.34181],"to":[6.17882,13.06236,12.94181],"rotation":{"angle":-22.5,"axis":"x","origin":[8,4.59291,11.85445]},"faces":{"north":{"uv":[6.125,10,5.5,10.75],"rotation":90,"texture":"#0"},"east":{"uv":[10,4,10.625,4.75],"rotation":270,"texture":"#0"},"south":{"uv":[10.625,5.75,10,5],"rotation":90,"texture":"#0"},"west":{"uv":[4.5,10,5.125,10.75],"rotation":90,"texture":"#0"},"up":{"uv":[5.5,9,6.25,9.75],"rotation":180,"texture":"#0"},"down":{"uv":[9,5,9.75,5.75],"texture":"#0"}}},{"from":[4.68586,11.73236,13.07278],"to":[5.88586,13.11236,14.27278],"rotation":{"angle":-22.5,"axis":"x","origin":[8,4.59291,11.85445]},"faces":{"north":{"uv":[11.125,8,10.5,8.625],"rotation":90,"texture":"#0"},"east":{"uv":[3.5,10.5,4.125,11.125],"rotation":270,"texture":"#0"},"south":{"uv":[8.125,11.125,7.5,10.5],"rotation":90,"texture":"#0"},"west":{"uv":[6.5,10.5,7.125,11.125],"rotation":90,"texture":"#0"},"up":{"uv":[10.5,7,11.125,7.625],"rotation":180,"texture":"#0"},"down":{"uv":[10.5,6,11.125,6.625],"texture":"#0"}}},{"from":[4.88586,11.93236,12.79278],"to":[5.68586,12.91236,14.55278],"rotation":{"angle":-22.5,"axis":"x","origin":[8,4.59291,11.85445]},"faces":{"north":{"uv":[12.5,5.5,12,5.875],"rotation":90,"texture":"#0"},"east":{"uv":[10,6,10.5,6.875],"rotation":270,"texture":"#0"},"south":{"uv":[6,12.375,5.5,12],"rotation":90,"texture":"#0"},"west":{"uv":[8.5,10,9,10.875],"rotation":90,"texture":"#0"},"up":{"uv":[11.5,8.5,11.875,9.375],"rotation":180,"texture":"#0"},"down":{"uv":[8,11.5,8.375,12.375],"texture":"#0"}}},{"from":[10.11414,11.73236,13.07278],"to":[11.31414,13.11236,14.27278],"rotation":{"angle":-22.5,"axis":"x","origin":[8,4.59291,11.85445]},"faces":{"north":{"uv":[11.125,8.625,10.5,8],"rotation":90,"texture":"#0"},"east":{"uv":[7.125,10.5,6.5,11.125],"rotation":270,"texture":"#0"},"south":{"uv":[8.125,10.5,7.5,11.125],"rotation":90,"texture":"#0"},"west":{"uv":[4.125,10.5,3.5,11.125],"rotation":90,"texture":"#0"},"up":{"uv":[11.125,7,10.5,7.625],"rotation":180,"texture":"#0"},"down":{"uv":[11.125,6,10.5,6.625],"texture":"#0"}}},{"from":[4.65653,5.80403,8.02705],"to":[5.85653,7.00403,9.30705],"rotation":{"angle":45,"axis":"z","origin":[5.25653,6.40403,8.66705]},"faces":{"north":{"uv":[6.125,11,5.5,11.625],"texture":"#0"},"east":{"uv":[11.625,5,11,5.625],"texture":"#0"},"south":{"uv":[5.125,11,4.5,11.625],"texture":"#0"},"west":{"uv":[11.625,4,11,4.625],"texture":"#0"},"up":{"uv":[9.125,11,8.5,11.625],"rotation":90,"texture":"#0"},"down":{"uv":[10.125,11.625,9.5,11],"rotation":270,"texture":"#0"}}},{"from":[4.85653,5.52403,8.22705],"to":[5.65653,7.28403,9.10705],"rotation":{"angle":45,"axis":"z","origin":[5.25653,6.40403,8.66705]},"faces":{"north":{"uv":[12.375,0,12,0.875],"texture":"#0"},"east":{"uv":[11,0,10.5,0.875],"texture":"#0"},"south":{"uv":[11.875,11.5,11.5,12.375],"texture":"#0"},"west":{"uv":[10.5,10,10,10.875],"texture":"#0"},"up":{"uv":[12.5,6.5,12,6.875],"rotation":90,"texture":"#0"},"down":{"uv":[7.5,12.375,7,12],"rotation":270,"texture":"#0"}}},{"from":[10.31414,11.93236,12.79278],"to":[11.11414,12.91236,14.55278],"rotation":{"angle":-22.5,"axis":"x","origin":[8,4.59291,11.85445]},"faces":{"north":{"uv":[12.5,5.875,12,5.5],"rotation":90,"texture":"#0"},"east":{"uv":[9,10,8.5,10.875],"rotation":270,"texture":"#0"},"south":{"uv":[6,12,5.5,12.375],"rotation":90,"texture":"#0"},"west":{"uv":[10.5,6,10,6.875],"rotation":90,"texture":"#0"},"up":{"uv":[11.875,8.5,11.5,9.375],"rotation":180,"texture":"#0"},"down":{"uv":[8.375,11.5,8,12.375],"texture":"#0"}}},{"from":[6.98914,5.92222,8.84817],"to":[8.18914,7.12222,10.22817],"rotation":{"angle":-22.5,"axis":"z","origin":[7.58914,6.52222,9.53817]},"faces":{"north":{"uv":[11.125,7,10.5,7.625],"texture":"#0"},"east":{"uv":[7.125,10.5,6.5,11.125],"texture":"#0"},"south":{"uv":[11.125,6,10.5,6.625],"texture":"#0"},"west":{"uv":[4.125,10.5,3.5,11.125],"texture":"#0"},"up":{"uv":[8.125,10.5,7.5,11.125],"rotation":90,"texture":"#0"},"down":{"uv":[11.125,8.625,10.5,8],"rotation":270,"texture":"#0"}}},{"from":[7.18914,5.64222,9.04817],"to":[7.98914,7.40222,10.02817],"rotation":{"angle":-22.5,"axis":"z","origin":[7.58914,6.52222,9.53817]},"faces":{"north":{"uv":[11.875,8.5,11.5,9.375],"texture":"#0"},"east":{"uv":[9,10,8.5,10.875],"texture":"#0"},"south":{"uv":[8.375,11.5,8,12.375],"texture":"#0"},"west":{"uv":[10.5,6,10,6.875],"texture":"#0"},"up":{"uv":[6,12,5.5,12.375],"rotation":90,"texture":"#0"},"down":{"uv":[12.5,5.875,12,5.5],"rotation":270,"texture":"#0"}}},{"from":[5.912,5.98006,6.0778],"to":[7.092,7.18006,7.2778],"rotation":{"angle":0,"axis":"z","origin":[6.502,6.58006,6.6778]},"faces":{"north":{"uv":[11.125,9,10.5,9.625],"rotation":180,"texture":"#0"},"east":{"uv":[11.125,10,10.5,10.625],"rotation":180,"texture":"#0"},"south":{"uv":[11.625,0,11,0.625],"rotation":180,"texture":"#0"},"west":{"uv":[11.625,1,11,1.625],"rotation":180,"texture":"#0"},"up":{"uv":[11.625,3.625,11,3],"texture":"#0"},"down":{"uv":[11.625,2,11,2.625],"texture":"#0"}}},{"from":[6.112,5.70006,6.2778],"to":[6.892,7.46006,7.0778],"rotation":{"angle":0,"axis":"z","origin":[6.502,6.58006,6.6778]},"faces":{"north":{"uv":[9.5,10,9,10.875],"rotation":180,"texture":"#0"},"east":{"uv":[11.875,9.5,11.5,10.375],"rotation":180,"texture":"#0"},"south":{"uv":[10,10,9.5,10.875],"rotation":180,"texture":"#0"},"west":{"uv":[11.875,10.5,11.5,11.375],"rotation":180,"texture":"#0"},"up":{"uv":[12.5,6.375,12,6],"texture":"#0"},"down":{"uv":[6.5,12,6,12.375],"texture":"#0"}}},{"from":[8.01086,5.64222,5.97183],"to":[8.81086,7.40222,6.95183],"rotation":{"angle":22.5,"axis":"z","origin":[8.41086,6.52222,6.46183]},"faces":{"north":{"uv":[8.375,11.5,8,12.375],"texture":"#0"},"east":{"uv":[10.5,6,10,6.875],"texture":"#0"},"south":{"uv":[11.875,8.5,11.5,9.375],"texture":"#0"},"west":{"uv":[9,10,8.5,10.875],"texture":"#0"},"up":{"uv":[5.5,12.375,6,12],"rotation":90,"texture":"#0"},"down":{"uv":[12,5.5,12.5,5.875],"rotation":270,"texture":"#0"}}},{"from":[7.81086,5.92222,5.77183],"to":[9.01086,7.12222,7.15183],"rotation":{"angle":22.5,"axis":"z","origin":[8.41086,6.52222,6.46183]},"faces":{"north":{"uv":[11.125,6,10.5,6.625],"texture":"#0"},"east":{"uv":[4.125,10.5,3.5,11.125],"texture":"#0"},"south":{"uv":[11.125,7,10.5,7.625],"texture":"#0"},"west":{"uv":[7.125,10.5,6.5,11.125],"texture":"#0"},"up":{"uv":[7.5,11.125,8.125,10.5],"rotation":90,"texture":"#0"},"down":{"uv":[10.5,8,11.125,8.625],"rotation":270,"texture":"#0"}}},{"from":[9.108,5.70006,8.9222],"to":[9.888,7.46006,9.7222],"rotation":{"angle":0,"axis":"z","origin":[9.498,6.58006,9.3222]},"faces":{"north":{"uv":[10,10,9.5,10.875],"rotation":180,"texture":"#0"},"east":{"uv":[11.875,10.5,11.5,11.375],"rotation":180,"texture":"#0"},"south":{"uv":[9.5,10,9,10.875],"rotation":180,"texture":"#0"},"west":{"uv":[11.875,9.5,11.5,10.375],"rotation":180,"texture":"#0"},"up":{"uv":[12,6,12.5,6.375],"texture":"#0"},"down":{"uv":[6,12.375,6.5,12],"texture":"#0"}}},{"from":[8.908,5.98006,8.7222],"to":[10.088,7.18006,9.9222],"rotation":{"angle":0,"axis":"z","origin":[9.498,6.58006,9.3222]},"faces":{"north":{"uv":[11.625,0,11,0.625],"rotation":180,"texture":"#0"},"east":{"uv":[11.625,1,11,1.625],"rotation":180,"texture":"#0"},"south":{"uv":[11.125,9,10.5,9.625],"rotation":180,"texture":"#0"},"west":{"uv":[11.125,10,10.5,10.625],"rotation":180,"texture":"#0"},"up":{"uv":[11,3,11.625,3.625],"texture":"#0"},"down":{"uv":[11,2.625,11.625,2],"texture":"#0"}}},{"from":[10.34347,5.52403,6.89295],"to":[11.14347,7.28403,7.77295],"rotation":{"angle":-45,"axis":"z","origin":[10.74347,6.40403,7.33295]},"faces":{"north":{"uv":[11.875,11.5,11.5,12.375],"texture":"#0"},"east":{"uv":[10.5,10,10,10.875],"texture":"#0"},"south":{"uv":[12.375,0,12,0.875],"texture":"#0"},"west":{"uv":[11,0,10.5,0.875],"texture":"#0"},"up":{"uv":[12,6.875,12.5,6.5],"rotation":90,"texture":"#0"},"down":{"uv":[7,12,7.5,12.375],"rotation":270,"texture":"#0"}}},{"from":[10.14347,5.80403,6.69295],"to":[11.34347,7.00403,7.97295],"rotation":{"angle":-45,"axis":"z","origin":[10.74347,6.40403,7.33295]},"faces":{"north":{"uv":[5.125,11,4.5,11.625],"texture":"#0"},"east":{"uv":[11.625,4,11,4.625],"texture":"#0"},"south":{"uv":[6.125,11,5.5,11.625],"texture":"#0"},"west":{"uv":[11.625,5,11,5.625],"texture":"#0"},"up":{"uv":[8.5,11.625,9.125,11],"rotation":90,"texture":"#0"},"down":{"uv":[9.5,11,10.125,11.625],"rotation":270,"texture":"#0"}}},{"from":[4.523,11.83236,13.22392],"to":[5.723,13.01236,14.42392],"rotation":{"angle":-22.5,"axis":"x","origin":[8,4.59291,11.85445]},"faces":{"north":{"uv":[11.125,9.625,10.5,9],"rotation":90,"texture":"#0"},"east":{"uv":[11,2,11.625,2.625],"rotation":270,"texture":"#0"},"south":{"uv":[11.625,0.625,11,0],"rotation":270,"texture":"#0"},"west":{"uv":[11,3.625,11.625,3],"rotation":270,"texture":"#0"},"up":{"uv":[11.625,1.625,11,1],"rotation":270,"texture":"#0"},"down":{"uv":[11.125,10.625,10.5,10],"rotation":270,"texture":"#0"}}},{"from":[4.243,12.03236,13.42392],"to":[6.003,12.81236,14.22392],"rotation":{"angle":-22.5,"axis":"x","origin":[8,4.59291,11.85445]},"faces":{"north":{"uv":[9.5,10.875,9,10],"rotation":90,"texture":"#0"},"east":{"uv":[6,12,6.5,12.375],"rotation":270,"texture":"#0"},"south":{"uv":[10,10.875,9.5,10],"rotation":270,"texture":"#0"},"west":{"uv":[12,6.375,12.5,6],"rotation":270,"texture":"#0"},"up":{"uv":[11.875,11.375,11.5,10.5],"rotation":270,"texture":"#0"},"down":{"uv":[11.875,10.375,11.5,9.5],"rotation":270,"texture":"#0"}}},{"from":[7,11.42236,11.78654],"to":[9,13.42236,13.78654],"rotation":{"angle":-22.5,"axis":"x","origin":[8,4.59291,11.85445]},"faces":{"north":{"uv":[7,3.5,6,4.5],"rotation":90,"texture":"#0"},"east":{"uv":[5,3.5,6,4.5],"rotation":270,"texture":"#0"},"south":{"uv":[6,6.5,5,5.5],"rotation":90,"texture":"#0"},"west":{"uv":[5.5,0,6.5,1],"rotation":90,"texture":"#0"},"up":{"uv":[5.5,1,6.5,2],"rotation":180,"texture":"#0"},"down":{"uv":[5,4.5,6,5.5],"texture":"#0"}}},{"from":[8.2,11.82236,13.78654],"to":[9,13.02236,15.78654],"rotation":{"angle":-22.5,"axis":"x","origin":[8,4.59291,11.85445]},"faces":{"north":{"uv":[5.125,12,4.5,12.375],"rotation":90,"texture":"#0"},"east":{"uv":[7,1.5,7.625,2.5],"rotation":270,"texture":"#0"},"south":{"uv":[12.625,4.375,12,4],"rotation":90,"texture":"#0"},"west":{"uv":[7,2.5,7.625,3.5],"rotation":90,"texture":"#0"},"up":{"uv":[6.5,11.5,6.875,12.5],"rotation":180,"texture":"#0"},"down":{"uv":[11.5,6,11.875,7],"texture":"#0"}}},{"from":[7,11.82236,13.78654],"to":[7.8,13.02236,14.78654],"rotation":{"angle":-22.5,"axis":"x","origin":[8,4.59291,11.85445]},"faces":{"north":{"uv":[12.625,5,12,5.375],"rotation":90,"texture":"#0"},"east":{"uv":[12,3,12.625,3.5],"rotation":270,"texture":"#0"},"south":{"uv":[12.625,4.875,12,4.5],"rotation":90,"texture":"#0"},"west":{"uv":[12,3.5,12.625,4],"rotation":90,"texture":"#0"},"up":{"uv":[8.5,12,8.875,12.5],"rotation":180,"texture":"#0"},"down":{"uv":[7.5,12,7.875,12.5],"texture":"#0"}}},{"from":[7,11.42236,14.78654],"to":[7.8,13.42236,15.58654],"rotation":{"angle":-22.5,"axis":"x","origin":[8,4.59291,11.85445]},"faces":{"north":{"uv":[12.5,8,11.5,8.375],"rotation":90,"texture":"#0"},"east":{"uv":[7,11.5,8,11.875],"rotation":270,"texture":"#0"},"south":{"uv":[12.5,7.875,11.5,7.5],"rotation":90,"texture":"#0"},"west":{"uv":[11.5,7,12.5,7.375],"rotation":90,"texture":"#0"},"up":{"uv":[9,12,9.375,12.375],"rotation":180,"texture":"#0"},"down":{"uv":[12,8.5,12.375,8.875],"texture":"#0"}}},{"from":[3.32,1.77419,5.1889],"to":[12.68,4.89419,11.7089],"rotation":{"angle":0,"axis":"y","origin":[8,5,8.25]},"faces":{"north":{"uv":[3.38462,8.92308,6.23077,9.84615],"texture":"#5"},"east":{"uv":[0,9.53846,2.15385,10.46154],"texture":"#5"},"south":{"uv":[6.46154,9.23077,9.30769,10.15385],"texture":"#5"},"west":{"uv":[9.53846,9.23077,11.69231,10.15385],"texture":"#5"},"up":{"uv":[9.61538,7.07692,6.76923,4.92308],"texture":"#5"},"down":{"uv":[9.61538,7.07692,6.76923,9.23077],"texture":"#5"}}},{"from":[11.3345,1.57919,4.7759],"to":[13.0505,5.47919,6.4919],"rotation":{"angle":0,"axis":"z","origin":[12.1925,3.52919,5.6339]},"faces":{"north":{"uv":[8,12,8.53846,13.23077],"texture":"#5"},"east":{"uv":[8.61538,12,9.15385,13.23077],"texture":"#5"},"south":{"uv":[9.23077,12,9.76923,13.23077],"texture":"#5"},"west":{"uv":[9.84615,12,10.38462,13.23077],"texture":"#5"},"up":{"uv":[12.23077,13.15385,11.69231,12.61538],"texture":"#5"},"down":{"uv":[11.92308,14.15385,11.38462,14.69231],"texture":"#5"}}},{"from":[2.9495,1.57919,4.7759],"to":[4.6655,5.47919,6.4919],"rotation":{"angle":0,"axis":"z","origin":[3.8075,3.52919,5.6339]},"faces":{"north":{"uv":[10.46154,12,11,13.23077],"texture":"#5"},"east":{"uv":[0.61538,12.30769,1.15385,13.53846],"texture":"#5"},"south":{"uv":[1.23077,12.30769,1.76923,13.53846],"texture":"#5"},"west":{"uv":[1.84615,12.30769,2.38462,13.53846],"texture":"#5"},"up":{"uv":[12.53846,14.69231,12,14.15385],"texture":"#5"},"down":{"uv":[14.69231,13.53846,14.15385,14.07692],"texture":"#5"}}},{"from":[11.3345,1.57919,10.4059],"to":[13.0505,5.47919,12.1219],"rotation":{"angle":0,"axis":"z","origin":[12.1925,3.52919,11.2639]},"faces":{"north":{"uv":[9.76923,12,9.23077,13.23077],"texture":"#5"},"east":{"uv":[9.15385,12,8.61538,13.23077],"texture":"#5"},"south":{"uv":[8.53846,12,8,13.23077],"texture":"#5"},"west":{"uv":[10.38462,12,9.84615,13.23077],"texture":"#5"},"up":{"uv":[12.23077,12.61538,11.69231,13.15385],"texture":"#5"},"down":{"uv":[11.92308,14.69231,11.38462,14.15385],"texture":"#5"}}},{"from":[2.9495,1.57919,10.4059],"to":[4.6655,5.47919,12.1219],"rotation":{"angle":0,"axis":"z","origin":[3.8075,3.52919,11.2639]},"faces":{"north":{"uv":[1.76923,12.30769,1.23077,13.53846],"texture":"#5"},"east":{"uv":[1.15385,12.30769,0.61538,13.53846],"texture":"#5"},"south":{"uv":[11,12,10.46154,13.23077],"texture":"#5"},"west":{"uv":[2.38462,12.30769,1.84615,13.53846],"texture":"#5"},"up":{"uv":[12.53846,14.15385,12,14.69231],"texture":"#5"},"down":{"uv":[14.69231,14.07692,14.15385,13.53846],"texture":"#5"}}},{"from":[2.93,0.40919,4.7989],"to":[13.07,1.96919,12.0989],"rotation":{"angle":0,"axis":"y","origin":[8,5,8.25]},"faces":{"north":{"uv":[9.84615,6.76923,13,7.23077],"texture":"#5"},"east":{"uv":[10.76923,10.15385,13.15385,10.61538],"texture":"#5"},"south":{"uv":[9.84615,7.38462,13,7.84615],"texture":"#5"},"west":{"uv":[0,11.07692,2.38462,11.53846],"texture":"#5"},"up":{"uv":[6.53846,2.38462,3.38462,0],"texture":"#5"},"down":{"uv":[6.53846,2.46154,3.38462,4.84615],"texture":"#5"}}},{"from":[11.06,0.01919,4.4689],"to":[13.4,2.35919,6.8089],"rotation":{"angle":0,"axis":"y","origin":[7.745,5,8.755]},"faces":{"north":{"uv":[12.92308,12.61538,13.61538,13.30769],"texture":"#5"},"east":{"uv":[13.61538,12.61538,12.92308,13.30769],"texture":"#5"},"south":{"uv":[12.92308,12.61538,13.61538,13.30769],"texture":"#5"},"west":{"uv":[13.61538,12.61538,12.92308,13.30769],"texture":"#5"},"up":{"uv":[8.69231,13.92308,8,13.23077],"texture":"#5"},"down":{"uv":[13.92308,8,13.23077,8.69231],"texture":"#5"}}},{"from":[2.6,0.01919,4.4689],"to":[4.94,2.35919,6.8089],"rotation":{"angle":0,"axis":"y","origin":[8.255,5,8.755]},"faces":{"north":{"uv":[13.61538,12.61538,12.92308,13.30769],"texture":"#5"},"east":{"uv":[12.92308,12.61538,13.61538,13.30769],"texture":"#5"},"south":{"uv":[13.61538,12.61538,12.92308,13.30769],"texture":"#5"},"west":{"uv":[12.92308,12.61538,13.61538,13.30769],"texture":"#5"},"up":{"uv":[8,13.92308,8.69231,13.23077],"texture":"#5"},"down":{"uv":[13.23077,8,13.92308,8.69231],"texture":"#5"}}},{"from":[2.6,0.01919,10.0911],"to":[4.94,2.35919,12.4311],"rotation":{"angle":0,"axis":"y","origin":[8.255,5,8.145]},"faces":{"north":{"uv":[12.92308,12.61538,13.61538,13.30769],"texture":"#5"},"east":{"uv":[13.61538,12.61538,12.92308,13.30769],"texture":"#5"},"south":{"uv":[12.92308,12.61538,13.61538,13.30769],"texture":"#5"},"west":{"uv":[13.61538,12.61538,12.92308,13.30769],"texture":"#5"},"up":{"uv":[8,13.23077,8.69231,13.92308],"texture":"#5"},"down":{"uv":[13.23077,8.69231,13.92308,8],"texture":"#5"}}},{"from":[11.06,0.01919,10.0911],"to":[13.4,2.35919,12.4311],"rotation":{"angle":0,"axis":"y","origin":[7.745,5,8.145]},"faces":{"north":{"uv":[13.61538,12.61538,12.92308,13.30769],"texture":"#5"},"east":{"uv":[12.92308,12.61538,13.61538,13.30769],"texture":"#5"},"south":{"uv":[13.61538,12.61538,12.92308,13.30769],"texture":"#5"},"west":{"uv":[12.92308,12.61538,13.61538,13.30769],"texture":"#5"},"up":{"uv":[8.69231,13.23077,8,13.92308],"texture":"#5"},"down":{"uv":[13.92308,8.69231,13.23077,8],"texture":"#5"}}},{"from":[2.835,4.27719,4.6039],"to":[13.165,6.07119,12.2939],"rotation":{"angle":0,"axis":"x","origin":[8,4.59291,11.85445]},"faces":{"north":{"uv":[9.84615,0,13.07692,0.53846],"texture":"#5"},"east":{"uv":[5.23077,10.15385,7.76923,10.69231],"texture":"#5"},"south":{"uv":[9.84615,0.61538,13.07692,1.15385],"texture":"#5"},"west":{"uv":[8,10.15385,10.53846,10.69231],"texture":"#5"},"up":{"uv":[3.23077,2.53846,0,0],"texture":"#5"},"down":{"uv":[3.23077,2.76923,0,5.30769],"texture":"#5"}}}],"gui_light":"front","display":{"thirdperson_righthand":{"rotation":[67.5,0,0],"translation":[0,2.75,1.5],"scale":[0.47852,0.47852,0.47852]},"thirdperson_lefthand":{"rotation":[67.5,0,0],"translation":[0,2.75,1.5],"scale":[0.47852,0.47852,0.47852]},"firstperson_righthand":{"translation":[3.5,5.75,-4.25],"scale":[0.86328,0.86328,0.86328]},"firstperson_lefthand":{"translation":[3.5,5.75,-4.25],"scale":[0.86328,0.86328,0.86328]},"ground":{"translation":[0,6,0],"scale":[0.7,0.7,0.7]},"gui":{"rotation":[30,135,0],"translation":[-1.5,0.75,0],"scale":[0.82445,0.82445,0.82445]},"head":{"rotation":[-180,90,-180],"scale":[0,0,0]},"fixed":{"rotation":[-90,0,0],"translation":[0,-1.75,-32],"scale":[4,4,4]}}}