{"textures​":{"layer0":"minecraft:item/spruce_door"},"\u0074\u0065\u0078\u0074\u0075\u0072\u0065\u0073":{"0":"\u006d\u006f\u0064\u0065\u006c\u0065\u006e\u0067\u0069\u006e\u0065:\u0065\u006e\u0074\u0069\u0074\u0079/\u0074\u0065\u0078\u0074\u0075\u0072\u0065","\u0070\u0061\u0072\u0074\u0069\u0063\u006c\u0065":"#0"},"elements":[{"from":[6.3,7.8,6.3],"to":[9.7,18.2,9.7],"faces":{"east":{"uv":[6.125,10.5,6.5,11.75],"tintindex":0,"rotation":0,"texture":"#0"},"south":{"uv":[2.25,10.5,2.625,11.75],"tintindex":0,"rotation":0,"texture":"#0"},"north":{"uv":[2.25,10.5,2.625,11.75],"tintindex":0,"rotation":0,"texture":"#0"},"west":{"uv":[6.125,10.5,6.5,11.75],"tintindex":0,"rotation":0,"texture":"#0"},"up":{"uv":[5.375,11.5,5.0,11.125],"tintindex":0,"rotation":0,"texture":"#0"},"down":{"uv":[5.75,11.125,5.375,11.5],"tintindex":0,"rotation":0,"texture":"#0"}}},{"from":[6.5,8.0,6.5],"to":[9.5,18.0,9.5],"faces":{"east":{"uv":[1.875,10.5,2.25,11.75],"tintindex":0,"rotation":0,"texture":"#0"},"south":{"uv":[0.75,10.5,1.125,11.75],"tintindex":0,"rotation":0,"texture":"#0"},"north":{"uv":[0.75,10.5,1.125,11.75],"tintindex":0,"rotation":0,"texture":"#0"},"west":{"uv":[1.875,10.5,2.25,11.75],"tintindex":0,"rotation":0,"texture":"#0"},"up":{"uv":[1.5,11.5,1.125,11.125],"tintindex":0,"rotation":0,"texture":"#0"},"down":{"uv":[1.875,11.125,1.5,11.5],"tintindex":0,"rotation":0,"texture":"#0"}}}],"display":{"gui":{"rotation":[-150.0,-45.0,180.0]}},"gui_light":"front"}