{"textures​":{"layer0":"minecraft:item/exposed_copper"},"credit":"Polygony Creation Co.,Ltd.","\u0074\u0065\u0078\u0074\u0075\u0072\u0065\u0073":{"0":"\u0073\u0075\u006d\u006d\u0065\u0072_\u0066\u0075\u0072\u006e\u0069\u0074\u0075\u0072\u0065_\u0073\u0065\u0074:\u0061\u0063\u0063\u0065\u0073\u0073\u006f\u0072\u0069\u0065_1","\u0070\u0061\u0072\u0074\u0069\u0063\u006c\u0065":"\u0073\u0075\u006d\u006d\u0065\u0072_\u0066\u0075\u0072\u006e\u0069\u0074\u0075\u0072\u0065_\u0073\u0065\u0074:\u0061\u0063\u0063\u0065\u0073\u0073\u006f\u0072\u0069\u0065_1"},"elements":[{"from":[0,0,0],"to":[16,16,0.05],"faces":{"north":{"uv":[0,0,16,16],"texture":"#0"},"south":{"uv":[16,0,0,16],"texture":"#0"}}}],"gui_light":"front","display":{"thirdperson_righthand":{"rotation":[0,90,0],"translation":[5.75,-1.5,0],"scale":[0.7,0.7,0.7]},"thirdperson_lefthand":{"rotation":[0,90,0],"translation":[5.75,-1.5,0],"scale":[0.7,0.7,0.7]},"firstperson_righthand":{"rotation":[34,106,0],"translation":[9.5,1.75,0]},"firstperson_lefthand":{"rotation":[34,106,0],"translation":[9.5,1.75,0]},"ground":{"rotation":[45,0,0],"translation":[0,3,0],"scale":[0.7,0.7,0.7]},"gui":{"rotation":[35,135,0],"translation":[5.5,-1,0]},"head":{"translation":[0,-14.25,3.75]},"fixed":{"translation":[0,0,15.5],"scale":[2,2,2]}}}