{"textures​":{"layer0":"minecraft:item/breeze_spawn_egg"},"credit":"Polygony Creation Co.,Ltd.","\u0074\u0065\u0078\u0074\u0075\u0072\u0065\u0073":{"1":"\u0073\u0075\u006d\u006d\u0065\u0072_\u0066\u0075\u0072\u006e\u0069\u0074\u0075\u0072\u0065_\u0073\u0065\u0074:\u0073\u006d\u0061\u006c\u006c_\u0074\u0061\u0062\u006c\u0065","\u0070\u0061\u0072\u0074\u0069\u0063\u006c\u0065":"#1"},"elements":[{"from":[3.5,0,7],"to":[8.5,5,12],"rotation":{"angle":0,"axis":"y","origin":[4.5,1,8]},"faces":{"north":{"uv":[4.66667,6.66667,6.33333,8.33333],"texture":"#1"},"east":{"uv":[6.33333,6.66667,8,8.33333],"texture":"#1"},"south":{"uv":[8,0,9.66667,1.66667],"texture":"#1"},"west":{"uv":[8,1.66667,9.66667,3.33333],"texture":"#1"},"up":{"uv":[9.66667,5,8,3.33333],"texture":"#1"},"down":{"uv":[9.66667,5,8,6.66667],"texture":"#1"}}},{"from":[5.5,4,7.25],"to":[6.5,8,8.25],"rotation":{"angle":-22.5,"axis":"x","origin":[6,7.17678,7.46967]},"faces":{"north":{"uv":[6.66667,9.66667,7,11],"texture":"#1"},"east":{"uv":[7,9.66667,7.33333,11],"texture":"#1"},"south":{"uv":[0,10,0.33333,11.33333],"texture":"#1"},"west":{"uv":[0.33333,10,0.66667,11.33333],"texture":"#1"},"up":{"uv":[4.66667,10.66667,4.33333,10.33333],"texture":"#1"},"down":{"uv":[11,2,10.66667,2.33333],"texture":"#1"}}},{"from":[6.77269,4.34567,10.25],"to":[7.27269,8.34567,10.75],"rotation":{"angle":-22.5,"axis":"z","origin":[6.27269,5.09567,10]},"faces":{"north":{"uv":[0.66667,10,1,11.33333],"texture":"#1"},"east":{"uv":[1,10,1.33333,11.33333],"texture":"#1"},"south":{"uv":[1.33333,10,1.66667,11.33333],"texture":"#1"},"west":{"uv":[1.66667,10,2,11.33333],"texture":"#1"},"up":{"uv":[11,2.66667,10.66667,2.33333],"texture":"#1"},"down":{"uv":[11,2.66667,10.66667,3],"texture":"#1"}}},{"from":[6.81418,8.50325,9],"to":[9.81418,8.53325,12],"rotation":{"angle":-22.5,"axis":"z","origin":[6.11418,8.50325,9]},"faces":{"up":{"uv":[3.66667,10.33333,2.66667,9.33333],"texture":"#1"},"down":{"uv":[4.66667,9.33333,3.66667,10.33333],"texture":"#1"}}},{"from":[10.75,0,8.25],"to":[12.75,0.5,10.25],"rotation":{"angle":22.5,"axis":"y","origin":[11.75,1.5,9.25]},"faces":{"north":{"uv":[7.33333,9,8,9.33333],"texture":"#1"},"east":{"uv":[9.66667,6.33333,10.33333,6.66667],"texture":"#1"},"south":{"uv":[10.33333,5,11,5.33333],"texture":"#1"},"west":{"uv":[10.33333,5.33333,11,5.66667],"texture":"#1"},"up":{"uv":[8.66667,10.66667,8,10],"texture":"#1"},"down":{"uv":[9.33333,10,8.66667,10.66667],"texture":"#1"}}},{"from":[11.25,0.5,8.75],"to":[12.25,1.5,9.75],"rotation":{"angle":22.5,"axis":"y","origin":[11.75,1.5,9.25]},"faces":{"north":{"uv":[10.66667,3.66667,11,4],"texture":"#1"},"east":{"uv":[10.66667,4,11,4.33333],"texture":"#1"},"south":{"uv":[4.33333,10.66667,4.66667,11],"texture":"#1"},"west":{"uv":[10.66667,4.33333,11,4.66667],"texture":"#1"}}},{"from":[10.75,1.5,8.25],"to":[12.75,4,10.25],"rotation":{"angle":22.5,"axis":"y","origin":[11.75,1.5,9.25]},"faces":{"north":{"uv":[9.66667,1.33333,10.33333,2.33333],"texture":"#1"},"east":{"uv":[9.66667,2.33333,10.33333,3.33333],"texture":"#1"},"south":{"uv":[9.66667,3.33333,10.33333,4.33333],"texture":"#1"},"west":{"uv":[9.66667,4.33333,10.33333,5.33333],"texture":"#1"},"up":{"uv":[2.66667,10.66667,2,10],"texture":"#1"},"down":{"uv":[8,10,7.33333,10.66667],"texture":"#1"}}},{"from":[12.02269,3.34567,9],"to":[12.52269,6.34567,9.5],"rotation":{"angle":-22.5,"axis":"z","origin":[11.52269,4.09567,8.75]},"faces":{"north":{"uv":[10.33333,2,10.66667,3],"texture":"#1"},"east":{"uv":[2.66667,10.33333,3,11.33333],"texture":"#1"},"south":{"uv":[3,10.33333,3.33333,11.33333],"texture":"#1"},"west":{"uv":[10.33333,3,10.66667,4],"texture":"#1"},"up":{"uv":[11,3.33333,10.66667,3],"texture":"#1"},"down":{"uv":[11,3.33333,10.66667,3.66667],"texture":"#1"}}},{"from":[8.50262,3.25157,4.75],"to":[9.00262,6.25157,5.25],"rotation":{"angle":22.5,"axis":"z","origin":[8.75262,4.75157,5]},"faces":{"north":{"uv":[3.33333,10.33333,3.66667,11.33333],"texture":"#1"},"east":{"uv":[3.66667,10.33333,4,11.33333],"texture":"#1"},"south":{"uv":[4,10.33333,4.33333,11.33333],"texture":"#1"},"west":{"uv":[10.33333,4,10.66667,5],"texture":"#1"},"up":{"uv":[6,11,5.66667,10.66667],"texture":"#1"},"down":{"uv":[6.33333,10.66667,6,11],"texture":"#1"}}},{"from":[8.75,1.5,4],"to":[10.75,4,6],"rotation":{"angle":-22.5,"axis":"y","origin":[9.75,1.5,5]},"faces":{"north":{"uv":[4.66667,9.66667,5.33333,10.66667],"texture":"#1"},"east":{"uv":[5.33333,9.66667,6,10.66667],"texture":"#1"},"south":{"uv":[9.66667,5.33333,10.33333,6.33333],"texture":"#1"},"west":{"uv":[6,9.66667,6.66667,10.66667],"texture":"#1"},"up":{"uv":[10.66667,10.66667,10,10],"texture":"#1"},"down":{"uv":[11,1.33333,10.33333,2],"texture":"#1"}}},{"from":[9.25,0.5,4.5],"to":[10.25,1.5,5.5],"rotation":{"angle":-22.5,"axis":"y","origin":[9.75,1.5,5]},"faces":{"north":{"uv":[4.66667,10.66667,5,11],"texture":"#1"},"east":{"uv":[10.66667,4.66667,11,5],"texture":"#1"},"south":{"uv":[5,10.66667,5.33333,11],"texture":"#1"},"west":{"uv":[5.33333,10.66667,5.66667,11],"texture":"#1"}}},{"from":[8.75,0,4],"to":[10.75,0.5,6],"rotation":{"angle":-22.5,"axis":"y","origin":[9.75,1.5,5]},"faces":{"north":{"uv":[10.33333,5.66667,11,6],"texture":"#1"},"east":{"uv":[10.33333,6,11,6.33333],"texture":"#1"},"south":{"uv":[10.33333,6.33333,11,6.66667],"texture":"#1"},"west":{"uv":[2,10.66667,2.66667,11],"texture":"#1"},"up":{"uv":[10,10.66667,9.33333,10],"texture":"#1"},"down":{"uv":[10.66667,9.33333,10,10],"texture":"#1"}}}],"gui_light":"front","display":{"thirdperson_righthand":{"rotation":[55.25,0,0],"translation":[0,4.75,3.25],"scale":[0.7,0.7,0.7]},"thirdperson_lefthand":{"rotation":[55.25,0,0],"translation":[0,4.75,3.25],"scale":[0.7,0.7,0.7]},"firstperson_righthand":{"rotation":[22.5,180,0],"translation":[2.75,4.75,-0.5]},"firstperson_lefthand":{"rotation":[22.5,180,0],"translation":[2.75,4.75,-0.5]},"ground":{"translation":[0,5,0]},"gui":{"rotation":[25,-118,0],"translation":[0.75,6.5,0],"scale":[1.6,1.6,1.6]},"head":{"translation":[0,-30.25,0],"scale":[1.6,1.6,1.6]},"fixed":{"rotation":[-90,0,0],"translation":[0,0,-16],"scale":[2,2,2]}}}