{"textures​":{"layer0":"minecraft:item/dark_oak_hanging_sign"},"credit":"Polygony Creation Co.,Ltd.","texture_size":[32,32],"\u0074\u0065\u0078\u0074\u0075\u0072\u0065\u0073":{"0":"\u0073\u0075\u006d\u006d\u0065\u0072_\u0066\u0075\u0072\u006e\u0069\u0074\u0075\u0072\u0065_\u0073\u0065\u0074:\u0062\u0065\u0061\u0063\u0068_\u0074\u006f\u0079\u0073","\u0070\u0061\u0072\u0074\u0069\u0063\u006c\u0065":"\u0073\u0075\u006d\u006d\u0065\u0072_\u0066\u0075\u0072\u006e\u0069\u0074\u0075\u0072\u0065_\u0073\u0065\u0074:\u0062\u0065\u0061\u0063\u0068_\u0074\u006f\u0079\u0073"},"elements":[{"from":[5,0,5],"to":[11,6,11],"rotation":{"angle":0,"axis":"y","origin":[5,0,5]},"faces":{"north":{"uv":[3.5,0,6.5,3],"texture":"#0"},"east":{"uv":[3.5,3,6.5,6],"texture":"#0"},"south":{"uv":[3.5,6,6.5,9],"texture":"#0"},"west":{"uv":[6.5,0,9.5,3],"texture":"#0"},"down":{"uv":[9.5,3,6.5,6],"texture":"#0"}}},{"from":[4.5,6,4.5],"to":[11.5,7,11.5],"rotation":{"angle":0,"axis":"y","origin":[5,6,5]},"faces":{"north":{"uv":[6.5,8.5,10,9],"texture":"#0"},"east":{"uv":[0,9,3.5,9.5],"texture":"#0"},"south":{"uv":[3.5,9,7,9.5],"texture":"#0"},"west":{"uv":[9,6,12.5,6.5],"texture":"#0"},"up":{"uv":[3.5,3.5,0,0],"texture":"#0"},"down":{"uv":[3.5,3.5,0,7],"texture":"#0"}}},{"from":[5.5,7,5.5],"to":[10.5,8,10.5],"rotation":{"angle":0,"axis":"y","origin":[5,7,5]},"faces":{"north":{"uv":[9,6.5,11.5,7],"texture":"#0"},"east":{"uv":[7,9,9.5,9.5],"texture":"#0"},"south":{"uv":[9,7,11.5,7.5],"texture":"#0"},"west":{"uv":[9,7.5,11.5,8],"texture":"#0"},"up":{"uv":[9,8.5,6.5,6],"texture":"#0"}}},{"from":[-0.75,-1,2],"to":[0.25,3,5],"rotation":{"angle":22.5,"axis":"z","origin":[-0.25,4.75,3.5]},"faces":{"north":{"uv":[3,7,3.5,9],"texture":"#0"},"east":{"uv":[0,7,1.5,9],"texture":"#0"},"south":{"uv":[9.5,2.5,10,4.5],"texture":"#0"},"west":{"uv":[1.5,7,3,9],"texture":"#0"},"up":{"uv":[10,6,9.5,4.5],"texture":"#0"},"down":{"uv":[7.5,9.5,7,11],"texture":"#0"}}},{"from":[-0.75,3,3],"to":[0.25,7,4],"rotation":{"angle":22.5,"axis":"z","origin":[-0.25,4.75,3.5]},"faces":{"north":{"uv":[3,9.5,3.5,11.5],"texture":"#0"},"east":{"uv":[3.5,9.5,4,11.5],"texture":"#0"},"south":{"uv":[4,9.5,4.5,11.5],"texture":"#0"},"west":{"uv":[4.5,9.5,5,11.5],"texture":"#0"},"up":{"uv":[8,11.5,7.5,11],"texture":"#0"}}},{"from":[-0.75,6,4],"to":[0.25,9,5],"rotation":{"angle":22.5,"axis":"z","origin":[-0.25,4.75,3.5]},"faces":{"north":{"uv":[7.5,9.5,8,11],"texture":"#0"},"east":{"uv":[8,9.5,8.5,11],"texture":"#0"},"south":{"uv":[8.5,9.5,9,11],"texture":"#0"},"west":{"uv":[9,9.5,9.5,11],"texture":"#0"},"up":{"uv":[8.5,11.5,8,11],"texture":"#0"},"down":{"uv":[9,11,8.5,11.5],"texture":"#0"}}},{"from":[-0.75,6,2],"to":[0.25,9,3],"rotation":{"angle":22.5,"axis":"z","origin":[-0.25,4.75,3.5]},"faces":{"north":{"uv":[9.5,9,10,10.5],"texture":"#0"},"east":{"uv":[0,10,0.5,11.5],"texture":"#0"},"south":{"uv":[10,0,10.5,1.5],"texture":"#0"},"west":{"uv":[0.5,10,1,11.5],"texture":"#0"},"up":{"uv":[11.5,9,11,8.5],"texture":"#0"},"down":{"uv":[9.5,11,9,11.5],"texture":"#0"}}},{"from":[-0.75,8,3],"to":[0.25,9,4],"rotation":{"angle":22.5,"axis":"z","origin":[-0.25,4.75,3.5]},"faces":{"east":{"uv":[11,9,11.5,9.5],"texture":"#0"},"west":{"uv":[11,9.5,11.5,10],"texture":"#0"},"up":{"uv":[11.5,10.5,11,10],"texture":"#0"},"down":{"uv":[11.5,10.5,11,11],"texture":"#0"}}},{"from":[15,2.25,9.75],"to":[16,3.25,14.75],"rotation":{"angle":-22.5,"axis":"z","origin":[15.5,4.75,12.25]},"faces":{"north":{"uv":[2,11.5,2.5,12],"texture":"#0"},"east":{"uv":[9,8,11.5,8.5],"texture":"#0"},"south":{"uv":[11.5,2,12,2.5],"texture":"#0"},"west":{"uv":[0,9.5,2.5,10],"texture":"#0"},"up":{"uv":[10,2.5,9.5,0],"texture":"#0"},"down":{"uv":[3,9.5,2.5,12],"texture":"#0"}}},{"from":[15,-0.75,13.75],"to":[16,2.25,14.75],"rotation":{"angle":-22.5,"axis":"z","origin":[15.5,4.75,12.25]},"faces":{"north":{"uv":[10.5,0,11,1.5],"texture":"#0"},"east":{"uv":[10.5,1.5,11,3],"texture":"#0"},"south":{"uv":[10.5,3,11,4.5],"texture":"#0"},"west":{"uv":[10.5,4.5,11,6],"texture":"#0"},"down":{"uv":[12,2.5,11.5,3],"texture":"#0"}}},{"from":[15,-0.75,11.75],"to":[16,2.25,12.75],"rotation":{"angle":-22.5,"axis":"z","origin":[15.5,4.75,12.25]},"faces":{"north":{"uv":[10.5,8.5,11,10],"texture":"#0"},"east":{"uv":[9.5,10.5,10,12],"texture":"#0"},"south":{"uv":[10.5,10,11,11.5],"texture":"#0"},"west":{"uv":[11,0,11.5,1.5],"texture":"#0"},"down":{"uv":[3.5,11.5,3,12],"texture":"#0"}}},{"from":[15,-0.75,9.75],"to":[16,2.25,10.75],"rotation":{"angle":-22.5,"axis":"z","origin":[15.5,4.75,12.25]},"faces":{"north":{"uv":[11,1.5,11.5,3],"texture":"#0"},"east":{"uv":[11,3,11.5,4.5],"texture":"#0"},"south":{"uv":[11,4.5,11.5,6],"texture":"#0"},"west":{"uv":[7,11,7.5,12.5],"texture":"#0"},"down":{"uv":[12,3,11.5,3.5],"texture":"#0"}}},{"from":[15,3.25,11.75],"to":[16,7.25,12.75],"rotation":{"angle":-22.5,"axis":"z","origin":[15.5,4.75,12.25]},"faces":{"north":{"uv":[5,9.5,5.5,11.5],"texture":"#0"},"east":{"uv":[5.5,9.5,6,11.5],"texture":"#0"},"south":{"uv":[6,9.5,6.5,11.5],"texture":"#0"},"west":{"uv":[6.5,9.5,7,11.5],"texture":"#0"},"up":{"uv":[12,2,11.5,1.5],"texture":"#0"}}},{"from":[15,6.25,12.75],"to":[16,9.25,13.75],"rotation":{"angle":-22.5,"axis":"z","origin":[15.5,4.75,12.25]},"faces":{"north":{"uv":[10,3,10.5,4.5],"texture":"#0"},"east":{"uv":[10,4.5,10.5,6],"texture":"#0"},"south":{"uv":[10,8.5,10.5,10],"texture":"#0"},"west":{"uv":[10,10,10.5,11.5],"texture":"#0"},"up":{"uv":[12,1.5,11.5,1],"texture":"#0"},"down":{"uv":[2,11.5,1.5,12],"texture":"#0"}}},{"from":[15,6.25,10.75],"to":[16,9.25,11.75],"rotation":{"angle":-22.5,"axis":"z","origin":[15.5,4.75,12.25]},"faces":{"north":{"uv":[1,10,1.5,11.5],"texture":"#0"},"east":{"uv":[1.5,10,2,11.5],"texture":"#0"},"south":{"uv":[10,1.5,10.5,3],"texture":"#0"},"west":{"uv":[2,10,2.5,11.5],"texture":"#0"},"up":{"uv":[12,1,11.5,0.5],"texture":"#0"},"down":{"uv":[1.5,11.5,1,12],"texture":"#0"}}},{"from":[15,8.25,11.75],"to":[16,9.25,12.75],"rotation":{"angle":-22.5,"axis":"z","origin":[15.5,4.75,12.25]},"faces":{"east":{"uv":[11,11,11.5,11.5],"texture":"#0"},"west":{"uv":[0,11.5,0.5,12],"texture":"#0"},"up":{"uv":[12,0.5,11.5,0],"texture":"#0"},"down":{"uv":[1,11.5,0.5,12],"texture":"#0"}}}],"gui_light":"front","display":{"thirdperson_righthand":{"rotation":[55.25,0,0],"translation":[0,3.75,4.25],"scale":[0.7,0.7,0.7]},"thirdperson_lefthand":{"rotation":[55.25,0,0],"translation":[0,3.75,4.25],"scale":[0.7,0.7,0.7]},"firstperson_righthand":{"rotation":[12.25,0,0],"translation":[1.75,4.75,1.25],"scale":[0.63086,0.63086,0.63086]},"firstperson_lefthand":{"rotation":[12.25,0,0],"translation":[1.75,4.75,1.25],"scale":[0.63086,0.63086,0.63086]},"ground":{"translation":[0,5,0],"scale":[0.7,0.7,0.7]},"gui":{"rotation":[25,135,0],"translation":[0,3,0]},"head":{"rotation":[0,180,0],"translation":[0,-29.75,0],"scale":[1.6,1.6,1.6]},"fixed":{"rotation":[-90,0,0],"translation":[0,0,-16],"scale":[2,2,2]}}}