{"textures​":{"layer0":"minecraft:item/flower_banner_pattern"},"credit":"Polygony Creation Co.,Ltd.","texture_size":[48,48],"\u0074\u0065\u0078\u0074\u0075\u0072\u0065\u0073":{"0":"\u0073\u0075\u006d\u006d\u0065\u0072_\u0066\u0075\u0072\u006e\u0069\u0074\u0075\u0072\u0065_\u0073\u0065\u0074:\u0063\u0068\u0061\u0069\u0072_1","\u0070\u0061\u0072\u0074\u0069\u0063\u006c\u0065":"\u0073\u0075\u006d\u006d\u0065\u0072_\u0066\u0075\u0072\u006e\u0069\u0074\u0075\u0072\u0065_\u0073\u0065\u0074:\u0063\u0068\u0061\u0069\u0072_1"},"elements":[{"from":[2,0,2],"to":[14,2,14],"faces":{"north":{"uv":[9.33333,10.66667,13.33333,11.33333],"texture":"#0"},"east":{"uv":[10.66667,10,14.66667,10.66667],"texture":"#0"},"south":{"uv":[11,0,15,0.66667],"texture":"#0"},"west":{"uv":[11,0.66667,15,1.33333],"texture":"#0"},"up":{"uv":[4,4,0,0],"texture":"#0"},"down":{"uv":[4,4,0,8],"texture":"#0"}}},{"from":[3,2,3],"to":[13,4,13],"rotation":{"angle":0,"axis":"y","origin":[0,1,0]},"faces":{"north":{"uv":[11,5.33333,14.33333,6],"texture":"#0"},"east":{"uv":[11,6,14.33333,6.66667],"texture":"#0"},"south":{"uv":[9.33333,11.33333,12.66667,12],"texture":"#0"},"west":{"uv":[9.33333,12,12.66667,12.66667],"texture":"#0"},"up":{"uv":[7.33333,10.66667,4,7.33333],"texture":"#0"},"down":{"uv":[10.66667,7.33333,7.33333,10.66667],"texture":"#0"}}},{"from":[3,7,3],"to":[13,12,13],"rotation":{"angle":0,"axis":"y","origin":[0,7,0]},"faces":{"north":{"uv":[2.66667,10.66667,6,12.33333],"texture":"#0"},"east":{"uv":[6,10.66667,9.33333,12.33333],"texture":"#0"},"south":{"uv":[10.66667,6.66667,14,8.33333],"texture":"#0"},"west":{"uv":[10.66667,8.33333,14,10],"texture":"#0"},"up":{"uv":[11,3.33333,7.66667,0],"texture":"#0"},"down":{"uv":[11,3.33333,7.66667,6.66667],"texture":"#0"}}},{"from":[2.5,9,2.5],"to":[13.5,10,13.5],"rotation":{"angle":0,"axis":"y","origin":[0,7,0]},"faces":{"north":{"uv":[2.66667,12.33333,6.33333,12.66667],"texture":"#0"},"east":{"uv":[2.66667,12.66667,6.33333,13],"texture":"#0"},"south":{"uv":[6.33333,12.66667,10,13],"texture":"#0"},"west":{"uv":[10,12.66667,13.66667,13],"texture":"#0"},"up":{"uv":[7.66667,3.66667,4,0],"texture":"#0"},"down":{"uv":[7.66667,3.66667,4,7.33333],"texture":"#0"}}},{"from":[4,4,4],"to":[12,7,12],"rotation":{"angle":0,"axis":"y","origin":[0,4,0]},"faces":{"north":{"uv":[11,1.33333,13.66667,2.33333],"texture":"#0"},"east":{"uv":[11,2.33333,13.66667,3.33333],"texture":"#0"},"south":{"uv":[11,3.33333,13.66667,4.33333],"texture":"#0"},"west":{"uv":[11,4.33333,13.66667,5.33333],"texture":"#0"},"up":{"uv":[2.66667,10.66667,0,8],"texture":"#0"},"down":{"uv":[2.66667,10.66667,0,13.33333],"texture":"#0"}}}],"gui_light":"front","display":{"thirdperson_righthand":{"rotation":[55.25,0,0],"translation":[0,5.5,3.25],"scale":[0.7,0.7,0.7]},"thirdperson_lefthand":{"rotation":[55.25,0,0],"translation":[0,5.5,3.25],"scale":[0.7,0.7,0.7]},"firstperson_righthand":{"rotation":[-16.25,0,0],"translation":[1.75,4.75,0],"scale":[0.63086,0.63086,0.63086]},"firstperson_lefthand":{"rotation":[-16.25,0,0],"translation":[1.75,4.75,0],"scale":[0.63086,0.63086,0.63086]},"ground":{"translation":[0,5,0],"scale":[0.7,0.7,0.7]},"gui":{"rotation":[25,45,0],"translation":[0,2,0]},"head":{"rotation":[0,180,0],"translation":[0,-29.75,0],"scale":[1.6,1.6,1.6]},"fixed":{"rotation":[-90,0,0],"translation":[0,0,-16],"scale":[2,2,2]}}}