{"textures​":{"layer0":"minecraft:item/mossy_cobblestone_wall"},"credit":"Polygony Creation Co.,Ltd.","texture_size":[48,48],"\u0074\u0065\u0078\u0074\u0075\u0072\u0065\u0073":{"0":"\u0073\u0075\u006d\u006d\u0065\u0072_\u0066\u0075\u0072\u006e\u0069\u0074\u0075\u0072\u0065_\u0073\u0065\u0074:\u0064\u0072\u0079_\u0067\u0072\u0061\u0073\u0073_\u0072\u006f\u006f\u0066","\u0070\u0061\u0072\u0074\u0069\u0063\u006c\u0065":"\u0073\u0075\u006d\u006d\u0065\u0072_\u0066\u0075\u0072\u006e\u0069\u0074\u0075\u0072\u0065_\u0073\u0065\u0074:\u0064\u0072\u0079_\u0067\u0072\u0061\u0073\u0073_\u0072\u006f\u006f\u0066"},"elements":[{"from":[13.5,0,15],"to":[15.5,16,16],"rotation":{"angle":0,"axis":"y","origin":[-0.5,8,0]},"faces":{"north":{"uv":[5.33333,8.66667,6,14],"texture":"#0"},"east":{"uv":[8,9.33333,8.33333,14.66667],"texture":"#0"},"south":{"uv":[6,8.66667,6.66667,14],"texture":"#0"},"west":{"uv":[8.33333,9.33333,8.66667,14.66667],"texture":"#0"},"up":{"uv":[9.33333,10,8.66667,9.66667],"texture":"#0"},"down":{"uv":[10,9.66667,9.33333,10],"texture":"#0"}}},{"from":[13.5,0,0],"to":[15.5,1,15],"rotation":{"angle":0,"axis":"y","origin":[-0.5,8,-1]},"faces":{"east":{"uv":[8.66667,9.33333,13.66667,9.66667],"texture":"#0"},"west":{"uv":[0,9.66667,5,10],"texture":"#0"},"up":{"uv":[7.33333,13.66667,6.66667,8.66667],"texture":"#0"},"down":{"uv":[8,8.66667,7.33333,13.66667],"texture":"#0"}}},{"from":[0.5,0,15],"to":[2.5,16,16],"rotation":{"angle":0,"axis":"y","origin":[16.5,8,0]},"faces":{"north":{"uv":[6,8.66667,5.33333,14],"texture":"#0"},"east":{"uv":[8.66667,9.33333,8.33333,14.66667],"texture":"#0"},"south":{"uv":[6.66667,8.66667,6,14],"texture":"#0"},"west":{"uv":[8.33333,9.33333,8,14.66667],"texture":"#0"},"up":{"uv":[8.66667,10,9.33333,9.66667],"texture":"#0"},"down":{"uv":[9.33333,9.66667,10,10],"texture":"#0"}}},{"from":[0.5,0,0],"to":[2.5,1,15],"rotation":{"angle":0,"axis":"y","origin":[16.5,8,-1]},"faces":{"east":{"uv":[5,9.66667,0,10],"texture":"#0"},"west":{"uv":[13.66667,9.33333,8.66667,9.66667],"texture":"#0"},"up":{"uv":[6.66667,13.66667,7.33333,8.66667],"texture":"#0"},"down":{"uv":[7.33333,8.66667,8,13.66667],"texture":"#0"}}},{"from":[0,0,0],"to":[16,1,22.625],"rotation":{"angle":-45,"axis":"x","origin":[0,0,0]},"faces":{"north":{"uv":[0,9,5.33333,9.33333],"texture":"#0"},"east":{"uv":[8,8.66667,15.66667,9],"texture":"#0"},"south":{"uv":[0,9.33333,5.33333,9.66667],"texture":"#0"},"west":{"uv":[8,9,15.66667,9.33333],"texture":"#0"},"up":{"uv":[5.33333,7.66667,0,0],"texture":"#0"},"down":{"uv":[10.66667,0,5.33333,7.66667],"texture":"#0"}}},{"from":[0,-0.39254,-4.08458],"to":[16,-0.36254,-0.08458],"rotation":{"angle":-22.5,"axis":"x","origin":[0,-1.39254,-3.08458]},"faces":{"up":{"uv":[14.33333,13,9,11.66667],"texture":"#0"},"down":{"uv":[14.33333,11.66667,9,13],"texture":"#0"}}},{"from":[0,17.16328,15.59813],"to":[16,17.16328,18.59813],"rotation":{"angle":-22.5,"axis":"x","origin":[0,16.16328,16.59813]},"faces":{"up":{"uv":[14.33333,11.33333,9,10.33333],"texture":"#0"},"down":{"uv":[14.33333,10.33333,9,11.33333],"texture":"#0"}}}],"gui_light":"front","display":{"thirdperson_righthand":{"rotation":[55.25,180,0],"translation":[0,4.75,1.5],"scale":[0.5,0.5,0.5]},"thirdperson_lefthand":{"rotation":[55.25,180,0],"translation":[0,4.75,1.5],"scale":[0.5,0.5,0.5]},"firstperson_righthand":{"rotation":[-16.25,0,0],"translation":[1.75,4.75,0],"scale":[0.63086,0.63086,0.63086]},"firstperson_lefthand":{"rotation":[-16.25,0,0],"translation":[1.75,4.75,0],"scale":[0.63086,0.63086,0.63086]},"ground":{"translation":[0,5,0],"scale":[0.7,0.7,0.7]},"gui":{"rotation":[35,135,0],"translation":[0,-0.25,0],"scale":[0.7,0.7,0.7]},"head":{"rotation":[0,180,0],"translation":[0,-29.75,0],"scale":[1.6,1.6,1.6]},"fixed":{"rotation":[-90,0,0],"translation":[0,0,-16],"scale":[2,2,2]}}}