{"textures​":{"0":"\u0073\u0075\u006d\u006d\u0065\u0072_\u0066\u0075\u0072\u006e\u0069\u0074\u0075\u0072\u0065_\u0073\u0065\u0074:\u0070\u006c\u0061\u006e\u0074_1","\u0070\u0061\u0072\u0074\u0069\u0063\u006c\u0065":"\u0073\u0075\u006d\u006d\u0065\u0072_\u0066\u0075\u0072\u006e\u0069\u0074\u0075\u0072\u0065_\u0073\u0065\u0074:\u0070\u006c\u0061\u006e\u0074_1"},"credit":"Polygony Creation Co.,Ltd.","\u0074\u0065\u0078\u0074\u0075\u0072\u0065\u0073":{"0":"\u0073\u0075\u006d\u006d\u0065\u0072_\u0066\u0075\u0072\u006e\u0069\u0074\u0075\u0072\u0065_\u0073\u0065\u0074:\u0070\u006c\u0061\u006e\u0074_1","\u0070\u0061\u0072\u0074\u0069\u0063\u006c\u0065":"\u0073\u0075\u006d\u006d\u0065\u0072_\u0066\u0075\u0072\u006e\u0069\u0074\u0075\u0072\u0065_\u0073\u0065\u0074:\u0070\u006c\u0061\u006e\u0074_1"},"elements":[{"from":[3,6,3],"to":[13,11,13],"rotation":{"angle":0,"axis":"y","origin":[2,6,2]},"faces":{"north":{"uv":[4,6.66667,7.33333,8.33333],"texture":"#0"},"east":{"uv":[7.33333,0,10.66667,1.66667],"texture":"#0"},"south":{"uv":[7.33333,1.66667,10.66667,3.33333],"texture":"#0"},"west":{"uv":[7.33333,3.33333,10.66667,5],"texture":"#0"},"up":{"uv":[7.33333,3.33333,4,0],"texture":"#0"},"down":{"uv":[7.33333,3.33333,4,6.66667],"texture":"#0"}}},{"from":[3,0,3],"to":[13,5,13],"rotation":{"angle":0,"axis":"y","origin":[2,0,2]},"faces":{"north":{"uv":[4,6.66667,7.33333,8.33333],"texture":"#0"},"east":{"uv":[7.33333,0,10.66667,1.66667],"texture":"#0"},"south":{"uv":[7.33333,1.66667,10.66667,3.33333],"texture":"#0"},"west":{"uv":[7.33333,3.33333,10.66667,5],"texture":"#0"},"up":{"uv":[7.33333,3.33333,4,0],"texture":"#0"},"down":{"uv":[7.33333,3.33333,4,6.66667],"texture":"#0"}}},{"from":[2,11,2],"to":[14,12,14],"rotation":{"angle":0,"axis":"y","origin":[2,11,2]},"faces":{"north":{"uv":[0,8,4,8.33333],"texture":"#0"},"east":{"uv":[0,8.33333,4,8.66667],"texture":"#0"},"south":{"uv":[0,8.66667,4,9],"texture":"#0"},"west":{"uv":[0,9,4,9.33333],"texture":"#0"},"up":{"uv":[4,4,0,0],"texture":"#0"},"down":{"uv":[4,4,0,8],"texture":"#0"}}},{"from":[2,5,2],"to":[14,6,14],"rotation":{"angle":0,"axis":"y","origin":[2,5,2]},"faces":{"north":{"uv":[0,8,4,8.33333],"texture":"#0"},"east":{"uv":[0,8.33333,4,8.66667],"texture":"#0"},"south":{"uv":[0,8.66667,4,9],"texture":"#0"},"west":{"uv":[0,9,4,9.33333],"texture":"#0"},"up":{"uv":[4,4,0,0],"texture":"#0"},"down":{"uv":[4,4,0,8],"texture":"#0"}}},{"from":[9.80309,11.02164,5.89805],"to":[9.83309,14.02164,10.89805],"rotation":{"angle":-22.5,"axis":"z","origin":[9.80309,14.02164,8.39805]},"faces":{"east":{"uv":[5,15,3.33333,16],"texture":"#0"},"west":{"uv":[3.33333,15,5,16],"texture":"#0"}}},{"from":[7.68177,14.90032,5.89805],"to":[7.71177,17.90032,10.89805],"rotation":{"angle":-45,"axis":"z","origin":[7.68177,11.90032,8.39805]},"faces":{"east":{"uv":[5,14,3.33333,15],"texture":"#0"},"west":{"uv":[3.33333,14,5,15],"texture":"#0"}}},{"from":[11.78365,16.88061,5.89805],"to":[14.78365,16.91061,10.89805],"rotation":{"angle":22.5,"axis":"z","origin":[13.78365,16.88061,8.39805]},"faces":{"up":{"uv":[5,14,3.33333,13],"rotation":270,"texture":"#0"},"down":{"uv":[5,13,3.33333,14],"rotation":90,"texture":"#0"}}},{"from":[14.1903,13.45376,5.89805],"to":[17.1903,13.48376,10.89805],"rotation":{"angle":-22.5,"axis":"z","origin":[13.02945,12.3666,8.39805]},"faces":{"up":{"uv":[5,14,3.33333,13],"rotation":270,"texture":"#0"},"down":{"uv":[5,13,3.33333,14],"rotation":90,"texture":"#0"}}},{"from":[11.52945,12.92449,5.89805],"to":[14.52945,12.95449,10.89805],"rotation":{"angle":0,"axis":"y","origin":[13.02945,12.3666,8.39805]},"faces":{"up":{"uv":[3.33333,14,5,15],"rotation":90,"texture":"#0"},"down":{"uv":[5,14,3.33333,15],"rotation":90,"texture":"#0"}}},{"from":[8.8686,13.45376,5.89805],"to":[11.8686,13.48376,10.89805],"rotation":{"angle":22.5,"axis":"z","origin":[13.02945,12.3666,8.39805]},"faces":{"up":{"uv":[3.33333,15,5,16],"rotation":90,"texture":"#0"},"down":{"uv":[5,15,3.33333,16],"rotation":90,"texture":"#0"}}},{"from":[-1.1903,13.45376,5.10195],"to":[1.8097,13.48376,10.10195],"rotation":{"angle":22.5,"axis":"z","origin":[2.97055,12.3666,7.60195]},"faces":{"up":{"uv":[3.33333,13,5,14],"rotation":270,"texture":"#0"},"down":{"uv":[3.33333,14,5,13],"rotation":90,"texture":"#0"}}},{"from":[1.47055,12.92449,5.10195],"to":[4.47055,12.95449,10.10195],"rotation":{"angle":0,"axis":"y","origin":[2.97055,12.3666,7.60195]},"faces":{"up":{"uv":[5,15,3.33333,14],"rotation":90,"texture":"#0"},"down":{"uv":[3.33333,15,5,14],"rotation":90,"texture":"#0"}}},{"from":[4.1314,13.45376,5.10195],"to":[7.1314,13.48376,10.10195],"rotation":{"angle":-22.5,"axis":"z","origin":[2.97055,12.3666,7.60195]},"faces":{"up":{"uv":[5,16,3.33333,15],"rotation":90,"texture":"#0"},"down":{"uv":[3.33333,16,5,15],"rotation":90,"texture":"#0"}}},{"from":[5.27309,11.02164,6.39805],"to":[5.30309,13.02164,9.39805],"rotation":{"angle":22.5,"axis":"z","origin":[5.30309,14.02164,6.89805]},"faces":{"east":{"uv":[9,14.66667,10,15.33333],"texture":"#0"},"west":{"uv":[10,14.66667,9,15.33333],"texture":"#0"}}},{"from":[7.7771,13.97644,6.39805],"to":[7.8071,15.97644,9.39805],"rotation":{"angle":45,"axis":"z","origin":[7.8071,10.97644,6.89805]},"faces":{"east":{"uv":[9,14,10,14.66667],"texture":"#0"},"west":{"uv":[10,14,9,14.66667],"texture":"#0"}}},{"from":[2.41232,15.24962,6.39805],"to":[4.41232,15.27962,9.39805],"rotation":{"angle":-22.5,"axis":"z","origin":[2.41232,15.24962,6.89805]},"faces":{"up":{"uv":[10,14,9,13.33333],"rotation":90,"texture":"#0"},"down":{"uv":[10,13.33333,9,14],"rotation":270,"texture":"#0"}}},{"from":[6.5,12.94351,4.51536],"to":[9.5,12.97351,6.51536],"rotation":{"angle":22.5,"axis":"x","origin":[8,12.22447,3.74323]},"faces":{"up":{"uv":[9,14.66667,10,15.33333],"texture":"#0"},"down":{"uv":[10,14.66667,9,15.33333],"rotation":180,"texture":"#0"}}},{"from":[6.5,12.59101,2.74323],"to":[9.5,12.62101,4.74323],"rotation":{"angle":0,"axis":"y","origin":[8,12.22447,3.74323]},"faces":{"up":{"uv":[9,14,10,14.66667],"texture":"#0"},"down":{"uv":[10,14,9,14.66667],"rotation":180,"texture":"#0"}}},{"from":[6.5,12.94351,0.9711],"to":[9.5,12.97351,2.9711],"rotation":{"angle":-22.5,"axis":"x","origin":[8,12.22447,3.74323]},"faces":{"up":{"uv":[10,14,9,13.33333],"rotation":180,"texture":"#0"},"down":{"uv":[10,13.33333,9,14],"rotation":180,"texture":"#0"}}},{"from":[4.99246,17.42181,0.39805],"to":[10.99246,17.45181,3.39805],"rotation":{"angle":22.5,"axis":"x","origin":[8.49246,17.42181,2.39805]},"faces":{"up":{"uv":[8,13,6,12],"rotation":180,"texture":"#0"},"down":{"uv":[8,12,6,13],"rotation":180,"texture":"#0"}}},{"from":[4.99246,15.97065,7.8996],"to":[10.99246,18.97065,7.9296],"rotation":{"angle":-45,"axis":"x","origin":[8.49246,12.47065,7.9296]},"faces":{"north":{"uv":[8,13,6,14],"texture":"#0"},"south":{"uv":[6,13,8,14],"texture":"#0"}}},{"from":[4.99246,11.02164,5.80741],"to":[10.99246,15.02164,5.83741],"rotation":{"angle":-22.5,"axis":"x","origin":[8.49246,14.02164,5.83741]},"faces":{"north":{"uv":[8,14,6,15.33333],"texture":"#0"},"south":{"uv":[6,14,8,15.33333],"texture":"#0"}}},{"from":[4.99246,15.44667,8.91511],"to":[10.99246,15.47667,12.91511],"rotation":{"angle":-45,"axis":"x","origin":[7.99246,14.35951,13.82596]},"faces":{"up":{"uv":[6,15.33333,8,14],"texture":"#0"},"down":{"uv":[8,15.33333,6,14],"rotation":180,"texture":"#0"}}},{"from":[4.99246,15.01307,12.55693],"to":[10.99246,15.04307,15.55693],"rotation":{"angle":-22.5,"axis":"x","origin":[7.99246,14.35951,13.82596]},"faces":{"up":{"uv":[6,14,8,13],"texture":"#0"},"down":{"uv":[8,14,6,13],"rotation":180,"texture":"#0"}}},{"from":[4.99246,15.62345,15.16358],"to":[10.99246,15.65345,18.16358],"rotation":{"angle":0,"axis":"y","origin":[7.99246,14.35951,13.82596]},"faces":{"up":{"uv":[8,12,6,13],"rotation":180,"texture":"#0"},"down":{"uv":[8,13,6,12],"rotation":180,"texture":"#0"}}},{"from":[4.188,10.20208,11.66277],"to":[11.188,15.20208,11.69277],"rotation":{"angle":22.5,"axis":"x","origin":[7.688,16.50165,13.14805]},"faces":{"north":{"uv":[0,13.66667,2.33333,15.33333],"texture":"#0"},"south":{"uv":[2.33333,13.66667,0,15.33333],"texture":"#0"}}},{"from":[4.188,14.73262,12.27315],"to":[11.188,18.73262,12.30315],"rotation":{"angle":45,"axis":"x","origin":[7.688,16.50165,13.14805]},"faces":{"north":{"uv":[0,12.33333,2.33333,13.66667],"texture":"#0"},"south":{"uv":[2.33333,12.33333,0,13.66667],"texture":"#0"}}},{"from":[4.188,18.1337,14.87439],"to":[11.188,18.1637,18.87439],"rotation":{"angle":-22.5,"axis":"x","origin":[7.688,16.50165,13.14805]},"faces":{"up":{"uv":[2.33333,12.33333,0,11],"texture":"#0"},"down":{"uv":[2.33333,11,0,12.33333],"texture":"#0"}}},{"from":[4.735,14,6.515],"to":[4.765,17,9.515],"rotation":{"angle":22.5,"axis":"z","origin":[4.75,15.5,8.015]},"faces":{"east":{"uv":[12.66667,12.66667,13.66667,13.66667],"texture":"#0"},"west":{"uv":[13.66667,12.66667,12.66667,13.66667],"texture":"#0"}}},{"from":[11.235,15.75,5.515],"to":[11.265,18.75,8.515],"rotation":{"angle":-22.5,"axis":"z","origin":[11.25,17.25,7.015]},"faces":{"east":{"uv":[12.33333,12.66667,11.33333,13.66667],"texture":"#0"},"west":{"uv":[11.33333,12.66667,12.33333,13.66667],"texture":"#0"}}},{"from":[7.75,15,10.5],"to":[10.75,18,10.53],"rotation":{"angle":22.5,"axis":"x","origin":[11.75,15,10.5]},"faces":{"north":{"uv":[14,12.66667,15,13.66667],"texture":"#0"},"south":{"uv":[15,12.66667,14,13.66667],"texture":"#0"}}}],"gui_light":"front","display":{"thirdperson_righthand":{"rotation":[55.25,0,0],"translation":[0,5.5,3.25],"scale":[0.7,0.7,0.7]},"thirdperson_lefthand":{"rotation":[55.25,0,0],"translation":[0,5.5,3.25],"scale":[0.7,0.7,0.7]},"firstperson_righthand":{"rotation":[-16.25,0,0],"translation":[1.75,4.75,0],"scale":[0.63086,0.63086,0.63086]},"firstperson_lefthand":{"rotation":[-16.25,0,0],"translation":[1.75,4.75,0],"scale":[0.63086,0.63086,0.63086]},"ground":{"translation":[0,5,0],"scale":[0.7,0.7,0.7]},"gui":{"rotation":[25,135,0],"translation":[0,-1.25,0],"scale":[0.7,0.7,0.7]},"head":{"rotation":[0,180,0],"translation":[0,-29.75,0],"scale":[1.6,1.6,1.6]},"fixed":{"rotation":[-90,0,0],"translation":[0,0,-16],"scale":[2,2,2]}}}