{"textures​":{"layer0":"minecraft:item/dark_prismarine_stairs"},"credit":"Made with Blockbench","texture_size":[64,64],"\u0074\u0065\u0078\u0074\u0075\u0072\u0065\u0073":{"1":"\u0068\u0061\u0074\u0073_\u0065\u0078\u0070\u0061\u006e\u0073\u0069\u006f\u006e:\u0061\u0064\u0076\u0065\u006e\u0074\u0075\u0072\u0065\u0072_\u0068\u0061\u0074","\u0070\u0061\u0072\u0074\u0069\u0063\u006c\u0065":"\u0068\u0061\u0074\u0073_\u0065\u0078\u0070\u0061\u006e\u0073\u0069\u006f\u006e:\u0061\u0064\u0076\u0065\u006e\u0074\u0075\u0072\u0065\u0072_\u0068\u0061\u0074"},"elements":[{"from":[4,0,4],"to":[12,6,12],"faces":{"north":{"uv":[2.25,6.5,4.25,8],"texture":"#1"},"east":{"uv":[4.25,6.5,6.25,8],"texture":"#1"},"south":{"uv":[6.25,6.5,8.25,8],"texture":"#1"},"west":{"uv":[7,4.5,9,6],"texture":"#1"},"up":{"uv":[5,6.5,3,4.5],"texture":"#1"},"down":{"uv":[7,4.5,5,6.5],"texture":"#1"}}},{"from":[14,0.5,2],"to":[16,0.5,14],"rotation":{"angle":22.5,"axis":"z","origin":[15,0,8]},"faces":{"north":{"uv":[0,0,0.5,0],"texture":"#1"},"east":{"uv":[0,0,3,0],"texture":"#1"},"south":{"uv":[0,0,0.5,0],"texture":"#1"},"west":{"uv":[0,0,3,0],"texture":"#1"},"up":{"uv":[0.5,10.5,0,7.5],"texture":"#1"},"down":{"uv":[8,0,7.5,3],"texture":"#1"}}},{"from":[2,-0.75,0],"to":[14,-0.75,2],"rotation":{"angle":-22.5,"axis":"x","origin":[0,0,0]},"faces":{"north":{"uv":[0,0,3,0],"texture":"#1"},"east":{"uv":[0,0,0.5,0],"texture":"#1"},"south":{"uv":[0,0,3,0],"texture":"#1"},"west":{"uv":[0,0,0.5,0],"texture":"#1"},"up":{"uv":[10,6.5,7,6],"texture":"#1"},"down":{"uv":[10.5,3,7.5,3.5],"texture":"#1"}}},{"from":[0,0.75,2],"to":[2,0.75,14],"rotation":{"angle":-22.5,"axis":"z","origin":[0,0,0]},"faces":{"north":{"uv":[0,0,0.5,0],"texture":"#1"},"east":{"uv":[0,0,3,0],"texture":"#1"},"south":{"uv":[0,0,0.5,0],"texture":"#1"},"west":{"uv":[0,0,3,0],"texture":"#1"},"up":{"uv":[1,10.5,0.5,7.5],"texture":"#1"},"down":{"uv":[1.5,7.5,1,10.5],"texture":"#1"}}},{"from":[2,0,2],"to":[14,0,14],"faces":{"north":{"uv":[0,0,3,0],"texture":"#1"},"east":{"uv":[0,0,3,0],"texture":"#1"},"south":{"uv":[0,0,3,0],"texture":"#1"},"west":{"uv":[0,0,3,0],"texture":"#1"},"up":{"uv":[3,3,0,0],"texture":"#1"},"down":{"uv":[3,3,0,6],"texture":"#1"}}},{"from":[2,-0.5,14],"to":[14,-0.5,16],"rotation":{"angle":22.5,"axis":"x","origin":[8,0,15.5]},"faces":{"north":{"uv":[0,0,3,0],"texture":"#1"},"east":{"uv":[0,0,0.5,0],"texture":"#1"},"south":{"uv":[0,0,3,0],"texture":"#1"},"west":{"uv":[0,0,0.5,0],"texture":"#1"},"up":{"uv":[10.5,4,7.5,3.5],"texture":"#1"},"down":{"uv":[10.5,4,7.5,4.5],"texture":"#1"}}},{"from":[7,6.25,7],"to":[9,6.25,9],"faces":{"north":{"uv":[0,0,0.5,0],"texture":"#1"},"east":{"uv":[0,0,0.5,0],"texture":"#1"},"south":{"uv":[0,0,0.5,0],"texture":"#1"},"west":{"uv":[0,0,0.5,0],"texture":"#1"},"up":{"uv":[2.75,6.5,2.25,6],"texture":"#1"},"down":{"uv":[2,7.5,1.5,8],"texture":"#1"}}},{"from":[3.5,0,3.5],"to":[12.5,6,12.5],"faces":{"north":{"uv":[5.25,0,7.5,1.5],"texture":"#1","tintindex":0},"east":{"uv":[5.25,1.5,7.5,3],"texture":"#1","tintindex":0},"south":{"uv":[5.25,3,7.5,4.5],"texture":"#1","tintindex":0},"west":{"uv":[0,6,2.25,7.5],"texture":"#1","tintindex":0},"up":{"uv":[5.25,2.25,3,0],"texture":"#1"},"down":{"uv":[5.25,2.25,3,4.5],"texture":"#1"}}}],"display":{"thirdperson_righthand":{"rotation":[40,40,0],"scale":[0.5,0.5,0.5]},"thirdperson_lefthand":{"rotation":[40,40,0],"scale":[0.5,0.5,0.5]},"firstperson_righthand":{"rotation":[0,112,0],"translation":[11.5,-1.5,-11],"scale":[0.7,0.7,0.7]},"firstperson_lefthand":{"rotation":[0,112,0],"translation":[11.25,-1.5,-11.5],"scale":[0.7,0.7,0.7]},"ground":{"scale":[0.5,0.5,0.5]},"gui":{"rotation":[37,22,0],"translation":[0.25,4.75,0],"scale":[0.85,0.85,0.85]},"head":{"rotation":[7,0,0],"translation":[0,18.5,1.75],"scale":[1.9,1.9,1.9]}},"gui_light":"front"}