{"textures​":{"0":"\u006e\u006f\u0067\u0073_\u006d\u0065\u006e\u0061\u0067\u0065\u0072\u0069\u0065:\u0070\u006c\u0075\u0073\u0068\u0069\u0065\u0073/\u006e\u006d_\u0070\u006c\u0075\u0073\u0068\u0069\u0065_\u0064\u0072\u006f\u0077\u006e\u0065\u0064_\u0074\u0065\u0078\u0074\u0075\u0072\u0065","\u0070\u0061\u0072\u0074\u0069\u0063\u006c\u0065":"\u006e\u006f\u0067\u0073_\u006d\u0065\u006e\u0061\u0067\u0065\u0072\u0069\u0065:\u0070\u006c\u0075\u0073\u0068\u0069\u0065\u0073/\u006e\u006d_\u0070\u006c\u0075\u0073\u0068\u0069\u0065_\u0064\u0072\u006f\u0077\u006e\u0065\u0064_\u0074\u0065\u0078\u0074\u0075\u0072\u0065"},"credit":"Made by Nog's Menagerie","texture_size":[64,64],"\u0074\u0065\u0078\u0074\u0075\u0072\u0065\u0073":{"0":"\u006e\u006f\u0067\u0073_\u006d\u0065\u006e\u0061\u0067\u0065\u0072\u0069\u0065:\u0070\u006c\u0075\u0073\u0068\u0069\u0065\u0073/\u006e\u006d_\u0070\u006c\u0075\u0073\u0068\u0069\u0065_\u0064\u0072\u006f\u0077\u006e\u0065\u0064_\u0074\u0065\u0078\u0074\u0075\u0072\u0065","\u0070\u0061\u0072\u0074\u0069\u0063\u006c\u0065":"\u006e\u006f\u0067\u0073_\u006d\u0065\u006e\u0061\u0067\u0065\u0072\u0069\u0065:\u0070\u006c\u0075\u0073\u0068\u0069\u0065\u0073/\u006e\u006d_\u0070\u006c\u0075\u0073\u0068\u0069\u0065_\u0064\u0072\u006f\u0077\u006e\u0065\u0064_\u0074\u0065\u0078\u0074\u0075\u0072\u0065"},"elements":[{"name":"torso","from":[5.5,0,7],"to":[10.5,7,11],"rotation":{"angle":0,"axis":"y","origin":[8,2.0045,8.60355]},"faces":{"north":{"uv":[3.75,4,5,5.75],"texture":"#0"},"east":{"uv":[5.75,0,6.75,1.75],"texture":"#0"},"south":{"uv":[5.25,3.75,6.5,5.5],"texture":"#0"},"west":{"uv":[1.75,5.75,2.75,7.5],"texture":"#0"},"up":{"uv":[6.5,6.75,5.25,5.75],"texture":"#0"},"down":{"uv":[1.25,6,0,7],"texture":"#0"}}},{"name":"head","from":[4.5,5.575,5.6],"to":[11.5,12.575,11.6],"rotation":{"angle":-22.5,"axis":"x","origin":[8,7.725,8]},"faces":{"north":{"uv":[0,0,1.75,1.75],"texture":"#0"},"east":{"uv":[0,4,1.5,5.75],"texture":"#0"},"south":{"uv":[0,2,1.75,3.75],"texture":"#0"},"west":{"uv":[4,0,5.5,1.75],"texture":"#0"},"up":{"uv":[3.5,5.5,1.75,4],"texture":"#0"},"down":{"uv":[5.75,2,4,3.5],"texture":"#0"}}},{"name":"head","from":[4.5,5.575,4.6],"to":[11.5,5.575,5.6],"rotation":{"angle":-22.5,"axis":"x","origin":[8,7.725,8]},"faces":{"north":{"uv":[8,5.75,9.75,5.75],"texture":"#0"},"east":{"uv":[4,3.75,4.25,3.75],"texture":"#0"},"south":{"uv":[8.5,2.5,10.25,2.5],"texture":"#0"},"west":{"uv":[4.5,3.75,4.75,3.75],"texture":"#0"},"up":{"uv":[8.5,6.25,6.75,6],"texture":"#0"},"down":{"uv":[8.5,6.5,6.75,6.75],"texture":"#0"}}},{"name":"head","from":[4.5,5.575,4.6],"to":[11.5,12.575,4.6],"rotation":{"angle":-22.5,"axis":"x","origin":[8,7.725,8]},"faces":{"north":{"uv":[2,0,3.75,1.75],"texture":"#0"},"east":{"uv":[7,8.5,7,10.25],"texture":"#0"},"south":{"uv":[2,2,3.75,3.75],"texture":"#0"},"west":{"uv":[7.75,8.5,7.75,10.25],"texture":"#0"},"up":{"uv":[9.75,8.5,8,8.5],"texture":"#0"},"down":{"uv":[10.25,8,8.5,8],"texture":"#0"}}},{"name":"head","from":[11.5,5.575,4.6],"to":[11.5,12.575,5.6],"rotation":{"angle":-22.5,"axis":"x","origin":[8,7.725,8]},"faces":{"north":{"uv":[1,8.75,1,10.5],"texture":"#0"},"east":{"uv":[7,0,7.25,1.75],"texture":"#0"},"south":{"uv":[1.25,8.75,1.25,10.5],"texture":"#0"},"west":{"uv":[3,7,3.25,8.75],"texture":"#0"},"up":{"uv":[1.5,6.25,1.5,6],"texture":"#0"},"down":{"uv":[1.5,6.5,1.5,6.75],"texture":"#0"}}},{"name":"head","from":[4.5,5.575,4.6],"to":[4.5,12.575,5.6],"rotation":{"angle":-22.5,"axis":"x","origin":[8,7.725,8]},"faces":{"north":{"uv":[1,8.75,1,10.5],"texture":"#0"},"east":{"uv":[9.25,3,9,4.75],"texture":"#0"},"south":{"uv":[1.25,8.75,1.25,10.5],"texture":"#0"},"west":{"uv":[9.25,1,9,2.75],"texture":"#0"},"up":{"uv":[1.5,6.25,1.5,6],"texture":"#0"},"down":{"uv":[1.5,6.5,1.5,6.75],"texture":"#0"}}},{"name":"head","from":[4.5,12.575,4.6],"to":[11.5,12.575,5.6],"rotation":{"angle":-22.5,"axis":"x","origin":[8,7.725,8]},"faces":{"north":{"uv":[8.5,8.25,10.25,8.25],"texture":"#0"},"east":{"uv":[7.5,1.75,7.75,1.75],"texture":"#0"},"south":{"uv":[8.75,2.75,10.5,2.75],"texture":"#0"},"west":{"uv":[2.5,8.75,2.75,8.75],"texture":"#0"},"up":{"uv":[7,7.25,5.25,7],"texture":"#0"},"down":{"uv":[9,7,7.25,7.25],"texture":"#0"}}},{"name":"right_arm","from":[9.83187,1.74074,8],"to":[11.83187,5.74074,10],"rotation":{"angle":45,"axis":"z","origin":[10.83187,3.74074,9]},"faces":{"north":{"uv":[3,5.75,3.5,6.75],"texture":"#0"},"east":{"uv":[6,2,6.5,3],"texture":"#0"},"south":{"uv":[3.75,6,4.25,7],"texture":"#0"},"west":{"uv":[4.5,6,5,7],"texture":"#0"},"up":{"uv":[8,1.5,7.5,1],"texture":"#0"},"down":{"uv":[8,3.5,7.5,4],"texture":"#0"}}},{"name":"left_arm","from":[4.16813,1.74074,8],"to":[6.16813,5.74074,10],"rotation":{"angle":-45,"axis":"z","origin":[5.16813,3.74074,9]},"faces":{"north":{"uv":[3.5,5.75,3,6.75],"texture":"#0"},"east":{"uv":[5,6,4.5,7],"texture":"#0"},"south":{"uv":[4.25,6,3.75,7],"texture":"#0"},"west":{"uv":[6.5,2,6,3],"texture":"#0"},"up":{"uv":[7.5,1.5,8,1],"texture":"#0"},"down":{"uv":[7.5,3.5,8,4],"texture":"#0"}}},{"name":"right_arm","from":[11.68898,0,4],"to":[12.68898,5,5],"rotation":{"angle":0,"axis":"z","origin":[11.53898,3.03363,7.25]},"faces":{"north":{"uv":[1,7.25,1.25,8.5],"texture":"#0"},"east":{"uv":[3.5,7.25,3.75,8.5],"texture":"#0"},"south":{"uv":[4,7.25,4.25,8.5],"texture":"#0"},"west":{"uv":[4.5,7.25,4.75,8.5],"texture":"#0"},"up":{"uv":[8.5,3.5,8.25,3.25],"texture":"#0"},"down":{"uv":[8.5,3.75,8.25,4],"texture":"#0"}}},{"name":"right_arm","from":[11.68898,1,5],"to":[12.68898,4,6],"rotation":{"angle":0,"axis":"z","origin":[11.53898,3.03363,7.25]},"faces":{"north":{"uv":[7.5,5,7.75,5.75],"texture":"#0"},"east":{"uv":[5.75,7.5,6,8.25],"texture":"#0"},"south":{"uv":[6.25,7.5,6.5,8.25],"texture":"#0"},"west":{"uv":[6.75,7.5,7,8.25],"texture":"#0"},"up":{"uv":[8.5,4.5,8.25,4.25],"texture":"#0"},"down":{"uv":[5.25,8.25,5,8.5],"texture":"#0"}}},{"name":"right_arm","from":[11.68898,4,2],"to":[12.68898,5,4],"rotation":{"angle":0,"axis":"z","origin":[11.53898,3.25,7.25]},"faces":{"north":{"uv":[8.25,7.5,8.5,7.75],"texture":"#0"},"east":{"uv":[6,3.25,6.5,3.5],"texture":"#0"},"south":{"uv":[8.5,1.5,8.75,1.75],"texture":"#0"},"west":{"uv":[8,2.75,8.5,3],"texture":"#0"},"up":{"uv":[8.25,5.5,8,5],"texture":"#0"},"down":{"uv":[7.5,8,7.25,8.5],"texture":"#0"}}},{"name":"right_arm","from":[11.68898,0,2],"to":[12.68898,1,4],"rotation":{"angle":0,"axis":"z","origin":[11.53898,3.25,7.25]},"faces":{"north":{"uv":[8.5,2,8.75,2.25],"texture":"#0"},"east":{"uv":[7.75,8,8.25,8.25],"texture":"#0"},"south":{"uv":[8.5,4.75,8.75,5],"texture":"#0"},"west":{"uv":[8.25,1,8.75,1.25],"texture":"#0"},"up":{"uv":[1.75,8.75,1.5,8.25],"texture":"#0"},"down":{"uv":[2.25,8.25,2,8.75],"texture":"#0"}}},{"name":"right_arm","from":[11.68898,2,1],"to":[12.68898,3,4],"rotation":{"angle":0,"axis":"z","origin":[11.53898,3.25,7.25]},"faces":{"north":{"uv":[8.5,5.25,8.75,5.5],"texture":"#0"},"east":{"uv":[7.25,7.5,8,7.75],"texture":"#0"},"south":{"uv":[5.5,8.5,5.75,8.75],"texture":"#0"},"west":{"uv":[1.5,7.75,2.25,8],"texture":"#0"},"up":{"uv":[2.75,8.5,2.5,7.75],"texture":"#0"},"down":{"uv":[8.25,1.75,8,2.5],"texture":"#0"}}},{"name":"right_arm","from":[11.68898,2,6],"to":[12.68898,3,13],"rotation":{"angle":0,"axis":"z","origin":[11.53898,5.25,7.25]},"faces":{"north":{"uv":[6,8.5,6.25,8.75],"texture":"#0"},"east":{"uv":[7.5,0,9.25,0.25],"texture":"#0"},"south":{"uv":[6.5,8.5,6.75,8.75],"texture":"#0"},"west":{"uv":[7.5,0.5,9.25,0.75],"texture":"#0"},"up":{"uv":[0.25,9,0,7.25],"texture":"#0"},"down":{"uv":[0.75,7.25,0.5,9],"texture":"#0"}}},{"name":"right_leg","from":[8.75,0.035,3.85],"to":[10.75,1.985,7.85],"rotation":{"angle":-22.5,"axis":"y","origin":[7.675,0.01,6.2]},"faces":{"north":{"uv":[7.5,4.25,8,4.75],"texture":"#0"},"east":{"uv":[6.75,2,7.75,2.5],"texture":"#0"},"south":{"uv":[5,7.5,5.5,8],"texture":"#0"},"west":{"uv":[6.75,2.75,7.75,3.25],"texture":"#0"},"up":{"uv":[7.25,4.5,6.75,3.5],"texture":"#0"},"down":{"uv":[7.25,4.75,6.75,5.75],"texture":"#0"}}},{"name":"left_leg","from":[5.25,0.035,3.85],"to":[7.25,1.985,7.85],"rotation":{"angle":22.5,"axis":"y","origin":[8.325,0.01,6.2]},"faces":{"north":{"uv":[8,4.25,7.5,4.75],"texture":"#0"},"east":{"uv":[7.75,2.75,6.75,3.25],"texture":"#0"},"south":{"uv":[5.5,7.5,5,8],"texture":"#0"},"west":{"uv":[7.75,2,6.75,2.5],"texture":"#0"},"up":{"uv":[6.75,4.5,7.25,3.5],"texture":"#0"},"down":{"uv":[6.75,4.75,7.25,5.75],"texture":"#0"}}}],"gui_light":"front","display":{"thirdperson_righthand":{"rotation":[24,13,0],"translation":[0,1.25,-0.5],"scale":[0.6,0.6,0.6]},"thirdperson_lefthand":{"rotation":[24,13,0],"translation":[0,0.75,-0.5],"scale":[0.6,0.6,0.6]},"firstperson_righthand":{"rotation":[0,109,5],"translation":[2,5.25,0],"scale":[0.71,0.71,0.71]},"firstperson_lefthand":{"rotation":[0,109,5],"translation":[2,5.25,0],"scale":[0.71,0.71,0.71]},"ground":{"translation":[0,3.5,0],"scale":[0.65,0.65,0.65]},"gui":{"rotation":[25,151,0],"translation":[0.25,0.5,0],"scale":[0.73,0.73,0.73]},"head":{"translation":[0,14.4,0]},"fixed":{"rotation":[-90,0,0],"translation":[0,0,-13.5],"scale":[1.7,1.7,1.7]}},"mcmodels":"5d60807f3af1cd5823ad9970fc7aa1af"}