{"textures​":{"layer0":"minecraft:item/dead_tube_coral_block"},"credit":"Made by Nog's Menagerie","texture_size":[64,64],"\u0074\u0065\u0078\u0074\u0075\u0072\u0065\u0073":{"0":"\u006e\u006f\u0067\u0073_\u006d\u0065\u006e\u0061\u0067\u0065\u0072\u0069\u0065:\u0070\u006c\u0075\u0073\u0068\u0069\u0065\u0073/\u006e\u006d_\u0070\u006c\u0075\u0073\u0068\u0069\u0065_\u0070\u0061\u006e\u0064\u0061_\u0074\u0065\u0078\u0074\u0075\u0072\u0065","\u0070\u0061\u0072\u0074\u0069\u0063\u006c\u0065":"\u006e\u006f\u0067\u0073_\u006d\u0065\u006e\u0061\u0067\u0065\u0072\u0069\u0065:\u0070\u006c\u0075\u0073\u0068\u0069\u0065\u0073/\u006e\u006d_\u0070\u006c\u0075\u0073\u0068\u0069\u0065_\u0070\u0061\u006e\u0064\u0061_\u0074\u0065\u0078\u0074\u0075\u0072\u0065"},"elements":[{"name":"head","from":[9.5,5,2.5],"to":[12.5,8,3.5],"rotation":{"angle":0,"axis":"y","origin":[8,2.0045,7.10355]},"faces":{"north":{"uv":[4.5,7.5,5.25,8.25],"texture":"#0"},"east":{"uv":[5.5,1.75,5.75,2.5],"texture":"#0"},"south":{"uv":[3,8.5,3.75,9.25],"texture":"#0"},"west":{"uv":[9,0,9.25,0.75],"texture":"#0"},"up":{"uv":[6.75,5,6,4.75],"texture":"#0"},"down":{"uv":[9.75,4.75,9,5],"texture":"#0"}}},{"name":"head","from":[3.5,5,2.5],"to":[6.5,8,3.5],"rotation":{"angle":0,"axis":"y","origin":[8,2.0045,7.10355]},"faces":{"north":{"uv":[5.25,7.5,4.5,8.25],"texture":"#0"},"east":{"uv":[9.25,0,9,0.75],"texture":"#0"},"south":{"uv":[3.75,8.5,3,9.25],"texture":"#0"},"west":{"uv":[5.75,1.75,5.5,2.5],"texture":"#0"},"up":{"uv":[6,5,6.75,4.75],"texture":"#0"},"down":{"uv":[9,4.75,9.75,5],"texture":"#0"}}},{"name":"head","from":[5.5,0,-1.5],"to":[10.5,3,0.5],"rotation":{"angle":0,"axis":"y","origin":[8,2.0045,7.10355]},"faces":{"north":{"uv":[0,7.5,1.25,8.25],"texture":"#0"},"east":{"uv":[6,8.75,6.5,9.5],"texture":"#0"},"south":{"uv":[7.5,0,8.75,0.75],"texture":"#0"},"west":{"uv":[6.75,8.75,7.25,9.5],"texture":"#0"},"up":{"uv":[9.25,4.5,8,4],"texture":"#0"},"down":{"uv":[2.75,8.5,1.5,9],"texture":"#0"}}},{"name":"head","from":[4.5,0,0.5],"to":[11.5,6,5.5],"rotation":{"angle":0,"axis":"y","origin":[8,2.0045,7.10355]},"faces":{"north":{"uv":[5.5,0,7.25,1.5],"texture":"#0"},"east":{"uv":[5.5,7,6.75,8.5],"texture":"#0"},"south":{"uv":[5.5,5.25,7.25,6.75],"texture":"#0"},"west":{"uv":[7,7,8.25,8.5],"texture":"#0"},"up":{"uv":[7.75,3,6,1.75],"texture":"#0"},"down":{"uv":[7.75,3.25,6,4.5],"texture":"#0"}}},{"name":"torso","from":[3,0,5.5],"to":[13,8,16.5],"rotation":{"angle":0,"axis":"y","origin":[8,2.0045,7.10355]},"faces":{"north":{"uv":[0,5.25,2.5,7.25],"texture":"#0"},"east":{"uv":[0,3,2.75,5],"texture":"#0"},"south":{"uv":[2.75,5.25,5.25,7.25],"texture":"#0"},"west":{"uv":[3,3,5.75,5],"texture":"#0"},"up":{"uv":[2.5,2.75,0,0],"texture":"#0"},"down":{"uv":[5.25,0,2.75,2.75],"texture":"#0"}}},{"name":"torso","from":[7,4,16.5],"to":[9,6,17.5],"rotation":{"angle":0,"axis":"y","origin":[8,2.0045,8.10355]},"faces":{"north":{"uv":[7.5,8.75,8,9.25],"texture":"#0"},"east":{"uv":[7.5,1,7.75,1.5],"texture":"#0"},"south":{"uv":[8.25,8.75,8.75,9.25],"texture":"#0"},"west":{"uv":[9,5.25,9.25,5.75],"texture":"#0"},"up":{"uv":[9.5,6.25,9,6],"texture":"#0"},"down":{"uv":[9.5,8.75,9,9],"texture":"#0"}}},{"name":"left_arm","from":[11.34645,0.009,8.60936],"to":[16.34645,3.009,11.60936],"rotation":{"angle":22.5,"axis":"y","origin":[8,2.0045,9.02855]},"faces":{"north":{"uv":[1.5,7.5,2.75,8.25],"texture":"#0"},"east":{"uv":[4,8.5,4.75,9.25],"texture":"#0"},"south":{"uv":[3,7.5,4.25,8.25],"texture":"#0"},"west":{"uv":[8.5,6.75,9.25,7.5],"texture":"#0"},"up":{"uv":[8.75,5.5,7.5,4.75],"texture":"#0"},"down":{"uv":[8.75,5.75,7.5,6.5],"texture":"#0"}}},{"name":"left_leg","from":[11.48782,0.009,13.07103],"to":[16.48782,3.009,16.07103],"rotation":{"angle":-22.5,"axis":"y","origin":[11.66282,1.009,14.57103]},"faces":{"north":{"uv":[8,1,9.25,1.75],"texture":"#0"},"east":{"uv":[8.5,7.75,9.25,8.5],"texture":"#0"},"south":{"uv":[8,2,9.25,2.75],"texture":"#0"},"west":{"uv":[5,8.75,5.75,9.5],"texture":"#0"},"up":{"uv":[9.25,3.75,8,3],"texture":"#0"},"down":{"uv":[1.25,8.5,0,9.25],"texture":"#0"}}},{"name":"right_arm","from":[-0.34645,0.009,8.60936],"to":[4.65355,3.009,11.60936],"rotation":{"angle":-22.5,"axis":"y","origin":[8,2.0045,9.02855]},"faces":{"north":{"uv":[2.75,7.5,1.5,8.25],"texture":"#0"},"east":{"uv":[9.25,6.75,8.5,7.5],"texture":"#0"},"south":{"uv":[4.25,7.5,3,8.25],"texture":"#0"},"west":{"uv":[4.75,8.5,4,9.25],"texture":"#0"},"up":{"uv":[7.5,5.5,8.75,4.75],"texture":"#0"},"down":{"uv":[7.5,5.75,8.75,6.5],"texture":"#0"}}},{"name":"right_leg","from":[-0.48782,0.009,13.07103],"to":[4.51218,3.009,16.07103],"rotation":{"angle":22.5,"axis":"y","origin":[4.33718,1.009,14.57103]},"faces":{"north":{"uv":[9.25,1,8,1.75],"texture":"#0"},"east":{"uv":[5.75,8.75,5,9.5],"texture":"#0"},"south":{"uv":[9.25,2,8,2.75],"texture":"#0"},"west":{"uv":[9.25,7.75,8.5,8.5],"texture":"#0"},"up":{"uv":[8,3.75,9.25,3],"texture":"#0"},"down":{"uv":[0,8.5,1.25,9.25],"texture":"#0"}}}],"gui_light":"front","display":{"thirdperson_righthand":{"rotation":[71,22,0],"translation":[-0.75,0.75,2.25],"scale":[0.58,0.58,0.58]},"thirdperson_lefthand":{"rotation":[71,22,0],"translation":[-0.75,0.75,2.25],"scale":[0.58,0.58,0.58]},"firstperson_righthand":{"rotation":[0,109,5],"translation":[1.75,7.5,0],"scale":[0.64,0.64,0.64]},"firstperson_lefthand":{"rotation":[0,109,5],"translation":[1.75,7.5,0],"scale":[0.64,0.64,0.64]},"ground":{"rotation":[0,0,-5],"translation":[0,3.5,0],"scale":[0.65,0.65,0.65]},"gui":{"rotation":[25,151,0],"translation":[-0.75,2.75,0],"scale":[0.7,0.7,0.7]},"head":{"translation":[0,14.4,0]},"fixed":{"rotation":[-90,0,0],"translation":[0,0,-13.5],"scale":[1.7,1.7,1.7]}},"mcmodels":"5d60807f3af1cd5823ad9970fc7aa1af"}