{"textures​":{"layer0":"minecraft:item/packed_ice"},"credit":"Made by Nog's Menagerie","texture_size":[32,32],"\u0074\u0065\u0078\u0074\u0075\u0072\u0065\u0073":{"0":"\u006e\u006f\u0067\u0073_\u006d\u0065\u006e\u0061\u0067\u0065\u0072\u0069\u0065:\u0070\u006c\u0075\u0073\u0068\u0069\u0065\u0073/\u006e\u006d_\u0070\u006c\u0075\u0073\u0068\u0069\u0065_\u007a\u006f\u006d\u0062\u0069\u0065_\u0074\u0065\u0078\u0074\u0075\u0072\u0065","\u0070\u0061\u0072\u0074\u0069\u0063\u006c\u0065":"\u006e\u006f\u0067\u0073_\u006d\u0065\u006e\u0061\u0067\u0065\u0072\u0069\u0065:\u0070\u006c\u0075\u0073\u0068\u0069\u0065\u0073/\u006e\u006d_\u0070\u006c\u0075\u0073\u0068\u0069\u0065_\u007a\u006f\u006d\u0062\u0069\u0065_\u0074\u0065\u0078\u0074\u0075\u0072\u0065"},"elements":[{"name":"torso","from":[5.5,0,7],"to":[10.5,7,11],"rotation":{"angle":0,"axis":"y","origin":[8,2.0045,8.60355]},"faces":{"north":{"uv":[4,8,6.5,11.5],"texture":"#0"},"east":{"uv":[7,8,9,11.5],"texture":"#0"},"south":{"uv":[8,4,10.5,7.5],"texture":"#0"},"west":{"uv":[9.5,8,11.5,11.5],"texture":"#0"},"up":{"uv":[13.5,6,11,4],"texture":"#0"},"down":{"uv":[2.5,12,0,14],"texture":"#0"}}},{"name":"head","from":[4.5,5.575,4.6],"to":[11.5,12.575,11.6],"rotation":{"angle":-22.5,"axis":"x","origin":[8,7.725,8]},"faces":{"north":{"uv":[0,0,3.5,3.5],"texture":"#0"},"east":{"uv":[0,4,3.5,7.5],"texture":"#0"},"south":{"uv":[4,0,7.5,3.5],"texture":"#0"},"west":{"uv":[4,4,7.5,7.5],"texture":"#0"},"up":{"uv":[3.5,11.5,0,8],"texture":"#0"},"down":{"uv":[11.5,0,8,3.5],"texture":"#0"}}},{"name":"right_arm","from":[9.83187,1.74074,8],"to":[11.83187,5.74074,10],"rotation":{"angle":45,"axis":"z","origin":[10.83187,3.74074,9]},"faces":{"north":{"uv":[12,0,13,2],"texture":"#0"},"east":{"uv":[3,12,4,14],"texture":"#0"},"south":{"uv":[4.5,12,5.5,14],"texture":"#0"},"west":{"uv":[6,12,7,14],"texture":"#0"},"up":{"uv":[10,13,9,12],"texture":"#0"},"down":{"uv":[11.5,12,10.5,13],"texture":"#0"}}},{"name":"left_arm","from":[4.16813,1.74074,8],"to":[6.16813,5.74074,10],"rotation":{"angle":-45,"axis":"z","origin":[5.16813,3.74074,9]},"faces":{"north":{"uv":[13,0,12,2],"texture":"#0"},"east":{"uv":[7,12,6,14],"texture":"#0"},"south":{"uv":[5.5,12,4.5,14],"texture":"#0"},"west":{"uv":[4,12,3,14],"texture":"#0"},"up":{"uv":[9,13,10,12],"texture":"#0"},"down":{"uv":[10.5,12,11.5,13],"texture":"#0"}}},{"name":"right_leg","from":[8.75,0.035,3.85],"to":[10.75,1.985,7.85],"rotation":{"angle":-22.5,"axis":"y","origin":[7.675,0.01,6.2]},"faces":{"north":{"uv":[12,10.5,13,11.5],"texture":"#0"},"east":{"uv":[11,6.5,13,7.5],"texture":"#0"},"south":{"uv":[12,12,13,13],"texture":"#0"},"west":{"uv":[12,2.5,14,3.5],"texture":"#0"},"up":{"uv":[8.5,14,7.5,12],"texture":"#0"},"down":{"uv":[13,8,12,10],"texture":"#0"}}},{"name":"left_leg","from":[5.25,0.035,3.85],"to":[7.25,1.985,7.85],"rotation":{"angle":22.5,"axis":"y","origin":[8.325,0.01,6.2]},"faces":{"north":{"uv":[13,10.5,12,11.5],"texture":"#0"},"east":{"uv":[14,2.5,12,3.5],"texture":"#0"},"south":{"uv":[13,12,12,13],"texture":"#0"},"west":{"uv":[13,6.5,11,7.5],"texture":"#0"},"up":{"uv":[7.5,14,8.5,12],"texture":"#0"},"down":{"uv":[12,8,13,10],"texture":"#0"}}}],"gui_light":"front","display":{"thirdperson_righthand":{"rotation":[24,13,0],"translation":[0,1.25,-0.5],"scale":[0.6,0.6,0.6]},"thirdperson_lefthand":{"rotation":[24,13,0],"translation":[0,0.75,-0.5],"scale":[0.6,0.6,0.6]},"firstperson_righthand":{"rotation":[0,109,5],"translation":[2,5.25,0],"scale":[0.71,0.71,0.71]},"firstperson_lefthand":{"rotation":[0,109,5],"translation":[2,5.25,0],"scale":[0.71,0.71,0.71]},"ground":{"translation":[0,3.5,0],"scale":[0.65,0.65,0.65]},"gui":{"rotation":[25,151,0],"translation":[0.25,0.5,0],"scale":[0.73,0.73,0.73]},"head":{"translation":[0,14.4,0]},"fixed":{"rotation":[-90,0,0],"translation":[0,0,-13.5],"scale":[1.7,1.7,1.7]}},"mcmodels":"5d60807f3af1cd5823ad9970fc7aa1af"}