{"textures​":{"layer0":"minecraft:item/dead_brain_coral_block"},"credit":"Made by Nog's Menagerie","texture_size":[32,32],"\u0074\u0065\u0078\u0074\u0075\u0072\u0065\u0073":{"0":"\u006e\u006f\u0067\u0073_\u006d\u0065\u006e\u0061\u0067\u0065\u0072\u0069\u0065:\u0070\u006c\u0075\u0073\u0068\u0069\u0065\u0073/\u006e\u006d_\u0070\u006c\u0075\u0073\u0068\u0069\u0065_\u0073\u0068\u0065\u0065\u0070_\u0074\u0065\u0078\u0074\u0075\u0072\u0065","\u0070\u0061\u0072\u0074\u0069\u0063\u006c\u0065":"\u006e\u006f\u0067\u0073_\u006d\u0065\u006e\u0061\u0067\u0065\u0072\u0069\u0065:\u0070\u006c\u0075\u0073\u0068\u0069\u0065\u0073/\u006e\u006d_\u0070\u006c\u0075\u0073\u0068\u0069\u0065_\u0073\u0068\u0065\u0065\u0070_\u0074\u0065\u0078\u0074\u0075\u0072\u0065"},"elements":[{"name":"head","from":[4.5,0,1],"to":[11.5,6,7],"rotation":{"angle":0,"axis":"y","origin":[8,3,4]},"faces":{"north":{"uv":[0,0,3.5,3],"texture":"#0","tintindex":0},"east":{"uv":[7,7,10,10],"texture":"#0","tintindex":0},"south":{"uv":[0,3.5,3.5,6.5],"texture":"#0","tintindex":0},"west":{"uv":[8,0,11,3],"texture":"#0","tintindex":0},"up":{"uv":[7.5,3,4,0],"texture":"#0","tintindex":0},"down":{"uv":[7.5,3.5,4,6.5],"texture":"#0","tintindex":0}}},{"name":"head","from":[5.5,1,0.975],"to":[10.5,5,0.975],"rotation":{"angle":0,"axis":"y","origin":[8,2.0045,6.65355]},"faces":{"north":{"uv":[0.5,14,3,16],"texture":"#0"},"east":{"uv":[6.5,11,6.5,12],"texture":"#0"},"south":{"uv":[3,14,0.5,16],"texture":"#0"},"west":{"uv":[9.5,13.5,9.5,14.5],"texture":"#0"},"up":{"uv":[9,6.5,8,6.5],"texture":"#0"},"down":{"uv":[13,6,12,6],"texture":"#0"}}},{"name":"head","from":[7,1,0.95],"to":[9,3,0.95],"rotation":{"angle":0,"axis":"y","origin":[8,2.0045,6.62855]},"faces":{"north":{"uv":[5,11,6,12],"texture":"#0"},"east":{"uv":[6.5,11,6.5,12],"texture":"#0"},"south":{"uv":[6,11,5,12],"texture":"#0"},"west":{"uv":[9.5,13.5,9.5,14.5],"texture":"#0"},"up":{"uv":[9,6.5,8,6.5],"texture":"#0"},"down":{"uv":[13,6,12,6],"texture":"#0"}}},{"name":"torso","from":[5,0,7],"to":[11,5,14],"rotation":{"angle":0,"axis":"y","origin":[8,2,10.5]},"faces":{"north":{"uv":[7,10.5,10,13],"texture":"#0","tintindex":0},"east":{"uv":[8,3.5,11.5,6],"texture":"#0","tintindex":0},"south":{"uv":[10.5,9.5,13.5,12],"texture":"#0","tintindex":0},"west":{"uv":[10.5,6.5,14,9],"texture":"#0","tintindex":0},"up":{"uv":[3,10.5,0,7],"texture":"#0","tintindex":0},"down":{"uv":[6.5,7,3.5,10.5],"texture":"#0","tintindex":0}}},{"name":"left_arm","from":[1.55355,0.009,7.10936],"to":[3.55355,2.009,9.10936],"rotation":{"angle":-22.5,"axis":"y","origin":[8,2.0045,7.52855]},"faces":{"north":{"uv":[13,3,12,4],"texture":"#0"},"east":{"uv":[9,13.5,8,14.5],"texture":"#0","tintindex":0},"south":{"uv":[14,4.5,13,5.5],"texture":"#0"},"west":{"uv":[7.5,13.5,6.5,14.5],"texture":"#0"},"up":{"uv":[0,13.5,1,12.5],"texture":"#0"},"down":{"uv":[2.5,12.5,3.5,13.5],"texture":"#0"}}},{"name":"left_leg","from":[1.64427,0.009,12.63304],"to":[3.64427,2.009,14.63304],"rotation":{"angle":22.5,"axis":"y","origin":[3.64427,1.009,13.63304]},"faces":{"north":{"uv":[1,11,0,12],"texture":"#0"},"east":{"uv":[13,12.5,12,13.5],"texture":"#0","tintindex":0},"south":{"uv":[4.5,11,3.5,12],"texture":"#0"},"west":{"uv":[11.5,12.5,10.5,13.5],"texture":"#0"},"up":{"uv":[11.5,1,12.5,0],"texture":"#0"},"down":{"uv":[11.5,1.5,12.5,2.5],"texture":"#0"}}},{"name":"left_leg","from":[3.64427,0.009,12.63304],"to":[5.64427,2.009,14.63304],"rotation":{"angle":22.5,"axis":"y","origin":[3.64427,1.009,13.63304]},"faces":{"north":{"uv":[2,11,1,12],"texture":"#0","tintindex":0},"east":{"uv":[13,12.5,12,13.5],"texture":"#0","tintindex":0},"south":{"uv":[3.5,11,2.5,12],"texture":"#0","tintindex":0},"west":{"uv":[11.5,12.5,10.5,13.5],"texture":"#0"},"up":{"uv":[12.5,1,13.5,0],"texture":"#0","tintindex":0},"down":{"uv":[12.5,1.5,13.5,2.5],"texture":"#0","tintindex":0}}},{"name":"left_arm","from":[3.55355,0.009,7.10936],"to":[5.55355,2.009,9.10936],"rotation":{"angle":-22.5,"axis":"y","origin":[8,2.0045,7.52855]},"faces":{"north":{"uv":[14,3,13,4],"texture":"#0","tintindex":0},"east":{"uv":[9,13.5,8,14.5],"texture":"#0","tintindex":0},"south":{"uv":[13,4.5,12,5.5],"texture":"#0","tintindex":0},"west":{"uv":[7.5,13.5,6.5,14.5],"texture":"#0"},"up":{"uv":[1,13.5,2,12.5],"texture":"#0","tintindex":0},"down":{"uv":[3.5,12.5,4.5,13.5],"texture":"#0","tintindex":0}}},{"name":"right_leg","from":[10.35573,0.009,12.63304],"to":[12.35573,2.009,14.63304],"rotation":{"angle":-22.5,"axis":"y","origin":[12.35573,1.009,13.63304]},"faces":{"north":{"uv":[1,11,2,12],"texture":"#0","tintindex":0},"east":{"uv":[10.5,12.5,11.5,13.5],"texture":"#0"},"south":{"uv":[2.5,11,3.5,12],"texture":"#0","tintindex":0},"west":{"uv":[12,12.5,13,13.5],"texture":"#0","tintindex":0},"up":{"uv":[13.5,1,12.5,0],"texture":"#0","tintindex":0},"down":{"uv":[13.5,1.5,12.5,2.5],"texture":"#0","tintindex":0}}},{"name":"right_leg","from":[12.35573,0.009,12.63304],"to":[14.35573,2.009,14.63304],"rotation":{"angle":-22.5,"axis":"y","origin":[12.35573,1.009,13.63304]},"faces":{"north":{"uv":[0,11,1,12],"texture":"#0"},"east":{"uv":[10.5,12.5,11.5,13.5],"texture":"#0"},"south":{"uv":[3.5,11,4.5,12],"texture":"#0"},"west":{"uv":[12,12.5,13,13.5],"texture":"#0","tintindex":0},"up":{"uv":[12.5,1,11.5,0],"texture":"#0"},"down":{"uv":[12.5,1.5,11.5,2.5],"texture":"#0"}}},{"name":"right_arm","from":[10.44645,0.009,7.10936],"to":[12.44645,2.009,9.10936],"rotation":{"angle":22.5,"axis":"y","origin":[8,2.0045,7.52855]},"faces":{"north":{"uv":[13,3,14,4],"texture":"#0","tintindex":0},"east":{"uv":[6.5,13.5,7.5,14.5],"texture":"#0"},"south":{"uv":[12,4.5,13,5.5],"texture":"#0","tintindex":0},"west":{"uv":[8,13.5,9,14.5],"texture":"#0","tintindex":0},"up":{"uv":[2,13.5,1,12.5],"texture":"#0","tintindex":0},"down":{"uv":[4.5,12.5,3.5,13.5],"texture":"#0","tintindex":0}}},{"name":"right_arm","from":[12.44645,0.009,7.10936],"to":[14.44645,2.009,9.10936],"rotation":{"angle":22.5,"axis":"y","origin":[8,2.0045,7.52855]},"faces":{"north":{"uv":[12,3,13,4],"texture":"#0"},"east":{"uv":[6.5,13.5,7.5,14.5],"texture":"#0"},"south":{"uv":[13,4.5,14,5.5],"texture":"#0"},"west":{"uv":[8,13.5,9,14.5],"texture":"#0","tintindex":0},"up":{"uv":[1,13.5,0,12.5],"texture":"#0"},"down":{"uv":[3.5,12.5,2.5,13.5],"texture":"#0"}}}],"gui_light":"front","display":{"thirdperson_righthand":{"rotation":[82,13,0],"translation":[0,0,1.75],"scale":[0.6,0.6,0.6]},"thirdperson_lefthand":{"rotation":[82,13,0],"translation":[0,0,1.75],"scale":[0.6,0.6,0.6]},"firstperson_righthand":{"rotation":[0,109,5],"translation":[2.5,7.75,0],"scale":[0.71,0.71,0.71]},"firstperson_lefthand":{"rotation":[0,109,5],"translation":[2.5,7.75,0],"scale":[0.71,0.71,0.71]},"ground":{"translation":[0,3.5,0],"scale":[0.65,0.65,0.65]},"gui":{"rotation":[25,151,0],"translation":[-0.75,4,0],"scale":[0.85,0.85,0.85]},"head":{"translation":[0,14.4,0]},"fixed":{"rotation":[-90,0,0],"translation":[0,0,-13.5],"scale":[1.7,1.7,1.7]}},"mcmodels":"5d60807f3af1cd5823ad9970fc7aa1af"}