{"textures​":{"layer0":"minecraft:item/deepslate_bricks"},"credit":"Made by Nog's Menagerie","texture_size":[32,32],"\u0074\u0065\u0078\u0074\u0075\u0072\u0065\u0073":{"1":"\u006e\u006f\u0067\u0073_\u006d\u0065\u006e\u0061\u0067\u0065\u0072\u0069\u0065:\u0070\u006c\u0075\u0073\u0068\u0069\u0065\u0073/\u006e\u006d_\u0070\u006c\u0075\u0073\u0068\u0069\u0065_\u0072\u0061\u0062\u0062\u0069\u0074_\u0062\u006c\u0061\u0063\u006b_\u0077\u0068\u0069\u0074\u0065_\u0074\u0065\u0078\u0074\u0075\u0072\u0065","\u0070\u0061\u0072\u0074\u0069\u0063\u006c\u0065":"#1"},"elements":[{"name":"torso","from":[6.5,0.97487,7.64645],"to":[9.5,3.97487,11.64645],"rotation":{"angle":45,"axis":"x","origin":[8,3.47487,9.64645]},"faces":{"north":{"uv":[7,7,8.5,8.5],"texture":"#1"},"east":{"uv":[5,5,7,6.5],"texture":"#1"},"south":{"uv":[0,7.5,1.5,9],"texture":"#1"},"west":{"uv":[6,0,8,1.5],"texture":"#1"},"up":{"uv":[7.5,4,6,2],"texture":"#1"},"down":{"uv":[6.5,7,5,9],"texture":"#1"}}},{"name":"torso","from":[7,1.41421,10.41421],"to":[9,3.41421,12.41421],"rotation":{"angle":0,"axis":"y","origin":[8,1.40893,13.37163]},"faces":{"north":{"uv":[0,9.5,1,10.5],"texture":"#1"},"east":{"uv":[1.5,9.5,2.5,10.5],"texture":"#1"},"south":{"uv":[9.5,1.5,10.5,2.5],"texture":"#1"},"west":{"uv":[3,9.5,4,10.5],"texture":"#1"},"up":{"uv":[5.5,10.5,4.5,9.5],"texture":"#1"},"down":{"uv":[11,7.5,10,8.5],"texture":"#1"}}},{"name":"head","from":[5.5,2.51841,4.02886],"to":[10.5,6.51841,8.02886],"rotation":{"angle":-22.5,"axis":"x","origin":[8,7.17552,4.18419]},"faces":{"north":{"uv":[0,0,2.5,2],"texture":"#1"},"east":{"uv":[0,5,2,7],"texture":"#1"},"south":{"uv":[0,2.5,2.5,4.5],"texture":"#1"},"west":{"uv":[2.5,5,4.5,7],"texture":"#1"},"up":{"uv":[5.5,2,3,0],"texture":"#1"},"down":{"uv":[5.5,2.5,3,4.5],"texture":"#1"}}},{"name":"head","from":[7.5,3.51841,3.27886],"to":[8.5,4.51841,4.27886],"rotation":{"angle":-22.5,"axis":"x","origin":[8,7.17552,4.18419]},"faces":{"north":{"uv":[12.5,4,13,4.5],"texture":"#1"},"east":{"uv":[12.5,5,13,5.5],"texture":"#1"},"south":{"uv":[12.5,6,13,6.5],"texture":"#1"},"west":{"uv":[12.5,7,13,7.5],"texture":"#1"},"up":{"uv":[13,8.5,12.5,8],"texture":"#1"},"down":{"uv":[13,9,12.5,9.5],"texture":"#1"}}},{"name":"head","from":[8.5,6.51841,6.02886],"to":[10.5,9.51841,7.02886],"rotation":{"angle":-22.5,"axis":"x","origin":[8,7.17552,4.18419]},"faces":{"north":{"uv":[2,7.5,3,9],"texture":"#1"},"east":{"uv":[0,11,0.5,12.5],"texture":"#1"},"south":{"uv":[3.5,7.5,4.5,9],"texture":"#1"},"west":{"uv":[11,0,11.5,1.5],"texture":"#1"},"up":{"uv":[12,2.5,11,2],"texture":"#1"},"down":{"uv":[12.5,10,11.5,10.5],"texture":"#1"}}},{"name":"right_arm","from":[8.5,0.48727,5.40966],"to":[9.475,3.48727,6.40966],"rotation":{"angle":22.5,"axis":"x","origin":[8.13544,0.90423,5.0672]},"faces":{"north":{"uv":[1,11,1.5,12.5],"texture":"#1"},"east":{"uv":[2,11,2.5,12.5],"texture":"#1"},"south":{"uv":[3,11,3.5,12.5],"texture":"#1"},"west":{"uv":[4,11,4.5,12.5],"texture":"#1"},"up":{"uv":[11.5,13,11,12.5],"texture":"#1"},"down":{"uv":[13,11,12.5,11.5],"texture":"#1"}}},{"name":"left_arm","from":[6.525,0.48727,5.40966],"to":[7.5,3.48727,6.40966],"rotation":{"angle":22.5,"axis":"x","origin":[7.86456,0.90423,5.0672]},"faces":{"north":{"uv":[5,11,5.5,12.5],"texture":"#1"},"east":{"uv":[8,11,8.5,12.5],"texture":"#1"},"south":{"uv":[9,11,9.5,12.5],"texture":"#1"},"west":{"uv":[11.5,4,12,5.5],"texture":"#1"},"up":{"uv":[12.5,13,12,12.5],"texture":"#1"},"down":{"uv":[0.5,13,0,13.5],"texture":"#1"}}},{"name":"head","from":[5.5,7.35151,5.52783],"to":[7.5,10.35151,6.52783],"rotation":{"angle":-22.5,"axis":"x","origin":[7,8.85151,6.02783]},"faces":{"north":{"uv":[7.5,4.5,8.5,6],"texture":"#1"},"east":{"uv":[11.5,6,12,7.5],"texture":"#1"},"south":{"uv":[8,2,9,3.5],"texture":"#1"},"west":{"uv":[7,11.5,7.5,13],"texture":"#1"},"up":{"uv":[12,12,11,11.5],"texture":"#1"},"down":{"uv":[13,0,12,0.5],"texture":"#1"}}},{"name":"left_leg","from":[5.525,1.11313,9.06761],"to":[6.475,3.11313,12.06761],"rotation":{"angle":22.5,"axis":"x","origin":[4.475,3.11313,10.16761]},"faces":{"north":{"uv":[6,12,6.5,13],"texture":"#1"},"east":{"uv":[8.5,0,10,1],"texture":"#1"},"south":{"uv":[12.5,1,13,2],"texture":"#1"},"west":{"uv":[9,4,10.5,5],"texture":"#1"},"up":{"uv":[12,9.5,11.5,8],"texture":"#1"},"down":{"uv":[10.5,11.5,10,13],"texture":"#1"}}},{"name":"left_leg","from":[5.5,0,7.25],"to":[6.5,1,11.25],"rotation":{"angle":0,"axis":"y","origin":[4.53,1.01,7.78335]},"faces":{"north":{"uv":[8,9,8.5,9.5],"texture":"#1"},"east":{"uv":[9,5.5,11,6],"texture":"#1"},"south":{"uv":[12,3,12.5,3.5],"texture":"#1"},"west":{"uv":[9,6.5,11,7],"texture":"#1"},"up":{"uv":[7.5,11,7,9],"texture":"#1"},"down":{"uv":[9.5,7.5,9,9.5],"texture":"#1"}}},{"name":"right_leg","from":[9.525,1.11313,9.06761],"to":[10.475,3.11313,12.06761],"rotation":{"angle":22.5,"axis":"x","origin":[11.525,3.11313,10.16761]},"faces":{"north":{"uv":[6.5,12,6,13],"texture":"#1"},"east":{"uv":[10.5,4,9,5],"texture":"#1"},"south":{"uv":[13,1,12.5,2],"texture":"#1"},"west":{"uv":[10,0,8.5,1],"texture":"#1"},"up":{"uv":[12,8,11.5,9.5],"texture":"#1"},"down":{"uv":[10.5,11.5,10,13],"texture":"#1"}}},{"name":"right_leg","from":[9.5,0,7.25],"to":[10.5,1,11.25],"rotation":{"angle":0,"axis":"y","origin":[11.47,1.01,7.78335]},"faces":{"north":{"uv":[1,13,1.5,13.5],"texture":"#1"},"east":{"uv":[9.5,3,11.5,3.5],"texture":"#1"},"south":{"uv":[2,13,2.5,13.5],"texture":"#1"},"west":{"uv":[8,10,10,10.5],"texture":"#1"},"up":{"uv":[6.5,11.5,6,9.5],"texture":"#1"},"down":{"uv":[11,9,10.5,11],"texture":"#1"}}}],"gui_light":"front","display":{"thirdperson_righthand":{"rotation":[71,43,0],"translation":[0,0.75,2.25],"scale":[0.7,0.7,0.7]},"thirdperson_lefthand":{"rotation":[71,43,0],"translation":[0,0.75,2.25],"scale":[0.7,0.7,0.7]},"firstperson_righthand":{"rotation":[0,109,5],"translation":[3,7.25,0],"scale":[0.92,0.92,0.92]},"firstperson_lefthand":{"rotation":[0,109,5],"translation":[3,7.25,0],"scale":[0.92,0.92,0.92]},"ground":{"translation":[0,3.5,0],"scale":[0.65,0.65,0.65]},"gui":{"rotation":[25,151,0],"translation":[0.25,2.75,0],"scale":[0.8,0.8,0.8]},"head":{"translation":[0,14.4,0]},"fixed":{"rotation":[-90,0,0],"translation":[0,0,-13.5],"scale":[1.7,1.7,1.7]}},"mcmodels":"5d60807f3af1cd5823ad9970fc7aa1af"}