{"textures​":{"0":"\u006e\u006f\u0067\u0073_\u006d\u0065\u006e\u0061\u0067\u0065\u0072\u0069\u0065:\u0070\u006c\u0075\u0073\u0068\u0069\u0065\u0073/\u006e\u006d_\u0070\u006c\u0075\u0073\u0068\u0069\u0065_\u0066\u0072\u006f\u0067_\u0074\u0065\u0078\u0074\u0075\u0072\u0065","\u0070\u0061\u0072\u0074\u0069\u0063\u006c\u0065":"\u006e\u006f\u0067\u0073_\u006d\u0065\u006e\u0061\u0067\u0065\u0072\u0069\u0065:\u0070\u006c\u0075\u0073\u0068\u0069\u0065\u0073/\u006e\u006d_\u0070\u006c\u0075\u0073\u0068\u0069\u0065_\u0066\u0072\u006f\u0067_\u0074\u0065\u0078\u0074\u0075\u0072\u0065"},"credit":"Made by Nog's Menagerie","texture_size":[32,32],"\u0074\u0065\u0078\u0074\u0075\u0072\u0065\u0073":{"0":"\u006e\u006f\u0067\u0073_\u006d\u0065\u006e\u0061\u0067\u0065\u0072\u0069\u0065:\u0070\u006c\u0075\u0073\u0068\u0069\u0065\u0073/\u006e\u006d_\u0070\u006c\u0075\u0073\u0068\u0069\u0065_\u0066\u0072\u006f\u0067_\u0074\u0065\u0078\u0074\u0075\u0072\u0065","\u0070\u0061\u0072\u0074\u0069\u0063\u006c\u0065":"\u006e\u006f\u0067\u0073_\u006d\u0065\u006e\u0061\u0067\u0065\u0072\u0069\u0065:\u0070\u006c\u0075\u0073\u0068\u0069\u0065\u0073/\u006e\u006d_\u0070\u006c\u0075\u0073\u0068\u0069\u0065_\u0066\u0072\u006f\u0067_\u0074\u0065\u0078\u0074\u0075\u0072\u0065"},"elements":[{"name":"torso","from":[5.5,0,5],"to":[10.5,4,12],"rotation":{"angle":0,"axis":"y","origin":[8,2.0045,6.85355]},"faces":{"north":{"uv":[6,0,8.5,2],"texture":"#0"},"east":{"uv":[0,4,3.5,6],"texture":"#0"},"south":{"uv":[0,6.5,2.5,8.5],"texture":"#0"},"west":{"uv":[4,4,7.5,6],"texture":"#0"},"up":{"uv":[2.5,3.5,0,0],"texture":"#0"},"down":{"uv":[5.5,0,3,3.5],"texture":"#0"}}},{"name":"torso","from":[5.5,4,6],"to":[7.5,6,8],"rotation":{"angle":0,"axis":"y","origin":[8.5,1.0045,6.85355]},"faces":{"north":{"uv":[6,2.5,7,3.5],"texture":"#0"},"east":{"uv":[8,9,9,10],"texture":"#0"},"south":{"uv":[9.5,9,10.5,10],"texture":"#0"},"west":{"uv":[10,6.5,11,7.5],"texture":"#0"},"up":{"uv":[11.5,3.5,10.5,2.5],"texture":"#0"},"down":{"uv":[11.5,4,10.5,5],"texture":"#0"}}},{"name":"torso","from":[8.5,4,6],"to":[10.5,6,8],"rotation":{"angle":0,"axis":"y","origin":[7.5,1.0045,6.85355]},"faces":{"north":{"uv":[7,2.5,6,3.5],"texture":"#0"},"east":{"uv":[11,6.5,10,7.5],"texture":"#0"},"south":{"uv":[10.5,9,9.5,10],"texture":"#0"},"west":{"uv":[9,9,8,10],"texture":"#0"},"up":{"uv":[10.5,3.5,11.5,2.5],"texture":"#0"},"down":{"uv":[10.5,4,11.5,5],"texture":"#0"}}},{"name":"right_leg","from":[3.15799,0.05,8.42374],"to":[6.15799,3,12.42374],"rotation":{"angle":22.5,"axis":"y","origin":[7.15799,1.05,9.72374]},"faces":{"north":{"uv":[4,9,5.5,10.5],"texture":"#0"},"east":{"uv":[8,2.5,10,4],"texture":"#0"},"south":{"uv":[6,9,7.5,10.5],"texture":"#0"},"west":{"uv":[8,4.5,10,6],"texture":"#0"},"up":{"uv":[9.5,8.5,8,6.5],"texture":"#0"},"down":{"uv":[1.5,9,0,11],"texture":"#0"}}},{"name":"right_leg","from":[1.15799,0.1,7.42374],"to":[5.15799,0.1,11.42374],"rotation":{"angle":22.5,"axis":"y","origin":[7.15799,1.05,9.72374]},"faces":{"north":{"uv":[10.5,5.5,12.5,5.5],"texture":"#0"},"east":{"uv":[10.5,6,12.5,6],"texture":"#0"},"south":{"uv":[11,1.5,13,1.5],"texture":"#0"},"west":{"uv":[11,2,13,2],"texture":"#0"},"up":{"uv":[5,8.5,3,6.5],"texture":"#0"},"down":{"uv":[5,6.5,3,8.5],"texture":"#0"}}},{"name":"right_arm","from":[4.05119,0.05,6.29086],"to":[6.05119,2,8.29086],"rotation":{"angle":-22.5,"axis":"y","origin":[7.59764,2.0455,6.96006]},"faces":{"north":{"uv":[8,10.5,9,11.5],"texture":"#0"},"east":{"uv":[9.5,10.5,10.5,11.5],"texture":"#0"},"south":{"uv":[11,0,12,1],"texture":"#0"},"west":{"uv":[4,11,5,12],"texture":"#0"},"up":{"uv":[6.5,12,5.5,11],"texture":"#0"},"down":{"uv":[12,8,11,9],"texture":"#0"}}},{"name":"right_arm","from":[3.05119,0.1,4.29086],"to":[6.05119,0.1,8.29086],"rotation":{"angle":-22.5,"axis":"y","origin":[7.59764,2.0455,6.96006]},"faces":{"north":{"uv":[11,9.5,12.5,9.5],"texture":"#0"},"east":{"uv":[11,10,13,10],"texture":"#0"},"south":{"uv":[11,10.5,12.5,10.5],"texture":"#0"},"west":{"uv":[11,11,13,11],"texture":"#0"},"up":{"uv":[10.5,2,9,0],"texture":"#0"},"down":{"uv":[10.5,0,9,2],"texture":"#0"}}},{"name":"left_leg","from":[9.84201,0.05,8.42374],"to":[12.84201,3,12.42374],"rotation":{"angle":-22.5,"axis":"y","origin":[8.84201,1.05,9.72374]},"faces":{"north":{"uv":[5.5,9,4,10.5],"texture":"#0"},"east":{"uv":[10,4.5,8,6],"texture":"#0"},"south":{"uv":[7.5,9,6,10.5],"texture":"#0"},"west":{"uv":[10,2.5,8,4],"texture":"#0"},"up":{"uv":[8,8.5,9.5,6.5],"texture":"#0"},"down":{"uv":[0,9,1.5,11],"texture":"#0"}}},{"name":"left_leg","from":[10.84201,0.1,7.42374],"to":[14.84201,0.1,11.42374],"rotation":{"angle":-22.5,"axis":"y","origin":[8.84201,1.05,9.72374]},"faces":{"north":{"uv":[12.5,5.5,10.5,5.5],"texture":"#0"},"east":{"uv":[13,2,11,2],"texture":"#0"},"south":{"uv":[13,1.5,11,1.5],"texture":"#0"},"west":{"uv":[12.5,6,10.5,6],"texture":"#0"},"up":{"uv":[3,8.5,5,6.5],"texture":"#0"},"down":{"uv":[3,6.5,5,8.5],"texture":"#0"}}},{"name":"left_arm","from":[9.94881,0.05,6.29086],"to":[11.94881,2,8.29086],"rotation":{"angle":22.5,"axis":"y","origin":[8.40236,2.0455,6.96006]},"faces":{"north":{"uv":[9,10.5,8,11.5],"texture":"#0"},"east":{"uv":[5,11,4,12],"texture":"#0"},"south":{"uv":[12,0,11,1],"texture":"#0"},"west":{"uv":[10.5,10.5,9.5,11.5],"texture":"#0"},"up":{"uv":[5.5,12,6.5,11],"texture":"#0"},"down":{"uv":[11,8,12,9],"texture":"#0"}}},{"name":"left_arm","from":[9.94881,0.1,4.29086],"to":[12.94881,0.1,8.29086],"rotation":{"angle":22.5,"axis":"y","origin":[8.40236,2.0455,6.96006]},"faces":{"north":{"uv":[12.5,9.5,11,9.5],"texture":"#0"},"east":{"uv":[13,11,11,11],"texture":"#0"},"south":{"uv":[12.5,10.5,11,10.5],"texture":"#0"},"west":{"uv":[13,10,11,10],"texture":"#0"},"up":{"uv":[9,2,10.5,0],"texture":"#0"},"down":{"uv":[9,0,10.5,2],"texture":"#0"}}}],"gui_light":"front","display":{"thirdperson_righthand":{"rotation":[71,43,0],"translation":[-0.75,1.5,3.5],"scale":[0.79,0.79,0.79]},"thirdperson_lefthand":{"rotation":[71,43,0],"translation":[-0.75,1.5,3.5],"scale":[0.79,0.79,0.79]},"firstperson_righthand":{"rotation":[0,109,5],"translation":[2,8.5,0],"scale":[0.92,0.92,0.92]},"firstperson_lefthand":{"rotation":[0,109,5],"translation":[2,8.5,0],"scale":[0.92,0.92,0.92]},"ground":{"translation":[0,3.5,0],"scale":[0.65,0.65,0.65]},"gui":{"rotation":[25,151,0],"translation":[-0.5,4.25,0],"scale":[0.8,0.8,0.8]},"head":{"translation":[0,14.4,0]},"fixed":{"rotation":[-90,0,0],"translation":[0,0,-13.5],"scale":[1.7,1.7,1.7]}},"mcmodels":"5d60807f3af1cd5823ad9970fc7aa1af"}