{"textures​":{"1":"\u006e\u006f\u0067\u0073_\u006d\u0065\u006e\u0061\u0067\u0065\u0072\u0069\u0065:\u0070\u006c\u0075\u0073\u0068\u0069\u0065\u0073/\u006e\u006d_\u0070\u006c\u0075\u0073\u0068\u0069\u0065_\u0068\u006f\u0067\u006c\u0069\u006e_\u0074\u0065\u0078\u0074\u0075\u0072\u0065","\u0070\u0061\u0072\u0074\u0069\u0063\u006c\u0065":"#1"},"credit":"Made by Nog's Menagerie","texture_size":[64,64],"\u0074\u0065\u0078\u0074\u0075\u0072\u0065\u0073":{"1":"\u006e\u006f\u0067\u0073_\u006d\u0065\u006e\u0061\u0067\u0065\u0072\u0069\u0065:\u0070\u006c\u0075\u0073\u0068\u0069\u0065\u0073/\u006e\u006d_\u0070\u006c\u0075\u0073\u0068\u0069\u0065_\u0068\u006f\u0067\u006c\u0069\u006e_\u0074\u0065\u0078\u0074\u0075\u0072\u0065","\u0070\u0061\u0072\u0074\u0069\u0063\u006c\u0065":"#1"},"elements":[{"name":"head","from":[5,2.19134,-1.53806],"to":[11,6.19134,6.46194],"rotation":{"angle":-45,"axis":"x","origin":[8,4.94134,2.71194]},"faces":{"north":{"uv":[7,2.25,8.5,3.25],"texture":"#1"},"east":{"uv":[4.5,6.75,6.5,7.75],"texture":"#1"},"south":{"uv":[7,3.5,8.5,4.5],"texture":"#1"},"west":{"uv":[6.75,6.75,8.75,7.75],"texture":"#1"},"up":{"uv":[6.75,4.25,5.25,2.25],"texture":"#1"},"down":{"uv":[6.75,4.5,5.25,6.5],"texture":"#1"}}},{"name":"head","from":[11,5.752,3.0226],"to":[14,6.752,5.0226],"rotation":{"angle":-45,"axis":"x","origin":[8.5,6.002,3.7726]},"faces":{"north":{"uv":[8.5,6.25,9.25,6.5],"texture":"#1"},"east":{"uv":[4.5,6,5,6.25],"texture":"#1"},"south":{"uv":[9,0,9.75,0.25],"texture":"#1"},"west":{"uv":[3.75,7.5,4.25,7.75],"texture":"#1"},"up":{"uv":[9.25,5.25,8.5,4.75],"texture":"#1"},"down":{"uv":[9.25,5.5,8.5,6],"texture":"#1"}}},{"name":"head","from":[2,5.752,3.0226],"to":[5,6.752,5.0226],"rotation":{"angle":-45,"axis":"x","origin":[7.5,6.002,3.7726]},"faces":{"north":{"uv":[9.25,6.25,8.5,6.5],"texture":"#1"},"east":{"uv":[4.25,7.5,3.75,7.75],"texture":"#1"},"south":{"uv":[9.75,0,9,0.25],"texture":"#1"},"west":{"uv":[5,6,4.5,6.25],"texture":"#1"},"up":{"uv":[8.5,5.25,9.25,4.75],"texture":"#1"},"down":{"uv":[8.5,5.5,9.25,6],"texture":"#1"}}},{"name":"head","from":[11,3.39845,-1.45227],"to":[12,7.39845,-0.45227],"rotation":{"angle":-45,"axis":"x","origin":[9,5.64845,1.29773]},"faces":{"north":{"uv":[2.25,4.5,2.5,5.5],"texture":"#1"},"east":{"uv":[3,8.5,3.25,9.5],"texture":"#1"},"south":{"uv":[8.75,2,9,3],"texture":"#1"},"west":{"uv":[8.75,3.25,9,4.25],"texture":"#1"},"up":{"uv":[9.25,0.75,9,0.5],"texture":"#1"},"down":{"uv":[9.25,1,9,1.25],"texture":"#1"}}},{"name":"head","from":[4,3.39845,-1.45227],"to":[5,7.39845,-0.45227],"rotation":{"angle":-45,"axis":"x","origin":[7,5.64845,1.29773]},"faces":{"north":{"uv":[2.5,4.5,2.25,5.5],"texture":"#1"},"east":{"uv":[9,3.25,8.75,4.25],"texture":"#1"},"south":{"uv":[9,2,8.75,3],"texture":"#1"},"west":{"uv":[3.25,8.5,3,9.5],"texture":"#1"},"up":{"uv":[9,0.75,9.25,0.5],"texture":"#1"},"down":{"uv":[9,1,9.25,1.25],"texture":"#1"}}},{"name":"torso","from":[4,0,5],"to":[12,8,16],"rotation":{"angle":0,"axis":"y","origin":[8,2.0045,6.60355]},"faces":{"north":{"uv":[0,4.5,2,6.5],"texture":"#1"},"east":{"uv":[0,0,2.75,2],"texture":"#1"},"south":{"uv":[5.25,0,7.25,2],"texture":"#1"},"west":{"uv":[0,2.25,2.75,4.25],"texture":"#1"},"up":{"uv":[5,2.75,3,0],"texture":"#1"},"down":{"uv":[5,3,3,5.75],"texture":"#1"}}},{"name":"torso","from":[8,7,3],"to":[8,12,11],"rotation":{"angle":0,"axis":"y","origin":[8,6.0045,6.60355]},"faces":{"north":{"uv":[2.75,4.5,2.75,5.75],"texture":"#1"},"east":{"uv":[2.25,6,4.25,7.25],"texture":"#1"},"south":{"uv":[3.5,8.5,3.5,9.75],"texture":"#1"},"west":{"uv":[4.25,6,2.25,7.25],"texture":"#1"},"up":{"uv":[3.75,11,3.75,9],"texture":"#1"},"down":{"uv":[4,9,4,11],"texture":"#1"}}},{"name":"left_leg","from":[11.41282,0.009,12.57103],"to":[16.41282,3.009,15.57103],"rotation":{"angle":-22.5,"axis":"y","origin":[10.66282,1.009,14.07103]},"faces":{"north":{"uv":[7,4.75,8.25,5.5],"texture":"#1"},"east":{"uv":[0,8.25,0.75,9],"texture":"#1"},"south":{"uv":[7,5.75,8.25,6.5],"texture":"#1"},"west":{"uv":[1,8.25,1.75,9],"texture":"#1"},"up":{"uv":[8.75,0.75,7.5,0],"texture":"#1"},"down":{"uv":[8.75,1,7.5,1.75],"texture":"#1"}}},{"name":"left_arm","from":[11.29645,0.009,6.75936],"to":[16.29645,3.009,9.75936],"rotation":{"angle":22.5,"axis":"y","origin":[7,2.0045,7.17855]},"faces":{"north":{"uv":[2.25,7.5,3.5,8.25],"texture":"#1"},"east":{"uv":[8.25,8,9,8.75],"texture":"#1"},"south":{"uv":[3.75,8,5,8.75],"texture":"#1"},"west":{"uv":[2,8.5,2.75,9.25],"texture":"#1"},"up":{"uv":[6.5,8.75,5.25,8],"texture":"#1"},"down":{"uv":[8,8,6.75,8.75],"texture":"#1"}}},{"name":"right_arm","from":[-0.29645,0.009,6.75936],"to":[4.70355,3.009,9.75936],"rotation":{"angle":-22.5,"axis":"y","origin":[9,2.0045,7.17855]},"faces":{"north":{"uv":[3.5,7.5,2.25,8.25],"texture":"#1"},"east":{"uv":[2.75,8.5,2,9.25],"texture":"#1"},"south":{"uv":[5,8,3.75,8.75],"texture":"#1"},"west":{"uv":[9,8,8.25,8.75],"texture":"#1"},"up":{"uv":[5.25,8.75,6.5,8],"texture":"#1"},"down":{"uv":[6.75,8,8,8.75],"texture":"#1"}}},{"name":"right_leg","from":[-0.41282,0.009,12.57103],"to":[4.58718,3.009,15.57103],"rotation":{"angle":22.5,"axis":"y","origin":[5.33718,1.009,14.07103]},"faces":{"north":{"uv":[8.25,4.75,7,5.5],"texture":"#1"},"east":{"uv":[1.75,8.25,1,9],"texture":"#1"},"south":{"uv":[8.25,5.75,7,6.5],"texture":"#1"},"west":{"uv":[0.75,8.25,0,9],"texture":"#1"},"up":{"uv":[7.5,0.75,8.75,0],"texture":"#1"},"down":{"uv":[7.5,1,8.75,1.75],"texture":"#1"}}}],"gui_light":"front","display":{"thirdperson_righthand":{"rotation":[88,43,0],"translation":[-1.25,1.75,0.25],"scale":[0.65,0.65,0.65]},"thirdperson_lefthand":{"rotation":[88,43,0],"translation":[-1.25,1.75,0.25],"scale":[0.65,0.65,0.65]},"firstperson_righthand":{"rotation":[0,109,5],"translation":[3.25,7,0],"scale":[0.72,0.72,0.72]},"firstperson_lefthand":{"rotation":[0,109,5],"translation":[3.25,7,0],"scale":[0.72,0.72,0.72]},"ground":{"translation":[0,3.5,0],"scale":[0.65,0.65,0.65]},"gui":{"rotation":[25,151,0],"translation":[-0.5,2.5,0],"scale":[0.7,0.7,0.7]},"head":{"translation":[0,14.4,0]},"fixed":{"rotation":[-90,0,0],"translation":[0,-0.75,-13.5],"scale":[1.7,1.7,1.7]}},"mcmodels":"5d60807f3af1cd5823ad9970fc7aa1af"}