{"textures​":{"1":"\u006e\u006f\u0067\u0073_\u006d\u0065\u006e\u0061\u0067\u0065\u0072\u0069\u0065:\u0070\u006c\u0075\u0073\u0068\u0069\u0065\u0073/\u006e\u006d_\u0070\u006c\u0075\u0073\u0068\u0069\u0065_\u0073\u0074\u0072\u0069\u0064\u0065\u0072_\u0074\u0065\u0078\u0074\u0075\u0072\u0065","\u0070\u0061\u0072\u0074\u0069\u0063\u006c\u0065":"#1"},"credit":"Made by Nog's Menagerie","texture_size":[64,64],"\u0074\u0065\u0078\u0074\u0075\u0072\u0065\u0073":{"1":"\u006e\u006f\u0067\u0073_\u006d\u0065\u006e\u0061\u0067\u0065\u0072\u0069\u0065:\u0070\u006c\u0075\u0073\u0068\u0069\u0065\u0073/\u006e\u006d_\u0070\u006c\u0075\u0073\u0068\u0069\u0065_\u0073\u0074\u0072\u0069\u0064\u0065\u0072_\u0074\u0065\u0078\u0074\u0075\u0072\u0065","\u0070\u0061\u0072\u0074\u0069\u0063\u006c\u0065":"#1"},"elements":[{"name":"leg_leg","from":[12.13057,0.01,4.4412],"to":[22.13057,3.01,7.4412],"rotation":{"angle":45,"axis":"y","origin":[16.38057,1.51,6.9412]},"faces":{"north":{"uv":[6.5,7.5,9,8.25],"texture":"#1"},"east":{"uv":[0,9.25,0.75,10],"texture":"#1"},"south":{"uv":[3.25,8.25,5.75,9],"texture":"#1"},"west":{"uv":[1,9.25,1.75,10],"texture":"#1"},"up":{"uv":[8.5,9.25,6,8.5],"texture":"#1"},"down":{"uv":[11.25,8.5,8.75,9.25],"texture":"#1"}}},{"name":"leg_leg","from":[-6.13057,0.01,4.4412],"to":[3.86943,3.01,7.4412],"rotation":{"angle":-45,"axis":"y","origin":[-0.38057,1.51,6.9412]},"faces":{"north":{"uv":[9,7.5,6.5,8.25],"texture":"#1"},"east":{"uv":[1.75,9.25,1,10],"texture":"#1"},"south":{"uv":[5.75,8.25,3.25,9],"texture":"#1"},"west":{"uv":[0.75,9.25,0,10],"texture":"#1"},"up":{"uv":[6,9.25,8.5,8.5],"texture":"#1"},"down":{"uv":[8.75,8.5,11.25,9.25],"texture":"#1"}}},{"name":"head","from":[2,0,2],"to":[14,10,14],"rotation":{"angle":0,"axis":"y","origin":[8,6.26387,8]},"faces":{"north":{"uv":[3.25,0,6.25,2.5],"texture":"#1"},"east":{"uv":[3.25,2.75,6.25,5.25],"texture":"#1"},"south":{"uv":[3.25,5.5,6.25,8],"texture":"#1"},"west":{"uv":[0,6.5,3,9],"texture":"#1"},"up":{"uv":[3,3,0,0],"texture":"#1"},"down":{"uv":[3,3.25,0,6.25],"texture":"#1"}}},{"name":"head","from":[17.18198,2.31802,2],"to":[17.18198,11.31802,14],"rotation":{"angle":45,"axis":"z","origin":[17.18198,6.81802,8]},"faces":{"north":{"uv":[2,9.25,2,11.5],"texture":"#1"},"east":{"uv":[6.5,0,9.5,2.25],"texture":"#1"},"south":{"uv":[2,9.25,2,11.5],"texture":"#1"},"west":{"uv":[9.5,0,6.5,2.25],"texture":"#1"},"up":{"uv":[2.25,12.25,2.25,9.25],"texture":"#1"},"down":{"uv":[2.25,12.25,2.25,9.25],"texture":"#1"}}},{"name":"head","from":[15.72208,-0.65746,2],"to":[15.72208,8.34254,14],"rotation":{"angle":22.5,"axis":"z","origin":[15.72208,3.84254,8]},"faces":{"north":{"uv":[2,9.25,2,11.5],"texture":"#1"},"east":{"uv":[6.5,5,9.5,7.25],"texture":"#1"},"south":{"uv":[2,9.25,2,11.5],"texture":"#1"},"west":{"uv":[9.5,5,6.5,7.25],"texture":"#1"},"up":{"uv":[2.25,12.25,2.25,9.25],"texture":"#1"},"down":{"uv":[2.25,12.25,2.25,9.25],"texture":"#1"}}},{"name":"head","from":[-1.18198,2.31802,2],"to":[-1.18198,11.31802,14],"rotation":{"angle":-45,"axis":"z","origin":[-1.18198,6.81802,8]},"faces":{"north":{"uv":[2,9.25,2,11.5],"texture":"#1"},"east":{"uv":[6.5,0,9.5,2.25],"texture":"#1"},"south":{"uv":[2,9.25,2,11.5],"texture":"#1"},"west":{"uv":[9.5,0,6.5,2.25],"texture":"#1"},"up":{"uv":[2.25,12.25,2.25,9.25],"texture":"#1"},"down":{"uv":[2.25,12.25,2.25,9.25],"texture":"#1"}}},{"name":"head","from":[0.27792,-0.65746,2],"to":[0.27792,8.34254,14],"rotation":{"angle":-22.5,"axis":"z","origin":[0.27792,3.84254,8]},"faces":{"north":{"uv":[2,9.25,2,11.5],"texture":"#1"},"east":{"uv":[6.5,5,9.5,7.25],"texture":"#1"},"south":{"uv":[2,9.25,2,11.5],"texture":"#1"},"west":{"uv":[9.5,5,6.5,7.25],"texture":"#1"},"up":{"uv":[2.25,12.25,2.25,9.25],"texture":"#1"},"down":{"uv":[2.25,12.25,2.25,9.25],"texture":"#1"}}}],"gui_light":"front","display":{"thirdperson_righthand":{"rotation":[24,13,0],"translation":[0,1.25,-0.5],"scale":[0.47,0.47,0.47]},"thirdperson_lefthand":{"rotation":[24,13,0],"translation":[0,1.25,-0.5],"scale":[0.47,0.47,0.47]},"firstperson_righthand":{"rotation":[0,109,5],"translation":[3.25,6.25,0],"scale":[0.63,0.63,0.63]},"firstperson_lefthand":{"rotation":[0,109,5],"translation":[3.25,6.25,0],"scale":[0.63,0.63,0.63]},"ground":{"translation":[0,3.5,0],"scale":[0.65,0.65,0.65]},"gui":{"rotation":[25,151,0],"translation":[0.5,1.75,0],"scale":[0.52,0.52,0.52]},"head":{"translation":[0,14.4,0]},"fixed":{"rotation":[-90,0,0],"translation":[0,0,-13.5],"scale":[1.7,1.7,1.7]}},"mcmodels":"5d60807f3af1cd5823ad9970fc7aa1af"}