{"textures​":{"0":"\u006e\u006f\u0067\u0073_\u006d\u0065\u006e\u0061\u0067\u0065\u0072\u0069\u0065:\u0070\u006c\u0075\u0073\u0068\u0069\u0065\u0073/\u006e\u006d_\u0070\u006c\u0075\u0073\u0068\u0069\u0065_\u0062\u006c\u0061\u007a\u0065_\u0074\u0065\u0078\u0074\u0075\u0072\u0065","\u0070\u0061\u0072\u0074\u0069\u0063\u006c\u0065":"\u006e\u006f\u0067\u0073_\u006d\u0065\u006e\u0061\u0067\u0065\u0072\u0069\u0065:\u0070\u006c\u0075\u0073\u0068\u0069\u0065\u0073/\u006e\u006d_\u0070\u006c\u0075\u0073\u0068\u0069\u0065_\u0062\u006c\u0061\u007a\u0065_\u0074\u0065\u0078\u0074\u0075\u0072\u0065"},"credit":"Made by Nog's Menagerie","texture_size":[32,32],"\u0074\u0065\u0078\u0074\u0075\u0072\u0065\u0073":{"0":"\u006e\u006f\u0067\u0073_\u006d\u0065\u006e\u0061\u0067\u0065\u0072\u0069\u0065:\u0070\u006c\u0075\u0073\u0068\u0069\u0065\u0073/\u006e\u006d_\u0070\u006c\u0075\u0073\u0068\u0069\u0065_\u0062\u006c\u0061\u007a\u0065_\u0074\u0065\u0078\u0074\u0075\u0072\u0065","\u0070\u0061\u0072\u0074\u0069\u0063\u006c\u0065":"\u006e\u006f\u0067\u0073_\u006d\u0065\u006e\u0061\u0067\u0065\u0072\u0069\u0065:\u0070\u006c\u0075\u0073\u0068\u0069\u0065\u0073/\u006e\u006d_\u0070\u006c\u0075\u0073\u0068\u0069\u0065_\u0062\u006c\u0061\u007a\u0065_\u0074\u0065\u0078\u0074\u0075\u0072\u0065"},"elements":[{"name":"leg_leg","from":[10.99589,0.09082,-0.40085],"to":[12.99589,6.09082,1.59915],"rotation":{"angle":-22.5,"axis":"x","origin":[17.49589,4.09082,0.59915]},"faces":{"north":{"uv":[4,8,5,11],"texture":"#0"},"east":{"uv":[8,4,9,7],"texture":"#0"},"south":{"uv":[5.5,8,6.5,11],"texture":"#0"},"west":{"uv":[7,8,8,11],"texture":"#0"},"up":{"uv":[13,1,12,0],"texture":"#0"},"down":{"uv":[2.5,12,1.5,13],"texture":"#0"}}},{"name":"leg_leg","from":[9.99589,0.09082,14.40085],"to":[11.99589,6.09082,16.40085],"rotation":{"angle":22.5,"axis":"x","origin":[17.49589,4.09082,15.40085]},"faces":{"north":{"uv":[8.5,7.5,9.5,10.5],"texture":"#0"},"east":{"uv":[9.5,4,10.5,7],"texture":"#0"},"south":{"uv":[10,7.5,11,10.5],"texture":"#0"},"west":{"uv":[11,4,12,7],"texture":"#0"},"up":{"uv":[13,2.5,12,1.5],"texture":"#0"},"down":{"uv":[13.5,3,12.5,4],"texture":"#0"}}},{"name":"leg_leg","from":[14.08528,0.51156,3.94624],"to":[16.08528,6.51156,5.94624],"rotation":{"angle":-22.5,"axis":"z","origin":[14.08528,4.01156,10.94624]},"faces":{"north":{"uv":[8.5,11,9.5,14],"texture":"#0"},"east":{"uv":[10,11,11,14],"texture":"#0"},"south":{"uv":[4,11.5,5,14.5],"texture":"#0"},"west":{"uv":[5.5,11.5,6.5,14.5],"texture":"#0"},"up":{"uv":[13.5,5.5,12.5,4.5],"texture":"#0"},"down":{"uv":[13.5,6,12.5,7],"texture":"#0"}}},{"name":"leg_leg","from":[14.08528,0.51156,10.05376],"to":[16.08528,6.51156,12.05376],"rotation":{"angle":-22.5,"axis":"z","origin":[14.08528,4.01156,5.05376]},"faces":{"north":{"uv":[7,11.5,8,14.5],"texture":"#0"},"east":{"uv":[11.5,7.5,12.5,10.5],"texture":"#0"},"south":{"uv":[11.5,11,12.5,14],"texture":"#0"},"west":{"uv":[0,12,1,15],"texture":"#0"},"up":{"uv":[14,8.5,13,7.5],"texture":"#0"},"down":{"uv":[14,9,13,10],"texture":"#0"}}},{"name":"leg_leg","from":[3.00411,0.09082,-0.40085],"to":[5.00411,6.09082,1.59915],"rotation":{"angle":-22.5,"axis":"x","origin":[-1.49589,4.09082,0.59915]},"faces":{"north":{"uv":[5,8,4,11],"texture":"#0"},"east":{"uv":[8,8,7,11],"texture":"#0"},"south":{"uv":[6.5,8,5.5,11],"texture":"#0"},"west":{"uv":[9,4,8,7],"texture":"#0"},"up":{"uv":[12,1,13,0],"texture":"#0"},"down":{"uv":[1.5,12,2.5,13],"texture":"#0"}}},{"name":"leg_leg","from":[-0.08528,0.51156,3.94624],"to":[1.91472,6.51156,5.94624],"rotation":{"angle":22.5,"axis":"z","origin":[1.91472,4.01156,10.94624]},"faces":{"north":{"uv":[9.5,11,8.5,14],"texture":"#0"},"east":{"uv":[6.5,11.5,5.5,14.5],"texture":"#0"},"south":{"uv":[5,11.5,4,14.5],"texture":"#0"},"west":{"uv":[11,11,10,14],"texture":"#0"},"up":{"uv":[12.5,5.5,13.5,4.5],"texture":"#0"},"down":{"uv":[12.5,6,13.5,7],"texture":"#0"}}},{"name":"leg_leg","from":[-0.08528,0.51156,10.05376],"to":[1.91472,6.51156,12.05376],"rotation":{"angle":22.5,"axis":"z","origin":[1.91472,4.01156,5.05376]},"faces":{"north":{"uv":[8,11.5,7,14.5],"texture":"#0"},"east":{"uv":[1,12,0,15],"texture":"#0"},"south":{"uv":[12.5,11,11.5,14],"texture":"#0"},"west":{"uv":[12.5,7.5,11.5,10.5],"texture":"#0"},"up":{"uv":[13,8.5,14,7.5],"texture":"#0"},"down":{"uv":[13,9,14,10],"texture":"#0"}}},{"name":"leg_leg","from":[4.00411,0.09082,14.40085],"to":[6.00411,6.09082,16.40085],"rotation":{"angle":22.5,"axis":"x","origin":[-1.49589,4.09082,15.40085]},"faces":{"north":{"uv":[9.5,7.5,8.5,10.5],"texture":"#0"},"east":{"uv":[12,4,11,7],"texture":"#0"},"south":{"uv":[11,7.5,10,10.5],"texture":"#0"},"west":{"uv":[10.5,4,9.5,7],"texture":"#0"},"up":{"uv":[12,2.5,13,1.5],"texture":"#0"},"down":{"uv":[12.5,3,13.5,4],"texture":"#0"}}},{"name":"head","from":[4.5,0,4.5],"to":[11.5,7,11.5],"rotation":{"angle":0,"axis":"y","origin":[8,6.26387,8]},"faces":{"north":{"uv":[0,0,3.5,3.5],"texture":"#0"},"east":{"uv":[0,4,3.5,7.5],"texture":"#0"},"south":{"uv":[4,0,7.5,3.5],"texture":"#0"},"west":{"uv":[4,4,7.5,7.5],"texture":"#0"},"up":{"uv":[3.5,11.5,0,8],"texture":"#0"},"down":{"uv":[11.5,0,8,3.5],"texture":"#0"}}}],"gui_light":"front","display":{"thirdperson_righthand":{"rotation":[24,13,0],"translation":[0,1.25,-0.5],"scale":[0.47,0.47,0.47]},"thirdperson_lefthand":{"rotation":[24,13,0],"translation":[0,1.25,-0.5],"scale":[0.47,0.47,0.47]},"firstperson_righthand":{"rotation":[0,123,5],"translation":[3.25,7,0],"scale":[0.63,0.63,0.63]},"firstperson_lefthand":{"rotation":[0,123,5],"translation":[3.25,7,0],"scale":[0.63,0.63,0.63]},"ground":{"translation":[0,3.5,0],"scale":[0.65,0.65,0.65]},"gui":{"rotation":[25,151,0],"translation":[0,2.5,0],"scale":[0.67,0.67,0.67]},"head":{"translation":[0,14.4,0]},"fixed":{"rotation":[-90,0,0],"translation":[0,0,-13.5],"scale":[1.7,1.7,1.7]}},"mcmodels":"5d60807f3af1cd5823ad9970fc7aa1af"}