{"textures​":{"0":"\u006e\u006f\u0067\u0073_\u006d\u0065\u006e\u0061\u0067\u0065\u0072\u0069\u0065:\u0070\u006c\u0075\u0073\u0068\u0069\u0065\u0073/\u006e\u006d_\u0070\u006c\u0075\u0073\u0068\u0069\u0065_\u0061\u0078\u006f\u006c\u006f\u0074\u006c_\u0063\u0079\u0061\u006e_\u0074\u0065\u0078\u0074\u0075\u0072\u0065","\u0070\u0061\u0072\u0074\u0069\u0063\u006c\u0065":"\u006e\u006f\u0067\u0073_\u006d\u0065\u006e\u0061\u0067\u0065\u0072\u0069\u0065:\u0070\u006c\u0075\u0073\u0068\u0069\u0065\u0073/\u006e\u006d_\u0070\u006c\u0075\u0073\u0068\u0069\u0065_\u0061\u0078\u006f\u006c\u006f\u0074\u006c_\u0063\u0079\u0061\u006e_\u0074\u0065\u0078\u0074\u0075\u0072\u0065"},"credit":"Made by Nog's Menagerie","texture_size":[64,64],"\u0074\u0065\u0078\u0074\u0075\u0072\u0065\u0073":{"0":"\u006e\u006f\u0067\u0073_\u006d\u0065\u006e\u0061\u0067\u0065\u0072\u0069\u0065:\u0070\u006c\u0075\u0073\u0068\u0069\u0065\u0073/\u006e\u006d_\u0070\u006c\u0075\u0073\u0068\u0069\u0065_\u0061\u0078\u006f\u006c\u006f\u0074\u006c_\u0063\u0079\u0061\u006e_\u0074\u0065\u0078\u0074\u0075\u0072\u0065","\u0070\u0061\u0072\u0074\u0069\u0063\u006c\u0065":"\u006e\u006f\u0067\u0073_\u006d\u0065\u006e\u0061\u0067\u0065\u0072\u0069\u0065:\u0070\u006c\u0075\u0073\u0068\u0069\u0065\u0073/\u006e\u006d_\u0070\u006c\u0075\u0073\u0068\u0069\u0065_\u0061\u0078\u006f\u006c\u006f\u0074\u006c_\u0063\u0079\u0061\u006e_\u0074\u0065\u0078\u0074\u0075\u0072\u0065"},"elements":[{"name":"head","from":[5,0,0],"to":[11,4,5],"rotation":{"angle":0,"axis":"y","origin":[8,3,3]},"faces":{"north":{"uv":[3.25,3.5,4.75,4.5],"texture":"#0"},"east":{"uv":[0,5,1.25,6],"texture":"#0"},"south":{"uv":[4.5,0,6,1],"texture":"#0"},"west":{"uv":[5,1.25,6.25,2.25],"texture":"#0"},"up":{"uv":[3,4.25,1.5,3],"texture":"#0"},"down":{"uv":[4.75,2,3.25,3.25],"texture":"#0"}}},{"name":"head","from":[10.96156,0,2.80773],"to":[13.96156,5,2.80773],"rotation":{"angle":22.5,"axis":"y","origin":[11.46156,2,2.80773]},"faces":{"north":{"uv":[2.25,5.75,1.5,7],"texture":"#0"},"east":{"uv":[6.5,4.5,6.5,5.75],"texture":"#0"},"south":{"uv":[1.5,5.75,2.25,7],"texture":"#0"},"west":{"uv":[6.75,2.25,6.75,3.5],"texture":"#0"},"up":{"uv":[3.25,6.75,2.5,6.75],"texture":"#0"},"down":{"uv":[4.25,6.75,3.5,6.75],"texture":"#0"}}},{"name":"head","from":[2.03844,0,2.80773],"to":[5.03844,5,2.80773],"rotation":{"angle":-22.5,"axis":"y","origin":[4.53844,2,2.80773]},"faces":{"north":{"uv":[1.5,5.75,2.25,7],"texture":"#0"},"east":{"uv":[6.75,2.25,6.75,3.5],"texture":"#0"},"south":{"uv":[2.25,5.75,1.5,7],"texture":"#0"},"west":{"uv":[6.5,4.5,6.5,5.75],"texture":"#0"},"up":{"uv":[2.5,6.75,3.25,6.75],"texture":"#0"},"down":{"uv":[3.5,6.75,4.25,6.75],"texture":"#0"}}},{"name":"head","from":[5,3.8097,2.04329],"to":[11,6.8097,2.04329],"rotation":{"angle":-22.5,"axis":"x","origin":[9.5,6.3097,2.04329]},"faces":{"north":{"uv":[6.5,3.5,5,4.25],"texture":"#0"},"east":{"uv":[3,2,3,2.75],"texture":"#0"},"south":{"uv":[5,3.5,6.5,4.25],"texture":"#0"},"west":{"uv":[1.25,6.25,1.25,7],"texture":"#0"},"up":{"uv":[3,4.5,1.5,4.5],"texture":"#0"},"down":{"uv":[8,2,6.5,2],"texture":"#0"}}},{"name":"torso","from":[5.5,0,5],"to":[10.5,3,12],"rotation":{"angle":0,"axis":"y","origin":[8,2,9.5]},"faces":{"north":{"uv":[2.5,5.75,3.75,6.5],"texture":"#0"},"east":{"uv":[1.5,4.75,3.25,5.5],"texture":"#0"},"south":{"uv":[4,5.75,5.25,6.5],"texture":"#0"},"west":{"uv":[3.5,4.75,5.25,5.5],"texture":"#0"},"up":{"uv":[1.25,4.75,0,3],"texture":"#0"},"down":{"uv":[4.25,0,3,1.75],"texture":"#0"}}},{"name":"torso","from":[8,0,5],"to":[8,5,16],"rotation":{"angle":0,"axis":"y","origin":[8,2,9.5]},"faces":{"north":{"uv":[6.75,3.75,6.75,5],"texture":"#0"},"east":{"uv":[0,0,2.75,1.25],"texture":"#0"},"south":{"uv":[4.5,6.75,4.5,8],"texture":"#0"},"west":{"uv":[2.75,0,0,1.25],"texture":"#0"},"up":{"uv":[4.75,9.5,4.75,6.75],"texture":"#0"},"down":{"uv":[5,6.75,5,9.5],"texture":"#0"}}},{"name":"right_leg","from":[9.51282,0.059,10.34603],"to":[13.51282,0.059,13.34603],"rotation":{"angle":-22.5,"axis":"y","origin":[11.16282,1.059,12.34603]},"faces":{"north":{"uv":[6.75,5.25,7.75,5.25],"texture":"#0"},"east":{"uv":[6.75,5.5,7.5,5.5],"texture":"#0"},"south":{"uv":[6.75,5.75,7.75,5.75],"texture":"#0"},"west":{"uv":[6.75,6,7.5,6],"texture":"#0"},"up":{"uv":[6.5,6.75,5.5,6],"texture":"#0"},"down":{"uv":[6.5,6,5.5,6.75],"texture":"#0"}}},{"name":"right_arm","from":[9.87145,0.059,5.60936],"to":[13.87145,0.059,8.60936],"rotation":{"angle":22.5,"axis":"y","origin":[7.5,2.0545,6.52855]},"faces":{"north":{"uv":[6.75,6.25,7.75,6.25],"texture":"#0"},"east":{"uv":[6.75,6.5,7.5,6.5],"texture":"#0"},"south":{"uv":[6.75,6.75,7.75,6.75],"texture":"#0"},"west":{"uv":[7,2.25,7.75,2.25],"texture":"#0"},"up":{"uv":[7.25,0.75,6.25,0],"texture":"#0"},"down":{"uv":[7.25,0,6.25,0.75],"texture":"#0"}}},{"name":"left_arm","from":[2.12855,0.009,5.60936],"to":[6.12855,0.009,8.60936],"rotation":{"angle":-22.5,"axis":"y","origin":[8.5,2.0045,6.52855]},"faces":{"north":{"uv":[7.75,6.25,6.75,6.25],"texture":"#0"},"east":{"uv":[7.75,2.25,7,2.25],"texture":"#0"},"south":{"uv":[7.75,6.75,6.75,6.75],"texture":"#0"},"west":{"uv":[7.5,6.5,6.75,6.5],"texture":"#0"},"up":{"uv":[6.25,0.75,7.25,0],"texture":"#0"},"down":{"uv":[6.25,0,7.25,0.75],"texture":"#0"}}},{"name":"left_leg","from":[2.48718,0.009,10.34603],"to":[6.48718,0.009,13.34603],"rotation":{"angle":22.5,"axis":"y","origin":[4.83718,1.009,12.34603]},"faces":{"north":{"uv":[7.75,5.25,6.75,5.25],"texture":"#0"},"east":{"uv":[7.5,6,6.75,6],"texture":"#0"},"south":{"uv":[7.75,5.75,6.75,5.75],"texture":"#0"},"west":{"uv":[7.5,5.5,6.75,5.5],"texture":"#0"},"up":{"uv":[5.5,6.75,6.5,6],"texture":"#0"},"down":{"uv":[5.5,6,6.5,6.75],"texture":"#0"}}},{"name":"left_arm","from":[2.12855,0.059,5.60936],"to":[6.12855,0.059,8.60936],"rotation":{"angle":-22.5,"axis":"y","origin":[8.5,2.0545,6.52855]},"faces":{"north":{"uv":[7.75,6.25,6.75,6.25],"texture":"#0"},"east":{"uv":[7.75,2.25,7,2.25],"texture":"#0"},"south":{"uv":[7.75,6.75,6.75,6.75],"texture":"#0"},"west":{"uv":[7.5,6.5,6.75,6.5],"texture":"#0"},"up":{"uv":[6.25,0.75,7.25,0],"texture":"#0"},"down":{"uv":[6.25,0,7.25,0.75],"texture":"#0"}}},{"name":"left_leg","from":[2.48718,0.059,10.34603],"to":[6.48718,0.059,13.34603],"rotation":{"angle":22.5,"axis":"y","origin":[4.83718,1.059,12.34603]},"faces":{"north":{"uv":[7.75,5.25,6.75,5.25],"texture":"#0"},"east":{"uv":[7.5,6,6.75,6],"texture":"#0"},"south":{"uv":[7.75,5.75,6.75,5.75],"texture":"#0"},"west":{"uv":[7.5,5.5,6.75,5.5],"texture":"#0"},"up":{"uv":[5.5,6.75,6.5,6],"texture":"#0"},"down":{"uv":[5.5,6,6.5,6.75],"texture":"#0"}}}],"gui_light":"front","display":{"thirdperson_righthand":{"rotation":[82,13,0],"translation":[0.25,0,3.25],"scale":[0.6,0.6,0.6]},"thirdperson_lefthand":{"rotation":[82,13,0],"translation":[0.25,0,3.25],"scale":[0.6,0.6,0.6]},"firstperson_righthand":{"rotation":[0,109,5],"translation":[2.5,7.75,0],"scale":[0.71,0.71,0.71]},"firstperson_lefthand":{"rotation":[0,109,5],"translation":[2.5,7.75,0],"scale":[0.71,0.71,0.71]},"ground":{"translation":[0,3.5,0],"scale":[0.65,0.65,0.65]},"gui":{"rotation":[25,151,0],"translation":[0.5,5,0],"scale":[0.85,0.85,0.85]},"head":{"translation":[0,14.4,0]},"fixed":{"rotation":[-90,0,0],"translation":[0,0,-13.5],"scale":[1.7,1.7,1.7]}},"mcmodels":"5d60807f3af1cd5823ad9970fc7aa1af"}