{"textures​":{"layer0":"minecraft:item/dark_oak_chest_boat"},"credit":"Made by Nog's Menagerie","texture_size":[32,32],"\u0074\u0065\u0078\u0074\u0075\u0072\u0065\u0073":{"0":"\u006e\u006f\u0067\u0073_\u006d\u0065\u006e\u0061\u0067\u0065\u0072\u0069\u0065:\u0070\u006c\u0075\u0073\u0068\u0069\u0065\u0073/\u006e\u006d_\u0070\u006c\u0075\u0073\u0068\u0069\u0065_\u0076\u0065\u0078_\u0074\u0065\u0078\u0074\u0075\u0072\u0065","\u0070\u0061\u0072\u0074\u0069\u0063\u006c\u0065":"\u006e\u006f\u0067\u0073_\u006d\u0065\u006e\u0061\u0067\u0065\u0072\u0069\u0065:\u0070\u006c\u0075\u0073\u0068\u0069\u0065\u0073/\u006e\u006d_\u0070\u006c\u0075\u0073\u0068\u0069\u0065_\u0076\u0065\u0078_\u0074\u0065\u0078\u0074\u0075\u0072\u0065"},"elements":[{"name":"torso","from":[6.5,0,5.5],"to":[9.5,4,8.5],"rotation":{"angle":0,"axis":"y","origin":[8,2,7]},"faces":{"north":{"uv":[3,6.5,4.5,8.5],"texture":"#0"},"east":{"uv":[9,0,10.5,2],"texture":"#0"},"south":{"uv":[9,2.5,10.5,4.5],"texture":"#0"},"west":{"uv":[3,9,4.5,11],"texture":"#0"},"up":{"uv":[1.5,11,0,9.5],"texture":"#0"},"down":{"uv":[6.5,10.5,5,12],"texture":"#0"}}},{"name":"torso","from":[5.5,0.09,3.5],"to":[10.5,0.09,5.5],"rotation":{"angle":0,"axis":"y","origin":[9,-0.001,4.5]},"faces":{"north":{"uv":[11,9.5,13.5,9.5],"texture":"#0"},"east":{"uv":[9,8,10,8],"texture":"#0"},"south":{"uv":[11,10,13.5,10],"texture":"#0"},"west":{"uv":[9,8.5,10,8.5],"texture":"#0"},"up":{"uv":[7.5,10,5,9],"texture":"#0"},"down":{"uv":[7.5,9,5,10],"texture":"#0"}}},{"name":"torso","from":[5.5,0.09,8.5],"to":[10.5,0.09,10.5],"rotation":{"angle":0,"axis":"y","origin":[9,-0.001,8.5]},"faces":{"north":{"uv":[11.5,10.5,14,10.5],"texture":"#0"},"east":{"uv":[0,11.5,1,11.5],"texture":"#0"},"south":{"uv":[11.5,11,14,11],"texture":"#0"},"west":{"uv":[3,11.5,4,11.5],"texture":"#0"},"up":{"uv":[11.5,7.5,9,6.5],"texture":"#0"},"down":{"uv":[11.5,6.5,9,7.5],"texture":"#0"}}},{"name":"torso","from":[5.5,0.09,5.5],"to":[6.5,0.09,8.5],"rotation":{"angle":0,"axis":"y","origin":[7,-0.001,6]},"faces":{"north":{"uv":[3,12,3.5,12],"texture":"#0"},"east":{"uv":[12,5,13,5],"texture":"#0"},"south":{"uv":[4,12,4.5,12],"texture":"#0"},"west":{"uv":[12,5.5,13,5.5],"texture":"#0"},"up":{"uv":[2.5,12.5,2,11],"texture":"#0"},"down":{"uv":[2.5,11,2,12.5],"texture":"#0"}}},{"name":"torso","from":[9.5,0.09,5.5],"to":[10.5,0.09,8.5],"rotation":{"angle":0,"axis":"y","origin":[9,-0.001,8]},"faces":{"north":{"uv":[4,12,4.5,12],"texture":"#0"},"east":{"uv":[12,5.5,13,5.5],"texture":"#0"},"south":{"uv":[3,12,3.5,12],"texture":"#0"},"west":{"uv":[12,5,13,5],"texture":"#0"},"up":{"uv":[2,11,2.5,12.5],"texture":"#0"},"down":{"uv":[2,12.5,2.5,11],"texture":"#0"}}},{"name":"right_arm","from":[8.79192,0.51648,6],"to":[10.79192,3.51648,8],"rotation":{"angle":45,"axis":"z","origin":[9.79192,2.01648,7]},"faces":{"north":{"uv":[7,10.5,8,12],"texture":"#0"},"east":{"uv":[8.5,10.5,9.5,12],"texture":"#0"},"south":{"uv":[10,10.5,11,12],"texture":"#0"},"west":{"uv":[11,0,12,1.5],"texture":"#0"},"up":{"uv":[12,3,11,2],"texture":"#0"},"down":{"uv":[12,3.5,11,4.5],"texture":"#0"}}},{"name":"left_arm","from":[5.20808,0.51648,6],"to":[7.20808,3.51648,8],"rotation":{"angle":-45,"axis":"z","origin":[6.20808,2.01648,7]},"faces":{"north":{"uv":[8,10.5,7,12],"texture":"#0"},"east":{"uv":[12,0,11,1.5],"texture":"#0"},"south":{"uv":[11,10.5,10,12],"texture":"#0"},"west":{"uv":[9.5,10.5,8.5,12],"texture":"#0"},"up":{"uv":[11,3,12,2],"texture":"#0"},"down":{"uv":[11,3.5,12,4.5],"texture":"#0"}}},{"name":"wings","from":[2.68992,0,9.45578],"to":[7.68992,6,9.45578],"rotation":{"angle":22.5,"axis":"y","origin":[5.18992,3,9.45578]},"faces":{"north":{"uv":[0,0,2.5,3],"texture":"#0"},"east":{"uv":[1.5,11.5,1.5,14.5],"texture":"#0"},"south":{"uv":[2.5,0,0,3],"texture":"#0"},"west":{"uv":[12,6,12,9],"texture":"#0"},"up":{"uv":[14,12,11.5,12],"texture":"#0"},"down":{"uv":[15,0,12.5,0],"texture":"#0"}}},{"name":"wings","from":[8.31008,0,9.45578],"to":[13.31008,6,9.45578],"rotation":{"angle":-22.5,"axis":"y","origin":[10.81008,3,9.45578]},"faces":{"north":{"uv":[2.5,0,0,3],"texture":"#0"},"east":{"uv":[12,6,12,9],"texture":"#0"},"south":{"uv":[0,0,2.5,3],"texture":"#0"},"west":{"uv":[1.5,11.5,1.5,14.5],"texture":"#0"},"up":{"uv":[11.5,12,14,12],"texture":"#0"},"down":{"uv":[12.5,0,15,0],"texture":"#0"}}},{"name":"torso","from":[5.5,3.18546,3.80643],"to":[10.5,8.18546,8.80643],"rotation":{"angle":-22.5,"axis":"x","origin":[8,5.18546,6.25643]},"faces":{"north":{"uv":[0,3.5,2.5,6],"texture":"#0"},"east":{"uv":[3,3.5,5.5,6],"texture":"#0"},"south":{"uv":[6,0,8.5,2.5],"texture":"#0"},"west":{"uv":[6,3,8.5,5.5],"texture":"#0"},"up":{"uv":[8.5,8.5,6,6],"texture":"#0"},"down":{"uv":[2.5,6.5,0,9],"texture":"#0"}}}],"gui_light":"front","display":{"thirdperson_righthand":{"rotation":[24,13,0],"translation":[0.5,2,0.5],"scale":[0.6,0.6,0.6]},"thirdperson_lefthand":{"rotation":[24,13,0],"translation":[0.5,2,0.5],"scale":[0.6,0.6,0.6]},"firstperson_righthand":{"rotation":[0,109,5],"translation":[3.25,7.25,0],"scale":[0.83,0.83,0.83]},"firstperson_lefthand":{"rotation":[0,109,5],"translation":[3.25,7.25,0],"scale":[0.83,0.83,0.83]},"ground":{"translation":[0,3.5,0],"scale":[0.65,0.65,0.65]},"gui":{"rotation":[25,151,0],"translation":[0,3.5,0],"scale":[0.89,0.89,0.89]},"head":{"translation":[0,14.4,0]},"fixed":{"rotation":[-90,0,0],"translation":[0,0,-13.75],"scale":[1.7,1.7,1.7]}},"mcmodels":"5d60807f3af1cd5823ad9970fc7aa1af"}