{"textures​":{"layer0":"minecraft:item/waxed_exposed_copper_trapdoor"},"credit":"Made by Nog's Menagerie","texture_size":[32,32],"\u0074\u0065\u0078\u0074\u0075\u0072\u0065\u0073":{"0":"\u006e\u006f\u0067\u0073_\u006d\u0065\u006e\u0061\u0067\u0065\u0072\u0069\u0065:\u0070\u006c\u0075\u0073\u0068\u0069\u0065\u0073/\u006e\u006d_\u0070\u006c\u0075\u0073\u0068\u0069\u0065_\u0063\u0061\u0074_\u0063\u0061\u006c\u0069\u0063\u006f_\u0074\u0065\u0078\u0074\u0075\u0072\u0065","\u0070\u0061\u0072\u0074\u0069\u0063\u006c\u0065":"\u006e\u006f\u0067\u0073_\u006d\u0065\u006e\u0061\u0067\u0065\u0072\u0069\u0065:\u0070\u006c\u0075\u0073\u0068\u0069\u0065\u0073/\u006e\u006d_\u0070\u006c\u0075\u0073\u0068\u0069\u0065_\u0063\u0061\u0074_\u0063\u0061\u006c\u0069\u0063\u006f_\u0074\u0065\u0078\u0074\u0075\u0072\u0065"},"elements":[{"name":"torso","from":[7,0,6.0482],"to":[9,2,15.0482],"rotation":{"angle":0,"axis":"y","origin":[8,3.95986,13.5482]},"faces":{"north":{"uv":[13,8.5,14,9.5],"texture":"#0"},"east":{"uv":[9.5,0,14,1],"texture":"#0"},"south":{"uv":[13,10,14,11],"texture":"#0"},"west":{"uv":[9.5,1.5,14,2.5],"texture":"#0"},"up":{"uv":[10.5,7.5,9.5,3],"texture":"#0"},"down":{"uv":[3.5,10,2.5,14.5],"texture":"#0"}}},{"name":"head","from":[5.5,6.11405,2.22553],"to":[10.5,11.11405,8.22553],"rotation":{"angle":-22.5,"axis":"x","origin":[8,9.26405,5.37553]},"faces":{"north":{"uv":[0,6,2.5,8.5],"texture":"#0"},"east":{"uv":[0,0,3,2.5],"texture":"#0"},"south":{"uv":[6.5,0,9,2.5],"texture":"#0"},"west":{"uv":[0,3,3,5.5],"texture":"#0"},"up":{"uv":[6,3,3.5,0],"texture":"#0"},"down":{"uv":[6,3.5,3.5,6.5],"texture":"#0"}}},{"name":"head","from":[9.5,11.11405,5.22553],"to":[10.5,12.11405,7.22553],"rotation":{"angle":-22.5,"axis":"x","origin":[8,9.26405,5.37553]},"faces":{"north":{"uv":[1.5,15,2,15.5],"texture":"#0"},"east":{"uv":[4,15,5,15.5],"texture":"#0"},"south":{"uv":[2.5,15,3,15.5],"texture":"#0"},"west":{"uv":[14.5,5.5,15.5,6],"texture":"#0"},"up":{"uv":[7,15.5,6.5,14.5],"texture":"#0"},"down":{"uv":[7,14.5,6.5,15.5],"texture":"#0"}}},{"name":"head","from":[5.5,11.11405,5.22553],"to":[6.5,12.11405,7.22553],"rotation":{"angle":-22.5,"axis":"x","origin":[8,9.26405,5.37553]},"faces":{"north":{"uv":[10,8,9.5,8.5],"texture":"#0"},"east":{"uv":[15.5,0,14.5,0.5],"texture":"#0"},"south":{"uv":[6,14.5,5.5,15],"texture":"#0"},"west":{"uv":[1,14.5,0,15],"texture":"#0"},"up":{"uv":[5.5,8,6,7],"texture":"#0"},"down":{"uv":[1.5,12,2,13],"texture":"#0"}}},{"name":"head","from":[6.5,6.11405,1.22553],"to":[9.5,8.11405,2.22553],"rotation":{"angle":-22.5,"axis":"x","origin":[8,9.26405,5.37553]},"faces":{"north":{"uv":[12.5,5.5,14,6.5],"texture":"#0"},"east":{"uv":[1.5,13.5,2,14.5],"texture":"#0"},"south":{"uv":[13,7,14.5,8],"texture":"#0"},"west":{"uv":[14.5,1,15,2],"texture":"#0"},"up":{"uv":[15.5,5,14,4.5],"texture":"#0"},"down":{"uv":[12.5,14,11,14.5],"texture":"#0"}}},{"name":"torso","from":[6,1.21927,4.55448],"to":[10,6.21927,9.55448],"rotation":{"angle":-22.5,"axis":"x","origin":[8,4.71927,6.55448]},"faces":{"north":{"uv":[3,7,5,9.5],"texture":"#0"},"east":{"uv":[6.5,3,9,5.5],"texture":"#0"},"south":{"uv":[0,9,2,11.5],"texture":"#0"},"west":{"uv":[6.5,6,9,8.5],"texture":"#0"},"up":{"uv":[7.5,11.5,5.5,9],"texture":"#0"},"down":{"uv":[10,9,8,11.5],"texture":"#0"}}},{"name":"torso","from":[6,0.21927,5.55448],"to":[10,1.21927,9.55448],"rotation":{"angle":-22.5,"axis":"x","origin":[8,4.71927,6.55448]},"faces":{"north":{"uv":[10.5,13,12.5,13.5],"texture":"#0"},"east":{"uv":[13,11.5,15,12],"texture":"#0"},"south":{"uv":[13,12.5,15,13],"texture":"#0"},"west":{"uv":[5.5,13.5,7.5,14],"texture":"#0"},"up":{"uv":[12.5,10,10.5,8],"texture":"#0"},"down":{"uv":[12.5,10.5,10.5,12.5],"texture":"#0"}}},{"name":"left_arm","from":[6.03544,0.2295,3.61201],"to":[7.98544,4.2295,5.61201],"rotation":{"angle":22.5,"axis":"x","origin":[8.5,2.0295,4.61201]},"faces":{"north":{"uv":[4,10,5,12],"texture":"#0"},"east":{"uv":[11,3,12,5],"texture":"#0"},"south":{"uv":[11,5.5,12,7.5],"texture":"#0"},"west":{"uv":[0,12,1,14],"texture":"#0"},"up":{"uv":[9,14.5,8,13.5],"texture":"#0"},"down":{"uv":[14,13.5,13,14.5],"texture":"#0"}}},{"name":"right_arm","from":[8.01456,0.2295,3.61201],"to":[9.96456,4.2295,5.61201],"rotation":{"angle":22.5,"axis":"x","origin":[7.5,2.0295,4.61201]},"faces":{"north":{"uv":[5,10,4,12],"texture":"#0"},"east":{"uv":[1,12,0,14],"texture":"#0"},"south":{"uv":[12,5.5,11,7.5],"texture":"#0"},"west":{"uv":[12,3,11,5],"texture":"#0"},"up":{"uv":[8,14.5,9,13.5],"texture":"#0"},"down":{"uv":[13,13.5,14,14.5],"texture":"#0"}}},{"name":"left_leg","from":[4.305,0.01,5.15835],"to":[6.305,2.01,9.15835],"rotation":{"angle":45,"axis":"y","origin":[5.055,1.01,6.28335]},"faces":{"north":{"uv":[14,3,15,4],"texture":"#0"},"east":{"uv":[5.5,12,7.5,13],"texture":"#0"},"south":{"uv":[9.5,14,10.5,15],"texture":"#0"},"west":{"uv":[8,12,10,13],"texture":"#0"},"up":{"uv":[13.5,5,12.5,3],"texture":"#0"},"down":{"uv":[5,12.5,4,14.5],"texture":"#0"}}},{"name":"right_leg","from":[9.695,0.01,5.15835],"to":[11.695,2.01,9.15835],"rotation":{"angle":-45,"axis":"y","origin":[10.945,1.01,6.28335]},"faces":{"north":{"uv":[15,3,14,4],"texture":"#0"},"east":{"uv":[10,12,8,13],"texture":"#0"},"south":{"uv":[10.5,14,9.5,15],"texture":"#0"},"west":{"uv":[7.5,12,5.5,13],"texture":"#0"},"up":{"uv":[12.5,5,13.5,3],"texture":"#0"},"down":{"uv":[4,12.5,5,14.5],"texture":"#0"}}}],"gui_light":"front","display":{"thirdperson_righthand":{"rotation":[24,13,0],"translation":[0,1.25,-0.5],"scale":[0.6,0.6,0.6]},"thirdperson_lefthand":{"rotation":[24,13,0],"translation":[0,0.75,-0.5],"scale":[0.6,0.6,0.6]},"firstperson_righthand":{"rotation":[0,109,5],"translation":[2,5.25,0],"scale":[0.71,0.71,0.71]},"firstperson_lefthand":{"rotation":[0,109,5],"translation":[2,5.25,0],"scale":[0.71,0.71,0.71]},"ground":{"translation":[0,3.5,0],"scale":[0.65,0.65,0.65]},"gui":{"rotation":[25,151,0],"translation":[0.75,2,0],"scale":[0.8,0.8,0.8]},"head":{"translation":[0,14.4,0]},"fixed":{"rotation":[-90,0,0],"translation":[0,0,-13.5],"scale":[1.7,1.7,1.7]}},"mcmodels":"5d60807f3af1cd5823ad9970fc7aa1af"}