{"textures​":{"1":"\u006e\u006f\u0067\u0073_\u006d\u0065\u006e\u0061\u0067\u0065\u0072\u0069\u0065:\u0070\u006c\u0075\u0073\u0068\u0069\u0065\u0073/\u006e\u006d_\u0070\u006c\u0075\u0073\u0068\u0069\u0065_\u0062\u0072\u0065\u0065\u007a\u0065_\u0074\u0065\u0078\u0074\u0075\u0072\u0065","\u0070\u0061\u0072\u0074\u0069\u0063\u006c\u0065":"#1"},"credit":"Made by Nog's Menagerie","texture_size":[64,64],"\u0074\u0065\u0078\u0074\u0075\u0072\u0065\u0073":{"1":"\u006e\u006f\u0067\u0073_\u006d\u0065\u006e\u0061\u0067\u0065\u0072\u0069\u0065:\u0070\u006c\u0075\u0073\u0068\u0069\u0065\u0073/\u006e\u006d_\u0070\u006c\u0075\u0073\u0068\u0069\u0065_\u0062\u0072\u0065\u0065\u007a\u0065_\u0074\u0065\u0078\u0074\u0075\u0072\u0065","\u0070\u0061\u0072\u0074\u0069\u0063\u006c\u0065":"#1"},"elements":[{"name":"leg_leg","from":[7,0.19991,4.54271],"to":[9,6.19991,6.54271],"rotation":{"angle":-22.5,"axis":"x","origin":[8,2.94991,5.44271]},"faces":{"north":{"uv":[4.5,3,5,4.5],"texture":"#1"},"east":{"uv":[4.5,4.75,5,6.25],"texture":"#1"},"south":{"uv":[2,5,2.5,6.5],"texture":"#1"},"west":{"uv":[2.75,5,3.25,6.5],"texture":"#1"},"up":{"uv":[6.5,1.5,6,1],"texture":"#1"},"down":{"uv":[6.5,3,6,3.5],"texture":"#1"}}},{"name":"leg_leg","from":[7,0.19991,9.45729],"to":[9,6.19991,11.45729],"rotation":{"angle":22.5,"axis":"x","origin":[8,2.94991,10.55729]},"faces":{"north":{"uv":[2.5,5,2,6.5],"texture":"#1"},"east":{"uv":[5,4.75,4.5,6.25],"texture":"#1"},"south":{"uv":[5,3,4.5,4.5],"texture":"#1"},"west":{"uv":[3.25,5,2.75,6.5],"texture":"#1"},"up":{"uv":[6.5,1,6,1.5],"texture":"#1"},"down":{"uv":[6.5,3.5,6,3],"texture":"#1"}}},{"name":"leg_leg","from":[10.08528,-1.13844,8],"to":[12.08528,4.86156,10],"rotation":{"angle":-22.5,"axis":"z","origin":[14.08528,4.11156,14]},"faces":{"north":{"uv":[3.5,5,4,6.5],"texture":"#1"},"east":{"uv":[5.25,3,5.75,4.5],"texture":"#1"},"south":{"uv":[5.25,4.75,5.75,6.25],"texture":"#1"},"west":{"uv":[0,6,0.5,7.5],"texture":"#1"},"up":{"uv":[6.5,4.25,6,3.75],"texture":"#1"},"down":{"uv":[6.5,4.5,6,5],"texture":"#1"}}},{"name":"leg_leg","from":[3.91472,-1.13844,8],"to":[5.91472,4.86156,10],"rotation":{"angle":22.5,"axis":"z","origin":[1.91472,4.11156,14]},"faces":{"north":{"uv":[4,5,3.5,6.5],"texture":"#1"},"east":{"uv":[0.5,6,0,7.5],"texture":"#1"},"south":{"uv":[5.75,4.75,5.25,6.25],"texture":"#1"},"west":{"uv":[5.75,3,5.25,4.5],"texture":"#1"},"up":{"uv":[6,4.25,6.5,3.75],"texture":"#1"},"down":{"uv":[6,4.5,6.5,5],"texture":"#1"}}},{"name":"head","from":[4.5,6.1,4.5],"to":[11.5,13.1,11.5],"rotation":{"angle":0,"axis":"y","origin":[8,6.36387,8]},"faces":{"north":{"uv":[0,0,1.75,1.75],"texture":"#1"},"east":{"uv":[0,2,1.75,3.75],"texture":"#1"},"south":{"uv":[2,0,3.75,1.75],"texture":"#1"},"west":{"uv":[2,2,3.75,3.75],"texture":"#1"},"up":{"uv":[1.75,5.75,0,4],"texture":"#1"},"down":{"uv":[5.75,0,4,1.75],"texture":"#1"}}},{"name":"head","from":[3.5,8.85,4],"to":[12.5,11.85,4],"rotation":{"angle":0,"axis":"y","origin":[8,6.36387,8]},"faces":{"north":{"uv":[2,4,4.25,4.75],"texture":"#1"},"east":{"uv":[4,3,4,3.75],"texture":"#1"},"south":{"uv":[4,2,6.25,2.75],"texture":"#1"},"west":{"uv":[4,3,4,3.75],"texture":"#1"},"up":{"uv":[8.25,1.75,6,1.75],"texture":"#1"},"down":{"uv":[6,1.75,8.25,1.75],"texture":"#1"}}},{"name":"head","from":[12.5,8.85,4],"to":[12.5,11.85,8],"rotation":{"angle":0,"axis":"y","origin":[8,6.36387,8]},"faces":{"north":{"uv":[4,3,4,3.75],"texture":"#1"},"east":{"uv":[6,0,7,0.75],"texture":"#1"},"south":{"uv":[4,3,4,3.75],"texture":"#1"},"west":{"uv":[0.75,6,1.75,6.75],"texture":"#1"},"up":{"uv":[4.25,6,4.25,5],"texture":"#1"},"down":{"uv":[4.25,5,4.25,6],"texture":"#1"}}},{"name":"head","from":[3.5,8.85,4],"to":[3.5,11.85,8],"rotation":{"angle":0,"axis":"y","origin":[8,6.36387,8]},"faces":{"north":{"uv":[4,3,4,3.75],"texture":"#1"},"east":{"uv":[1.75,6,0.75,6.75],"texture":"#1"},"south":{"uv":[4,3,4,3.75],"texture":"#1"},"west":{"uv":[7,0,6,0.75],"texture":"#1"},"up":{"uv":[4.25,6,4.25,5],"texture":"#1"},"down":{"uv":[4.25,5,4.25,6],"texture":"#1"}}}],"gui_light":"front","display":{"thirdperson_righthand":{"rotation":[24,13,0],"translation":[-0.25,1.25,-0.25],"scale":[0.47,0.47,0.47]},"thirdperson_lefthand":{"rotation":[24,13,0],"translation":[-0.25,1.25,-0.25],"scale":[0.47,0.47,0.47]},"firstperson_righthand":{"rotation":[0,109,5],"translation":[3.25,4.75,0],"scale":[0.63,0.63,0.63]},"firstperson_lefthand":{"rotation":[0,109,5],"translation":[3.25,4.75,0],"scale":[0.63,0.63,0.63]},"ground":{"translation":[0,3.5,0],"scale":[0.65,0.65,0.65]},"gui":{"rotation":[25,151,0],"translation":[0,0.5,0],"scale":[0.68,0.68,0.68]},"head":{"translation":[0,14.4,0.25]},"fixed":{"rotation":[-90,0,0],"translation":[0,0,-13.5],"scale":[1.7,1.7,1.7]}},"mcmodels":"5d60807f3af1cd5823ad9970fc7aa1af"}