{"textures​":{"layer0":"minecraft:item/magenta_concrete"},"credit":"Made by Nog's Menagerie","texture_size":[32,32],"\u0074\u0065\u0078\u0074\u0075\u0072\u0065\u0073":{"1":"\u006e\u006f\u0067\u0073_\u006d\u0065\u006e\u0061\u0067\u0065\u0072\u0069\u0065:\u0070\u006c\u0075\u0073\u0068\u0069\u0065\u0073/\u006e\u006d_\u0070\u006c\u0075\u0073\u0068\u0069\u0065_\u0062\u0061\u0074_\u0074\u0065\u0078\u0074\u0075\u0072\u0065","\u0070\u0061\u0072\u0074\u0069\u0063\u006c\u0065":"#1"},"elements":[{"name":"torso","from":[6.5,0,5.5],"to":[9.5,4,8.5],"rotation":{"angle":0,"axis":"y","origin":[8,2.0045,8.35355]},"faces":{"north":{"uv":[0,3,1.5,5],"texture":"#1"},"east":{"uv":[2,3,3.5,5],"texture":"#1"},"south":{"uv":[3.5,0,5,2],"texture":"#1"},"west":{"uv":[4,2.5,5.5,4.5],"texture":"#1"},"up":{"uv":[8,8,6.5,6.5],"texture":"#1"},"down":{"uv":[4,7,2.5,8.5],"texture":"#1"}}},{"name":"torso","from":[5.23463,0.15224,5.5],"to":[5.23463,5.15224,11.5],"rotation":{"angle":-22.5,"axis":"z","origin":[5.23463,1.15224,10]},"faces":{"north":{"uv":[2,7.5,2,10],"texture":"#1"},"east":{"uv":[3,0,0,2.5],"texture":"#1"},"south":{"uv":[8.5,1.5,8.5,4],"texture":"#1"},"west":{"uv":[0,0,3,2.5],"texture":"#1"},"up":{"uv":[8.5,7.5,8.5,4.5],"texture":"#1"},"down":{"uv":[6.5,8.5,6.5,11.5],"texture":"#1"}}},{"name":"torso","from":[10.76537,0.15224,5.5],"to":[10.76537,5.15224,11.5],"rotation":{"angle":22.5,"axis":"z","origin":[10.76537,1.15224,10]},"faces":{"north":{"uv":[2,7.5,2,10],"texture":"#1"},"east":{"uv":[3,0,0,2.5],"texture":"#1"},"south":{"uv":[8.5,1.5,8.5,4],"texture":"#1"},"west":{"uv":[0,0,3,2.5],"texture":"#1"},"up":{"uv":[8.5,7.5,8.5,4.5],"texture":"#1"},"down":{"uv":[6.5,8.5,6.5,11.5],"texture":"#1"}}},{"name":"torso","from":[8.675,0.09,3.95],"to":[9.675,0.09,5.95],"rotation":{"angle":-22.5,"axis":"y","origin":[9.275,0,5]},"faces":{"north":{"uv":[7,8.5,7.5,8.5],"texture":"#1"},"east":{"uv":[8,8.5,9,8.5],"texture":"#1"},"south":{"uv":[8.5,8,9,8],"texture":"#1"},"west":{"uv":[9,0,10,0],"texture":"#1"},"up":{"uv":[3,6.5,2.5,5.5],"texture":"#1"},"down":{"uv":[8.5,0,8,1],"texture":"#1"}}},{"name":"torso","from":[6.325,0.09,3.95],"to":[7.325,0.09,5.95],"rotation":{"angle":22.5,"axis":"y","origin":[6.725,0,5]},"faces":{"north":{"uv":[7.5,8.5,7,8.5],"texture":"#1"},"east":{"uv":[10,0,9,0],"texture":"#1"},"south":{"uv":[9,8,8.5,8],"texture":"#1"},"west":{"uv":[9,8.5,8,8.5],"texture":"#1"},"up":{"uv":[2.5,6.5,3,5.5],"texture":"#1"},"down":{"uv":[8,0,8.5,1],"texture":"#1"}}},{"name":"torso","from":[6,3.22582,4.10112],"to":[10,6.22582,7.10112],"rotation":{"angle":-22.5,"axis":"x","origin":[8,6.62582,5.10112]},"faces":{"north":{"uv":[4,5,6,6.5],"texture":"#1"},"east":{"uv":[4.5,7,6,8.5],"texture":"#1"},"south":{"uv":[0,5.5,2,7],"texture":"#1"},"west":{"uv":[0,7.5,1.5,9],"texture":"#1"},"up":{"uv":[7.5,1.5,5.5,0],"texture":"#1"},"down":{"uv":[8,2,6,3.5],"texture":"#1"}}},{"name":"torso","from":[4,4.22582,5.10112],"to":[7,8.22582,5.10112],"rotation":{"angle":-22.5,"axis":"x","origin":[7,6.62582,5.10112]},"faces":{"north":{"uv":[6.5,4,8,6],"texture":"#1"},"east":{"uv":[9,0.5,9,2.5],"texture":"#1"},"south":{"uv":[8,4,6.5,6],"texture":"#1"},"west":{"uv":[2.5,9,2.5,11],"texture":"#1"},"up":{"uv":[4.5,9,3,9],"texture":"#1"},"down":{"uv":[10.5,3,9,3],"texture":"#1"}}},{"name":"torso","from":[9,4.22582,5.10112],"to":[12,8.22582,5.10112],"rotation":{"angle":-22.5,"axis":"x","origin":[9,6.62582,5.10112]},"faces":{"north":{"uv":[8,4,6.5,6],"texture":"#1"},"east":{"uv":[2.5,9,2.5,11],"texture":"#1"},"south":{"uv":[6.5,4,8,6],"texture":"#1"},"west":{"uv":[9,0.5,9,2.5],"texture":"#1"},"up":{"uv":[3,9,4.5,9],"texture":"#1"},"down":{"uv":[9,3,10.5,3],"texture":"#1"}}}],"gui_light":"front","display":{"thirdperson_righthand":{"rotation":[24,13,0],"translation":[0.5,2,0.25],"scale":[0.6,0.6,0.6]},"thirdperson_lefthand":{"rotation":[24,13,0],"translation":[0.5,2,0.25],"scale":[0.6,0.6,0.6]},"firstperson_righthand":{"rotation":[0,109,5],"translation":[3.25,7.25,0],"scale":[0.83,0.83,0.83]},"firstperson_lefthand":{"rotation":[0,109,5],"translation":[3.25,7.25,0],"scale":[0.83,0.83,0.83]},"ground":{"translation":[0,3.5,0],"scale":[0.65,0.65,0.65]},"gui":{"rotation":[25,151,0],"translation":[0.75,4.5,0],"scale":[0.94,0.94,0.94]},"head":{"translation":[0,14.4,0]},"fixed":{"rotation":[-90,0,0],"translation":[0,0,-13.75],"scale":[1.7,1.7,1.7]}},"mcmodels":"5d60807f3af1cd5823ad9970fc7aa1af"}