{"textures​":{"layer0":"minecraft:item/wild_armor_trim_smithing_template"},"credit":"Made by Nog's Menagerie","texture_size":[64,64],"\u0074\u0065\u0078\u0074\u0075\u0072\u0065\u0073":{"0":"\u006e\u006f\u0067\u0073_\u006d\u0065\u006e\u0061\u0067\u0065\u0072\u0069\u0065:\u0070\u006c\u0075\u0073\u0068\u0069\u0065\u0073/\u006e\u006d_\u0070\u006c\u0075\u0073\u0068\u0069\u0065_\u0073\u0068\u0075\u006c\u006b\u0065\u0072_\u0074\u0065\u0078\u0074\u0075\u0072\u0065","\u0070\u0061\u0072\u0074\u0069\u0063\u006c\u0065":"\u006e\u006f\u0067\u0073_\u006d\u0065\u006e\u0061\u0067\u0065\u0072\u0069\u0065:\u0070\u006c\u0075\u0073\u0068\u0069\u0065\u0073/\u006e\u006d_\u0070\u006c\u0075\u0073\u0068\u0069\u0065_\u0073\u0068\u0075\u006c\u006b\u0065\u0072_\u0074\u0065\u0078\u0074\u0075\u0072\u0065"},"elements":[{"name":"head","from":[5.5,3,5.5],"to":[10.5,8,10.5],"rotation":{"angle":0,"axis":"x","origin":[8,5.5,8]},"faces":{"north":{"uv":[4.5,4.5,5.75,5.75],"texture":"#0"},"east":{"uv":[4.5,6,5.75,7.25],"texture":"#0"},"south":{"uv":[6,4.5,7.25,5.75],"texture":"#0"},"west":{"uv":[6,6,7.25,7.25],"texture":"#0"},"up":{"uv":[1.25,8,0,6.75],"texture":"#0"},"down":{"uv":[8,0,6.75,1.25],"texture":"#0"}}},{"name":"torso","from":[4,0,4],"to":[12,1,12],"rotation":{"angle":0,"axis":"y","origin":[8,3.5,8]},"faces":{"north":{"uv":[0,8.75,2,9],"texture":"#0"},"east":{"uv":[9,1.5,11,1.75],"texture":"#0"},"south":{"uv":[9,2,11,2.25],"texture":"#0"},"west":{"uv":[2.25,9,4.25,9.25],"texture":"#0"},"up":{"uv":[4.25,2,2.25,0],"texture":"#0"},"down":{"uv":[4.25,2.25,2.25,4.25],"texture":"#0"}}},{"name":"torso","from":[4,1,4],"to":[4,4,12],"rotation":{"angle":0,"axis":"y","origin":[8,3.5,8]},"faces":{"north":{"uv":[9,2.5,9,3.25],"texture":"#0"},"east":{"uv":[8.75,1.5,6.75,2.25],"texture":"#0"},"south":{"uv":[9,3.5,9,4.25],"texture":"#0"},"west":{"uv":[6.75,1.5,8.75,2.25],"texture":"#0"},"up":{"uv":[4.5,11,4.5,9],"texture":"#0"},"down":{"uv":[4.75,9,4.75,11],"texture":"#0"}}},{"name":"torso","from":[12,1,4],"to":[12,4,12],"rotation":{"angle":0,"axis":"y","origin":[8,3.5,8]},"faces":{"north":{"uv":[9,2.5,9,3.25],"texture":"#0"},"east":{"uv":[8.75,1.5,6.75,2.25],"texture":"#0"},"south":{"uv":[9,3.5,9,4.25],"texture":"#0"},"west":{"uv":[6.75,1.5,8.75,2.25],"texture":"#0"},"up":{"uv":[4.5,11,4.5,9],"texture":"#0"},"down":{"uv":[4.75,9,4.75,11],"texture":"#0"}}},{"name":"torso","from":[4,1,12],"to":[12,4,12],"rotation":{"angle":0,"axis":"y","origin":[8,3.5,8]},"faces":{"north":{"uv":[6.75,2.5,8.75,3.25],"texture":"#0"},"east":{"uv":[5,9,5,9.75],"texture":"#0"},"south":{"uv":[8.75,2.5,6.75,3.25],"texture":"#0"},"west":{"uv":[5.25,9,5.25,9.75],"texture":"#0"},"up":{"uv":[7.5,9,5.5,9],"texture":"#0"},"down":{"uv":[9.75,9,7.75,9],"texture":"#0"}}},{"name":"torso","from":[4,4,4],"to":[12,4,12],"rotation":{"angle":0,"axis":"y","origin":[8,3.5,8]},"faces":{"north":{"uv":[0,9.25,2,9.25],"texture":"#0"},"east":{"uv":[9.25,2.5,11.25,2.5],"texture":"#0"},"south":{"uv":[9.25,2.75,11.25,2.75],"texture":"#0"},"west":{"uv":[9.25,3,11.25,3],"texture":"#0"},"up":{"uv":[2,6.5,0,4.5],"texture":"#0"},"down":{"uv":[2,4.5,0,6.5],"texture":"#0"}}},{"name":"torso","from":[4,1,4],"to":[12,4,4],"rotation":{"angle":0,"axis":"y","origin":[8,3.5,8]},"faces":{"north":{"uv":[9.5,4.5,7.5,5.25],"texture":"#0"},"east":{"uv":[9.25,3.25,9.25,4],"texture":"#0"},"south":{"uv":[7.5,4.5,9.5,5.25],"texture":"#0"},"west":{"uv":[5.5,9.25,5.5,10],"texture":"#0"},"up":{"uv":[11.25,4.25,9.25,4.25],"texture":"#0"},"down":{"uv":[7.75,9.25,5.75,9.25],"texture":"#0"}}},{"name":"torso","from":[4,8.95343,3.93829],"to":[12,9.95343,11.93829],"rotation":{"angle":22.5,"axis":"x","origin":[5.75,6.20343,7.43829]},"faces":{"north":{"uv":[8.25,1,10.25,1.25],"texture":"#0"},"east":{"uv":[3.75,8.5,5.75,8.75],"texture":"#0"},"south":{"uv":[6,8.5,8,8.75],"texture":"#0"},"west":{"uv":[8.25,8.5,10.25,8.75],"texture":"#0"},"up":{"uv":[2,2,0,0],"texture":"#0"},"down":{"uv":[2,2.25,0,4.25],"texture":"#0"}}},{"name":"torso","from":[4,5.95343,3.93829],"to":[4,8.95343,11.93829],"rotation":{"angle":22.5,"axis":"x","origin":[5.75,6.20343,7.43829]},"faces":{"north":{"uv":[8,9.25,8,10],"texture":"#0"},"east":{"uv":[7.5,5.5,9.5,6.25],"texture":"#0"},"south":{"uv":[8.25,9.25,8.25,10],"texture":"#0"},"west":{"uv":[9.5,5.5,7.5,6.25],"texture":"#0"},"up":{"uv":[8.5,11.25,8.5,9.25],"texture":"#0"},"down":{"uv":[8.75,9.25,8.75,11.25],"texture":"#0"}}},{"name":"torso","from":[12,5.95343,3.93829],"to":[12,8.95343,11.93829],"rotation":{"angle":22.5,"axis":"x","origin":[10.25,6.20343,7.43829]},"faces":{"north":{"uv":[8,9.25,8,10],"texture":"#0"},"east":{"uv":[7.5,5.5,9.5,6.25],"texture":"#0"},"south":{"uv":[8.25,9.25,8.25,10],"texture":"#0"},"west":{"uv":[9.5,5.5,7.5,6.25],"texture":"#0"},"up":{"uv":[8.5,11.25,8.5,9.25],"texture":"#0"},"down":{"uv":[8.75,9.25,8.75,11.25],"texture":"#0"}}},{"name":"torso","from":[4,5.95343,3.93829],"to":[12,8.95343,3.93829],"rotation":{"angle":22.5,"axis":"x","origin":[5.75,6.20343,7.43829]},"faces":{"north":{"uv":[7.5,6.5,9.5,7.25],"texture":"#0"},"east":{"uv":[9,9.25,9,10],"texture":"#0"},"south":{"uv":[9.5,6.5,7.5,7.25],"texture":"#0"},"west":{"uv":[9.25,9.25,9.25,10],"texture":"#0"},"up":{"uv":[2,9.5,0,9.5],"texture":"#0"},"down":{"uv":[4.25,9.5,2.25,9.5],"texture":"#0"}}},{"name":"torso","from":[4,5.95343,11.93829],"to":[12,8.95343,11.93829],"rotation":{"angle":22.5,"axis":"x","origin":[5.75,6.20343,7.43829]},"faces":{"north":{"uv":[10.25,7.5,8.25,8.25],"texture":"#0"},"east":{"uv":[9.5,3.25,9.5,4],"texture":"#0"},"south":{"uv":[8.25,7.5,10.25,8.25],"texture":"#0"},"west":{"uv":[5.75,9.5,5.75,10.25],"texture":"#0"},"up":{"uv":[11.5,9.25,9.5,9.25],"texture":"#0"},"down":{"uv":[11.5,9.5,9.5,9.5],"texture":"#0"}}},{"name":"torso","from":[4,5.95343,3.93829],"to":[12,5.95343,11.93829],"rotation":{"angle":22.5,"axis":"x","origin":[5.75,6.20343,7.43829]},"faces":{"north":{"uv":[0,9.75,2,9.75],"texture":"#0"},"east":{"uv":[2.25,9.75,4.25,9.75],"texture":"#0"},"south":{"uv":[9.75,3.25,11.75,3.25],"texture":"#0"},"west":{"uv":[9.75,3.5,11.75,3.5],"texture":"#0"},"up":{"uv":[4.25,6.5,2.25,4.5],"texture":"#0"},"down":{"uv":[4.25,4.5,2.25,6.5],"texture":"#0"}}}],"gui_light":"front","display":{"thirdperson_righthand":{"rotation":[71,43,0],"translation":[-1.25,1.25,1],"scale":[0.71,0.71,0.71]},"thirdperson_lefthand":{"rotation":[71,43,0],"translation":[-1.25,1.25,1],"scale":[0.71,0.71,0.71]},"firstperson_righthand":{"rotation":[0,109,5],"translation":[3.25,6.5,0],"scale":[0.72,0.72,0.72]},"firstperson_lefthand":{"rotation":[0,109,5],"translation":[3.25,6.5,0],"scale":[0.72,0.72,0.72]},"ground":{"translation":[0,3.5,0],"scale":[0.65,0.65,0.65]},"gui":{"rotation":[25,151,0],"translation":[0.25,2.25,0],"scale":[0.76,0.76,0.76]},"head":{"translation":[0,14.4,0]},"fixed":{"rotation":[-90,0,0],"translation":[0,0.5,-13.5],"scale":[1.7,1.7,1.7]}},"mcmodels":"5d60807f3af1cd5823ad9970fc7aa1af"}