{"textures​":{"0":"\u006e\u006f\u0067\u0073_\u006d\u0065\u006e\u0061\u0067\u0065\u0072\u0069\u0065:\u0070\u006c\u0075\u0073\u0068\u0069\u0065\u0073/\u006e\u006d_\u0070\u006c\u0075\u0073\u0068\u0069\u0065_\u0061\u0072\u006d\u0061\u0064\u0069\u006c\u006c\u006f_\u0074\u0065\u0078\u0074\u0075\u0072\u0065","\u0070\u0061\u0072\u0074\u0069\u0063\u006c\u0065":"\u006e\u006f\u0067\u0073_\u006d\u0065\u006e\u0061\u0067\u0065\u0072\u0069\u0065:\u0070\u006c\u0075\u0073\u0068\u0069\u0065\u0073/\u006e\u006d_\u0070\u006c\u0075\u0073\u0068\u0069\u0065_\u0061\u0072\u006d\u0061\u0064\u0069\u006c\u006c\u006f_\u0074\u0065\u0078\u0074\u0075\u0072\u0065"},"credit":"Made by Nog's Menagerie","texture_size":[64,64],"\u0074\u0065\u0078\u0074\u0075\u0072\u0065\u0073":{"0":"\u006e\u006f\u0067\u0073_\u006d\u0065\u006e\u0061\u0067\u0065\u0072\u0069\u0065:\u0070\u006c\u0075\u0073\u0068\u0069\u0065\u0073/\u006e\u006d_\u0070\u006c\u0075\u0073\u0068\u0069\u0065_\u0061\u0072\u006d\u0061\u0064\u0069\u006c\u006c\u006f_\u0074\u0065\u0078\u0074\u0075\u0072\u0065","\u0070\u0061\u0072\u0074\u0069\u0063\u006c\u0065":"\u006e\u006f\u0067\u0073_\u006d\u0065\u006e\u0061\u0067\u0065\u0072\u0069\u0065:\u0070\u006c\u0075\u0073\u0068\u0069\u0065\u0073/\u006e\u006d_\u0070\u006c\u0075\u0073\u0068\u0069\u0065_\u0061\u0072\u006d\u0061\u0064\u0069\u006c\u006c\u006f_\u0074\u0065\u0078\u0074\u0075\u0072\u0065"},"elements":[{"name":"head","from":[10.04154,4.53249,2.78666],"to":[12.04154,8.53249,2.78666],"rotation":{"angle":-22.5,"axis":"z","origin":[9.99154,6.93249,2.71166]},"faces":{"north":{"uv":[6.5,9,7,10],"texture":"#0"},"east":{"uv":[7.25,9,7.25,10],"texture":"#0"},"south":{"uv":[7,9,6.5,10],"texture":"#0"},"west":{"uv":[6.25,10,6.25,11],"texture":"#0"},"up":{"uv":[5.5,2.5,5,2.5],"texture":"#0"},"down":{"uv":[5.5,2.75,5,2.75],"texture":"#0"}}},{"name":"head","from":[3.95846,4.53249,2.78666],"to":[5.95846,8.53249,2.78666],"rotation":{"angle":22.5,"axis":"z","origin":[6.00846,6.93249,2.71166]},"faces":{"north":{"uv":[7,9,6.5,10],"texture":"#0"},"east":{"uv":[6.25,10,6.25,11],"texture":"#0"},"south":{"uv":[6.5,9,7,10],"texture":"#0"},"west":{"uv":[7.25,9,7.25,10],"texture":"#0"},"up":{"uv":[5,2.5,5.5,2.5],"texture":"#0"},"down":{"uv":[5,2.75,5.5,2.75],"texture":"#0"}}},{"name":"head","from":[6.5,1.29632,-0.42045],"to":[9.5,4.29632,4.57955],"rotation":{"angle":-45,"axis":"x","origin":[8,2.79632,2.07955]},"faces":{"north":{"uv":[8.75,3.75,9.5,4.5],"texture":"#0"},"east":{"uv":[4.5,8,5.75,8.75],"texture":"#0"},"south":{"uv":[5.5,9,6.25,9.75],"texture":"#0"},"west":{"uv":[6,8,7.25,8.75],"texture":"#0"},"up":{"uv":[9.5,3.5,8.75,2.25],"texture":"#0"},"down":{"uv":[5.25,9,4.5,10.25],"texture":"#0"}}},{"name":"torso","from":[4,0,4.5],"to":[12,8,14.5],"rotation":{"angle":0,"axis":"y","origin":[8,3.5,8.5]},"faces":{"north":{"uv":[0,8,2,10],"texture":"#0"},"east":{"uv":[6,2.5,8.5,4.5],"texture":"#0"},"south":{"uv":[2.25,8,4.25,10],"texture":"#0"},"west":{"uv":[7.5,0,10,2],"texture":"#0"},"up":{"uv":[9.5,7.25,7.5,4.75],"texture":"#0"},"down":{"uv":[9.5,7.5,7.5,10],"texture":"#0"}}},{"name":"torso","from":[3.5,0,15],"to":[12.5,9,15],"rotation":{"angle":0,"axis":"y","origin":[8,3.5,9.5]},"faces":{"north":{"uv":[2.25,5.5,0,7.75],"texture":"#0"},"east":{"uv":[4.5,10.5,4.5,12.75],"texture":"#0"},"south":{"uv":[0,5.5,2.25,7.75],"texture":"#0"},"west":{"uv":[4.75,10.5,4.75,12.75],"texture":"#0"},"up":{"uv":[12.75,5.25,10.5,5.25],"texture":"#0"},"down":{"uv":[12.75,5.5,10.5,5.5],"texture":"#0"}}},{"name":"torso","from":[12.5,0,4],"to":[12.5,9,15],"rotation":{"angle":0,"axis":"y","origin":[8,3.5,8.5]},"faces":{"north":{"uv":[4.25,10.25,4.25,12.5],"texture":"#0"},"east":{"uv":[5.75,3,3,5.25],"texture":"#0"},"south":{"uv":[9,10.25,9,12.5],"texture":"#0"},"west":{"uv":[3,3,5.75,5.25],"texture":"#0"},"up":{"uv":[9.25,13,9.25,10.25],"texture":"#0"},"down":{"uv":[9.5,10.25,9.5,13],"texture":"#0"}}},{"name":"torso","from":[3.5,9,4],"to":[12.5,9,15],"rotation":{"angle":0,"axis":"y","origin":[8,3.5,8.5]},"faces":{"north":{"uv":[6.5,10.25,8.75,10.25],"texture":"#0"},"east":{"uv":[10.5,4.5,13.25,4.5],"texture":"#0"},"south":{"uv":[10.5,4.75,12.75,4.75],"texture":"#0"},"west":{"uv":[10.5,5,13.25,5],"texture":"#0"},"up":{"uv":[2.25,2.75,0,0],"texture":"#0"},"down":{"uv":[2.25,0,0,2.75],"texture":"#0"}}},{"name":"torso","from":[3.5,0,4],"to":[12.5,9,4],"rotation":{"angle":0,"axis":"y","origin":[8,3.5,8.5]},"faces":{"north":{"uv":[2.5,5.5,4.75,7.75],"texture":"#0"},"east":{"uv":[5,10.5,5,12.75],"texture":"#0"},"south":{"uv":[4.75,5.5,2.5,7.75],"texture":"#0"},"west":{"uv":[5.25,10.5,5.25,12.75],"texture":"#0"},"up":{"uv":[8.75,10.5,6.5,10.5],"texture":"#0"},"down":{"uv":[12.75,7.25,10.5,7.25],"texture":"#0"}}},{"name":"torso","from":[3.5,0,4],"to":[3.5,9,15],"rotation":{"angle":0,"axis":"y","origin":[8,3.5,8.5]},"faces":{"north":{"uv":[4.25,10.25,4.25,12.5],"texture":"#0"},"east":{"uv":[5.75,3,3,5.25],"texture":"#0"},"south":{"uv":[9,10.25,9,12.5],"texture":"#0"},"west":{"uv":[3,3,5.75,5.25],"texture":"#0"},"up":{"uv":[9.25,13,9.25,10.25],"texture":"#0"},"down":{"uv":[9.5,10.25,9.5,13],"texture":"#0"}}},{"name":"tail","from":[7,1.23666,12.71952],"to":[9,3.23666,16.71952],"rotation":{"angle":45,"axis":"x","origin":[8,0.98666,14.81952]},"faces":{"north":{"uv":[10.25,1.5,10.75,2],"texture":"#0"},"east":{"uv":[9.75,5.75,10.75,6.25],"texture":"#0"},"south":{"uv":[2,10.25,2.5,10.75],"texture":"#0"},"west":{"uv":[9.75,6.5,10.75,7],"texture":"#0"},"up":{"uv":[10.25,8.25,9.75,7.25],"texture":"#0"},"down":{"uv":[10.25,8.5,9.75,9.5],"texture":"#0"}}},{"name":"left_leg","from":[12.53998,0.009,9.80811],"to":[16.53998,2.009,11.80811],"rotation":{"angle":22.5,"axis":"y","origin":[13.48998,1.509,13.80811]},"faces":{"north":{"uv":[9.75,9.75,10.75,10.25],"texture":"#0"},"east":{"uv":[2.75,10.25,3.25,10.75],"texture":"#0"},"south":{"uv":[0,10.25,1,10.75],"texture":"#0"},"west":{"uv":[3.5,10.25,4,10.75],"texture":"#0"},"up":{"uv":[11.25,0.5,10.25,0],"texture":"#0"},"down":{"uv":[11.25,0.75,10.25,1.25],"texture":"#0"}}},{"name":"left_arm","from":[11.32592,0.009,3.17089],"to":[15.32592,2.009,5.17089],"rotation":{"angle":45,"axis":"y","origin":[13.32592,1.509,5.42089]},"faces":{"north":{"uv":[6,4.75,7,5.25],"texture":"#0"},"east":{"uv":[5.5,10,6,10.5],"texture":"#0"},"south":{"uv":[9.75,2.25,10.75,2.75],"texture":"#0"},"west":{"uv":[1.25,10.25,1.75,10.75],"texture":"#0"},"up":{"uv":[10.75,3.5,9.75,3],"texture":"#0"},"down":{"uv":[10.75,3.75,9.75,4.25],"texture":"#0"}}},{"name":"right_arm","from":[0.67408,0.009,3.17089],"to":[4.67408,2.009,5.17089],"rotation":{"angle":-45,"axis":"y","origin":[2.67408,1.509,5.42089]},"faces":{"north":{"uv":[7,4.75,6,5.25],"texture":"#0"},"east":{"uv":[1.75,10.25,1.25,10.75],"texture":"#0"},"south":{"uv":[10.75,2.25,9.75,2.75],"texture":"#0"},"west":{"uv":[6,10,5.5,10.5],"texture":"#0"},"up":{"uv":[9.75,3.5,10.75,3],"texture":"#0"},"down":{"uv":[9.75,3.75,10.75,4.25],"texture":"#0"}}},{"name":"right_leg","from":[-0.53998,0.009,9.80811],"to":[3.46002,2.009,11.80811],"rotation":{"angle":-22.5,"axis":"y","origin":[2.51002,1.509,13.80811]},"faces":{"north":{"uv":[10.75,9.75,9.75,10.25],"texture":"#0"},"east":{"uv":[4,10.25,3.5,10.75],"texture":"#0"},"south":{"uv":[1,10.25,0,10.75],"texture":"#0"},"west":{"uv":[3.25,10.25,2.75,10.75],"texture":"#0"},"up":{"uv":[10.25,0.5,11.25,0],"texture":"#0"},"down":{"uv":[10.25,0.75,11.25,1.25],"texture":"#0"}}}],"gui_light":"front","display":{"thirdperson_righthand":{"rotation":[71,43,0],"translation":[-0.5,0.25,1],"scale":[0.71,0.71,0.71]},"thirdperson_lefthand":{"rotation":[71,43,0],"translation":[-0.5,0.25,1],"scale":[0.71,0.71,0.71]},"firstperson_righthand":{"rotation":[0,109,5],"translation":[3.25,7.5,0],"scale":[0.72,0.72,0.72]},"firstperson_lefthand":{"rotation":[0,109,5],"translation":[3.25,7.5,0],"scale":[0.72,0.72,0.72]},"ground":{"translation":[0,3.5,0],"scale":[0.65,0.65,0.65]},"gui":{"rotation":[25,151,0],"translation":[-0.25,2,0],"scale":[0.72,0.72,0.72]},"head":{"translation":[0,14.4,-0.25]},"fixed":{"rotation":[-90,0,0],"translation":[0,-2.75,-13.5],"scale":[1.7,1.7,1.7]}},"mcmodels":"5d60807f3af1cd5823ad9970fc7aa1af"}