{"textures​":{"0":"\u006e\u006f\u0067\u0073_\u006d\u0065\u006e\u0061\u0067\u0065\u0072\u0069\u0065:\u0070\u006c\u0075\u0073\u0068\u0069\u0065\u0073/\u006e\u006d_\u0070\u006c\u0075\u0073\u0068\u0069\u0065_\u0077\u006f\u006c\u0066_\u0074\u0065\u0078\u0074\u0075\u0072\u0065","\u0070\u0061\u0072\u0074\u0069\u0063\u006c\u0065":"\u006e\u006f\u0067\u0073_\u006d\u0065\u006e\u0061\u0067\u0065\u0072\u0069\u0065:\u0070\u006c\u0075\u0073\u0068\u0069\u0065\u0073/\u006e\u006d_\u0070\u006c\u0075\u0073\u0068\u0069\u0065_\u0077\u006f\u006c\u0066_\u0074\u0065\u0078\u0074\u0075\u0072\u0065"},"credit":"Made by Nog's Menagerie","texture_size":[64,64],"\u0074\u0065\u0078\u0074\u0075\u0072\u0065\u0073":{"0":"\u006e\u006f\u0067\u0073_\u006d\u0065\u006e\u0061\u0067\u0065\u0072\u0069\u0065:\u0070\u006c\u0075\u0073\u0068\u0069\u0065\u0073/\u006e\u006d_\u0070\u006c\u0075\u0073\u0068\u0069\u0065_\u0077\u006f\u006c\u0066_\u0074\u0065\u0078\u0074\u0075\u0072\u0065","\u0070\u0061\u0072\u0074\u0069\u0063\u006c\u0065":"\u006e\u006f\u0067\u0073_\u006d\u0065\u006e\u0061\u0067\u0065\u0072\u0069\u0065:\u0070\u006c\u0075\u0073\u0068\u0069\u0065\u0073/\u006e\u006d_\u0070\u006c\u0075\u0073\u0068\u0069\u0065_\u0077\u006f\u006c\u0066_\u0074\u0065\u0078\u0074\u0075\u0072\u0065"},"elements":[{"name":"torso","from":[6.5,0,6.0482],"to":[9.5,3,15.0482],"rotation":{"angle":0,"axis":"y","origin":[8,3.95986,13.5482]},"faces":{"north":{"uv":[0,7.25,0.75,8],"texture":"#0"},"east":{"uv":[0,5.25,2.25,6],"texture":"#0"},"south":{"uv":[1,7.25,1.75,8],"texture":"#0"},"west":{"uv":[2.5,5.25,4.75,6],"texture":"#0"},"up":{"uv":[5.75,7.5,5,5.25],"texture":"#0"},"down":{"uv":[6.25,0,5.5,2.25],"texture":"#0"}}},{"name":"head","from":[5,6.11405,2.22553],"to":[11,12.11405,8.22553],"rotation":{"angle":-22.5,"axis":"x","origin":[8,9.26405,5.37553]},"faces":{"north":{"uv":[2,0,3.5,1.5],"texture":"#0"},"east":{"uv":[2,1.75,3.5,3.25],"texture":"#0"},"south":{"uv":[2,3.5,3.5,5],"texture":"#0"},"west":{"uv":[3.75,0,5.25,1.5],"texture":"#0"},"up":{"uv":[5.25,3.25,3.75,1.75],"texture":"#0"},"down":{"uv":[5.25,3.5,3.75,5],"texture":"#0"}}},{"name":"head","from":[9,12.11405,6.22553],"to":[11,14.11405,7.22553],"rotation":{"angle":-22.5,"axis":"x","origin":[8,9.26405,5.37553]},"faces":{"north":{"uv":[3,8.25,3.5,8.75],"texture":"#0"},"east":{"uv":[1.5,4,1.75,4.5],"texture":"#0"},"south":{"uv":[3.75,8.25,4.25,8.75],"texture":"#0"},"west":{"uv":[5.5,4,5.75,4.5],"texture":"#0"},"up":{"uv":[9,5,8.5,4.75],"texture":"#0"},"down":{"uv":[9,5.25,8.5,5.5],"texture":"#0"}}},{"name":"head","from":[5,12.11405,6.22553],"to":[7,14.11405,7.22553],"rotation":{"angle":-22.5,"axis":"x","origin":[8,9.26405,5.37553]},"faces":{"north":{"uv":[3.5,8.25,3,8.75],"texture":"#0"},"east":{"uv":[5.75,4,5.5,4.5],"texture":"#0"},"south":{"uv":[4.25,8.25,3.75,8.75],"texture":"#0"},"west":{"uv":[1.75,4,1.5,4.5],"texture":"#0"},"up":{"uv":[8.5,5,9,4.75],"texture":"#0"},"down":{"uv":[8.5,5.25,9,5.5],"texture":"#0"}}},{"name":"head","from":[6.5,6.11405,-0.77447],"to":[9.5,9.11405,2.22553],"rotation":{"angle":-22.5,"axis":"x","origin":[8,9.26405,5.37553]},"faces":{"north":{"uv":[2,7.25,2.75,8],"texture":"#0"},"east":{"uv":[3,7.25,3.75,8],"texture":"#0"},"south":{"uv":[4,7.25,4.75,8],"texture":"#0"},"west":{"uv":[7.5,3.25,8.25,4],"texture":"#0"},"up":{"uv":[8.25,5,7.5,4.25],"texture":"#0"},"down":{"uv":[8.25,5.25,7.5,6],"texture":"#0"}}},{"name":"torso","from":[5.5,1.21927,4.55448],"to":[10.5,4.21927,9.55448],"rotation":{"angle":-22.5,"axis":"x","origin":[8,4.71927,6.55448]},"faces":{"north":{"uv":[0,6.25,1.25,7],"texture":"#0"},"east":{"uv":[1.5,6.25,2.75,7],"texture":"#0"},"south":{"uv":[3,6.25,4.25,7],"texture":"#0"},"west":{"uv":[6.5,0,7.75,0.75],"texture":"#0"},"up":{"uv":[6.75,3.75,5.5,2.5],"texture":"#0"},"down":{"uv":[7.25,4,6,5.25],"texture":"#0"}}},{"name":"torso","from":[4.5,4.21927,3.55448],"to":[11.5,6.21927,10.55448],"rotation":{"angle":-22.5,"axis":"x","origin":[8,4.71927,6.55448]},"faces":{"north":{"uv":[6.5,1,8.25,1.5],"texture":"#0"},"east":{"uv":[6.5,1.75,8.25,2.25],"texture":"#0"},"south":{"uv":[6,6.75,7.75,7.25],"texture":"#0"},"west":{"uv":[7,2.5,8.75,3],"texture":"#0"},"up":{"uv":[1.75,1.75,0,0],"texture":"#0"},"down":{"uv":[1.75,2,0,3.75],"texture":"#0"}}},{"name":"torso","from":[5.5,0.21927,5.55448],"to":[10.5,1.21927,9.55448],"rotation":{"angle":-22.5,"axis":"x","origin":[8,4.71927,6.55448]},"faces":{"north":{"uv":[8,7,9.25,7.25],"texture":"#0"},"east":{"uv":[8.25,7.5,9.25,7.75],"texture":"#0"},"south":{"uv":[1.5,8.25,2.75,8.5],"texture":"#0"},"west":{"uv":[8.25,8,9.25,8.25],"texture":"#0"},"up":{"uv":[1.25,5,0,4],"texture":"#0"},"down":{"uv":[7.25,5.5,6,6.5],"texture":"#0"}}},{"name":"right_arm","from":[8.46456,0.2295,3.61201],"to":[10.46456,4.2295,5.61201],"rotation":{"angle":22.5,"axis":"x","origin":[7.5,2.0295,4.61201]},"faces":{"north":{"uv":[6,7.5,6.5,8.5],"texture":"#0"},"east":{"uv":[6.75,7.5,7.25,8.5],"texture":"#0"},"south":{"uv":[7.5,7.5,8,8.5],"texture":"#0"},"west":{"uv":[5,7.75,5.5,8.75],"texture":"#0"},"up":{"uv":[9,1.25,8.5,0.75],"texture":"#0"},"down":{"uv":[9,1.5,8.5,2],"texture":"#0"}}},{"name":"left_arm","from":[5.53544,0.2295,3.61201],"to":[7.53544,4.2295,5.61201],"rotation":{"angle":22.5,"axis":"x","origin":[8.5,2.0295,4.61201]},"faces":{"north":{"uv":[6.5,7.5,6,8.5],"texture":"#0"},"east":{"uv":[5.5,7.75,5,8.75],"texture":"#0"},"south":{"uv":[8,7.5,7.5,8.5],"texture":"#0"},"west":{"uv":[7.25,7.5,6.75,8.5],"texture":"#0"},"up":{"uv":[8.5,1.25,9,0.75],"texture":"#0"},"down":{"uv":[8.5,1.5,9,2],"texture":"#0"}}},{"name":"left_leg","from":[3.455,0.01,5.73335],"to":[5.455,2.01,9.73335],"rotation":{"angle":45,"axis":"y","origin":[5.055,1.01,6.28335]},"faces":{"north":{"uv":[8.5,3.25,9,3.75],"texture":"#0"},"east":{"uv":[8,0,9,0.5],"texture":"#0"},"south":{"uv":[8.5,4,9,4.5],"texture":"#0"},"west":{"uv":[8,6.25,9,6.75],"texture":"#0"},"up":{"uv":[0.5,9.25,0,8.25],"texture":"#0"},"down":{"uv":[1.25,8.25,0.75,9.25],"texture":"#0"}}},{"name":"right_leg","from":[10.545,0.01,5.73335],"to":[12.545,2.01,9.73335],"rotation":{"angle":-45,"axis":"y","origin":[10.945,1.01,6.28335]},"faces":{"north":{"uv":[9,3.25,8.5,3.75],"texture":"#0"},"east":{"uv":[9,6.25,8,6.75],"texture":"#0"},"south":{"uv":[9,4,8.5,4.5],"texture":"#0"},"west":{"uv":[9,0,8,0.5],"texture":"#0"},"up":{"uv":[0,9.25,0.5,8.25],"texture":"#0"},"down":{"uv":[0.75,8.25,1.25,9.25],"texture":"#0"}}}],"gui_light":"front","display":{"thirdperson_righthand":{"rotation":[24,13,0],"translation":[0,1.25,-0.5],"scale":[0.6,0.6,0.6]},"thirdperson_lefthand":{"rotation":[24,13,0],"translation":[0,0.75,-0.5],"scale":[0.6,0.6,0.6]},"firstperson_righthand":{"rotation":[0,109,5],"translation":[2,5.25,0],"scale":[0.71,0.71,0.71]},"firstperson_lefthand":{"rotation":[0,109,5],"translation":[2,5.25,0],"scale":[0.71,0.71,0.71]},"ground":{"translation":[0,3.5,0],"scale":[0.65,0.65,0.65]},"gui":{"rotation":[25,151,0],"translation":[0.75,1.5,0],"scale":[0.75,0.75,0.75]},"head":{"translation":[0,14.4,0]},"fixed":{"rotation":[-90,0,0],"translation":[0,0,-13.5],"scale":[1.7,1.7,1.7]}},"mcmodels":"5d60807f3af1cd5823ad9970fc7aa1af"}