{"textures​":{"layer0":"minecraft:item/acacia_door"},"credit":"Made by Nog's Menagerie","texture_size":[64,64],"\u0074\u0065\u0078\u0074\u0075\u0072\u0065\u0073":{"2":"\u006e\u006f\u0067\u0073_\u006d\u0065\u006e\u0061\u0067\u0065\u0072\u0069\u0065:\u0070\u006c\u0075\u0073\u0068\u0069\u0065\u0073/\u006e\u006d_\u0070\u006c\u0075\u0073\u0068\u0069\u0065_\u006d\u0075\u006c\u0065_\u0074\u0065\u0078\u0074\u0075\u0072\u0065","\u0070\u0061\u0072\u0074\u0069\u0063\u006c\u0065":"\u006e\u006f\u0067\u0073_\u006d\u0065\u006e\u0061\u0067\u0065\u0072\u0069\u0065:\u0070\u006c\u0075\u0073\u0068\u0069\u0065\u0073/\u006e\u006d_\u0070\u006c\u0075\u0073\u0068\u0069\u0065_\u006d\u0075\u006c\u0065_\u0074\u0065\u0078\u0074\u0075\u0072\u0065"},"elements":[{"name":"head","from":[6.5,2.31453,2.41582],"to":[9.5,6.31453,6.41582],"rotation":{"angle":-22.5,"axis":"x","origin":[8,6.06453,4.41582]},"faces":{"north":{"uv":[4,5.5,4.75,6.5],"texture":"#2"},"east":{"uv":[5,1.5,6,2.5],"texture":"#2"},"south":{"uv":[5,5.5,5.75,6.5],"texture":"#2"},"west":{"uv":[5.25,0,6.25,1],"texture":"#2"},"up":{"uv":[0.75,6.75,0,5.75],"texture":"#2"},"down":{"uv":[6.75,5.5,6,6.5],"texture":"#2"}}},{"name":"head","from":[5.5,6.14326,1.55478],"to":[10.5,10.14326,5.55478],"rotation":{"angle":-22.5,"axis":"x","origin":[8,8.14326,3.55478]},"faces":{"north":{"uv":[3.5,1.5,4.75,2.5],"texture":"#2"},"east":{"uv":[1.75,5.5,2.75,6.5],"texture":"#2"},"south":{"uv":[1.75,4.25,3,5.25],"texture":"#2"},"west":{"uv":[5.5,2.75,6.5,3.75],"texture":"#2"},"up":{"uv":[4.5,5.25,3.25,4.25],"texture":"#2"},"down":{"uv":[6,4.25,4.75,5.25],"texture":"#2"}}},{"name":"head","from":[8.475,11.31705,0.86941],"to":[10.475,12.31705,4.86941],"rotation":{"angle":45,"axis":"x","origin":[9.475,11.81705,2.86941]},"faces":{"north":{"uv":[7.75,2.25,7.25,2],"rotation":180,"texture":"#2"},"east":{"uv":[3.75,7.5,4,8.5],"rotation":90,"texture":"#2"},"south":{"uv":[8,0.75,7.5,1],"texture":"#2"},"west":{"uv":[4.25,7.5,4.5,8.5],"rotation":270,"texture":"#2"},"up":{"uv":[3,7,3.5,8],"texture":"#2"},"down":{"uv":[0,7,0.5,8],"rotation":180,"texture":"#2"}}},{"name":"head","from":[5.525,11.31705,0.86941],"to":[7.525,12.31705,4.86941],"rotation":{"angle":45,"axis":"x","origin":[6.525,11.81705,2.86941]},"faces":{"north":{"uv":[7.25,2.25,7.75,2],"rotation":180,"texture":"#2"},"east":{"uv":[4.25,8.5,4.5,7.5],"rotation":270,"texture":"#2"},"south":{"uv":[7.5,0.75,8,1],"texture":"#2"},"west":{"uv":[3.75,8.5,4,7.5],"rotation":90,"texture":"#2"},"up":{"uv":[3.5,7,3,8],"texture":"#2"},"down":{"uv":[0.5,7,0,8],"rotation":180,"texture":"#2"}}},{"name":"torso","from":[8,0.04477,13.72607],"to":[8,5.04477,15.72607],"rotation":{"angle":-22.5,"axis":"x","origin":[8,2.19477,14.47607]},"faces":{"north":{"uv":[0.5,8,0.5,9],"texture":"#2"},"east":{"uv":[8.5,1.5,9,2.75],"texture":"#2"},"south":{"uv":[0.75,8,0.75,9],"texture":"#2"},"west":{"uv":[9,1.5,8.5,2.75],"texture":"#2"},"up":{"uv":[8,1.75,8,1.25],"texture":"#2"},"down":{"uv":[8,4,8,4.5],"texture":"#2"}}},{"name":"head","from":[6.5,6.31453,-0.58418],"to":[9.5,10.31453,2.41582],"rotation":{"angle":-22.5,"axis":"x","origin":[8,6.06453,4.41582]},"faces":{"north":{"uv":[6.25,1.25,7,2.25],"texture":"#2"},"east":{"uv":[6.25,4,7,5],"texture":"#2"},"south":{"uv":[6.5,0,7.25,1],"texture":"#2"},"west":{"uv":[1,6.75,1.75,7.75],"texture":"#2"},"up":{"uv":[2.75,7.5,2,6.75],"texture":"#2"},"down":{"uv":[7.5,2.5,6.75,3.25],"texture":"#2"}}},{"name":"torso","from":[5,0,4],"to":[11,5,14],"rotation":{"angle":0,"axis":"y","origin":[8,2.0045,5.60355]},"faces":{"north":{"uv":[3.5,0,5,1.25],"texture":"#2"},"east":{"uv":[0,2.75,2.5,4],"texture":"#2"},"south":{"uv":[0,4.25,1.5,5.5],"texture":"#2"},"west":{"uv":[2.75,2.75,5.25,4],"texture":"#2"},"up":{"uv":[1.5,2.5,0,0],"texture":"#2"},"down":{"uv":[3.25,0,1.75,2.5],"texture":"#2"}}},{"name":"right_arm","from":[1.45355,0.009,5.53436],"to":[5.45355,2.009,7.53436],"rotation":{"angle":-22.5,"axis":"y","origin":[9,2.0045,5.95355]},"faces":{"north":{"uv":[7,6,8,6.5],"texture":"#2"},"east":{"uv":[4.75,7.5,5.25,8],"texture":"#2"},"south":{"uv":[7.25,1.25,8.25,1.75],"texture":"#2"},"west":{"uv":[5.5,7.5,6,8],"texture":"#2"},"up":{"uv":[8.25,4,7.25,3.5],"texture":"#2"},"down":{"uv":[8.25,4.25,7.25,4.75],"texture":"#2"}}},{"name":"right_leg","from":[1.83718,0.009,11.94603],"to":[5.83718,2.009,13.94603],"rotation":{"angle":22.5,"axis":"y","origin":[5.33718,1.009,12.94603]},"faces":{"north":{"uv":[4,6.75,5,7.25],"texture":"#2"},"east":{"uv":[1,5.75,1.5,6.25],"texture":"#2"},"south":{"uv":[5.25,6.75,6.25,7.25],"texture":"#2"},"west":{"uv":[7.5,0,8,0.5],"texture":"#2"},"up":{"uv":[7.5,7.25,6.5,6.75],"texture":"#2"},"down":{"uv":[8,5.25,7,5.75],"texture":"#2"}}},{"name":"left_leg","from":[10.16282,0.009,11.94603],"to":[14.16282,2.009,13.94603],"rotation":{"angle":-22.5,"axis":"y","origin":[10.66282,1.009,12.94603]},"faces":{"north":{"uv":[5,6.75,4,7.25],"texture":"#2"},"east":{"uv":[8,0,7.5,0.5],"texture":"#2"},"south":{"uv":[6.25,6.75,5.25,7.25],"texture":"#2"},"west":{"uv":[1.5,5.75,1,6.25],"texture":"#2"},"up":{"uv":[6.5,7.25,7.5,6.75],"texture":"#2"},"down":{"uv":[7,5.25,8,5.75],"texture":"#2"}}},{"name":"left_arm","from":[10.54645,0.009,5.53436],"to":[14.54645,2.009,7.53436],"rotation":{"angle":22.5,"axis":"y","origin":[7,2.0045,5.95355]},"faces":{"north":{"uv":[8,6,7,6.5],"texture":"#2"},"east":{"uv":[6,7.5,5.5,8],"texture":"#2"},"south":{"uv":[8.25,1.25,7.25,1.75],"texture":"#2"},"west":{"uv":[5.25,7.5,4.75,8],"texture":"#2"},"up":{"uv":[7.25,4,8.25,3.5],"texture":"#2"},"down":{"uv":[7.25,4.25,8.25,4.75],"texture":"#2"}}}],"gui_light":"front","display":{"thirdperson_righthand":{"rotation":[82,13,0],"translation":[0,0,1.75],"scale":[0.6,0.6,0.6]},"thirdperson_lefthand":{"rotation":[82,13,0],"translation":[0,0,1.75],"scale":[0.6,0.6,0.6]},"firstperson_righthand":{"rotation":[0,109,5],"translation":[2.5,6.5,0],"scale":[0.71,0.71,0.71]},"firstperson_lefthand":{"rotation":[0,109,5],"translation":[2.5,6.5,0],"scale":[0.71,0.71,0.71]},"ground":{"translation":[0,3.5,0],"scale":[0.65,0.65,0.65]},"gui":{"rotation":[25,151,0],"translation":[0,2.25,0],"scale":[0.75,0.75,0.75]},"head":{"translation":[0,14.4,0]},"fixed":{"rotation":[-90,0,0],"translation":[0,0.75,-13.5],"scale":[1.7,1.7,1.7]}},"mcmodels":"5d60807f3af1cd5823ad9970fc7aa1af"}