{"textures​":{"layer0":"minecraft:item/lily_of_the_valley"},"credit":"Made by Nog's Menagerie","texture_size":[32,32],"\u0074\u0065\u0078\u0074\u0075\u0072\u0065\u0073":{"0":"\u006e\u006f\u0067\u0073_\u006d\u0065\u006e\u0061\u0067\u0065\u0072\u0069\u0065:\u0070\u006c\u0075\u0073\u0068\u0069\u0065\u0073/\u006e\u006d_\u0070\u006c\u0075\u0073\u0068\u0069\u0065_\u0064\u006f\u006c\u0070\u0068\u0069\u006e_\u0074\u0065\u0078\u0074\u0075\u0072\u0065","\u0070\u0061\u0072\u0074\u0069\u0063\u006c\u0065":"\u006e\u006f\u0067\u0073_\u006d\u0065\u006e\u0061\u0067\u0065\u0072\u0069\u0065:\u0070\u006c\u0075\u0073\u0068\u0069\u0065\u0073/\u006e\u006d_\u0070\u006c\u0075\u0073\u0068\u0069\u0065_\u0064\u006f\u006c\u0070\u0068\u0069\u006e_\u0074\u0065\u0078\u0074\u0075\u0072\u0065"},"elements":[{"name":"head","from":[5,0,1.8],"to":[11,5,10.8],"rotation":{"angle":0,"axis":"y","origin":[8,2.0045,6.90355]},"faces":{"north":{"uv":[7,0,10,2.5],"texture":"#0"},"east":{"uv":[0,5,4.5,7.5],"texture":"#0"},"south":{"uv":[0,8,3,10.5],"texture":"#0"},"west":{"uv":[5,5,9.5,7.5],"texture":"#0"},"up":{"uv":[3,4.5,0,0],"texture":"#0"},"down":{"uv":[6.5,0,3.5,4.5],"texture":"#0"}}},{"name":"head","from":[7.5,4.34985,6.0685],"to":[8.5,8.34985,8.8685],"rotation":{"angle":22.5,"axis":"x","origin":[8,5.34985,7.5685]},"faces":{"north":{"uv":[8,12.5,8.5,14.5],"texture":"#0"},"east":{"uv":[10,5,11.5,7],"texture":"#0"},"south":{"uv":[9,12.5,9.5,14.5],"texture":"#0"},"west":{"uv":[10.5,0,12,2],"texture":"#0"},"up":{"uv":[13.5,4,13,2.5],"texture":"#0"},"down":{"uv":[13.5,7.5,13,9],"texture":"#0"}}},{"name":"head","from":[6,0,10.8],"to":[10,3,13.8],"rotation":{"angle":0,"axis":"y","origin":[8,2.0045,6.90355]},"faces":{"north":{"uv":[3.5,10.5,5.5,12],"texture":"#0"},"east":{"uv":[0,11,1.5,12.5],"texture":"#0"},"south":{"uv":[6,10.5,8,12],"texture":"#0"},"west":{"uv":[11,9.5,12.5,11],"texture":"#0"},"up":{"uv":[12.5,9,10.5,7.5],"texture":"#0"},"down":{"uv":[10.5,10.5,8.5,12],"texture":"#0"}}},{"name":"head","from":[5,0.6,12.7],"to":[11,1.6,16.7],"rotation":{"angle":22.5,"axis":"x","origin":[8,1.5,14.8]},"faces":{"north":{"uv":[11,11.5,14,12],"texture":"#0"},"east":{"uv":[10,12.5,12,13],"texture":"#0"},"south":{"uv":[12,5,15,5.5],"texture":"#0"},"west":{"uv":[12.5,12.5,14.5,13],"texture":"#0"},"up":{"uv":[6.5,10,3.5,8],"texture":"#0"},"down":{"uv":[10,8,7,10],"texture":"#0"}}},{"name":"head","from":[7,0,-1.2],"to":[9,2,1.8],"rotation":{"angle":0,"axis":"y","origin":[8,2.0045,6.90355]},"faces":{"north":{"uv":[0,13,1,14],"texture":"#0"},"east":{"uv":[12,6,13.5,7],"texture":"#0"},"south":{"uv":[1.5,13,2.5,14],"texture":"#0"},"west":{"uv":[12.5,0,14,1],"texture":"#0"},"up":{"uv":[3,12.5,2,11],"texture":"#0"},"down":{"uv":[4.5,12.5,3.5,14],"texture":"#0"}}},{"name":"right_arm","from":[8.98129,0.009,6.53723],"to":[13.98129,1.009,9.53723],"rotation":{"angle":-45,"axis":"y","origin":[12.23129,0.509,7.78723]},"faces":{"north":{"uv":[12.5,1.5,15,2],"texture":"#0"},"east":{"uv":[13,9.5,14.5,10],"texture":"#0"},"south":{"uv":[5,12.5,7.5,13],"texture":"#0"},"west":{"uv":[13,10.5,14.5,11],"texture":"#0"},"up":{"uv":[9.5,4.5,7,3],"texture":"#0"},"down":{"uv":[12.5,3,10,4.5],"texture":"#0"}}},{"name":"left_arm","from":[2.01871,0.009,6.53723],"to":[7.01871,1.009,9.53723],"rotation":{"angle":45,"axis":"y","origin":[3.76871,0.509,7.78723]},"faces":{"north":{"uv":[15,1.5,12.5,2],"texture":"#0"},"east":{"uv":[14.5,10.5,13,11],"texture":"#0"},"south":{"uv":[7.5,12.5,5,13],"texture":"#0"},"west":{"uv":[14.5,9.5,13,10],"texture":"#0"},"up":{"uv":[7,4.5,9.5,3],"texture":"#0"},"down":{"uv":[10,3,12.5,4.5],"texture":"#0"}}}],"gui_light":"front","display":{"thirdperson_righthand":{"rotation":[71,43,0],"translation":[0,0.75,3.25],"scale":[0.86,0.86,0.86]},"thirdperson_lefthand":{"rotation":[71,43,0],"translation":[0,0.75,3.25],"scale":[0.86,0.86,0.86]},"firstperson_righthand":{"rotation":[0,109,5],"translation":[2.5,9.75,0],"scale":[0.92,0.92,0.92]},"firstperson_lefthand":{"rotation":[0,109,5],"translation":[2.5,9.75,0],"scale":[0.92,0.92,0.92]},"ground":{"translation":[0,3.5,0],"scale":[0.65,0.65,0.65]},"gui":{"rotation":[25,151,0],"translation":[0,4.75,0],"scale":[0.88,0.88,0.88]},"head":{"translation":[0,14.4,0]},"fixed":{"rotation":[-90,0,0],"translation":[0,0,-13.5],"scale":[1.7,1.7,1.7]}},"mcmodels":"5d60807f3af1cd5823ad9970fc7aa1af"}