{"textures​":{"layer0":"minecraft:item/stripped_mangrove_wood"},"credit":"Made by Nog's Menagerie","texture_size":[64,64],"\u0074\u0065\u0078\u0074\u0075\u0072\u0065\u0073":{"0":"\u006e\u006f\u0067\u0073_\u006d\u0065\u006e\u0061\u0067\u0065\u0072\u0069\u0065:\u0070\u006c\u0075\u0073\u0068\u0069\u0065\u0073/\u006e\u006d_\u0070\u006c\u0075\u0073\u0068\u0069\u0065_\u0069\u0072\u006f\u006e_\u0067\u006f\u006c\u0065\u006d_\u0074\u0065\u0078\u0074\u0075\u0072\u0065","\u0070\u0061\u0072\u0074\u0069\u0063\u006c\u0065":"\u006e\u006f\u0067\u0073_\u006d\u0065\u006e\u0061\u0067\u0065\u0072\u0069\u0065:\u0070\u006c\u0075\u0073\u0068\u0069\u0065\u0073/\u006e\u006d_\u0070\u006c\u0075\u0073\u0068\u0069\u0065_\u0069\u0072\u006f\u006e_\u0067\u006f\u006c\u0065\u006d_\u0074\u0065\u0078\u0074\u0075\u0072\u0065"},"elements":[{"name":"torso","from":[2.5,4,8],"to":[13.5,12,14],"rotation":{"angle":0,"axis":"y","origin":[8,9,11]},"faces":{"north":{"uv":[0,0,2.75,2],"texture":"#0"},"east":{"uv":[6,5.75,7.5,7.75],"texture":"#0"},"south":{"uv":[0,2.25,2.75,4.25],"texture":"#0"},"west":{"uv":[0,6.75,1.5,8.75],"texture":"#0"},"up":{"uv":[5.75,1.5,3,0],"texture":"#0"},"down":{"uv":[5.75,1.75,3,3.25],"texture":"#0"}}},{"name":"torso","from":[4.5,0,9],"to":[11.5,4,13],"rotation":{"angle":0,"axis":"y","origin":[8,2.0045,11.85355]},"faces":{"north":{"uv":[8,0,9.75,1],"texture":"#0"},"east":{"uv":[10,0,11,1],"texture":"#0"},"south":{"uv":[8.25,1.25,10,2.25],"texture":"#0"},"west":{"uv":[10,7.75,11,8.75],"texture":"#0"},"up":{"uv":[10,3.5,8.25,2.5],"texture":"#0"},"down":{"uv":[10,3.75,8.25,4.75],"texture":"#0"}}},{"name":"head","from":[4.5,10.125,4.6],"to":[11.5,18.125,11.6],"rotation":{"angle":-22.5,"axis":"x","origin":[8,12.275,8]},"faces":{"north":{"uv":[3,3.5,4.75,5.5],"texture":"#0"},"east":{"uv":[0,4.5,1.75,6.5],"texture":"#0"},"south":{"uv":[5,3.5,6.75,5.5],"texture":"#0"},"west":{"uv":[2,5.75,3.75,7.75],"texture":"#0"},"up":{"uv":[5.75,7.5,4,5.75],"texture":"#0"},"down":{"uv":[7.75,0,6,1.75],"texture":"#0"}}},{"name":"head","from":[7,9.125,2.6],"to":[9,13.125,4.6],"rotation":{"angle":-22.5,"axis":"x","origin":[8,12.275,8]},"faces":{"north":{"uv":[1,10,1.5,11],"texture":"#0"},"east":{"uv":[8.25,10.75,8.75,11.75],"texture":"#0"},"south":{"uv":[1.75,11,2.25,12],"texture":"#0"},"west":{"uv":[2.5,11,3,12],"texture":"#0"},"up":{"uv":[7.5,5.5,7,5],"texture":"#0"},"down":{"uv":[11.25,6.75,10.75,7.25],"texture":"#0"}}},{"name":"right_arm","from":[12.94583,1.4297,9],"to":[15.94583,12.4297,13],"rotation":{"angle":22.5,"axis":"z","origin":[17.19583,8.2797,12.25]},"faces":{"north":{"uv":[3,8,3.75,10.75],"texture":"#0"},"east":{"uv":[7,2,8,4.75],"texture":"#0"},"south":{"uv":[5.25,8,6,10.75],"texture":"#0"},"west":{"uv":[4,7.75,5,10.5],"texture":"#0"},"up":{"uv":[2.75,5.5,2,4.5],"texture":"#0"},"down":{"uv":[6.75,2,6,3],"texture":"#0"}}},{"name":"left_arm","from":[0.05417,1.4297,9],"to":[3.05417,12.4297,13],"rotation":{"angle":-22.5,"axis":"z","origin":[-1.19583,8.2797,12.25]},"faces":{"north":{"uv":[6.25,8,7,10.75],"texture":"#0"},"east":{"uv":[7.75,5,8.75,7.75],"texture":"#0"},"south":{"uv":[7.25,8,8,10.75],"texture":"#0"},"west":{"uv":[1.75,8,2.75,10.75],"texture":"#0"},"up":{"uv":[10,11,9.25,10],"texture":"#0"},"down":{"uv":[11,1.25,10.25,2.25],"texture":"#0"}}},{"name":"right_leg","from":[8.825,0.01,3.5],"to":[11.825,3.01,9.5],"rotation":{"angle":-22.5,"axis":"y","origin":[8,0.01,9.25]},"faces":{"north":{"uv":[10.25,2.5,11,3.25],"texture":"#0"},"east":{"uv":[8.25,8,9.75,8.75],"texture":"#0"},"south":{"uv":[10.25,3.5,11,4.25],"texture":"#0"},"west":{"uv":[0,9,1.5,9.75],"texture":"#0"},"up":{"uv":[9.75,6.5,9,5],"texture":"#0"},"down":{"uv":[9,9,8.25,10.5],"texture":"#0"}}},{"name":"left_leg","from":[4.175,0.01,3.5],"to":[7.175,3.01,9.5],"rotation":{"angle":22.5,"axis":"y","origin":[8,0.01,9.25]},"faces":{"north":{"uv":[10.25,10,11,10.75],"texture":"#0"},"east":{"uv":[9,6.75,10.5,7.5],"texture":"#0"},"south":{"uv":[4,10.75,4.75,11.5],"texture":"#0"},"west":{"uv":[9.25,9,10.75,9.75],"texture":"#0"},"up":{"uv":[0.75,11.5,0,10],"texture":"#0"},"down":{"uv":[10.75,5,10,6.5],"texture":"#0"}}}],"gui_light":"front","display":{"thirdperson_righthand":{"rotation":[34,11,0],"translation":[-0.5,-0.25,-1],"scale":[0.45,0.45,0.45]},"thirdperson_lefthand":{"rotation":[34,11,0],"translation":[-0.5,-0.25,-1],"scale":[0.45,0.45,0.45]},"firstperson_righthand":{"rotation":[0,109,5],"translation":[1.75,2.75,0],"scale":[0.52,0.52,0.52]},"firstperson_lefthand":{"rotation":[0,109,5],"translation":[1.75,2.75,0],"scale":[0.52,0.52,0.52]},"ground":{"translation":[0,0.75,-1],"scale":[0.49,0.49,0.49]},"gui":{"rotation":[25,151,0],"translation":[-1,-0.75,0],"scale":[0.66,0.66,0.66]},"head":{"translation":[0,14.4,0]},"fixed":{"rotation":[-90,0,0],"translation":[0,-1,-16],"scale":[2,2,2]}},"mcmodels":"5d60807f3af1cd5823ad9970fc7aa1af"}