{"parent​":"minecraft:item/painting","textures​":{"layer0":"minecraft:item/cherry_leaves"},"\u0070\u0061\u0072\u0065\u006e\u0074":"\u006d\u0069\u006e\u0065\u0063\u0072\u0061\u0066\u0074:\u0069\u0074\u0065\u006d/\u0067\u0065\u006e\u0065\u0072\u0061\u0074\u0065\u0064","\u0074\u0065\u0078\u0074\u0075\u0072\u0065\u0073":{"\u006c\u0061\u0079\u0065\u00720":"\u006d\u0069\u006e\u0065\u0063\u0072\u0061\u0066\u0074:\u0069\u0074\u0065\u006d/\u006c\u0065\u0061\u0074\u0068\u0065\u0072_\u0068\u006f\u0072\u0073\u0065_\u0061\u0072\u006d\u006f\u0072"},"overrides":[{"predicate":{"custom_model_data":50000},"model":"hats_expansion:adventurer_hat"},{"predicate":{"custom_model_data":50001},"model":"hats_expansion:amongus_head"},{"predicate":{"custom_model_data":50002},"model":"hats_expansion:axolotl_hat"},{"predicate":{"custom_model_data":50003},"model":"hats_expansion:baseball_cap"},{"predicate":{"custom_model_data":50004},"model":"hats_expansion:fedora"},{"predicate":{"custom_model_data":50005},"model":"hats_expansion:frog_hat"},{"predicate":{"custom_model_data":50006},"model":"hats_expansion:jellyfish_hat"},{"predicate":{"custom_model_data":50007},"model":"hats_expansion:sensei"},{"predicate":{"custom_model_data":50008},"model":"hats_expansion:sombrero"},{"predicate":{"custom_model_data":50009},"model":"hats_expansion:straw_hat"},{"predicate":{"custom_model_data":50010},"model":"hats_expansion:tv_head"},{"predicate":{"custom_model_data":50011},"model":"hats_expansion:ufo_hat"},{"predicate":{"custom_model_data":50012},"model":"item/leather_horse_armor"}]}