{"parent​":"minecraft:item/iron_door","textures​":{"layer0":"minecraft:item/polished_blackstone"},"\u0070\u0061\u0072\u0065\u006e\u0074":"\u006d\u0069\u006e\u0065\u0063\u0072\u0061\u0066\u0074:\u0069\u0074\u0065\u006d/\u0068\u0061\u006e\u0064\u0068\u0065\u006c\u0064","\u0074\u0065\u0078\u0074\u0075\u0072\u0065\u0073":{"\u006c\u0061\u0079\u0065\u00720":"\u006d\u0069\u006e\u0065\u0063\u0072\u0061\u0066\u0074:\u0069\u0074\u0065\u006d/\u006e\u0065\u0074\u0068\u0065\u0072\u0069\u0074\u0065_\u0073\u0077\u006f\u0072\u0064"},"overrides":[{"predicate":{"custom_model_data":50000},"model":"plny_halloween_pumpkin_set:hammer"},{"predicate":{"custom_model_data":50001},"model":"plny_halloween_pumpkin_set:scythe"},{"predicate":{"custom_model_data":50002},"model":"plny_halloween_pumpkin_set:spear"},{"predicate":{"custom_model_data":50003},"model":"plny_halloween_pumpkin_set:staff"},{"predicate":{"custom_model_data":50004},"model":"plny_halloween_pumpkin_set:sword"},{"predicate":{"custom_model_data":50005},"model":"plny_halloween_pumpkin_set:trident"},{"predicate":{"custom_model_data":50006},"model":"saturnstudio:lightsaber_1"},{"predicate":{"custom_model_data":50007},"model":"saturnstudio:lightsaber_2"},{"predicate":{"custom_model_data":50008},"model":"saturnstudio:lightsaber_3"},{"predicate":{"custom_model_data":50009},"model":"saturnstudio:lightsaber_4"},{"predicate":{"custom_model_data":50010},"model":"saturnstudio:lightsaber_5"},{"predicate":{"custom_model_data":50011},"model":"saturnstudio:lightsaber_6"},{"predicate":{"custom_model_data":50012},"model":"nexusset:greatsword"},{"predicate":{"custom_model_data":50013},"model":"nexusset:hammer"},{"predicate":{"custom_model_data":50014},"model":"nexusset:scythe"},{"predicate":{"custom_model_data":50015},"model":"nexusset:spear"},{"predicate":{"custom_model_data":50016},"model":"nexusset:staff"},{"predicate":{"custom_model_data":50017},"model":"nexusset:sword"},{"predicate":{"custom_model_data":50018},"model":"nexusset:trident"},{"predicate":{"custom_model_data":50019},"model":"vanilla_sets:item/ia_auto/amethyst_sword"},{"predicate":{"custom_model_data":50020},"model":"vanilla_sets:item/ia_auto/bone_sword"},{"predicate":{"custom_model_data":50021},"model":"vanilla_sets:item/ia_auto/crimson_sword"},{"predicate":{"custom_model_data":50022},"model":"vanilla_sets:item/ia_auto/sculk_sword"},{"predicate":{"custom_model_data":50023},"model":"vanilla_sets:item/ia_auto/nautilus_sword"},{"predicate":{"custom_model_data":50024},"model":"item/netherite_sword"}]}