{"parent​":"minecraft:item/beef","textures​":{"layer0":"minecraft:item/deepslate_tile_wall"},"\u0070\u0061\u0072\u0065\u006e\u0074":"\u006d\u0069\u006e\u0065\u0063\u0072\u0061\u0066\u0074:\u0069\u0074\u0065\u006d/\u0067\u0065\u006e\u0065\u0072\u0061\u0074\u0065\u0064","overrides":[{"model":"minecraft:item/netherite_chestplate_quartz_trim","predicate":{"trim_type":0.1}},{"model":"minecraft:item/netherite_chestplate_iron_trim","predicate":{"trim_type":0.2}},{"model":"minecraft:item/netherite_chestplate_netherite_darker_trim","predicate":{"trim_type":0.3}},{"model":"minecraft:item/netherite_chestplate_redstone_trim","predicate":{"trim_type":0.4}},{"model":"minecraft:item/netherite_chestplate_copper_trim","predicate":{"trim_type":0.5}},{"model":"minecraft:item/netherite_chestplate_gold_trim","predicate":{"trim_type":0.6}},{"model":"minecraft:item/netherite_chestplate_emerald_trim","predicate":{"trim_type":0.7}},{"model":"minecraft:item/netherite_chestplate_diamond_trim","predicate":{"trim_type":0.8}},{"model":"minecraft:item/netherite_chestplate_lapis_trim","predicate":{"trim_type":0.9}},{"model":"minecraft:item/netherite_chestplate_amethyst_trim","predicate":{"trim_type":1.0}},{"predicate":{"custom_model_data":50000},"model":"vanilla_sets:item/ia_auto/crimson_chestplate"},{"predicate":{"trim_type":0.1,"custom_model_data":50000},"model":"vanilla_sets:item/ia_auto/crimson_chestplate"},{"predicate":{"trim_type":0.2,"custom_model_data":50000},"model":"vanilla_sets:item/ia_auto/crimson_chestplate"},{"predicate":{"trim_type":0.3,"custom_model_data":50000},"model":"vanilla_sets:item/ia_auto/crimson_chestplate"},{"predicate":{"trim_type":0.4,"custom_model_data":50000},"model":"vanilla_sets:item/ia_auto/crimson_chestplate"},{"predicate":{"trim_type":0.5,"custom_model_data":50000},"model":"vanilla_sets:item/ia_auto/crimson_chestplate"},{"predicate":{"trim_type":0.6,"custom_model_data":50000},"model":"vanilla_sets:item/ia_auto/crimson_chestplate"},{"predicate":{"trim_type":0.7,"custom_model_data":50000},"model":"vanilla_sets:item/ia_auto/crimson_chestplate"},{"predicate":{"trim_type":0.8,"custom_model_data":50000},"model":"vanilla_sets:item/ia_auto/crimson_chestplate"},{"predicate":{"trim_type":0.9,"custom_model_data":50000},"model":"vanilla_sets:item/ia_auto/crimson_chestplate"},{"predicate":{"trim_type":1.0,"custom_model_data":50000},"model":"vanilla_sets:item/ia_auto/crimson_chestplate"},{"predicate":{"custom_model_data":50001},"model":"vanilla_sets:item/ia_auto/sculk_chestplate"},{"predicate":{"trim_type":0.1,"custom_model_data":50001},"model":"vanilla_sets:item/ia_auto/sculk_chestplate"},{"predicate":{"trim_type":0.2,"custom_model_data":50001},"model":"vanilla_sets:item/ia_auto/sculk_chestplate"},{"predicate":{"trim_type":0.3,"custom_model_data":50001},"model":"vanilla_sets:item/ia_auto/sculk_chestplate"},{"predicate":{"trim_type":0.4,"custom_model_data":50001},"model":"vanilla_sets:item/ia_auto/sculk_chestplate"},{"predicate":{"trim_type":0.5,"custom_model_data":50001},"model":"vanilla_sets:item/ia_auto/sculk_chestplate"},{"predicate":{"trim_type":0.6,"custom_model_data":50001},"model":"vanilla_sets:item/ia_auto/sculk_chestplate"},{"predicate":{"trim_type":0.7,"custom_model_data":50001},"model":"vanilla_sets:item/ia_auto/sculk_chestplate"},{"predicate":{"trim_type":0.8,"custom_model_data":50001},"model":"vanilla_sets:item/ia_auto/sculk_chestplate"},{"predicate":{"trim_type":0.9,"custom_model_data":50001},"model":"vanilla_sets:item/ia_auto/sculk_chestplate"},{"predicate":{"trim_type":1.0,"custom_model_data":50001},"model":"vanilla_sets:item/ia_auto/sculk_chestplate"},{"predicate":{"custom_model_data":50002},"model":"plny_halloween_pumpkin_set:item/ia_auto/plny_halloween_pumpkin_setchestplate"},{"predicate":{"trim_type":0.1,"custom_model_data":50002},"model":"plny_halloween_pumpkin_set:item/ia_auto/plny_halloween_pumpkin_setchestplate"},{"predicate":{"trim_type":0.2,"custom_model_data":50002},"model":"plny_halloween_pumpkin_set:item/ia_auto/plny_halloween_pumpkin_setchestplate"},{"predicate":{"trim_type":0.3,"custom_model_data":50002},"model":"plny_halloween_pumpkin_set:item/ia_auto/plny_halloween_pumpkin_setchestplate"},{"predicate":{"trim_type":0.4,"custom_model_data":50002},"model":"plny_halloween_pumpkin_set:item/ia_auto/plny_halloween_pumpkin_setchestplate"},{"predicate":{"trim_type":0.5,"custom_model_data":50002},"model":"plny_halloween_pumpkin_set:item/ia_auto/plny_halloween_pumpkin_setchestplate"},{"predicate":{"trim_type":0.6,"custom_model_data":50002},"model":"plny_halloween_pumpkin_set:item/ia_auto/plny_halloween_pumpkin_setchestplate"},{"predicate":{"trim_type":0.7,"custom_model_data":50002},"model":"plny_halloween_pumpkin_set:item/ia_auto/plny_halloween_pumpkin_setchestplate"},{"predicate":{"trim_type":0.8,"custom_model_data":50002},"model":"plny_halloween_pumpkin_set:item/ia_auto/plny_halloween_pumpkin_setchestplate"},{"predicate":{"trim_type":0.9,"custom_model_data":50002},"model":"plny_halloween_pumpkin_set:item/ia_auto/plny_halloween_pumpkin_setchestplate"},{"predicate":{"trim_type":1.0,"custom_model_data":50002},"model":"plny_halloween_pumpkin_set:item/ia_auto/plny_halloween_pumpkin_setchestplate"},{"predicate":{"custom_model_data":50003},"model":"vanilla_sets:item/ia_auto/nautilus_chestplate"},{"predicate":{"trim_type":0.1,"custom_model_data":50003},"model":"vanilla_sets:item/ia_auto/nautilus_chestplate"},{"predicate":{"trim_type":0.2,"custom_model_data":50003},"model":"vanilla_sets:item/ia_auto/nautilus_chestplate"},{"predicate":{"trim_type":0.3,"custom_model_data":50003},"model":"vanilla_sets:item/ia_auto/nautilus_chestplate"},{"predicate":{"trim_type":0.4,"custom_model_data":50003},"model":"vanilla_sets:item/ia_auto/nautilus_chestplate"},{"predicate":{"trim_type":0.5,"custom_model_data":50003},"model":"vanilla_sets:item/ia_auto/nautilus_chestplate"},{"predicate":{"trim_type":0.6,"custom_model_data":50003},"model":"vanilla_sets:item/ia_auto/nautilus_chestplate"},{"predicate":{"trim_type":0.7,"custom_model_data":50003},"model":"vanilla_sets:item/ia_auto/nautilus_chestplate"},{"predicate":{"trim_type":0.8,"custom_model_data":50003},"model":"vanilla_sets:item/ia_auto/nautilus_chestplate"},{"predicate":{"trim_type":0.9,"custom_model_data":50003},"model":"vanilla_sets:item/ia_auto/nautilus_chestplate"},{"predicate":{"trim_type":1.0,"custom_model_data":50003},"model":"vanilla_sets:item/ia_auto/nautilus_chestplate"},{"predicate":{"custom_model_data":50004},"model":"nexusset:item/ia_auto/nexuschestplate"},{"predicate":{"trim_type":0.1,"custom_model_data":50004},"model":"nexusset:item/ia_auto/nexuschestplate"},{"predicate":{"trim_type":0.2,"custom_model_data":50004},"model":"nexusset:item/ia_auto/nexuschestplate"},{"predicate":{"trim_type":0.3,"custom_model_data":50004},"model":"nexusset:item/ia_auto/nexuschestplate"},{"predicate":{"trim_type":0.4,"custom_model_data":50004},"model":"nexusset:item/ia_auto/nexuschestplate"},{"predicate":{"trim_type":0.5,"custom_model_data":50004},"model":"nexusset:item/ia_auto/nexuschestplate"},{"predicate":{"trim_type":0.6,"custom_model_data":50004},"model":"nexusset:item/ia_auto/nexuschestplate"},{"predicate":{"trim_type":0.7,"custom_model_data":50004},"model":"nexusset:item/ia_auto/nexuschestplate"},{"predicate":{"trim_type":0.8,"custom_model_data":50004},"model":"nexusset:item/ia_auto/nexuschestplate"},{"predicate":{"trim_type":0.9,"custom_model_data":50004},"model":"nexusset:item/ia_auto/nexuschestplate"},{"predicate":{"trim_type":1.0,"custom_model_data":50004},"model":"nexusset:item/ia_auto/nexuschestplate"},{"predicate":{"custom_model_data":50005},"model":"vanilla_sets:item/ia_auto/bone_chestplate"},{"predicate":{"trim_type":0.1,"custom_model_data":50005},"model":"vanilla_sets:item/ia_auto/bone_chestplate"},{"predicate":{"trim_type":0.2,"custom_model_data":50005},"model":"vanilla_sets:item/ia_auto/bone_chestplate"},{"predicate":{"trim_type":0.3,"custom_model_data":50005},"model":"vanilla_sets:item/ia_auto/bone_chestplate"},{"predicate":{"trim_type":0.4,"custom_model_data":50005},"model":"vanilla_sets:item/ia_auto/bone_chestplate"},{"predicate":{"trim_type":0.5,"custom_model_data":50005},"model":"vanilla_sets:item/ia_auto/bone_chestplate"},{"predicate":{"trim_type":0.6,"custom_model_data":50005},"model":"vanilla_sets:item/ia_auto/bone_chestplate"},{"predicate":{"trim_type":0.7,"custom_model_data":50005},"model":"vanilla_sets:item/ia_auto/bone_chestplate"},{"predicate":{"trim_type":0.8,"custom_model_data":50005},"model":"vanilla_sets:item/ia_auto/bone_chestplate"},{"predicate":{"trim_type":0.9,"custom_model_data":50005},"model":"vanilla_sets:item/ia_auto/bone_chestplate"},{"predicate":{"trim_type":1.0,"custom_model_data":50005},"model":"vanilla_sets:item/ia_auto/bone_chestplate"},{"predicate":{"custom_model_data":50006},"model":"vanilla_sets:item/ia_auto/amethyst_chestplate"},{"predicate":{"trim_type":0.1,"custom_model_data":50006},"model":"vanilla_sets:item/ia_auto/amethyst_chestplate"},{"predicate":{"trim_type":0.2,"custom_model_data":50006},"model":"vanilla_sets:item/ia_auto/amethyst_chestplate"},{"predicate":{"trim_type":0.3,"custom_model_data":50006},"model":"vanilla_sets:item/ia_auto/amethyst_chestplate"},{"predicate":{"trim_type":0.4,"custom_model_data":50006},"model":"vanilla_sets:item/ia_auto/amethyst_chestplate"},{"predicate":{"trim_type":0.5,"custom_model_data":50006},"model":"vanilla_sets:item/ia_auto/amethyst_chestplate"},{"predicate":{"trim_type":0.6,"custom_model_data":50006},"model":"vanilla_sets:item/ia_auto/amethyst_chestplate"},{"predicate":{"trim_type":0.7,"custom_model_data":50006},"model":"vanilla_sets:item/ia_auto/amethyst_chestplate"},{"predicate":{"trim_type":0.8,"custom_model_data":50006},"model":"vanilla_sets:item/ia_auto/amethyst_chestplate"},{"predicate":{"trim_type":0.9,"custom_model_data":50006},"model":"vanilla_sets:item/ia_auto/amethyst_chestplate"},{"predicate":{"trim_type":1.0,"custom_model_data":50006},"model":"vanilla_sets:item/ia_auto/amethyst_chestplate"},{"predicate":{"custom_model_data":50007},"model":"item/netherite_chestplate"}],"\u0074\u0065\u0078\u0074\u0075\u0072\u0065\u0073":{"\u006c\u0061\u0079\u0065\u00720":"\u006d\u0069\u006e\u0065\u0063\u0072\u0061\u0066\u0074:\u0069\u0074\u0065\u006d/\u006e\u0065\u0074\u0068\u0065\u0072\u0069\u0074\u0065_\u0063\u0068\u0065\u0073\u0074\u0070\u006c\u0061\u0074\u0065"}}