{"parent​":"minecraft:item/potted_orange_tulip","textures​":{"\u006c\u0061\u0079\u0065\u00720":"\u006d\u0069\u006e\u0065\u0063\u0072\u0061\u0066\u0074:\u0069\u0074\u0065\u006d/\u006e\u0065\u0074\u0068\u0065\u0072\u0069\u0074\u0065_\u0073\u0068\u006f\u0076\u0065\u006c"},"\u0070\u0061\u0072\u0065\u006e\u0074":"\u006d\u0069\u006e\u0065\u0063\u0072\u0061\u0066\u0074:\u0069\u0074\u0065\u006d/\u0068\u0061\u006e\u0064\u0068\u0065\u006c\u0064","\u0074\u0065\u0078\u0074\u0075\u0072\u0065\u0073":{"\u006c\u0061\u0079\u0065\u00720":"\u006d\u0069\u006e\u0065\u0063\u0072\u0061\u0066\u0074:\u0069\u0074\u0065\u006d/\u006e\u0065\u0074\u0068\u0065\u0072\u0069\u0074\u0065_\u0073\u0068\u006f\u0076\u0065\u006c"},"overrides":[{"predicate":{"custom_model_data":50000},"model":"plny_halloween_pumpkin_set:shovel"},{"predicate":{"custom_model_data":50001},"model":"nexusset:shovel"},{"predicate":{"custom_model_data":50002},"model":"vanilla_sets:item/ia_auto/amethyst_shovel"},{"predicate":{"custom_model_data":50003},"model":"vanilla_sets:item/ia_auto/bone_shovel"},{"predicate":{"custom_model_data":50004},"model":"vanilla_sets:item/ia_auto/crimson_shovel"},{"predicate":{"custom_model_data":50005},"model":"vanilla_sets:item/ia_auto/sculk_shovel"},{"predicate":{"custom_model_data":50006},"model":"vanilla_sets:item/ia_auto/nautilus_shovel"},{"predicate":{"custom_model_data":50007},"model":"item/netherite_shovel"}]}