{"parent​":"minecraft:item/ghast_spawn_egg","textures​":{"layer0":"minecraft:item/bamboo_sapling"},"\u0070\u0061\u0072\u0065\u006e\u0074":"\u006d\u0069\u006e\u0065\u0063\u0072\u0061\u0066\u0074:\u0069\u0074\u0065\u006d/\u0067\u0065\u006e\u0065\u0072\u0061\u0074\u0065\u0064","\u0074\u0065\u0078\u0074\u0075\u0072\u0065\u0073":{"\u006c\u0061\u0079\u0065\u00720":"\u006d\u0069\u006e\u0065\u0063\u0072\u0061\u0066\u0074:\u0069\u0074\u0065\u006d/\u0070\u0061\u0070\u0065\u0072"},"overrides":[{"predicate":{"custom_model_data":50000},"model":"hats_expansion:cardboard_box"},{"predicate":{"custom_model_data":50001},"model":"hats_expansion:hard_hat"},{"predicate":{"custom_model_data":50002},"model":"plny_halloween_pumpkin_set:chest"},{"predicate":{"custom_model_data":50003},"model":"plny_halloween_pumpkin_set:helmet"},{"predicate":{"custom_model_data":50004},"model":"plny_halloween_pumpkin_set:key"},{"predicate":{"custom_model_data":50005},"model":"plny_halloween_pumpkin_set:wings"},{"predicate":{"custom_model_data":50006},"model":"minerals_pack:item/ia_auto/mythril_ore"},{"predicate":{"custom_model_data":50007},"model":"minerals_pack:item/ia_auto/mythril_ore_deepslate"},{"predicate":{"custom_model_data":50008},"model":"minerals_pack:item/ia_auto/raw_mythril_block"},{"predicate":{"custom_model_data":50009},"model":"minerals_pack:item/ia_auto/mythril_block"},{"predicate":{"custom_model_data":50010},"model":"minerals_pack:item/ia_auto/malachite_ore"},{"predicate":{"custom_model_data":50011},"model":"minerals_pack:item/ia_auto/malachite_ore_deepslate"},{"predicate":{"custom_model_data":50012},"model":"minerals_pack:item/ia_auto/raw_malachite_block"},{"predicate":{"custom_model_data":50013},"model":"minerals_pack:item/ia_auto/malachite_block"},{"predicate":{"custom_model_data":50014},"model":"minerals_pack:item/ia_auto/amethyst_ore"},{"predicate":{"custom_model_data":50015},"model":"minerals_pack:item/ia_auto/amethyst_ore_deepslate"},{"predicate":{"custom_model_data":50016},"model":"minerals_pack:item/ia_auto/raw_amethyst_block"},{"predicate":{"custom_model_data":50017},"model":"minerals_pack:item/ia_auto/amethyst_block"},{"predicate":{"custom_model_data":50018},"model":"minerals_pack:item/ia_auto/amber_ore"},{"predicate":{"custom_model_data":50019},"model":"minerals_pack:item/ia_auto/amber_ore_deepslate"},{"predicate":{"custom_model_data":50020},"model":"minerals_pack:item/ia_auto/raw_amber_block"},{"predicate":{"custom_model_data":50021},"model":"minerals_pack:item/ia_auto/amber_block"},{"predicate":{"custom_model_data":50022},"model":"minerals_pack:item/ia_auto/ruby_ore"},{"predicate":{"custom_model_data":50023},"model":"minerals_pack:item/ia_auto/ruby_ore_deepslate"},{"predicate":{"custom_model_data":50024},"model":"minerals_pack:item/ia_auto/raw_ruby_block"},{"predicate":{"custom_model_data":50025},"model":"minerals_pack:item/ia_auto/ruby_block"},{"predicate":{"custom_model_data":50026},"model":"minerals_pack:item/ia_auto/jade_ore"},{"predicate":{"custom_model_data":50027},"model":"minerals_pack:item/ia_auto/jade_ore_deepslate"},{"predicate":{"custom_model_data":50028},"model":"minerals_pack:item/ia_auto/raw_jade_block"},{"predicate":{"custom_model_data":50029},"model":"minerals_pack:item/ia_auto/jade_block"},{"predicate":{"custom_model_data":50030},"model":"minerals_pack:item/ia_auto/silver_ore"},{"predicate":{"custom_model_data":50031},"model":"minerals_pack:item/ia_auto/silver_ore_deepslate"},{"predicate":{"custom_model_data":50032},"model":"minerals_pack:item/ia_auto/raw_silver_block"},{"predicate":{"custom_model_data":50033},"model":"minerals_pack:item/ia_auto/silver_block"},{"predicate":{"custom_model_data":50034},"model":"minerals_pack:item/ia_auto/iridium_ore"},{"predicate":{"custom_model_data":50035},"model":"minerals_pack:item/ia_auto/iridium_ore_deepslate"},{"predicate":{"custom_model_data":50036},"model":"minerals_pack:item/ia_auto/raw_iridium_block"},{"predicate":{"custom_model_data":50037},"model":"minerals_pack:item/ia_auto/iridium_block"},{"predicate":{"custom_model_data":50038},"model":"minerals_pack:item/ia_auto/mythril_nugget"},{"predicate":{"custom_model_data":50039},"model":"minerals_pack:item/ia_auto/raw_mythril"},{"predicate":{"custom_model_data":50040},"model":"minerals_pack:item/ia_auto/mythril_ingot"},{"predicate":{"custom_model_data":50041},"model":"minerals_pack:item/ia_auto/malachite_nugget"},{"predicate":{"custom_model_data":50042},"model":"minerals_pack:item/ia_auto/malachite"},{"predicate":{"custom_model_data":50043},"model":"minerals_pack:item/ia_auto/malachite_ingot"},{"predicate":{"custom_model_data":50044},"model":"minerals_pack:item/ia_auto/amethyst_nugget"},{"predicate":{"custom_model_data":50045},"model":"minerals_pack:item/ia_auto/amethyst"},{"predicate":{"custom_model_data":50046},"model":"minerals_pack:item/ia_auto/amethyst_ingot"},{"predicate":{"custom_model_data":50047},"model":"minerals_pack:item/ia_auto/amber_nugget"},{"predicate":{"custom_model_data":50048},"model":"minerals_pack:item/ia_auto/amber"},{"predicate":{"custom_model_data":50049},"model":"minerals_pack:item/ia_auto/amber_ingot"},{"predicate":{"custom_model_data":50050},"model":"minerals_pack:item/ia_auto/ruby_nugget"},{"predicate":{"custom_model_data":50051},"model":"minerals_pack:item/ia_auto/ruby"},{"predicate":{"custom_model_data":50052},"model":"minerals_pack:item/ia_auto/ruby_ingot"},{"predicate":{"custom_model_data":50053},"model":"minerals_pack:item/ia_auto/jade_nugget"},{"predicate":{"custom_model_data":50054},"model":"minerals_pack:item/ia_auto/raw_jade"},{"predicate":{"custom_model_data":50055},"model":"minerals_pack:item/ia_auto/jade_ingot"},{"predicate":{"custom_model_data":50056},"model":"minerals_pack:item/ia_auto/silver_nugget"},{"predicate":{"custom_model_data":50057},"model":"minerals_pack:item/ia_auto/silver"},{"predicate":{"custom_model_data":50058},"model":"minerals_pack:item/ia_auto/silver_ingot"},{"predicate":{"custom_model_data":50059},"model":"minerals_pack:item/ia_auto/iridium_nugget"},{"predicate":{"custom_model_data":50060},"model":"minerals_pack:item/ia_auto/raw_iridium"},{"predicate":{"custom_model_data":50061},"model":"minerals_pack:item/ia_auto/iridium_ingot"},{"predicate":{"custom_model_data":50062},"model":"_iainternal:item/ia_auto/icon_left_blue"},{"predicate":{"custom_model_data":50063},"model":"_iainternal:item/ia_auto/icon_right_blue"},{"predicate":{"custom_model_data":50064},"model":"_iainternal:item/ia_auto/icon_search"},{"predicate":{"custom_model_data":50065},"model":"_iainternal:item/ia_auto/icon_cancel"},{"predicate":{"custom_model_data":50066},"model":"_iainternal:item/ia_auto/icon_arrow_chest"},{"predicate":{"custom_model_data":50067},"model":"_iainternal:item/ia_auto/icon_back_orange"},{"predicate":{"custom_model_data":50068},"model":"_iainternal:item/ia_auto/icon_next_orange"},{"predicate":{"custom_model_data":50069},"model":"nexusset:chest"},{"predicate":{"custom_model_data":50070},"model":"nexusset:chest_opening"},{"predicate":{"custom_model_data":50071},"model":"nexusset:helmet"},{"predicate":{"custom_model_data":50072},"model":"nexusset:key"},{"predicate":{"custom_model_data":50073},"model":"nexusset:wings"},{"predicate":{"custom_model_data":50074},"model":"crates1:lvl1_key"},{"predicate":{"custom_model_data":50075},"model":"crates1:lvl1_crate"},{"predicate":{"custom_model_data":50076},"model":"crates1:lvl2_key"},{"predicate":{"custom_model_data":50077},"model":"crates1:lvl2_crate"},{"predicate":{"custom_model_data":50078},"model":"crates1:lvl3_key"},{"predicate":{"custom_model_data":50079},"model":"crates1:lvl3_crate"},{"predicate":{"custom_model_data":50080},"model":"crates1:lvl4_key"},{"predicate":{"custom_model_data":50081},"model":"crates1:lvl4_crate"},{"predicate":{"custom_model_data":50082},"model":"crafting_materials:item/ia_auto/ancient_mushroom"},{"predicate":{"custom_model_data":50083},"model":"crafting_materials:item/ia_auto/ancient_netherite"},{"predicate":{"custom_model_data":50084},"model":"crafting_materials:item/ia_auto/ancient_slime_string"},{"predicate":{"custom_model_data":50085},"model":"crafting_materials:item/ia_auto/aquamarine_shard"},{"predicate":{"custom_model_data":50086},"model":"crafting_materials:item/ia_auto/binding_gel_common"},{"predicate":{"custom_model_data":50087},"model":"crafting_materials:item/ia_auto/binding_gel_epic"},{"predicate":{"custom_model_data":50088},"model":"crafting_materials:item/ia_auto/binding_gel_legendary"},{"predicate":{"custom_model_data":50089},"model":"crafting_materials:item/ia_auto/binding_gel_rare"},{"predicate":{"custom_model_data":50090},"model":"crafting_materials:item/ia_auto/binding_gel_uncommon"},{"predicate":{"custom_model_data":50091},"model":"crafting_materials:item/ia_auto/bottle_of_soul"},{"predicate":{"custom_model_data":50092},"model":"crafting_materials:item/ia_auto/clam_blue"},{"predicate":{"custom_model_data":50093},"model":"crafting_materials:item/ia_auto/clam_pink"},{"predicate":{"custom_model_data":50094},"model":"crafting_materials:item/ia_auto/clam_white"},{"predicate":{"custom_model_data":50095},"model":"crafting_materials:item/ia_auto/cotton"},{"predicate":{"custom_model_data":50096},"model":"crafting_materials:item/ia_auto/crocodile_tooth"},{"predicate":{"custom_model_data":50097},"model":"crafting_materials:item/ia_auto/dungeon_key_amethyst"},{"predicate":{"custom_model_data":50098},"model":"crafting_materials:item/ia_auto/dungeon_key_crimson"},{"predicate":{"custom_model_data":50099},"model":"crafting_materials:item/ia_auto/dungeon_key_gold"},{"predicate":{"custom_model_data":50100},"model":"crafting_materials:item/ia_auto/dungeon_shard"},{"predicate":{"custom_model_data":50101},"model":"crafting_materials:item/ia_auto/exotic_leather_asorted"},{"predicate":{"custom_model_data":50102},"model":"crafting_materials:item/ia_auto/exotic_leather_blue"},{"predicate":{"custom_model_data":50103},"model":"crafting_materials:item/ia_auto/exotic_leather_brown"},{"predicate":{"custom_model_data":50104},"model":"crafting_materials:item/ia_auto/exotic_leather_cyan"},{"predicate":{"custom_model_data":50105},"model":"crafting_materials:item/ia_auto/exotic_leather_magenta"},{"predicate":{"custom_model_data":50106},"model":"crafting_materials:item/ia_auto/exotic_leather_purple"},{"predicate":{"custom_model_data":50107},"model":"crafting_materials:item/ia_auto/fine_string"},{"predicate":{"custom_model_data":50108},"model":"crafting_materials:item/ia_auto/forge_catalyst"},{"predicate":{"custom_model_data":50109},"model":"crafting_materials:item/ia_auto/gear"},{"predicate":{"custom_model_data":50110},"model":"crafting_materials:item/ia_auto/gear_sticky_common"},{"predicate":{"custom_model_data":50111},"model":"crafting_materials:item/ia_auto/gear_sticky_epic"},{"predicate":{"custom_model_data":50112},"model":"crafting_materials:item/ia_auto/gear_sticky_legendary"},{"predicate":{"custom_model_data":50113},"model":"crafting_materials:item/ia_auto/gear_sticky_rare"},{"predicate":{"custom_model_data":50114},"model":"crafting_materials:item/ia_auto/gear_sticky_uncommon"},{"predicate":{"custom_model_data":50115},"model":"crafting_materials:item/ia_auto/glue"},{"predicate":{"custom_model_data":50116},"model":"crafting_materials:item/ia_auto/key_fragment_common"},{"predicate":{"custom_model_data":50117},"model":"crafting_materials:item/ia_auto/key_fragment_epic"},{"predicate":{"custom_model_data":50118},"model":"crafting_materials:item/ia_auto/key_fragment_legendary"},{"predicate":{"custom_model_data":50119},"model":"crafting_materials:item/ia_auto/key_fragment_rare"},{"predicate":{"custom_model_data":50120},"model":"crafting_materials:item/ia_auto/key_fragment_uncommon"},{"predicate":{"custom_model_data":50121},"model":"crafting_materials:item/ia_auto/key_golden"},{"predicate":{"custom_model_data":50122},"model":"crafting_materials:item/ia_auto/key_silver"},{"predicate":{"custom_model_data":50123},"model":"crafting_materials:item/ia_auto/lucky_horseshoe"},{"predicate":{"custom_model_data":50124},"model":"crafting_materials:item/ia_auto/lucky_horseshoe_enchanted"},{"predicate":{"custom_model_data":50125},"model":"crafting_materials:item/ia_auto/magic_mushroom"},{"predicate":{"custom_model_data":50126},"model":"crafting_materials:item/ia_auto/magic_mushroom_enchanted"},{"predicate":{"custom_model_data":50127},"model":"crafting_materials:item/ia_auto/paint_bucket"},{"predicate":{"custom_model_data":50128},"model":"crafting_materials:item/ia_auto/pencil"},{"predicate":{"custom_model_data":50129},"model":"crafting_materials:item/ia_auto/plastic"},{"predicate":{"custom_model_data":50130},"model":"crafting_materials:item/ia_auto/powershard_epic"},{"predicate":{"custom_model_data":50131},"model":"crafting_materials:item/ia_auto/powershard_legendary"},{"predicate":{"custom_model_data":50132},"model":"crafting_materials:item/ia_auto/powershard_rare"},{"predicate":{"custom_model_data":50133},"model":"crafting_materials:item/ia_auto/powershard_uncommon"},{"predicate":{"custom_model_data":50134},"model":"crafting_materials:item/ia_auto/rocks"},{"predicate":{"custom_model_data":50135},"model":"crafting_materials:item/ia_auto/rubber_bands"},{"predicate":{"custom_model_data":50136},"model":"crafting_materials:item/ia_auto/screw"},{"predicate":{"custom_model_data":50137},"model":"crafting_materials:item/ia_auto/soul_blaze"},{"predicate":{"custom_model_data":50138},"model":"crafting_materials:item/ia_auto/soul_chicken"},{"predicate":{"custom_model_data":50139},"model":"crafting_materials:item/ia_auto/soul_magmacube"},{"predicate":{"custom_model_data":50140},"model":"crafting_materials:item/ia_auto/soul_pig"},{"predicate":{"custom_model_data":50141},"model":"crafting_materials:item/ia_auto/soul_sheep"},{"predicate":{"custom_model_data":50142},"model":"crafting_materials:item/ia_auto/soul_skeleton"},{"predicate":{"custom_model_data":50143},"model":"crafting_materials:item/ia_auto/soul_spider"},{"predicate":{"custom_model_data":50144},"model":"crafting_materials:item/ia_auto/soul_zombie"},{"predicate":{"custom_model_data":50145},"model":"crafting_materials:item/ia_auto/spawner_fragment"},{"predicate":{"custom_model_data":50146},"model":"crafting_materials:item/ia_auto/steel"},{"predicate":{"custom_model_data":50147},"model":"crafting_materials:item/ia_auto/sulfur_crystal"},{"predicate":{"custom_model_data":50148},"model":"crafting_materials:item/ia_auto/tangled_yarn"},{"predicate":{"custom_model_data":50149},"model":"crafting_materials:item/ia_auto/vibrant_feather_1"},{"predicate":{"custom_model_data":50150},"model":"crafting_materials:item/ia_auto/vibrant_feather_2"},{"predicate":{"custom_model_data":50151},"model":"crafting_materials:item/ia_auto/vibrant_feather_3"},{"predicate":{"custom_model_data":50152},"model":"crafting_materials:item/ia_auto/worn_cloth"},{"predicate":{"custom_model_data":50153},"model":"crafting_materials:item/ia_auto/wrench"},{"predicate":{"custom_model_data":50154},"model":"crates_expansion:common_crate"},{"predicate":{"custom_model_data":50155},"model":"crates_expansion:rare_crate"},{"predicate":{"custom_model_data":50156},"model":"crates_expansion:legendary_crate"},{"predicate":{"custom_model_data":50157},"model":"crates_expansion:cosmetic_crate"},{"predicate":{"custom_model_data":50158},"model":"crates_expansion:furniture_crate"},{"predicate":{"custom_model_data":50159},"model":"crates_expansion:pet_crate"},{"predicate":{"custom_model_data":100000},"model":"nightmarket:item/ia_auto/nothing"},{"predicate":{"custom_model_data":100001},"model":"nightmarket:item/ia_auto/check_mark"},{"predicate":{"custom_model_data":100002},"model":"nightmarket:item/ia_auto/locked_common"},{"predicate":{"custom_model_data":100003},"model":"nightmarket:item/ia_auto/locked_uncommon"},{"predicate":{"custom_model_data":100004},"model":"nightmarket:item/ia_auto/locked_rare"},{"predicate":{"custom_model_data":100005},"model":"nightmarket:item/ia_auto/locked_epic"},{"predicate":{"custom_model_data":100006},"model":"nightmarket:item/ia_auto/locked_legendary"},{"predicate":{"custom_model_data":100007},"model":"nightmarket:item/ia_auto/locked_mythical"},{"predicate":{"custom_model_data":100008},"model":"nightmarket:item/ia_auto/reroll_icon"},{"predicate":{"custom_model_data":100009},"model":"item/paper"}]}