{"parent​":"minecraft:item/melon_stem","textures​":{"layer0":"minecraft:item/crimson_fence_gate"},"\u0070\u0061\u0072\u0065\u006e\u0074":"\u0062\u0075\u0069\u006c\u0074\u0069\u006e/\u0065\u006e\u0074\u0069\u0074\u0079","gui_light":"front","\u0074\u0065\u0078\u0074\u0075\u0072\u0065\u0073":{"\u0070\u0061\u0072\u0074\u0069\u0063\u006c\u0065":"\u0062\u006c\u006f\u0063\u006b/\u0064\u0061\u0072\u006b_\u006f\u0061\u006b_\u0070\u006c\u0061\u006e\u006b\u0073"},"display":{"thirdperson_righthand":{"rotation":[0,90,0],"translation":[10,6,-4],"scale":[1,1,1]},"thirdperson_lefthand":{"rotation":[0,90,0],"translation":[10,6,12],"scale":[1,1,1]},"firstperson_righthand":{"rotation":[0,180,5],"translation":[-10,2,-10],"scale":[1.25,1.25,1.25]},"firstperson_lefthand":{"rotation":[0,180,5],"translation":[10,0,-10],"scale":[1.25,1.25,1.25]},"gui":{"rotation":[15,-25,-5],"translation":[2,3,0],"scale":[0.65,0.65,0.65]},"fixed":{"rotation":[0,180,0],"translation":[-4.5,4.5,-5],"scale":[0.55,0.55,0.55]},"ground":{"rotation":[0,0,0],"translation":[2,4,2],"scale":[0.25,0.25,0.25]}},"overrides":[{"predicate":{"blocking":1},"model":"item/shield_blocking"},{"predicate":{"custom_model_data":50000},"model":"plny_halloween_pumpkin_set:shield"},{"predicate":{"blocking":1,"custom_model_data":50000},"model":"plny_halloween_pumpkin_set:shield_blocking"},{"predicate":{"custom_model_data":50001},"model":"nexusset:shield"},{"predicate":{"blocking":1,"custom_model_data":50001},"model":"nexusset:shield_blocking"},{"predicate":{"custom_model_data":50002},"model":"item/shield"}]}