{"textures​":{"0":"\u006d\u006f\u0064\u0065\u006c\u0065\u006e\u0067\u0069\u006e\u0065:\u0065\u006e\u0074\u0069\u0074\u0079/\u0063176\u00626\u00629-04\u00651-3358-\u0061\u006398-\u0063945\u00655\u0061\u0061073\u0064","\u0070\u0061\u0072\u0074\u0069\u0063\u006c\u0065":"#0"},"\u0074\u0065\u0078\u0074\u0075\u0072\u0065\u0073":{"0":"\u006d\u006f\u0064\u0065\u006c\u0065\u006e\u0067\u0069\u006e\u0065:\u0065\u006e\u0074\u0069\u0074\u0079/\u0063176\u00626\u00629-04\u00651-3358-\u0061\u006398-\u0063945\u00655\u0061\u0061073\u0064","\u0070\u0061\u0072\u0074\u0069\u0063\u006c\u0065":"#0"},"elements":[{"from":[2.7904499,5.5328803,4.3],"to":[9.19045,11.932879,11.7],"faces":{"east":{"uv":[8.0,4.625,8.875,5.375],"tintindex":0,"rotation":0,"texture":"#0"},"south":{"uv":[9.75,6.125,10.5,6.875],"tintindex":0,"rotation":0,"texture":"#0"},"north":{"uv":[3.0,9.75,3.75,10.5],"tintindex":0,"rotation":0,"texture":"#0"},"west":{"uv":[1.5,8.125,2.375,8.875],"tintindex":0,"rotation":0,"texture":"#0"},"up":{"uv":[3.125,9.0,2.375,8.125],"tintindex":0,"rotation":0,"texture":"#0"},"down":{"uv":[3.875,8.125,3.125,9.0],"tintindex":0,"rotation":0,"texture":"#0"}}},{"from":[2.99045,5.73288,4.5],"to":[8.99045,11.73288,11.5],"faces":{"east":{"uv":[7.125,5.25,8.0,6.0],"tintindex":0,"rotation":0,"texture":"#0"},"south":{"uv":[1.5,9.625,2.25,10.375],"tintindex":0,"rotation":0,"texture":"#0"},"north":{"uv":[0.75,9.625,1.5,10.375],"tintindex":0,"rotation":0,"texture":"#0"},"west":{"uv":[7.375,6.0,8.25,6.75],"tintindex":0,"rotation":0,"texture":"#0"},"up":{"uv":[7.375,8.25,6.625,7.375],"tintindex":0,"rotation":0,"texture":"#0"},"down":{"uv":[8.125,6.75,7.375,7.625],"tintindex":0,"rotation":0,"texture":"#0"}}}],"display":{"head":{"rotation":[0.0,0.0,0.0]},"firstperson_righthand":{"rotation":[0.0,0.0,0.0]},"thirdperson_lefthand":{"rotation":[0.0,0.0,0.0]},"firstperson_lefthand":{"rotation":[0.0,0.0,0.0]},"fixed":{"rotation":[0.0,0.0,0.0]},"ground":{"rotation":[0.0,0.0,0.0]},"thirdperson_righthand":{"rotation":[0.0,0.0,0.0]},"gui":{"rotation":[-150.0,-45.0,180.0]}},"gui_light":"front"}