{"textures​":{"layer0":"minecraft:item/light_gray_candle"},"\u0074\u0065\u0078\u0074\u0075\u0072\u0065\u0073":{"0":"\u006d\u006f\u0064\u0065\u006c\u0065\u006e\u0067\u0069\u006e\u0065:\u0065\u006e\u0074\u0069\u0074\u0079/\u0063176\u00626\u00629-04\u00651-3358-\u0061\u006398-\u0063945\u00655\u0061\u0061073\u0064","\u0070\u0061\u0072\u0074\u0069\u0063\u006c\u0065":"#0"},"elements":[{"from":[6.0,7.0,7.8333282],"to":[10.0,11.0,13.833328],"faces":{"east":{"uv":[5.625,1.375,6.375,1.875],"tintindex":0,"rotation":0,"texture":"#0"},"south":{"uv":[9.875,10.125,10.375,10.625],"tintindex":0,"rotation":0,"texture":"#0"},"north":{"uv":[7.875,10.125,8.375,10.625],"tintindex":0,"rotation":0,"texture":"#0"},"west":{"uv":[8.25,6.125,9.0,6.625],"tintindex":0,"rotation":0,"texture":"#0"},"up":{"uv":[10.375,10.125,9.875,9.375],"tintindex":0,"rotation":0,"texture":"#0"},"down":{"uv":[10.5,0.75,10.0,1.5],"tintindex":0,"rotation":0,"texture":"#0"}}},{"from":[7.0,13.0,9.833328],"to":[9.0,15.0,11.833328],"faces":{"east":{"uv":[0.75,10.5,1.0,10.75],"tintindex":0,"rotation":0,"texture":"#0"},"south":{"uv":[10.5,0.75,10.75,1.0],"tintindex":0,"rotation":0,"texture":"#0"},"north":{"uv":[6.875,9.125,7.125,9.375],"tintindex":0,"rotation":0,"texture":"#0"},"west":{"uv":[1.0,10.5,1.25,10.75],"tintindex":0,"rotation":0,"texture":"#0"},"up":{"uv":[10.75,1.25,10.5,1.0],"tintindex":0,"rotation":0,"texture":"#0"},"down":{"uv":[1.5,10.5,1.25,10.75],"tintindex":0,"rotation":0,"texture":"#0"}}},{"from":[7.0,11.0,11.833328],"to":[9.0,15.0,13.833328],"faces":{"east":{"uv":[1.625,6.125,1.875,6.625],"tintindex":0,"rotation":0,"texture":"#0"},"south":{"uv":[6.875,3.875,7.125,4.375],"tintindex":0,"rotation":0,"texture":"#0"},"north":{"uv":[1.625,5.625,1.875,6.125],"tintindex":0,"rotation":0,"texture":"#0"},"west":{"uv":[6.375,7.5,6.625,8.0],"tintindex":0,"rotation":0,"texture":"#0"},"up":{"uv":[9.125,2.5,8.875,2.25],"tintindex":0,"rotation":0,"texture":"#0"},"down":{"uv":[4.875,9.125,4.625,9.375],"tintindex":0,"rotation":0,"texture":"#0"}}}],"display":{"head":{"rotation":[0.0,0.0,0.0]},"firstperson_righthand":{"rotation":[0.0,0.0,0.0]},"thirdperson_lefthand":{"rotation":[0.0,0.0,0.0]},"firstperson_lefthand":{"rotation":[0.0,0.0,0.0]},"fixed":{"rotation":[0.0,0.0,0.0]},"ground":{"rotation":[0.0,0.0,0.0]},"thirdperson_righthand":{"rotation":[0.0,0.0,0.0]},"gui":{"rotation":[-150.0,-45.0,180.0]}},"gui_light":"front"}