{"textures​":{"layer0":"minecraft:item/silverfish_spawn_egg"},"\u0074\u0065\u0078\u0074\u0075\u0072\u0065\u0073":{"1":"\u006d\u006f\u0064\u0065\u006c\u0065\u006e\u0067\u0069\u006e\u0065:\u0065\u006e\u0074\u0069\u0074\u0079/\u0076\u0073_\u0070\u0072\u006f\u006a","\u0070\u0061\u0072\u0074\u0069\u0063\u006c\u0065":"#1"},"elements":[{"from":[10.625,10.625,10.625],"to":[5.375,5.375,5.375],"faces":{"east":{"uv":[4.875,3.1875,6.4375,4.75],"tintindex":0,"rotation":0,"texture":"#1"},"south":{"uv":[3.25,4.875,4.8125,6.4375],"tintindex":0,"rotation":0,"texture":"#1"},"north":{"uv":[4.875,1.625,6.4375,3.1875],"tintindex":0,"rotation":0,"texture":"#1"},"west":{"uv":[4.875,4.75,6.4375,6.3125],"tintindex":0,"rotation":0,"texture":"#1"},"up":{"uv":[6.375,7.875,4.8125,6.3125],"tintindex":0,"rotation":0,"texture":"#1"},"down":{"uv":[7.9375,6.3125,6.375,7.875],"tintindex":0,"rotation":0,"texture":"#1"}}}],"display":{"head":{"rotation":[0.0,0.0,0.0]},"firstperson_righthand":{"rotation":[0.0,0.0,0.0]},"thirdperson_lefthand":{"rotation":[0.0,0.0,0.0]},"firstperson_lefthand":{"rotation":[0.0,0.0,0.0]},"fixed":{"rotation":[0.0,0.0,0.0]},"ground":{"rotation":[0.0,0.0,0.0]},"thirdperson_righthand":{"rotation":[0.0,0.0,0.0]},"gui":{"rotation":[-150.0,-45.0,180.0]}},"gui_light":"front"}