{"textures​":{"layer0":"minecraft:item/purple_concrete_powder"},"\u0074\u0065\u0078\u0074\u0075\u0072\u0065\u0073":{"0":"\u006d\u006f\u0064\u0065\u006c\u0065\u006e\u0067\u0069\u006e\u0065:\u0065\u006e\u0074\u0069\u0074\u0079/\u0076\u006f\u0069\u0064\u0064\u0072\u0061\u0067\u006f\u006e","\u0070\u0061\u0072\u0074\u0069\u0063\u006c\u0065":"#0"},"elements":[{"from":[10.676519,13.664516,11.662792],"to":[11.35412,18.407719,14.373192],"faces":{"east":{"uv":[6.5625,8.9375,6.625,9.046875],"tintindex":0,"rotation":0,"texture":"#0"},"south":{"uv":[3.09375,9.0625,3.109375,9.171875],"tintindex":0,"rotation":0,"texture":"#0"},"north":{"uv":[3.0625,9.0625,3.078125,9.171875],"tintindex":0,"rotation":0,"texture":"#0"},"west":{"uv":[6.625,8.9375,6.6875,9.046875],"tintindex":0,"rotation":0,"texture":"#0"},"up":{"uv":[4.578125,9.125,4.5625,9.0625],"tintindex":0,"rotation":0,"texture":"#0"},"down":{"uv":[4.671875,9.0625,4.65625,9.125],"tintindex":0,"rotation":0,"texture":"#0"}},"rotation":{"origin":[11.01532,16.036118,13.01799],"angle":22.5,"axis":"x"}},{"from":[4.30708,10.536982,-0.056030273],"to":[11.69292,13.648659,7.4562187],"faces":{"east":{"uv":[8.875,2.5625,9.046875,2.640625],"tintindex":0,"rotation":0,"texture":"#0"},"south":{"uv":[5.875,8.875,6.046875,8.953125],"tintindex":0,"rotation":0,"texture":"#0"},"north":{"uv":[8.03125,2.0625,8.203125,2.140625],"tintindex":0,"rotation":0,"texture":"#0"},"west":{"uv":[8.46875,8.875,8.640625,8.953125],"tintindex":0,"rotation":0,"texture":"#0"},"up":{"uv":[8.796875,0.546875,8.625,0.375],"tintindex":0,"rotation":0,"texture":"#0"},"down":{"uv":[8.796875,1.6875,8.625,1.859375],"tintindex":0,"rotation":0,"texture":"#0"}},"rotation":{"origin":[8.0,12.092819,3.7000923],"angle":-22.5,"axis":"x"}},{"from":[4.612,8.704819,-7.141506],"to":[6.6448,11.415218,-4.4311066],"faces":{"east":{"uv":[8.71875,8.40625,8.78125,8.46875],"tintindex":0,"rotation":0,"texture":"#0"},"south":{"uv":[9.03125,4.875,9.078125,4.9375],"tintindex":0,"rotation":0,"texture":"#0"},"north":{"uv":[9.03125,4.75,9.078125,4.8125],"tintindex":0,"rotation":0,"texture":"#0"},"west":{"uv":[1.5,9.03125,1.5625,9.09375],"tintindex":0,"rotation":0,"texture":"#0"},"up":{"uv":[5.890625,9.09375,5.84375,9.03125],"tintindex":0,"rotation":0,"texture":"#0"},"down":{"uv":[5.953125,9.03125,5.90625,9.09375],"tintindex":0,"rotation":0,"texture":"#0"}},"rotation":{"origin":[5.6284,10.06002,-5.7863045],"angle":22.5,"axis":"x"}},{"from":[4.3070803,12.445354,8.932987],"to":[5.66228,15.155754,12.998585],"faces":{"east":{"uv":[5.875,8.21875,5.96875,8.28125],"tintindex":0,"rotation":0,"texture":"#0"},"south":{"uv":[8.6875,8.28125,8.71875,8.34375],"tintindex":0,"rotation":0,"texture":"#0"},"north":{"uv":[8.59375,0.28125,8.625,0.34375],"tintindex":0,"rotation":0,"texture":"#0"},"west":{"uv":[8.53125,4.40625,8.625,4.46875],"tintindex":0,"rotation":0,"texture":"#0"},"up":{"uv":[6.75,8.15625,6.71875,8.0625],"tintindex":0,"rotation":0,"texture":"#0"},"down":{"uv":[6.75,8.15625,6.71875,8.25],"tintindex":0,"rotation":0,"texture":"#0"}},"rotation":{"origin":[4.98468,13.800556,10.965786],"angle":-22.5,"axis":"x"}},{"from":[9.66012,13.779015,-1.3748245],"to":[9.66012,17.167015,8.111572],"faces":{"east":{"uv":[8.84375,0.875,9.0625,0.953125],"tintindex":0,"rotation":0,"texture":"#0"},"west":{"uv":[8.84375,8.71875,9.0625,8.796875],"tintindex":0,"rotation":0,"texture":"#0"}},"rotation":{"origin":[9.66012,15.473015,3.3683739],"angle":-22.5,"axis":"x"}},{"from":[10.0328,12.445354,6.2140884],"to":[11.99784,15.155754,10.279686],"faces":{"east":{"uv":[8.96875,5.46875,9.0625,5.53125],"tintindex":0,"rotation":0,"texture":"#0"},"south":{"uv":[9.03125,7.0,9.078125,7.0625],"tintindex":0,"rotation":0,"texture":"#0"},"north":{"uv":[6.8125,9.03125,6.859375,9.09375],"tintindex":0,"rotation":0,"texture":"#0"},"west":{"uv":[8.96875,5.53125,9.0625,5.59375],"tintindex":0,"rotation":0,"texture":"#0"},"up":{"uv":[0.671875,9.125,0.625,9.03125],"tintindex":0,"rotation":0,"texture":"#0"},"down":{"uv":[0.734375,9.03125,0.6875,9.125],"tintindex":0,"rotation":0,"texture":"#0"}},"rotation":{"origin":[11.01532,13.800556,8.246887],"angle":22.5,"axis":"x"}},{"from":[3.2568002,4.738451,4.33659],"to":[5.2896,8.804052,8.402191],"faces":{"east":{"uv":[6.9375,7.90625,7.03125,8.0],"tintindex":0,"rotation":0,"texture":"#0"},"south":{"uv":[9.03125,0.09375,9.078125,0.1875],"tintindex":0,"rotation":0,"texture":"#0"},"north":{"uv":[0.09375,9.03125,0.140625,9.125],"tintindex":0,"rotation":0,"texture":"#0"},"west":{"uv":[7.46875,8.90625,7.5625,9.0],"tintindex":0,"rotation":0,"texture":"#0"},"up":{"uv":[0.203125,9.125,0.15625,9.03125],"tintindex":0,"rotation":0,"texture":"#0"},"down":{"uv":[9.078125,0.1875,9.03125,0.28125],"tintindex":0,"rotation":0,"texture":"#0"}},"rotation":{"origin":[4.2732,6.7712517,6.3693924],"angle":-45.0,"axis":"x"}},{"from":[4.2732,7.349619,-0.36550522],"to":[11.7268,12.092819,7.7656937],"faces":{"east":{"uv":[8.78125,6.59375,8.96875,6.703125],"tintindex":0,"rotation":0,"texture":"#0"},"south":{"uv":[8.84375,7.0,9.015625,7.109375],"tintindex":0,"rotation":0,"texture":"#0"},"north":{"uv":[8.84375,3.6875,9.015625,3.796875],"tintindex":0,"rotation":0,"texture":"#0"},"west":{"uv":[8.78125,7.1875,8.96875,7.296875],"tintindex":0,"rotation":0,"texture":"#0"},"up":{"uv":[8.734375,0.1875,8.5625,0.0],"tintindex":0,"rotation":0,"texture":"#0"},"down":{"uv":[0.828125,8.5625,0.65625,8.75],"tintindex":0,"rotation":0,"texture":"#0"}}},{"from":[10.33772,12.445354,8.932987],"to":[11.69292,15.155754,12.998585],"faces":{"east":{"uv":[8.96875,2.0,9.0625,2.0625],"tintindex":0,"rotation":0,"texture":"#0"},"south":{"uv":[2.5625,8.75,2.59375,8.8125],"tintindex":0,"rotation":0,"texture":"#0"},"north":{"uv":[1.0,8.75,1.03125,8.8125],"tintindex":0,"rotation":0,"texture":"#0"},"west":{"uv":[8.96875,4.8125,9.0625,4.875],"tintindex":0,"rotation":0,"texture":"#0"},"up":{"uv":[8.21875,2.65625,8.1875,2.5625],"tintindex":0,"rotation":0,"texture":"#0"},"down":{"uv":[7.3125,8.21875,7.28125,8.3125],"tintindex":0,"rotation":0,"texture":"#0"}},"rotation":{"origin":[11.01532,13.800556,10.965786],"angle":-22.5,"axis":"x"}},{"from":[3.9682803,11.408131,-1.7192955],"to":[6.00108,14.11853,7.767105],"faces":{"east":{"uv":[8.625,7.625,8.84375,7.6875],"tintindex":0,"rotation":0,"texture":"#0"},"south":{"uv":[9.03125,4.5625,9.078125,4.625],"tintindex":0,"rotation":0,"texture":"#0"},"north":{"uv":[9.03125,4.34375,9.078125,4.40625],"tintindex":0,"rotation":0,"texture":"#0"},"west":{"uv":[8.75,2.96875,8.96875,3.03125],"tintindex":0,"rotation":0,"texture":"#0"},"up":{"uv":[5.609375,9.09375,5.5625,8.875],"tintindex":0,"rotation":0,"texture":"#0"},"down":{"uv":[7.296875,8.875,7.25,9.09375],"tintindex":0,"rotation":0,"texture":"#0"}},"rotation":{"origin":[4.98468,12.763329,3.023903],"angle":-22.5,"axis":"x"}},{"from":[4.9508,7.349619,-6.4639053],"to":[11.0492,10.737619,-0.36550522],"faces":{"east":{"uv":[3.0,8.90625,3.140625,8.984375],"tintindex":0,"rotation":0,"texture":"#0"},"south":{"uv":[8.90625,3.40625,9.046875,3.484375],"tintindex":0,"rotation":0,"texture":"#0"},"north":{"uv":[8.6875,5.65625,8.828125,5.734375],"tintindex":0,"rotation":0,"texture":"#0"},"west":{"uv":[4.5,8.90625,4.640625,8.984375],"tintindex":0,"rotation":0,"texture":"#0"},"up":{"uv":[8.953125,4.703125,8.8125,4.5625],"tintindex":0,"rotation":0,"texture":"#0"},"down":{"uv":[8.953125,4.71875,8.8125,4.859375],"tintindex":0,"rotation":0,"texture":"#0"}}},{"from":[5.968,12.092819,5.055294],"to":[10.0336,24.96722,24.705694],"faces":{"east":{"uv":[7.25,1.6875,7.703125,1.984375],"tintindex":0,"rotation":0,"texture":"#0"},"south":{"uv":[7.46875,8.59375,7.5625,8.890625],"tintindex":0,"rotation":0,"texture":"#0"},"north":{"uv":[8.1875,8.5625,8.28125,8.859375],"tintindex":0,"rotation":0,"texture":"#0"},"west":{"uv":[7.25,2.0,7.703125,2.296875],"tintindex":0,"rotation":0,"texture":"#0"},"up":{"uv":[1.875,8.859375,1.78125,8.40625],"tintindex":0,"rotation":0,"texture":"#0"},"down":{"uv":[7.03125,8.40625,6.9375,8.859375],"tintindex":0,"rotation":0,"texture":"#0"}}},{"from":[13.282638,1.9288197,4.745819],"to":[13.282638,12.092819,15.587418],"faces":{"east":{"uv":[8.1875,7.4375,8.4375,7.671875],"tintindex":0,"rotation":0,"texture":"#0"},"west":{"uv":[8.4375,7.4375,8.1875,7.671875],"tintindex":0,"rotation":0,"texture":"#0"}},"rotation":{"origin":[13.282638,7.0108204,10.166618],"angle":22.5,"axis":"y"}},{"from":[9.3552,8.704819,-7.141506],"to":[11.3880005,11.415218,-4.4311066],"faces":{"east":{"uv":[1.5625,9.03125,1.625,9.09375],"tintindex":0,"rotation":0,"texture":"#0"},"south":{"uv":[9.03125,6.03125,9.078125,6.09375],"tintindex":0,"rotation":0,"texture":"#0"},"north":{"uv":[5.96875,9.03125,6.015625,9.09375],"tintindex":0,"rotation":0,"texture":"#0"},"west":{"uv":[9.03125,1.65625,9.09375,1.71875],"tintindex":0,"rotation":0,"texture":"#0"},"up":{"uv":[6.484375,9.09375,6.4375,9.03125],"tintindex":0,"rotation":0,"texture":"#0"},"down":{"uv":[6.546875,9.03125,6.5,9.09375],"tintindex":0,"rotation":0,"texture":"#0"}},"rotation":{"origin":[10.3716,10.06002,-5.7863045],"angle":22.5,"axis":"x"}},{"from":[9.9989195,11.408131,-1.7192955],"to":[12.031719,14.11853,7.767105],"faces":{"east":{"uv":[8.8125,0.53125,9.03125,0.59375],"tintindex":0,"rotation":0,"texture":"#0"},"south":{"uv":[6.75,9.03125,6.796875,9.09375],"tintindex":0,"rotation":0,"texture":"#0"},"north":{"uv":[6.6875,9.03125,6.734375,9.09375],"tintindex":0,"rotation":0,"texture":"#0"},"west":{"uv":[8.8125,4.875,9.03125,4.9375],"tintindex":0,"rotation":0,"texture":"#0"},"up":{"uv":[8.828125,9.09375,8.78125,8.875],"tintindex":0,"rotation":0,"texture":"#0"},"down":{"uv":[4.234375,8.90625,4.1875,9.125],"tintindex":0,"rotation":0,"texture":"#0"}},"rotation":{"origin":[11.01532,12.763329,3.023903],"angle":-22.5,"axis":"x"}},{"from":[11.01532,16.932068,11.27383],"to":[11.01532,23.708069,13.984234],"faces":{"east":{"uv":[8.90625,5.40625,8.96875,5.5625],"tintindex":0,"rotation":0,"texture":"#0"},"west":{"uv":[8.96875,5.40625,8.90625,5.5625],"tintindex":0,"rotation":0,"texture":"#0"}},"rotation":{"origin":[11.01532,20.320068,12.629032],"angle":-22.5,"axis":"x"}},{"from":[6.33988,13.779015,-1.3748245],"to":[6.33988,17.167015,8.111572],"faces":{"east":{"uv":[8.75,5.96875,8.96875,6.046875],"tintindex":0,"rotation":0,"texture":"#0"},"west":{"uv":[8.78125,2.21875,9.0,2.296875],"tintindex":0,"rotation":0,"texture":"#0"}},"rotation":{"origin":[6.33988,15.473015,3.3683739],"angle":-22.5,"axis":"x"}},{"from":[10.7104,4.738451,4.33659],"to":[12.7432,8.804052,8.402191],"faces":{"east":{"uv":[8.90625,8.46875,9.0,8.5625],"tintindex":0,"rotation":0,"texture":"#0"},"south":{"uv":[9.03125,0.375,9.078125,0.46875],"tintindex":0,"rotation":0,"texture":"#0"},"north":{"uv":[9.03125,0.28125,9.078125,0.375],"tintindex":0,"rotation":0,"texture":"#0"},"west":{"uv":[8.9375,0.125,9.03125,0.21875],"tintindex":0,"rotation":0,"texture":"#0"},"up":{"uv":[9.078125,0.5625,9.03125,0.46875],"tintindex":0,"rotation":0,"texture":"#0"},"down":{"uv":[0.609375,9.03125,0.5625,9.125],"tintindex":0,"rotation":0,"texture":"#0"}},"rotation":{"origin":[11.7268,6.7712517,6.3693924],"angle":-45.0,"axis":"x"}},{"from":[4.00216,12.445354,6.2140884],"to":[5.9672003,15.155754,10.279686],"faces":{"east":{"uv":[7.65625,5.53125,7.75,5.59375],"tintindex":0,"rotation":0,"texture":"#0"},"south":{"uv":[9.03125,4.6875,9.078125,4.75],"tintindex":0,"rotation":0,"texture":"#0"},"north":{"uv":[9.03125,4.625,9.078125,4.6875],"tintindex":0,"rotation":0,"texture":"#0"},"west":{"uv":[7.6875,7.84375,7.78125,7.90625],"tintindex":0,"rotation":0,"texture":"#0"},"up":{"uv":[5.234375,9.09375,5.1875,9.0],"tintindex":0,"rotation":0,"texture":"#0"},"down":{"uv":[9.078125,0.0,9.03125,0.09375],"tintindex":0,"rotation":0,"texture":"#0"}},"rotation":{"origin":[4.98468,13.800556,8.246887],"angle":22.5,"axis":"x"}},{"from":[5.2896,4.6392193,-6.125107],"to":[10.7104,7.349619,0.65089417],"faces":{"east":{"uv":[7.625,7.46875,7.78125,7.53125],"tintindex":0,"rotation":0,"texture":"#0"},"south":{"uv":[8.9375,4.5,9.0625,4.5625],"tintindex":0,"rotation":0,"texture":"#0"},"north":{"uv":[8.9375,4.4375,9.0625,4.5],"tintindex":0,"rotation":0,"texture":"#0"},"west":{"uv":[8.53125,5.46875,8.6875,5.53125],"tintindex":0,"rotation":0,"texture":"#0"},"up":{"uv":[1.125,9.0,1.0,8.84375],"tintindex":0,"rotation":0,"texture":"#0"},"down":{"uv":[1.25,8.84375,1.125,9.0],"tintindex":0,"rotation":0,"texture":"#0"}}},{"from":[2.7173624,1.9288197,4.745819],"to":[2.7173624,12.092819,15.587418],"faces":{"east":{"uv":[8.4375,4.75,8.1875,4.984375],"tintindex":0,"rotation":0,"texture":"#0"},"west":{"uv":[8.1875,4.75,8.4375,4.984375],"tintindex":0,"rotation":0,"texture":"#0"}},"rotation":{"origin":[2.7173624,7.0108204,10.166618],"angle":-22.5,"axis":"y"}},{"from":[4.64588,13.664516,11.662792],"to":[5.32348,18.407719,14.373192],"faces":{"east":{"uv":[3.375,8.9375,3.4375,9.046875],"tintindex":0,"rotation":0,"texture":"#0"},"south":{"uv":[2.96875,9.0625,2.984375,9.171875],"tintindex":0,"rotation":0,"texture":"#0"},"north":{"uv":[2.9375,9.0625,2.953125,9.171875],"tintindex":0,"rotation":0,"texture":"#0"},"west":{"uv":[4.4375,8.9375,4.5,9.046875],"tintindex":0,"rotation":0,"texture":"#0"},"up":{"uv":[4.515625,9.125,4.5,9.0625],"tintindex":0,"rotation":0,"texture":"#0"},"down":{"uv":[4.546875,9.0625,4.53125,9.125],"tintindex":0,"rotation":0,"texture":"#0"}},"rotation":{"origin":[4.98468,16.036118,13.01799],"angle":22.5,"axis":"x"}},{"from":[4.98468,16.932068,11.27383],"to":[4.98468,23.708069,13.984234],"faces":{"east":{"uv":[4.78125,8.90625,4.71875,9.0625],"tintindex":0,"rotation":0,"texture":"#0"},"west":{"uv":[4.71875,8.90625,4.78125,9.0625],"tintindex":0,"rotation":0,"texture":"#0"}},"rotation":{"origin":[4.98468,20.320068,12.629032],"angle":-22.5,"axis":"x"}}],"display":{"head":{"rotation":[0.0,0.0,0.0]},"firstperson_righthand":{"rotation":[0.0,0.0,0.0]},"thirdperson_lefthand":{"rotation":[0.0,0.0,0.0]},"firstperson_lefthand":{"rotation":[0.0,0.0,0.0]},"fixed":{"rotation":[0.0,0.0,0.0]},"ground":{"rotation":[0.0,0.0,0.0]},"thirdperson_righthand":{"rotation":[0.0,0.0,0.0]},"gui":{"rotation":[-150.0,-45.0,180.0]}},"gui_light":"front"}