{"textures​":{"layer0":"minecraft:item/snort_pottery_sherd"},"credit":"Made with Blockbench","texture_size":[64,64],"\u0074\u0065\u0078\u0074\u0075\u0072\u0065\u0073":{"1":"\u0068\u0061\u0074\u0073_\u0065\u0078\u0070\u0061\u006e\u0073\u0069\u006f\u006e:\u0066\u0072\u006f\u0067_\u0068\u0061\u0074","\u0070\u0061\u0072\u0074\u0069\u0063\u006c\u0065":"\u0068\u0061\u0074\u0073_\u0065\u0078\u0070\u0061\u006e\u0073\u0069\u006f\u006e:\u0066\u0072\u006f\u0067_\u0068\u0061\u0074"},"elements":[{"from":[4.75,2.75,7.25],"to":[8.75,6.75,9.25],"rotation":{"angle":22.5,"axis":"z","origin":[0,0,0]},"faces":{"north":{"uv":[3.5,5.5,4.5,6.5],"texture":"#1"},"east":{"uv":[4.5,5.5,5,6.5],"texture":"#1"},"south":{"uv":[5.5,4.5,6.5,5.5],"texture":"#1"},"west":{"uv":[0.5,7,1,8],"texture":"#1"},"up":{"uv":[7.5,6.5,6.5,6],"texture":"#1"},"down":{"uv":[2,7,1,7.5],"texture":"#1"}}},{"from":[6,8.75,7],"to":[10,12.75,9],"rotation":{"angle":-22.5,"axis":"z","origin":[0,0,0]},"faces":{"north":{"uv":[5.5,5.5,6.5,6.5],"texture":"#1"},"east":{"uv":[2,7,2.5,8],"texture":"#1"},"south":{"uv":[0,6,1,7],"texture":"#1"},"west":{"uv":[7,2,7.5,3],"texture":"#1"},"up":{"uv":[8,3.5,7,3],"texture":"#1"},"down":{"uv":[8,3.5,7,4],"texture":"#1"}}},{"from":[4,0,4],"to":[12,6,12],"faces":{"north":{"uv":[3,4,5,5.5],"texture":"#1","tintindex":0},"east":{"uv":[5,0,7,1.5],"texture":"#1","tintindex":0},"south":{"uv":[5,1.5,7,3],"texture":"#1","tintindex":0},"west":{"uv":[5,3,7,4.5],"texture":"#1","tintindex":0},"up":{"uv":[5,2,3,0],"texture":"#1","tintindex":0},"down":{"uv":[5,2,3,4],"texture":"#1","tintindex":0}}},{"from":[6,8.75,7],"to":[10,12.75,9],"rotation":{"angle":-22.5,"axis":"z","origin":[0,0,0]},"faces":{"north":{"uv":[1,6,2,7],"texture":"#1","tintindex":0},"east":{"uv":[2.5,7,3,8],"texture":"#1","tintindex":0},"south":{"uv":[2,6,3,7],"texture":"#1","tintindex":0},"west":{"uv":[5.5,7,6,8],"texture":"#1","tintindex":0},"up":{"uv":[8,4.5,7,4],"texture":"#1","tintindex":0},"down":{"uv":[7,7,6,7.5],"texture":"#1","tintindex":0}}},{"from":[4.75,2.75,7.25],"to":[8.75,6.75,9.25],"rotation":{"angle":22.5,"axis":"z","origin":[0,0,0]},"faces":{"north":{"uv":[3.5,6.5,4.5,7.5],"texture":"#1","tintindex":0},"east":{"uv":[7,7,7.5,8],"texture":"#1","tintindex":0},"south":{"uv":[4.5,6.5,5.5,7.5],"texture":"#1","tintindex":0},"west":{"uv":[7.5,0,8,1],"texture":"#1","tintindex":0},"up":{"uv":[2,8,1,7.5],"texture":"#1","tintindex":0},"down":{"uv":[8.5,1,7.5,1.5],"texture":"#1","tintindex":0}}},{"from":[2,0,2],"to":[14,0,14],"faces":{"north":{"uv":[0,0,3,0],"texture":"#1"},"east":{"uv":[0,0,3,0],"texture":"#1"},"south":{"uv":[0,0,3,0],"texture":"#1"},"west":{"uv":[0,0,3,0],"texture":"#1"},"up":{"uv":[3,3,0,0],"texture":"#1","tintindex":0},"down":{"uv":[3,3,0,6],"texture":"#1","tintindex":0}}},{"from":[4,-0.75,0],"to":[12,-0.75,2],"rotation":{"angle":-22.5,"axis":"x","origin":[0,0,0]},"faces":{"north":{"uv":[0,0,2,0],"texture":"#1"},"east":{"uv":[0,0,0.5,0],"texture":"#1"},"south":{"uv":[0,0,2,0],"texture":"#1"},"west":{"uv":[0,0,0.5,0],"texture":"#1"},"up":{"uv":[8.5,5,6.5,4.5],"texture":"#1","tintindex":0},"down":{"uv":[8.5,5,6.5,5.5],"texture":"#1","tintindex":0}}},{"from":[4,5.25,12.75],"to":[12,5.25,14.75],"rotation":{"angle":22.5,"axis":"x","origin":[0,0,0]},"faces":{"north":{"uv":[0,0,2,0],"texture":"#1"},"east":{"uv":[0,0,0.5,0],"texture":"#1"},"south":{"uv":[0,0,2,0],"texture":"#1"},"west":{"uv":[0,0,0.5,0],"texture":"#1"},"up":{"uv":[7.5,7,5.5,6.5],"texture":"#1","tintindex":0},"down":{"uv":[8.5,5.5,6.5,6],"texture":"#1","tintindex":0}}},{"from":[12.75,5.25,4],"to":[14.75,5.25,12],"rotation":{"angle":-22.5,"axis":"z","origin":[0,0,0]},"faces":{"north":{"uv":[0,0,0.5,0],"texture":"#1"},"east":{"uv":[0,0,2,0],"texture":"#1"},"south":{"uv":[0,0,0.5,0],"texture":"#1"},"west":{"uv":[0,0,2,0],"texture":"#1"},"up":{"uv":[0.5,9,0,7],"texture":"#1","tintindex":0},"down":{"uv":[7.5,0,7,2],"texture":"#1","tintindex":0}}},{"from":[0,-0.75,4],"to":[2,-0.75,12],"rotation":{"angle":22.5,"axis":"z","origin":[0,0,0]},"faces":{"north":{"uv":[0,0,0.5,0],"texture":"#1"},"east":{"uv":[0,0,2,0],"texture":"#1"},"south":{"uv":[0,0,0.5,0],"texture":"#1"},"west":{"uv":[0,0,2,0],"texture":"#1"},"up":{"uv":[5.5,6.5,5,4.5],"texture":"#1","tintindex":0},"down":{"uv":[3.5,5.5,3,7.5],"texture":"#1","tintindex":0}}}],"display":{"thirdperson_righthand":{"rotation":[40,40,0],"scale":[0.5,0.5,0.5]},"thirdperson_lefthand":{"rotation":[40,40,0],"scale":[0.5,0.5,0.5]},"firstperson_righthand":{"rotation":[0,130,0],"translation":[13.5,0,-14]},"firstperson_lefthand":{"rotation":[0,130,0],"translation":[13.5,0,-14]},"ground":{"translation":[0,1,0],"scale":[0.7,0.7,0.7]},"gui":{"rotation":[25,-157,0],"translation":[0,3.75,0],"scale":[0.8,0.8,0.8]},"head":{"rotation":[9,0,0],"translation":[0,18,2],"scale":[1.9,1.9,1.9]}},"gui_light":"front"}