{"textures​":{"layer0":"minecraft:item/sea_pickle"},"credit":"Made with Blockbench","texture_size":[64,64],"\u0074\u0065\u0078\u0074\u0075\u0072\u0065\u0073":{"0":"\u0068\u0061\u0074\u0073_\u0065\u0078\u0070\u0061\u006e\u0073\u0069\u006f\u006e:\u006a\u0065\u006c\u006c\u0079\u0066\u0069\u0073\u0068_\u0068\u0061\u0074","\u0070\u0061\u0072\u0074\u0069\u0063\u006c\u0065":"\u0068\u0061\u0074\u0073_\u0065\u0078\u0070\u0061\u006e\u0073\u0069\u006f\u006e:\u006a\u0065\u006c\u006c\u0079\u0066\u0069\u0073\u0068_\u0068\u0061\u0074"},"elements":[{"from":[3,0,3],"to":[13,8,13],"faces":{"north":{"uv":[7.5,8,10,10],"texture":"#0","tintindex":0},"east":{"uv":[5,9,7.5,11],"texture":"#0","tintindex":0},"south":{"uv":[0,9.5,2.5,11.5],"texture":"#0","tintindex":0},"west":{"uv":[2.5,9.5,5,11.5],"texture":"#0","tintindex":0},"up":{"uv":[5,2.5,2.5,0],"texture":"#0","tintindex":0},"down":{"uv":[5,2.5,2.5,5],"texture":"#0","tintindex":0}}},{"from":[3,0,3],"to":[13,8,13],"faces":{"north":{"uv":[7.5,0,10,2],"texture":"#0"},"east":{"uv":[7.5,2,10,4],"texture":"#0"},"south":{"uv":[7.5,4,10,6],"texture":"#0"},"west":{"uv":[7.5,6,10,8],"texture":"#0"},"up":{"uv":[2.5,2.5,0,0],"texture":"#0"},"down":{"uv":[2.5,2.5,0,5],"texture":"#0"}}},{"from":[3,-9,3],"to":[13,0,3],"rotation":{"angle":22.5,"axis":"x","origin":[3,0,3]},"faces":{"north":{"uv":[0,5,2.5,7.25],"texture":"#0","tintindex":0},"east":{"uv":[0,0,0,2.25],"texture":"#0","tintindex":0},"south":{"uv":[0,5,2.5,7.25],"texture":"#0","tintindex":0},"west":{"uv":[0,0,0,2.25],"texture":"#0"},"up":{"uv":[2.5,0,0,0],"texture":"#0"},"down":{"uv":[2.5,0,0,0],"texture":"#0"}}},{"from":[3,-12.75,12.25],"to":[13,-3.75,12.25],"rotation":{"angle":-22.5,"axis":"x","origin":[3,0,3]},"faces":{"north":{"uv":[0,5,2.5,7.25],"texture":"#0","tintindex":0},"east":{"uv":[0,0,0,2.25],"texture":"#0","tintindex":0},"south":{"uv":[0,5,2.5,7.25],"texture":"#0","tintindex":0},"west":{"uv":[0,0,0,2.25],"texture":"#0"},"up":{"uv":[2.5,0,0,0],"texture":"#0"},"down":{"uv":[2.5,0,0,0],"texture":"#0"}}},{"from":[3,-8.75,3],"to":[3,0.25,13],"rotation":{"angle":-22.5,"axis":"z","origin":[3,0,3]},"faces":{"north":{"uv":[0,0,0,2.25],"texture":"#0","tintindex":0},"east":{"uv":[0,5,2.5,7.25],"texture":"#0","tintindex":0},"south":{"uv":[0,0,0,2.25],"texture":"#0"},"west":{"uv":[0,5,2.5,7.25],"texture":"#0","tintindex":0},"up":{"uv":[0,2.5,0,0],"texture":"#0"},"down":{"uv":[0,0,0,2.5],"texture":"#0"}}},{"from":[12.25,-12.75,3],"to":[12.25,-3.75,13],"rotation":{"angle":22.5,"axis":"z","origin":[3,0,3]},"faces":{"north":{"uv":[0,0,0,2.25],"texture":"#0","tintindex":0},"east":{"uv":[0,5,2.5,7.25],"texture":"#0","tintindex":0},"south":{"uv":[0,0,0,2.25],"texture":"#0"},"west":{"uv":[0,5,2.5,7.25],"texture":"#0","tintindex":0},"up":{"uv":[0,2.5,0,0],"texture":"#0"},"down":{"uv":[0,0,0,2.5],"texture":"#0"}}}],"display":{"thirdperson_righthand":{"rotation":[40,40,0],"translation":[-0.25,1.5,-0.5],"scale":[0.5,0.5,0.5]},"thirdperson_lefthand":{"rotation":[40,40,0],"translation":[-2,0,0],"scale":[0.5,0.5,0.5]},"firstperson_righthand":{"rotation":[0,137,0],"translation":[13,0,-11],"scale":[0.6,0.6,0.6]},"firstperson_lefthand":{"rotation":[0,137,0],"translation":[13,0,-11],"scale":[0.6,0.6,0.5]},"ground":{"translation":[0,1.5,0],"scale":[0.5,0.5,0.5]},"gui":{"rotation":[31,-161,0],"translation":[0.25,4.75,0],"scale":[0.7,0.7,0.7]},"head":{"rotation":[8,0,5],"translation":[-1,14.25,1.5],"scale":[1.55,1.55,1.55]}},"gui_light":"front"}