{"model":{"type":"range_dispatch","property":"custom_model_data","index":0,"fallback":{"type":"model","model":"item/diamond_shovel"},"entries":[{"threshold":10003,"model":{"type":"model","model":"elitecreatures:christmas_eve_2023/shovel"}},{"threshold":10004,"model":{"type":"model","model":"elitecreatures:christmas_eve_2023/staff"}},{"threshold":10008,"model":{"type":"model","model":"elitecreatures:thanks_giving_2023_v1/shovel"}},{"threshold":10009,"model":{"type":"model","model":"item/diamond_shovel"}}]}}