{"textures​":{"layer0":"minecraft:item/tube_coral_wall_fan"},"\u0074\u0065\u0078\u0074\u0075\u0072\u0065\u0073":{"0":"\u006d\u006f\u0064\u0065\u006c\u0065\u006e\u0067\u0069\u006e\u0065:\u0065\u006e\u0074\u0069\u0074\u0079/4\u0064\u00641\u00660\u00636-72\u00659-3\u00622\u0066-\u0061218-\u006417\u0062698\u0062\u0065\u0061\u00644","\u0070\u0061\u0072\u0074\u0069\u0063\u006c\u0065":"#0"},"elements":[{"from":[5.8,5.8,0.8],"to":[10.2,10.2,15.2],"faces":{"east":{"uv":[5.5,6.875,7.25,7.375],"tintindex":0,"rotation":0,"texture":"#0"},"south":{"uv":[4.5,10.75,5.0,11.25],"tintindex":0,"rotation":0,"texture":"#0"},"north":{"uv":[10.75,4.0,11.25,4.5],"tintindex":0,"rotation":0,"texture":"#0"},"west":{"uv":[7.125,3.5,8.875,4.0],"tintindex":0,"rotation":0,"texture":"#0"},"up":{"uv":[2.375,9.0,1.875,7.25],"tintindex":0,"rotation":0,"texture":"#0"},"down":{"uv":[2.875,7.25,2.375,9.0],"tintindex":0,"rotation":0,"texture":"#0"}}},{"from":[6.0,6.0,1.0],"to":[10.0,10.0,15.0],"faces":{"east":{"uv":[5.625,6.375,7.375,6.875],"tintindex":0,"rotation":0,"texture":"#0"},"south":{"uv":[7.25,10.625,7.75,11.125],"tintindex":0,"rotation":0,"texture":"#0"},"north":{"uv":[9.5,3.5,10.0,4.0],"tintindex":0,"rotation":0,"texture":"#0"},"west":{"uv":[3.25,6.75,5.0,7.25],"tintindex":0,"rotation":0,"texture":"#0"},"up":{"uv":[5.5,8.5,5.0,6.75],"tintindex":0,"rotation":0,"texture":"#0"},"down":{"uv":[7.375,4.25,6.875,6.0],"tintindex":0,"rotation":0,"texture":"#0"}}}],"display":{"head":{"rotation":[0.0,0.0,0.0]},"firstperson_righthand":{"rotation":[0.0,0.0,0.0]},"thirdperson_lefthand":{"rotation":[0.0,0.0,0.0]},"firstperson_lefthand":{"rotation":[0.0,0.0,0.0]},"fixed":{"rotation":[0.0,0.0,0.0]},"ground":{"rotation":[0.0,0.0,0.0]},"thirdperson_righthand":{"rotation":[0.0,0.0,0.0]},"gui":{"rotation":[-150.0,-45.0,180.0]}},"gui_light":"front"}