{"model":{"type":"range_dispatch","property":"custom_model_data","index":0,"fallback":{"type":"model","model":"item/leather_horse_armor","tints":[{"type":"dye","default":-6265536}]},"entries":[{"threshold":1,"model":{"type":"model","model":"modelengine:voidmaw/bhole_centre","tints":[{"type":"dye","default":-6265536}]}},{"threshold":2,"model":{"type":"model","model":"modelengine:vfx_void_meteor/box7","tints":[{"type":"dye","default":-6265536}]}},{"threshold":3,"model":{"type":"model","model":"modelengine:voidmaw/jaw","tints":[{"type":"dye","default":-6265536}]}},{"threshold":4,"model":{"type":"model","model":"modelengine:vfx_void_missile/box7","tints":[{"type":"dye","default":-6265536}]}},{"threshold":5,"model":{"type":"model","model":"modelengine:voidmaw/bhole_ring","tints":[{"type":"dye","default":-6265536}]}},{"threshold":6,"model":{"type":"model","model":"modelengine:vfx_void_spiral/box2","tints":[{"type":"dye","default":-6265536}]}},{"threshold":7,"model":{"type":"model","model":"modelengine:vfx_void_spiral/box1","tints":[{"type":"dye","default":-6265536}]}},{"threshold":8,"model":{"type":"model","model":"modelengine:vfx_void_singularity/box15","tints":[{"type":"dye","default":-6265536}]}},{"threshold":9,"model":{"type":"model","model":"modelengine:vfx_void_spiral/box8","tints":[{"type":"dye","default":-6265536}]}},{"threshold":10,"model":{"type":"model","model":"modelengine:vfx_void_spiral/box3","tints":[{"type":"dye","default":-6265536}]}},{"threshold":11,"model":{"type":"model","model":"modelengine:voidmaw/teil2","tints":[{"type":"dye","default":-6265536}]}},{"threshold":12,"model":{"type":"model","model":"modelengine:voidmaw/teil1","tints":[{"type":"dye","default":-6265536}]}},{"threshold":13,"model":{"type":"model","model":"modelengine:voidmaw/head","tints":[{"type":"dye","default":-6265536}]}},{"threshold":14,"model":{"type":"model","model":"modelengine:voidmaw/bone","tints":[{"type":"dye","default":-6265536}]}},{"threshold":15,"model":{"type":"model","model":"modelengine:vfx_void_blast/box7","tints":[{"type":"dye","default":-6265536}]}},{"threshold":16,"model":{"type":"model","model":"modelengine:vfx_void_spiral/box6","tints":[{"type":"dye","default":-6265536}]}},{"threshold":17,"model":{"type":"model","model":"modelengine:vfx_void_explosion/box15","tints":[{"type":"dye","default":-6265536}]}},{"threshold":18,"model":{"type":"model","model":"modelengine:voidmaw/teil3","tints":[{"type":"dye","default":-6265536}]}},{"threshold":19,"model":{"type":"model","model":"modelengine:vfx_void_spiral/box5","tints":[{"type":"dye","default":-6265536}]}},{"threshold":20,"model":{"type":"model","model":"modelengine:vfx_void_spiral/box4","tints":[{"type":"dye","default":-6265536}]}},{"threshold":21,"model":{"type":"model","model":"modelengine:vfx_void_spiral/box7","tints":[{"type":"dye","default":-6265536}]}},{"threshold":22,"model":{"type":"model","model":"modelengine:vfx_void_explosion/box1","tints":[{"type":"dye","default":-6265536}]}},{"threshold":23,"model":{"type":"model","model":"modelengine:vfx_void_explosion/box4","tints":[{"type":"dye","default":-6265536}]}},{"threshold":24,"model":{"type":"model","model":"modelengine:vfx_void_explosion/box5","tints":[{"type":"dye","default":-6265536}]}},{"threshold":25,"model":{"type":"model","model":"modelengine:vfx_void_explosion/box2","tints":[{"type":"dye","default":-6265536}]}},{"threshold":26,"model":{"type":"model","model":"modelengine:vfx_void_explosion/box3","tints":[{"type":"dye","default":-6265536}]}},{"threshold":27,"model":{"type":"model","model":"modelengine:vfx_void_singularity/box1","tints":[{"type":"dye","default":-6265536}]}},{"threshold":28,"model":{"type":"model","model":"modelengine:vfx_void_singularity/box19","tints":[{"type":"dye","default":-6265536}]}},{"threshold":29,"model":{"type":"model","model":"modelengine:vfx_void_singularity/box16","tints":[{"type":"dye","default":-6265536}]}},{"threshold":30,"model":{"type":"model","model":"modelengine:vfx_void_singularity/box4","tints":[{"type":"dye","default":-6265536}]}},{"threshold":31,"model":{"type":"model","model":"modelengine:vfx_void_singularity/box5","tints":[{"type":"dye","default":-6265536}]}},{"threshold":32,"model":{"type":"model","model":"modelengine:vfx_void_singularity/box2","tints":[{"type":"dye","default":-6265536}]}},{"threshold":33,"model":{"type":"model","model":"modelengine:vfx_void_singularity/box17","tints":[{"type":"dye","default":-6265536}]}},{"threshold":34,"model":{"type":"model","model":"modelengine:vfx_void_singularity/box3","tints":[{"type":"dye","default":-6265536}]}},{"threshold":35,"model":{"type":"model","model":"modelengine:vfx_void_singularity/box18","tints":[{"type":"dye","default":-6265536}]}},{"threshold":36,"model":{"type":"model","model":"modelengine:vfx_void_singularity/box14","tints":[{"type":"dye","default":-6265536}]}},{"threshold":37,"model":{"type":"model","model":"modelengine:vfx_void_missile/box6","tints":[{"type":"dye","default":-6265536}]}},{"threshold":38,"model":{"type":"model","model":"modelengine:vfx_void_missile/box8","tints":[{"type":"dye","default":-6265536}]}},{"threshold":39,"model":{"type":"model","model":"modelengine:vfx_void_missile/box9","tints":[{"type":"dye","default":-6265536}]}},{"threshold":40,"model":{"type":"model","model":"modelengine:vfx_void_missile/box1","tints":[{"type":"dye","default":-6265536}]}},{"threshold":41,"model":{"type":"model","model":"modelengine:vfx_void_blast/box1","tints":[{"type":"dye","default":-6265536}]}},{"threshold":42,"model":{"type":"model","model":"modelengine:vfx_void_explosion/box14","tints":[{"type":"dye","default":-6265536}]}},{"threshold":43,"model":{"type":"model","model":"modelengine:vfx_void_missile/box2","tints":[{"type":"dye","default":-6265536}]}},{"threshold":44,"model":{"type":"model","model":"modelengine:vfx_void_blast/box6","tints":[{"type":"dye","default":-6265536}]}},{"threshold":45,"model":{"type":"model","model":"modelengine:vfx_void_missile/box3","tints":[{"type":"dye","default":-6265536}]}},{"threshold":46,"model":{"type":"model","model":"modelengine:vfx_void_blast/box8","tints":[{"type":"dye","default":-6265536}]}},{"threshold":47,"model":{"type":"model","model":"modelengine:vfx_void_blast/box4","tints":[{"type":"dye","default":-6265536}]}},{"threshold":48,"model":{"type":"model","model":"modelengine:vfx_void_blast/box5","tints":[{"type":"dye","default":-6265536}]}},{"threshold":49,"model":{"type":"model","model":"modelengine:vfx_void_blast/box9","tints":[{"type":"dye","default":-6265536}]}},{"threshold":50,"model":{"type":"model","model":"modelengine:vfx_void_blast/box2","tints":[{"type":"dye","default":-6265536}]}},{"threshold":51,"model":{"type":"model","model":"modelengine:vfx_void_blast/box3","tints":[{"type":"dye","default":-6265536}]}},{"threshold":52,"model":{"type":"model","model":"modelengine:vfx_void_meteor/box8","tints":[{"type":"dye","default":-6265536}]}},{"threshold":53,"model":{"type":"model","model":"modelengine:vfx_void_meteor/box6","tints":[{"type":"dye","default":-6265536}]}},{"threshold":54,"model":{"type":"model","model":"modelengine:vfx_void_meteor/box9","tints":[{"type":"dye","default":-6265536}]}},{"threshold":55,"model":{"type":"model","model":"modelengine:vfx_void_meteor/box1","tints":[{"type":"dye","default":-6265536}]}},{"threshold":56,"model":{"type":"model","model":"modelengine:vfx_void_meteor/box4","tints":[{"type":"dye","default":-6265536}]}},{"threshold":57,"model":{"type":"model","model":"modelengine:vfx_void_meteor/box5","tints":[{"type":"dye","default":-6265536}]}},{"threshold":58,"model":{"type":"model","model":"modelengine:vfx_void_meteor/box2","tints":[{"type":"dye","default":-6265536}]}},{"threshold":59,"model":{"type":"model","model":"modelengine:vfx_void_meteor/box3","tints":[{"type":"dye","default":-6265536}]}},{"threshold":60,"model":{"type":"model","model":"modelengine:voidjet/hitbox2","tints":[{"type":"dye","default":-6265536}]}},{"threshold":61,"model":{"type":"model","model":"modelengine:voidjet/right_top_arm","tints":[{"type":"dye","default":-6265536}]}},{"threshold":62,"model":{"type":"model","model":"modelengine:voidjet/bhole_centre","tints":[{"type":"dye","default":-6265536}]}},{"threshold":63,"model":{"type":"model","model":"modelengine:voidjet/left_top_arm","tints":[{"type":"dye","default":-6265536}]}},{"threshold":64,"model":{"type":"model","model":"modelengine:voidjet/bhole_ring","tints":[{"type":"dye","default":-6265536}]}},{"threshold":65,"model":{"type":"model","model":"modelengine:voidjet/right_bottom_arm","tints":[{"type":"dye","default":-6265536}]}},{"threshold":66,"model":{"type":"model","model":"modelengine:voidjet/left_bottom_arm","tints":[{"type":"dye","default":-6265536}]}},{"threshold":67,"model":{"type":"model","model":"modelengine:voidjet/teil7","tints":[{"type":"dye","default":-6265536}]}},{"threshold":68,"model":{"type":"model","model":"modelengine:voidjet/right_top_arm2","tints":[{"type":"dye","default":-6265536}]}},{"threshold":69,"model":{"type":"model","model":"modelengine:voidjet/left_top_arm2","tints":[{"type":"dye","default":-6265536}]}},{"threshold":70,"model":{"type":"model","model":"modelengine:voidjet/right_bottom_arm2","tints":[{"type":"dye","default":-6265536}]}},{"threshold":71,"model":{"type":"model","model":"modelengine:voidjet/left_bottom_arm2","tints":[{"type":"dye","default":-6265536}]}},{"threshold":72,"model":{"type":"model","model":"modelengine:voidjet/teil8","tints":[{"type":"dye","default":-6265536}]}},{"threshold":73,"model":{"type":"model","model":"modelengine:voidjet/teil9","tints":[{"type":"dye","default":-6265536}]}},{"threshold":74,"model":{"type":"model","model":"modelengine:voidbang/bhole_centre","tints":[{"type":"dye","default":-6265536}]}},{"threshold":75,"model":{"type":"model","model":"modelengine:voidbang/bhole_ring","tints":[{"type":"dye","default":-6265536}]}},{"threshold":76,"model":{"type":"model","model":"modelengine:voidbang/teil1","tints":[{"type":"dye","default":-6265536}]}},{"threshold":77,"model":{"type":"model","model":"modelengine:voidbang/teil7","tints":[{"type":"dye","default":-6265536}]}},{"threshold":78,"model":{"type":"model","model":"modelengine:voidbang/teil10","tints":[{"type":"dye","default":-6265536}]}},{"threshold":79,"model":{"type":"model","model":"modelengine:voidbang/teil4","tints":[{"type":"dye","default":-6265536}]}},{"threshold":80,"model":{"type":"model","model":"modelengine:voidbang/teil2","tints":[{"type":"dye","default":-6265536}]}},{"threshold":81,"model":{"type":"model","model":"modelengine:voidbang/teil8","tints":[{"type":"dye","default":-6265536}]}},{"threshold":82,"model":{"type":"model","model":"modelengine:voidbang/teil11","tints":[{"type":"dye","default":-6265536}]}},{"threshold":83,"model":{"type":"model","model":"modelengine:voidbang/teil5","tints":[{"type":"dye","default":-6265536}]}},{"threshold":84,"model":{"type":"model","model":"modelengine:voidbang/teil3","tints":[{"type":"dye","default":-6265536}]}},{"threshold":85,"model":{"type":"model","model":"modelengine:voidbang/teil9","tints":[{"type":"dye","default":-6265536}]}},{"threshold":86,"model":{"type":"model","model":"modelengine:voidbang/teil12","tints":[{"type":"dye","default":-6265536}]}},{"threshold":87,"model":{"type":"model","model":"modelengine:voidbang/teil6","tints":[{"type":"dye","default":-6265536}]}},{"threshold":88,"model":{"type":"model","model":"modelengine:voidsling/arm_right","tints":[{"type":"dye","default":-6265536}]}},{"threshold":89,"model":{"type":"model","model":"modelengine:voidsling/bhole_centre","tints":[{"type":"dye","default":-6265536}]}},{"threshold":90,"model":{"type":"model","model":"modelengine:voidsling/bhole_ring","tints":[{"type":"dye","default":-6265536}]}},{"threshold":91,"model":{"type":"model","model":"modelengine:voidsling/arm_left","tints":[{"type":"dye","default":-6265536}]}},{"threshold":92,"model":{"type":"model","model":"modelengine:voidsling/arm_right_2","tints":[{"type":"dye","default":-6265536}]}},{"threshold":93,"model":{"type":"model","model":"modelengine:voidsling/tail","tints":[{"type":"dye","default":-6265536}]}},{"threshold":94,"model":{"type":"model","model":"modelengine:voidsling/arm_left_2","tints":[{"type":"dye","default":-6265536}]}},{"threshold":95,"model":{"type":"model","model":"modelengine:voidsling/hand_right","tints":[{"type":"dye","default":-6265536}]}},{"threshold":96,"model":{"type":"model","model":"modelengine:voidsling/tail_1","tints":[{"type":"dye","default":-6265536}]}},{"threshold":97,"model":{"type":"model","model":"modelengine:voidsling/hand_left","tints":[{"type":"dye","default":-6265536}]}},{"threshold":98,"model":{"type":"model","model":"modelengine:voidsling/tail_2","tints":[{"type":"dye","default":-6265536}]}},{"threshold":99,"model":{"type":"model","model":"modelengine:voidsling/tail_tip","tints":[{"type":"dye","default":-6265536}]}},{"threshold":100,"model":{"type":"model","model":"modelengine:void_hydra/left_neck_1","tints":[{"type":"dye","default":-6265536}]}},{"threshold":101,"model":{"type":"model","model":"modelengine:void_hydra/tail_1","tints":[{"type":"dye","default":-6265536}]}},{"threshold":102,"model":{"type":"model","model":"modelengine:void_hydra/left_arm","tints":[{"type":"dye","default":-6265536}]}},{"threshold":103,"model":{"type":"model","model":"modelengine:void_hydra/right_neck_1","tints":[{"type":"dye","default":-6265536}]}},{"threshold":104,"model":{"type":"model","model":"modelengine:void_hydra/right_arm","tints":[{"type":"dye","default":-6265536}]}},{"threshold":105,"model":{"type":"model","model":"modelengine:void_hydra/black_hole","tints":[{"type":"dye","default":-6265536}]}},{"threshold":106,"model":{"type":"model","model":"modelengine:void_hydra/neck_1","tints":[{"type":"dye","default":-6265536}]}},{"threshold":107,"model":{"type":"model","model":"modelengine:void_hydra/left_neck_2","tints":[{"type":"dye","default":-6265536}]}},{"threshold":108,"model":{"type":"model","model":"modelengine:void_hydra/tail_2","tints":[{"type":"dye","default":-6265536}]}},{"threshold":109,"model":{"type":"model","model":"modelengine:void_hydra/left_elbow","tints":[{"type":"dye","default":-6265536}]}},{"threshold":110,"model":{"type":"model","model":"modelengine:void_hydra/right_neck_2","tints":[{"type":"dye","default":-6265536}]}},{"threshold":111,"model":{"type":"model","model":"modelengine:void_hydra/right_elbow","tints":[{"type":"dye","default":-6265536}]}},{"threshold":112,"model":{"type":"model","model":"modelengine:void_hydra/black_hole_ring","tints":[{"type":"dye","default":-6265536}]}},{"threshold":113,"model":{"type":"model","model":"modelengine:void_hydra/neck_2","tints":[{"type":"dye","default":-6265536}]}},{"threshold":114,"model":{"type":"model","model":"modelengine:void_hydra/left_neck_3","tints":[{"type":"dye","default":-6265536}]}},{"threshold":115,"model":{"type":"model","model":"modelengine:void_hydra/tail_3","tints":[{"type":"dye","default":-6265536}]}},{"threshold":116,"model":{"type":"model","model":"modelengine:void_hydra/left_hand","tints":[{"type":"dye","default":-6265536}]}},{"threshold":117,"model":{"type":"model","model":"modelengine:void_hydra/right_neck_3","tints":[{"type":"dye","default":-6265536}]}},{"threshold":118,"model":{"type":"model","model":"modelengine:void_hydra/right_hand","tints":[{"type":"dye","default":-6265536}]}},{"threshold":119,"model":{"type":"model","model":"modelengine:void_hydra/neck_3","tints":[{"type":"dye","default":-6265536}]}},{"threshold":120,"model":{"type":"model","model":"modelengine:void_hydra/left_neck_4","tints":[{"type":"dye","default":-6265536}]}},{"threshold":121,"model":{"type":"model","model":"modelengine:void_hydra/tail_4","tints":[{"type":"dye","default":-6265536}]}},{"threshold":122,"model":{"type":"model","model":"modelengine:void_hydra/left_mid","tints":[{"type":"dye","default":-6265536}]}},{"threshold":123,"model":{"type":"model","model":"modelengine:void_hydra/left_pink","tints":[{"type":"dye","default":-6265536}]}},{"threshold":124,"model":{"type":"model","model":"modelengine:void_hydra/left_point","tints":[{"type":"dye","default":-6265536}]}},{"threshold":125,"model":{"type":"model","model":"modelengine:void_hydra/right_neck_4","tints":[{"type":"dye","default":-6265536}]}},{"threshold":126,"model":{"type":"model","model":"modelengine:void_hydra/right_pink","tints":[{"type":"dye","default":-6265536}]}},{"threshold":127,"model":{"type":"model","model":"modelengine:void_hydra/right_point","tints":[{"type":"dye","default":-6265536}]}},{"threshold":128,"model":{"type":"model","model":"modelengine:void_hydra/right_mid","tints":[{"type":"dye","default":-6265536}]}},{"threshold":129,"model":{"type":"model","model":"modelengine:void_hydra/neck_4","tints":[{"type":"dye","default":-6265536}]}},{"threshold":130,"model":{"type":"model","model":"modelengine:void_hydra/tail_5","tints":[{"type":"dye","default":-6265536}]}},{"threshold":131,"model":{"type":"model","model":"modelengine:void_hydra/left_middle","tints":[{"type":"dye","default":-6265536}]}},{"threshold":132,"model":{"type":"model","model":"modelengine:void_hydra/left_pinky","tints":[{"type":"dye","default":-6265536}]}},{"threshold":133,"model":{"type":"model","model":"modelengine:void_hydra/left_pointy","tints":[{"type":"dye","default":-6265536}]}},{"threshold":134,"model":{"type":"model","model":"modelengine:void_hydra/right_pinky","tints":[{"type":"dye","default":-6265536}]}},{"threshold":135,"model":{"type":"model","model":"modelengine:void_hydra/right_pointy","tints":[{"type":"dye","default":-6265536}]}},{"threshold":136,"model":{"type":"model","model":"modelengine:void_hydra/right_middle","tints":[{"type":"dye","default":-6265536}]}},{"threshold":137,"model":{"type":"model","model":"modelengine:void_hydra/left_atomic_in","tints":[{"type":"dye","default":-6265536}]}},{"threshold":138,"model":{"type":"model","model":"modelengine:void_hydra/left_head","tints":[{"type":"dye","default":-6265536}]}},{"threshold":139,"model":{"type":"model","model":"modelengine:void_hydra/tail_6","tints":[{"type":"dye","default":-6265536}]}},{"threshold":140,"model":{"type":"model","model":"modelengine:void_hydra/right_atomic_in","tints":[{"type":"dye","default":-6265536}]}},{"threshold":141,"model":{"type":"model","model":"modelengine:void_hydra/right_head","tints":[{"type":"dye","default":-6265536}]}},{"threshold":142,"model":{"type":"model","model":"modelengine:void_hydra/head","tints":[{"type":"dye","default":-6265536}]}},{"threshold":143,"model":{"type":"model","model":"modelengine:void_hydra/mid_atomic_in","tints":[{"type":"dye","default":-6265536}]}},{"threshold":144,"model":{"type":"model","model":"modelengine:void_hydra/left_atomic_out","tints":[{"type":"dye","default":-6265536}]}},{"threshold":145,"model":{"type":"model","model":"modelengine:void_hydra/left_shout","tints":[{"type":"dye","default":-6265536}]}},{"threshold":146,"model":{"type":"model","model":"modelengine:void_hydra/left_jaw","tints":[{"type":"dye","default":-6265536}]}},{"threshold":147,"model":{"type":"model","model":"modelengine:void_hydra/tail_7","tints":[{"type":"dye","default":-6265536}]}},{"threshold":148,"model":{"type":"model","model":"modelengine:void_hydra/right_atomic_out","tints":[{"type":"dye","default":-6265536}]}},{"threshold":149,"model":{"type":"model","model":"modelengine:void_hydra/right_jaw","tints":[{"type":"dye","default":-6265536}]}},{"threshold":150,"model":{"type":"model","model":"modelengine:void_hydra/right_shout","tints":[{"type":"dye","default":-6265536}]}},{"threshold":151,"model":{"type":"model","model":"modelengine:void_hydra/jaw","tints":[{"type":"dye","default":-6265536}]}},{"threshold":152,"model":{"type":"model","model":"modelengine:void_hydra/mid_shout","tints":[{"type":"dye","default":-6265536}]}},{"threshold":153,"model":{"type":"model","model":"modelengine:void_hydra/mid_atomic_out2","tints":[{"type":"dye","default":-6265536}]}},{"threshold":154,"model":{"type":"model","model":"modelengine:void_hydra/tail_8","tints":[{"type":"dye","default":-6265536}]}},{"threshold":155,"model":{"type":"model","model":"modelengine:void_hydra/mid_bhin","tints":[{"type":"dye","default":-6265536}]}},{"threshold":156,"model":{"type":"model","model":"modelengine:void_hydra/mid_bhout","tints":[{"type":"dye","default":-6265536}]}},{"threshold":157,"model":{"type":"model","model":"modelengine:void_hydra/tail_hole","tints":[{"type":"dye","default":-6265536}]}},{"threshold":50000,"model":{"type":"model","model":"hats_expansion:adventurer_hat","tints":[{"type":"dye","default":-6265536}]}},{"threshold":50001,"model":{"type":"model","model":"hats_expansion:amongus_head","tints":[{"type":"dye","default":-6265536}]}},{"threshold":50002,"model":{"type":"model","model":"hats_expansion:axolotl_hat","tints":[{"type":"dye","default":-6265536}]}},{"threshold":50003,"model":{"type":"model","model":"hats_expansion:baseball_cap","tints":[{"type":"dye","default":-6265536}]}},{"threshold":50004,"model":{"type":"model","model":"hats_expansion:fedora","tints":[{"type":"dye","default":-6265536}]}},{"threshold":50005,"model":{"type":"model","model":"hats_expansion:frog_hat","tints":[{"type":"dye","default":-6265536}]}},{"threshold":50006,"model":{"type":"model","model":"hats_expansion:jellyfish_hat","tints":[{"type":"dye","default":-6265536}]}},{"threshold":50007,"model":{"type":"model","model":"hats_expansion:sensei","tints":[{"type":"dye","default":-6265536}]}},{"threshold":50008,"model":{"type":"model","model":"hats_expansion:sombrero","tints":[{"type":"dye","default":-6265536}]}},{"threshold":50009,"model":{"type":"model","model":"hats_expansion:straw_hat","tints":[{"type":"dye","default":-6265536}]}},{"threshold":50010,"model":{"type":"model","model":"hats_expansion:tv_head","tints":[{"type":"dye","default":-6265536}]}},{"threshold":50011,"model":{"type":"model","model":"hats_expansion:ufo_hat","tints":[{"type":"dye","default":-6265536}]}},{"threshold":50012,"model":{"type":"model","model":"item/leather_horse_armor","tints":[{"type":"dye","default":-6265536}]}}]},"oversized_in_gui":true}