{"textures​":{"layer0":"minecraft:item/chicken"},"credit":"Made by PolygonMC","texture_size":[24,24],"\u0074\u0065\u0078\u0074\u0075\u0072\u0065\u0073":{"1":"\u006e\u0065\u0078\u0075\u0073\u0073\u0065\u0074:\u0061\u006e\u0069\u006d\u0061\u0074\u0069\u006f\u006e\u0073/\u0061\u006e\u0069\u006d\u0061\u0074\u0069\u006f\u006e\u0073_\u0062\u006f\u006c\u0074","2":"\u006e\u0065\u0078\u0075\u0073\u0073\u0065\u0074:\u0061\u006e\u0069\u006d\u0061\u0074\u0069\u006f\u006e\u0073/\u0061\u006e\u0069\u006d\u0061\u0074\u0069\u006f\u006e\u0073_\u006e\u0065\u0078\u0075\u0073","3":"\u006e\u0065\u0078\u0075\u0073\u0073\u0065\u0074:\u0061\u0078\u0065","\u0070\u0061\u0072\u0074\u0069\u0063\u006c\u0065":"#1"},"elements":[{"from":[7.395,-1.105,7.395],"to":[8.605,0.105,8.605],"rotation":{"angle":-45,"axis":"x","origin":[8,-0.5,8]},"faces":{"north":{"uv":[11.33333,11.33333,12.16667,12.16667],"texture":"#3"},"east":{"uv":[0,12,0.83333,12.83333],"texture":"#3"},"south":{"uv":[12,1.33333,12.83333,2.16667],"texture":"#3"},"west":{"uv":[12,2.66667,12.83333,3.5],"texture":"#3"},"up":{"uv":[12.83333,4.83333,12,4],"texture":"#3"},"down":{"uv":[6.83333,12,6,12.83333],"texture":"#3"}}},{"from":[7.195,-0.905,7.595],"to":[8.805,-0.095,8.405],"rotation":{"angle":-45,"axis":"x","origin":[8,-0.5,8]},"faces":{"north":{"uv":[12,10,13,10.5],"texture":"#3"},"east":{"uv":[13.33333,5.33333,13.83333,5.83333],"texture":"#3"},"south":{"uv":[12,10.66667,13,11.16667],"texture":"#3"},"west":{"uv":[6,13.33333,6.5,13.83333],"texture":"#3"},"up":{"uv":[13.66667,0.5,12.66667,0],"texture":"#3"},"down":{"uv":[13.66667,0.66667,12.66667,1.16667],"texture":"#3"}}},{"from":[7.75,-1.25,6.525],"to":[8.25,-0.25,8.025],"rotation":{"angle":-22.5,"axis":"x","origin":[8,-0.75,7.025]},"faces":{"east":{"uv":[12,5.33333,13,6],"texture":"#3"},"west":{"uv":[9.33333,12,10.33333,12.66667],"texture":"#3"},"up":{"uv":[13.66667,5,13.33333,4],"texture":"#3"},"down":{"uv":[5,13.33333,4.66667,14.33333],"texture":"#3"}}},{"from":[7.5,-1.5,5.4],"to":[8.5,-0.5,7.4],"rotation":{"angle":22.5,"axis":"x","origin":[8,-1,6.4]},"faces":{"north":{"uv":[10,1.33333,10.66667,2],"texture":"#3"},"east":{"uv":[10.66667,2.66667,12,3.33333],"texture":"#3"},"south":{"uv":[2,12.66667,2.66667,13.33333],"texture":"#3"},"west":{"uv":[11.33333,0,12.66667,0.66667],"texture":"#3"},"up":{"uv":[2.66667,12.66667,2,11.33333],"texture":"#3"},"down":{"uv":[12,3.33333,11.33333,4.66667],"texture":"#3"}}},{"from":[7.5015,-1.5,4.93492],"to":[8.4985,-0.5,5.93492],"rotation":{"angle":-22.5,"axis":"x","origin":[8.0015,-1,4.93492]},"faces":{"north":{"uv":[5.33333,12.66667,6,13.33333],"texture":"#3"},"east":{"uv":[12.66667,6.66667,13.33333,7.33333],"texture":"#3"},"west":{"uv":[7.33333,12.66667,8,13.33333],"texture":"#3"},"up":{"uv":[13.33333,8,12.66667,7.33333],"texture":"#3"},"down":{"uv":[13.33333,8,12.66667,8.66667],"texture":"#3"}}},{"from":[7.5,-0.25,7.5],"to":[8.5,0.75,8.5],"rotation":{"angle":0,"axis":"y","origin":[7.5,-0.25,7.5]},"faces":{"north":{"uv":[12.66667,8.66667,13.33333,9.33333],"texture":"#3"},"east":{"uv":[9.33333,12.66667,10,13.33333],"texture":"#3"},"south":{"uv":[12.66667,9.33333,13.33333,10],"texture":"#3"},"west":{"uv":[10,12.66667,10.66667,13.33333],"texture":"#3"},"up":{"uv":[11.33333,13.33333,10.66667,12.66667],"texture":"#3"},"down":{"uv":[12,12.66667,11.33333,13.33333],"texture":"#3"}}},{"from":[7.5,3.55,7.5],"to":[8.5,5.55,8.5],"rotation":{"angle":0,"axis":"y","origin":[7.5,3.55,7.5]},"faces":{"north":{"uv":[4,11.33333,4.66667,12.66667],"texture":"#3"},"east":{"uv":[4.66667,11.33333,5.33333,12.66667],"texture":"#3"},"south":{"uv":[11.33333,4.66667,12,6],"texture":"#3"},"west":{"uv":[5.33333,11.33333,6,12.66667],"texture":"#3"},"down":{"uv":[13.33333,11.33333,12.66667,12],"texture":"#3"}}},{"from":[7.6,0.75,7.6],"to":[8.4,3.55,8.4],"rotation":{"angle":0,"axis":"y","origin":[7.5,1.65,7.5]},"faces":{"north":{"uv":[3.33333,10,3.83333,11.83333],"texture":"#3"},"east":{"uv":[10.66667,7.33333,11.16667,9.16667],"texture":"#3"},"south":{"uv":[10.66667,9.33333,11.16667,11.16667],"texture":"#3"},"west":{"uv":[1.33333,11.33333,1.83333,13.16667],"texture":"#3"}}},{"from":[7.4,11,7],"to":[8.6,13,9],"rotation":{"angle":45,"axis":"x","origin":[8,12,8]},"faces":{"north":{"uv":[9.33333,7.33333,10.16667,8.66667],"texture":"#3"},"east":{"uv":[8,5.33333,9.33333,6.66667],"texture":"#3"},"south":{"uv":[9.33333,8.66667,10.16667,10],"texture":"#3"},"west":{"uv":[8,6.66667,9.33333,8],"texture":"#3"},"up":{"uv":[10.83333,1.33333,10,0],"texture":"#3"},"down":{"uv":[2.16667,10,1.33333,11.33333],"texture":"#3"}}},{"from":[7.2,11.2,7.2],"to":[8.8,12.8,8.8],"rotation":{"angle":45,"axis":"x","origin":[8,12,8]},"faces":{"north":{"uv":[10,3.33333,11,4.33333],"texture":"#3"},"east":{"uv":[10,4.66667,11,5.66667],"texture":"#3"},"south":{"uv":[10,6,11,7],"texture":"#3"},"west":{"uv":[8,10,9,11],"texture":"#3"},"up":{"uv":[10.33333,11,9.33333,10],"texture":"#3"},"down":{"uv":[11.66667,1.33333,10.66667,2.33333],"texture":"#3"}}},{"from":[7,11.25,6.25],"to":[9,14.25,7.25],"rotation":{"angle":0,"axis":"y","origin":[7,6,7.25]},"faces":{"north":{"uv":[11.16667,14,12.5,16],"texture":"#3"},"east":{"uv":[8,8,8.66667,10],"texture":"#3"},"south":{"uv":[12.5,14,13.83333,16],"texture":"#3"},"west":{"uv":[8.66667,0,9.33333,2],"texture":"#3"},"up":{"uv":[12.66667,1.33333,11.33333,0.66667],"texture":"#3"},"down":{"uv":[7.33333,11.33333,6,12],"texture":"#3"}}},{"from":[7.001,13.75,6.45711],"to":[8.999,14.75,7.45711],"rotation":{"angle":45,"axis":"x","origin":[8.001,14.25,6.95711]},"faces":{"north":{"uv":[11.33333,6,12.66667,6.66667],"texture":"#3"},"east":{"uv":[12,12.66667,12.66667,13.33333],"texture":"#3"},"south":{"uv":[11.33333,6.66667,12.66667,7.33333],"texture":"#3"},"west":{"uv":[12.66667,12,13.33333,12.66667],"texture":"#3"},"up":{"uv":[12.66667,8,11.33333,7.33333],"texture":"#3"}}},{"from":[7.001,10.75,6.04289],"to":[8.999,11.75,7.04289],"rotation":{"angle":45,"axis":"x","origin":[8.001,11.25,6.54289]},"faces":{"north":{"uv":[8,11.33333,9.33333,12],"texture":"#3"},"east":{"uv":[12.66667,12.66667,13.33333,13.33333],"texture":"#3"},"south":{"uv":[11.33333,8,12.66667,8.66667],"texture":"#3"},"west":{"uv":[0,13.33333,0.66667,14],"texture":"#3"},"down":{"uv":[12.66667,8.66667,11.33333,9.33333],"texture":"#3"}}},{"from":[7.5,12.6,4.5],"to":[8.5,13.6,6.5],"rotation":{"angle":-22.5,"axis":"x","origin":[8,13.35,5]},"faces":{"north":{"uv":[0.66667,13.33333,1.33333,14],"texture":"#3"},"east":{"uv":[9.33333,11.33333,10.66667,12],"texture":"#3"},"south":{"uv":[1.33333,13.33333,2,14],"texture":"#3"},"west":{"uv":[11.33333,9.33333,12.66667,10],"texture":"#3"},"up":{"uv":[12,11.33333,11.33333,10],"texture":"#3"},"down":{"uv":[11.33333,11.33333,10.66667,12.66667],"texture":"#3"}}},{"from":[7.501,12.21732,2.07403],"to":[8.499,13.21732,5.07403],"rotation":{"angle":22.5,"axis":"x","origin":[8.001,12.96732,5.57403]},"faces":{"north":{"uv":[13.33333,1.33333,14,2],"texture":"#3"},"east":{"uv":[8.66667,2,10.66667,2.66667],"texture":"#3"},"west":{"uv":[8.66667,2.66667,10.66667,3.33333],"texture":"#3"},"up":{"uv":[9.33333,5.33333,8.66667,3.33333],"texture":"#3"},"down":{"uv":[9.33333,8,8.66667,10],"texture":"#3"}}},{"from":[7.75,13.21732,3.82403],"to":[8.25,14.21732,4.32403],"rotation":{"angle":22.5,"axis":"x","origin":[8,12.96732,5.57403]},"faces":{"north":{"uv":[6.66667,13.33333,7,14],"texture":"#3"},"east":{"uv":[13.33333,6.66667,13.66667,7.33333],"texture":"#3"},"south":{"uv":[7.33333,13.33333,7.66667,14],"texture":"#3"},"west":{"uv":[13.33333,7.33333,13.66667,8],"texture":"#3"},"up":{"uv":[11.66667,13.66667,11.33333,13.33333],"texture":"#3"}}},{"from":[7.751,13.91358,3.23999],"to":[8.249,14.63858,4.66499],"rotation":{"angle":-22.5,"axis":"x","origin":[8.001,14.13858,4.16499]},"faces":{"north":{"uv":[13.33333,10.66667,13.66667,11.16667],"texture":"#3"},"east":{"uv":[4,12.66667,5,13.16667],"texture":"#3"},"west":{"uv":[12.66667,6,13.66667,6.5],"texture":"#3"},"up":{"uv":[5.66667,14.33333,5.33333,13.33333],"texture":"#3"}}},{"from":[7.5,12,6.5],"to":[8.5,15,9.5],"rotation":{"angle":-45,"axis":"x","origin":[8,13.5,8]},"faces":{"north":{"uv":[9.33333,0,10,2],"texture":"#3"},"east":{"uv":[5.33333,1.33333,7.33333,3.33333],"texture":"#3"},"south":{"uv":[9.33333,3.33333,10,5.33333],"texture":"#3"},"west":{"uv":[5.33333,3.33333,7.33333,5.33333],"texture":"#3"},"up":{"uv":[6,11.33333,5.33333,9.33333],"texture":"#3"},"down":{"uv":[10,5.33333,9.33333,7.33333],"texture":"#3"}}},{"from":[7.75,6.5,6.5],"to":[8.25,11.5,7.5],"rotation":{"angle":0,"axis":"y","origin":[7.25,20,0]},"faces":{"north":{"uv":[7.33333,9.33333,7.66667,12.66667],"texture":"#3"},"east":{"uv":[14.16667,4,14.83333,7.33333],"texture":"#3"},"south":{"uv":[2.66667,10,3,13.33333],"texture":"#3"},"west":{"uv":[14.83333,4,15.5,7.33333],"texture":"#3"},"up":{"uv":[8.33333,14,8,13.33333],"texture":"#3"},"down":{"uv":[13.66667,8,13.33333,8.66667],"texture":"#3"}}},{"from":[7.752,7.70711,5.79289],"to":[8.248,10.70711,6.79289],"rotation":{"angle":0,"axis":"y","origin":[7.252,23.20711,-0.70711]},"faces":{"north":{"uv":[3.33333,12,3.66667,14],"texture":"#3"},"east":{"uv":[6,9.33333,6.66667,11.33333],"texture":"#3"},"west":{"uv":[6.66667,9.33333,7.33333,11.33333],"texture":"#3"}}},{"from":[7.751,6,6.70711],"to":[8.249,7,7.70711],"rotation":{"angle":-45,"axis":"x","origin":[8.001,6.5,7.20711]},"faces":{"north":{"uv":[8.66667,13.33333,9,14],"texture":"#3"},"east":{"uv":[2,13.33333,2.66667,14],"texture":"#3"},"south":{"uv":[13.33333,8.66667,13.66667,9.33333],"texture":"#3"},"west":{"uv":[13.33333,2,14,2.66667],"texture":"#3"},"down":{"uv":[9.66667,13.33333,9.33333,14],"texture":"#3"}}},{"from":[7.751,7.20711,6],"to":[8.249,8.20711,7],"rotation":{"angle":-45,"axis":"x","origin":[8.001,7.70711,6.5]},"faces":{"north":{"uv":[13.33333,9.33333,13.66667,10],"texture":"#3"},"east":{"uv":[2.66667,13.33333,3.33333,14],"texture":"#3"},"west":{"uv":[13.33333,2.66667,14,3.33333],"texture":"#3"},"up":{"uv":[10.33333,14,10,13.33333],"texture":"#3"}}},{"from":[7.751,10.20711,6],"to":[8.249,11.20711,7],"rotation":{"angle":-45,"axis":"x","origin":[8.001,10.70711,6.5]},"faces":{"north":{"uv":[13.33333,10,13.66667,10.66667],"texture":"#3"},"east":{"uv":[13.33333,3.33333,14,4],"texture":"#3"},"west":{"uv":[4,13.33333,4.66667,14],"texture":"#3"},"up":{"uv":[11,14,10.66667,13.33333],"texture":"#3"}}},{"from":[7.975,-1.5,2.5],"to":[8.025,0.5,7.5],"rotation":{"angle":22.5,"axis":"x","origin":[7.975,-1.5,5.5]},"faces":{"east":{"uv":[8.66667,0,5.33333,1.33333],"texture":"#3"},"west":{"uv":[5.33333,0,8.66667,1.33333],"texture":"#3"}}},{"from":[7.425,5.55,7.425],"to":[8.575,11.25,8.575],"rotation":{"angle":0,"axis":"y","origin":[7.5,5.55,7.5]},"faces":{"north":{"uv":[5.33333,5.33333,6.16667,9.16667],"texture":"#3"},"east":{"uv":[6.66667,5.33333,7.5,9.16667],"texture":"#3"},"south":{"uv":[7.33333,1.33333,8.16667,5.16667],"texture":"#3"},"west":{"uv":[14.16667,0,15,3.83333],"texture":"#3"},"down":{"uv":[8.83333,12,8,12.83333],"texture":"#3"}}},{"from":[7.975,5,-1],"to":[8.025,17,6.5],"rotation":{"angle":0,"axis":"y","origin":[7.975,0,0]},"faces":{"east":{"uv":[5,0,0,8],"texture":"#3"},"west":{"uv":[0,0,5,8],"texture":"#3"}}},{"from":[7.5015,-1.5,10.06508],"to":[8.4985,-0.5,11.06508],"rotation":{"angle":22.5,"axis":"x","origin":[8.0015,-1,11.06508]},"faces":{"east":{"uv":[13.33333,6.66667,12.66667,7.33333],"texture":"#3"},"south":{"uv":[6,12.66667,5.33333,13.33333],"texture":"#3"},"west":{"uv":[8,12.66667,7.33333,13.33333],"texture":"#3"},"up":{"uv":[13.33333,7.33333,12.66667,8],"texture":"#3"},"down":{"uv":[13.33333,8.66667,12.66667,8],"texture":"#3"}}},{"from":[7.5,12.6,9.5],"to":[8.5,13.6,11.5],"rotation":{"angle":22.5,"axis":"x","origin":[8,13.35,11]},"faces":{"north":{"uv":[2,13.33333,1.33333,14],"texture":"#3"},"east":{"uv":[10.66667,11.33333,9.33333,12],"texture":"#3"},"south":{"uv":[1.33333,13.33333,0.66667,14],"texture":"#3"},"west":{"uv":[12.66667,9.33333,11.33333,10],"texture":"#3"},"up":{"uv":[12,10,11.33333,11.33333],"texture":"#3"},"down":{"uv":[11.33333,12.66667,10.66667,11.33333],"texture":"#3"}}},{"from":[7.501,12.21732,10.92597],"to":[8.499,13.21732,13.92597],"rotation":{"angle":-22.5,"axis":"x","origin":[8.001,12.96732,10.42597]},"faces":{"east":{"uv":[10.66667,2,8.66667,2.66667],"texture":"#3"},"south":{"uv":[14,1.33333,13.33333,2],"texture":"#3"},"west":{"uv":[10.66667,2.66667,8.66667,3.33333],"texture":"#3"},"up":{"uv":[9.33333,3.33333,8.66667,5.33333],"texture":"#3"},"down":{"uv":[9.33333,10,8.66667,8],"texture":"#3"}}},{"from":[7.75,13.21732,11.67597],"to":[8.25,14.21732,12.17597],"rotation":{"angle":-22.5,"axis":"x","origin":[8,12.96732,10.42597]},"faces":{"north":{"uv":[7.66667,13.33333,7.33333,14],"texture":"#3"},"east":{"uv":[13.66667,6.66667,13.33333,7.33333],"texture":"#3"},"south":{"uv":[7,13.33333,6.66667,14],"texture":"#3"},"west":{"uv":[13.66667,7.33333,13.33333,8],"texture":"#3"},"up":{"uv":[11.66667,13.33333,11.33333,13.66667],"texture":"#3"}}},{"from":[7.751,13.91358,11.33501],"to":[8.249,14.63858,12.76001],"rotation":{"angle":22.5,"axis":"x","origin":[8.001,14.13858,11.83501]},"faces":{"east":{"uv":[5,12.66667,4,13.16667],"texture":"#3"},"south":{"uv":[13.66667,10.66667,13.33333,11.16667],"texture":"#3"},"west":{"uv":[13.66667,6,12.66667,6.5],"texture":"#3"},"up":{"uv":[5.66667,13.33333,5.33333,14.33333],"texture":"#3"}}},{"from":[7.975,-1.5,8.5],"to":[8.025,0.5,13.5],"rotation":{"angle":-22.5,"axis":"x","origin":[7.975,-1.5,10.5]},"faces":{"east":{"uv":[5.33333,0,8.66667,1.33333],"texture":"#3"},"west":{"uv":[8.66667,0,5.33333,1.33333],"texture":"#3"}}},{"from":[7.975,5,9.5],"to":[8.025,17,17],"rotation":{"angle":0,"axis":"y","origin":[7.975,0,16]},"faces":{"east":{"uv":[0,0,5,8],"texture":"#3"},"west":{"uv":[5,0,0,8],"texture":"#3"}}},{"from":[7.75,-1.25,7.975],"to":[8.25,-0.25,9.475],"rotation":{"angle":22.5,"axis":"x","origin":[8,-0.75,8.975]},"faces":{"east":{"uv":[13,5.33333,12,6],"texture":"#3"},"west":{"uv":[10.33333,12,9.33333,12.66667],"texture":"#3"},"up":{"uv":[13.66667,4,13.33333,5],"texture":"#3"},"down":{"uv":[5,14.33333,4.66667,13.33333],"texture":"#3"}}},{"from":[7.5,-1.5,8.6],"to":[8.5,-0.5,10.6],"rotation":{"angle":-22.5,"axis":"x","origin":[8,-1,9.6]},"faces":{"north":{"uv":[2.66667,12.66667,2,13.33333],"texture":"#3"},"east":{"uv":[12,2.66667,10.66667,3.33333],"texture":"#3"},"south":{"uv":[10.66667,1.33333,10,2],"texture":"#3"},"west":{"uv":[12.66667,0,11.33333,0.66667],"texture":"#3"},"up":{"uv":[2.66667,11.33333,2,12.66667],"texture":"#3"},"down":{"uv":[12,4.66667,11.33333,3.33333],"texture":"#3"}}},{"from":[7.001,13.75,8.54289],"to":[8.999,14.75,9.54289],"rotation":{"angle":-45,"axis":"x","origin":[8.001,14.25,9.04289]},"faces":{"north":{"uv":[12.66667,6.66667,11.33333,7.33333],"texture":"#3"},"east":{"uv":[12.66667,12.66667,12,13.33333],"texture":"#3"},"south":{"uv":[12.66667,6,11.33333,6.66667],"texture":"#3"},"west":{"uv":[13.33333,12,12.66667,12.66667],"texture":"#3"},"up":{"uv":[12.66667,7.33333,11.33333,8],"texture":"#3"}}},{"from":[7,11.25,8.75],"to":[9,14.25,9.75],"rotation":{"angle":0,"axis":"y","origin":[7,6,8.75]},"faces":{"north":{"uv":[13.83333,14,12.5,16],"texture":"#3"},"east":{"uv":[8.66667,8,8,10],"texture":"#3"},"south":{"uv":[12.5,14,11.16667,16],"texture":"#3"},"west":{"uv":[9.33333,0,8.66667,2],"texture":"#3"},"up":{"uv":[12.66667,0.66667,11.33333,1.33333],"texture":"#3"},"down":{"uv":[7.33333,12,6,11.33333],"texture":"#3"}}},{"from":[7.001,10.75,8.95711],"to":[8.999,11.75,9.95711],"rotation":{"angle":-45,"axis":"x","origin":[8.001,11.25,9.45711]},"faces":{"north":{"uv":[12.66667,8,11.33333,8.66667],"texture":"#3"},"east":{"uv":[13.33333,12.66667,12.66667,13.33333],"texture":"#3"},"south":{"uv":[9.33333,11.33333,8,12],"texture":"#3"},"west":{"uv":[0.66667,13.33333,0,14],"texture":"#3"},"down":{"uv":[12.66667,9.33333,11.33333,8.66667],"texture":"#3"}}},{"from":[7.751,10.20711,9],"to":[8.249,11.20711,10],"rotation":{"angle":45,"axis":"x","origin":[8.001,10.70711,9.5]},"faces":{"east":{"uv":[14,3.33333,13.33333,4],"texture":"#3"},"south":{"uv":[13.66667,10,13.33333,10.66667],"texture":"#3"},"west":{"uv":[4.66667,13.33333,4,14],"texture":"#3"},"up":{"uv":[11,13.33333,10.66667,14],"texture":"#3"}}},{"from":[7.752,7.70711,9.20711],"to":[8.248,10.70711,10.20711],"rotation":{"angle":0,"axis":"y","origin":[7.252,23.20711,16.70711]},"faces":{"east":{"uv":[6.66667,9.33333,6,11.33333],"texture":"#3"},"south":{"uv":[3.66667,12,3.33333,14],"texture":"#3"},"west":{"uv":[7.33333,9.33333,6.66667,11.33333],"texture":"#3"}}},{"from":[7.751,7.20711,9],"to":[8.249,8.20711,10],"rotation":{"angle":45,"axis":"x","origin":[8.001,7.70711,9.5]},"faces":{"east":{"uv":[3.33333,13.33333,2.66667,14],"texture":"#3"},"south":{"uv":[13.66667,9.33333,13.33333,10],"texture":"#3"},"west":{"uv":[14,2.66667,13.33333,3.33333],"texture":"#3"},"up":{"uv":[10.33333,13.33333,10,14],"texture":"#3"}}},{"from":[7.75,6.5,8.5],"to":[8.25,11.5,9.5],"rotation":{"angle":0,"axis":"y","origin":[7.25,20,16]},"faces":{"north":{"uv":[3,10,2.66667,13.33333],"texture":"#3"},"east":{"uv":[14.83333,4,14.16667,7.33333],"texture":"#3"},"south":{"uv":[7.66667,9.33333,7.33333,12.66667],"texture":"#3"},"west":{"uv":[15.5,4,14.83333,7.33333],"texture":"#3"},"up":{"uv":[8.33333,13.33333,8,14],"texture":"#3"},"down":{"uv":[13.66667,8.66667,13.33333,8],"texture":"#3"}}},{"from":[7.751,6,8.29289],"to":[8.249,7,9.29289],"rotation":{"angle":45,"axis":"x","origin":[8.001,6.5,8.79289]},"faces":{"north":{"uv":[13.66667,8.66667,13.33333,9.33333],"texture":"#3"},"east":{"uv":[2.66667,13.33333,2,14],"texture":"#3"},"south":{"uv":[9,13.33333,8.66667,14],"texture":"#3"},"west":{"uv":[14,2,13.33333,2.66667],"texture":"#3"},"down":{"uv":[9.66667,14,9.33333,13.33333],"texture":"#3"}}},{"from":[7.85,4.5,0],"to":[7.85,9,2.25],"rotation":{"angle":-22.5,"axis":"x","origin":[7.85,6.5,1.125]},"faces":{"west":{"uv":[12.33333,0,15.33333,6],"texture":"#1"}}},{"from":[7.75,-2.5,0],"to":[7.75,2,2.25],"rotation":{"angle":-22.5,"axis":"x","origin":[7.75,7.5,1.875]},"faces":{"west":{"uv":[9.33333,0,12.33333,6],"texture":"#1"}}},{"from":[7.7,8,-1],"to":[7.7,19,3],"rotation":{"angle":22.5,"axis":"x","origin":[7.7,13.5,1]},"faces":{"west":{"uv":[5.33333,0,0,14.66667],"texture":"#1"}}},{"from":[7.85,4.5,13.75],"to":[7.85,9,16],"rotation":{"angle":22.5,"axis":"x","origin":[7.85,6.5,14.875]},"faces":{"west":{"uv":[15.33333,0,12.33333,6],"texture":"#1"}}},{"from":[7.75,-2.5,13.75],"to":[7.75,2,16],"rotation":{"angle":22.5,"axis":"x","origin":[7.75,7.5,14.125]},"faces":{"west":{"uv":[12.33333,0,9.33333,6],"texture":"#1"}}},{"from":[7.7,8,13],"to":[7.7,19,17],"rotation":{"angle":-22.5,"axis":"x","origin":[7.7,13.5,15]},"faces":{"west":{"uv":[0,0,5.33333,14.66667],"texture":"#1"}}},{"from":[6.9,9.5,5.5],"to":[6.9,14.5,10.5],"rotation":{"angle":0,"axis":"x","origin":[6.75,6,8]},"faces":{"west":{"uv":[0,0,10,10],"texture":"#2"}}},{"from":[8.15,4.5,0],"to":[8.15,9,2.25],"rotation":{"angle":-22.5,"axis":"x","origin":[8.15,6.5,1.125]},"faces":{"east":{"uv":[15.33333,0,12.33333,6],"texture":"#1"}}},{"from":[8.25,-2.5,0],"to":[8.25,2,2.25],"rotation":{"angle":-22.5,"axis":"x","origin":[8.25,7.5,1.875]},"faces":{"east":{"uv":[12.33333,0,9.33333,6],"texture":"#1"}}},{"from":[8.3,8,-1],"to":[8.3,19,3],"rotation":{"angle":22.5,"axis":"x","origin":[8.3,13.5,1]},"faces":{"east":{"uv":[0,0,5.33333,14.66667],"texture":"#1"}}},{"from":[8.15,4.5,13.75],"to":[8.15,9,16],"rotation":{"angle":22.5,"axis":"x","origin":[8.15,6.5,14.875]},"faces":{"east":{"uv":[12.33333,0,15.33333,6],"texture":"#1"}}},{"from":[8.25,-2.5,13.75],"to":[8.25,2,16],"rotation":{"angle":22.5,"axis":"x","origin":[8.25,7.5,14.125]},"faces":{"east":{"uv":[9.33333,0,12.33333,6],"texture":"#1"}}},{"from":[8.3,8,13],"to":[8.3,19,17],"rotation":{"angle":-22.5,"axis":"x","origin":[8.3,13.5,15]},"faces":{"east":{"uv":[5.33333,0,0,14.66667],"texture":"#1"}}},{"from":[9.1,9.5,5.5],"to":[9.1,14.5,10.5],"rotation":{"angle":0,"axis":"x","origin":[9.25,6,8]},"faces":{"east":{"uv":[10,0,0,10],"texture":"#2"}}}],"gui_light":"front","display":{"thirdperson_righthand":{"translation":[0,3.25,1]},"thirdperson_lefthand":{"translation":[0,3.25,1]},"firstperson_righthand":{"rotation":[-10,0,0],"translation":[0,4.75,0]},"firstperson_lefthand":{"rotation":[-10,0,0],"translation":[0,4.75,0]},"ground":{"rotation":[45,0,0],"translation":[0,10.75,0]},"gui":{"rotation":[-90,45,90],"translation":[0.5,-0.5,0],"scale":[0.67773,0.67773,0.67773]},"head":{"rotation":[-90,90,90]},"fixed":{"rotation":[-90,90,90],"translation":[0,0.25,-1.25],"scale":[1.5,1.5,1.5]}},"USER":"9700","NONCE":"3d7dfaec089179dd6d81ebdce039bc95","TIMESTAMP":"1756444485","RESOURCE":"9688","MCMODELS":"1","mcmodels":"3d7dfaec089179dd6d81ebdce039bc95"}