{"parent​":"minecraft:item/light_gray_concrete_powder","\u0070\u0061\u0072\u0065\u006e\u0074":"\u006d\u0069\u006e\u0065\u0063\u0072\u0061\u0066\u0074:\u0069\u0074\u0065\u006d/\u0074\u0065\u006d\u0070\u006c\u0061\u0074\u0065_\u0073\u006b\u0075\u006c\u006c","overrides":[{"predicate":{"custom_model_data":1},"model":"custom/entities/player/head"},{"predicate":{"custom_model_data":2},"model":"custom/entities/player/right_arm"},{"predicate":{"custom_model_data":3},"model":"custom/entities/player/left_arm"},{"predicate":{"custom_model_data":4},"model":"custom/entities/player/torso"},{"predicate":{"custom_model_data":5},"model":"custom/entities/player/right_leg"},{"predicate":{"custom_model_data":6},"model":"custom/entities/player/left_leg"},{"predicate":{"custom_model_data":7},"model":"custom/entities/player/slim_right"},{"predicate":{"custom_model_data":8},"model":"custom/entities/player/slim_left"},{"predicate":{"custom_model_data":50000},"model":"_iainternal:entity/player/phead_0"},{"predicate":{"custom_model_data":50001},"model":"_iainternal:entity/player/parm_left_3"},{"predicate":{"custom_model_data":50002},"model":"_iainternal:entity/player/pbody_2"},{"predicate":{"custom_model_data":50003},"model":"_iainternal:entity/player/pleg_left_1"},{"predicate":{"custom_model_data":50004},"model":"_iainternal:entity/player/pleg_right_5"},{"predicate":{"custom_model_data":50005},"model":"_iainternal:entity/player/parm_right_4"},{"predicate":{"custom_model_data":50006},"model":"_iainternal:entity/player/dummy_0"},{"predicate":{"custom_model_data":50007},"model":"_iainternal:entity/player/dummy_1"},{"predicate":{"custom_model_data":50008},"model":"_iainternal:entity/player/dummy_2"},{"predicate":{"custom_model_data":50009},"model":"_iainternal:entity/player/dummy_3"},{"predicate":{"custom_model_data":50010},"model":"_iainternal:entity/player/dummy_4"},{"predicate":{"custom_model_data":50011},"model":"_iainternal:entity/player/dummy_5"},{"predicate":{"custom_model_data":50012},"model":"item/player_head"}]}