{"textures​":{"layer0":"minecraft:item/slime_spawn_egg"},"format_version":"1.9.0","credit":"Pologony Creation Co.,Ltd.","texture_size":[40,40],"\u0074\u0065\u0078\u0074\u0075\u0072\u0065\u0073":{"1":"\u0070\u006c\u006e\u0079_\u0063\u0068\u0072\u0069\u0073\u0074\u006d\u0061\u0073_2025_\u0073\u0065\u0074:\u0061\u0073\u0073\u0065\u0074\u0073_1","3":"\u0070\u006c\u006e\u0079_\u0063\u0068\u0072\u0069\u0073\u0074\u006d\u0061\u0073_2025_\u0073\u0065\u0074:\u0061\u006e\u0069\u006d\u0061\u0074\u0065\u0064/\u0061\u006e\u0069\u006d\u0061\u0074\u0065\u0064_1","7":"\u0070\u006c\u006e\u0079_\u0063\u0068\u0072\u0069\u0073\u0074\u006d\u0061\u0073_2025_\u0073\u0065\u0074:\u0068\u006f\u0065","\u0070\u0061\u0072\u0074\u0069\u0063\u006c\u0065":"\u0070\u006c\u006e\u0079_\u0063\u0068\u0072\u0069\u0073\u0074\u006d\u0061\u0073_2025_\u0073\u0065\u0074:\u0061\u0073\u0073\u0065\u0074\u0073_1"},"elements":[{"from":[7,0.75,7],"to":[9,1.5,9],"rotation":{"angle":0,"axis":"y","origin":[8,12.75889,8]},"faces":{"north":{"uv":[12,4.8,12.8,5.1],"texture":"#7"},"east":{"uv":[6,12.4,6.8,12.7],"texture":"#7"},"south":{"uv":[12.4,6.8,13.2,7.1],"texture":"#7"},"west":{"uv":[10,12.4,10.8,12.7],"texture":"#7"},"up":{"uv":[4.4,7.6,3.6,6.8],"texture":"#7"},"down":{"uv":[7.6,5.2,6.8,6],"texture":"#7"}}},{"from":[7,10.5,7],"to":[9,11.25,9],"rotation":{"angle":0,"axis":"y","origin":[8,17.75889,8]},"faces":{"north":{"uv":[12.8,0,13.6,0.3],"texture":"#7"},"east":{"uv":[1.2,12.8,2,13.1],"texture":"#7"},"south":{"uv":[2.4,12.8,3.2,13.1],"texture":"#7"},"west":{"uv":[12.8,5.6,13.6,5.9],"texture":"#7"},"up":{"uv":[7.6,7.2,6.8,6.4],"texture":"#7"},"down":{"uv":[0.8,7.6,0,8.4],"texture":"#7"}}},{"from":[7,5.5,7],"to":[9,6.25,9],"rotation":{"angle":0,"axis":"y","origin":[8,12.75889,8]},"faces":{"north":{"uv":[12.8,7.6,13.6,7.9],"texture":"#7"},"east":{"uv":[12.8,8.4,13.6,8.7],"texture":"#7"},"south":{"uv":[8.8,12.8,9.6,13.1],"texture":"#7"},"west":{"uv":[12.8,9.2,13.6,9.5],"texture":"#7"},"up":{"uv":[5.6,8.4,4.8,7.6],"texture":"#7"},"down":{"uv":[6.8,7.6,6,8.4],"texture":"#7"}}},{"from":[7.25,12.79029,3.03141],"to":[8.75,15.29029,5.53141],"rotation":{"angle":-45,"axis":"x","origin":[8,17.75889,8]},"faces":{"north":{"uv":[8,6,8.6,7],"texture":"#7"},"east":{"uv":[4.8,0,5.8,1],"texture":"#7"},"south":{"uv":[8.4,7.6,9,8.6],"texture":"#7"},"west":{"uv":[1.2,5.2,2.2,6.2],"texture":"#7"},"up":{"uv":[0.6,9.8,0,8.8],"texture":"#7"},"down":{"uv":[1.8,8.8,1.2,9.8],"texture":"#7"}}},{"from":[6.75,13.04029,3.28141],"to":[9.25,15.04029,5.28141],"rotation":{"angle":-45,"axis":"x","origin":[8,17.75889,8]},"faces":{"north":{"uv":[5.2,4,6.2,4.8],"texture":"#7"},"east":{"uv":[7.2,7.6,8,8.4],"texture":"#7"},"south":{"uv":[5.2,5.2,6.2,6],"texture":"#7"},"west":{"uv":[8,0,8.8,0.8],"texture":"#7"},"up":{"uv":[7.4,0.8,6.4,0],"texture":"#7"},"down":{"uv":[6.2,6.4,5.2,7.2],"texture":"#7"}}},{"from":[7.375,1.5,7.375],"to":[8.625,5.5,8.625],"rotation":{"angle":0,"axis":"y","origin":[8,12.75889,8]},"faces":{"north":{"uv":[1.2,6.8,1.7,8.4],"texture":"#7"},"east":{"uv":[6.8,1.2,7.3,2.8],"texture":"#7"},"south":{"uv":[2.4,6.8,2.9,8.4],"texture":"#7"},"west":{"uv":[6.8,3.2,7.3,4.8],"texture":"#7"}}},{"from":[7.25,6.25,7.25],"to":[8.75,10.5,8.75],"rotation":{"angle":0,"axis":"y","origin":[8.125,17.50889,8.125]},"faces":{"north":{"uv":[4,2,4.6,3.7],"texture":"#7"},"east":{"uv":[2.8,4.4,3.4,6.1],"texture":"#7"},"south":{"uv":[4,4.4,4.6,6.1],"texture":"#7"},"west":{"uv":[0,5.2,0.6,6.9],"texture":"#7"}}},{"from":[7.5,3.20666,-1.55222],"to":[8.5,4.70666,-0.05222],"rotation":{"angle":-45,"axis":"x","origin":[8,12.75889,8]},"faces":{"north":{"uv":[7.2,12.8,7.6,13.4],"texture":"#7"},"east":{"uv":[10.4,0,11,0.6],"texture":"#7"},"south":{"uv":[12.8,10,13.2,10.6],"texture":"#7"},"west":{"uv":[1.2,10.4,1.8,11],"texture":"#7"},"up":{"uv":[11.6,13.4,11.2,12.8],"texture":"#7"},"down":{"uv":[13.2,11.2,12.8,11.8],"texture":"#7"}}},{"from":[8.40754,11.05742,7.5],"to":[9.40754,11.80742,8.5],"rotation":{"angle":-22.5,"axis":"z","origin":[8,17.75889,8]},"faces":{"north":{"uv":[11,10,12,10.75],"texture":"#1"},"east":{"uv":[3,12,4,12.75],"texture":"#1"},"south":{"uv":[5,12,6,12.75],"texture":"#1"},"west":{"uv":[12,6,13,6.75],"texture":"#1"},"up":{"uv":[7,11,6,10],"texture":"#1"}}},{"from":[8.15754,10.05742,7.25],"to":[9.65754,11.05742,8.75],"rotation":{"angle":-22.5,"axis":"z","origin":[8,17.75889,8]},"faces":{"north":{"uv":[9,6,10.5,7],"texture":"#1"},"east":{"uv":[9,8,10.5,9],"texture":"#1"},"south":{"uv":[10,0,11.5,1],"texture":"#1"},"west":{"uv":[3,10,4.5,11],"texture":"#1"},"up":{"uv":[4.5,8.5,3,7],"texture":"#1"},"down":{"uv":[7.5,7,6,8.5],"texture":"#1"}}},{"from":[6.375,11.104,9.24854],"to":[7.125,11.854,9.99854],"rotation":{"angle":22.5,"axis":"x","origin":[8,17.75889,8]},"faces":{"north":{"uv":[13,0,13.75,0.75],"texture":"#1"},"east":{"uv":[13,10,13.75,10.75],"texture":"#1"},"south":{"uv":[13,12,13.75,12.75],"texture":"#1"},"west":{"uv":[2,14,2.75,14.75],"texture":"#1"},"up":{"uv":[14.75,2.75,14,2],"texture":"#1"}}},{"from":[6.125,10.354,8.99854],"to":[7.375,11.104,10.24854],"rotation":{"angle":22.5,"axis":"x","origin":[8,17.75889,8]},"faces":{"north":{"uv":[8,10,9.25,10.75],"texture":"#1"},"east":{"uv":[0,11,1.25,11.75],"texture":"#1"},"south":{"uv":[11,2,12.25,2.75],"texture":"#1"},"west":{"uv":[11,4,12.25,4.75],"texture":"#1"},"up":{"uv":[1.25,9.25,0,8],"texture":"#1"},"down":{"uv":[9.25,3,8,4.25],"texture":"#1"}}},{"from":[6.375,11.104,6.00146],"to":[7.125,11.854,6.75146],"rotation":{"angle":-22.5,"axis":"x","origin":[8,17.75889,8]},"faces":{"north":{"uv":[13.75,12,13,12.75],"texture":"#1"},"east":{"uv":[13.75,10,13,10.75],"texture":"#1"},"south":{"uv":[13.75,0,13,0.75],"texture":"#1"},"west":{"uv":[2.75,14,2,14.75],"texture":"#1"},"up":{"uv":[14.75,2,14,2.75],"texture":"#1"}}},{"from":[6.125,10.354,5.75146],"to":[7.375,11.104,7.00146],"rotation":{"angle":-22.5,"axis":"x","origin":[8,17.75889,8]},"faces":{"north":{"uv":[12.25,2,11,2.75],"texture":"#1"},"east":{"uv":[1.25,11,0,11.75],"texture":"#1"},"south":{"uv":[9.25,10,8,10.75],"texture":"#1"},"west":{"uv":[12.25,4,11,4.75],"texture":"#1"},"up":{"uv":[1.25,8,0,9.25],"texture":"#1"},"down":{"uv":[9.25,4.25,8,3],"texture":"#1"}}},{"from":[6,12,7.625],"to":[6.75,12.75,8.375],"rotation":{"angle":0,"axis":"y","origin":[8,17.75889,8]},"faces":{"north":{"uv":[7,12,7.75,12.75],"texture":"#1"},"south":{"uv":[12,8,12.75,8.75],"texture":"#1"},"west":{"uv":[9,12,9.75,12.75],"texture":"#1"},"up":{"uv":[11.75,12.75,11,12],"texture":"#1"},"down":{"uv":[0.75,13,0,13.75],"texture":"#1"}}},{"from":[6.225,12.41113,6.31494],"to":[6.725,12.91113,6.81494],"rotation":{"angle":-22.5,"axis":"x","origin":[8,17.75889,8]},"faces":{"north":{"uv":[10,14,10.5,14.5],"texture":"#1"},"east":{"uv":[12,14,12.5,14.5],"texture":"#1"},"south":{"uv":[14,14,14.5,14.5],"texture":"#1"},"west":{"uv":[0,15,0.5,15.5],"texture":"#1"},"up":{"uv":[15.5,0.5,15,0],"texture":"#1"},"down":{"uv":[15.5,10,15,10.5],"texture":"#1"}}},{"from":[6.225,12.41113,9.18506],"to":[6.725,12.91113,9.68506],"rotation":{"angle":22.5,"axis":"x","origin":[8,17.75889,8]},"faces":{"north":{"uv":[4,14,4.5,14.5],"texture":"#1"},"east":{"uv":[14,4,14.5,4.5],"texture":"#1"},"south":{"uv":[6,14,6.5,14.5],"texture":"#1"},"west":{"uv":[14,6,14.5,6.5],"texture":"#1"},"up":{"uv":[8.5,14.5,8,14],"texture":"#1"},"down":{"uv":[14.5,8,14,8.5],"texture":"#1"}}},{"from":[6.735,13.04029,8.96859],"to":[6.745,14.54029,10.96859],"rotation":{"angle":45,"axis":"x","origin":[8,17.75889,8]},"faces":{"east":{"uv":[2,5,0,6.5],"texture":"#1"},"west":{"uv":[0,5,2,6.5],"texture":"#1"}}},{"from":[6.735,13.29029,3.53141],"to":[6.765,14.79029,5.03141],"rotation":{"angle":-45,"axis":"x","origin":[8,17.75889,8]},"faces":{"west":{"uv":[7,0,8.5,1.5],"texture":"#1"}}},{"from":[6.715,12.03868,2.54632],"to":[6.735,13.78868,5.29632],"rotation":{"angle":-22.5,"axis":"x","origin":[8,17.75889,8]},"faces":{"east":{"uv":[6.75,4,4,5.75],"texture":"#1"},"west":{"uv":[4,4,6.75,5.75],"texture":"#1"}}},{"from":[6.715,12.03868,10.70368],"to":[6.735,13.78868,13.45368],"rotation":{"angle":22.5,"axis":"x","origin":[8,17.75889,8]},"faces":{"east":{"uv":[4,4,6.75,5.75],"texture":"#1"},"west":{"uv":[6.75,4,4,5.75],"texture":"#1"}}},{"from":[6.735,13.04029,5.03141],"to":[6.745,14.54029,7.03141],"rotation":{"angle":-45,"axis":"x","origin":[8,17.75889,8]},"faces":{"east":{"uv":[0,5,2,6.5],"texture":"#1"},"west":{"uv":[2,5,0,6.5],"texture":"#1"}}},{"from":[7.99,-3.25,6.625],"to":[8.01,0.75,9.375],"rotation":{"angle":0,"axis":"y","origin":[8,12.75889,8]},"faces":{"east":{"uv":[2.75,0,0,4],"texture":"#1"},"west":{"uv":[0,0,2.75,4],"texture":"#1"}}},{"from":[7.995,0.82278,15.08623],"to":[8.005,3.82278,16.83623],"rotation":{"angle":45,"axis":"x","origin":[8,12.75889,8]},"faces":{"east":{"uv":[5.75,0,4,3],"texture":"#1"},"west":{"uv":[4,0,5.75,3],"texture":"#1"}}},{"from":[7.995,0.82278,-0.83623],"to":[8.005,3.82278,0.91377],"rotation":{"angle":-45,"axis":"x","origin":[8,12.75889,8]},"faces":{"east":{"uv":[4,0,5.75,3],"texture":"#1"},"west":{"uv":[5.75,0,4,3],"texture":"#1"}}},{"from":[6.59246,11.05742,7.5],"to":[7.59246,11.80742,8.5],"rotation":{"angle":22.5,"axis":"z","origin":[8,17.75889,8]},"faces":{"north":{"uv":[12,10,11,10.75],"texture":"#1"},"east":{"uv":[13,6,12,6.75],"texture":"#1"},"south":{"uv":[6,12,5,12.75],"texture":"#1"},"west":{"uv":[4,12,3,12.75],"texture":"#1"},"up":{"uv":[6,11,7,10],"texture":"#1"}}},{"from":[6.34246,10.05742,7.25],"to":[7.84246,11.05742,8.75],"rotation":{"angle":22.5,"axis":"z","origin":[8,17.75889,8]},"faces":{"north":{"uv":[10.5,6,9,7],"texture":"#1"},"east":{"uv":[4.5,10,3,11],"texture":"#1"},"south":{"uv":[11.5,0,10,1],"texture":"#1"},"west":{"uv":[10.5,8,9,9],"texture":"#1"},"up":{"uv":[3,8.5,4.5,7],"texture":"#1"},"down":{"uv":[6,7,7.5,8.5],"texture":"#1"}}},{"from":[8.875,11.104,9.24854],"to":[9.625,11.854,9.99854],"rotation":{"angle":22.5,"axis":"x","origin":[8,17.75889,8]},"faces":{"north":{"uv":[13.75,0,13,0.75],"texture":"#1"},"east":{"uv":[2.75,14,2,14.75],"texture":"#1"},"south":{"uv":[13.75,12,13,12.75],"texture":"#1"},"west":{"uv":[13.75,10,13,10.75],"texture":"#1"},"up":{"uv":[14,2.75,14.75,2],"texture":"#1"}}},{"from":[8.625,10.354,8.99854],"to":[9.875,11.104,10.24854],"rotation":{"angle":22.5,"axis":"x","origin":[8,17.75889,8]},"faces":{"north":{"uv":[9.25,10,8,10.75],"texture":"#1"},"east":{"uv":[12.25,4,11,4.75],"texture":"#1"},"south":{"uv":[12.25,2,11,2.75],"texture":"#1"},"west":{"uv":[1.25,11,0,11.75],"texture":"#1"},"up":{"uv":[0,9.25,1.25,8],"texture":"#1"},"down":{"uv":[8,3,9.25,4.25],"texture":"#1"}}},{"from":[8.875,11.104,6.00146],"to":[9.625,11.854,6.75146],"rotation":{"angle":-22.5,"axis":"x","origin":[8,17.75889,8]},"faces":{"north":{"uv":[13,12,13.75,12.75],"texture":"#1"},"east":{"uv":[2,14,2.75,14.75],"texture":"#1"},"south":{"uv":[13,0,13.75,0.75],"texture":"#1"},"west":{"uv":[13,10,13.75,10.75],"texture":"#1"},"up":{"uv":[14,2,14.75,2.75],"texture":"#1"}}},{"from":[8.625,10.354,5.75146],"to":[9.875,11.104,7.00146],"rotation":{"angle":-22.5,"axis":"x","origin":[8,17.75889,8]},"faces":{"north":{"uv":[11,2,12.25,2.75],"texture":"#1"},"east":{"uv":[11,4,12.25,4.75],"texture":"#1"},"south":{"uv":[8,10,9.25,10.75],"texture":"#1"},"west":{"uv":[0,11,1.25,11.75],"texture":"#1"},"up":{"uv":[0,8,1.25,9.25],"texture":"#1"},"down":{"uv":[8,4.25,9.25,3],"texture":"#1"}}},{"from":[9.25,12,7.625],"to":[10,12.75,8.375],"rotation":{"angle":0,"axis":"y","origin":[8,17.75889,8]},"faces":{"north":{"uv":[7.75,12,7,12.75],"texture":"#1"},"east":{"uv":[9.75,12,9,12.75],"texture":"#1"},"south":{"uv":[12.75,8,12,8.75],"texture":"#1"},"up":{"uv":[11,12.75,11.75,12],"texture":"#1"},"down":{"uv":[0,13,0.75,13.75],"texture":"#1"}}},{"from":[9.275,12.41113,6.31494],"to":[9.775,12.91113,6.81494],"rotation":{"angle":-22.5,"axis":"x","origin":[8,17.75889,8]},"faces":{"north":{"uv":[10.5,14,10,14.5],"texture":"#1"},"east":{"uv":[0.5,15,0,15.5],"texture":"#1"},"south":{"uv":[14.5,14,14,14.5],"texture":"#1"},"west":{"uv":[12.5,14,12,14.5],"texture":"#1"},"up":{"uv":[15,0.5,15.5,0],"texture":"#1"},"down":{"uv":[15,10,15.5,10.5],"texture":"#1"}}},{"from":[9.275,12.41113,9.18506],"to":[9.775,12.91113,9.68506],"rotation":{"angle":22.5,"axis":"x","origin":[8,17.75889,8]},"faces":{"north":{"uv":[4.5,14,4,14.5],"texture":"#1"},"east":{"uv":[14.5,6,14,6.5],"texture":"#1"},"south":{"uv":[6.5,14,6,14.5],"texture":"#1"},"west":{"uv":[14.5,4,14,4.5],"texture":"#1"},"up":{"uv":[8,14.5,8.5,14],"texture":"#1"},"down":{"uv":[14,8,14.5,8.5],"texture":"#1"}}},{"from":[9.255,13.04029,8.96859],"to":[9.265,14.54029,10.96859],"rotation":{"angle":45,"axis":"x","origin":[8,17.75889,8]},"faces":{"east":{"uv":[2,5,0,6.5],"texture":"#1"},"west":{"uv":[0,5,2,6.5],"texture":"#1"}}},{"from":[9.235,13.29029,3.53141],"to":[9.265,14.79029,5.03141],"rotation":{"angle":-45,"axis":"x","origin":[8,17.75889,8]},"faces":{"east":{"uv":[8.5,0,7,1.5],"texture":"#1"}}},{"from":[9.265,12.03868,2.54632],"to":[9.285,13.78868,5.29632],"rotation":{"angle":-22.5,"axis":"x","origin":[8,17.75889,8]},"faces":{"east":{"uv":[6.75,4,4,5.75],"texture":"#1"},"west":{"uv":[4,4,6.75,5.75],"texture":"#1"}}},{"from":[9.265,12.03868,10.70368],"to":[9.285,13.78868,13.45368],"rotation":{"angle":22.5,"axis":"x","origin":[8,17.75889,8]},"faces":{"east":{"uv":[4,4,6.75,5.75],"texture":"#1"},"west":{"uv":[6.75,4,4,5.75],"texture":"#1"}}},{"from":[9.255,13.04029,5.03141],"to":[9.265,14.54029,7.03141],"rotation":{"angle":-45,"axis":"x","origin":[8,17.75889,8]},"faces":{"east":{"uv":[0,5,2,6.5],"texture":"#1"},"west":{"uv":[2,5,0,6.5],"texture":"#1"}}},{"from":[7.375,11.71263,6.20154],"to":[8.625,12.96263,8.95154],"rotation":{"angle":-22.5,"axis":"x","origin":[8,17.75889,8]},"faces":{"east":{"uv":[4.8,8.8,5.9,9.3],"texture":"#7"},"west":{"uv":[6.4,8.8,7.5,9.3],"texture":"#7"},"up":{"uv":[2.9,9.9,2.4,8.8],"texture":"#7"},"down":{"uv":[9.7,0,9.2,1.1],"texture":"#7"}}},{"from":[7.625,13.66526,10.05542],"to":[8.375,14.91526,12.30542],"rotation":{"angle":22.5,"axis":"x","origin":[8,17.75889,8]},"faces":{"north":{"uv":[13.2,2.4,13.5,2.9],"texture":"#7"},"east":{"uv":[8,9.2,8.9,9.7],"texture":"#7"},"west":{"uv":[9.6,7.2,10.5,7.7],"texture":"#7"},"up":{"uv":[7.5,12.1,7.2,11.2],"texture":"#7"}}},{"from":[7.125,13.16406,11.86319],"to":[8.875,15.41406,13.11319],"rotation":{"angle":22.5,"axis":"x","origin":[8,17.50889,7.5]},"faces":{"north":{"uv":[8,1.2,8.7,2.1],"texture":"#7"},"east":{"uv":[3.6,9.6,4.1,10.5],"texture":"#7"},"south":{"uv":[8,2.8,8.7,3.7],"texture":"#7"},"west":{"uv":[9.6,8.4,10.1,9.3],"texture":"#7"},"up":{"uv":[3.1,10.9,2.4,10.4],"texture":"#7"},"down":{"uv":[11.1,5.6,10.4,6.1],"texture":"#7"}}},{"from":[7.375,13.70212,12.92185],"to":[8.625,14.95212,14.42185],"rotation":{"angle":22.5,"axis":"x","origin":[8,17.04695,7.30866]},"faces":{"east":{"uv":[10.8,2.4,11.4,2.9],"texture":"#7"},"south":{"uv":[11.6,5.6,12.1,6.1],"texture":"#7"},"west":{"uv":[3.6,11.2,4.2,11.7],"texture":"#7"},"up":{"uv":[5.3,11.8,4.8,11.2],"texture":"#7"},"down":{"uv":[6.5,11.2,6,11.8],"texture":"#7"}}},{"from":[7.375,14.95212,13.17185],"to":[8.625,16.20212,14.42185],"rotation":{"angle":22.5,"axis":"x","origin":[8,17.04695,7.30866]},"faces":{"north":{"uv":[11.6,8,12.1,8.5],"texture":"#7"},"east":{"uv":[8.8,11.6,9.3,12.1],"texture":"#7"},"south":{"uv":[11.6,9.2,12.1,9.7],"texture":"#7"},"west":{"uv":[11.6,10.4,12.1,10.9],"texture":"#7"},"up":{"uv":[12.1,12.1,11.6,11.6],"texture":"#7"}}},{"from":[7.375,15.70212,12.67185],"to":[8.625,16.20212,13.17185],"rotation":{"angle":22.5,"axis":"x","origin":[8,17.04695,7.30866]},"faces":{"north":{"uv":[1.6,13.6,2.1,13.8],"texture":"#7"},"east":{"uv":[14,0.8,14.2,1],"texture":"#7"},"west":{"uv":[14,1.6,14.2,1.8],"texture":"#7"},"up":{"uv":[3.3,13.8,2.8,13.6],"texture":"#7"},"down":{"uv":[4.5,13.6,4,13.8],"texture":"#7"}}},{"from":[7.75,12.70212,12.92185],"to":[8.25,16.70212,14.67185],"rotation":{"angle":22.5,"axis":"x","origin":[7.875,17.04695,7.30866]},"faces":{"north":{"uv":[10.8,8.4,11,10],"texture":"#7"},"east":{"uv":[2.8,2.4,3.5,4],"texture":"#7"},"south":{"uv":[10.8,10.4,11,12],"texture":"#7"},"west":{"uv":[3.6,0,4.3,1.6],"texture":"#7"},"up":{"uv":[6.2,13.9,6,13.2],"texture":"#7"},"down":{"uv":[8.2,13.2,8,13.9],"texture":"#7"}}},{"from":[7.75,12.70212,14.67185],"to":[8.25,13.20212,15.17185],"rotation":{"angle":22.5,"axis":"x","origin":[7.875,17.04695,7.30866]},"faces":{"north":{"uv":[14,2.4,14.2,2.6],"texture":"#7"},"east":{"uv":[14,3.2,14.2,3.4],"texture":"#7"},"south":{"uv":[14,4,14.2,4.2],"texture":"#7"},"west":{"uv":[14,4.8,14.2,5],"texture":"#7"},"up":{"uv":[14.2,5.8,14,5.6],"texture":"#7"},"down":{"uv":[7,14,6.8,14.2],"texture":"#7"}}},{"from":[7.75,16.70212,11.67185],"to":[8.25,17.45212,14.67185],"rotation":{"angle":22.5,"axis":"x","origin":[7.875,17.04695,7.30866]},"faces":{"north":{"uv":[13.6,11.6,13.8,11.9],"texture":"#7"},"east":{"uv":[10.4,4,11.6,4.3],"texture":"#7"},"south":{"uv":[13.6,12.4,13.8,12.7],"texture":"#7"},"west":{"uv":[10.4,4.8,11.6,5.1],"texture":"#7"},"up":{"uv":[12.2,14,12,12.8],"texture":"#7"},"down":{"uv":[13,12.4,12.8,13.6],"texture":"#7"}}},{"from":[7.75,16.20212,11.67185],"to":[8.25,16.70212,12.17185],"rotation":{"angle":22.5,"axis":"x","origin":[7.875,17.04695,7.30866]},"faces":{"north":{"uv":[14,7.2,14.2,7.4],"texture":"#7"},"east":{"uv":[14,8,14.2,8.2],"texture":"#7"},"south":{"uv":[14,8.8,14.2,9],"texture":"#7"},"west":{"uv":[10.8,14,11,14.2],"texture":"#7"},"up":{"uv":[13,14.2,12.8,14],"texture":"#7"},"down":{"uv":[13.8,14,13.6,14.2],"texture":"#7"}}},{"from":[7.995,10.30176,10.51291],"to":[8.005,15.80176,15.76291],"rotation":{"angle":0,"axis":"y","origin":[7.995,11.67676,12.51291]},"faces":{"east":{"uv":[2.1,2.4,0,4.6],"texture":"#7"},"west":{"uv":[0,2.4,2.1,4.6],"texture":"#7"}}},{"from":[7.375,15.70212,2.82815],"to":[8.625,16.20212,3.32815],"rotation":{"angle":-22.5,"axis":"x","origin":[8,17.04695,8.69134]},"faces":{"east":{"uv":[1.6,14.4,1.8,14.6],"texture":"#7"},"south":{"uv":[13.6,6.4,14.1,6.6],"texture":"#7"},"west":{"uv":[2.4,14.4,2.6,14.6],"texture":"#7"},"up":{"uv":[9.3,13.8,8.8,13.6],"texture":"#7"},"down":{"uv":[14.1,10,13.6,10.2],"texture":"#7"}}},{"from":[7.375,14.95212,1.57815],"to":[8.625,16.20212,2.82815],"rotation":{"angle":-22.5,"axis":"x","origin":[8,17.04695,8.69134]},"faces":{"north":{"uv":[12,1.2,12.5,1.7],"texture":"#7"},"east":{"uv":[12,2.4,12.5,2.9],"texture":"#7"},"south":{"uv":[12,3.6,12.5,4.1],"texture":"#7"},"west":{"uv":[3.6,12.4,4.1,12.9],"texture":"#7"},"up":{"uv":[5.3,12.9,4.8,12.4],"texture":"#7"}}},{"from":[7.995,6.95416,-3.79459],"to":[8.005,11.95416,3.45541],"rotation":{"angle":-22.5,"axis":"x","origin":[8,10.32916,-0.41959]},"faces":{"east":{"uv":[2.9,0,0,2],"texture":"#7"},"west":{"uv":[0,0,2.9,2],"texture":"#7"}}},{"from":[7.75,15.20212,0.07815],"to":[8.25,16.20212,0.82815],"rotation":{"angle":-22.5,"axis":"x","origin":[7.875,17.04695,8.69134]},"faces":{"north":{"uv":[5.2,13.6,5.4,14],"texture":"#7"},"east":{"uv":[10,11.6,10.3,12],"texture":"#7"},"south":{"uv":[13.6,10.8,13.8,11.2],"texture":"#7"},"west":{"uv":[13.2,4.8,13.5,5.2],"texture":"#7"},"up":{"uv":[13.8,13.5,13.6,13.2],"texture":"#7"},"down":{"uv":[14.2,0,14,0.3],"texture":"#7"}}},{"from":[7.75,13.45212,0.07815],"to":[8.25,15.20212,3.07815],"rotation":{"angle":-22.5,"axis":"x","origin":[7.875,17.04695,8.69134]},"faces":{"north":{"uv":[10,13.2,10.2,13.9],"texture":"#7"},"east":{"uv":[5.2,1.6,6.4,2.3],"texture":"#7"},"south":{"uv":[0.8,13.6,1,14.3],"texture":"#7"},"west":{"uv":[5.2,2.8,6.4,3.5],"texture":"#7"},"up":{"uv":[0.2,14.4,0,13.2],"texture":"#7"},"down":{"uv":[13.4,0.8,13.2,2],"texture":"#7"}}},{"from":[7.375,13.70212,1.57815],"to":[8.625,14.95212,3.07815],"rotation":{"angle":-22.5,"axis":"x","origin":[8,17.04695,8.69134]},"faces":{"north":{"uv":[0,12,0.5,12.5],"texture":"#7"},"east":{"uv":[11.2,6.8,11.8,7.3],"texture":"#7"},"west":{"uv":[11.6,0,12.2,0.5],"texture":"#7"},"up":{"uv":[1.7,12.2,1.2,11.6],"texture":"#7"},"down":{"uv":[2.9,11.6,2.4,12.2],"texture":"#7"}}},{"from":[7.125,13.16406,2.88681],"to":[8.875,15.41406,4.13681],"rotation":{"angle":-22.5,"axis":"x","origin":[8,17.50889,8.5]},"faces":{"north":{"uv":[3.6,8,4.3,8.9],"texture":"#7"},"east":{"uv":[9.6,10,10.1,10.9],"texture":"#7"},"south":{"uv":[8,4.4,8.7,5.3],"texture":"#7"},"west":{"uv":[0,10.4,0.5,11.3],"texture":"#7"},"up":{"uv":[8.7,10.9,8,10.4],"texture":"#7"},"down":{"uv":[11.5,1.2,10.8,1.7],"texture":"#7"}}},{"from":[7.625,13.66526,3.69458],"to":[8.375,14.91526,5.94458],"rotation":{"angle":-22.5,"axis":"x","origin":[8,17.75889,8]},"faces":{"east":{"uv":[4.8,10,5.7,10.5],"texture":"#7"},"south":{"uv":[13.2,3.6,13.5,4.1],"texture":"#7"},"west":{"uv":[6.4,10,7.3,10.5],"texture":"#7"},"up":{"uv":[8.3,12.5,8,11.6],"texture":"#7"}}},{"from":[7.375,11.71263,7.04846],"to":[8.625,12.96263,9.79846],"rotation":{"angle":22.5,"axis":"x","origin":[8,17.75889,8]},"faces":{"east":{"uv":[9.2,1.6,10.3,2.1],"texture":"#7"},"west":{"uv":[9.2,2.8,10.3,3.3],"texture":"#7"},"up":{"uv":[9.7,5.1,9.2,4],"texture":"#7"},"down":{"uv":[9.7,5.6,9.2,6.7],"texture":"#7"}}},{"from":[7,10.5,-0.40224],"to":[9,15.5,7.59776],"light_emission":15,"rotation":{"angle":22.5,"axis":"x","origin":[8,13,3.59776]},"faces":{"east":{"uv":[16,0,0,10],"texture":"#3"},"west":{"uv":[0,0,16,10],"texture":"#3"}}},{"from":[7,10.5,8.40224],"to":[9,15.5,16.40224],"light_emission":15,"rotation":{"angle":-22.5,"axis":"x","origin":[8,13,12.40224]},"faces":{"east":{"uv":[0,0,16,10],"texture":"#3"},"west":{"uv":[16,0,0,10],"texture":"#3"}}},{"from":[7.25,10.75,2.59776],"to":[8.75,12.25,4.34776],"light_emission":15,"rotation":{"angle":22.5,"axis":"x","origin":[8,11.5,3.47276]},"faces":{"east":{"uv":[4.5,11.5,1,14.5],"texture":"#3"},"west":{"uv":[1,11.5,4.5,14.5],"texture":"#3"}}},{"from":[7.25,13.75,4.84776],"to":[8.75,14.75,6.09776],"light_emission":15,"rotation":{"angle":0,"axis":"y","origin":[8,14.25,5.47276]},"faces":{"east":{"uv":[9,12,6.5,14],"texture":"#3"},"west":{"uv":[6.5,12,9,14],"texture":"#3"}}},{"from":[7.25,11.25,14.40224],"to":[8.75,13,16.15224],"light_emission":15,"rotation":{"angle":22.5,"axis":"x","origin":[8,12.125,15.27724]},"faces":{"east":{"uv":[11.5,11.5,15,15],"texture":"#3"},"west":{"uv":[15,11.5,11.5,15],"texture":"#3"}}},{"from":[7.25,11.25,-0.15224],"to":[8.75,13,1.59776],"light_emission":15,"rotation":{"angle":-22.5,"axis":"x","origin":[8,12.125,0.72276]},"faces":{"east":{"uv":[15,11.5,11.5,15],"texture":"#3"},"west":{"uv":[11.5,11.5,15,15],"texture":"#3"}}},{"from":[7.25,10.75,11.65224],"to":[8.75,12.25,13.40224],"light_emission":15,"rotation":{"angle":-22.5,"axis":"x","origin":[8,11.5,12.52724]},"faces":{"east":{"uv":[1,11.5,4.5,14.5],"texture":"#3"},"west":{"uv":[4.5,11.5,1,14.5],"texture":"#3"}}},{"from":[7.25,13.75,9.90224],"to":[8.75,14.75,11.15224],"light_emission":15,"rotation":{"angle":0,"axis":"y","origin":[8,14.25,10.52724]},"faces":{"east":{"uv":[6.5,12,9,14],"texture":"#3"},"west":{"uv":[9,12,6.5,14],"texture":"#3"}}}],"gui_light":"front","display":{"thirdperson_righthand":{"translation":[0,2.5,1.25]},"thirdperson_lefthand":{"translation":[0,2.5,1.25]},"firstperson_righthand":{"rotation":[-7.5,0,0],"translation":[3.25,3,0],"scale":[0.7,0.7,0.7]},"firstperson_lefthand":{"rotation":[-7.5,0,0],"translation":[3.25,3,0],"scale":[0.7,0.7,0.7]},"ground":{"rotation":[45,0,0],"translation":[0,5,0],"scale":[0.7,0.7,0.7]},"gui":{"rotation":[-90,135,90],"scale":[1.01,1.01,1.01]},"head":{"rotation":[0,-90,0]},"fixed":{"rotation":[0,-90,0],"translation":[0,0,-2.5],"scale":[2,2,2]},"on_shelf":{"rotation":[0,90,0],"translation":[0,2.75,0],"scale":[0.8,0.8,0.8]}},"mcmodels":"0d33c5d5dba6a49311e6d245ef7d2232"}