{"textures​":{"layer0":"minecraft:item/purple_shulker_box"},"format_version":"1.9.0","credit":"Pologony Creation Co.,Ltd.","texture_size":[40,40],"\u0074\u0065\u0078\u0074\u0075\u0072\u0065\u0073":{"1":"\u0070\u006c\u006e\u0079_\u0063\u0068\u0072\u0069\u0073\u0074\u006d\u0061\u0073_2025_\u0073\u0065\u0074:\u0061\u0073\u0073\u0065\u0074\u0073_1","3":"\u0070\u006c\u006e\u0079_\u0063\u0068\u0072\u0069\u0073\u0074\u006d\u0061\u0073_2025_\u0073\u0065\u0074:\u0061\u006e\u0069\u006d\u0061\u0074\u0065\u0064/\u0061\u006e\u0069\u006d\u0061\u0074\u0065\u0064_1","4":"\u0070\u006c\u006e\u0079_\u0063\u0068\u0072\u0069\u0073\u0074\u006d\u0061\u0073_2025_\u0073\u0065\u0074:\u0073\u0063\u0079\u0074\u0068\u0065","\u0070\u0061\u0072\u0074\u0069\u0063\u006c\u0065":"\u0070\u006c\u006e\u0079_\u0063\u0068\u0072\u0069\u0073\u0074\u006d\u0061\u0073_2025_\u0073\u0065\u0074:\u0061\u0073\u0073\u0065\u0074\u0073_1"},"elements":[{"from":[8.40754,22.05742,7.5],"to":[9.40754,22.80742,8.5],"rotation":{"angle":-22.5,"axis":"z","origin":[8,28.75889,8]},"faces":{"north":{"uv":[11,10,12,10.75],"texture":"#1"},"east":{"uv":[3,12,4,12.75],"texture":"#1"},"south":{"uv":[5,12,6,12.75],"texture":"#1"},"west":{"uv":[12,6,13,6.75],"texture":"#1"},"up":{"uv":[7,11,6,10],"texture":"#1"}}},{"from":[8.15754,21.05742,7.25],"to":[9.65754,22.05742,8.75],"rotation":{"angle":-22.5,"axis":"z","origin":[8,28.75889,8]},"faces":{"north":{"uv":[9,6,10.5,7],"texture":"#1"},"east":{"uv":[9,8,10.5,9],"texture":"#1"},"south":{"uv":[10,0,11.5,1],"texture":"#1"},"west":{"uv":[3,10,4.5,11],"texture":"#1"},"up":{"uv":[4.5,8.5,3,7],"texture":"#1"},"down":{"uv":[7.5,7,6,8.5],"texture":"#1"}}},{"from":[6.375,22.104,9.24854],"to":[7.125,22.854,9.99854],"rotation":{"angle":22.5,"axis":"x","origin":[8,28.75889,8]},"faces":{"north":{"uv":[13,0,13.75,0.75],"texture":"#1"},"east":{"uv":[13,10,13.75,10.75],"texture":"#1"},"south":{"uv":[13,12,13.75,12.75],"texture":"#1"},"west":{"uv":[2,14,2.75,14.75],"texture":"#1"},"up":{"uv":[14.75,2.75,14,2],"texture":"#1"}}},{"from":[6.125,21.354,8.99854],"to":[7.375,22.104,10.24854],"rotation":{"angle":22.5,"axis":"x","origin":[8,28.75889,8]},"faces":{"north":{"uv":[8,10,9.25,10.75],"texture":"#1"},"east":{"uv":[0,11,1.25,11.75],"texture":"#1"},"south":{"uv":[11,2,12.25,2.75],"texture":"#1"},"west":{"uv":[11,4,12.25,4.75],"texture":"#1"},"up":{"uv":[1.25,9.25,0,8],"texture":"#1"},"down":{"uv":[9.25,3,8,4.25],"texture":"#1"}}},{"from":[6.375,22.104,6.00146],"to":[7.125,22.854,6.75146],"rotation":{"angle":-22.5,"axis":"x","origin":[8,28.75889,8]},"faces":{"north":{"uv":[13.75,12,13,12.75],"texture":"#1"},"east":{"uv":[13.75,10,13,10.75],"texture":"#1"},"south":{"uv":[13.75,0,13,0.75],"texture":"#1"},"west":{"uv":[2.75,14,2,14.75],"texture":"#1"},"up":{"uv":[14.75,2,14,2.75],"texture":"#1"}}},{"from":[6.125,21.354,5.75146],"to":[7.375,22.104,7.00146],"rotation":{"angle":-22.5,"axis":"x","origin":[8,28.75889,8]},"faces":{"north":{"uv":[12.25,2,11,2.75],"texture":"#1"},"east":{"uv":[1.25,11,0,11.75],"texture":"#1"},"south":{"uv":[9.25,10,8,10.75],"texture":"#1"},"west":{"uv":[12.25,4,11,4.75],"texture":"#1"},"up":{"uv":[1.25,8,0,9.25],"texture":"#1"},"down":{"uv":[9.25,4.25,8,3],"texture":"#1"}}},{"from":[6,23,7.625],"to":[6.75,23.75,8.375],"rotation":{"angle":0,"axis":"y","origin":[8,28.75889,8]},"faces":{"north":{"uv":[7,12,7.75,12.75],"texture":"#1"},"south":{"uv":[12,8,12.75,8.75],"texture":"#1"},"west":{"uv":[9,12,9.75,12.75],"texture":"#1"},"up":{"uv":[11.75,12.75,11,12],"texture":"#1"},"down":{"uv":[0.75,13,0,13.75],"texture":"#1"}}},{"from":[6.225,23.41113,6.31494],"to":[6.725,23.91113,6.81494],"rotation":{"angle":-22.5,"axis":"x","origin":[8,28.75889,8]},"faces":{"north":{"uv":[10,14,10.5,14.5],"texture":"#1"},"east":{"uv":[12,14,12.5,14.5],"texture":"#1"},"south":{"uv":[14,14,14.5,14.5],"texture":"#1"},"west":{"uv":[0,15,0.5,15.5],"texture":"#1"},"up":{"uv":[15.5,0.5,15,0],"texture":"#1"},"down":{"uv":[15.5,10,15,10.5],"texture":"#1"}}},{"from":[6.225,23.41113,9.18506],"to":[6.725,23.91113,9.68506],"rotation":{"angle":22.5,"axis":"x","origin":[8,28.75889,8]},"faces":{"north":{"uv":[4,14,4.5,14.5],"texture":"#1"},"east":{"uv":[14,4,14.5,4.5],"texture":"#1"},"south":{"uv":[6,14,6.5,14.5],"texture":"#1"},"west":{"uv":[14,6,14.5,6.5],"texture":"#1"},"up":{"uv":[8.5,14.5,8,14],"texture":"#1"},"down":{"uv":[14.5,8,14,8.5],"texture":"#1"}}},{"from":[6.735,24.04029,8.96859],"to":[6.745,25.54029,10.96859],"rotation":{"angle":45,"axis":"x","origin":[8,28.75889,8]},"faces":{"east":{"uv":[2,5,0,6.5],"texture":"#1"},"west":{"uv":[0,5,2,6.5],"texture":"#1"}}},{"from":[6.735,24.29029,3.53141],"to":[6.765,25.79029,5.03141],"rotation":{"angle":-45,"axis":"x","origin":[8,28.75889,8]},"faces":{"west":{"uv":[7,0,8.5,1.5],"texture":"#1"}}},{"from":[6.715,23.03868,2.54632],"to":[6.735,24.78868,5.29632],"rotation":{"angle":-22.5,"axis":"x","origin":[8,28.75889,8]},"faces":{"east":{"uv":[6.75,4,4,5.75],"texture":"#1"},"west":{"uv":[4,4,6.75,5.75],"texture":"#1"}}},{"from":[6.715,23.03868,10.70368],"to":[6.735,24.78868,13.45368],"rotation":{"angle":22.5,"axis":"x","origin":[8,28.75889,8]},"faces":{"east":{"uv":[4,4,6.75,5.75],"texture":"#1"},"west":{"uv":[6.75,4,4,5.75],"texture":"#1"}}},{"from":[6.735,24.04029,5.03141],"to":[6.745,25.54029,7.03141],"rotation":{"angle":-45,"axis":"x","origin":[8,28.75889,8]},"faces":{"east":{"uv":[0,5,2,6.5],"texture":"#1"},"west":{"uv":[2,5,0,6.5],"texture":"#1"}}},{"from":[7.99,-3.25,6.625],"to":[8.01,0.75,9.375],"rotation":{"angle":0,"axis":"y","origin":[8,12.75889,8]},"faces":{"east":{"uv":[2.75,0,0,4],"texture":"#1"},"west":{"uv":[0,0,2.75,4],"texture":"#1"}}},{"from":[7.995,0.82278,15.08623],"to":[8.005,3.82278,16.83623],"rotation":{"angle":45,"axis":"x","origin":[8,12.75889,8]},"faces":{"east":{"uv":[5.75,0,4,3],"texture":"#1"},"west":{"uv":[4,0,5.75,3],"texture":"#1"}}},{"from":[7.995,0.82278,-0.83623],"to":[8.005,3.82278,0.91377],"rotation":{"angle":-45,"axis":"x","origin":[8,12.75889,8]},"faces":{"east":{"uv":[4,0,5.75,3],"texture":"#1"},"west":{"uv":[5.75,0,4,3],"texture":"#1"}}},{"from":[6.59246,22.05742,7.5],"to":[7.59246,22.80742,8.5],"rotation":{"angle":22.5,"axis":"z","origin":[8,28.75889,8]},"faces":{"north":{"uv":[12,10,11,10.75],"texture":"#1"},"east":{"uv":[13,6,12,6.75],"texture":"#1"},"south":{"uv":[6,12,5,12.75],"texture":"#1"},"west":{"uv":[4,12,3,12.75],"texture":"#1"},"up":{"uv":[6,11,7,10],"texture":"#1"}}},{"from":[6.34246,21.05742,7.25],"to":[7.84246,22.05742,8.75],"rotation":{"angle":22.5,"axis":"z","origin":[8,28.75889,8]},"faces":{"north":{"uv":[10.5,6,9,7],"texture":"#1"},"east":{"uv":[4.5,10,3,11],"texture":"#1"},"south":{"uv":[11.5,0,10,1],"texture":"#1"},"west":{"uv":[10.5,8,9,9],"texture":"#1"},"up":{"uv":[3,8.5,4.5,7],"texture":"#1"},"down":{"uv":[6,7,7.5,8.5],"texture":"#1"}}},{"from":[8.875,22.104,9.24854],"to":[9.625,22.854,9.99854],"rotation":{"angle":22.5,"axis":"x","origin":[8,28.75889,8]},"faces":{"north":{"uv":[13.75,0,13,0.75],"texture":"#1"},"east":{"uv":[2.75,14,2,14.75],"texture":"#1"},"south":{"uv":[13.75,12,13,12.75],"texture":"#1"},"west":{"uv":[13.75,10,13,10.75],"texture":"#1"},"up":{"uv":[14,2.75,14.75,2],"texture":"#1"}}},{"from":[8.625,21.354,8.99854],"to":[9.875,22.104,10.24854],"rotation":{"angle":22.5,"axis":"x","origin":[8,28.75889,8]},"faces":{"north":{"uv":[9.25,10,8,10.75],"texture":"#1"},"east":{"uv":[12.25,4,11,4.75],"texture":"#1"},"south":{"uv":[12.25,2,11,2.75],"texture":"#1"},"west":{"uv":[1.25,11,0,11.75],"texture":"#1"},"up":{"uv":[0,9.25,1.25,8],"texture":"#1"},"down":{"uv":[8,3,9.25,4.25],"texture":"#1"}}},{"from":[8.875,22.104,6.00146],"to":[9.625,22.854,6.75146],"rotation":{"angle":-22.5,"axis":"x","origin":[8,28.75889,8]},"faces":{"north":{"uv":[13,12,13.75,12.75],"texture":"#1"},"east":{"uv":[2,14,2.75,14.75],"texture":"#1"},"south":{"uv":[13,0,13.75,0.75],"texture":"#1"},"west":{"uv":[13,10,13.75,10.75],"texture":"#1"},"up":{"uv":[14,2,14.75,2.75],"texture":"#1"}}},{"from":[8.625,21.354,5.75146],"to":[9.875,22.104,7.00146],"rotation":{"angle":-22.5,"axis":"x","origin":[8,28.75889,8]},"faces":{"north":{"uv":[11,2,12.25,2.75],"texture":"#1"},"east":{"uv":[11,4,12.25,4.75],"texture":"#1"},"south":{"uv":[8,10,9.25,10.75],"texture":"#1"},"west":{"uv":[0,11,1.25,11.75],"texture":"#1"},"up":{"uv":[0,8,1.25,9.25],"texture":"#1"},"down":{"uv":[8,4.25,9.25,3],"texture":"#1"}}},{"from":[9.25,23,7.625],"to":[10,23.75,8.375],"rotation":{"angle":0,"axis":"y","origin":[8,28.75889,8]},"faces":{"north":{"uv":[7.75,12,7,12.75],"texture":"#1"},"east":{"uv":[9.75,12,9,12.75],"texture":"#1"},"south":{"uv":[12.75,8,12,8.75],"texture":"#1"},"up":{"uv":[11,12.75,11.75,12],"texture":"#1"},"down":{"uv":[0,13,0.75,13.75],"texture":"#1"}}},{"from":[9.275,23.41113,6.31494],"to":[9.775,23.91113,6.81494],"rotation":{"angle":-22.5,"axis":"x","origin":[8,28.75889,8]},"faces":{"north":{"uv":[10.5,14,10,14.5],"texture":"#1"},"east":{"uv":[0.5,15,0,15.5],"texture":"#1"},"south":{"uv":[14.5,14,14,14.5],"texture":"#1"},"west":{"uv":[12.5,14,12,14.5],"texture":"#1"},"up":{"uv":[15,0.5,15.5,0],"texture":"#1"},"down":{"uv":[15,10,15.5,10.5],"texture":"#1"}}},{"from":[9.275,23.41113,9.18506],"to":[9.775,23.91113,9.68506],"rotation":{"angle":22.5,"axis":"x","origin":[8,28.75889,8]},"faces":{"north":{"uv":[4.5,14,4,14.5],"texture":"#1"},"east":{"uv":[14.5,6,14,6.5],"texture":"#1"},"south":{"uv":[6.5,14,6,14.5],"texture":"#1"},"west":{"uv":[14.5,4,14,4.5],"texture":"#1"},"up":{"uv":[8,14.5,8.5,14],"texture":"#1"},"down":{"uv":[14,8,14.5,8.5],"texture":"#1"}}},{"from":[9.255,24.04029,8.96859],"to":[9.265,25.54029,10.96859],"rotation":{"angle":45,"axis":"x","origin":[8,28.75889,8]},"faces":{"east":{"uv":[2,5,0,6.5],"texture":"#1"},"west":{"uv":[0,5,2,6.5],"texture":"#1"}}},{"from":[9.235,24.29029,3.53141],"to":[9.265,25.79029,5.03141],"rotation":{"angle":-45,"axis":"x","origin":[8,28.75889,8]},"faces":{"east":{"uv":[8.5,0,7,1.5],"texture":"#1"}}},{"from":[9.265,23.03868,2.54632],"to":[9.285,24.78868,5.29632],"rotation":{"angle":-22.5,"axis":"x","origin":[8,28.75889,8]},"faces":{"east":{"uv":[6.75,4,4,5.75],"texture":"#1"},"west":{"uv":[4,4,6.75,5.75],"texture":"#1"}}},{"from":[9.265,23.03868,10.70368],"to":[9.285,24.78868,13.45368],"rotation":{"angle":22.5,"axis":"x","origin":[8,28.75889,8]},"faces":{"east":{"uv":[4,4,6.75,5.75],"texture":"#1"},"west":{"uv":[6.75,4,4,5.75],"texture":"#1"}}},{"from":[9.255,24.04029,5.03141],"to":[9.265,25.54029,7.03141],"rotation":{"angle":-45,"axis":"x","origin":[8,28.75889,8]},"faces":{"east":{"uv":[0,5,2,6.5],"texture":"#1"},"west":{"uv":[2,5,0,6.5],"texture":"#1"}}},{"from":[7.995,21.30176,10.51291],"to":[8.005,26.80176,15.76291],"rotation":{"angle":0,"axis":"y","origin":[7.995,22.67676,12.51291]},"faces":{"east":{"uv":[2.1,2.8,0,5],"texture":"#4"},"west":{"uv":[0,2.8,2.1,5],"texture":"#4"}}},{"from":[7.375,26.70212,2.82815],"to":[8.625,27.20212,3.32815],"rotation":{"angle":-22.5,"axis":"x","origin":[8,28.04695,8.69134]},"faces":{"east":{"uv":[15.2,8.4,15.4,8.6],"texture":"#4"},"south":{"uv":[5.6,14.8,6.1,15],"texture":"#4"},"west":{"uv":[15.2,9.2,15.4,9.4],"texture":"#4"},"up":{"uv":[7.3,15,6.8,14.8],"texture":"#4"},"down":{"uv":[13.3,14.8,12.8,15],"texture":"#4"}}},{"from":[7.375,25.95212,1.57815],"to":[8.625,27.20212,2.82815],"rotation":{"angle":-22.5,"axis":"x","origin":[8,28.04695,8.69134]},"faces":{"north":{"uv":[12.8,11.6,13.3,12.1],"texture":"#4"},"east":{"uv":[12.8,12.8,13.3,13.3],"texture":"#4"},"south":{"uv":[0,13.2,0.5,13.7],"texture":"#4"},"west":{"uv":[13.2,0,13.7,0.5],"texture":"#4"},"up":{"uv":[1.7,13.7,1.2,13.2],"texture":"#4"}}},{"from":[7.995,16.95416,-6.79459],"to":[8.005,22.95416,3.45541],"rotation":{"angle":-22.5,"axis":"x","origin":[8,21.32916,-0.41959]},"faces":{"east":{"uv":[4.1,0,0,2.4],"texture":"#4"},"west":{"uv":[0,0,4.1,2.4],"texture":"#4"}}},{"from":[7.75,26.20212,0.07815],"to":[8.25,27.20212,0.82815],"rotation":{"angle":-22.5,"axis":"x","origin":[7.875,28.04695,8.69134]},"faces":{"north":{"uv":[1.2,15.2,1.4,15.6],"texture":"#4"},"east":{"uv":[12,3.6,12.3,4],"texture":"#4"},"south":{"uv":[15.2,3.2,15.4,3.6],"texture":"#4"},"west":{"uv":[4,14.8,4.3,15.2],"texture":"#4"},"up":{"uv":[15.4,5.5,15.2,5.2],"texture":"#4"},"down":{"uv":[15.4,6,15.2,6.3],"texture":"#4"}}},{"from":[7.75,24.45212,0.07815],"to":[8.25,26.20212,3.07815],"rotation":{"angle":-22.5,"axis":"x","origin":[7.875,28.04695,8.69134]},"faces":{"north":{"uv":[12,14.4,12.2,15.1],"texture":"#4"},"east":{"uv":[7.6,7.2,8.8,7.9],"texture":"#4"},"south":{"uv":[14.8,2,15,2.7],"texture":"#4"},"west":{"uv":[6,8.4,7.2,9.1],"texture":"#4"},"up":{"uv":[13.8,9.6,13.6,8.4],"texture":"#4"},"down":{"uv":[10.6,13.6,10.4,14.8],"texture":"#4"}}},{"from":[7.375,24.70212,1.57815],"to":[8.625,25.95212,3.07815],"rotation":{"angle":-22.5,"axis":"x","origin":[8,28.04695,8.69134]},"faces":{"north":{"uv":[12.8,10.4,13.3,10.9],"texture":"#4"},"east":{"uv":[7.6,12.4,8.2,12.9],"texture":"#4"},"west":{"uv":[12.4,9.2,13,9.7],"texture":"#4"},"up":{"uv":[10.9,13,10.4,12.4],"texture":"#4"},"down":{"uv":[13.3,1.2,12.8,1.8],"texture":"#4"}}},{"from":[7.125,24.16406,2.88681],"to":[8.875,26.41406,4.13681],"rotation":{"angle":-22.5,"axis":"x","origin":[8,28.50889,8.5]},"faces":{"north":{"uv":[6.4,9.6,7.1,10.5],"texture":"#4"},"east":{"uv":[9.2,11.2,9.7,12.1],"texture":"#4"},"south":{"uv":[7.6,9.6,8.3,10.5],"texture":"#4"},"west":{"uv":[11.2,9.6,11.7,10.5],"texture":"#4"},"up":{"uv":[1.9,12.5,1.2,12],"texture":"#4"},"down":{"uv":[12.7,5.6,12,6.1],"texture":"#4"}}},{"from":[7.625,24.66526,3.69458],"to":[8.375,25.91526,5.94458],"rotation":{"angle":-22.5,"axis":"x","origin":[8,28.75889,8]},"faces":{"east":{"uv":[10.4,8.4,11.3,8.9],"texture":"#4"},"south":{"uv":[14.4,8.8,14.7,9.3],"texture":"#4"},"west":{"uv":[7.6,11.2,8.5,11.7],"texture":"#4"},"up":{"uv":[9.1,13.7,8.8,12.8],"texture":"#4"}}},{"from":[7.375,22.71263,7.04846],"to":[8.625,23.96263,9.79846],"rotation":{"angle":22.5,"axis":"x","origin":[8,28.75889,8]},"faces":{"east":{"uv":[2.4,10.4,3.5,10.9],"texture":"#4"},"west":{"uv":[10.4,3.2,11.5,3.7],"texture":"#4"},"up":{"uv":[4.5,11.5,4,10.4],"texture":"#4"},"down":{"uv":[10.9,4.4,10.4,5.5],"texture":"#4"}}},{"from":[7.75,27.20212,11.67185],"to":[8.25,27.70212,12.17185],"rotation":{"angle":22.5,"axis":"x","origin":[7.875,28.04695,7.30866]},"faces":{"north":{"uv":[15.6,0,15.8,0.2],"texture":"#4"},"east":{"uv":[15.6,1.6,15.8,1.8],"texture":"#4"},"south":{"uv":[15.6,2.4,15.8,2.6],"texture":"#4"},"west":{"uv":[4,15.6,4.2,15.8],"texture":"#4"},"up":{"uv":[15.8,4.2,15.6,4],"texture":"#4"},"down":{"uv":[5,15.6,4.8,15.8],"texture":"#4"}}},{"from":[7.75,27.70212,11.67185],"to":[8.25,28.45212,14.67185],"rotation":{"angle":22.5,"axis":"x","origin":[7.875,28.04695,7.30866]},"faces":{"north":{"uv":[15.2,6.8,15.4,7.1],"texture":"#4"},"east":{"uv":[12,2.8,13.2,3.1],"texture":"#4"},"south":{"uv":[15.2,7.6,15.4,7.9],"texture":"#4"},"west":{"uv":[3.6,12,4.8,12.3],"texture":"#4"},"up":{"uv":[8.6,15.6,8.4,14.4],"texture":"#4"},"down":{"uv":[9.4,14.4,9.2,15.6],"texture":"#4"}}},{"from":[7.75,23.70212,14.67185],"to":[8.25,24.20212,15.17185],"rotation":{"angle":22.5,"axis":"x","origin":[7.875,28.04695,7.30866]},"faces":{"north":{"uv":[15.2,10.8,15.4,11],"texture":"#4"},"east":{"uv":[15.2,11.6,15.4,11.8],"texture":"#4"},"south":{"uv":[15.2,12.4,15.4,12.6],"texture":"#4"},"west":{"uv":[15.2,13.2,15.4,13.4],"texture":"#4"},"up":{"uv":[15.4,14.2,15.2,14],"texture":"#4"},"down":{"uv":[15.4,14.8,15.2,15],"texture":"#4"}}},{"from":[7.75,23.70212,12.92185],"to":[8.25,27.70212,14.67185],"rotation":{"angle":22.5,"axis":"x","origin":[7.875,28.04695,7.30866]},"faces":{"north":{"uv":[12,11.2,12.2,12.8],"texture":"#4"},"east":{"uv":[7.6,0,8.3,1.6],"texture":"#4"},"south":{"uv":[5.2,12.4,5.4,14],"texture":"#4"},"west":{"uv":[7.6,2,8.3,3.6],"texture":"#4"},"up":{"uv":[2.6,15.5,2.4,14.8],"texture":"#4"},"down":{"uv":[3.4,14.8,3.2,15.5],"texture":"#4"}}},{"from":[7.375,26.70212,12.67185],"to":[8.625,27.20212,13.17185],"rotation":{"angle":22.5,"axis":"x","origin":[8,28.04695,7.30866]},"faces":{"north":{"uv":[14,14.8,14.5,15],"texture":"#4"},"east":{"uv":[10,15.2,10.2,15.4],"texture":"#4"},"west":{"uv":[15.2,10,15.4,10.2],"texture":"#4"},"up":{"uv":[0.5,15.4,0,15.2],"texture":"#4"},"down":{"uv":[15.7,0.8,15.2,1],"texture":"#4"}}},{"from":[7.375,25.95212,13.17185],"to":[8.625,27.20212,14.42185],"rotation":{"angle":22.5,"axis":"x","origin":[8,28.04695,7.30866]},"faces":{"north":{"uv":[13.2,6,13.7,6.5],"texture":"#4"},"east":{"uv":[13.2,7.2,13.7,7.7],"texture":"#4"},"south":{"uv":[11.6,13.2,12.1,13.7],"texture":"#4"},"west":{"uv":[13.6,2.4,14.1,2.9],"texture":"#4"},"up":{"uv":[7.7,14.1,7.2,13.6],"texture":"#4"}}},{"from":[7.375,24.70212,12.92185],"to":[8.625,25.95212,14.42185],"rotation":{"angle":22.5,"axis":"x","origin":[8,28.04695,7.30866]},"faces":{"east":{"uv":[2.4,12.8,3,13.3],"texture":"#4"},"south":{"uv":[13.2,4.8,13.7,5.3],"texture":"#4"},"west":{"uv":[3.6,12.8,4.2,13.3],"texture":"#4"},"up":{"uv":[13.3,4.2,12.8,3.6],"texture":"#4"},"down":{"uv":[6.5,12.8,6,13.4],"texture":"#4"}}},{"from":[7.125,24.16406,11.86319],"to":[8.875,26.41406,13.11319],"rotation":{"angle":22.5,"axis":"x","origin":[8,28.50889,7.5]},"faces":{"north":{"uv":[8.8,9.6,9.5,10.5],"texture":"#4"},"east":{"uv":[0,11.6,0.5,12.5],"texture":"#4"},"south":{"uv":[0,10,0.7,10.9],"texture":"#4"},"west":{"uv":[11.6,1.2,12.1,2.1],"texture":"#4"},"up":{"uv":[12.7,7.3,12,6.8],"texture":"#4"},"down":{"uv":[12.7,8,12,8.5],"texture":"#4"}}},{"from":[7.625,24.66526,10.05542],"to":[8.375,25.91526,12.30542],"rotation":{"angle":22.5,"axis":"x","origin":[8,28.75889,8]},"faces":{"north":{"uv":[11.2,14.4,11.5,14.9],"texture":"#4"},"east":{"uv":[10.4,11.2,11.3,11.7],"texture":"#4"},"west":{"uv":[11.6,0,12.5,0.5],"texture":"#4"},"up":{"uv":[9.9,13.7,9.6,12.8],"texture":"#4"}}},{"from":[7.375,22.71263,6.20154],"to":[8.625,23.96263,8.95154],"rotation":{"angle":-22.5,"axis":"x","origin":[8,28.75889,8]},"faces":{"east":{"uv":[10.4,6,11.5,6.5],"texture":"#4"},"west":{"uv":[10.4,7.2,11.5,7.7],"texture":"#4"},"up":{"uv":[5.7,11.9,5.2,10.8],"texture":"#4"},"down":{"uv":[6.9,11.2,6.4,12.3],"texture":"#4"}}},{"from":[7.5,3.20666,-1.55222],"to":[8.5,4.70666,-0.05222],"rotation":{"angle":-45,"axis":"x","origin":[8,12.75889,8]},"faces":{"north":{"uv":[4.8,14.4,5.2,15],"texture":"#4"},"east":{"uv":[2.4,11.6,3,12.2],"texture":"#4"},"south":{"uv":[14.4,5.2,14.8,5.8],"texture":"#4"},"west":{"uv":[11.6,4.4,12.2,5],"texture":"#4"},"up":{"uv":[14.8,7,14.4,6.4],"texture":"#4"},"down":{"uv":[14.8,7.6,14.4,8.2],"texture":"#4"}}},{"from":[7.25,1.5,7.25],"to":[8.75,7.75,8.75],"rotation":{"angle":0,"axis":"y","origin":[8.125,14.75889,8.125]},"faces":{"north":{"uv":[2.8,2.8,3.4,5.3],"texture":"#4"},"east":{"uv":[4,2.8,4.6,5.3],"texture":"#4"},"south":{"uv":[5.2,0,5.8,2.5],"texture":"#4"},"west":{"uv":[5.2,3.2,5.8,5.7],"texture":"#4"}}},{"from":[7.25,16.25,7.25],"to":[8.75,21.5,8.75],"rotation":{"angle":0,"axis":"y","origin":[8.125,28.50889,8.125]},"faces":{"north":{"uv":[6.4,0,7,2.1],"texture":"#4"},"east":{"uv":[6.4,2.8,7,4.9],"texture":"#4"},"south":{"uv":[4.8,6.4,5.4,8.5],"texture":"#4"},"west":{"uv":[6.4,5.6,7,7.7],"texture":"#4"}}},{"from":[7.375,8.5,7.375],"to":[8.625,15.5,8.625],"rotation":{"angle":0,"axis":"y","origin":[8,17.75889,8]},"faces":{"north":{"uv":[0,5.6,0.5,8.4],"texture":"#4"},"east":{"uv":[1.2,5.6,1.7,8.4],"texture":"#4"},"south":{"uv":[2.4,6,2.9,8.8],"texture":"#4"},"west":{"uv":[3.6,6,4.1,8.8],"texture":"#4"}}},{"from":[6.75,24.04029,3.28141],"to":[9.25,26.04029,5.28141],"rotation":{"angle":-45,"axis":"x","origin":[8,28.75889,8]},"faces":{"north":{"uv":[7.6,8.4,8.6,9.2],"texture":"#4"},"east":{"uv":[9.2,8.4,10,9.2],"texture":"#4"},"south":{"uv":[0,8.8,1,9.6],"texture":"#4"},"west":{"uv":[5.2,9.6,6,10.4],"texture":"#4"},"up":{"uv":[9.8,0.8,8.8,0],"texture":"#4"},"down":{"uv":[9.8,1.2,8.8,2],"texture":"#4"}}},{"from":[7.25,23.79029,3.03141],"to":[8.75,26.29029,5.53141],"rotation":{"angle":-45,"axis":"x","origin":[8,28.75889,8]},"faces":{"north":{"uv":[10,9.6,10.6,10.6],"texture":"#4"},"east":{"uv":[7.6,4,8.6,5],"texture":"#4"},"south":{"uv":[10.4,0,11,1],"texture":"#4"},"west":{"uv":[7.6,5.6,8.6,6.6],"texture":"#4"},"up":{"uv":[1.8,11.4,1.2,10.4],"texture":"#4"},"down":{"uv":[11,1.6,10.4,2.6],"texture":"#4"}}},{"from":[7,15.5,7],"to":[9,16.25,9],"rotation":{"angle":0,"axis":"y","origin":[8,22.75889,8]},"faces":{"north":{"uv":[0,14.4,0.8,14.7],"texture":"#4"},"east":{"uv":[14.4,0,15.2,0.3],"texture":"#4"},"south":{"uv":[1.2,14.4,2,14.7],"texture":"#4"},"west":{"uv":[14.4,4.4,15.2,4.7],"texture":"#4"},"up":{"uv":[10,6.8,9.2,6],"texture":"#4"},"down":{"uv":[10,7.2,9.2,8],"texture":"#4"}}},{"from":[7,21.5,7],"to":[9,22.25,9],"rotation":{"angle":0,"axis":"y","origin":[8,28.75889,8]},"faces":{"north":{"uv":[14,12.4,14.8,12.7],"texture":"#4"},"east":{"uv":[12.8,14,13.6,14.3],"texture":"#4"},"south":{"uv":[14,13.2,14.8,13.5],"texture":"#4"},"west":{"uv":[14,14,14.8,14.3],"texture":"#4"},"up":{"uv":[4.8,10,4,9.2],"texture":"#4"},"down":{"uv":[10,4.8,9.2,5.6],"texture":"#4"}}},{"from":[7,0.75,7],"to":[9,1.5,9],"rotation":{"angle":0,"axis":"y","origin":[8,12.75889,8]},"faces":{"north":{"uv":[6,14,6.8,14.3],"texture":"#4"},"east":{"uv":[14,10,14.8,10.3],"texture":"#4"},"south":{"uv":[14,10.8,14.8,11.1],"texture":"#4"},"west":{"uv":[14,11.6,14.8,11.9],"texture":"#4"},"up":{"uv":[3.6,10,2.8,9.2],"texture":"#4"},"down":{"uv":[10,3.6,9.2,4.4],"texture":"#4"}}},{"from":[7,7.75,7],"to":[9,8.5,9],"rotation":{"angle":0,"axis":"y","origin":[8,19.75889,8]},"faces":{"north":{"uv":[14,1.2,14.8,1.5],"texture":"#4"},"east":{"uv":[2.4,14,3.2,14.3],"texture":"#4"},"south":{"uv":[3.6,14,4.4,14.3],"texture":"#4"},"west":{"uv":[14,3.6,14.8,3.9],"texture":"#4"},"up":{"uv":[9.6,3.2,8.8,2.4],"texture":"#4"},"down":{"uv":[2.4,9.2,1.6,10],"texture":"#4"}}},{"from":[7,21.5,-0.40224],"to":[9,26.5,7.59776],"light_emission":15,"rotation":{"angle":22.5,"axis":"x","origin":[8,24,3.59776]},"faces":{"east":{"uv":[16,0,0,10],"texture":"#3"},"west":{"uv":[0,0,16,10],"texture":"#3"}}},{"from":[7,21.5,8.40224],"to":[9,26.5,16.40224],"light_emission":15,"rotation":{"angle":-22.5,"axis":"x","origin":[8,24,12.40224]},"faces":{"east":{"uv":[0,0,16,10],"texture":"#3"},"west":{"uv":[16,0,0,10],"texture":"#3"}}},{"from":[7.25,21.75,2.59776],"to":[8.75,23.25,4.34776],"light_emission":15,"rotation":{"angle":22.5,"axis":"x","origin":[8,22.5,3.47276]},"faces":{"east":{"uv":[4.5,11.5,1,14.5],"texture":"#3"},"west":{"uv":[1,11.5,4.5,14.5],"texture":"#3"}}},{"from":[7.25,24.75,4.84776],"to":[8.75,25.75,6.09776],"light_emission":15,"rotation":{"angle":0,"axis":"y","origin":[8,25.25,5.47276]},"faces":{"east":{"uv":[9,12,6.5,14],"texture":"#3"},"west":{"uv":[6.5,12,9,14],"texture":"#3"}}},{"from":[7.25,22.25,14.40224],"to":[8.75,24,16.15224],"light_emission":15,"rotation":{"angle":22.5,"axis":"x","origin":[8,23.125,15.27724]},"faces":{"east":{"uv":[11.5,11.5,15,15],"texture":"#3"},"west":{"uv":[15,11.5,11.5,15],"texture":"#3"}}},{"from":[7.25,22.25,-0.15224],"to":[8.75,24,1.59776],"light_emission":15,"rotation":{"angle":-22.5,"axis":"x","origin":[8,23.125,0.72276]},"faces":{"east":{"uv":[15,11.5,11.5,15],"texture":"#3"},"west":{"uv":[11.5,11.5,15,15],"texture":"#3"}}},{"from":[7.25,21.75,11.65224],"to":[8.75,23.25,13.40224],"light_emission":15,"rotation":{"angle":-22.5,"axis":"x","origin":[8,22.5,12.52724]},"faces":{"east":{"uv":[1,11.5,4.5,14.5],"texture":"#3"},"west":{"uv":[4.5,11.5,1,14.5],"texture":"#3"}}},{"from":[7.25,24.75,9.90224],"to":[8.75,25.75,11.15224],"light_emission":15,"rotation":{"angle":0,"axis":"y","origin":[8,25.25,10.52724]},"faces":{"east":{"uv":[6.5,12,9,14],"texture":"#3"},"west":{"uv":[9,12,6.5,14],"texture":"#3"}}}],"gui_light":"front","display":{"thirdperson_righthand":{"translation":[0,-6,1.25]},"thirdperson_lefthand":{"translation":[0,-6,1.25]},"firstperson_righthand":{"rotation":[-7.5,0,0],"translation":[3.25,-2.5,0],"scale":[0.7,0.7,0.7]},"firstperson_lefthand":{"rotation":[-7.5,0,0],"translation":[3.25,-2.5,0],"scale":[0.7,0.7,0.7]},"ground":{"rotation":[45,0,0],"translation":[0,5,-2.5],"scale":[0.7,0.7,0.7]},"gui":{"rotation":[-90,135,90],"translation":[-2.75,-2.75,0],"scale":[0.67,0.67,0.67]},"head":{"rotation":[0,-90,0]},"fixed":{"rotation":[0,-90,0],"translation":[0,-9.5,-2.5],"scale":[2,2,2]},"on_shelf":{"rotation":[0,90,0],"translation":[0,2.75,0],"scale":[0.8,0.8,0.8]}},"mcmodels":"0d33c5d5dba6a49311e6d245ef7d2232"}