{"credit":"Made with Blockbench","texture_size":[64,64],"textures":{"0":"elitecreatures:thanks_giving_2023_v1/bow_texture","particle":"elitecreatures:thanks_giving_2023_v1/bow_texture"},"elements":[{"from":[6,0,5],"to":[10,5,9],"rotation":{"angle":-22.5,"axis":"x","origin":[9,5,5]},"faces":{"north":{"uv":[5.5,6.75,6.5,8],"texture":"#0"},"east":{"uv":[5.5,4.75,6.5,6],"texture":"#0"},"south":{"uv":[0,6.5,1,7.75],"texture":"#0"},"west":{"uv":[1,6.5,2,7.75],"texture":"#0"},"up":{"uv":[8,10,7,9],"rotation":90,"texture":"#0"},"down":{"uv":[4.75,9.25,3.75,10.25],"rotation":270,"texture":"#0"}}},{"from":[6.5,-9.5873,11.48671],"to":[9.5,-6.5873,16.48671],"rotation":{"angle":-22.5,"axis":"x","origin":[9,5,5]},"faces":{"north":{"uv":[12.375,6.25,11.625,7],"rotation":270,"texture":"#0"},"east":{"uv":[13.125,6.25,12.375,7.5],"rotation":270,"texture":"#0"},"south":{"uv":[12.375,6.25,11.625,7],"rotation":270,"texture":"#0"},"west":{"uv":[13.875,6.25,13.125,7.5],"rotation":270,"texture":"#0"},"up":{"uv":[12.875,5.5,11.625,6.25],"rotation":270,"texture":"#0"},"down":{"uv":[14.125,5.5,12.875,6.25],"rotation":270,"texture":"#0"}}},{"from":[7.025,-12.87268,10.03002],"to":[8.975,-10.87268,14.03002],"rotation":{"angle":-45,"axis":"x","origin":[9,5,5]},"faces":{"north":{"uv":[11.5,8.75,11,8.25],"rotation":270,"texture":"#0"},"east":{"uv":[10.75,10.75,11.25,11.75],"rotation":90,"texture":"#0"},"south":{"uv":[11.5,8.75,11,9.25],"rotation":270,"texture":"#0"},"west":{"uv":[4,11,4.5,12],"rotation":270,"texture":"#0"},"up":{"uv":[3.5,11,4,12],"texture":"#0"},"down":{"uv":[4.5,11,5,12],"rotation":180,"texture":"#0"}}},{"from":[3.5,15,2.5],"to":[12.5,19,11.5],"rotation":{"angle":0,"axis":"y","origin":[16,-10,-1]},"faces":{"north":{"uv":[16,3.25,13.75,2.25],"texture":"#0"},"east":{"uv":[16,3.25,13.75,2.25],"texture":"#0"},"south":{"uv":[16,3.25,13.75,2.25],"texture":"#0"},"west":{"uv":[16,3.25,13.75,2.25],"texture":"#0"},"up":{"uv":[16,2.25,13.75,0],"rotation":90,"texture":"#0"},"down":{"uv":[16,5.5,13.75,3.25],"rotation":270,"texture":"#0"}}},{"from":[4.5,20,4.75],"to":[11.5,24,11.75],"rotation":{"angle":0,"axis":"y","origin":[16,-10,-1]},"faces":{"north":{"uv":[15.875,3.25,14.125,2.25],"texture":"#0"},"east":{"uv":[15.625,3.25,13.875,2.25],"texture":"#0"},"south":{"uv":[15.75,3.25,14,2.25],"texture":"#0"},"west":{"uv":[15.75,3.25,14,2.25],"texture":"#0"},"up":{"uv":[15.75,2,14,0.25],"rotation":90,"texture":"#0"},"down":{"uv":[15.75,5.25,14,3.5],"rotation":270,"texture":"#0"}}},{"from":[6,-0.83163,14.07881],"to":[10,3.16837,20.07881],"rotation":{"angle":22.5,"axis":"x","origin":[9,5,5]},"faces":{"north":{"uv":[9.75,1.5,10.75,2.5],"texture":"#0"},"east":{"uv":[1.5,7.75,3,8.75],"texture":"#0"},"south":{"uv":[9.5,9.5,10.5,10.5],"texture":"#0"},"west":{"uv":[3,7.75,1.5,8.75],"texture":"#0"},"up":{"uv":[8.5,9,7,8],"rotation":90,"texture":"#0"},"down":{"uv":[10,3.5,8.5,4.5],"rotation":270,"texture":"#0"}}},{"from":[5.975,-5.6194,3.08658],"to":[9.975,0.3806,7.08658],"rotation":{"angle":-45,"axis":"x","origin":[9,5,5]},"faces":{"north":{"uv":[8,5,6.5,5.9875],"rotation":90,"texture":"#0"},"east":{"uv":[3.5,3,5,4],"rotation":270,"texture":"#0"},"south":{"uv":[8,4.9875,6.5,4],"rotation":90,"texture":"#0"},"west":{"uv":[5,3,3.5,4],"rotation":90,"texture":"#0"},"up":{"uv":[1,8.75,1.9875,9.75],"rotation":180,"texture":"#0"},"down":{"uv":[0,8.75,0.9875,9.75],"texture":"#0"}}},{"from":[1,6,6],"to":[5,9,9],"rotation":{"angle":0,"axis":"y","origin":[8,1,10]},"faces":{"north":{"uv":[11.25,5.75,10.5,6.75],"rotation":90,"texture":"#0"},"east":{"uv":[10.5,9.25,11.25,10],"rotation":270,"texture":"#0"},"south":{"uv":[5.5,10.25,4.75,9.25],"rotation":90,"texture":"#0"},"west":{"uv":[9.5,10.5,10.25,11.25],"rotation":90,"texture":"#0"},"up":{"uv":[10.5,5,11.5,5.75],"rotation":180,"texture":"#0"},"down":{"uv":[5,10.5,6,11.25],"texture":"#0"}}},{"from":[2,9,7],"to":[6,15,7],"rotation":{"angle":0,"axis":"y","origin":[8,1,10]},"faces":{"north":{"uv":[14,15.125,15,13.625],"texture":"#0"},"east":{"uv":[10.5,9.25,11.25,10],"rotation":270,"texture":"#0"},"south":{"uv":[15,15.125,14,13.625],"texture":"#0"},"west":{"uv":[9.5,10.5,10.25,11.25],"rotation":90,"texture":"#0"},"up":{"uv":[10.5,5,11.5,5.75],"rotation":180,"texture":"#0"},"down":{"uv":[5,10.5,6,11.25],"texture":"#0"}}},{"from":[6,19,5],"to":[10,24,10],"rotation":{"angle":22.5,"axis":"x","origin":[8,19,5]},"faces":{"north":{"uv":[1.25,3.5,0,2.5],"rotation":270,"texture":"#0"},"east":{"uv":[0,0,1.25,1.25],"rotation":90,"texture":"#0"},"south":{"uv":[1.25,3.5,0,4.5],"rotation":270,"texture":"#0"},"west":{"uv":[1.25,0,0,1.25],"rotation":270,"texture":"#0"},"up":{"uv":[8.5,8.75,9.5,7.5],"rotation":180,"texture":"#0"},"down":{"uv":[3,9,4,7.75],"texture":"#0"}}},{"from":[6.025,23.6194,3.08658],"to":[9.975,31.6194,8.08658],"rotation":{"angle":45,"axis":"x","origin":[8,19,5]},"faces":{"north":{"uv":[6.5,7,8.5,6],"rotation":270,"texture":"#0"},"east":{"uv":[2,4.5,0,5.75],"rotation":90,"texture":"#0"},"south":{"uv":[2,6.75,4,7.75],"rotation":270,"texture":"#0"},"west":{"uv":[7.5,0,5.5,1.25],"rotation":270,"texture":"#0"},"up":{"uv":[8.5,10,9.5,8.75],"rotation":180,"texture":"#0"},"down":{"uv":[2,10,3,8.75],"texture":"#0"}}},{"from":[8,24,7.25],"to":[8,32,14.25],"rotation":{"angle":-22.5,"axis":"x","origin":[8,24,7.25]},"faces":{"north":{"uv":[6.5,6,8.5,6],"rotation":270,"texture":"#0"},"east":{"uv":[11.625,7.5,13.375,9.5],"texture":"#0"},"south":{"uv":[2,6.75,4,6.75],"rotation":270,"texture":"#0"},"west":{"uv":[13.375,7.5,11.625,9.5],"texture":"#0"},"up":{"uv":[8.5,10.5,8.5,8.75],"rotation":180,"texture":"#0"},"down":{"uv":[2,10.5,2,8.75],"texture":"#0"}}},{"from":[8,-6,7.25],"to":[8,0,14.25],"rotation":{"angle":22.5,"axis":"x","origin":[8,0,7.25]},"faces":{"north":{"uv":[8.5,6,6.5,6],"rotation":270,"texture":"#0"},"east":{"uv":[11.625,9,13.375,7.5],"texture":"#0"},"south":{"uv":[4,6.75,2,6.75],"rotation":270,"texture":"#0"},"west":{"uv":[13.375,9,11.625,7.5],"texture":"#0"},"up":{"uv":[2,8.75,2,10.5],"texture":"#0"},"down":{"uv":[8.5,8.75,8.5,10.5],"rotation":180,"texture":"#0"}}},{"from":[7,21.597,15.92657],"to":[9,25.597,23.92657],"rotation":{"angle":-22.5,"axis":"x","origin":[8,19,5]},"faces":{"north":{"uv":[8,10,8.5,9],"rotation":180,"texture":"#0"},"east":{"uv":[9,2.5,7,3.5],"texture":"#0"},"south":{"uv":[10.25,11.75,10.75,10.75],"rotation":180,"texture":"#0"},"west":{"uv":[7,2.5,9,3.5],"texture":"#0"},"up":{"uv":[9,3.5,11,3],"rotation":90,"texture":"#0"},"down":{"uv":[9.75,2.5,11.75,3],"rotation":270,"texture":"#0"}}},{"from":[7,9,5],"to":[9,12,9],"rotation":{"angle":0,"axis":"y","origin":[16,-9,-1]},"faces":{"north":{"uv":[10.5,4.25,11,5],"texture":"#0"},"east":{"uv":[10.5,0,11.5,0.75],"texture":"#0"},"south":{"uv":[10.5,0.75,11,1.5],"texture":"#0"},"west":{"uv":[11.5,0,10.5,0.75],"texture":"#0"},"up":{"uv":[10.5,8,9.5,7.5],"rotation":90,"texture":"#0"},"down":{"uv":[10.5,8.5,9.5,9],"rotation":270,"texture":"#0"}}},{"from":[5,5,4],"to":[11,9,10],"rotation":{"angle":0,"axis":"y","origin":[16,-5,0]},"faces":{"north":{"uv":[7.5,0,9,1],"texture":"#0"},"east":{"uv":[2,4.5,3.5,5.5],"texture":"#0"},"south":{"uv":[7.5,0,9,1],"texture":"#0"},"west":{"uv":[2,4.5,3.5,5.5],"texture":"#0"},"up":{"uv":[7,4,5.5,2.5],"rotation":90,"texture":"#0"},"down":{"uv":[5.5,5.5,4,7],"rotation":270,"texture":"#0"}}},{"from":[8,-4,17],"to":[8,12,20],"rotation":{"angle":0,"axis":"y","origin":[8,-4,17]},"faces":{"north":{"uv":[7.5,0,7.5,4.5],"texture":"#0"},"east":{"uv":[16,11.5,15.25,15.5],"texture":"#0"},"south":{"uv":[7.5,0,7.5,4.5],"texture":"#0"},"west":{"uv":[15.25,11.5,16,15.5],"texture":"#0"},"up":{"uv":[6.25,2.5,5.5,2.5],"rotation":90,"texture":"#0"},"down":{"uv":[4.75,5.5,4,5.5],"rotation":270,"texture":"#0"}}},{"from":[8,12,17],"to":[8,28,20],"rotation":{"angle":0,"axis":"y","origin":[8,28,17]},"faces":{"north":{"uv":[7.5,4.5,7.5,0],"texture":"#0"},"east":{"uv":[16,15.5,15.25,11.5],"texture":"#0"},"south":{"uv":[7.5,4.5,7.5,0],"texture":"#0"},"west":{"uv":[15.25,15.5,16,11.5],"texture":"#0"},"up":{"uv":[4,5.5,4.75,5.5],"rotation":270,"texture":"#0"},"down":{"uv":[5.5,2.5,6.25,2.5],"rotation":90,"texture":"#0"}}},{"from":[6.5,11,3],"to":[9.5,14,11],"rotation":{"angle":-45,"axis":"x","origin":[8,12.5,7]},"faces":{"north":{"uv":[1.5,10,2.25,10.75],"texture":"#0"},"east":{"uv":[8.5,4.5,10.5,5.25],"texture":"#0"},"south":{"uv":[0,10,0.75,10.75],"texture":"#0"},"west":{"uv":[8.5,5.25,10.5,6],"texture":"#0"},"up":{"uv":[7.5,2.25,5.5,1.5],"rotation":90,"texture":"#0"},"down":{"uv":[4,5.75,2,6.5],"rotation":270,"texture":"#0"}}},{"from":[6,11,3],"to":[10,14,11],"rotation":{"angle":45,"axis":"x","origin":[8,12.5,7]},"faces":{"north":{"uv":[9.25,0.75,10.25,1.5],"texture":"#0"},"east":{"uv":[8.5,6,10.5,6.75],"texture":"#0"},"south":{"uv":[9.25,0,10.25,0.75],"texture":"#0"},"west":{"uv":[8.5,6.75,10.5,7.5],"texture":"#0"},"up":{"uv":[5.375,1.25,3.375,0.25],"rotation":90,"texture":"#0"},"down":{"uv":[5.5,1.75,3.5,2.75],"rotation":270,"texture":"#0"}}}],"gui_light":"front","display":{"thirdperson_righthand":{"translation":[0,-4.25,2.75],"scale":[0.45,0.45,0.45]},"thirdperson_lefthand":{"translation":[0,-4.25,2.75],"scale":[0.45,0.45,0.45]},"firstperson_righthand":{"rotation":[12.5,37,0.27],"translation":[8.75,-2.75,-11.5],"scale":[0.6,0.6,0.6]},"firstperson_lefthand":{"rotation":[12.5,37,0.27],"translation":[8.75,-2.75,-11.5],"scale":[0.6,0.6,0.6]},"ground":{"rotation":[0,0,90],"translation":[1.25,0.25,0],"scale":[0.5,0.5,0.5]},"gui":{"rotation":[90,45,-90],"translation":[-3,0.75,0],"scale":[0.37703,0.37703,0.37898]},"head":{"rotation":[90,-168,90],"translation":[-0.5,9.75,0],"scale":[0.56,0.56,0.56]},"fixed":{"rotation":[0,90,0],"translation":[-3.5,-4.25,-2.25],"scale":[0.98719,0.98719,0.98719]}}}