{"credit":"Made with Blockbench","texture_size":[64,64],"textures":{"0":"elitecreatures:thanks_giving_2023_v1/hat_texture","particle":"elitecreatures:thanks_giving_2023_v1/hat_texture"},"elements":[{"from":[0,0,0],"to":[16,5,16],"faces":{"north":{"uv":[7.5,8.5,11.5,9.75],"texture":"#0"},"east":{"uv":[9,0,13,1.25],"texture":"#0"},"south":{"uv":[9,1.25,13,2.5],"texture":"#0"},"west":{"uv":[9,2.5,13,3.75],"texture":"#0"},"up":{"uv":[4,4,0,0],"texture":"#0"},"down":{"uv":[4,4,0,8],"texture":"#0"}}},{"from":[1,5,1],"to":[15,10,15],"faces":{"north":{"uv":[9,6.25,12.5,7.5],"texture":"#0"},"east":{"uv":[5,9.75,8.5,11],"texture":"#0"},"south":{"uv":[8.5,9.75,12,11],"texture":"#0"},"west":{"uv":[11,3.75,14.5,5],"texture":"#0"},"up":{"uv":[7.5,3.5,4,0],"texture":"#0"},"down":{"uv":[7.5,3.5,4,7],"texture":"#0"}}},{"from":[2,10,7],"to":[14,15,9],"faces":{"north":{"uv":[5,11,8,12.25],"texture":"#0"},"east":{"uv":[10,11.75,10.5,13],"texture":"#0"},"south":{"uv":[11,5,14,6.25],"texture":"#0"},"west":{"uv":[0,12.25,0.5,13.5],"texture":"#0"},"up":{"uv":[14.5,9.75,11.5,9.25],"texture":"#0"},"down":{"uv":[15,9.75,12,10.25],"texture":"#0"}}},{"from":[4,10,3],"to":[12,13,13],"faces":{"north":{"uv":[8,11.75,10,12.5],"texture":"#0"},"east":{"uv":[9,7.5,11.5,8.25],"texture":"#0"},"south":{"uv":[12,10.25,14,11],"texture":"#0"},"west":{"uv":[8,11,10.5,11.75],"texture":"#0"},"up":{"uv":[11,6.25,9,3.75],"texture":"#0"},"down":{"uv":[5,9.25,3,11.75],"texture":"#0"}}},{"from":[6.5,17,6.5],"to":[9.5,20,9.5],"faces":{"north":{"uv":[10.5,11,11.25,11.75],"texture":"#0"},"east":{"uv":[11.5,7.5,12.25,8.25],"texture":"#0"},"south":{"uv":[11.5,11,12.25,11.75],"texture":"#0"},"west":{"uv":[3,11.75,3.75,12.5],"texture":"#0"},"up":{"uv":[3.75,8.75,3,8],"texture":"#0"},"down":{"uv":[4.75,11.75,4,12.5],"texture":"#0"}}},{"from":[6,13,6],"to":[10,17,10],"faces":{"north":{"uv":[10.5,11,11.5,12],"texture":"#0"},"east":{"uv":[11.5,7.5,12.5,8.5],"texture":"#0"},"south":{"uv":[11.5,11,12.5,12],"texture":"#0"},"west":{"uv":[3,11.75,4,12.75],"texture":"#0"},"up":{"uv":[4,9,3,8],"texture":"#0"},"down":{"uv":[5,11.75,4,12.75],"texture":"#0"}}},{"from":[5,20,7.5],"to":[11,32,7.5],"rotation":{"angle":0,"axis":"y","origin":[0,0,-0.5]},"faces":{"north":{"uv":[7.5,0.25,9,3.25],"texture":"#0"},"east":{"uv":[0,0,0,4.25],"texture":"#0"},"south":{"uv":[9,0.25,7.5,3.25],"texture":"#0"},"west":{"uv":[0,0,0,4.25],"texture":"#0"},"up":{"uv":[1.5,0,0,0],"texture":"#0"},"down":{"uv":[1.5,0,0,0],"texture":"#0"}}},{"from":[5,19,8.5],"to":[11,31,8.5],"rotation":{"angle":-45,"axis":"z","origin":[8,20,8.5]},"faces":{"north":{"uv":[7.5,0.25,9,3.25],"texture":"#0"},"east":{"uv":[0,0,0,4.25],"texture":"#0"},"south":{"uv":[9,0.25,7.5,3.25],"texture":"#0"},"west":{"uv":[0,0,0,4.25],"texture":"#0"},"up":{"uv":[1.5,0,0,0],"texture":"#0"},"down":{"uv":[1.5,0,0,0],"texture":"#0"}}},{"from":[5,19,8],"to":[11,31,8],"rotation":{"angle":45,"axis":"z","origin":[8,20,8.5]},"faces":{"north":{"uv":[7.5,0.25,9,3.25],"texture":"#0"},"east":{"uv":[0,0,0,4.25],"texture":"#0"},"south":{"uv":[9,0.25,7.5,3.25],"texture":"#0"},"west":{"uv":[0,0,0,4.25],"texture":"#0"},"up":{"uv":[1.5,0,0,0],"texture":"#0"},"down":{"uv":[1.5,0,0,0],"texture":"#0"}}},{"from":[7.5,14,7.5],"to":[13.5,26,7.5],"rotation":{"angle":-22.5,"axis":"z","origin":[9,15,7.5]},"faces":{"north":{"uv":[1.5,9.125,0,12.125],"texture":"#0"},"east":{"uv":[0,0,0,4.25],"texture":"#0"},"south":{"uv":[0,9.125,1.5,12.125],"texture":"#0"},"west":{"uv":[0,0,0,4.25],"texture":"#0"},"up":{"uv":[1.5,0,0,0],"texture":"#0"},"down":{"uv":[1.5,0,0,0],"texture":"#0"}}},{"from":[11,7.5,8],"to":[23,13.5,8],"rotation":{"angle":45,"axis":"z","origin":[10,11,7.5]},"faces":{"north":{"uv":[1.5,9.125,0,12.125],"rotation":270,"texture":"#0"},"east":{"uv":[1.5,0,0,0],"rotation":90,"texture":"#0"},"south":{"uv":[0,9.125,1.5,12.125],"rotation":90,"texture":"#0"},"west":{"uv":[1.5,0,0,0],"rotation":90,"texture":"#0"},"up":{"uv":[0,0,0,4.25],"rotation":90,"texture":"#0"},"down":{"uv":[0,0,0,4.25],"rotation":90,"texture":"#0"}}},{"from":[9,7.5,8.5],"to":[21,13.5,8.5],"rotation":{"angle":22.5,"axis":"z","origin":[10,11,7.5]},"faces":{"north":{"uv":[1.5,9.125,0,12.125],"rotation":270,"texture":"#0"},"east":{"uv":[1.5,0,0,0],"rotation":90,"texture":"#0"},"south":{"uv":[0,9.125,1.5,12.125],"rotation":90,"texture":"#0"},"west":{"uv":[1.5,0,0,0],"rotation":90,"texture":"#0"},"up":{"uv":[0,0,0,4.25],"rotation":90,"texture":"#0"},"down":{"uv":[0,0,0,4.25],"rotation":90,"texture":"#0"}}},{"from":[2.5,14,7.5],"to":[8.5,26,7.5],"rotation":{"angle":22.5,"axis":"z","origin":[7,15,7.5]},"faces":{"north":{"uv":[0,9.125,1.5,12.125],"texture":"#0"},"east":{"uv":[0,0,0,4.25],"texture":"#0"},"south":{"uv":[1.5,9.125,0,12.125],"texture":"#0"},"west":{"uv":[0,0,0,4.25],"texture":"#0"},"up":{"uv":[0,0,1.5,0],"texture":"#0"},"down":{"uv":[0,0,1.5,0],"texture":"#0"}}},{"from":[-7,7.5,8],"to":[5,13.5,8],"rotation":{"angle":-45,"axis":"z","origin":[6,11,7.5]},"faces":{"north":{"uv":[1.5,12.125,0,9.125],"rotation":270,"texture":"#0"},"east":{"uv":[1.5,0,0,0],"rotation":90,"texture":"#0"},"south":{"uv":[0,12.125,1.5,9.125],"rotation":90,"texture":"#0"},"west":{"uv":[1.5,0,0,0],"rotation":90,"texture":"#0"},"up":{"uv":[0,4.25,0,0],"rotation":90,"texture":"#0"},"down":{"uv":[0,4.25,0,0],"rotation":90,"texture":"#0"}}},{"from":[-5,7.5,8.5],"to":[7,13.5,8.5],"rotation":{"angle":-22.5,"axis":"z","origin":[6,11,7.5]},"faces":{"north":{"uv":[1.5,12.125,0,9.125],"rotation":270,"texture":"#0"},"east":{"uv":[1.5,0,0,0],"rotation":90,"texture":"#0"},"south":{"uv":[0,12.125,1.5,9.125],"rotation":90,"texture":"#0"},"west":{"uv":[1.5,0,0,0],"rotation":90,"texture":"#0"},"up":{"uv":[0,4.25,0,0],"rotation":90,"texture":"#0"},"down":{"uv":[0,4.25,0,0],"rotation":90,"texture":"#0"}}},{"from":[1,5,1],"to":[15,14,1],"rotation":{"angle":-22.5,"axis":"x","origin":[8,5,1]},"faces":{"north":{"uv":[7.5,7,4,9.25],"texture":"#0"},"east":{"uv":[0,0,0,2.25],"texture":"#0"},"south":{"uv":[4,7,7.5,9.25],"texture":"#0"},"west":{"uv":[0,0,0,2.25],"texture":"#0"},"up":{"uv":[3.5,0,0,0],"texture":"#0"},"down":{"uv":[3.5,0,0,0],"texture":"#0"}}},{"from":[1,5,15],"to":[15,14,15],"rotation":{"angle":22.5,"axis":"x","origin":[8,5,15]},"faces":{"north":{"uv":[7.5,7,4,9.25],"texture":"#0"},"east":{"uv":[0,0,0,2.25],"texture":"#0"},"south":{"uv":[4,7,7.5,9.25],"texture":"#0"},"west":{"uv":[0,0,0,2.25],"texture":"#0"},"up":{"uv":[3.5,0,0,0],"texture":"#0"},"down":{"uv":[3.5,0,0,0],"texture":"#0"}}},{"from":[15,5,1],"to":[15,14,15],"rotation":{"angle":-22.5,"axis":"z","origin":[15,5,8]},"faces":{"north":{"uv":[0,0,0,2.25],"texture":"#0"},"east":{"uv":[7.5,7,4,9.25],"texture":"#0"},"south":{"uv":[0,0,0,2.25],"texture":"#0"},"west":{"uv":[4,7,7.5,9.25],"texture":"#0"},"up":{"uv":[3.5,0,0,0],"rotation":90,"texture":"#0"},"down":{"uv":[3.5,0,0,0],"rotation":270,"texture":"#0"}}},{"from":[1,5,1],"to":[1,14,15],"rotation":{"angle":22.5,"axis":"z","origin":[1,5,8]},"faces":{"north":{"uv":[0,0,0,2.25],"texture":"#0"},"east":{"uv":[7.5,7,4,9.25],"texture":"#0"},"south":{"uv":[0,0,0,2.25],"texture":"#0"},"west":{"uv":[4,7,7.5,9.25],"texture":"#0"},"up":{"uv":[3.5,0,0,0],"rotation":90,"texture":"#0"},"down":{"uv":[3.5,0,0,0],"rotation":270,"texture":"#0"}}}],"gui_light":"front","display":{"thirdperson_righthand":{"rotation":[42.76,10.93,-4.97],"translation":[0,4,0],"scale":[0.54492,0.54492,0.54492]},"thirdperson_lefthand":{"rotation":[42.76,10.93,-4.97],"translation":[0,4,0],"scale":[0.54492,0.54492,0.54492]},"firstperson_righthand":{"rotation":[0,106,0],"translation":[10,1,-12]},"firstperson_lefthand":{"rotation":[0,106,0],"translation":[10,1,-12]},"ground":{"translation":[0,3,0],"scale":[0.54688,0.54688,0.54688]},"gui":{"rotation":[20,155,0],"translation":[0,-1.75,0],"scale":[0.52383,0.52383,0.52383]},"head":{"translation":[0,9.25,0],"scale":[1.09125,1.09125,1.09125]},"fixed":{"translation":[0,0.5,-9.5],"scale":[1.61133,1.61133,1.61133]}}}