{"credit":"Made with Blockbench","texture_size":[64,64],"textures":{"0":"elitecreatures:thanks_giving_2023_v1/shovel_texture","particle":"elitecreatures:thanks_giving_2023_v1/shovel_texture"},"elements":[{"from":[4.763,2.967,6],"to":[8.763,10.967,10],"rotation":{"angle":-22.5,"axis":"z","origin":[9.46446,7.87409,8.05]},"faces":{"north":{"uv":[5.5,4,6.5,6],"texture":"#0"},"east":{"uv":[0,5.75,1,7.75],"texture":"#0"},"south":{"uv":[1,5.75,2,7.75],"texture":"#0"},"west":{"uv":[5.5,6,6.5,8],"texture":"#0"},"up":{"uv":[8,10,7,9],"texture":"#0"},"down":{"uv":[4.75,9.25,3.75,10.25],"texture":"#0"}}},{"from":[6,-7,7],"to":[8,-2,9],"rotation":{"angle":0,"axis":"y","origin":[9.46446,7.87409,8.05]},"faces":{"north":{"uv":[6,10.5,6.5,11.75],"texture":"#0"},"east":{"uv":[6.5,10.5,7,11.75],"texture":"#0"},"south":{"uv":[10.5,6.75,11,8],"texture":"#0"},"west":{"uv":[10.5,8,11,9.25],"texture":"#0"},"up":{"uv":[3,10.5,2.5,10],"texture":"#0"},"down":{"uv":[11.5,3,11,3.5],"texture":"#0"}}},{"from":[0.57165,-8.54199,7.025],"to":[2.57165,-4.54199,8.975],"rotation":{"angle":22.5,"axis":"z","origin":[9.46446,7.87409,8.05]},"faces":{"north":{"uv":[10.75,10.75,11.25,11.75],"texture":"#0"},"east":{"uv":[3.5,11,4,12],"texture":"#0"},"south":{"uv":[4,11,4.5,12],"texture":"#0"},"west":{"uv":[4.5,11,5,12],"texture":"#0"},"up":{"uv":[11.5,8.75,11,8.25],"texture":"#0"},"down":{"uv":[11.5,8.75,11,9.25],"texture":"#0"}}},{"from":[0.07165,-11.54199,6.5],"to":[3.07165,-8.54199,9.5],"rotation":{"angle":22.5,"axis":"z","origin":[9.46446,7.87409,8.05]},"faces":{"north":{"uv":[0.75,10.75,1.5,11.5],"texture":"#0"},"east":{"uv":[1.5,10.75,2.25,11.5],"texture":"#0"},"south":{"uv":[10.75,1.5,11.5,2.25],"texture":"#0"},"west":{"uv":[7,10.75,7.75,11.5],"texture":"#0"},"up":{"uv":[8.5,11.5,7.75,10.75],"texture":"#0"},"down":{"uv":[9.25,10.75,8.5,11.5],"texture":"#0"}}},{"from":[4.08764,-1.12776,6.5],"to":[7.08764,4.87224,9.5],"rotation":{"angle":0,"axis":"y","origin":[9.46446,7.87409,8.05]},"faces":{"north":{"uv":[9,1.5,9.75,3],"texture":"#0"},"east":{"uv":[3,9,3.75,10.5],"texture":"#0"},"south":{"uv":[5.5,9,6.25,10.5],"texture":"#0"},"west":{"uv":[6.25,9,7,10.5],"texture":"#0"},"up":{"uv":[11.25,10.75,10.5,10],"texture":"#0"},"down":{"uv":[0.75,10.75,0,11.5],"texture":"#0"}}},{"from":[12.20452,-2.11639,6.75],"to":[17.20452,0.38361,9.25],"rotation":{"angle":-45,"axis":"z","origin":[9.46446,7.87409,8.05]},"faces":{"north":{"uv":[10,3.5,11.25,4.125],"texture":"#0"},"east":{"uv":[11,6.75,11.625,7.375],"texture":"#0"},"south":{"uv":[7,10,8.25,10.625],"texture":"#0"},"west":{"uv":[11,7.5,11.625,8.125],"texture":"#0"},"up":{"uv":[9.5,10.625,8.25,10],"texture":"#0"},"down":{"uv":[5,10.25,3.75,10.875],"texture":"#0"}}},{"from":[2.15758,-12.06853,9],"to":[11.15758,-9.06853,9],"rotation":{"angle":22.5,"axis":"z","origin":[9.46446,7.87409,8.05]},"faces":{"north":{"uv":[4,7,4.75,9.25],"rotation":270,"texture":"#0"},"east":{"uv":[0.75,0,0,0],"rotation":90,"texture":"#0"},"south":{"uv":[4.75,7,4,9.25],"rotation":90,"texture":"#0"},"west":{"uv":[0.75,0,0,0],"rotation":90,"texture":"#0"},"up":{"uv":[0,0,0,2.25],"rotation":90,"texture":"#0"},"down":{"uv":[0,0,0,2.25],"rotation":90,"texture":"#0"}}},{"from":[16.06118,-11.94848,7],"to":[22.06118,-7.94848,7],"rotation":{"angle":-22.5,"axis":"z","origin":[9.46446,7.87409,8.05]},"faces":{"north":{"uv":[0,11.5,1,13],"rotation":270,"texture":"#0"},"east":{"uv":[0.75,0,0,0],"rotation":90,"texture":"#0"},"south":{"uv":[1,11.5,0,13],"rotation":90,"texture":"#0"},"west":{"uv":[0.75,0,0,0],"rotation":90,"texture":"#0"},"up":{"uv":[0,0,0,2.25],"rotation":90,"texture":"#0"},"down":{"uv":[0,0,0,2.25],"rotation":90,"texture":"#0"}}},{"from":[8.12132,-15.19239,8],"to":[19.12132,-9.19239,8],"rotation":{"angle":0,"axis":"y","origin":[9.46446,7.87409,8.05]},"faces":{"north":{"uv":[0,13.25,1.5,16],"rotation":270,"texture":"#0"},"east":{"uv":[0.75,0,0,0],"rotation":90,"texture":"#0"},"south":{"uv":[1.5,13.25,0,16],"rotation":90,"texture":"#0"},"west":{"uv":[0.75,0,0,0],"rotation":90,"texture":"#0"},"up":{"uv":[0,0,0,2.25],"rotation":90,"texture":"#0"},"down":{"uv":[0,0,0,2.25],"rotation":90,"texture":"#0"}}},{"from":[4,12.5,7],"to":[6,14.5,9],"rotation":{"angle":0,"axis":"y","origin":[9.46446,7.87409,8.05]},"faces":{"north":{"uv":[7,3.5,7.5,4],"rotation":270,"texture":"#0"},"east":{"uv":[8.5,4,8,3.5],"rotation":90,"texture":"#0"},"south":{"uv":[7.5,3.5,8,4],"rotation":90,"texture":"#0"},"west":{"uv":[9,2,8.5,2.5],"rotation":90,"texture":"#0"},"up":{"uv":[8,2,8.5,2.5],"rotation":90,"texture":"#0"},"down":{"uv":[7.5,2,8,2.5],"rotation":90,"texture":"#0"}}},{"from":[7.97837,18,4.20875],"to":[9.97837,26,8.20875],"rotation":{"angle":22.5,"axis":"y","origin":[9.46446,7.87409,8.05]},"faces":{"north":{"uv":[4.875,12.5,2.875,12],"rotation":270,"texture":"#0"},"east":{"uv":[3.875,15,2.875,13],"texture":"#0"},"south":{"uv":[4.875,13,2.875,12.5],"rotation":90,"texture":"#0"},"west":{"uv":[6.375,14,4.375,13],"rotation":90,"texture":"#0"},"up":{"uv":[5.625,13,4.625,12.5],"rotation":90,"texture":"#0"},"down":{"uv":[5.625,12.5,4.625,12],"rotation":90,"texture":"#0"}}},{"from":[9.5,14.26623,3.36109],"to":[9.5,26.26623,8.36109],"rotation":{"angle":22.5,"axis":"x","origin":[9.46446,7.87409,8.05]},"faces":{"north":{"uv":[6.875,14,7.625,14.75],"texture":"#0"},"east":{"uv":[14.75,10.5,16,13.5],"texture":"#0"},"south":{"uv":[13.5,5.5,13.5,8.5],"texture":"#0"},"west":{"uv":[16,10.5,14.75,13.5],"texture":"#0"},"up":{"uv":[13,2.5,11.75,2.5],"rotation":90,"texture":"#0"},"down":{"uv":[13,2.5,11.75,2.5],"rotation":270,"texture":"#0"}}},{"from":[9.55,12.97353,2.57188],"to":[9.55,24.97353,7.57188],"rotation":{"angle":45,"axis":"x","origin":[9.46446,7.87409,8.05]},"faces":{"north":{"uv":[6.875,14,7.625,14.75],"texture":"#0"},"east":{"uv":[14.75,10.5,16,13.5],"texture":"#0"},"south":{"uv":[13.5,5.5,13.5,8.5],"texture":"#0"},"west":{"uv":[16,10.5,14.75,13.5],"texture":"#0"},"up":{"uv":[13,2.5,11.75,2.5],"rotation":90,"texture":"#0"},"down":{"uv":[13,2.5,11.75,2.5],"rotation":270,"texture":"#0"}}},{"from":[9.5,14.26623,7.73891],"to":[9.5,26.26623,12.73891],"rotation":{"angle":-22.5,"axis":"x","origin":[9.46446,7.87409,8.05]},"faces":{"north":{"uv":[6.875,14,7.625,14.75],"texture":"#0"},"east":{"uv":[16,10.5,14.75,13.5],"texture":"#0"},"south":{"uv":[13.5,5.5,13.5,8.5],"texture":"#0"},"west":{"uv":[14.75,10.5,16,13.5],"texture":"#0"},"up":{"uv":[11.75,2.5,13,2.5],"rotation":90,"texture":"#0"},"down":{"uv":[11.75,2.5,13,2.5],"rotation":270,"texture":"#0"}}},{"from":[9.55,12.97353,8.52812],"to":[9.55,24.97353,13.52812],"rotation":{"angle":-45,"axis":"x","origin":[9.46446,7.87409,8.05]},"faces":{"north":{"uv":[6.875,14,7.625,14.75],"texture":"#0"},"east":{"uv":[16,10.5,14.75,13.5],"texture":"#0"},"south":{"uv":[13.5,5.5,13.5,8.5],"texture":"#0"},"west":{"uv":[14.75,10.5,16,13.5],"texture":"#0"},"up":{"uv":[11.75,2.5,13,2.5],"rotation":90,"texture":"#0"},"down":{"uv":[11.75,2.5,13,2.5],"rotation":270,"texture":"#0"}}},{"from":[8.5,9.45967,9.7801],"to":[8.5,14.45967,21.7801],"rotation":{"angle":-22.5,"axis":"x","origin":[9.46446,7.87409,8.05]},"faces":{"north":{"uv":[6.875,14,7.625,14.75],"texture":"#0"},"east":{"uv":[14.75,10.5,16,13.5],"rotation":270,"texture":"#0"},"south":{"uv":[13,2.5,11.75,2.5],"rotation":90,"texture":"#0"},"west":{"uv":[16,10.5,14.75,13.5],"rotation":90,"texture":"#0"},"up":{"uv":[13.5,5.5,13.5,8.5],"rotation":180,"texture":"#0"},"down":{"uv":[13.5,5.5,13.5,8.5],"texture":"#0"}}},{"from":[8.5,9.45967,-5.6801],"to":[8.5,14.45967,6.3199],"rotation":{"angle":22.5,"axis":"x","origin":[9.46446,7.87409,8.05]},"faces":{"north":{"uv":[6.875,14,7.625,14.75],"texture":"#0"},"east":{"uv":[16,10.5,14.75,13.5],"rotation":90,"texture":"#0"},"south":{"uv":[11.75,2.5,13,2.5],"rotation":270,"texture":"#0"},"west":{"uv":[14.75,10.5,16,13.5],"rotation":270,"texture":"#0"},"up":{"uv":[13.5,5.5,13.5,8.5],"texture":"#0"},"down":{"uv":[13.5,5.5,13.5,8.5],"rotation":180,"texture":"#0"}}},{"from":[7.9401,18,7.79886],"to":[9.9401,26,11.79886],"rotation":{"angle":-22.5,"axis":"y","origin":[9.46446,7.87409,8.05]},"faces":{"north":{"uv":[4.875,12.5,2.875,13],"rotation":90,"texture":"#0"},"east":{"uv":[2.875,15,3.875,13],"texture":"#0"},"south":{"uv":[4.875,12,2.875,12.5],"rotation":270,"texture":"#0"},"west":{"uv":[6.375,13,4.375,14],"rotation":90,"texture":"#0"},"up":{"uv":[4.625,13,5.625,12.5],"rotation":90,"texture":"#0"},"down":{"uv":[4.625,12.5,5.625,12],"rotation":90,"texture":"#0"}}},{"from":[7.97837,26,5.20875],"to":[9.97837,30,8.20875],"rotation":{"angle":22.5,"axis":"y","origin":[9.46446,7.87409,8.05]},"faces":{"north":{"uv":[7.625,12.5,6.625,12],"rotation":270,"texture":"#0"},"east":{"uv":[7.375,14,6.625,13],"texture":"#0"},"south":{"uv":[7.625,13,6.625,12.5],"rotation":90,"texture":"#0"},"west":{"uv":[8.375,13.75,7.375,13],"rotation":90,"texture":"#0"},"up":{"uv":[8.375,13,7.625,12.5],"rotation":90,"texture":"#0"},"down":{"uv":[8.375,12.5,7.625,12],"rotation":90,"texture":"#0"}}},{"from":[7.9401,26,7.79886],"to":[9.9401,30.025,10.79886],"rotation":{"angle":-22.5,"axis":"y","origin":[9.46446,7.87409,8.05]},"faces":{"north":{"uv":[7.625,12.5,6.625,13],"rotation":90,"texture":"#0"},"east":{"uv":[6.625,14,7.375,13],"texture":"#0"},"south":{"uv":[7.625,12,6.625,12.5],"rotation":270,"texture":"#0"},"west":{"uv":[8.375,13,7.375,13.75],"rotation":90,"texture":"#0"},"up":{"uv":[7.625,13,8.375,12.5],"rotation":90,"texture":"#0"},"down":{"uv":[7.625,12.5,8.375,12],"rotation":90,"texture":"#0"}}},{"from":[4,17,4],"to":[12,18,12],"rotation":{"angle":0,"axis":"y","origin":[9.46446,7.87409,8.05]},"faces":{"north":{"uv":[10.375,12.25,8.375,12],"texture":"#0"},"east":{"uv":[10.375,12.25,8.375,12],"texture":"#0"},"south":{"uv":[10.375,12.25,8.375,12],"texture":"#0"},"west":{"uv":[10.375,12.25,8.375,12],"texture":"#0"},"up":{"uv":[10.375,14.25,8.375,12.25],"texture":"#0"},"down":{"uv":[12.375,13.75,10.375,11.75],"texture":"#0"}}},{"from":[6,15,6],"to":[10,17,10],"rotation":{"angle":0,"axis":"y","origin":[9.46446,7.87409,8.05]},"faces":{"north":{"uv":[10.5,0,11.5,0.5],"texture":"#0"},"east":{"uv":[10.5,0.75,11.5,1.25],"texture":"#0"},"south":{"uv":[11.5,0,10.5,0.5],"texture":"#0"},"west":{"uv":[10.5,4.25,11.5,4.75],"texture":"#0"},"up":{"uv":[10.5,8.5,9.5,7.5],"texture":"#0"},"down":{"uv":[10.5,8.5,9.5,9.5],"texture":"#0"}}},{"from":[8.40705,11.38774,5.5],"to":[16.40705,14.38774,10.5],"rotation":{"angle":45,"axis":"z","origin":[9.46446,7.87409,8.05]},"faces":{"north":{"uv":[8.5,4.5,10.5,5.25],"texture":"#0"},"east":{"uv":[0,10,1.25,10.75],"texture":"#0"},"south":{"uv":[8.5,5.25,10.5,6],"texture":"#0"},"west":{"uv":[1.25,10,2.5,10.75],"texture":"#0"},"up":{"uv":[7.5,2.5,5.5,1.25],"texture":"#0"},"down":{"uv":[4,5.5,2,6.75],"texture":"#0"}}},{"from":[16.65705,13.88774,6.5],"to":[19.65705,16.88774,9.5],"rotation":{"angle":45,"axis":"z","origin":[9.46446,7.87409,8.05]},"faces":{"north":{"uv":[7.625,13.75,8.375,14.5],"texture":"#0"},"east":{"uv":[6.875,14,7.625,14.75],"texture":"#0"},"south":{"uv":[8.375,13.75,7.625,14.5],"texture":"#0"},"west":{"uv":[7.625,13.75,8.375,14.5],"texture":"#0"},"up":{"uv":[7.625,14.5,8.375,15.25],"texture":"#0"},"down":{"uv":[6.875,14,7.625,14.75],"rotation":270,"texture":"#0"}}},{"from":[0.45081,9.31668,5],"to":[8.45081,12.31668,11],"rotation":{"angle":-45,"axis":"z","origin":[9.46446,7.87409,8.05]},"faces":{"north":{"uv":[8.5,6,10.5,6.75],"texture":"#0"},"east":{"uv":[9,0,10.5,0.75],"texture":"#0"},"south":{"uv":[8.5,6.75,10.5,7.5],"texture":"#0"},"west":{"uv":[9,0.75,10.5,1.5],"texture":"#0"},"up":{"uv":[5.5,1.5,3.5,0],"texture":"#0"},"down":{"uv":[5.5,1.5,3.5,3],"texture":"#0"}}}],"gui_light":"front","display":{"thirdperson_righthand":{"rotation":[0,45,0],"translation":[0.5,3.75,0.75],"scale":[0.5,0.5,0.5]},"thirdperson_lefthand":{"rotation":[0,45,0],"translation":[0.5,3.75,0.75],"scale":[0.5,0.5,0.5]},"firstperson_righthand":{"rotation":[-12,15,3],"translation":[5.75,2,-5],"scale":[0.54883,0.54883,0.54883]},"firstperson_lefthand":{"rotation":[-12,-163,3],"translation":[5.75,2,-5],"scale":[0.54883,0.54883,0.54883]},"ground":{"rotation":[129,0,90],"translation":[-1.5,0.25,0],"scale":[0.5,0.5,0.5]},"gui":{"rotation":[121,132,-90],"translation":[0.25,-0.5,-1.25],"scale":[0.41266,0.41266,0.41266]},"head":{"rotation":[90,-168,90],"translation":[-0.5,11.75,0],"scale":[0.56,0.56,0.56]},"fixed":{"rotation":[2,-90,0],"translation":[0,-2.25,-3],"scale":[0.87,0.87,0.87]}}}