{"credit":"Made with Blockbench","texture_size":[64,64],"textures":{"0":"elitecreatures:thanks_giving_2023_v1/sword_texture","particle":"elitecreatures:thanks_giving_2023_v1/sword_texture"},"elements":[{"from":[6,7,2],"to":[10,12,14],"rotation":{"angle":0,"axis":"y","origin":[8,10.75,8]},"faces":{"north":{"uv":[8.5,7.5,9.5,8.75],"texture":"#0"},"east":{"uv":[0,0,3.5,1.25],"texture":"#0"},"south":{"uv":[3,7.75,4,9],"texture":"#0"},"west":{"uv":[3.5,0,0,1.25],"texture":"#0"},"up":{"uv":[3.5,3.5,0,2.5],"rotation":90,"texture":"#0"},"down":{"uv":[3.5,3.5,0,4.5],"rotation":270,"texture":"#0"}}},{"from":[7,-1.15243,10.7598],"to":[7,7.84757,13.7598],"rotation":{"angle":-22.5,"axis":"x","origin":[8,10.75,8]},"faces":{"north":{"uv":[0,0,0,2.25],"rotation":180,"texture":"#0"},"east":{"uv":[4,7,4.75,9.25],"rotation":180,"texture":"#0"},"south":{"uv":[0,0,0,2.25],"rotation":180,"texture":"#0"},"west":{"uv":[4.75,7,4,9.25],"rotation":180,"texture":"#0"},"up":{"uv":[0.75,0,0,0],"rotation":270,"texture":"#0"},"down":{"uv":[0.75,0,0,0],"rotation":90,"texture":"#0"}}},{"from":[9,2.80761,12.12132],"to":[9,8.80761,16.12132],"rotation":{"angle":0,"axis":"y","origin":[8,10.75,8]},"faces":{"north":{"uv":[0,0,0,2.25],"rotation":180,"texture":"#0"},"east":{"uv":[0,11.5,1,13],"rotation":180,"texture":"#0"},"south":{"uv":[0,0,0,2.25],"rotation":180,"texture":"#0"},"west":{"uv":[1,11.5,0,13],"rotation":180,"texture":"#0"},"up":{"uv":[0.75,0,0,0],"rotation":270,"texture":"#0"},"down":{"uv":[0.75,0,0,0],"rotation":90,"texture":"#0"}}},{"from":[8,-3.75951,7.83363],"to":[8,7.24049,13.83363],"rotation":{"angle":-45,"axis":"x","origin":[8,10.75,8]},"faces":{"north":{"uv":[0,0,0,2.25],"rotation":180,"texture":"#0"},"east":{"uv":[0,13.25,1.5,16],"rotation":180,"texture":"#0"},"south":{"uv":[0,0,0,2.25],"rotation":180,"texture":"#0"},"west":{"uv":[1.5,13.25,0,16],"rotation":180,"texture":"#0"},"up":{"uv":[0.75,0,0,0],"rotation":270,"texture":"#0"},"down":{"uv":[0.75,0,0,0],"rotation":90,"texture":"#0"}}},{"from":[7,-1.15243,2.2402],"to":[7,7.84757,5.2402],"rotation":{"angle":22.5,"axis":"x","origin":[8,10.75,8]},"faces":{"north":{"uv":[0,0,0,2.25],"rotation":180,"texture":"#0"},"east":{"uv":[4.75,7,4,9.25],"rotation":180,"texture":"#0"},"south":{"uv":[0,0,0,2.25],"rotation":180,"texture":"#0"},"west":{"uv":[4,7,4.75,9.25],"rotation":180,"texture":"#0"},"up":{"uv":[0,0,0.75,0],"rotation":270,"texture":"#0"},"down":{"uv":[0,0,0.75,0],"rotation":90,"texture":"#0"}}},{"from":[9,2.80761,-0.12132],"to":[9,8.80761,3.87868],"rotation":{"angle":0,"axis":"y","origin":[8,10.75,8]},"faces":{"north":{"uv":[0,0,0,2.25],"rotation":180,"texture":"#0"},"east":{"uv":[1,11.5,0,13],"rotation":180,"texture":"#0"},"south":{"uv":[0,0,0,2.25],"rotation":180,"texture":"#0"},"west":{"uv":[0,11.5,1,13],"rotation":180,"texture":"#0"},"up":{"uv":[0,0,0.75,0],"rotation":270,"texture":"#0"},"down":{"uv":[0,0,0.75,0],"rotation":90,"texture":"#0"}}},{"from":[8,-3.75951,2.16637],"to":[8,7.24049,8.16637],"rotation":{"angle":45,"axis":"x","origin":[8,10.75,8]},"faces":{"north":{"uv":[0,0,0,2.25],"rotation":180,"texture":"#0"},"east":{"uv":[1.5,13.25,0,16],"rotation":180,"texture":"#0"},"south":{"uv":[0,0,0,2.25],"rotation":180,"texture":"#0"},"west":{"uv":[0,13.25,1.5,16],"rotation":180,"texture":"#0"},"up":{"uv":[0,0,0.75,0],"rotation":270,"texture":"#0"},"down":{"uv":[0,0,0.75,0],"rotation":90,"texture":"#0"}}},{"from":[6,0,6],"to":[10,3,10],"rotation":{"angle":0,"axis":"y","origin":[8,10.75,8]},"faces":{"north":{"uv":[10.5,4.25,11.5,5],"texture":"#0"},"east":{"uv":[10.5,0,11.5,0.75],"texture":"#0"},"south":{"uv":[10.5,0.75,11.5,1.5],"texture":"#0"},"west":{"uv":[11.5,0,10.5,0.75],"texture":"#0"},"up":{"uv":[10.5,8.5,9.5,7.5],"rotation":90,"texture":"#0"},"down":{"uv":[10.5,8.5,9.5,9.5],"rotation":270,"texture":"#0"}}},{"from":[7,-10,7],"to":[9,0,9],"rotation":{"angle":0,"axis":"y","origin":[8,10.75,8]},"faces":{"north":{"uv":[12,5,12.5,7.5],"texture":"#0"},"east":{"uv":[13,5,13.5,7.5],"texture":"#0"},"south":{"uv":[12.5,5,13,7.5],"texture":"#0"},"west":{"uv":[13.5,5,13,7.5],"texture":"#0"},"up":{"uv":[13.5,8,13,7.5],"rotation":90,"texture":"#0"},"down":{"uv":[13,7.5,12.5,8],"rotation":270,"texture":"#0"}}},{"from":[7,12,4],"to":[9,32,12],"rotation":{"angle":0,"axis":"y","origin":[8,10.75,8]},"faces":{"north":{"uv":[13.5,5.5,14,10.5],"texture":"#0"},"east":{"uv":[14,5.5,16,10.5],"texture":"#0"},"south":{"uv":[13.5,5.5,14,10.5],"texture":"#0"},"west":{"uv":[16,5.5,14,10.5],"texture":"#0"},"up":{"uv":[13.75,3,11.75,2.5],"rotation":90,"texture":"#0"},"down":{"uv":[13.75,2.5,11.75,3],"rotation":270,"texture":"#0"}}},{"from":[8.45,12.47887,7.40747],"to":[8.45,24.47887,12.40747],"rotation":{"angle":22.5,"axis":"x","origin":[8,10.75,8]},"faces":{"north":{"uv":[13.5,5.5,13.5,8.5],"texture":"#0"},"east":{"uv":[14.75,10.5,16,13.5],"texture":"#0"},"south":{"uv":[13.5,5.5,13.5,8.5],"texture":"#0"},"west":{"uv":[16,10.5,14.75,13.5],"texture":"#0"},"up":{"uv":[13,2.5,11.75,2.5],"rotation":90,"texture":"#0"},"down":{"uv":[13,2.5,11.75,2.5],"rotation":270,"texture":"#0"}}},{"from":[8.5,13.10876,8.09099],"to":[8.5,25.10876,13.09099],"rotation":{"angle":45,"axis":"x","origin":[8,10.75,8]},"faces":{"north":{"uv":[13.5,5.5,13.5,8.5],"texture":"#0"},"east":{"uv":[14.75,10.5,16,13.5],"texture":"#0"},"south":{"uv":[13.5,5.5,13.5,8.5],"texture":"#0"},"west":{"uv":[16,10.5,14.75,13.5],"texture":"#0"},"up":{"uv":[13,2.5,11.75,2.5],"rotation":90,"texture":"#0"},"down":{"uv":[13,2.5,11.75,2.5],"rotation":270,"texture":"#0"}}},{"from":[8.45,12.47887,3.59253],"to":[8.45,24.47887,8.59253],"rotation":{"angle":-22.5,"axis":"x","origin":[8,10.75,8]},"faces":{"north":{"uv":[13.5,5.5,13.5,8.5],"texture":"#0"},"east":{"uv":[16,10.5,14.75,13.5],"texture":"#0"},"south":{"uv":[13.5,5.5,13.5,8.5],"texture":"#0"},"west":{"uv":[14.75,10.5,16,13.5],"texture":"#0"},"up":{"uv":[11.75,2.5,13,2.5],"rotation":90,"texture":"#0"},"down":{"uv":[11.75,2.5,13,2.5],"rotation":270,"texture":"#0"}}},{"from":[8.5,13.10876,2.90901],"to":[8.5,25.10876,7.90901],"rotation":{"angle":-45,"axis":"x","origin":[8,10.75,8]},"faces":{"north":{"uv":[13.5,5.5,13.5,8.5],"texture":"#0"},"east":{"uv":[16,10.5,14.75,13.5],"texture":"#0"},"south":{"uv":[13.5,5.5,13.5,8.5],"texture":"#0"},"west":{"uv":[14.75,10.5,16,13.5],"texture":"#0"},"up":{"uv":[11.75,2.5,13,2.5],"rotation":90,"texture":"#0"},"down":{"uv":[11.75,2.5,13,2.5],"rotation":270,"texture":"#0"}}},{"from":[7.45,6.14158,9.32925],"to":[7.45,11.14158,21.32925],"rotation":{"angle":-22.5,"axis":"x","origin":[8,10.75,8]},"faces":{"north":{"uv":[13,2.5,11.75,2.5],"rotation":90,"texture":"#0"},"east":{"uv":[14.75,10.5,16,13.5],"rotation":270,"texture":"#0"},"south":{"uv":[13,2.5,11.75,2.5],"rotation":90,"texture":"#0"},"west":{"uv":[16,10.5,14.75,13.5],"rotation":90,"texture":"#0"},"up":{"uv":[13.5,5.5,13.5,8.5],"rotation":180,"texture":"#0"},"down":{"uv":[13.5,5.5,13.5,8.5],"texture":"#0"}}},{"from":[7.45,6.14158,-5.32925],"to":[7.45,11.14158,6.67075],"rotation":{"angle":22.5,"axis":"x","origin":[8,10.75,8]},"faces":{"north":{"uv":[11.75,2.5,13,2.5],"rotation":270,"texture":"#0"},"east":{"uv":[16,10.5,14.75,13.5],"rotation":90,"texture":"#0"},"south":{"uv":[11.75,2.5,13,2.5],"rotation":270,"texture":"#0"},"west":{"uv":[14.75,10.5,16,13.5],"rotation":270,"texture":"#0"},"up":{"uv":[13.5,5.5,13.5,8.5],"texture":"#0"},"down":{"uv":[13.5,5.5,13.5,8.5],"rotation":180,"texture":"#0"}}},{"from":[7.05,22.77602,-10.02602],"to":[8.95,28.77602,-4.02602],"rotation":{"angle":45,"axis":"x","origin":[8,10.75,8]},"faces":{"north":{"uv":[11.75,3,12.25,4.5],"texture":"#0"},"east":{"uv":[12.25,3,13.75,4.5],"texture":"#0"},"south":{"uv":[11.75,3,12.25,4.5],"texture":"#0"},"west":{"uv":[13.75,3,12.25,4.5],"texture":"#0"},"up":{"uv":[13.75,5,12.25,4.5],"rotation":90,"texture":"#0"},"down":{"uv":[13.75,4.5,12.25,5],"rotation":270,"texture":"#0"}}},{"from":[5.025,3,5],"to":[10.975,7,11],"rotation":{"angle":0,"axis":"y","origin":[8,10.75,8]},"faces":{"north":{"uv":[7.5,0,9,1],"texture":"#0"},"east":{"uv":[2,4.5,3.5,5.5],"texture":"#0"},"south":{"uv":[7.5,0,9,1],"texture":"#0"},"west":{"uv":[2,4.5,3.5,5.5],"texture":"#0"},"up":{"uv":[7,4,5.5,2.5],"rotation":90,"texture":"#0"},"down":{"uv":[5.5,5.5,4,7],"rotation":270,"texture":"#0"}}},{"from":[5.5,8.36612,3.11612],"to":[10.5,11.36612,11.11612],"rotation":{"angle":-45,"axis":"x","origin":[8,10.75,8]},"faces":{"north":{"uv":[1.25,10,2.5,10.75],"texture":"#0"},"east":{"uv":[8.5,4.5,10.5,5.25],"texture":"#0"},"south":{"uv":[0,10,1.25,10.75],"texture":"#0"},"west":{"uv":[8.5,5.25,10.5,6],"texture":"#0"},"up":{"uv":[7.5,2.5,5.5,1.25],"rotation":90,"texture":"#0"},"down":{"uv":[4,5.5,2,6.75],"rotation":270,"texture":"#0"}}},{"from":[5,8.36612,4.88388],"to":[11,11.36612,12.88388],"rotation":{"angle":45,"axis":"x","origin":[8,10.75,8]},"faces":{"north":{"uv":[9,0.75,10.5,1.5],"texture":"#0"},"east":{"uv":[8.5,6,10.5,6.75],"texture":"#0"},"south":{"uv":[9,0,10.5,0.75],"texture":"#0"},"west":{"uv":[8.5,6.75,10.5,7.5],"texture":"#0"},"up":{"uv":[5.5,1.5,3.5,0],"rotation":90,"texture":"#0"},"down":{"uv":[5.5,1.5,3.5,3],"rotation":270,"texture":"#0"}}},{"from":[6.5,-5.77602,-10.02602],"to":[9.5,-2.77602,-4.02602],"rotation":{"angle":-45,"axis":"x","origin":[8,10.75,8]},"faces":{"north":{"uv":[1.25,10,2,10.75],"texture":"#0"},"east":{"uv":[8.5,6,10,6.75],"texture":"#0"},"south":{"uv":[1.25,10,2,10.75],"texture":"#0"},"west":{"uv":[8.5,6.75,10,7.5],"texture":"#0"},"up":{"uv":[7,2,5.5,1.25],"rotation":90,"texture":"#0"},"down":{"uv":[3.5,5.5,2,6.25],"rotation":270,"texture":"#0"}}},{"from":[6,-5.77602,20.02602],"to":[10,-2.77602,26.02602],"rotation":{"angle":45,"axis":"x","origin":[8,10.75,8]},"faces":{"north":{"uv":[9,0.25,10,1],"texture":"#0"},"east":{"uv":[8.5,6,10,6.75],"texture":"#0"},"south":{"uv":[9,0,10,0.75],"texture":"#0"},"west":{"uv":[8.5,6.75,10,7.5],"texture":"#0"},"up":{"uv":[13.375,2.5,11.875,1.5],"rotation":90,"texture":"#0"},"down":{"uv":[13.375,2.5,11.875,1.5],"rotation":270,"texture":"#0"}}}],"gui_light":"front","display":{"thirdperson_righthand":{"translation":[0,3,1.5],"scale":[0.5,0.5,0.5]},"thirdperson_lefthand":{"translation":[0,3,1.5],"scale":[0.5,0.5,0.5]},"firstperson_righthand":{"rotation":[-12,15,3],"translation":[3.25,-0.5,-1.5],"scale":[0.5,0.5,0.5]},"firstperson_lefthand":{"rotation":[-12,15,3],"translation":[3.25,-0.5,-1.5],"scale":[0.5,0.5,0.5]},"ground":{"rotation":[0,0,90],"translation":[1.25,0.25,0],"scale":[0.5,0.5,0.5]},"gui":{"rotation":[90,135,-90],"translation":[0.5,-0.75,-1.25],"scale":[0.38336,0.38336,0.38336]},"head":{"rotation":[90,-168,90],"translation":[-0.5,11.75,0],"scale":[0.56,0.56,0.56]},"fixed":{"rotation":[0,90,0],"translation":[0,-2.25,-2.25],"scale":[0.87,0.87,0.87]}}}