{"textures":{"0":"modelengine:entity/lostasset_mob5_crystalhg"},"elements":[{"from":[16.4,6.4000015,5.3],"to":[16.435001,23.2,20.7],"faces":{"east":{"uv":[2.75,5.25,1.375,6.75],"tintindex":-2,"rotation":0,"texture":"#0"},"west":{"uv":[1.375,5.25,0.0,6.75],"tintindex":-2,"rotation":0,"texture":"#0"}},"rotation":{"origin":[16.4,14.800001,10.2],"angle":22.5,"axis":"y"}},{"from":[1.0,7.800001,2.5],"to":[15.0,17.6,12.3],"faces":{"east":{"uv":[2.75,6.5,3.625,7.375],"tintindex":-2,"rotation":0,"texture":"#0"},"south":{"uv":[5.875,2.75,7.125,3.625],"tintindex":-2,"rotation":0,"texture":"#0"},"north":{"uv":[4.75,5.75,6.0,6.625],"tintindex":-2,"rotation":0,"texture":"#0"},"west":{"uv":[6.625,1.25,7.5,2.125],"tintindex":-2,"rotation":0,"texture":"#0"},"up":{"uv":[7.125,4.5,5.875,3.625],"tintindex":-2,"rotation":0,"texture":"#0"},"down":{"uv":[7.125,4.5,5.875,5.375],"tintindex":-2,"rotation":0,"texture":"#0"}}},{"from":[-0.43500042,6.4000015,5.3],"to":[-0.39999962,23.2,20.7],"faces":{"east":{"uv":[0.0,5.25,1.375,6.75],"tintindex":-2,"rotation":0,"texture":"#0"},"west":{"uv":[1.375,5.25,2.75,6.75],"tintindex":-2,"rotation":0,"texture":"#0"}},"rotation":{"origin":[-0.39999962,14.800001,10.2],"angle":-22.5,"axis":"y"}},{"from":[-0.39999962,19.0,1.1000004],"to":[16.4,19.035,16.5],"faces":{"up":{"uv":[6.0,1.375,4.5,0.0],"tintindex":-2,"rotation":0,"texture":"#0"},"down":{"uv":[6.0,1.375,4.5,2.75],"tintindex":-2,"rotation":0,"texture":"#0"}},"rotation":{"origin":[8.0,19.0,6.0],"angle":-45.0,"axis":"x"}}],"display":{"gui":{"rotation":[30,225,0]}}}