{"textures":{"0":"modelengine:entity/lostasset_mob5_crystalhg"},"elements":[{"from":[8.7,-1.1000004,8.0],"to":[14.299999,5.8999996,8.035],"faces":{"south":{"uv":[6.625,5.375,7.125,6.0],"tintindex":-2,"rotation":0,"texture":"#0"},"north":{"uv":[7.125,5.375,6.625,6.0],"tintindex":-2,"rotation":0,"texture":"#0"}}},{"from":[7.2999997,3.1000004,5.9],"to":[11.5,10.1,10.1],"faces":{"east":{"uv":[6.25,6.625,6.625,7.25],"tintindex":-2,"rotation":0,"texture":"#0"},"south":{"uv":[6.625,6.625,7.0,7.25],"tintindex":-2,"rotation":0,"texture":"#0"},"north":{"uv":[6.625,6.0,7.0,6.625],"tintindex":-2,"rotation":0,"texture":"#0"},"west":{"uv":[0.0,6.75,0.375,7.375],"tintindex":-2,"rotation":0,"texture":"#0"},"up":{"uv":[7.5,3.5,7.125,3.125],"tintindex":-2,"rotation":0,"texture":"#0"},"down":{"uv":[7.5,3.5,7.125,3.875],"tintindex":-2,"rotation":0,"texture":"#0"}},"rotation":{"origin":[9.4,6.6000004,8.0],"angle":22.5,"axis":"z"}}],"display":{"gui":{"rotation":[30,225,0]}}}