{"textures":{"0":"modelengine:entity/lostasset_mob5_crystalhg"},"elements":[{"from":[5.2000003,3.4500003,5.9],"to":[9.4,7.65,10.1],"faces":{"east":{"uv":[4.125,5.25,4.5,5.625],"tintindex":-2,"rotation":0,"texture":"#0"},"south":{"uv":[2.0,6.75,2.375,7.125],"tintindex":-2,"rotation":0,"texture":"#0"},"north":{"uv":[3.75,5.25,4.125,5.625],"tintindex":-2,"rotation":0,"texture":"#0"},"west":{"uv":[2.375,6.75,2.75,7.125],"tintindex":-2,"rotation":0,"texture":"#0"},"up":{"uv":[4.125,7.375,3.75,7.0],"tintindex":-2,"rotation":0,"texture":"#0"},"down":{"uv":[4.5,7.0,4.125,7.375],"tintindex":-2,"rotation":0,"texture":"#0"}}}],"display":{"gui":{"rotation":[30,225,0]}}}