{"textures":{"0":"modelengine:entity/lostasset_mob5_crystalhg"},"elements":[{"from":[4.5000005,3.1000004,5.9],"to":[8.700001,10.1,10.1],"faces":{"east":{"uv":[0.75,6.75,1.125,7.375],"tintindex":-2,"rotation":0,"texture":"#0"},"south":{"uv":[1.125,6.75,1.5,7.375],"tintindex":-2,"rotation":0,"texture":"#0"},"north":{"uv":[0.375,6.75,0.75,7.375],"tintindex":-2,"rotation":0,"texture":"#0"},"west":{"uv":[1.5,6.75,1.875,7.375],"tintindex":-2,"rotation":0,"texture":"#0"},"up":{"uv":[7.5,4.25,7.125,3.875],"tintindex":-2,"rotation":0,"texture":"#0"},"down":{"uv":[7.5,4.25,7.125,4.625],"tintindex":-2,"rotation":0,"texture":"#0"}},"rotation":{"origin":[6.6,6.6000004,8.0],"angle":-22.5,"axis":"z"}},{"from":[1.7000003,-1.1000004,8.0],"to":[7.3,5.8999996,8.035],"faces":{"south":{"uv":[7.125,5.375,6.625,6.0],"tintindex":-2,"rotation":0,"texture":"#0"},"north":{"uv":[6.625,5.375,7.125,6.0],"tintindex":-2,"rotation":0,"texture":"#0"}}}],"display":{"gui":{"rotation":[30,225,0]}}}