{"textures":{"0":"modelengine:entity/lostasset_mob5_crystalhg"},"elements":[{"from":[7.93,8.006992,7.3633823],"to":[8.07,15.006992,24.163382],"faces":{"east":{"uv":[6.0,0.0,7.5,0.625],"tintindex":-2,"rotation":0,"texture":"#0"},"south":{"uv":[4.625,7.0,4.75,7.625],"tintindex":-2,"rotation":0,"texture":"#0"},"north":{"uv":[4.5,7.0,4.625,7.625],"tintindex":-2,"rotation":0,"texture":"#0"},"west":{"uv":[6.0,0.625,7.5,1.25],"tintindex":-2,"rotation":0,"texture":"#0"},"up":{"uv":[3.75,8.0,3.625,6.5],"tintindex":-2,"rotation":0,"texture":"#0"},"down":{"uv":[2.0,6.75,1.875,8.25],"tintindex":-2,"rotation":0,"texture":"#0"}},"rotation":{"origin":[8.0,11.506992,2.8133821],"angle":22.5,"axis":"x"}}],"display":{"gui":{"rotation":[30,225,0]}}}