{"textures":{"0":"modelengine:entity/cursed_dragon"},"elements":[{"from":[6.19018,9.357983,-2.8053951],"to":[6.19018,11.309015,3.0477052],"faces":{"east":{"uv":[12.375,5.375,12.65625,5.46875],"tintindex":-2,"rotation":0,"texture":"#0"},"west":{"uv":[12.65625,4.1875,12.375,4.28125],"tintindex":-2,"rotation":0,"texture":"#0"}},"rotation":{"origin":[-4.778574,4.266817,1.5769515],"angle":45.0,"axis":"x"}},{"from":[6.1902103,8.20503,-0.9319439],"to":[6.1902103,10.156065,4.921157],"faces":{"east":{"uv":[12.375,2.8125,12.65625,2.90625],"tintindex":-2,"rotation":0,"texture":"#0"},"west":{"uv":[12.65625,4.1875,12.375,4.28125],"tintindex":-2,"rotation":0,"texture":"#0"}},"rotation":{"origin":[-30.803055,6.1805477,-3.005394],"angle":22.5,"axis":"x"}},{"from":[6.19018,3.82864,1.6694345],"to":[6.19018,5.7796745,7.5225344],"faces":{"east":{"uv":[12.375,4.1875,12.65625,4.28125],"tintindex":-2,"rotation":0,"texture":"#0"},"west":{"uv":[12.65625,4.1875,12.375,4.28125],"tintindex":-2,"rotation":0,"texture":"#0"}},"rotation":{"origin":[3.1969433,5.1805477,0.59598494],"angle":22.5,"axis":"x"}},{"from":[3.2566147,-7.7569027,5.5524683],"to":[9.760059,9.152054,13.356602],"faces":{"east":{"uv":[7.0,10.25,7.375,11.0625],"tintindex":-2,"rotation":0,"texture":"#0"},"south":{"uv":[9.8125,11.0,10.125,11.8125],"tintindex":-2,"rotation":0,"texture":"#0"},"north":{"uv":[11.0,8.9375,11.3125,9.75],"tintindex":-2,"rotation":0,"texture":"#0"},"west":{"uv":[7.375,10.25,7.75,11.0625],"tintindex":-2,"rotation":0,"texture":"#0"},"up":{"uv":[12.1875,10.5,11.875,10.125],"tintindex":-2,"rotation":0,"texture":"#0"},"down":{"uv":[12.1875,10.5,11.875,10.875],"tintindex":-2,"rotation":0,"texture":"#0"}},"rotation":{"origin":[6.508337,4.599642,9.454535],"angle":-22.5,"axis":"x"}},{"from":[6.19018,-1.1627693,2.259163],"to":[6.19018,0.7882633,8.112263],"faces":{"east":{"uv":[12.375,4.4375,12.65625,4.53125],"tintindex":-2,"rotation":0,"texture":"#0"},"west":{"uv":[12.65625,4.1875,12.375,4.28125],"tintindex":-2,"rotation":0,"texture":"#0"}}}],"display":{"gui":{"rotation":[30,225,0]}}}