{"elements":[{"from":[9.128012,2.1927023,4.7195215],"to":[9.128012,3.307579,8.06415],"rotation":{"angle":0.0,"axis":"y","origin":[9.717296,11.046772,-11.298689]},"faces":{"east":{"uv":[12.375,4.4375,12.65625,4.53125],"rotation":0,"texture":"#0","tintindex":0},"south":{"uv":[0.0,0.0,0.0,0.09375],"rotation":0,"texture":"#0","tintindex":0},"north":{"uv":[0.0,0.0,0.0,0.09375],"rotation":0,"texture":"#0","tintindex":0},"west":{"uv":[12.65625,4.1875,12.375,4.28125],"rotation":0,"texture":"#0","tintindex":0},"up":{"uv":[0.0,0.28125,0.0,0.0],"rotation":0,"texture":"#0","tintindex":0},"down":{"uv":[0.0,0.0,0.0,0.28125],"rotation":0,"texture":"#0","tintindex":0}}},{"from":[9.128012,8.204561,1.8254881],"to":[9.128012,9.319437,5.170117],"rotation":{"angle":45.0,"axis":"x","origin":[2.8601518,5.295324,4.329686]},"faces":{"east":{"uv":[12.375,5.375,12.65625,5.46875],"rotation":0,"texture":"#0","tintindex":0},"south":{"uv":[0.0,0.0,0.0,0.09375],"rotation":0,"texture":"#0","tintindex":0},"north":{"uv":[0.0,0.0,0.0,0.09375],"rotation":0,"texture":"#0","tintindex":0},"west":{"uv":[12.65625,4.1875,12.375,4.28125],"rotation":0,"texture":"#0","tintindex":0},"up":{"uv":[0.0,0.28125,0.0,0.0],"rotation":0,"texture":"#0","tintindex":0},"down":{"uv":[0.0,0.0,0.0,0.28125],"rotation":0,"texture":"#0","tintindex":0}}},{"from":[9.128029,7.5457315,2.8960319],"to":[9.128029,8.660608,6.2406607],"rotation":{"angle":22.5,"axis":"x","origin":[-12.0109825,6.388884,1.7112036]},"faces":{"east":{"uv":[12.375,2.8125,12.65625,2.90625],"rotation":0,"texture":"#0","tintindex":0},"south":{"uv":[0.0,0.0,0.0,0.09375],"rotation":0,"texture":"#0","tintindex":0},"north":{"uv":[0.0,0.0,0.0,0.09375],"rotation":0,"texture":"#0","tintindex":0},"west":{"uv":[12.65625,4.1875,12.375,4.28125],"rotation":0,"texture":"#0","tintindex":0},"up":{"uv":[0.0,0.28125,0.0,0.0],"rotation":0,"texture":"#0","tintindex":0},"down":{"uv":[0.0,0.0,0.0,0.28125],"rotation":0,"texture":"#0","tintindex":0}}},{"from":[9.128012,5.044937,4.382534],"to":[9.128012,6.1598134,7.727163],"rotation":{"angle":22.5,"axis":"x","origin":[7.4175906,5.8174553,3.7691336]},"faces":{"east":{"uv":[12.375,4.1875,12.65625,4.28125],"rotation":0,"texture":"#0","tintindex":0},"south":{"uv":[0.0,0.0,0.0,0.09375],"rotation":0,"texture":"#0","tintindex":0},"north":{"uv":[0.0,0.0,0.0,0.09375],"rotation":0,"texture":"#0","tintindex":0},"west":{"uv":[12.65625,4.1875,12.375,4.28125],"rotation":0,"texture":"#0","tintindex":0},"up":{"uv":[0.0,0.28125,0.0,0.0],"rotation":0,"texture":"#0","tintindex":0},"down":{"uv":[0.0,0.0,0.0,0.28125],"rotation":0,"texture":"#0","tintindex":0}}},{"from":[6.9942517,-1.5753736,6.6014104],"to":[10.710506,8.086887,11.060915],"rotation":{"angle":-22.5,"axis":"x","origin":[8.852379,5.485509,8.831162]},"faces":{"east":{"uv":[7.75,10.25,7.375,11.0625],"rotation":0,"texture":"#0","tintindex":0},"south":{"uv":[10.125,11.0,9.8125,11.8125],"rotation":0,"texture":"#0","tintindex":0},"north":{"uv":[11.3125,8.9375,11.0,9.75],"rotation":0,"texture":"#0","tintindex":0},"west":{"uv":[7.375,10.25,7.0,11.0625],"rotation":0,"texture":"#0","tintindex":0},"up":{"uv":[11.875,10.5,12.1875,10.125],"rotation":0,"texture":"#0","tintindex":0},"down":{"uv":[11.875,10.5,12.1875,10.875],"rotation":0,"texture":"#0","tintindex":0}}}],"textures":{"0":"modelengine:entity/cursed_dragon"},"display":{"head":{"translation":[0.0,-6.4,0.0],"scale":[4.0,4.0,4.0]}}}