{"textures":{"0":"modelengine:entity/cursed_dragon"},"elements":[{"from":[6.3986225,-6.936384,-5.158139],"to":[8.349656,-4.9853506,-1.9064178],"faces":{"east":{"uv":[0.375,12.71875,0.46875,12.5625],"tintindex":-2,"rotation":90,"texture":"#0"},"south":{"uv":[12.625,2.03125,12.71875,1.9375],"tintindex":-2,"rotation":0,"texture":"#0"},"north":{"uv":[12.625,2.5625,12.71875,2.65625],"tintindex":-2,"rotation":180,"texture":"#0"},"west":{"uv":[12.5625,0.28125,12.65625,0.125],"tintindex":-2,"rotation":270,"texture":"#0"},"up":{"uv":[12.59375,12.4375,12.5,12.59375],"tintindex":-2,"rotation":180,"texture":"#0"},"down":{"uv":[0.34375,12.5625,0.25,12.71875],"tintindex":-2,"rotation":0,"texture":"#0"}}},{"from":[5.3986225,-6.586728,-1.9064178],"to":[10.6013775,-4.6356955,4.5970273],"faces":{"east":{"uv":[3.8125,12.6875,3.90625,12.375],"tintindex":-2,"rotation":90,"texture":"#0"},"south":{"uv":[12.375,10.46875,12.625,10.375],"tintindex":-2,"rotation":0,"texture":"#0"},"north":{"uv":[12.375,10.875,12.625,10.96875],"tintindex":-2,"rotation":180,"texture":"#0"},"west":{"uv":[3.6875,12.6875,3.78125,12.375],"tintindex":-2,"rotation":270,"texture":"#0"},"up":{"uv":[6.6875,11.0625,6.4375,11.375],"tintindex":-2,"rotation":180,"texture":"#0"},"down":{"uv":[11.8125,10.875,11.5625,11.1875],"tintindex":-2,"rotation":0,"texture":"#0"}}},{"from":[4.797244,-6.9119015,1.345305],"to":[6.7482777,-4.960868,3.946683],"faces":{"east":{"uv":[8.5,12.6875,8.59375,12.5625],"tintindex":-2,"rotation":90,"texture":"#0"},"south":{"uv":[5.0625,12.71875,5.15625,12.625],"tintindex":-2,"rotation":0,"texture":"#0"},"north":{"uv":[5.1875,12.625,5.28125,12.71875],"tintindex":-2,"rotation":180,"texture":"#0"},"west":{"uv":[8.125,12.6875,8.21875,12.5625],"tintindex":-2,"rotation":270,"texture":"#0"},"up":{"uv":[8.09375,12.5625,8.0,12.6875],"tintindex":-2,"rotation":180,"texture":"#0"},"down":{"uv":[8.34375,12.5625,8.25,12.6875],"tintindex":-2,"rotation":0,"texture":"#0"}},"rotation":{"origin":[3.7727613,-4.6134567,3.946683],"angle":22.5,"axis":"y"}},{"from":[6.3986225,-6.936384,-8.4098625],"to":[8.349656,-4.9853506,-5.158139],"faces":{"east":{"uv":[11.5625,12.65625,11.65625,12.5],"tintindex":-2,"rotation":90,"texture":"#0"},"south":{"uv":[12.625,1.78125,12.71875,1.6875],"tintindex":-2,"rotation":0,"texture":"#0"},"north":{"uv":[12.625,1.8125,12.71875,1.90625],"tintindex":-2,"rotation":180,"texture":"#0"},"west":{"uv":[12.5,10.65625,12.59375,10.5],"tintindex":-2,"rotation":270,"texture":"#0"},"up":{"uv":[9.59375,12.5,9.5,12.65625],"tintindex":-2,"rotation":180,"texture":"#0"},"down":{"uv":[12.59375,10.6875,12.5,10.84375],"tintindex":-2,"rotation":0,"texture":"#0"}}},{"from":[5.7727613,-6.9119005,-5.158139],"to":[5.7727613,-4.960867,-1.256073],"faces":{"east":{"uv":[10.0625,12.625,10.15625,12.4375],"tintindex":-2,"rotation":90,"texture":"#0"},"west":{"uv":[12.5,8.0625,12.59375,8.21875],"tintindex":-2,"rotation":90,"texture":"#0"}},"rotation":{"origin":[3.7727613,-4.6134567,3.946683],"angle":22.5,"axis":"y"}},{"from":[6.0489664,-4.7818146,7.6719637],"to":[9.951034,10.826453,12.87472],"faces":{"east":{"uv":[9.75,11.5,9.5,12.25],"tintindex":-2,"rotation":0,"texture":"#0"},"south":{"uv":[5.9375,11.8125,5.75,12.5625],"tintindex":-2,"rotation":0,"texture":"#0"},"north":{"uv":[9.4375,9.5625,9.25,10.3125],"tintindex":-2,"rotation":0,"texture":"#0"},"west":{"uv":[8.625,11.5,8.375,12.25],"tintindex":-2,"rotation":0,"texture":"#0"},"up":{"uv":[11.625,12.375,11.8125,12.125],"tintindex":-2,"rotation":0,"texture":"#0"},"down":{"uv":[11.8125,12.125,12.0,12.375],"tintindex":-2,"rotation":0,"texture":"#0"}},"rotation":{"origin":[8.0,13.645856,6.322928],"angle":22.5,"axis":"x"}},{"from":[9.650345,-6.936384,-7.4098616],"to":[11.6013775,-4.9853506,-4.158139],"faces":{"east":{"uv":[7.75,12.65625,7.84375,12.5],"tintindex":-2,"rotation":90,"texture":"#0"},"south":{"uv":[0.0,12.71875,0.09375,12.625],"tintindex":-2,"rotation":0,"texture":"#0"},"north":{"uv":[12.625,0.0,12.71875,0.09375],"tintindex":-2,"rotation":180,"texture":"#0"},"west":{"uv":[7.5,12.65625,7.59375,12.5],"tintindex":-2,"rotation":270,"texture":"#0"},"up":{"uv":[7.46875,12.5,7.375,12.65625],"tintindex":-2,"rotation":180,"texture":"#0"},"down":{"uv":[7.71875,12.5,7.625,12.65625],"tintindex":-2,"rotation":0,"texture":"#0"}},"rotation":{"origin":[10.0,-5.0,-2.0],"angle":-22.5,"axis":"y"}},{"from":[7.374139,-6.936384,-11.661585],"to":[7.374139,-4.9853506,-8.4098625],"faces":{"east":{"uv":[12.5,12.15625,12.59375,12.0],"tintindex":-2,"rotation":90,"texture":"#0"},"west":{"uv":[12.5,8.0625,12.59375,8.21875],"tintindex":-2,"rotation":90,"texture":"#0"}}},{"from":[9.650345,-6.936384,-4.158139],"to":[11.6013775,-4.9853506,-0.90641785],"faces":{"east":{"uv":[9.375,12.65625,9.46875,12.5],"tintindex":-2,"rotation":90,"texture":"#0"},"south":{"uv":[0.125,12.71875,0.21875,12.625],"tintindex":-2,"rotation":0,"texture":"#0"},"north":{"uv":[12.625,1.5625,12.71875,1.65625],"tintindex":-2,"rotation":180,"texture":"#0"},"west":{"uv":[12.5,8.84375,12.59375,8.6875],"tintindex":-2,"rotation":270,"texture":"#0"},"up":{"uv":[8.46875,12.5,8.375,12.65625],"tintindex":-2,"rotation":180,"texture":"#0"},"down":{"uv":[9.34375,12.5,9.25,12.65625],"tintindex":-2,"rotation":0,"texture":"#0"}},"rotation":{"origin":[10.0,-5.0,-2.0],"angle":-22.5,"axis":"y"}},{"from":[4.797244,-6.9119005,-1.256073],"to":[6.7482777,-4.960867,1.345305],"faces":{"east":{"uv":[12.5625,8.0625,12.65625,7.9375],"tintindex":-2,"rotation":90,"texture":"#0"},"south":{"uv":[12.625,3.78125,12.71875,3.6875],"tintindex":-2,"rotation":0,"texture":"#0"},"north":{"uv":[12.625,3.8125,12.71875,3.90625],"tintindex":-2,"rotation":180,"texture":"#0"},"west":{"uv":[6.875,12.6875,6.96875,12.5625],"tintindex":-2,"rotation":270,"texture":"#0"},"up":{"uv":[6.84375,12.5625,6.75,12.6875],"tintindex":-2,"rotation":180,"texture":"#0"},"down":{"uv":[12.65625,7.8125,12.5625,7.9375],"tintindex":-2,"rotation":0,"texture":"#0"}},"rotation":{"origin":[3.7727613,-4.6134567,3.946683],"angle":22.5,"axis":"y"}},{"from":[10.625862,-6.936384,-10.661585],"to":[10.625862,-4.9853506,-7.4098616],"faces":{"east":{"uv":[12.5,8.21875,12.59375,8.0625],"tintindex":-2,"rotation":90,"texture":"#0"},"west":{"uv":[12.5,8.0625,12.59375,8.21875],"tintindex":-2,"rotation":90,"texture":"#0"}},"rotation":{"origin":[10.0,-5.0,-2.0],"angle":-22.5,"axis":"y"}}],"display":{"gui":{"rotation":[30,225,0]}}}