{"textures":{"0":"modelengine:entity/cursed_dragon"},"elements":[{"from":[7.9339175,4.583084,20.205662],"to":[7.9339175,9.135496,24.107729],"faces":{"east":{"uv":[11.625,11.6875,12.0,12.125],"tintindex":-2,"rotation":0,"texture":"#0"},"west":{"uv":[11.75,5.875,12.125,6.3125],"tintindex":-2,"rotation":0,"texture":"#0"}}},{"from":[2.2434034,-3.2210493,12.401528],"to":[13.624432,5.883774,20.205662],"faces":{"east":{"uv":[8.75,3.0,9.5,3.875],"tintindex":-2,"rotation":0,"texture":"#0"},"south":{"uv":[6.375,8.0,7.46875,8.875],"tintindex":-2,"rotation":0,"texture":"#0"},"north":{"uv":[5.25,8.0,6.34375,8.875],"tintindex":-2,"rotation":0,"texture":"#0"},"west":{"uv":[8.75,3.875,9.5,4.75],"tintindex":-2,"rotation":0,"texture":"#0"},"up":{"uv":[8.59375,8.75,7.5,8.0],"tintindex":-2,"rotation":0,"texture":"#0"},"down":{"uv":[9.71875,8.0,8.625,8.75],"tintindex":-2,"rotation":0,"texture":"#0"}}},{"from":[7.9339175,5.233429,24.107729],"to":[7.9339175,9.785841,31.261517],"faces":{"east":{"uv":[8.5,10.375,9.1875,10.8125],"tintindex":-2,"rotation":0,"texture":"#0"},"west":{"uv":[10.4375,1.125,11.125,1.5625],"tintindex":-2,"rotation":0,"texture":"#0"}}},{"from":[7.9339175,5.883774,12.401528],"to":[7.9339175,10.436184,20.205662],"faces":{"east":{"uv":[9.875,10.1875,10.625,10.625],"tintindex":-2,"rotation":0,"texture":"#0"},"west":{"uv":[10.25,3.9375,11.0,4.375],"tintindex":-2,"rotation":0,"texture":"#0"}}},{"from":[4.194437,-2.5707045,20.205662],"to":[11.673398,4.583084,24.107729],"faces":{"east":{"uv":[10.9375,5.875,11.3125,6.5625],"tintindex":-2,"rotation":0,"texture":"#0"},"south":{"uv":[6.0,8.875,6.71875,9.5625],"tintindex":-2,"rotation":0,"texture":"#0"},"north":{"uv":[5.25,8.875,5.96875,9.5625],"tintindex":-2,"rotation":0,"texture":"#0"},"west":{"uv":[10.9375,7.8125,11.3125,8.5],"tintindex":-2,"rotation":0,"texture":"#0"},"up":{"uv":[11.34375,2.5625,10.625,2.1875],"tintindex":-2,"rotation":0,"texture":"#0"},"down":{"uv":[10.53125,10.625,9.8125,11.0],"tintindex":-2,"rotation":0,"texture":"#0"}}},{"from":[2.8937478,-3.2210493,24.107729],"to":[12.974087,5.233429,31.261517],"faces":{"east":{"uv":[8.0625,8.75,8.75,9.5625],"tintindex":-2,"rotation":0,"texture":"#0"},"south":{"uv":[8.75,0.8125,9.71875,1.625],"tintindex":-2,"rotation":0,"texture":"#0"},"north":{"uv":[8.75,0.0,9.71875,0.8125],"tintindex":-2,"rotation":0,"texture":"#0"},"west":{"uv":[8.75,8.75,9.4375,9.5625],"tintindex":-2,"rotation":0,"texture":"#0"},"up":{"uv":[9.71875,2.3125,8.75,1.625],"tintindex":-2,"rotation":0,"texture":"#0"},"down":{"uv":[9.71875,2.3125,8.75,3.0],"tintindex":-2,"rotation":0,"texture":"#0"}}}],"display":{"gui":{"rotation":[30,225,0]}}}