{"elements":[{"from":[6.026622,-4.6074705,4.376582],"to":[10.857753,8.027794,11.06584],"rotation":{"angle":45.0,"axis":"x","origin":[8.813813,7.255049,7.721211]},"faces":{"east":{"uv":[9.3125,5.8125,8.75,6.875],"rotation":0,"texture":"#0","tintindex":0},"south":{"uv":[9.90625,3.0,9.5,4.0625],"rotation":0,"texture":"#0","tintindex":0},"north":{"uv":[9.84375,9.375,9.4375,10.4375],"rotation":0,"texture":"#0","tintindex":0},"west":{"uv":[9.3125,4.75,8.75,5.8125],"rotation":0,"texture":"#0","tintindex":0},"up":{"uv":[11.125,1.4375,11.53125,0.875],"rotation":0,"texture":"#0","tintindex":0},"down":{"uv":[11.125,10.625,11.53125,11.1875],"rotation":0,"texture":"#0","tintindex":0}}},{"from":[6.7698727,-4.7844353,1.8034382],"to":[10.114502,0.41832113,11.465699],"rotation":{"angle":0.0,"axis":"y","origin":[8.813813,-2.1830568,1.8223944]},"faces":{"east":{"uv":[9.875,6.25,10.3125,5.4375],"rotation":270,"texture":"#0","tintindex":0},"south":{"uv":[11.875,5.375,12.15625,5.8125],"rotation":0,"texture":"#0","tintindex":0},"north":{"uv":[11.8125,11.6875,12.09375,11.25],"rotation":180,"texture":"#0","tintindex":0},"west":{"uv":[8.8125,10.375,9.25,9.5625],"rotation":90,"texture":"#0","tintindex":0},"up":{"uv":[10.71875,11.125,10.4375,11.9375],"rotation":0,"texture":"#0","tintindex":0},"down":{"uv":[8.96875,11.0625,8.6875,11.875],"rotation":180,"texture":"#0","tintindex":0}}},{"from":[9.330481,3.6300006,-6.1901703],"to":[9.330481,4.744877,-2.84554],"rotation":{"angle":45.0,"axis":"x","origin":[3.0626206,0.7207637,-3.6859713]},"faces":{"east":{"uv":[12.375,5.375,12.65625,5.46875],"rotation":0,"texture":"#0","tintindex":0},"south":{"uv":[0.0,0.0,0.0,0.09375],"rotation":0,"texture":"#0","tintindex":0},"north":{"uv":[0.0,0.0,0.0,0.09375],"rotation":0,"texture":"#0","tintindex":0},"west":{"uv":[12.65625,4.1875,12.375,4.28125],"rotation":0,"texture":"#0","tintindex":0},"up":{"uv":[0.0,0.28125,0.0,0.0],"rotation":0,"texture":"#0","tintindex":0},"down":{"uv":[0.0,0.0,0.0,0.28125],"rotation":0,"texture":"#0","tintindex":0}}},{"from":[9.330498,2.9711714,-5.119625],"to":[9.330498,4.0860476,-1.7749968],"rotation":{"angle":22.5,"axis":"x","origin":[-11.808514,1.8143239,-6.304454]},"faces":{"east":{"uv":[12.375,2.8125,12.65625,2.90625],"rotation":0,"texture":"#0","tintindex":0},"south":{"uv":[0.0,0.0,0.0,0.09375],"rotation":0,"texture":"#0","tintindex":0},"north":{"uv":[0.0,0.0,0.0,0.09375],"rotation":0,"texture":"#0","tintindex":0},"west":{"uv":[12.65625,4.1875,12.375,4.28125],"rotation":0,"texture":"#0","tintindex":0},"up":{"uv":[0.0,0.28125,0.0,0.0],"rotation":0,"texture":"#0","tintindex":0},"down":{"uv":[0.0,0.0,0.0,0.28125],"rotation":0,"texture":"#0","tintindex":0}}},{"from":[9.330481,0.47037697,-3.6331234],"to":[9.330481,1.5852532,-0.28849506],"rotation":{"angle":22.5,"axis":"x","origin":[7.620059,1.2428951,-4.246524]},"faces":{"east":{"uv":[12.375,4.1875,12.65625,4.28125],"rotation":0,"texture":"#0","tintindex":0},"south":{"uv":[0.0,0.0,0.0,0.09375],"rotation":0,"texture":"#0","tintindex":0},"north":{"uv":[0.0,0.0,0.0,0.09375],"rotation":0,"texture":"#0","tintindex":0},"west":{"uv":[12.65625,4.1875,12.375,4.28125],"rotation":0,"texture":"#0","tintindex":0},"up":{"uv":[0.0,0.28125,0.0,0.0],"rotation":0,"texture":"#0","tintindex":0},"down":{"uv":[0.0,0.0,0.0,0.28125],"rotation":0,"texture":"#0","tintindex":0}}},{"from":[9.330481,-2.3818579,-2.7247076],"to":[9.330481,-1.2669811,0.6199212],"rotation":{"angle":0.0,"axis":"y","origin":[9.919764,6.4722123,-19.314348]},"faces":{"east":{"uv":[12.375,4.4375,12.65625,4.53125],"rotation":0,"texture":"#0","tintindex":0},"south":{"uv":[0.0,0.0,0.0,0.09375],"rotation":0,"texture":"#0","tintindex":0},"north":{"uv":[0.0,0.0,0.0,0.09375],"rotation":0,"texture":"#0","tintindex":0},"west":{"uv":[12.65625,4.1875,12.375,4.28125],"rotation":0,"texture":"#0","tintindex":0},"up":{"uv":[0.0,0.28125,0.0,0.0],"rotation":0,"texture":"#0","tintindex":0},"down":{"uv":[0.0,0.0,0.0,0.28125],"rotation":0,"texture":"#0","tintindex":0}}}],"textures":{"0":"modelengine:entity/cursed_dragon"},"display":{"head":{"translation":[0.0,-6.4,0.0],"scale":[4.0,4.0,4.0]}}}