{"elements":[{"from":[6.899114,-3.4916105,6.1382575],"to":[9.500492,6.913902,9.854511],"rotation":{"angle":22.5,"axis":"x","origin":[8.571428,7.041673,11.613102]},"faces":{"east":{"uv":[5.5625,10.625,5.25,11.5],"rotation":0,"texture":"#0","tintindex":0},"south":{"uv":[7.84375,11.5,7.625,12.375],"rotation":0,"texture":"#0","tintindex":0},"north":{"uv":[7.59375,11.5,7.375,12.375],"rotation":0,"texture":"#0","tintindex":0},"west":{"uv":[7.0,10.5625,6.6875,11.4375],"rotation":0,"texture":"#0","tintindex":0},"up":{"uv":[4.3125,12.3125,4.53125,12.0],"rotation":0,"texture":"#0","tintindex":0},"down":{"uv":[4.5625,12.0,4.78125,12.3125],"rotation":0,"texture":"#0","tintindex":0}}},{"from":[8.199803,-2.7841377,9.74949],"to":[8.199803,-1.297636,12.722494],"rotation":{"angle":0.0,"axis":"y","origin":[8.571428,1.1428566,5.714286]},"faces":{"east":{"uv":[4.8125,12.3125,4.5625,12.4375],"rotation":0,"texture":"#0","tintindex":0},"south":{"uv":[0.0,0.0,0.0,0.125],"rotation":0,"texture":"#0","tintindex":0},"north":{"uv":[0.0,0.0,0.0,0.125],"rotation":0,"texture":"#0","tintindex":0},"west":{"uv":[4.5625,12.3125,4.3125,12.4375],"rotation":0,"texture":"#0","tintindex":0},"up":{"uv":[0.0,0.25,0.0,0.0],"rotation":0,"texture":"#0","tintindex":0},"down":{"uv":[0.0,0.0,0.0,0.25],"rotation":0,"texture":"#0","tintindex":0}}},{"from":[7.4565525,-2.7841377,6.7764864],"to":[8.943054,-1.297636,9.74949],"rotation":{"angle":0.0,"axis":"y","origin":[8.571428,1.1428566,5.714286]},"faces":{"east":{"uv":[12.5625,3.1875,12.3125,3.3125],"rotation":0,"texture":"#0","tintindex":0},"south":{"uv":[12.25,12.4375,12.125,12.5625],"rotation":0,"texture":"#0","tintindex":0},"north":{"uv":[12.5625,11.5,12.4375,11.625],"rotation":0,"texture":"#0","tintindex":0},"west":{"uv":[12.5625,3.0625,12.3125,3.1875],"rotation":0,"texture":"#0","tintindex":0},"up":{"uv":[12.3125,3.5625,12.4375,3.3125],"rotation":0,"texture":"#0","tintindex":0},"down":{"uv":[12.3125,3.9375,12.4375,4.1875],"rotation":0,"texture":"#0","tintindex":0}}},{"from":[6.5274887,-2.5983248,3.803483],"to":[9.872118,-1.1118231,6.7764864],"rotation":{"angle":0.0,"axis":"y","origin":[8.571428,1.1428566,5.714286]},"faces":{"east":{"uv":[12.5625,4.75,12.3125,4.875],"rotation":0,"texture":"#0","tintindex":0},"south":{"uv":[11.28125,12.1875,11.0,12.3125],"rotation":0,"texture":"#0","tintindex":0},"north":{"uv":[12.46875,10.75,12.1875,10.875],"rotation":0,"texture":"#0","tintindex":0},"west":{"uv":[12.5625,4.625,12.3125,4.75],"rotation":0,"texture":"#0","tintindex":0},"up":{"uv":[8.5,10.375,8.78125,10.125],"rotation":0,"texture":"#0","tintindex":0},"down":{"uv":[3.6875,12.0,3.96875,12.25],"rotation":0,"texture":"#0","tintindex":0}}},{"from":[6.5274887,-2.5983248,1.573731],"to":[9.872118,-1.1118231,3.803483],"rotation":{"angle":0.0,"axis":"y","origin":[8.571428,1.1428566,5.714286]},"faces":{"east":{"uv":[10.0625,7.0625,9.875,7.1875],"rotation":0,"texture":"#0","tintindex":0},"south":{"uv":[12.46875,10.625,12.1875,10.75],"rotation":0,"texture":"#0","tintindex":0},"north":{"uv":[12.46875,10.5,12.1875,10.625],"rotation":0,"texture":"#0","tintindex":0},"west":{"uv":[10.0625,4.625,9.875,4.75],"rotation":0,"texture":"#0","tintindex":0},"up":{"uv":[12.0625,1.0625,12.34375,0.875],"rotation":0,"texture":"#0","tintindex":0},"down":{"uv":[12.0625,1.0625,12.34375,1.25],"rotation":0,"texture":"#0","tintindex":0}}},{"from":[5.970051,-2.7841377,-0.6560221],"to":[7.4565525,-1.297636,2.3169813],"rotation":{"angle":22.5,"axis":"y","origin":[6.857143,-2.285715,2.2857141]},"faces":{"east":{"uv":[9.75,12.25,9.5,12.375],"rotation":0,"texture":"#0","tintindex":0},"south":{"uv":[11.1875,12.4375,11.0625,12.5625],"rotation":0,"texture":"#0","tintindex":0},"north":{"uv":[11.0625,12.4375,10.9375,12.5625],"rotation":0,"texture":"#0","tintindex":0},"west":{"uv":[9.25,12.25,9.0,12.375],"rotation":0,"texture":"#0","tintindex":0},"up":{"uv":[9.25,12.5,9.375,12.25],"rotation":0,"texture":"#0","tintindex":0},"down":{"uv":[12.25,10.875,12.375,11.125],"rotation":0,"texture":"#0","tintindex":0}}},{"from":[6.7133017,-2.7841377,-3.6290255],"to":[6.7133017,-1.297636,-0.6560221],"rotation":{"angle":22.5,"axis":"y","origin":[6.857143,-2.285715,2.2857141]},"faces":{"east":{"uv":[2.5625,12.3125,2.3125,12.4375],"rotation":0,"texture":"#0","tintindex":0},"south":{"uv":[0.0,0.0,0.0,0.125],"rotation":0,"texture":"#0","tintindex":0},"north":{"uv":[0.0,0.0,0.0,0.125],"rotation":0,"texture":"#0","tintindex":0},"west":{"uv":[2.3125,12.3125,2.0625,12.4375],"rotation":0,"texture":"#0","tintindex":0},"up":{"uv":[0.0,0.25,0.0,0.0],"rotation":0,"texture":"#0","tintindex":0},"down":{"uv":[0.0,0.0,0.0,0.25],"rotation":0,"texture":"#0","tintindex":0}}},{"from":[8.199803,-2.7841377,-3.6290255],"to":[8.199803,-1.297636,-0.6560221],"rotation":{"angle":0.0,"axis":"y","origin":[8.571428,1.1428566,5.714286]},"faces":{"east":{"uv":[0.875,12.3125,0.625,12.4375],"rotation":0,"texture":"#0","tintindex":0},"south":{"uv":[0.0,0.0,0.0,0.125],"rotation":0,"texture":"#0","tintindex":0},"north":{"uv":[0.0,0.0,0.0,0.125],"rotation":0,"texture":"#0","tintindex":0},"west":{"uv":[12.5,11.125,12.25,11.25],"rotation":0,"texture":"#0","tintindex":0},"up":{"uv":[0.0,0.25,0.0,0.0],"rotation":0,"texture":"#0","tintindex":0},"down":{"uv":[0.0,0.0,0.0,0.25],"rotation":0,"texture":"#0","tintindex":0}}},{"from":[7.4565525,-2.7841377,-0.6560221],"to":[8.943054,-1.297636,2.3169813],"rotation":{"angle":0.0,"axis":"y","origin":[8.571428,1.1428566,5.714286]},"faces":{"east":{"uv":[12.5,6.5625,12.25,6.6875],"rotation":0,"texture":"#0","tintindex":0},"south":{"uv":[10.9375,12.4375,10.8125,12.5625],"rotation":0,"texture":"#0","tintindex":0},"north":{"uv":[10.8125,12.4375,10.6875,12.5625],"rotation":0,"texture":"#0","tintindex":0},"west":{"uv":[8.5,10.6875,8.25,10.8125],"rotation":0,"texture":"#0","tintindex":0},"up":{"uv":[12.25,7.125,12.375,6.875],"rotation":0,"texture":"#0","tintindex":0},"down":{"uv":[8.375,12.25,8.5,12.5],"rotation":0,"texture":"#0","tintindex":0}}},{"from":[8.943054,-2.7841377,-0.6560221],"to":[10.429556,-1.297636,2.3169813],"rotation":{"angle":-22.5,"axis":"y","origin":[9.714286,-2.285715,1.7142854]},"faces":{"east":{"uv":[1.375,12.3125,1.125,12.4375],"rotation":0,"texture":"#0","tintindex":0},"south":{"uv":[11.5625,12.4375,11.4375,12.5625],"rotation":0,"texture":"#0","tintindex":0},"north":{"uv":[11.4375,12.4375,11.3125,12.5625],"rotation":0,"texture":"#0","tintindex":0},"west":{"uv":[1.125,12.3125,0.875,12.4375],"rotation":0,"texture":"#0","tintindex":0},"up":{"uv":[1.375,12.5625,1.5,12.3125],"rotation":0,"texture":"#0","tintindex":0},"down":{"uv":[12.3125,1.375,12.4375,1.625],"rotation":0,"texture":"#0","tintindex":0}}},{"from":[9.686305,-2.7841377,-3.6290255],"to":[9.686305,-1.297636,-0.6560221],"rotation":{"angle":-22.5,"axis":"y","origin":[9.714286,-2.285715,1.7142854]},"faces":{"east":{"uv":[9.0,12.25,8.75,12.375],"rotation":0,"texture":"#0","tintindex":0},"south":{"uv":[0.0,0.0,0.0,0.125],"rotation":0,"texture":"#0","tintindex":0},"north":{"uv":[0.0,0.0,0.0,0.125],"rotation":0,"texture":"#0","tintindex":0},"west":{"uv":[8.75,12.25,8.5,12.375],"rotation":0,"texture":"#0","tintindex":0},"up":{"uv":[0.0,0.25,0.0,0.0],"rotation":0,"texture":"#0","tintindex":0},"down":{"uv":[0.0,0.0,0.0,0.25],"rotation":0,"texture":"#0","tintindex":0}}}],"textures":{"0":"modelengine:entity/cursed_dragon"},"display":{"head":{"translation":[0.0,-6.4,0.0],"scale":[4.0,4.0,4.0]}}}