{"textures":{"0":"modelengine:entity/cursed_dragon"},"elements":[{"from":[7.885278,9.83546,12.854605],"to":[7.885278,12.870401,18.924488],"faces":{"east":{"uv":[9.75,8.25,10.625,8.6875],"tintindex":-2,"rotation":0,"texture":"#0"},"west":{"uv":[7.0,9.8125,7.875,10.25],"tintindex":-2,"rotation":0,"texture":"#0"}}},{"from":[6.042636,6.8005185,12.854605],"to":[9.7279215,9.83546,18.924488],"faces":{"east":{"uv":[9.75,2.25,10.625,2.6875],"tintindex":-2,"rotation":0,"texture":"#0"},"south":{"uv":[8.125,11.0625,8.65625,11.5],"tintindex":-2,"rotation":0,"texture":"#0"},"north":{"uv":[7.5625,11.0625,8.09375,11.5],"tintindex":-2,"rotation":0,"texture":"#0"},"west":{"uv":[9.75,7.8125,10.625,8.25],"tintindex":-2,"rotation":0,"texture":"#0"},"up":{"uv":[9.84375,6.3125,9.3125,5.4375],"tintindex":-2,"rotation":0,"texture":"#0"},"down":{"uv":[9.84375,6.3125,9.3125,7.1875],"tintindex":-2,"rotation":0,"texture":"#0"}}},{"from":[6.4761987,7.450863,18.924488],"to":[9.294358,9.83546,25.861494],"faces":{"east":{"uv":[10.0625,4.625,11.0625,4.96875],"tintindex":-2,"rotation":0,"texture":"#0"},"south":{"uv":[11.8125,10.875,12.21875,11.21875],"tintindex":-2,"rotation":0,"texture":"#0"},"north":{"uv":[9.9375,11.8125,10.34375,12.15625],"tintindex":-2,"rotation":0,"texture":"#0"},"west":{"uv":[10.0625,5.0,11.0625,5.34375],"tintindex":-2,"rotation":0,"texture":"#0"},"up":{"uv":[6.53125,10.5625,6.125,9.5625],"tintindex":-2,"rotation":0,"texture":"#0"},"down":{"uv":[6.96875,9.5625,6.5625,10.5625],"tintindex":-2,"rotation":0,"texture":"#0"}}},{"from":[7.885278,9.83546,8.085412],"to":[7.885278,12.870401,12.854605],"faces":{"east":{"uv":[10.3125,9.25,11.0,9.6875],"tintindex":-2,"rotation":0,"texture":"#0"},"west":{"uv":[10.3125,9.6875,11.0,10.125],"tintindex":-2,"rotation":0,"texture":"#0"}}},{"from":[7.885278,9.83546,18.924488],"to":[7.885278,12.220057,25.861494],"faces":{"east":{"uv":[10.0625,7.0625,11.0625,7.40625],"tintindex":-2,"rotation":0,"texture":"#0"},"west":{"uv":[10.0625,7.4375,11.0625,7.78125],"tintindex":-2,"rotation":0,"texture":"#0"}}},{"from":[5.392291,5.933392,8.085412],"to":[10.378265,9.83546,12.854605],"faces":{"east":{"uv":[9.75,1.125,10.4375,1.6875],"tintindex":-2,"rotation":0,"texture":"#0"},"south":{"uv":[9.75,0.5625,10.46875,1.125],"tintindex":-2,"rotation":0,"texture":"#0"},"north":{"uv":[9.75,0.0,10.46875,0.5625],"tintindex":-2,"rotation":0,"texture":"#0"},"west":{"uv":[9.75,1.6875,10.4375,2.25],"tintindex":-2,"rotation":0,"texture":"#0"},"up":{"uv":[7.46875,9.5625,6.75,8.875],"tintindex":-2,"rotation":0,"texture":"#0"},"down":{"uv":[10.03125,4.75,9.3125,5.4375],"tintindex":-2,"rotation":0,"texture":"#0"}}}],"display":{"gui":{"rotation":[30,225,0]}}}