{"textures":{"0":"modelengine:entity/cursed_dragon"},"elements":[{"from":[7.9278927,8.020085,-3.5857592],"to":[14.75651,8.020085,17.225264],"faces":{"up":{"uv":[3.9375,12.0,2.625,8.0],"tintindex":-2,"rotation":0,"texture":"#0"},"down":{"uv":[3.9375,8.0,2.625,12.0],"tintindex":-2,"rotation":0,"texture":"#0"}}},{"from":[22.529528,7.981374,9.62683],"to":[23.017286,8.187833,22.450489],"faces":{"east":{"uv":[11.625,7.375,13.59375,7.40625],"tintindex":-2,"rotation":0,"texture":"#0"},"south":{"uv":[7.125,9.75,7.21875,9.78125],"tintindex":-2,"rotation":0,"texture":"#0"},"north":{"uv":[7.25,9.75,7.34375,9.78125],"tintindex":-2,"rotation":0,"texture":"#0"},"west":{"uv":[11.75,9.3125,13.71875,9.34375],"tintindex":-2,"rotation":0,"texture":"#0"},"up":{"uv":[13.34375,2.53125,11.375,2.4375],"tintindex":-2,"rotation":90,"texture":"#0"},"down":{"uv":[13.53125,0.375,11.5625,0.46875],"tintindex":-2,"rotation":270,"texture":"#0"}},"rotation":{"origin":[8.25,8.0,8.0],"angle":22.5,"axis":"y"}},{"from":[14.75651,8.020085,-3.5857592],"to":[27.7634,8.020085,17.225264],"faces":{"up":{"uv":[2.5,8.0,0.0,4.0],"tintindex":-2,"rotation":0,"texture":"#0"},"down":{"uv":[2.5,4.0,0.0,8.0],"tintindex":-2,"rotation":0,"texture":"#0"}}},{"from":[4.4685183,7.929759,-5.0795603],"to":[15.361788,8.254931,-4.4292154],"faces":{"east":{"uv":[9.0,7.9375,9.125,8.0],"tintindex":-2,"rotation":0,"texture":"#0"},"south":{"uv":[11.3125,9.6875,13.40625,9.75],"tintindex":-2,"rotation":0,"texture":"#0"},"north":{"uv":[11.0625,5.3125,13.15625,5.375],"tintindex":-2,"rotation":0,"texture":"#0"},"west":{"uv":[9.125,7.9375,9.25,8.0],"tintindex":-2,"rotation":0,"texture":"#0"},"up":{"uv":[12.59375,3.8125,10.5,3.6875],"tintindex":-2,"rotation":0,"texture":"#0"},"down":{"uv":[12.59375,3.8125,10.5,3.9375],"tintindex":-2,"rotation":0,"texture":"#0"}},"rotation":{"origin":[8.25,8.0,8.0],"angle":-45.0,"axis":"y"}},{"from":[10.926181,7.86008,4.2179475],"to":[21.169106,8.347837,4.868292],"faces":{"east":{"uv":[10.6875,12.5625,10.8125,12.65625],"tintindex":-2,"rotation":0,"texture":"#0"},"south":{"uv":[11.5625,1.25,13.53125,1.34375],"tintindex":-2,"rotation":0,"texture":"#0"},"north":{"uv":[11.5625,0.5,13.53125,0.59375],"tintindex":-2,"rotation":0,"texture":"#0"},"west":{"uv":[10.8125,12.5625,10.9375,12.65625],"tintindex":-2,"rotation":0,"texture":"#0"},"up":{"uv":[12.96875,9.875,11.0,9.75],"tintindex":-2,"rotation":0,"texture":"#0"},"down":{"uv":[12.96875,9.875,11.0,10.0],"tintindex":-2,"rotation":0,"texture":"#0"}},"rotation":{"origin":[8.25,8.0,8.0],"angle":45.0,"axis":"y"}}],"display":{"gui":{"rotation":[30,225,0]}}}