{"elements":[{"from":[-13.711235,8.137392,-15.568052],"to":[8.214665,8.137392,32.0],"rotation":{"angle":0.0,"axis":"y","origin":[8.214665,8.137392,0.78346586]},"faces":{"east":{"uv":[0.0,0.0,4.0,0.0],"rotation":0,"texture":"#0","tintindex":0},"south":{"uv":[0.0,0.0,1.84375,0.0],"rotation":0,"texture":"#0","tintindex":0},"north":{"uv":[0.0,0.0,1.84375,0.0],"rotation":0,"texture":"#0","tintindex":0},"west":{"uv":[0.0,0.0,4.0,0.0],"rotation":0,"texture":"#0","tintindex":0},"up":{"uv":[6.84375,4.0,5.0,0.0],"rotation":0,"texture":"#0","tintindex":0},"down":{"uv":[6.84375,0.0,5.0,4.0],"rotation":0,"texture":"#0","tintindex":0}}},{"from":[-13.711235,7.3941407,0.040215015],"to":[8.214665,8.880643,1.5267167],"rotation":{"angle":0.0,"axis":"y","origin":[9.88698,2.1913848,7.4727235]},"faces":{"east":{"uv":[10.1875,9.25,10.3125,9.375],"rotation":0,"texture":"#0","tintindex":0},"south":{"uv":[11.0625,5.0625,12.90625,5.1875],"rotation":0,"texture":"#0","tintindex":0},"north":{"uv":[11.0,10.0,12.84375,10.125],"rotation":0,"texture":"#0","tintindex":0},"west":{"uv":[10.4375,11.0,10.5625,11.125],"rotation":0,"texture":"#0","tintindex":0},"up":{"uv":[12.90625,5.3125,11.0625,5.1875],"rotation":0,"texture":"#0","tintindex":0},"down":{"uv":[12.90625,7.4375,11.0625,7.5625],"rotation":0,"texture":"#0","tintindex":0}}}],"textures":{"0":"modelengine:entity/cursed_dragon"},"display":{"head":{"translation":[0.0,-6.4,28.654945],"scale":[4.0,4.0,4.0]}}}