{"textures":{"0":"modelengine:entity/cursed_dragon"},"elements":[{"from":[1.1713839,8.0,-3.6537895],"to":[8.0,8.0,17.157234],"faces":{"up":{"uv":[1.3125,12.0,0.0,8.0],"tintindex":-2,"rotation":0,"texture":"#0"},"down":{"uv":[1.3125,8.0,0.0,12.0],"tintindex":-2,"rotation":0,"texture":"#0"}}},{"from":[-5.194974,7.8399944,4.397607],"to":[5.0479507,8.327752,5.047951],"faces":{"east":{"uv":[10.3125,12.5625,10.4375,12.65625],"tintindex":-2,"rotation":0,"texture":"#0"},"south":{"uv":[11.375,2.3125,13.34375,2.40625],"tintindex":-2,"rotation":0,"texture":"#0"},"north":{"uv":[11.3125,9.5625,13.28125,9.65625],"tintindex":-2,"rotation":0,"texture":"#0"},"west":{"uv":[10.5625,12.5625,10.6875,12.65625],"tintindex":-2,"rotation":0,"texture":"#0"},"up":{"uv":[12.59375,2.6875,10.625,2.5625],"tintindex":-2,"rotation":0,"texture":"#0"},"down":{"uv":[12.90625,8.5,10.9375,8.625],"tintindex":-2,"rotation":0,"texture":"#0"}},"rotation":{"origin":[8.0,8.0,8.0],"angle":-45.0,"axis":"y"}},{"from":[-7.0984507,7.9612885,9.684307],"to":[-6.610692,8.193555,22.507965],"faces":{"east":{"uv":[11.625,7.3125,13.59375,7.34375],"tintindex":-2,"rotation":0,"texture":"#0"},"south":{"uv":[7.0,9.75,7.09375,9.78125],"tintindex":-2,"rotation":0,"texture":"#0"},"north":{"uv":[9.75,2.9375,9.84375,2.96875],"tintindex":-2,"rotation":0,"texture":"#0"},"west":{"uv":[11.625,5.0,13.59375,5.03125],"tintindex":-2,"rotation":0,"texture":"#0"},"up":{"uv":[13.28125,8.46875,11.3125,8.375],"tintindex":-2,"rotation":270,"texture":"#0"},"down":{"uv":[13.28125,9.4375,11.3125,9.53125],"tintindex":-2,"rotation":90,"texture":"#0"}},"rotation":{"origin":[8.0,8.0,8.0],"angle":-22.5,"axis":"y"}},{"from":[-11.835506,8.0,-3.6537895],"to":[1.1713839,8.0,17.157234],"faces":{"up":{"uv":[2.5,4.0,0.0,0.0],"tintindex":-2,"rotation":0,"texture":"#0"},"down":{"uv":[2.5,0.0,0.0,4.0],"tintindex":-2,"rotation":0,"texture":"#0"}}},{"from":[0.71152973,7.9096737,-5.3200417],"to":[11.602219,8.296783,-4.6696978],"faces":{"east":{"uv":[8.75,7.9375,8.875,8.0],"tintindex":-2,"rotation":0,"texture":"#0"},"south":{"uv":[11.0625,3.625,13.15625,3.6875],"tintindex":-2,"rotation":0,"texture":"#0"},"north":{"uv":[10.9375,8.625,13.03125,8.6875],"tintindex":-2,"rotation":0,"texture":"#0"},"west":{"uv":[8.875,7.9375,9.0,8.0],"tintindex":-2,"rotation":0,"texture":"#0"},"up":{"uv":[12.34375,4.5,10.25,4.375],"tintindex":-2,"rotation":0,"texture":"#0"},"down":{"uv":[12.34375,4.5,10.25,4.625],"tintindex":-2,"rotation":0,"texture":"#0"}},"rotation":{"origin":[8.0,8.0,8.0],"angle":45.0,"axis":"y"}}],"display":{"gui":{"rotation":[30,225,0]}}}