{"textures":{"0":"modelengine:entity/lostasset_mob5_crystalsc_hand","particle":"#0"},"elements":[{"from":[9.469412,4.0207663,1.2132483],"to":[18.989412,11.860766,11.293248],"faces":{"east":{"uv":[5.0,4.0,10.0,8.0],"tintindex":0,"rotation":0,"texture":"#0"},"south":{"uv":[5.0,8.0,10.0,12.0],"tintindex":0,"rotation":0,"texture":"#0"},"north":{"uv":[5.0,0.0,10.0,4.0],"tintindex":0,"rotation":0,"texture":"#0"},"west":{"uv":[0.0,10.0,5.0,14.0],"tintindex":0,"rotation":0,"texture":"#0"},"up":{"uv":[5.0,5.0,0.0,0.0],"tintindex":0,"rotation":0,"texture":"#0"},"down":{"uv":[5.0,5.0,0.0,10.0],"tintindex":0,"rotation":0,"texture":"#0"}},"rotation":{"origin":[-1.1000004,19.494812,11.670422],"angle":22.5,"axis":"y"}}],"display":{"head":{"rotation":[0.0,0.0,0.0]},"firstperson_righthand":{"rotation":[0.0,0.0,0.0]},"thirdperson_lefthand":{"rotation":[0.0,-0.0,-0.0]},"firstperson_lefthand":{"rotation":[0.0,-0.0,-0.0]},"fixed":{"rotation":[0.0,0.0,0.0]},"ground":{"rotation":[0.0,0.0,0.0]},"thirdperson_righthand":{"rotation":[0.0,0.0,0.0]},"gui":{"rotation":[-150.0,-45.0,180.0]}}}