{"elements":[{"from":[5.8704,-1.0184164,-1.0164452],"to":[10.129601,3.6279836,3.242755],"rotation":{"angle":45.0,"axis":"x","origin":[8.0,1.3047838,1.1131549]},"faces":{"east":{"uv":[6.71875,8.5625,6.890625,8.75],"rotation":0,"texture":"#0","tintindex":0},"south":{"uv":[7.625,8.5625,7.796875,8.75],"rotation":0,"texture":"#0","tintindex":0},"north":{"uv":[0.84375,8.5625,1.015625,8.75],"rotation":0,"texture":"#0","tintindex":0},"west":{"uv":[7.8125,8.5625,7.984375,8.75],"rotation":0,"texture":"#0","tintindex":0},"up":{"uv":[8.796875,7.578125,8.625,7.40625],"rotation":0,"texture":"#0","tintindex":0},"down":{"uv":[8.828125,0.71875,8.65625,0.890625],"rotation":0,"texture":"#0","tintindex":0}}},{"from":[6.2576,-2.663416,1.2369838],"to":[9.7424,0.82138395,8.980984],"rotation":{"angle":0.0,"axis":"y","origin":[8.0,-0.92101574,5.108984]},"faces":{"east":{"uv":[1.46875,8.40625,1.609375,8.71875],"rotation":90,"texture":"#0","tintindex":0},"south":{"uv":[8.953125,7.3125,8.8125,7.453125],"rotation":0,"texture":"#0","tintindex":0},"north":{"uv":[7.171875,8.953125,7.03125,8.8125],"rotation":180,"texture":"#0","tintindex":0},"west":{"uv":[4.5,8.40625,4.640625,8.71875],"rotation":270,"texture":"#0","tintindex":0},"up":{"uv":[1.625,8.40625,1.765625,8.71875],"rotation":0,"texture":"#0","tintindex":0},"down":{"uv":[8.375,4.15625,8.515625,4.46875],"rotation":180,"texture":"#0","tintindex":0}}},{"from":[5.4832,1.9268599,2.7032318],"to":[10.5168,8.896461,7.7368317],"rotation":{"angle":45.0,"axis":"x","origin":[8.0,5.41166,5.2200317]},"faces":{"east":{"uv":[2.4375,8.21875,2.640625,8.5],"rotation":0,"texture":"#0","tintindex":0},"south":{"uv":[8.21875,2.5625,8.421875,2.84375],"rotation":0,"texture":"#0","tintindex":0},"north":{"uv":[2.21875,8.21875,2.421875,8.5],"rotation":0,"texture":"#0","tintindex":0},"west":{"uv":[2.65625,8.21875,2.859375,8.5],"rotation":0,"texture":"#0","tintindex":0},"up":{"uv":[8.609375,4.671875,8.40625,4.46875],"rotation":0,"texture":"#0","tintindex":0},"down":{"uv":[8.609375,6.25,8.40625,6.453125],"rotation":0,"texture":"#0","tintindex":0}}}],"textures":{"0":"modelengine:entity/voiddragon"},"display":{"head":{"translation":[0.0,-6.4,0.0],"scale":[4.0,4.0,4.0]}}}