{"elements":[{"from":[7.2256,11.547932,8.768],"to":[8.7744,15.807132,19.9968],"rotation":{"angle":0.0,"axis":"y","origin":[8.0,13.677532,14.3824]},"faces":{"east":{"uv":[8.03125,1.875,8.484375,2.046875],"rotation":0,"texture":"#0","tintindex":0},"south":{"uv":[4.125,8.875,4.1875,9.046875],"rotation":0,"texture":"#0","tintindex":0},"north":{"uv":[0.9375,8.875,1.0,9.046875],"rotation":0,"texture":"#0","tintindex":0},"west":{"uv":[8.03125,5.53125,8.484375,5.703125],"rotation":0,"texture":"#0","tintindex":0},"up":{"uv":[7.3125,8.859375,7.25,8.40625],"rotation":0,"texture":"#0","tintindex":0},"down":{"uv":[4.25,8.4375,4.1875,8.890625],"rotation":0,"texture":"#0","tintindex":0}}},{"from":[5.2896,7.2887316,8.768],"to":[10.7104,11.547932,19.9968],"rotation":{"angle":0.0,"axis":"y","origin":[8.0,9.418331,14.3824]},"faces":{"east":{"uv":[7.8125,2.375,8.265625,2.546875],"rotation":0,"texture":"#0","tintindex":0},"south":{"uv":[3.0625,8.53125,3.28125,8.703125],"rotation":0,"texture":"#0","tintindex":0},"north":{"uv":[8.53125,2.84375,8.75,3.015625],"rotation":0,"texture":"#0","tintindex":0},"west":{"uv":[8.03125,1.03125,8.484375,1.203125],"rotation":0,"texture":"#0","tintindex":0},"up":{"uv":[7.25,7.984375,7.03125,7.53125],"rotation":0,"texture":"#0","tintindex":0},"down":{"uv":[7.46875,7.53125,7.25,7.984375],"rotation":0,"texture":"#0","tintindex":0}}},{"from":[6.083458,5.3721895,8.74864],"to":[9.916542,9.205274,20.01616],"rotation":{"angle":45.0,"axis":"z","origin":[8.0,7.2887316,14.3824]},"faces":{"east":{"uv":[2.21875,8.0625,2.671875,8.21875],"rotation":0,"texture":"#0","tintindex":0},"south":{"uv":[0.65625,8.75,0.8125,8.90625],"rotation":0,"texture":"#0","tintindex":0},"north":{"uv":[8.75,0.0,8.90625,0.15625],"rotation":0,"texture":"#0","tintindex":0},"west":{"uv":[2.6875,8.0625,3.140625,8.21875],"rotation":0,"texture":"#0","tintindex":0},"up":{"uv":[3.3125,8.515625,3.15625,8.0625],"rotation":0,"texture":"#0","tintindex":0},"down":{"uv":[3.46875,8.0625,3.3125,8.515625],"rotation":0,"texture":"#0","tintindex":0}}},{"from":[6.3572493,6.0331807,19.20304],"to":[9.642751,9.318682,29.696161],"rotation":{"angle":45.0,"axis":"z","origin":[8.0,7.6759315,24.4496]},"faces":{"east":{"uv":[8.15625,3.6875,8.578125,3.8125],"rotation":0,"texture":"#0","tintindex":0},"south":{"uv":[8.875,1.53125,9.0,1.65625],"rotation":0,"texture":"#0","tintindex":0},"north":{"uv":[8.875,1.03125,9.0,1.15625],"rotation":0,"texture":"#0","tintindex":0},"west":{"uv":[8.25,1.5625,8.671875,1.6875],"rotation":0,"texture":"#0","tintindex":0},"up":{"uv":[4.375,8.671875,4.25,8.25],"rotation":0,"texture":"#0","tintindex":0},"down":{"uv":[4.5,8.25,4.375,8.671875],"rotation":0,"texture":"#0","tintindex":0}}},{"from":[5.6768,7.6759315,19.2224],"to":[10.3232,11.160731,29.6768],"rotation":{"angle":0.0,"axis":"y","origin":[8.0,9.418331,24.4496]},"faces":{"east":{"uv":[7.875,8.125,8.296875,8.265625],"rotation":0,"texture":"#0","tintindex":0},"south":{"uv":[5.875,8.71875,6.0625,8.859375],"rotation":0,"texture":"#0","tintindex":0},"north":{"uv":[8.6875,1.53125,8.875,1.671875],"rotation":0,"texture":"#0","tintindex":0},"west":{"uv":[8.15625,0.1875,8.578125,0.328125],"rotation":0,"texture":"#0","tintindex":0},"up":{"uv":[6.9375,8.328125,6.75,7.90625],"rotation":0,"texture":"#0","tintindex":0},"down":{"uv":[7.875,7.90625,7.6875,8.328125],"rotation":0,"texture":"#0","tintindex":0}}},{"from":[2.5791998,9.224731,19.2224],"to":[13.4208,9.224731,32.0],"rotation":{"angle":0.0,"axis":"y","origin":[8.0,9.224731,25.6112]},"faces":{"east":{"uv":[0.0,0.0,0.515625,0.0],"rotation":0,"texture":"#0","tintindex":0},"south":{"uv":[0.0,0.0,0.4375,0.0],"rotation":0,"texture":"#0","tintindex":0},"north":{"uv":[0.0,0.0,0.4375,0.0],"rotation":0,"texture":"#0","tintindex":0},"west":{"uv":[0.0,0.0,0.515625,0.0],"rotation":0,"texture":"#0","tintindex":0},"up":{"uv":[7.1875,4.390625,6.75,3.875],"rotation":0,"texture":"#0","tintindex":0},"down":{"uv":[7.1875,3.875,6.75,4.390625],"rotation":0,"texture":"#0","tintindex":0}}},{"from":[8.0,11.160731,19.2224],"to":[8.0,15.419931,32.0],"rotation":{"angle":0.0,"axis":"y","origin":[8.0,13.290332,25.6112]},"faces":{"east":{"uv":[8.203125,0.0,7.6875,0.171875],"rotation":0,"texture":"#0","tintindex":0},"south":{"uv":[0.0,0.0,0.0,0.171875],"rotation":0,"texture":"#0","tintindex":0},"north":{"uv":[0.0,0.0,0.0,0.171875],"rotation":0,"texture":"#0","tintindex":0},"west":{"uv":[7.6875,0.0,8.203125,0.171875],"rotation":0,"texture":"#0","tintindex":0},"up":{"uv":[0.0,0.515625,0.0,0.0],"rotation":0,"texture":"#0","tintindex":0},"down":{"uv":[0.0,0.0,0.0,0.515625],"rotation":0,"texture":"#0","tintindex":0}}},{"from":[4.5151997,6.901531,0.24959898],"to":[11.4848,11.935131,10.316799],"rotation":{"angle":0.0,"axis":"y","origin":[8.0,9.418331,5.2831993]},"faces":{"east":{"uv":[7.71875,6.25,8.125,6.453125],"rotation":0,"texture":"#0","tintindex":0},"south":{"uv":[5.46875,8.21875,5.75,8.421875],"rotation":0,"texture":"#0","tintindex":0},"north":{"uv":[8.1875,7.6875,8.46875,7.890625],"rotation":0,"texture":"#0","tintindex":0},"west":{"uv":[7.78125,7.46875,8.1875,7.671875],"rotation":0,"texture":"#0","tintindex":0},"up":{"uv":[7.625,6.25,7.34375,5.84375],"rotation":0,"texture":"#0","tintindex":0},"down":{"uv":[7.8125,2.71875,7.53125,3.125],"rotation":0,"texture":"#0","tintindex":0}}},{"from":[6.8384,11.935131,0.24959898],"to":[9.1616,16.96873,10.316799],"rotation":{"angle":0.0,"axis":"y","origin":[8.0,14.451932,5.2831993]},"faces":{"east":{"uv":[7.78125,7.6875,8.1875,7.890625],"rotation":0,"texture":"#0","tintindex":0},"south":{"uv":[8.375,8.84375,8.46875,9.046875],"rotation":0,"texture":"#0","tintindex":0},"north":{"uv":[8.28125,8.84375,8.375,9.046875],"rotation":0,"texture":"#0","tintindex":0},"west":{"uv":[7.8125,2.15625,8.21875,2.359375],"rotation":0,"texture":"#0","tintindex":0},"up":{"uv":[5.75,8.84375,5.65625,8.4375],"rotation":0,"texture":"#0","tintindex":0},"down":{"uv":[2.6875,8.5,2.59375,8.90625],"rotation":0,"texture":"#0","tintindex":0}}},{"from":[5.5358744,4.4374056,0.23023891],"to":[10.464126,9.365657,10.33616],"rotation":{"angle":45.0,"axis":"z","origin":[8.0,6.901531,5.2831993]},"faces":{"east":{"uv":[7.8125,2.71875,8.21875,2.921875],"rotation":0,"texture":"#0","tintindex":0},"south":{"uv":[1.25,8.4375,1.453125,8.640625],"rotation":0,"texture":"#0","tintindex":0},"north":{"uv":[1.03125,8.4375,1.234375,8.640625],"rotation":0,"texture":"#0","tintindex":0},"west":{"uv":[7.8125,2.9375,8.21875,3.140625],"rotation":0,"texture":"#0","tintindex":0},"up":{"uv":[7.671875,8.25,7.46875,7.84375],"rotation":0,"texture":"#0","tintindex":0},"down":{"uv":[8.109375,4.34375,7.90625,4.75],"rotation":0,"texture":"#0","tintindex":0}}}],"textures":{"0":"modelengine:entity/voiddragon"},"display":{"head":{"translation":[0.0,-6.4,24.294586],"scale":[4.0,4.0,4.0]}}}