{"model":{"type":"range_dispatch","property":"custom_model_data","index":0,"fallback":{"on_true":{"model":"item/fishing_rod_cast","type":"model"},"type":"condition","property":"fishing_rod/cast","on_false":{"model":"item/fishing_rod","type":"model"}},"entries":[{"threshold":10013,"model":{"on_true":{"model":"fishing_pack:rods/copper_fishing_rod_cast","type":"model"},"type":"minecraft:condition","property":"fishing_rod/cast","on_false":{"model":"fishing_pack:rods/copper_fishing_rod","type":"model"},"model":"fishing_pack:rods/copper_fishing_rod"}},{"threshold":10014,"model":{"on_true":{"model":"fishing_pack:rods/amethyst_fishing_rod_cast","type":"model"},"type":"minecraft:condition","property":"fishing_rod/cast","on_false":{"model":"fishing_pack:rods/amethyst_fishing_rod","type":"model"},"model":"fishing_pack:rods/amethyst_fishing_rod"}},{"threshold":10015,"model":{"on_true":{"model":"fishing_pack:rods/coral_fishing_rod_cast","type":"model"},"type":"minecraft:condition","property":"fishing_rod/cast","on_false":{"model":"fishing_pack:rods/coral_fishing_rod","type":"model"},"model":"fishing_pack:rods/coral_fishing_rod"}},{"threshold":10016,"model":{"on_true":{"model":"fishing_pack:rods/diamond_fishing_rod_cast","type":"model"},"type":"minecraft:condition","property":"fishing_rod/cast","on_false":{"model":"fishing_pack:rods/diamond_fishing_rod","type":"model"},"model":"fishing_pack:rods/diamond_fishing_rod"}},{"threshold":10017,"model":{"on_true":{"model":"fishing_pack:rods/end_fishing_rod_cast","type":"model"},"type":"minecraft:condition","property":"fishing_rod/cast","on_false":{"model":"fishing_pack:rods/end_fishing_rod","type":"model"},"model":"fishing_pack:rods/end_fishing_rod"}},{"threshold":10018,"model":{"on_true":{"model":"fishing_pack:rods/gemstone_fishing_rod_cast","type":"model"},"type":"minecraft:condition","property":"fishing_rod/cast","on_false":{"model":"fishing_pack:rods/gemstone_fishing_rod","type":"model"},"model":"fishing_pack:rods/gemstone_fishing_rod"}},{"threshold":10019,"model":{"on_true":{"model":"fishing_pack:rods/golden_fishing_rod_cast","type":"model"},"type":"minecraft:condition","property":"fishing_rod/cast","on_false":{"model":"fishing_pack:rods/golden_fishing_rod","type":"model"},"model":"fishing_pack:rods/golden_fishing_rod"}},{"threshold":10020,"model":{"on_true":{"model":"fishing_pack:rods/ice_fishing_rod_cast","type":"model"},"type":"minecraft:condition","property":"fishing_rod/cast","on_false":{"model":"fishing_pack:rods/ice_fishing_rod","type":"model"},"model":"fishing_pack:rods/ice_fishing_rod"}},{"threshold":10021,"model":{"on_true":{"model":"fishing_pack:rods/iron_fishing_rod_cast","type":"model"},"type":"minecraft:condition","property":"fishing_rod/cast","on_false":{"model":"fishing_pack:rods/iron_fishing_rod","type":"model"},"model":"fishing_pack:rods/iron_fishing_rod"}},{"threshold":10022,"model":{"on_true":{"model":"fishing_pack:rods/magma_fishing_rod_cast","type":"model"},"type":"minecraft:condition","property":"fishing_rod/cast","on_false":{"model":"fishing_pack:rods/magma_fishing_rod","type":"model"},"model":"fishing_pack:rods/magma_fishing_rod"}},{"threshold":10023,"model":{"on_true":{"model":"fishing_pack:rods/molten_fishing_rod_cast","type":"model"},"type":"minecraft:condition","property":"fishing_rod/cast","on_false":{"model":"fishing_pack:rods/molten_fishing_rod","type":"model"},"model":"fishing_pack:rods/molten_fishing_rod"}},{"threshold":10024,"model":{"on_true":{"model":"fishing_pack:rods/nether_fishing_rod_cast","type":"model"},"type":"minecraft:condition","property":"fishing_rod/cast","on_false":{"model":"fishing_pack:rods/nether_fishing_rod","type":"model"},"model":"fishing_pack:rods/nether_fishing_rod"}},{"threshold":10025,"model":{"on_true":{"model":"fishing_pack:rods/netherite_fishing_rod_cast","type":"model"},"type":"minecraft:condition","property":"fishing_rod/cast","on_false":{"model":"fishing_pack:rods/netherite_fishing_rod","type":"model"},"model":"fishing_pack:rods/netherite_fishing_rod"}},{"threshold":10026,"model":{"on_true":{"model":"fishing_pack:rods/prismarine_fishing_rod_cast","type":"model"},"type":"minecraft:condition","property":"fishing_rod/cast","on_false":{"model":"fishing_pack:rods/prismarine_fishing_rod","type":"model"},"model":"fishing_pack:rods/prismarine_fishing_rod"}},{"threshold":10027,"model":{"on_true":{"model":"fishing_pack:rods/sculk_fishing_rod_cast","type":"model"},"type":"minecraft:condition","property":"fishing_rod/cast","on_false":{"model":"fishing_pack:rods/sculk_fishing_rod","type":"model"},"model":"fishing_pack:rods/sculk_fishing_rod"}},{"threshold":10028,"model":{"on_true":{"model":"fishing_pack:rods/slime_fishing_rod_cast","type":"model"},"type":"minecraft:condition","property":"fishing_rod/cast","on_false":{"model":"fishing_pack:rods/slime_fishing_rod","type":"model"},"model":"fishing_pack:rods/slime_fishing_rod"}},{"threshold":10031,"model":{"on_true":{"model":"littlesharkset:fishing_rod_cast","type":"model"},"type":"minecraft:condition","property":"fishing_rod/cast","on_false":{"model":"littlesharkset:fishing_rod","type":"model"},"model":"littlesharkset:fishing_rod"}},{"threshold":10036,"model":{"on_true":{"model":"void_dragon_set:void_dragon_set/fishing_rod_cast","type":"model"},"type":"minecraft:condition","property":"fishing_rod/cast","on_false":{"model":"void_dragon_set:void_dragon_set/fishing_rod","type":"model"},"model":"void_dragon_set:void_dragon_set/fishing_rod"}},{"threshold":10042,"model":{"on_true":{"model":"enderdragonset:fishing_rod_cast","type":"model"},"type":"minecraft:condition","property":"fishing_rod/cast","on_false":{"model":"enderdragonset:fishing_rod","type":"model"},"model":"enderdragonset:fishing_rod"}},{"threshold":10047,"model":{"on_true":{"model":"plny_spectral_corsair:fishing_rod_cast","type":"model"},"type":"minecraft:condition","property":"fishing_rod/cast","on_false":{"model":"plny_spectral_corsair:fishing_rod","type":"model"},"model":"plny_spectral_corsair:fishing_rod"}},{"threshold":10048,"model":{"on_true":{"model":"item/fishing_rod_cast","type":"model"},"type":"model","property":"fishing_rod/cast","on_false":{"model":"item/fishing_rod","type":"model"},"model":"item/fishing_rod"}}]}}