{"model":{"type":"range_dispatch","property":"custom_model_data","index":0,"fallback":{"type":"model","model":"item/iron_sword"},"entries":[{"threshold":1499001,"model":{"type":"model","model":"summerwatergunspack:watergun_1"}},{"threshold":1499002,"model":{"type":"model","model":"summerwatergunspack:watergun_2"}},{"threshold":1499003,"model":{"type":"model","model":"summerwatergunspack:watergun_3"}},{"threshold":1499004,"model":{"type":"model","model":"summerwatergunspack:watergun_4"}},{"threshold":1499005,"model":{"type":"model","model":"summerwatergunspack:watergun_5"}},{"threshold":1499006,"model":{"type":"model","model":"summerwatergunspack:watergun_6"}},{"threshold":1499007,"model":{"type":"model","model":"item/iron_sword"}}]}}