{"textures":{"0":"modelengine:entity/ender_clam"},"elements":[{"from":[2.0,8.0,-2.0],"to":[14.0,12.0,8.0],"faces":{"east":{"uv":[7.0,3.0,9.5,4.0],"tintindex":-2,"rotation":0,"texture":"#0"},"south":{"uv":[0.0,6.0,3.0,7.0],"tintindex":-2,"rotation":0,"texture":"#0"},"north":{"uv":[3.75,5.5,6.75,6.5],"tintindex":-2,"rotation":0,"texture":"#0"},"west":{"uv":[7.0,4.25,9.5,5.25],"tintindex":-2,"rotation":0,"texture":"#0"},"up":{"uv":[6.75,2.5,3.75,0.0],"tintindex":-2,"rotation":0,"texture":"#0"},"down":{"uv":[6.75,2.75,3.75,5.25],"tintindex":-2,"rotation":0,"texture":"#0"}}}],"display":{"gui":{"rotation":[30,225,0]}}}