{"textures":{"0":"modelengine:entity/lostasset_mob5_crystalhc","particle":"#0"},"elements":[{"from":[2.6,4.0,3.1],"to":[12.200001,11.2,10.3],"faces":{"east":{"uv":[12.0,0.0,13.5,1.5],"tintindex":0,"rotation":0,"texture":"#0"},"south":{"uv":[5.0,10.75,7.0,12.25],"tintindex":0,"rotation":0,"texture":"#0"},"north":{"uv":[9.0,10.5,11.0,12.0],"tintindex":0,"rotation":0,"texture":"#0"},"west":{"uv":[12.0,1.5,13.5,3.0],"tintindex":0,"rotation":0,"texture":"#0"},"up":{"uv":[9.0,12.25,7.0,10.75],"tintindex":0,"rotation":0,"texture":"#0"},"down":{"uv":[13.0,10.5,11.0,12.0],"tintindex":0,"rotation":0,"texture":"#0"}}},{"from":[7.4,5.8,3.1],"to":[7.43,27.400002,23.5],"faces":{"east":{"uv":[0.0,0.0,4.25,4.5],"tintindex":0,"rotation":0,"texture":"#0"},"west":{"uv":[4.25,0.0,8.5,4.5],"tintindex":0,"rotation":0,"texture":"#0"}},"rotation":{"origin":[7.4,16.599998,13.3],"angle":-45.0,"axis":"x"}},{"from":[-1.0,5.2000003,-5.3],"to":[15.799999,5.2000003,5.5],"faces":{"up":{"uv":[12.0,2.25,8.5,0.0],"tintindex":0,"rotation":0,"texture":"#0"},"down":{"uv":[12.0,0.0,8.5,2.25],"tintindex":0,"rotation":0,"texture":"#0"}},"rotation":{"origin":[7.4,5.2000003,0.10000038],"angle":-22.5,"axis":"x"}},{"from":[-3.4000006,16.57,3.1],"to":[18.2,16.599998,23.5],"faces":{"up":{"uv":[4.5,8.75,0.0,4.5],"tintindex":0,"rotation":0,"texture":"#0"},"down":{"uv":[9.0,4.5,4.5,8.75],"tintindex":0,"rotation":0,"texture":"#0"}},"rotation":{"origin":[7.4,16.599998,13.3],"angle":-45.0,"axis":"x"}},{"from":[3.2000003,10.669132,6.952444],"to":[12.8,16.669132,16.552444],"faces":{"east":{"uv":[2.0,11.25,4.0,12.5],"tintindex":0,"rotation":0,"texture":"#0"},"south":{"uv":[11.5,4.5,13.5,5.75],"tintindex":0,"rotation":0,"texture":"#0"},"north":{"uv":[0.0,11.25,2.0,12.5],"tintindex":0,"rotation":0,"texture":"#0"},"west":{"uv":[11.5,5.75,13.5,7.0],"tintindex":0,"rotation":0,"texture":"#0"},"up":{"uv":[7.0,10.75,5.0,8.75],"tintindex":0,"rotation":0,"texture":"#0"},"down":{"uv":[9.0,8.75,7.0,10.75],"tintindex":0,"rotation":0,"texture":"#0"}},"rotation":{"origin":[8.0,13.669132,11.752444],"angle":22.5,"axis":"x"}},{"from":[5.0,16.599998,8.5],"to":[12.200001,21.400002,15.7],"faces":{"east":{"uv":[9.0,12.0,10.5,13.0],"tintindex":0,"rotation":0,"texture":"#0"},"south":{"uv":[10.5,12.0,12.0,13.0],"tintindex":0,"rotation":0,"texture":"#0"},"north":{"uv":[12.0,3.0,13.5,4.0],"tintindex":0,"rotation":0,"texture":"#0"},"west":{"uv":[12.0,12.0,13.5,13.0],"tintindex":0,"rotation":0,"texture":"#0"},"up":{"uv":[13.0,8.5,11.5,7.0],"tintindex":0,"rotation":0,"texture":"#0"},"down":{"uv":[13.0,8.5,11.5,10.0],"tintindex":0,"rotation":0,"texture":"#0"}},"rotation":{"origin":[8.0,13.0,11.8],"angle":22.5,"axis":"x"}},{"from":[1.4000001,6.3715243,3.2267323],"to":[13.4,13.571525,15.226732],"faces":{"east":{"uv":[9.0,6.0,11.5,7.5],"tintindex":0,"rotation":0,"texture":"#0"},"south":{"uv":[9.0,7.5,11.5,9.0],"tintindex":0,"rotation":0,"texture":"#0"},"north":{"uv":[9.0,4.5,11.5,6.0],"tintindex":0,"rotation":0,"texture":"#0"},"west":{"uv":[9.0,9.0,11.5,10.5],"tintindex":0,"rotation":0,"texture":"#0"},"up":{"uv":[2.5,11.25,0.0,8.75],"tintindex":0,"rotation":0,"texture":"#0"},"down":{"uv":[5.0,8.75,2.5,11.25],"tintindex":0,"rotation":0,"texture":"#0"}},"rotation":{"origin":[7.4,9.971524,9.226732],"angle":45.0,"axis":"x"}}],"display":{"head":{"rotation":[0.0,0.0,0.0]},"firstperson_righthand":{"rotation":[0.0,0.0,0.0]},"thirdperson_lefthand":{"rotation":[0.0,-0.0,-0.0]},"firstperson_lefthand":{"rotation":[0.0,-0.0,-0.0]},"fixed":{"rotation":[0.0,0.0,0.0]},"ground":{"rotation":[0.0,0.0,0.0]},"thirdperson_righthand":{"rotation":[0.0,0.0,0.0]},"gui":{"rotation":[-150.0,-45.0,180.0]}}}