{"elements":[{"from":[5.942857,4.9142857,6.9714284],"to":[7.3142858,8.342857,8.342857],"rotation":{"angle":-45.0,"axis":"z","origin":[6.6285715,6.6285715,8.685715]},"faces":{"east":{"uv":[1.5,12.5,2.0,13.75],"rotation":0,"texture":"#0","tintindex":0},"south":{"uv":[2.0,12.5,2.5,13.75],"rotation":0,"texture":"#0","tintindex":0},"north":{"uv":[1.0,12.5,1.5,13.75],"rotation":0,"texture":"#0","tintindex":0},"west":{"uv":[2.5,12.5,3.0,13.75],"rotation":0,"texture":"#0","tintindex":0},"up":{"uv":[13.0,4.5,12.5,4.0],"rotation":0,"texture":"#0","tintindex":0},"down":{"uv":[5.0,12.5,4.5,13.0],"rotation":0,"texture":"#0","tintindex":0}}}],"textures":{"0":"modelengine:entity/lostasset_mob5_crystalhc"},"display":{"head":{"translation":[0.0,-6.4,0.0],"scale":[4.0,4.0,4.0]}}}