{
	"credit": "Made with Blockbench",
	"texture_size": [32, 32],
	"textures": {
		"1": "custom/elitecreatures/cursed_weapons/hoe_cursed"
	},
	"elements": [
		{
			"from": [1.86311, 14.46356, 6.75],
			"to": [5.86311, 18.46356, 9.25],
			"rotation": {"angle": 45, "axis": "z", "origin": [8, 20.60045, 8]},
			"faces": {
				"north": {"uv": [4, 0, 6, 2], "texture": "#1"},
				"east": {"uv": [6, 0, 7.25, 2], "texture": "#1"},
				"south": {"uv": [4, 2, 6, 4], "texture": "#1"},
				"west": {"uv": [6, 2, 7.25, 4], "texture": "#1"},
				"up": {"uv": [6, 7.25, 4, 6], "texture": "#1"},
				"down": {"uv": [8, 6, 6, 7.25], "texture": "#1"}
			}
		},
		{
			"from": [8.5, 11.5, 7.5],
			"to": [10.5, 13, 8.5],
			"rotation": {"angle": -22.5, "axis": "z", "origin": [10.5, 12.25, 8]},
			"faces": {
				"north": {"uv": [9, 3, 10, 3.75], "texture": "#1"},
				"east": {"uv": [11, 6, 11.5, 6.75], "texture": "#1"},
				"south": {"uv": [8, 9, 9, 9.75], "texture": "#1"},
				"west": {"uv": [7, 11, 7.5, 11.75], "texture": "#1"},
				"up": {"uv": [10, 11, 9, 10.5], "texture": "#1"},
				"down": {"uv": [11, 10.5, 10, 11], "texture": "#1"}
			}
		},
		{
			"from": [7, -8, 7.25],
			"to": [9, 13, 8.75],
			"rotation": {"angle": 0, "axis": "y", "origin": [8, 5.85045, 8]},
			"faces": {
				"north": {"uv": [0, 0, 1, 10.5], "texture": "#1"},
				"east": {"uv": [2, 0, 2.75, 10.5], "texture": "#1"},
				"south": {"uv": [1, 0, 2, 10.5], "texture": "#1"},
				"west": {"uv": [3, 0, 3.75, 10.5], "texture": "#1"},
				"up": {"uv": [10, 9.75, 9, 9], "texture": "#1"},
				"down": {"uv": [5, 9.5, 4, 10.25], "texture": "#1"}
			}
		},
		{
			"from": [6.5, -9, 6.75],
			"to": [9.5, -8, 9.25],
			"rotation": {"angle": 0, "axis": "y", "origin": [8, -8.5, 8]},
			"faces": {
				"north": {"uv": [9.5, 4, 11, 4.5], "texture": "#1"},
				"east": {"uv": [9, 10, 10.25, 10.5], "texture": "#1"},
				"south": {"uv": [9.5, 4.5, 11, 5], "texture": "#1"},
				"west": {"uv": [10, 9, 11.25, 9.5], "texture": "#1"},
				"up": {"uv": [9, 2.25, 7.5, 1], "texture": "#1"},
				"down": {"uv": [9, 2.5, 7.5, 3.75], "texture": "#1"}
			}
		},
		{
			"from": [7, -10, 7.25],
			"to": [9, -9, 8.75],
			"rotation": {"angle": 0, "axis": "y", "origin": [8, -9.5, 8]},
			"faces": {
				"north": {"uv": [10.5, 10, 11.5, 10.5], "texture": "#1"},
				"east": {"uv": [11, 7, 11.75, 7.5], "texture": "#1"},
				"south": {"uv": [11, 1, 12, 1.5], "texture": "#1"},
				"west": {"uv": [7.5, 11, 8.25, 11.5], "texture": "#1"},
				"up": {"uv": [6, 10.25, 5, 9.5], "texture": "#1"},
				"down": {"uv": [10.5, 5, 9.5, 5.75], "texture": "#1"}
			}
		},
		{
			"from": [3.5, 13.75, 7.5],
			"to": [12.5, 15.25, 8.5],
			"rotation": {"angle": 0, "axis": "z", "origin": [8, 14.75, 8]},
			"faces": {
				"north": {"uv": [4, 4, 8.5, 4.75], "texture": "#1"},
				"east": {"uv": [11, 7.5, 11.5, 8.25], "texture": "#1"},
				"south": {"uv": [4, 5, 8.5, 5.75], "texture": "#1"},
				"west": {"uv": [8.5, 11, 9, 11.75], "texture": "#1"},
				"up": {"uv": [12, 0.5, 7.5, 0], "texture": "#1"},
				"down": {"uv": [12, 0.5, 7.5, 1], "texture": "#1"}
			}
		},
		{
			"from": [13.37955, 14.17178, 7.725],
			"to": [17.37955, 15.67178, 8.275],
			"rotation": {"angle": -22.5, "axis": "z", "origin": [11.87955, 16.17178, 8]},
			"faces": {
				"north": {"uv": [4, 7.5, 6, 8.25], "texture": "#1"},
				"east": {"uv": [11.5, 8, 11.75, 8.75], "texture": "#1"},
				"south": {"uv": [6, 7.5, 8, 8.25], "texture": "#1"},
				"west": {"uv": [11.5, 10, 11.75, 10.75], "texture": "#1"},
				"up": {"uv": [12, 9.75, 10, 9.5], "texture": "#1"},
				"down": {"uv": [8, 10.5, 6, 10.75], "texture": "#1"}
			}
		},
		{
			"from": [13.78211, 10.40318, 7.75],
			"to": [14.78211, 13.40318, 8.25],
			"rotation": {"angle": 45, "axis": "z", "origin": [15.53211, 15.90318, 8.025]},
			"faces": {
				"north": {"uv": [10, 1, 10.5, 2.5], "texture": "#1"},
				"east": {"uv": [9, 11, 9.25, 12.5], "texture": "#1"},
				"south": {"uv": [10, 2.5, 10.5, 4], "texture": "#1"},
				"west": {"uv": [9.5, 11, 9.75, 12.5], "texture": "#1"},
				"up": {"uv": [12, 9.25, 11.5, 9], "texture": "#1"},
				"down": {"uv": [11.5, 11.5, 11, 11.75], "texture": "#1"}
			}
		},
		{
			"from": [13.78211, 8.40318, 8],
			"to": [14.78211, 10.40318, 8],
			"rotation": {"angle": 45, "axis": "z", "origin": [15.53211, 15.90318, 8.025]},
			"faces": {
				"north": {"uv": [11.5, 2.5, 11, 3.5], "texture": "#1"},
				"east": {"uv": [0, 0, 0, 1], "texture": "#1"},
				"south": {"uv": [11, 2.5, 11.5, 3.5], "texture": "#1"},
				"west": {"uv": [0, 0, 0, 1], "texture": "#1"},
				"up": {"uv": [0.5, 0, 0, 0], "texture": "#1"},
				"down": {"uv": [0.5, 0, 0, 0], "texture": "#1"}
			}
		},
		{
			"from": [10.47487, 16.63909, 7.525],
			"to": [12.47487, 18.13909, 8.475],
			"rotation": {"angle": 45, "axis": "z", "origin": [14.97487, 17.63909, 8]},
			"faces": {
				"north": {"uv": [10, 6, 11, 6.75], "texture": "#1"},
				"east": {"uv": [10, 11, 10.5, 11.75], "texture": "#1"},
				"south": {"uv": [10, 7, 11, 7.75], "texture": "#1"},
				"west": {"uv": [10.5, 11, 11, 11.75], "texture": "#1"},
				"up": {"uv": [12, 4, 11, 3.5], "texture": "#1"},
				"down": {"uv": [12, 4, 11, 4.5], "texture": "#1"}
			}
		},
		{
			"from": [5.5, 11.5, 7.5],
			"to": [7.5, 13, 8.5],
			"rotation": {"angle": 22.5, "axis": "z", "origin": [5.5, 12.25, 8]},
			"faces": {
				"north": {"uv": [8, 10, 9, 10.75], "texture": "#1"},
				"east": {"uv": [11, 10.5, 11.5, 11.25], "texture": "#1"},
				"south": {"uv": [10, 8, 11, 8.75], "texture": "#1"},
				"west": {"uv": [11.5, 1.5, 12, 2.25], "texture": "#1"},
				"up": {"uv": [12, 5, 11, 4.5], "texture": "#1"},
				"down": {"uv": [7, 11, 6, 11.5], "texture": "#1"}
			}
		},
		{
			"from": [14.1844, 12.67085, 7.5],
			"to": [15.1844, 15.17085, 8.5],
			"rotation": {"angle": 22.5, "axis": "z", "origin": [13.35386, 15.64765, 8]},
			"faces": {
				"north": {"uv": [0, 10.5, 0.5, 11.75], "texture": "#1"},
				"east": {"uv": [0.5, 10.5, 1, 11.75], "texture": "#1"},
				"south": {"uv": [1, 10.5, 1.5, 11.75], "texture": "#1"},
				"west": {"uv": [10.5, 1, 11, 2.25], "texture": "#1"},
				"up": {"uv": [11.5, 9, 11, 8.5], "texture": "#1"},
				"down": {"uv": [6.5, 11.5, 6, 12], "texture": "#1"}
			}
		},
		{
			"from": [11.4854, 15.10488, 7.25],
			"to": [14.9854, 16.60488, 8.75],
			"rotation": {"angle": -22.5, "axis": "z", "origin": [13.35386, 15.64765, 8]},
			"faces": {
				"north": {"uv": [8, 6, 9.75, 6.75], "texture": "#1"},
				"east": {"uv": [3, 10.5, 3.75, 11.25], "texture": "#1"},
				"south": {"uv": [8, 7, 9.75, 7.75], "texture": "#1"},
				"west": {"uv": [4, 10.5, 4.75, 11.25], "texture": "#1"},
				"up": {"uv": [9.75, 8.75, 8, 8], "texture": "#1"},
				"down": {"uv": [5.75, 8.5, 4, 9.25], "texture": "#1"}
			}
		},
		{
			"from": [10.99394, 15.74704, 7.5],
			"to": [11.99394, 17.24704, 8.5],
			"rotation": {"angle": 0, "axis": "z", "origin": [13.35386, 15.64765, 8]},
			"faces": {
				"north": {"uv": [11.5, 2.5, 12, 3.25], "texture": "#1"},
				"east": {"uv": [3, 11.5, 3.5, 12.25], "texture": "#1"},
				"south": {"uv": [3.5, 11.5, 4, 12.25], "texture": "#1"},
				"west": {"uv": [4, 11.5, 4.5, 12.25], "texture": "#1"},
				"up": {"uv": [12, 6.5, 11.5, 6], "texture": "#1"},
				"down": {"uv": [7, 11.5, 6.5, 12], "texture": "#1"}
			}
		},
		{
			"from": [2.93891, 13.26611, 7.25],
			"to": [4.43891, 16.76611, 8.75],
			"rotation": {"angle": -45, "axis": "z", "origin": [3.89614, 14.89765, 8]},
			"faces": {
				"north": {"uv": [8.5, 4, 9.25, 5.75], "texture": "#1"},
				"east": {"uv": [6, 8.5, 6.75, 10.25], "texture": "#1"},
				"south": {"uv": [7, 8.5, 7.75, 10.25], "texture": "#1"},
				"west": {"uv": [9, 1, 9.75, 2.75], "texture": "#1"},
				"up": {"uv": [5.75, 11.25, 5, 10.5], "texture": "#1"},
				"down": {"uv": [11.25, 5, 10.5, 5.75], "texture": "#1"}
			}
		},
		{
			"from": [5.25606, 14.99704, 7.5],
			"to": [6.25606, 16.49704, 8.5],
			"rotation": {"angle": 22.5, "axis": "z", "origin": [3.89614, 14.89765, 8]},
			"faces": {
				"north": {"uv": [4.5, 11.5, 5, 12.25], "texture": "#1"},
				"east": {"uv": [5, 11.5, 5.5, 12.25], "texture": "#1"},
				"south": {"uv": [11.5, 5, 12, 5.75], "texture": "#1"},
				"west": {"uv": [5.5, 11.5, 6, 12.25], "texture": "#1"},
				"up": {"uv": [12, 7, 11.5, 6.5], "texture": "#1"},
				"down": {"uv": [8, 11.5, 7.5, 12], "texture": "#1"}
			}
		},
		{
			"from": [2.0656, 11.92085, 7.5],
			"to": [3.0656, 14.42085, 8.5],
			"rotation": {"angle": 0, "axis": "z", "origin": [3.89614, 14.89765, 8]},
			"faces": {
				"north": {"uv": [1.5, 10.5, 2, 11.75], "texture": "#1"},
				"east": {"uv": [2, 10.5, 2.5, 11.75], "texture": "#1"},
				"south": {"uv": [2.5, 10.5, 3, 11.75], "texture": "#1"},
				"west": {"uv": [10.5, 2.5, 11, 3.75], "texture": "#1"},
				"up": {"uv": [12, 8, 11.5, 7.5], "texture": "#1"},
				"down": {"uv": [8.5, 11.5, 8, 12], "texture": "#1"}
			}
		}
	],
	"display": {
		"thirdperson_righthand": {
			"rotation": [0, 90, 0],
			"translation": [0, 6.5, 1.5],
			"scale": [0.73, 0.71, 0.7]
		},
		"thirdperson_lefthand": {
			"rotation": [0, -90.5, 0],
			"translation": [0, 6.5, 1.5],
			"scale": [0.73, 0.71, 0.7]
		},
		"firstperson_righthand": {
			"rotation": [0, 90, 0],
			"translation": [3.25, 9, 0],
			"scale": [0.78, 0.78, 0.78]
		},
		"firstperson_lefthand": {
			"rotation": [0, -90, 0],
			"translation": [3.25, 9, 0],
			"scale": [0.78, 0.78, 0.78]
		},
		"ground": {
			"rotation": [90, 0, 0],
			"scale": [0.63, 0.62, 0.64]
		},
		"gui": {
			"rotation": [0, 0, -45],
			"translation": [1, 1.5, 0],
			"scale": [0.63, 0.63, 0.62]
		},
		"fixed": {
			"translation": [0, 4, -2]
		}
	}
}