{"textures​":{"layer0":"minecraft:item/rabbit_stew"},"credit":"Made with Blockbench","texture_size":[128,128],"\u0074\u0065\u0078\u0074\u0075\u0072\u0065\u0073":{"1":"\u0063\u0072\u0061\u0074\u0065\u0073_\u0065\u0078\u0070\u0061\u006e\u0073\u0069\u006f\u006e:\u0063\u006f\u0073\u006d\u0065\u0074\u0069\u0063_\u0063\u0072\u0061\u0074\u0065","\u0070\u0061\u0072\u0074\u0069\u0063\u006c\u0065":"\u0063\u0072\u0061\u0074\u0065\u0073_\u0065\u0078\u0070\u0061\u006e\u0073\u0069\u006f\u006e:\u0063\u006f\u0073\u006d\u0065\u0074\u0069\u0063_\u0063\u0072\u0061\u0074\u0065"},"elements":[{"from":[-5,5,0],"to":[21,12,17],"rotation":{"angle":0,"axis":"y","origin":[8,0,8]},"faces":{"north":{"uv":[7,3.875,10.25,4.75],"texture":"#1"},"east":{"uv":[5,8.25,7.125,9.125],"texture":"#1"},"south":{"uv":[1.75,7.375,5,8.25],"texture":"#1"},"west":{"uv":[7.125,8.25,9.25,9.125],"texture":"#1"},"up":{"uv":[3.25,7.375,0,5.25],"texture":"#1"},"down":{"uv":[6.5,5.25,3.25,7.375],"texture":"#1"}}},{"from":[-6,2,-2],"to":[22,5,19],"rotation":{"angle":0,"axis":"y","origin":[8,0,8]},"faces":{"north":{"uv":[8.75,3.375,12.25,3.75],"texture":"#1"},"east":{"uv":[9.75,6.125,12.375,6.5],"texture":"#1"},"south":{"uv":[5,9.125,8.5,9.5],"texture":"#1"},"west":{"uv":[12.375,6.5,9.75,6.875],"texture":"#1"},"up":{"uv":[7,2.625,3.5,0],"texture":"#1"},"down":{"uv":[7,2.625,3.5,5.25],"texture":"#1"}}},{"from":[-5,-7,14],"to":[-1,-1,18],"rotation":{"angle":-22.5,"axis":"z","origin":[8,0,23]},"faces":{"north":{"uv":[3.5,10.375,4,11.125],"texture":"#1"},"east":{"uv":[4,10.375,4.5,11.125],"texture":"#1"},"south":{"uv":[4.5,10.375,5,11.125],"texture":"#1"},"west":{"uv":[10.375,7.25,10.875,8],"texture":"#1"},"up":{"uv":[7.5,11,7,10.5],"texture":"#1"},"down":{"uv":[10.25,10.5,9.75,11],"texture":"#1"}}},{"from":[-5,-7,-1],"to":[-1,-1,3],"rotation":{"angle":-22.5,"axis":"z","origin":[8,0,8]},"faces":{"north":{"uv":[3.5,10.375,4,11.125],"texture":"#1"},"east":{"uv":[4,10.375,4.5,11.125],"texture":"#1"},"south":{"uv":[4.5,10.375,5,11.125],"texture":"#1"},"west":{"uv":[10.375,7.25,10.875,8],"texture":"#1"},"up":{"uv":[7.5,11,7,10.5],"texture":"#1"},"down":{"uv":[10.25,10.5,9.75,11],"texture":"#1"}}},{"from":[17,-8,-1],"to":[21,-2,3],"rotation":{"angle":22.5,"axis":"z","origin":[8,0,8]},"faces":{"north":{"uv":[3.5,10.375,4,11.125],"texture":"#1"},"east":{"uv":[4,10.375,4.5,11.125],"texture":"#1"},"south":{"uv":[4.5,10.375,5,11.125],"texture":"#1"},"west":{"uv":[10.375,7.25,10.875,8],"texture":"#1"},"up":{"uv":[7.5,11,7,10.5],"texture":"#1"},"down":{"uv":[10.25,10.5,9.75,11],"texture":"#1"}}},{"from":[17,-8,14],"to":[21,-2,18],"rotation":{"angle":22.5,"axis":"z","origin":[8,0,23]},"faces":{"north":{"uv":[3.5,10.375,4,11.125],"texture":"#1"},"east":{"uv":[4,10.375,4.5,11.125],"texture":"#1"},"south":{"uv":[4.5,10.375,5,11.125],"texture":"#1"},"west":{"uv":[10.375,7.25,10.875,8],"texture":"#1"},"up":{"uv":[7.5,11,7,10.5],"texture":"#1"},"down":{"uv":[10.25,10.5,9.75,11],"texture":"#1"}}},{"from":[-6,10,-2],"to":[22,13,19],"rotation":{"angle":0,"axis":"y","origin":[8,0,8]},"faces":{"north":{"uv":[7,4.75,10.5,5.125],"texture":"#1"},"east":{"uv":[9.25,8.25,11.875,8.625],"texture":"#1"},"south":{"uv":[8.75,3,12.25,3.375],"texture":"#1"},"west":{"uv":[11.875,8.625,9.25,9],"texture":"#1"},"up":{"uv":[3.5,2.625,0,0],"texture":"#1"},"down":{"uv":[3.5,2.625,0,5.25],"texture":"#1"}}},{"from":[4,9,-3],"to":[12,14,-1],"rotation":{"angle":0,"axis":"y","origin":[8,0,8]},"faces":{"north":{"uv":[10.25,0.75,11.25,1.375],"texture":"#1"},"east":{"uv":[0.75,10.75,1,11.375],"texture":"#1"},"south":{"uv":[10.25,1.375,11.25,2],"texture":"#1"},"west":{"uv":[1,10.75,1.25,11.375],"texture":"#1"},"up":{"uv":[11.375,8.25,10.375,8],"texture":"#1"},"down":{"uv":[11.25,10.5,10.25,10.75],"texture":"#1"}}},{"from":[6,7,-2.3],"to":[10,9,-2],"rotation":{"angle":0,"axis":"y","origin":[8,0,8]},"faces":{"north":{"uv":[5.5,10.875,6,11.125],"texture":"#1"},"east":{"uv":[10.25,4.5,10.375,4.75],"texture":"#1"},"south":{"uv":[6,10.875,6.5,11.125],"texture":"#1"},"west":{"uv":[10.375,4.5,10.5,4.75],"texture":"#1"},"up":{"uv":[9.5,11,9,10.875],"texture":"#1"},"down":{"uv":[11.375,10.75,10.875,10.875],"texture":"#1"}}},{"from":[5,6,-2],"to":[11,9,-1],"rotation":{"angle":0,"axis":"y","origin":[8,0,8]},"faces":{"north":{"uv":[5.5,10.5,6.25,10.875],"texture":"#1"},"east":{"uv":[9.5,10.875,9.625,11.25],"texture":"#1"},"south":{"uv":[6.25,10.5,7,10.875],"texture":"#1"},"west":{"uv":[9.625,10.875,9.75,11.25],"texture":"#1"},"up":{"uv":[9.5,3.875,8.75,3.75],"texture":"#1"},"down":{"uv":[10.25,3.75,9.5,3.875],"texture":"#1"}}},{"from":[-2,13,-1],"to":[2,20,0],"rotation":{"angle":0,"axis":"z","origin":[8,0,8]},"faces":{"north":{"uv":[1.25,10.375,1.75,11.25],"texture":"#1"},"east":{"uv":[6.5,10.875,6.625,11.75],"texture":"#1"},"south":{"uv":[1.75,10.375,2.25,11.25],"texture":"#1"},"west":{"uv":[6.625,10.875,6.75,11.75],"texture":"#1"},"up":{"uv":[9.75,9.125,9.25,9],"texture":"#1"}}},{"from":[-2,19,0],"to":[2,20,17],"rotation":{"angle":0,"axis":"z","origin":[8,0,8]},"faces":{"north":{"uv":[10.875,7.625,11.375,7.75],"texture":"#1"},"east":{"uv":[7,5.125,9.125,5.25],"texture":"#1"},"south":{"uv":[10.875,7.75,11.375,7.875],"texture":"#1"},"west":{"uv":[10.25,2,12.375,2.125],"texture":"#1"},"up":{"uv":[8,11.625,7.5,9.5],"texture":"#1"},"down":{"uv":[8.5,9.5,8,11.625],"texture":"#1"}}},{"from":[14,13,-1],"to":[18,20,0],"rotation":{"angle":0,"axis":"z","origin":[8,0,8]},"faces":{"north":{"uv":[1.25,10.375,1.75,11.25],"texture":"#1"},"east":{"uv":[6.5,10.875,6.625,11.75],"texture":"#1"},"south":{"uv":[1.75,10.375,2.25,11.25],"texture":"#1"},"west":{"uv":[6.625,10.875,6.75,11.75],"texture":"#1"},"up":{"uv":[9.75,9.125,9.25,9],"texture":"#1"}}},{"from":[14,19,0],"to":[18,20,17],"rotation":{"angle":0,"axis":"z","origin":[8,0,8]},"faces":{"north":{"uv":[10.875,7.625,11.375,7.75],"texture":"#1"},"east":{"uv":[7,5.125,9.125,5.25],"texture":"#1"},"south":{"uv":[10.875,7.75,11.375,7.875],"texture":"#1"},"west":{"uv":[10.25,2,12.375,2.125],"texture":"#1"},"up":{"uv":[8,11.625,7.5,9.5],"texture":"#1"},"down":{"uv":[8.5,9.5,8,11.625],"texture":"#1"}}},{"from":[14,13,17],"to":[18,20,18],"rotation":{"angle":0,"axis":"z","origin":[8,0,8]},"faces":{"north":{"uv":[1.25,10.375,1.75,11.25],"texture":"#1"},"east":{"uv":[6.5,10.875,6.625,11.75],"texture":"#1"},"south":{"uv":[1.75,10.375,2.25,11.25],"texture":"#1"},"west":{"uv":[6.625,10.875,6.75,11.75],"texture":"#1"},"up":{"uv":[9.75,9.125,9.25,9],"texture":"#1"}}},{"from":[-2,13,17],"to":[2,20,18],"rotation":{"angle":0,"axis":"z","origin":[8,0,8]},"faces":{"north":{"uv":[1.25,10.375,1.75,11.25],"texture":"#1"},"east":{"uv":[6.5,10.875,6.625,11.75],"texture":"#1"},"south":{"uv":[1.75,10.375,2.25,11.25],"texture":"#1"},"west":{"uv":[6.625,10.875,6.75,11.75],"texture":"#1"},"up":{"uv":[9.75,9.125,9.25,9],"texture":"#1"}}},{"from":[-5,12,0],"to":[21,19,17],"rotation":{"angle":0,"axis":"y","origin":[8,0,8]},"faces":{"north":{"uv":[5,7.375,8.25,8.25],"texture":"#1"},"east":{"uv":[8.25,7.375,10.375,8.25],"texture":"#1"},"south":{"uv":[1.75,8.25,5,9.125],"texture":"#1"},"west":{"uv":[8.75,2.125,10.875,3],"texture":"#1"},"up":{"uv":[9.75,7.375,6.5,5.25],"texture":"#1"},"down":{"uv":[10.25,0,7,2.125],"texture":"#1"}}},{"from":[14,20,6],"to":[18,21,11],"rotation":{"angle":0,"axis":"z","origin":[8,0,8]},"faces":{"north":{"uv":[10.875,7.875,11.375,8],"texture":"#1"},"east":{"uv":[9.125,5.125,9.75,5.25],"texture":"#1"},"south":{"uv":[8.5,10.875,9,11],"texture":"#1"},"west":{"uv":[9.75,7.25,10.375,7.375],"texture":"#1"},"up":{"uv":[11,5.125,10.5,4.5],"texture":"#1"},"down":{"uv":[5.5,10.5,5,11.125],"texture":"#1"}}},{"from":[15,21,7],"to":[17,21.3,10],"rotation":{"angle":0,"axis":"z","origin":[8,0,8]},"faces":{"north":{"uv":[2.625,11,2.875,11.125],"texture":"#1"},"east":{"uv":[10.875,10.875,11.25,11],"texture":"#1"},"south":{"uv":[2.875,11,3.125,11.125],"texture":"#1"},"west":{"uv":[2.25,11,2.625,11.125],"texture":"#1"},"up":{"uv":[7,11.25,6.75,10.875],"texture":"#1"},"down":{"uv":[11.125,7.25,10.875,7.625],"texture":"#1"}}},{"from":[3,19,3.4],"to":[13,22,13.4],"rotation":{"angle":0,"axis":"x","origin":[8,0,8.4]},"faces":{"north":{"uv":[9.75,6.875,11,7.25],"texture":"#1"},"east":{"uv":[10.25,3.75,11.5,4.125],"texture":"#1"},"south":{"uv":[10.25,4.125,11.5,4.5],"texture":"#1"},"west":{"uv":[0,10.375,1.25,10.75],"texture":"#1"},"up":{"uv":[1.25,10.375,0,9.125],"texture":"#1"},"down":{"uv":[2.5,9.125,1.25,10.375],"texture":"#1"}}},{"from":[1,22,1.4],"to":[15,23,15.4],"rotation":{"angle":0,"axis":"x","origin":[8,22,8.4]},"faces":{"north":{"uv":[10.875,2.5,12.625,2.625],"texture":"#1"},"east":{"uv":[10.875,2.625,12.625,2.75],"texture":"#1"},"south":{"uv":[10.875,2.75,12.625,2.875],"texture":"#1"},"west":{"uv":[10.875,2.875,12.625,3],"texture":"#1"},"up":{"uv":[8.75,3.875,7,2.125],"texture":"#1"},"down":{"uv":[1.75,7.375,0,9.125],"texture":"#1"}}},{"from":[2.8,23.8,3.2],"to":[13.2,30.2,13.6],"rotation":{"angle":0,"axis":"x","origin":[8,22,8.4]},"faces":{"north":{"uv":[9.75,9,11,9.75],"texture":"#1"},"east":{"uv":[9.75,9.75,11,10.5],"texture":"#1"},"south":{"uv":[8.5,10.125,9.75,10.875],"texture":"#1"},"west":{"uv":[10.25,0,11.5,0.75],"texture":"#1"}}},{"from":[3,23,3.4],"to":[13,31,13.4],"rotation":{"angle":0,"axis":"x","origin":[8,22,8.4]},"faces":{"north":{"uv":[8.5,9.125,9.75,10.125],"texture":"#1"},"east":{"uv":[5,9.5,6.25,10.5],"texture":"#1"},"south":{"uv":[6.25,9.5,7.5,10.5],"texture":"#1"},"west":{"uv":[9.75,5.125,11,6.125],"texture":"#1"},"up":{"uv":[3.75,10.375,2.5,9.125],"texture":"#1"},"down":{"uv":[5,9.125,3.75,10.375],"texture":"#1"}}},{"from":[4.14771,24,-0.4203],"to":[9.14771,29,2.5797],"rotation":{"angle":22.5,"axis":"y","origin":[8,22,8.4]},"faces":{"north":{"uv":[2.25,10.375,2.875,11],"texture":"#1"},"east":{"uv":[0,10.75,0.375,11.375],"texture":"#1"},"south":{"uv":[2.875,10.375,3.5,11],"texture":"#1"},"west":{"uv":[0.375,10.75,0.75,11.375],"texture":"#1"},"up":{"uv":[10.875,11.125,10.25,10.75],"texture":"#1"},"down":{"uv":[11.5,2.125,10.875,2.5],"texture":"#1"}}},{"from":[6.33022,24,-0.9],"to":[11.33022,29,2.1],"rotation":{"angle":-22.5,"axis":"y","origin":[8,22,8.4]},"faces":{"north":{"uv":[2.25,10.375,2.875,11],"texture":"#1"},"east":{"uv":[0,10.75,0.375,11.375],"texture":"#1"},"south":{"uv":[2.875,10.375,3.5,11],"texture":"#1"},"west":{"uv":[0.375,10.75,0.75,11.375],"texture":"#1"},"up":{"uv":[10.875,11.125,10.25,10.75],"texture":"#1"},"down":{"uv":[11.5,2.125,10.875,2.5],"texture":"#1"}}},{"from":[-2,20,6],"to":[2,21,11],"rotation":{"angle":0,"axis":"z","origin":[8,0,8]},"faces":{"north":{"uv":[10.875,7.875,11.375,8],"texture":"#1"},"east":{"uv":[9.125,5.125,9.75,5.25],"texture":"#1"},"south":{"uv":[8.5,10.875,9,11],"texture":"#1"},"west":{"uv":[9.75,7.25,10.375,7.375],"texture":"#1"},"up":{"uv":[11,5.125,10.5,4.5],"texture":"#1"},"down":{"uv":[5.5,10.5,5,11.125],"texture":"#1"}}},{"from":[-1,21,7],"to":[1,21.3,10],"rotation":{"angle":0,"axis":"z","origin":[8,0,8]},"faces":{"north":{"uv":[2.625,11,2.875,11.125],"texture":"#1"},"east":{"uv":[10.875,10.875,11.25,11],"texture":"#1"},"south":{"uv":[2.875,11,3.125,11.125],"texture":"#1"},"west":{"uv":[2.25,11,2.625,11.125],"texture":"#1"},"up":{"uv":[7,11.25,6.75,10.875],"texture":"#1"},"down":{"uv":[11.125,7.25,10.875,7.625],"texture":"#1"}}}],"display":{"thirdperson_righthand":{"rotation":[40,40,0],"scale":[0.2,0.2,0.2]},"thirdperson_lefthand":{"rotation":[40,40,0],"scale":[0.2,0.2,0.2]},"firstperson_righthand":{"scale":[0.4,0.4,0.4]},"firstperson_lefthand":{"scale":[0.4,0.4,0.4]},"ground":{"scale":[0.3,0.3,0.3]},"gui":{"rotation":[26,-151,0],"translation":[0.25,-0.75,0],"scale":[0.35,0.35,0.35]},"head":{"translation":[0,-23.75,0],"scale":[1.75,1.75,1.75]},"fixed":{"rotation":[-90,0,0],"translation":[0,0,-18.25],"scale":[2,2,2]}},"gui_light":"front"}