{"textures":{"0":"modelengine:entity/ender_ripper"},"elements":[{"from":[3.5,7.833332,3.516667],"to":[12.5,16.833332,12.516666],"faces":{"east":{"uv":[1.5,4.5,2.625,5.625],"tintindex":-2,"rotation":0,"texture":"#0"},"south":{"uv":[0.0,4.5,1.125,5.625],"tintindex":-2,"rotation":0,"texture":"#0"},"north":{"uv":[0.0,4.5,1.125,5.625],"tintindex":-2,"rotation":0,"texture":"#0"},"west":{"uv":[4.5,4.5,5.625,5.625],"tintindex":-2,"rotation":0,"texture":"#0"},"up":{"uv":[5.875,1.125,4.75,0.0],"tintindex":-2,"rotation":0,"texture":"#0"},"down":{"uv":[5.875,1.5,4.75,2.625],"tintindex":-2,"rotation":0,"texture":"#0"}}}],"display":{"gui":{"rotation":[30,225,0]}}}