{"elements":[{"from":[7.142857,-5.714287,6.5714283],"to":[8.857143,8.0,9.428572],"rotation":{"angle":0.0,"axis":"y","origin":[10.285714,1.9999995,8.0]},"faces":{"east":{"uv":[2.25,6.0,2.875,9.0],"rotation":0,"texture":"#0","tintindex":0},"south":{"uv":[6.75,6.25,7.125,9.25],"rotation":0,"texture":"#0","tintindex":0},"north":{"uv":[6.75,6.25,7.125,9.25],"rotation":0,"texture":"#0","tintindex":0},"west":{"uv":[2.25,6.0,2.875,9.0],"rotation":0,"texture":"#0","tintindex":0},"up":{"uv":[5.625,3.625,5.25,3.0],"rotation":0,"texture":"#0","tintindex":0},"down":{"uv":[5.625,3.75,5.25,4.375],"rotation":0,"texture":"#0","tintindex":0}}}],"textures":{"0":"modelengine:entity/ender_ripper"},"display":{"head":{"translation":[0.0,-6.4,0.0],"scale":[4.0,4.0,4.0]}}}