{"credit":"MadebyPolygonMC","texture_size":[28,28],"textures":{"1":"thunderboltset:animation_4","3":"thunderboltset:greatsword","particle":"thunderboltset:animation_4"},"elements":[{"from":[7.5,0,7.5],"to":[8.5,1,8.5],"rotation":{"angle":-45,"axis":"x","origin":[8,0.5,8]},"faces":{"north":{"uv":[7.42857,9.14286,8,9.71429],"texture":"#3"},"east":{"uv":[4,11.42857,4.57143,12],"texture":"#3"},"south":{"uv":[7.42857,12,8,12.57143],"texture":"#3"},"west":{"uv":[12,7.42857,12.57143,8],"texture":"#3"},"up":{"uv":[8.57143,12.57143,8,12],"texture":"#3"},"down":{"uv":[9.14286,12,8.57143,12.57143],"texture":"#3"}}},{"from":[7.38,0.74,7.38],"to":[8.62,1.36,8.62],"rotation":{"angle":0,"axis":"x","origin":[8,1.36,8]},"faces":{"north":{"uv":[1.14286,12.57143,1.85714,12.85714],"texture":"#3"},"east":{"uv":[2.28571,12.57143,3,12.85714],"texture":"#3"},"south":{"uv":[3.42857,12.57143,4.14286,12.85714],"texture":"#3"},"west":{"uv":[12.57143,4.57143,13.28571,4.85714],"texture":"#3"},"up":{"uv":[11.57143,7.57143,10.85714,6.85714],"texture":"#3"},"down":{"uv":[8.14286,10.85714,7.42857,11.57143],"texture":"#3"}}},{"from":[7.5,1.36,7.5],"to":[8.5,3.36,8.5],"rotation":{"angle":0,"axis":"y","origin":[6.88,-5.28,6.88]},"faces":{"north":{"uv":[4,10.28571,4.57143,11.42857],"texture":"#3"},"east":{"uv":[5.71429,10.28571,6.28571,11.42857],"texture":"#3"},"south":{"uv":[6.28571,10.28571,6.85714,11.42857],"texture":"#3"},"west":{"uv":[10.28571,9.14286,10.85714,10.28571],"texture":"#3"},"up":{"uv":[9.71429,12.57143,9.14286,12],"texture":"#3"},"down":{"uv":[12.57143,9.14286,12,9.71429],"texture":"#3"}}},{"from":[7.5,5.36,7.5],"to":[8.5,7.36,8.5],"rotation":{"angle":0,"axis":"y","origin":[6.88,-1.28,6.88]},"faces":{"north":{"uv":[2.28571,10.85714,2.85714,12],"texture":"#3"},"east":{"uv":[2.85714,10.85714,3.42857,12],"texture":"#3"},"south":{"uv":[3.42857,10.85714,4,12],"texture":"#3"},"west":{"uv":[10.85714,3.42857,11.42857,4.57143],"texture":"#3"},"up":{"uv":[10.28571,12.57143,9.71429,12],"texture":"#3"},"down":{"uv":[12.57143,9.71429,12,10.28571],"texture":"#3"}}},{"from":[7.6,3.36,7.6],"to":[8.4,5.36,8.4],"rotation":{"angle":0,"axis":"y","origin":[6.88,-3.28,6.88]},"faces":{"north":{"uv":[9.71429,10.85714,10.14286,12],"texture":"#3"},"east":{"uv":[10.28571,10.85714,10.71429,12],"texture":"#3"},"south":{"uv":[10.85714,10.28571,11.28571,11.42857],"texture":"#3"},"west":{"uv":[11.42857,0.57143,11.85714,1.71429],"texture":"#3"},"up":{"uv":[13,10.71429,12.57143,10.28571],"texture":"#3"},"down":{"uv":[13,10.85714,12.57143,11.28571],"texture":"#3"}}},{"from":[7.4,7,7],"to":[8.6,9,9],"rotation":{"angle":-45,"axis":"x","origin":[8,8,8]},"faces":{"north":{"uv":[8,8.57143,8.71429,9.71429],"texture":"#3"},"east":{"uv":[6.85714,3.42857,8,4.57143],"texture":"#3"},"south":{"uv":[9.14286,0,9.85714,1.14286],"texture":"#3"},"west":{"uv":[6.85714,4.57143,8,5.71429],"texture":"#3"},"up":{"uv":[9.85714,2.28571,9.14286,1.14286],"texture":"#3"},"down":{"uv":[9.85714,2.28571,9.14286,3.42857],"texture":"#3"}}},{"from":[7.3,7.2,7.2],"to":[8.7,8.8,8.8],"rotation":{"angle":-45,"axis":"x","origin":[8,8,8]},"faces":{"north":{"uv":[9.14286,9.14286,10,10],"texture":"#3"},"east":{"uv":[9.71429,3.42857,10.57143,4.28571],"texture":"#3"},"south":{"uv":[4.57143,9.71429,5.42857,10.57143],"texture":"#3"},"west":{"uv":[9.71429,4.57143,10.57143,5.42857],"texture":"#3"},"up":{"uv":[10.57143,6.57143,9.71429,5.71429],"texture":"#3"},"down":{"uv":[10.57143,6.85714,9.71429,7.71429],"texture":"#3"}}},{"from":[7.22,8.49633,6.44],"to":[8.78,9.27633,9.56],"rotation":{"angle":0,"axis":"y","origin":[7.22,2.33433,3.866]},"faces":{"north":{"uv":[5.71429,11.42857,6.57143,11.85714],"texture":"#3"},"east":{"uv":[7.42857,9.71429,9.14286,10.14286],"texture":"#3"},"south":{"uv":[11.42857,10.28571,12.28571,10.71429],"texture":"#3"},"west":{"uv":[9.71429,8,11.42857,8.42857],"texture":"#3"},"up":{"uv":[5.42857,6.28571,4.57143,4.57143],"texture":"#3"},"down":{"uv":[6.57143,0,5.71429,1.71429],"texture":"#3"}}},{"from":[7.22,9.06363,3.89299],"to":[8.78,9.84363,6.70799],"rotation":{"angle":22.5,"axis":"x","origin":[8,9.45363,5.14799]},"faces":{"north":{"uv":[10.85714,11.42857,11.71429,11.85714],"texture":"#3"},"east":{"uv":[2.28571,10.28571,3.85714,10.71429],"texture":"#3"},"south":{"uv":[11.42857,10.85714,12.28571,11.28571],"texture":"#3"},"west":{"uv":[10.28571,2.85714,11.85714,3.28571],"texture":"#3"},"up":{"uv":[6.57143,6.71429,5.71429,5.14286],"texture":"#3"},"down":{"uv":[5.42857,6.28571,4.57143,7.85714],"texture":"#3"}}},{"from":[7.22,10.35237,3.71401],"to":[8.78,11.13237,6.11101],"rotation":{"angle":22.5,"axis":"x","origin":[8,9.18237,4.55101]},"faces":{"north":{"uv":[12,0,12.85714,0.42857],"texture":"#3"},"east":{"uv":[10.85714,4.57143,12.28571,5],"texture":"#3"},"south":{"uv":[12,0.57143,12.85714,1],"texture":"#3"},"west":{"uv":[10.85714,5.14286,12.28571,5.57143],"texture":"#3"},"up":{"uv":[6.57143,8.28571,5.71429,6.85714],"texture":"#3"},"down":{"uv":[7.71429,5.71429,6.85714,7.14286],"texture":"#3"}}},{"from":[7.22,9.66633,6.44],"to":[8.78,10.44633,9.56],"rotation":{"angle":0,"axis":"y","origin":[7.22,2.33433,3.866]},"faces":{"north":{"uv":[12,1.14286,12.85714,1.57143],"texture":"#3"},"east":{"uv":[9.71429,8.57143,11.42857,9],"texture":"#3"},"south":{"uv":[2.28571,12,3.14286,12.42857],"texture":"#3"},"west":{"uv":[10.28571,0,12,0.42857],"texture":"#3"},"up":{"uv":[6.57143,3.42857,5.71429,1.71429],"texture":"#3"},"down":{"uv":[6.57143,3.42857,5.71429,5.14286],"texture":"#3"}}},{"from":[7.376,9.27633,6.596],"to":[8.624,9.66633,9.404],"rotation":{"angle":0,"axis":"y","origin":[7.22,2.33433,3.866]},"faces":{"north":{"uv":[12.57143,5.14286,13.28571,5.42857],"texture":"#3"},"east":{"uv":[11.42857,1.71429,13,2],"texture":"#3"},"south":{"uv":[5.71429,12.57143,6.42857,12.85714],"texture":"#3"},"west":{"uv":[11.42857,2.28571,13,2.57143],"texture":"#3"},"up":{"uv":[8.71429,3.28571,8,1.71429],"texture":"#3"},"down":{"uv":[8.71429,3.42857,8,5],"texture":"#3"}}},{"from":[7.376,9.79877,4.2215],"to":[8.624,10.18877,6.7775],"rotation":{"angle":22.5,"axis":"x","origin":[8,9.99377,5.3735]},"faces":{"north":{"uv":[12.57143,5.71429,13.28571,6],"texture":"#3"},"east":{"uv":[11.42857,3.42857,12.85714,3.71429],"texture":"#3"},"south":{"uv":[12.57143,6.28571,13.28571,6.57143],"texture":"#3"},"west":{"uv":[11.42857,4,12.85714,4.28571],"texture":"#3"},"up":{"uv":[5.28571,9.42857,4.57143,8],"texture":"#3"},"down":{"uv":[8.71429,5.14286,8,6.57143],"texture":"#3"}}},{"from":[7.22,10.35237,9.88899],"to":[8.78,11.13237,12.28599],"rotation":{"angle":-22.5,"axis":"x","origin":[8,9.18237,11.44899]},"faces":{"north":{"uv":[12,2.85714,12.85714,3.28571],"texture":"#3"},"east":{"uv":[10.85714,5.71429,12.28571,6.14286],"texture":"#3"},"south":{"uv":[3.42857,12,4.28571,12.42857],"texture":"#3"},"west":{"uv":[10.85714,6.28571,12.28571,6.71429],"texture":"#3"},"up":{"uv":[7.71429,8.85714,6.85714,7.42857],"texture":"#3"},"down":{"uv":[8.85714,0,8,1.42857],"texture":"#3"}}},{"from":[7.376,9.79877,9.2225],"to":[8.624,10.18877,11.7785],"rotation":{"angle":-22.5,"axis":"x","origin":[8,9.99377,10.6265]},"faces":{"north":{"uv":[7.42857,12.57143,8.14286,12.85714],"texture":"#3"},"east":{"uv":[11.42857,8,12.85714,8.28571],"texture":"#3"},"south":{"uv":[12.57143,7.42857,13.28571,7.71429],"texture":"#3"},"west":{"uv":[11.42857,8.57143,12.85714,8.85714],"texture":"#3"},"up":{"uv":[8.71429,8.28571,8,6.85714],"texture":"#3"},"down":{"uv":[6.42857,8.57143,5.71429,10],"texture":"#3"}}},{"from":[7.22,9.06363,9.29201],"to":[8.78,9.84363,12.10701],"rotation":{"angle":-22.5,"axis":"x","origin":[8,9.45363,10.85201]},"faces":{"north":{"uv":[5.71429,12,6.57143,12.42857],"texture":"#3"},"east":{"uv":[7.42857,10.28571,9,10.71429],"texture":"#3"},"south":{"uv":[12,6.85714,12.85714,7.28571],"texture":"#3"},"west":{"uv":[9.14286,10.28571,10.71429,10.71429],"texture":"#3"},"up":{"uv":[7.71429,1.57143,6.85714,0],"texture":"#3"},"down":{"uv":[7.71429,1.71429,6.85714,3.28571],"texture":"#3"}}},{"from":[7.8575,10.42229,6.87],"to":[8.1425,17.74229,9.13],"rotation":{"angle":0,"axis":"x","origin":[7.8375,12.1047,8.35691]},"faces":{"north":{"uv":[4.57143,10.85714,4.71429,15],"texture":"#3"},"east":{"uv":[2.28571,0,3.57143,4.14286],"texture":"#3"},"south":{"uv":[5.14286,10.85714,5.28571,15],"texture":"#3"},"west":{"uv":[4,0,5.28571,4.14286],"texture":"#3"},"up":{"uv":[12.71429,12.71429,12.57143,11.42857],"texture":"#3"},"down":{"uv":[12.14286,12.57143,12,13.85714],"texture":"#3"}}},{"from":[7.8575,17.74229,7.57137],"to":[8.1425,27.06229,9.13137],"rotation":{"angle":0,"axis":"x","origin":[7.8375,11.8247,9.05828]},"faces":{"north":{"uv":[9.14286,3.42857,9.28571,8.71429],"texture":"#3"},"east":{"uv":[2.28571,4.57143,3.14286,9.85714],"texture":"#3"},"south":{"uv":[6.85714,9.14286,7,14.42857],"texture":"#3"},"west":{"uv":[3.42857,4.57143,4.28571,9.85714],"texture":"#3"},"up":{"uv":[1.28571,14,1.14286,13.14286],"texture":"#3"},"down":{"uv":[13.28571,1.14286,13.14286,2],"texture":"#3"}}},{"from":[7.7325,13.21493,9.00118],"to":[8.2675,13.88993,9.66118],"rotation":{"angle":22.5,"axis":"x","origin":[7.8375,12.09085,8.39426]},"faces":{"north":{"uv":[1.71429,13.14286,2,13.57143],"texture":"#3"},"east":{"uv":[0,13.14286,0.42857,13.57143],"texture":"#3"},"south":{"uv":[2.28571,13.14286,2.57143,13.57143],"texture":"#3"},"west":{"uv":[13.14286,0,13.57143,0.42857],"texture":"#3"},"up":{"uv":[13.42857,2.71429,13.14286,2.28571],"texture":"#3"},"down":{"uv":[3.14286,13.14286,2.85714,13.57143],"texture":"#3"}}},{"from":[7.7325,12.76879,8.34692],"to":[8.2675,13.88879,9.00692],"rotation":{"angle":22.5,"axis":"x","origin":[7.8375,12.1047,8.4]},"faces":{"north":{"uv":[0.57143,13.14286,0.85714,13.71429],"texture":"#3"},"east":{"uv":[0,12.57143,0.42857,13.14286],"texture":"#3"},"south":{"uv":[13.14286,0.57143,13.42857,1.14286],"texture":"#3"},"west":{"uv":[0.57143,12.57143,1,13.14286],"texture":"#3"},"up":{"uv":[13.42857,3.28571,13.14286,2.85714],"texture":"#3"},"down":{"uv":[3.71429,13.14286,3.42857,13.57143],"texture":"#3"}}},{"from":[7.7325,11.41855,8.6051],"to":[8.2675,12.73855,9.2651],"rotation":{"angle":0,"axis":"x","origin":[7.8375,12.1047,8.4]},"faces":{"north":{"uv":[8.57143,12.57143,8.85714,13.28571],"texture":"#3"},"east":{"uv":[10.28571,12,10.71429,12.71429],"texture":"#3"},"south":{"uv":[9.14286,12.57143,9.42857,13.28571],"texture":"#3"},"west":{"uv":[10.85714,12,11.28571,12.71429],"texture":"#3"},"up":{"uv":[13.42857,3.85714,13.14286,3.42857],"texture":"#3"},"down":{"uv":[4.28571,13.14286,4,13.57143],"texture":"#3"}}},{"from":[7.7325,10.07229,8.32691],"to":[8.2675,11.39229,8.98691],"rotation":{"angle":-22.5,"axis":"x","origin":[7.8375,12.1047,8.4]},"faces":{"north":{"uv":[12.57143,9.14286,12.85714,9.85714],"texture":"#3"},"east":{"uv":[11.42857,12,11.85714,12.71429],"texture":"#3"},"south":{"uv":[9.71429,12.57143,10,13.28571],"texture":"#3"},"west":{"uv":[12,11.42857,12.42857,12.14286],"texture":"#3"},"up":{"uv":[13.42857,4.42857,13.14286,4],"texture":"#3"},"down":{"uv":[6,13.14286,5.71429,13.57143],"texture":"#3"}}},{"from":[7.85,17.02513,7],"to":[8.15,18.62513,8.6],"rotation":{"angle":-45,"axis":"x","origin":[8,18.02513,8]},"faces":{"north":{"uv":[6.28571,13.14286,6.42857,14],"texture":"#3"},"east":{"uv":[10.28571,0.57143,11.14286,1.42857],"texture":"#3"},"south":{"uv":[7.42857,13.14286,7.57143,14],"texture":"#3"},"west":{"uv":[10.28571,1.71429,11.14286,2.57143],"texture":"#3"},"up":{"uv":[8.14286,14,8,13.14286],"texture":"#3"},"down":{"uv":[13.28571,8,13.14286,8.85714],"texture":"#3"}}},{"from":[7.85,26.69136,7.31088],"to":[8.15,27.81636,8.43588],"rotation":{"angle":-45,"axis":"x","origin":[8,27.71636,8.33588]},"faces":{"north":{"uv":[13.14286,9.14286,13.28571,9.85714],"texture":"#3"},"east":{"uv":[8.57143,10.85714,9.28571,11.57143],"texture":"#3"},"south":{"uv":[10.28571,13.14286,10.42857,13.85714],"texture":"#3"},"west":{"uv":[10.85714,9.14286,11.57143,9.85714],"texture":"#3"},"up":{"uv":[13.28571,11,13.14286,10.28571],"texture":"#3"},"down":{"uv":[11,13.14286,10.85714,13.85714],"texture":"#3"}}},{"from":[8,10,6.1],"to":[8,32,9.9],"rotation":{"angle":0,"axis":"y","origin":[8,10,4.9]},"faces":{"north":{"uv":[0,0,0,12.57143],"texture":"#3"},"east":{"uv":[2.14286,0,0,12.57143],"texture":"#3"},"south":{"uv":[0,0,0,12.57143],"texture":"#3"},"west":{"uv":[0,0,2.14286,12.57143],"texture":"#3"},"up":{"uv":[0,2.14286,0,0],"texture":"#3"},"down":{"uv":[0,0,0,2.14286],"texture":"#3"}}},{"from":[7.35,10.81779,6.14374],"to":[7.35,21.81779,10.14374],"rotation":{"angle":0,"axis":"x","origin":[7.1,25.81779,2.89374]},"faces":{"north":{"uv":[0,0,0,12.57143],"rotation":180,"texture":"#1"},"south":{"uv":[0,12.57143,0,0],"texture":"#1"},"west":{"uv":[0,0,14.57143,5.90476],"rotation":90,"texture":"#1"},"up":{"uv":[0,0,0,4.57143],"rotation":180,"texture":"#1"},"down":{"uv":[0,0,0,4.57143],"texture":"#1"}}},{"from":[8.65,10.81779,6.14374],"to":[8.65,21.81779,10.14374],"rotation":{"angle":0,"axis":"x","origin":[8.9,25.81779,2.89374]},"faces":{"north":{"uv":[0,0,0,12.57143],"rotation":180,"texture":"#1"},"east":{"uv":[0,5.90476,14.57143,0],"rotation":90,"texture":"#1"},"south":{"uv":[0,12.57143,0,0],"texture":"#1"},"up":{"uv":[0,0,0,4.57143],"rotation":180,"texture":"#1"},"down":{"uv":[0,0,0,4.57143],"texture":"#1"}}}],"gui_light":"front","display":{"thirdperson_righthand":{"translation":[0,1,1.25]},"thirdperson_lefthand":{"translation":[0,1,1.25]},"firstperson_righthand":{"rotation":[-15,0,0],"translation":[0,0.5,0]},"firstperson_lefthand":{"rotation":[-15,0,0],"translation":[0,0.5,0]},"ground":{"translation":[0,6.25,0]},"gui":{"rotation":[90,-135,90],"translation":[-4.25,-5.25,0],"scale":[0.82031,0.82031,0.82031]},"head":{"rotation":[0,90,0],"scale":[1.5,1.5,1.5]},"fixed":{"rotation":[0,-90,0],"translation":[0,-15.5,-1.5],"scale":[2,2,2]}}}