{"model":{"type":"range_dispatch","property":"custom_model_data","index":0,"fallback":{"type":"minecraft:model","model":"minecraft:item/netherite_shovel"},"entries":[{"threshold":10031,"model":{"type":"model","model":"plny_spectral_corsair:shovel"}},{"threshold":10032,"model":{"type":"model","model":"vanilla_sets:ia_auto_gen/sculk_shovel"}},{"threshold":10033,"model":{"type":"model","model":"vanilla_sets:ia_auto_gen/crimson_shovel"}},{"threshold":10034,"model":{"type":"model","model":"vanilla_sets:ia_auto_gen/amethyst_shovel"}},{"threshold":10035,"model":{"type":"model","model":"vanilla_sets:ia_auto_gen/bone_shovel"}},{"threshold":10036,"model":{"type":"model","model":"vanilla_sets:ia_auto_gen/nautilus_shovel"}},{"threshold":17814,"model":{"type":"model","model":"twilight_of_ender:shovel"}},{"threshold":17815,"model":{"type":"model","model":"item/netherite_shovel"}}]},"oversized_in_gui":true}