{"textures​":{"layer0":"minecraft:item/light_blue_stained_glass"},"credit":"Made with Blockbench","texture_size":[64,64],"\u0074\u0065\u0078\u0074\u0075\u0072\u0065\u0073":{"0":"\u0068\u0061\u0074\u0073_\u0065\u0078\u0070\u0061\u006e\u0073\u0069\u006f\u006e:\u0073\u0074\u0072\u0061\u0077_\u0068\u0061\u0074","\u0070\u0061\u0072\u0074\u0069\u0063\u006c\u0065":"\u0068\u0061\u0074\u0073_\u0065\u0078\u0070\u0061\u006e\u0073\u0069\u006f\u006e:\u0073\u0074\u0072\u0061\u0077_\u0068\u0061\u0074"},"elements":[{"from":[4,0,5],"to":[12,5,13],"faces":{"north":{"uv":[7.5,4.5,9.5,5.75],"texture":"#0"},"east":{"uv":[3,7.75,5,9],"texture":"#0"},"south":{"uv":[8,0,10,1.25],"texture":"#0"},"west":{"uv":[8,1.25,10,2.5],"texture":"#0"},"up":{"uv":[5.5,6.5,3.5,4.5],"texture":"#0"},"down":{"uv":[7.5,4.5,5.5,6.5],"texture":"#0"}}},{"from":[1,-0.5,-1],"to":[15,-0.5,2],"rotation":{"angle":-22.5,"axis":"x","origin":[8,0,0.5]},"faces":{"north":{"uv":[0,0,3.5,0],"texture":"#0"},"east":{"uv":[0,0,0.75,0],"texture":"#0"},"south":{"uv":[0,0,3.5,0],"texture":"#0"},"west":{"uv":[0,0,0.75,0],"texture":"#0"},"up":{"uv":[9.25,4.5,5.75,3.75],"texture":"#0"},"down":{"uv":[9.25,3.75,5.75,4.5],"texture":"#0"}}},{"from":[1,0,2],"to":[15,0,16],"faces":{"north":{"uv":[0,0,3.5,0],"texture":"#0"},"east":{"uv":[0,0,3.5,0],"texture":"#0"},"south":{"uv":[0,0,3.5,0],"texture":"#0"},"west":{"uv":[0,0,3.5,0],"texture":"#0"},"up":{"uv":[3.5,3.5,0,0],"texture":"#0"},"down":{"uv":[3.5,3.5,0,7],"texture":"#0"}}},{"from":[1,-0.5,16],"to":[15,-0.5,19],"rotation":{"angle":22.5,"axis":"x","origin":[8,0,17.5]},"faces":{"north":{"uv":[0,0,3.5,0],"texture":"#0"},"east":{"uv":[0,0,0.75,0],"texture":"#0"},"south":{"uv":[0,0,3.5,0],"texture":"#0"},"west":{"uv":[0,0,0.75,0],"texture":"#0"},"up":{"uv":[3.5,7.75,0,7],"texture":"#0"},"down":{"uv":[3.5,7,0,7.75],"texture":"#0"}}},{"from":[15,0.5,2],"to":[18,0.5,16],"rotation":{"angle":22.5,"axis":"z","origin":[16.5,0,9]},"faces":{"north":{"uv":[0,0,0.75,0],"texture":"#0"},"east":{"uv":[0,0,3.5,0],"texture":"#0"},"south":{"uv":[0,0,0.75,0],"texture":"#0"},"west":{"uv":[0,0,3.5,0],"texture":"#0"},"up":{"uv":[0.75,11.25,0,7.75],"texture":"#0"},"down":{"uv":[0.75,7.75,0,11.25],"texture":"#0"}}},{"from":[-2,0.75,2],"to":[1,0.75,16],"rotation":{"angle":-22.5,"axis":"z","origin":[-1,0,9]},"faces":{"north":{"uv":[0,0,0.75,0],"texture":"#0"},"east":{"uv":[0,0,3.5,0],"texture":"#0"},"south":{"uv":[0,0,0.75,0],"texture":"#0"},"west":{"uv":[0,0,3.5,0],"texture":"#0"},"up":{"uv":[2.25,11.25,1.5,7.75],"texture":"#0"},"down":{"uv":[2.25,7.75,1.5,11.25],"texture":"#0"}}},{"from":[3.5,0,4.5],"to":[12.5,5,13.5],"faces":{"north":{"uv":[5.75,0,8,1.25],"texture":"#0","tintindex":0},"east":{"uv":[5.75,1.25,8,2.5],"texture":"#0","tintindex":0},"south":{"uv":[5.75,2.5,8,3.75],"texture":"#0","tintindex":0},"west":{"uv":[3.5,6.5,5.75,7.75],"texture":"#0","tintindex":0},"up":{"uv":[5.75,2.25,3.5,0],"texture":"#0"},"down":{"uv":[5.75,2.25,3.5,4.5],"texture":"#0"}}}],"display":{"thirdperson_righthand":{"rotation":[40,40,0],"scale":[0.5,0.5,0.5]},"thirdperson_lefthand":{"rotation":[40,40,0],"scale":[0.5,0.5,0.5]},"firstperson_righthand":{"rotation":[0,118,0],"translation":[4.2,5,-4.5],"scale":[0.7,0.7,0.7]},"firstperson_lefthand":{"rotation":[0,118,0],"translation":[4.25,5,-4.5],"scale":[0.7,0.7,0.7]},"ground":{"scale":[0.5,0.5,0.5]},"gui":{"rotation":[40,19,0],"translation":[0,4.25,0],"scale":[0.7,0.7,0.7]},"head":{"rotation":[6,0,0],"translation":[0,17.75,-0.5],"scale":[1.85,1.85,1.85]}}}