{"textures":{"0":"modelengine:entity/mantaray"},"elements":[{"from":[-8.68,5.88,-10.440001],"to":[-0.20000076,9.271999,23.48],"faces":{"east":{"uv":[5.5625,1.125,7.6875,1.3125],"tintindex":-2,"rotation":0,"texture":"#0"},"south":{"uv":[7.6875,0.75,8.1875,0.9375],"tintindex":-2,"rotation":0,"texture":"#0"},"north":{"uv":[0.25,7.6875,0.75,7.875],"tintindex":-2,"rotation":0,"texture":"#0"},"west":{"uv":[5.5625,1.3125,7.6875,1.5],"tintindex":-2,"rotation":0,"texture":"#0"},"up":{"uv":[3.4375,7.25,2.9375,5.125],"tintindex":-2,"rotation":0,"texture":"#0"},"down":{"uv":[3.9375,5.125,3.4375,7.25],"tintindex":-2,"rotation":0,"texture":"#0"}}},{"from":[4.040001,10.12,-12.559999],"to":[8.28,11.18,27.720001],"faces":{"east":{"uv":[7.0,3.625,9.5,3.6875],"tintindex":-2,"rotation":0,"texture":"#0"},"south":{"uv":[7.5625,3.1875,7.8125,3.25],"tintindex":-2,"rotation":0,"texture":"#0"},"north":{"uv":[7.5,2.125,7.75,2.1875],"tintindex":-2,"rotation":0,"texture":"#0"},"west":{"uv":[7.0,3.6875,9.5,3.75],"tintindex":-2,"rotation":0,"texture":"#0"},"up":{"uv":[2.6875,7.8125,2.4375,5.3125],"tintindex":-2,"rotation":0,"texture":"#0"},"down":{"uv":[2.9375,5.3125,2.6875,7.8125],"tintindex":-2,"rotation":0,"texture":"#0"}}},{"from":[-0.20000076,5.88,-12.559999],"to":[9.52,10.12,27.720001],"faces":{"east":{"uv":[5.3125,4.75,7.8125,5.0],"tintindex":-2,"rotation":0,"texture":"#0"},"south":{"uv":[1.0,7.125,1.8125,7.375],"tintindex":-2,"rotation":0,"texture":"#0"},"north":{"uv":[7.0625,7.0,7.875,7.25],"tintindex":-2,"rotation":0,"texture":"#0"},"west":{"uv":[5.3125,5.0,7.8125,5.25],"tintindex":-2,"rotation":0,"texture":"#0"},"up":{"uv":[1.625,5.6875,0.8125,3.1875],"tintindex":-2,"rotation":0,"texture":"#0"},"down":{"uv":[2.4375,3.1875,1.625,5.6875],"tintindex":-2,"rotation":0,"texture":"#0"}}}],"display":{"gui":{"rotation":[30,225,0]}}}