{"elements":[{"from":[7.3942857,7.3942857,5.6685715],"to":[8.605714,8.363428,26.262857],"rotation":{"angle":0.0,"axis":"y","origin":[8.0,8.0,-13.714287]},"faces":{"east":{"uv":[5.8125,6.5,8.0625,6.625],"rotation":0,"texture":"#0","tintindex":0},"south":{"uv":[5.5625,1.75,5.6875,1.875],"rotation":0,"texture":"#0","tintindex":0},"north":{"uv":[2.9375,4.9375,3.0625,5.0625],"rotation":0,"texture":"#0","tintindex":0},"west":{"uv":[5.8125,6.625,8.0625,6.75],"rotation":0,"texture":"#0","tintindex":0},"up":{"uv":[2.375,7.9375,2.25,5.6875],"rotation":0,"texture":"#0","tintindex":0},"down":{"uv":[4.3125,6.375,4.1875,8.625],"rotation":0,"texture":"#0","tintindex":0}}}],"textures":{"0":"modelengine:entity/mantaray"},"display":{"head":{"translation":[0.0,-6.4,0.0],"scale":[4.0,4.0,4.0]}}}