{"elements":[{"from":[3.2806716,4.0753756,-4.2710733],"to":[7.120672,11.115376,0.848928],"rotation":{"angle":-22.5,"axis":"y","origin":[19.2,20.8,12.8]},"faces":{"east":{"uv":[11.75,1.75,12.5,2.75],"rotation":0,"texture":"#0","tintindex":0},"south":{"uv":[6.0,12.75,6.5,13.75],"rotation":0,"texture":"#0","tintindex":0},"north":{"uv":[11.25,3.5,11.75,4.5],"rotation":0,"texture":"#0","tintindex":0},"west":{"uv":[11.75,8.75,12.5,9.75],"rotation":0,"texture":"#0","tintindex":0},"up":{"uv":[13.5,3.25,13.0,2.5],"rotation":0,"texture":"#0","tintindex":0},"down":{"uv":[3.5,13.0,3.0,13.75],"rotation":0,"texture":"#0","tintindex":0}}},{"from":[3.2806716,5.0353756,-9.391073],"to":[6.480672,10.155376,-4.2710733],"rotation":{"angle":-22.5,"axis":"y","origin":[19.2,20.8,12.8]},"faces":{"east":{"uv":[12.5,11.5,13.25,12.25],"rotation":0,"texture":"#0","tintindex":0},"south":{"uv":[13.25,0.0,13.75,0.75],"rotation":0,"texture":"#0","tintindex":0},"north":{"uv":[0.0,13.25,0.5,14.0],"rotation":0,"texture":"#0","tintindex":0},"west":{"uv":[12.5,12.25,13.25,13.0],"rotation":0,"texture":"#0","tintindex":0},"up":{"uv":[1.0,14.0,0.5,13.25],"rotation":0,"texture":"#0","tintindex":0},"down":{"uv":[13.75,1.75,13.25,2.5],"rotation":0,"texture":"#0","tintindex":0}}},{"from":[-3.759328,3.115376,0.8489437],"to":[7.120672,12.0753765,12.368944],"rotation":{"angle":-22.5,"axis":"y","origin":[19.2,20.8,12.8]},"faces":{"east":{"uv":[0.0,5.75,1.75,7.25],"rotation":0,"texture":"#0","tintindex":0},"south":{"uv":[5.75,0.0,7.5,1.5],"rotation":0,"texture":"#0","tintindex":0},"north":{"uv":[5.25,4.75,7.0,6.25],"rotation":0,"texture":"#0","tintindex":0},"west":{"uv":[1.75,5.75,3.5,7.25],"rotation":0,"texture":"#0","tintindex":0},"up":{"uv":[1.75,5.75,0.0,4.0],"rotation":0,"texture":"#0","tintindex":0},"down":{"uv":[5.75,0.0,4.0,1.75],"rotation":0,"texture":"#0","tintindex":0}}},{"from":[6.31256,4.1393757,-2.1390724],"to":[12.96856,10.859376,7.076928],"rotation":{"angle":22.5,"axis":"y","origin":[18.400002,18.063072,10.205233]},"faces":{"east":{"uv":[8.75,5.25,10.25,6.25],"rotation":0,"texture":"#0","tintindex":0},"south":{"uv":[4.0,10.5,5.0,11.5],"rotation":0,"texture":"#0","tintindex":0},"north":{"uv":[10.5,0.0,11.5,1.0],"rotation":0,"texture":"#0","tintindex":0},"west":{"uv":[9.0,0.0,10.5,1.0],"rotation":0,"texture":"#0","tintindex":0},"up":{"uv":[1.0,10.5,0.0,9.0],"rotation":0,"texture":"#0","tintindex":0},"down":{"uv":[5.0,9.0,4.0,10.5],"rotation":0,"texture":"#0","tintindex":0}}}],"textures":{"0":"modelengine:entity/lostasset_mob5_crystalsc"},"display":{"head":{"translation":[0.0,-6.4,0.0],"scale":[4.0,4.0,4.0]}}}