{"textures":{"0":"modelengine:entity/lostasset_mob5_crystalsc","particle":"#0"},"elements":[{"from":[7.104,0.79649544,-3.3631554],"to":[8.896,3.0364952,1.1168442],"faces":{"east":{"uv":[4.25,7.25,5.0,7.75],"tintindex":0,"rotation":0,"texture":"#0"},"south":{"uv":[4.0,8.5,4.25,9.0],"tintindex":0,"rotation":0,"texture":"#0"},"north":{"uv":[5.0,7.25,5.25,7.75],"tintindex":0,"rotation":0,"texture":"#0"},"west":{"uv":[7.25,4.25,8.0,4.75],"tintindex":0,"rotation":0,"texture":"#0"},"up":{"uv":[5.25,4.0,5.0,3.25],"tintindex":0,"rotation":0,"texture":"#0"},"down":{"uv":[1.25,9.0,1.0,9.75],"tintindex":0,"rotation":0,"texture":"#0"}},"rotation":{"origin":[8.0,-1.1000004,-7.3999996],"angle":-22.5,"axis":"x"}},{"from":[6.208,6.4320984,-10.579021],"to":[9.792,12.704098,-5.203022],"faces":{"east":{"uv":[10.75,1.75,11.75,2.75],"tintindex":0,"rotation":0,"texture":"#0"},"south":{"uv":[11.75,10.75,12.5,11.75],"tintindex":0,"rotation":0,"texture":"#0"},"north":{"uv":[11.75,9.75,12.5,10.75],"tintindex":0,"rotation":0,"texture":"#0"},"west":{"uv":[10.75,5.75,11.75,6.75],"tintindex":0,"rotation":0,"texture":"#0"},"up":{"uv":[12.5,12.75,11.75,11.75],"tintindex":0,"rotation":0,"texture":"#0"},"down":{"uv":[1.75,12.0,1.0,13.0],"tintindex":0,"rotation":0,"texture":"#0"}},"rotation":{"origin":[8.0,-1.1000004,-7.3999996],"angle":45.0,"axis":"x"}},{"from":[5.5360003,6.1272335,0.71232843],"to":[10.464,10.159233,8.776328],"faces":{"east":{"uv":[10.25,9.5,11.75,10.25],"tintindex":0,"rotation":0,"texture":"#0"},"south":{"uv":[12.25,0.0,13.25,0.75],"tintindex":0,"rotation":0,"texture":"#0"},"north":{"uv":[12.0,2.75,13.0,3.5],"tintindex":0,"rotation":0,"texture":"#0"},"west":{"uv":[10.25,10.25,11.75,11.0],"tintindex":0,"rotation":0,"texture":"#0"},"up":{"uv":[9.25,10.75,8.25,9.25],"tintindex":0,"rotation":0,"texture":"#0"},"down":{"uv":[10.25,9.25,9.25,10.75],"tintindex":0,"rotation":0,"texture":"#0"}}}],"display":{"head":{"rotation":[0.0,0.0,0.0]},"firstperson_righthand":{"rotation":[0.0,0.0,0.0]},"thirdperson_lefthand":{"rotation":[0.0,-0.0,-0.0]},"firstperson_lefthand":{"rotation":[0.0,-0.0,-0.0]},"fixed":{"rotation":[0.0,0.0,0.0]},"ground":{"rotation":[0.0,0.0,0.0]},"thirdperson_righthand":{"rotation":[0.0,0.0,0.0]},"gui":{"rotation":[-150.0,-45.0,180.0]}}}