{"parent​":"minecraft:item/honeycomb_block","textures​":{"layer0":"minecraft:item/skull_pottery_sherd"},"\u0070\u0061\u0072\u0065\u006e\u0074":"\u006d\u0069\u006e\u0065\u0063\u0072\u0061\u0066\u0074:\u0069\u0074\u0065\u006d/\u0067\u0065\u006e\u0065\u0072\u0061\u0074\u0065\u0064","\u0074\u0065\u0078\u0074\u0075\u0072\u0065\u0073":{"\u006c\u0061\u0079\u0065\u00720":"\u006d\u0069\u006e\u0065\u0063\u0072\u0061\u0066\u0074:\u0069\u0074\u0065\u006d/\u0074\u0072\u0069\u0064\u0065\u006e\u0074"},"overrides":[{"predicate":{"custom_model_data":50000},"model":"plny_christmas_2025_set:trident"},{"predicate":{"throwing":1,"custom_model_data":50000},"model":"plny_christmas_2025_set:trident_throwing"},{"predicate":{"custom_model_data":50001},"model":"item/trident"}]}