{"elements":[{"from":[8.749257,-0.7266865,9.229338],"to":[11.459658,3.9197135,11.939738],"rotation":{"angle":-22.5,"axis":"x","origin":[10.104458,1.5965133,10.5845375]},"faces":{"east":{"uv":[8.921875,1.6875,8.8125,1.875],"rotation":0,"texture":"#0","tintindex":0},"south":{"uv":[8.921875,0.34375,8.8125,0.53125],"rotation":0,"texture":"#0","tintindex":0},"north":{"uv":[8.890625,8.40625,8.78125,8.59375],"rotation":0,"texture":"#0","tintindex":0},"west":{"uv":[8.921875,0.15625,8.8125,0.34375],"rotation":0,"texture":"#0","tintindex":0},"up":{"uv":[8.90625,0.109375,9.015625,0.0],"rotation":0,"texture":"#0","tintindex":0},"down":{"uv":[0.125,8.90625,0.234375,9.015625],"rotation":0,"texture":"#0","tintindex":0}}},{"from":[8.362057,3.5660272,7.0640373],"to":[11.846857,8.212427,10.548838],"rotation":{"angle":-22.5,"axis":"x","origin":[10.104458,5.8892274,8.8064375]},"faces":{"east":{"uv":[2.828125,8.71875,2.6875,8.90625],"rotation":0,"texture":"#0","tintindex":0},"south":{"uv":[8.859375,1.875,8.71875,2.0625],"rotation":0,"texture":"#0","tintindex":0},"north":{"uv":[1.640625,8.71875,1.5,8.90625],"rotation":0,"texture":"#0","tintindex":0},"west":{"uv":[2.015625,8.71875,1.875,8.90625],"rotation":0,"texture":"#0","tintindex":0},"up":{"uv":[8.8125,5.234375,8.953125,5.09375],"rotation":0,"texture":"#0","tintindex":0},"down":{"uv":[8.8125,5.25,8.953125,5.390625],"rotation":0,"texture":"#0","tintindex":0}}}],"textures":{"0":"modelengine:entity/voiddragon"},"display":{"head":{"translation":[0.0,-6.4,0.0],"scale":[4.0,4.0,4.0]}}}