{"textures":{"0":"modelengine:entity/voiddragon"},"elements":[{"from":[8.014668,-2.9504795,-3.8139038],"to":[9.369869,-1.5952797,-1.1035042],"faces":{"east":{"uv":[6.03125,9.03125,6.0625,8.96875],"tintindex":-2,"rotation":90,"texture":"#0"},"south":{"uv":[7.96875,6.15625,8.0,6.125],"tintindex":-2,"rotation":0,"texture":"#0"},"north":{"uv":[7.96875,6.46875,8.0,6.5],"tintindex":-2,"rotation":180,"texture":"#0"},"west":{"uv":[1.375,9.03125,1.40625,8.96875],"tintindex":-2,"rotation":270,"texture":"#0"},"up":{"uv":[8.28125,8.9375,8.25,9.0],"tintindex":-2,"rotation":180,"texture":"#0"},"down":{"uv":[1.78125,8.96875,1.75,9.03125],"tintindex":-2,"rotation":0,"texture":"#0"}},"rotation":{"origin":[8.692268,-2.2728796,-2.458704],"angle":22.5,"axis":"y"}},{"from":[11.005199,-2.9504795,-1.3614006],"to":[12.360399,-1.5952797,1.349],"faces":{"east":{"uv":[6.4375,8.96875,6.46875,8.90625],"tintindex":-2,"rotation":90,"texture":"#0"},"south":{"uv":[7.96875,1.59375,8.0,1.5625],"tintindex":-2,"rotation":0,"texture":"#0"},"north":{"uv":[7.96875,3.84375,8.0,3.875],"tintindex":-2,"rotation":180,"texture":"#0"},"west":{"uv":[2.0,8.96875,2.03125,8.90625],"tintindex":-2,"rotation":270,"texture":"#0"},"up":{"uv":[1.65625,8.90625,1.625,8.96875],"tintindex":-2,"rotation":180,"texture":"#0"},"down":{"uv":[5.875,8.90625,5.84375,8.96875],"tintindex":-2,"rotation":0,"texture":"#0"}}},{"from":[11.6828,-2.9504795,-6.7822],"to":[11.6828,-1.5952797,-4.0718],"faces":{"east":{"uv":[7.1875,8.9375,7.21875,8.875],"tintindex":-2,"rotation":90,"texture":"#0"},"west":{"uv":[4.96875,8.78125,5.0,8.84375],"tintindex":-2,"rotation":90,"texture":"#0"}}},{"from":[9.9888,-2.724945,4.2770557],"to":[13.376801,9.471855,7.6650558],"faces":{"east":{"uv":[7.703125,8.75,7.625,9.03125],"tintindex":-2,"rotation":0,"texture":"#0"},"south":{"uv":[6.890625,8.75,6.8125,9.03125],"tintindex":-2,"rotation":0,"texture":"#0"},"north":{"uv":[6.546875,8.75,6.46875,9.03125],"tintindex":-2,"rotation":0,"texture":"#0"},"west":{"uv":[6.796875,8.75,6.71875,9.03125],"tintindex":-2,"rotation":0,"texture":"#0"},"up":{"uv":[8.96875,5.171875,9.046875,5.09375],"tintindex":-2,"rotation":0,"texture":"#0"},"down":{"uv":[8.96875,5.1875,9.046875,5.265625],"tintindex":-2,"rotation":0,"texture":"#0"}},"rotation":{"origin":[11.6828,3.373455,5.971056],"angle":22.5,"axis":"x"}},{"from":[12.958506,-2.9504795,-1.3098211],"to":[14.313705,-1.5952797,1.400579],"faces":{"east":{"uv":[5.71875,8.90625,5.75,8.84375],"tintindex":-2,"rotation":90,"texture":"#0"},"south":{"uv":[7.9375,1.59375,7.96875,1.5625],"tintindex":-2,"rotation":0,"texture":"#0"},"north":{"uv":[7.9375,3.84375,7.96875,3.875],"tintindex":-2,"rotation":180,"texture":"#0"},"west":{"uv":[1.375,8.90625,1.40625,8.84375],"tintindex":-2,"rotation":270,"texture":"#0"},"up":{"uv":[8.1875,8.8125,8.15625,8.875],"tintindex":-2,"rotation":180,"texture":"#0"},"down":{"uv":[5.0,8.84375,4.96875,8.90625],"tintindex":-2,"rotation":0,"texture":"#0"}},"rotation":{"origin":[13.6361065,-2.2728796,0.04537916],"angle":-22.5,"axis":"y"}},{"from":[13.995731,-2.9504795,-3.8139038],"to":[15.350931,-1.5952797,-1.1035042],"faces":{"east":{"uv":[7.1875,8.875,7.21875,8.8125],"tintindex":-2,"rotation":90,"texture":"#0"},"south":{"uv":[7.90625,3.875,7.9375,3.84375],"tintindex":-2,"rotation":0,"texture":"#0"},"north":{"uv":[7.90625,6.46875,7.9375,6.5],"tintindex":-2,"rotation":180,"texture":"#0"},"west":{"uv":[2.5625,8.875,2.59375,8.8125],"tintindex":-2,"rotation":270,"texture":"#0"},"up":{"uv":[8.8125,7.3125,8.78125,7.375],"tintindex":-2,"rotation":180,"texture":"#0"},"down":{"uv":[8.84375,5.40625,8.8125,5.46875],"tintindex":-2,"rotation":0,"texture":"#0"}},"rotation":{"origin":[14.673332,-2.2728796,-2.458704],"angle":-22.5,"axis":"y"}},{"from":[11.005199,-2.9504795,-4.0718],"to":[12.360399,-1.5952797,-1.3614006],"faces":{"east":{"uv":[1.375,8.96875,1.40625,8.90625],"tintindex":-2,"rotation":90,"texture":"#0"},"south":{"uv":[7.9375,6.15625,7.96875,6.125],"tintindex":-2,"rotation":0,"texture":"#0"},"north":{"uv":[7.9375,6.46875,7.96875,6.5],"tintindex":-2,"rotation":180,"texture":"#0"},"west":{"uv":[0.25,8.96875,0.28125,8.90625],"tintindex":-2,"rotation":270,"texture":"#0"},"up":{"uv":[8.28125,8.875,8.25,8.9375],"tintindex":-2,"rotation":180,"texture":"#0"},"down":{"uv":[0.8125,8.90625,0.78125,8.96875],"tintindex":-2,"rotation":0,"texture":"#0"}}},{"from":[7.655043,-2.9504795,-6.3179874],"to":[7.655043,-1.5952797,-3.6075869],"faces":{"east":{"uv":[6.6875,9.0,6.71875,8.9375],"tintindex":-2,"rotation":90,"texture":"#0"},"west":{"uv":[4.96875,8.78125,5.0,8.84375],"tintindex":-2,"rotation":90,"texture":"#0"}},"rotation":{"origin":[7.655043,-2.2728796,-4.9627876],"angle":22.5,"axis":"y"}},{"from":[15.710556,-2.9504795,-6.3179874],"to":[15.710556,-1.5952797,-3.6075869],"faces":{"east":{"uv":[4.96875,8.84375,5.0,8.78125],"tintindex":-2,"rotation":90,"texture":"#0"},"west":{"uv":[4.96875,8.78125,5.0,8.84375],"tintindex":-2,"rotation":90,"texture":"#0"}},"rotation":{"origin":[15.710556,-2.2728796,-4.9627876],"angle":-22.5,"axis":"y"}},{"from":[9.051893,-2.9504795,-1.3098211],"to":[10.407093,-1.5952797,1.400579],"faces":{"east":{"uv":[8.25,9.0625,8.28125,9.0],"tintindex":-2,"rotation":90,"texture":"#0"},"south":{"uv":[8.0,1.59375,8.03125,1.5625],"tintindex":-2,"rotation":0,"texture":"#0"},"north":{"uv":[8.0,3.84375,8.03125,3.875],"tintindex":-2,"rotation":180,"texture":"#0"},"west":{"uv":[7.375,9.03125,7.40625,8.96875],"tintindex":-2,"rotation":270,"texture":"#0"},"up":{"uv":[6.46875,8.96875,6.4375,9.03125],"tintindex":-2,"rotation":180,"texture":"#0"},"down":{"uv":[0.9375,9.0,0.90625,9.0625],"tintindex":-2,"rotation":0,"texture":"#0"}},"rotation":{"origin":[9.729494,-2.2728796,0.04537916],"angle":22.5,"axis":"y"}},{"from":[9.65,-3.0859995,0.67140007],"to":[13.715599,-1.7307997,4.737],"faces":{"east":{"uv":[6.71875,8.34375,6.75,8.25],"tintindex":-2,"rotation":90,"texture":"#0"},"south":{"uv":[7.1875,5.875,7.28125,5.84375],"tintindex":-2,"rotation":0,"texture":"#0"},"north":{"uv":[7.21875,3.84375,7.3125,3.875],"tintindex":-2,"rotation":180,"texture":"#0"},"west":{"uv":[5.0,8.34375,5.03125,8.25],"tintindex":-2,"rotation":270,"texture":"#0"},"up":{"uv":[9.03125,0.21875,8.9375,0.3125],"tintindex":-2,"rotation":180,"texture":"#0"},"down":{"uv":[9.03125,0.3125,8.9375,0.40625],"tintindex":-2,"rotation":0,"texture":"#0"}}}],"display":{"gui":{"rotation":[30,225,0]}}}