{"elements":[{"from":[2.9664001,6.2758856,23.094398],"to":[13.0336,11.696686,30.451199],"rotation":{"angle":0.0,"axis":"y","origin":[8.0,8.986286,26.772799]},"faces":{"east":{"uv":[5.96875,8.0625,6.265625,8.28125],"rotation":0,"texture":"#0","tintindex":0},"south":{"uv":[7.65625,5.3125,8.0625,5.53125],"rotation":0,"texture":"#0","tintindex":0},"north":{"uv":[7.65625,5.09375,8.0625,5.3125],"rotation":0,"texture":"#0","tintindex":0},"west":{"uv":[6.28125,8.0625,6.578125,8.28125],"rotation":0,"texture":"#0","tintindex":0},"up":{"uv":[7.75,1.046875,7.34375,0.75],"rotation":0,"texture":"#0","tintindex":0},"down":{"uv":[7.75,1.0625,7.34375,1.359375],"rotation":0,"texture":"#0","tintindex":0}}},{"from":[8.0,11.696686,23.094398],"to":[8.0,17.117485,32.0],"rotation":{"angle":0.0,"axis":"y","origin":[8.0,14.407086,27.5472]},"faces":{"east":{"uv":[8.359375,7.21875,8.0,7.4375],"rotation":0,"texture":"#0","tintindex":0},"south":{"uv":[0.0,0.0,0.0,0.21875],"rotation":0,"texture":"#0","tintindex":0},"north":{"uv":[0.0,0.0,0.0,0.21875],"rotation":0,"texture":"#0","tintindex":0},"west":{"uv":[8.0,7.21875,8.359375,7.4375],"rotation":0,"texture":"#0","tintindex":0},"up":{"uv":[0.0,0.359375,0.0,0.0],"rotation":0,"texture":"#0","tintindex":0},"down":{"uv":[0.0,0.0,0.0,0.359375],"rotation":0,"texture":"#0","tintindex":0}}},{"from":[4.440707,2.7165928,23.075039],"to":[11.559293,9.835178,30.470558],"rotation":{"angle":45.0,"axis":"z","origin":[8.0,6.2758856,26.772799]},"faces":{"east":{"uv":[7.71875,1.875,8.015625,2.15625],"rotation":0,"texture":"#0","tintindex":0},"south":{"uv":[7.90625,4.75,8.1875,5.03125],"rotation":0,"texture":"#0","tintindex":0},"north":{"uv":[7.8125,3.15625,8.09375,3.4375],"rotation":0,"texture":"#0","tintindex":0},"west":{"uv":[7.75,0.75,8.046875,1.03125],"rotation":0,"texture":"#0","tintindex":0},"up":{"uv":[8.03125,1.328125,7.75,1.03125],"rotation":0,"texture":"#0","tintindex":0},"down":{"uv":[8.03125,5.53125,7.75,5.828125],"rotation":0,"texture":"#0","tintindex":0}}},{"from":[4.988291,2.8769765,16.492638],"to":[11.011709,8.900395,25.436958],"rotation":{"angle":45.0,"axis":"z","origin":[8.0,5.8886857,20.9648]},"faces":{"east":{"uv":[7.34375,6.25,7.703125,6.5],"rotation":0,"texture":"#0","tintindex":0},"south":{"uv":[8.125,4.28125,8.375,4.53125],"rotation":0,"texture":"#0","tintindex":0},"north":{"uv":[8.125,4.03125,8.375,4.28125],"rotation":0,"texture":"#0","tintindex":0},"west":{"uv":[7.625,7.21875,7.984375,7.46875],"rotation":0,"texture":"#0","tintindex":0},"up":{"uv":[7.90625,4.703125,7.65625,4.34375],"rotation":0,"texture":"#0","tintindex":0},"down":{"uv":[7.90625,4.71875,7.65625,5.078125],"rotation":0,"texture":"#0","tintindex":0}}},{"from":[2.5791998,4.7270856,6.831998],"to":[13.4208,12.4710865,18.060799],"rotation":{"angle":0.0,"axis":"y","origin":[8.0,8.599086,12.4464]},"faces":{"east":{"uv":[7.1875,4.34375,7.640625,4.65625],"rotation":0,"texture":"#0","tintindex":0},"south":{"uv":[7.1875,7.21875,7.625,7.53125],"rotation":0,"texture":"#0","tintindex":0},"north":{"uv":[6.75,7.21875,7.1875,7.53125],"rotation":0,"texture":"#0","tintindex":0},"west":{"uv":[7.1875,4.65625,7.640625,4.96875],"rotation":0,"texture":"#0","tintindex":0},"up":{"uv":[7.1875,5.390625,6.75,4.9375],"rotation":0,"texture":"#0","tintindex":0},"down":{"uv":[7.1875,5.40625,6.75,5.859375],"rotation":0,"texture":"#0","tintindex":0}}},{"from":[8.0,12.4710865,6.831998],"to":[8.0,20.215086,21.158398],"rotation":{"angle":0.0,"axis":"y","origin":[8.0,16.343086,13.995199]},"faces":{"east":{"uv":[7.328125,6.1875,6.75,6.5],"rotation":0,"texture":"#0","tintindex":0},"south":{"uv":[0.0,0.0,0.0,0.3125],"rotation":0,"texture":"#0","tintindex":0},"north":{"uv":[0.0,0.0,0.0,0.3125],"rotation":0,"texture":"#0","tintindex":0},"west":{"uv":[6.75,6.1875,7.328125,6.5],"rotation":0,"texture":"#0","tintindex":0},"up":{"uv":[0.0,0.578125,0.0,0.0],"rotation":0,"texture":"#0","tintindex":0},"down":{"uv":[0.0,0.0,0.0,0.578125],"rotation":0,"texture":"#0","tintindex":0}}},{"from":[4.1669154,0.894001,6.8126383],"to":[11.833084,8.56017,18.080158],"rotation":{"angle":45.0,"axis":"z","origin":[8.0,4.7270856,12.4464]},"faces":{"east":{"uv":[7.1875,4.96875,7.640625,5.28125],"rotation":0,"texture":"#0","tintindex":0},"south":{"uv":[7.625,5.84375,7.9375,6.15625],"rotation":0,"texture":"#0","tintindex":0},"north":{"uv":[7.46875,7.53125,7.78125,7.84375],"rotation":0,"texture":"#0","tintindex":0},"west":{"uv":[7.1875,5.28125,7.640625,5.59375],"rotation":0,"texture":"#0","tintindex":0},"up":{"uv":[7.53125,3.203125,7.21875,2.75],"rotation":0,"texture":"#0","tintindex":0},"down":{"uv":[7.53125,3.21875,7.21875,3.671875],"rotation":0,"texture":"#0","tintindex":0}}},{"from":[3.7408,5.8886857,16.512],"to":[12.2592,10.535086,25.417599],"rotation":{"angle":0.0,"axis":"y","origin":[8.0,8.211885,20.9648]},"faces":{"east":{"uv":[8.0625,3.5,8.421875,3.6875],"rotation":0,"texture":"#0","tintindex":0},"south":{"uv":[8.125,3.84375,8.46875,4.03125],"rotation":0,"texture":"#0","tintindex":0},"north":{"uv":[8.09375,3.15625,8.4375,3.34375],"rotation":0,"texture":"#0","tintindex":0},"west":{"uv":[3.90625,8.0625,4.265625,8.25],"rotation":0,"texture":"#0","tintindex":0},"up":{"uv":[7.6875,0.359375,7.34375,0.0],"rotation":0,"texture":"#0","tintindex":0},"down":{"uv":[7.6875,0.375,7.34375,0.734375],"rotation":0,"texture":"#0","tintindex":0}}},{"from":[8.0,10.535086,16.512],"to":[8.0,15.181486,25.417599],"rotation":{"angle":0.0,"axis":"y","origin":[8.0,12.858286,20.9648]},"faces":{"east":{"uv":[5.015625,8.0625,4.65625,8.25],"rotation":0,"texture":"#0","tintindex":0},"south":{"uv":[0.0,0.0,0.0,0.1875],"rotation":0,"texture":"#0","tintindex":0},"north":{"uv":[0.0,0.0,0.0,0.1875],"rotation":0,"texture":"#0","tintindex":0},"west":{"uv":[4.65625,8.0625,5.015625,8.25],"rotation":0,"texture":"#0","tintindex":0},"up":{"uv":[0.0,0.359375,0.0,0.0],"rotation":0,"texture":"#0","tintindex":0},"down":{"uv":[0.0,0.0,0.0,0.359375],"rotation":0,"texture":"#0","tintindex":0}}}],"textures":{"0":"modelengine:entity/voiddragon"},"display":{"head":{"translation":[0.0,-6.4,49.467896],"scale":[4.0,4.0,4.0]}}}