{"textures":{"0":"modelengine:entity/voiddragon"},"elements":[{"from":[3.6249342,-3.2354155,-4.261423],"to":[5.6577344,-0.52501583,0.4817772],"faces":{"east":{"uv":[1.6875,9.078125,1.75,8.96875],"tintindex":-2,"rotation":90,"texture":"#0"},"south":{"uv":[8.0,9.09375,8.046875,9.03125],"tintindex":-2,"rotation":0,"texture":"#0"},"north":{"uv":[9.03125,8.28125,9.078125,8.34375],"tintindex":-2,"rotation":180,"texture":"#0"},"west":{"uv":[1.625,9.078125,1.6875,8.96875],"tintindex":-2,"rotation":270,"texture":"#0"},"up":{"uv":[0.421875,9.0,0.375,9.109375],"tintindex":-2,"rotation":180,"texture":"#0"},"down":{"uv":[0.484375,9.0,0.4375,9.109375],"tintindex":-2,"rotation":0,"texture":"#0"}},"rotation":{"origin":[4.6413345,-1.8802156,-1.889822],"angle":22.5,"axis":"y"}},{"from":[6.9836,-3.2354155,-4.3903713],"to":[9.016399,-0.52501583,0.35282898],"faces":{"east":{"uv":[8.90625,9.046875,8.96875,8.9375],"tintindex":-2,"rotation":90,"texture":"#0"},"south":{"uv":[7.875,9.09375,7.921875,9.03125],"tintindex":-2,"rotation":0,"texture":"#0"},"north":{"uv":[7.9375,9.03125,7.984375,9.09375],"tintindex":-2,"rotation":180,"texture":"#0"},"west":{"uv":[8.84375,9.046875,8.90625,8.9375],"tintindex":-2,"rotation":270,"texture":"#0"},"up":{"uv":[0.296875,9.0,0.25,9.109375],"tintindex":-2,"rotation":180,"texture":"#0"},"down":{"uv":[0.359375,9.0,0.3125,9.109375],"tintindex":-2,"rotation":0,"texture":"#0"}}},{"from":[2.9558434,-3.2354155,-7.9917583],"to":[2.9558434,-0.52501583,-3.926157],"faces":{"east":{"uv":[8.96875,7.28125,9.03125,7.1875],"tintindex":-2,"rotation":90,"texture":"#0"},"west":{"uv":[2.03125,8.71875,2.09375,8.8125],"tintindex":-2,"rotation":90,"texture":"#0"}},"rotation":{"origin":[2.9558434,-1.8802156,-5.9589577],"angle":22.5,"axis":"y"}},{"from":[8.0,-3.2354155,-8.455971],"to":[8.0,-0.52501583,-4.3903713],"faces":{"east":{"uv":[7.09375,9.0625,7.15625,8.96875],"tintindex":-2,"rotation":90,"texture":"#0"},"west":{"uv":[2.03125,8.71875,2.09375,8.8125],"tintindex":-2,"rotation":90,"texture":"#0"}}},{"from":[13.044157,-3.2354155,-7.9917583],"to":[13.044157,-0.52501583,-3.926157],"faces":{"east":{"uv":[2.03125,8.8125,2.09375,8.71875],"tintindex":-2,"rotation":90,"texture":"#0"},"west":{"uv":[2.03125,8.71875,2.09375,8.8125],"tintindex":-2,"rotation":90,"texture":"#0"}},"rotation":{"origin":[13.044157,-1.8802156,-5.9589577],"angle":-22.5,"axis":"y"}},{"from":[5.6284003,-2.4504156,3.9414673],"to":[10.371599,8.391185,8.684666],"faces":{"east":{"uv":[8.796875,4.15625,8.6875,4.40625],"tintindex":-2,"rotation":0,"texture":"#0"},"south":{"uv":[8.765625,8.46875,8.65625,8.71875],"tintindex":-2,"rotation":0,"texture":"#0"},"north":{"uv":[8.765625,2.0625,8.65625,2.3125],"tintindex":-2,"rotation":0,"texture":"#0"},"west":{"uv":[5.859375,8.65625,5.75,8.90625],"tintindex":-2,"rotation":0,"texture":"#0"},"up":{"uv":[1.875,9.015625,1.984375,8.90625],"tintindex":-2,"rotation":0,"texture":"#0"},"down":{"uv":[2.40625,8.90625,2.515625,9.015625],"tintindex":-2,"rotation":0,"texture":"#0"}},"rotation":{"origin":[8.0,2.9703846,6.3130665],"angle":22.5,"axis":"x"}},{"from":[4.9508,-3.6522913,-0.32476997],"to":[11.0492,-0.9418907,6.451229],"faces":{"east":{"uv":[5.78125,9.0625,5.84375,8.90625],"tintindex":-2,"rotation":90,"texture":"#0"},"south":{"uv":[8.9375,1.34375,9.078125,1.28125],"tintindex":-2,"rotation":0,"texture":"#0"},"north":{"uv":[8.9375,1.75,9.078125,1.8125],"tintindex":-2,"rotation":180,"texture":"#0"},"west":{"uv":[5.71875,9.0625,5.78125,8.90625],"tintindex":-2,"rotation":270,"texture":"#0"},"up":{"uv":[8.921875,2.0625,8.78125,2.21875],"tintindex":-2,"rotation":180,"texture":"#0"},"down":{"uv":[3.421875,8.78125,3.28125,8.9375],"tintindex":-2,"rotation":0,"texture":"#0"}}},{"from":[10.342266,-3.2354155,-4.261423],"to":[12.375067,-0.52501583,0.4817772],"faces":{"east":{"uv":[8.9375,8.671875,9.0,8.5625],"tintindex":-2,"rotation":90,"texture":"#0"},"south":{"uv":[7.75,9.09375,7.796875,9.03125],"tintindex":-2,"rotation":0,"texture":"#0"},"north":{"uv":[7.8125,9.03125,7.859375,9.09375],"tintindex":-2,"rotation":180,"texture":"#0"},"west":{"uv":[8.9375,8.203125,9.0,8.09375],"tintindex":-2,"rotation":270,"texture":"#0"},"up":{"uv":[8.640625,8.96875,8.59375,9.078125],"tintindex":-2,"rotation":180,"texture":"#0"},"down":{"uv":[9.015625,8.9375,8.96875,9.046875],"tintindex":-2,"rotation":0,"texture":"#0"}},"rotation":{"origin":[11.358665,-1.8802156,-1.889822],"angle":-22.5,"axis":"y"}}],"display":{"gui":{"rotation":[30,225,0]}}}