{"elements":[{"from":[-1.012084,9.396174,-8.314995],"to":[13.819225,10.436968,-6.753805],"rotation":{"angle":-22.5,"axis":"y","origin":[6.4035707,9.916572,-7.5344]},"faces":{"east":{"uv":[8.96875,6.59375,9.0625,6.65625],"rotation":0,"texture":"#0","tintindex":0},"south":{"uv":[8.15625,0.59375,9.046875,0.65625],"rotation":0,"texture":"#0","tintindex":0},"north":{"uv":[8.09375,3.34375,8.984375,3.40625],"rotation":0,"texture":"#0","tintindex":0},"west":{"uv":[8.96875,6.65625,9.0625,6.71875],"rotation":0,"texture":"#0","tintindex":0},"up":{"uv":[8.609375,1.78125,7.71875,1.6875],"rotation":0,"texture":"#0","tintindex":0},"down":{"uv":[8.609375,1.78125,7.71875,1.875],"rotation":0,"texture":"#0","tintindex":0}}},{"from":[10.372241,9.526274,0.9614277],"to":[28.325933,10.3068695,2.002221],"rotation":{"angle":-45.0,"axis":"y","origin":[19.349087,9.916572,1.4818239]},"faces":{"east":{"uv":[9.03125,7.625,9.09375,7.671875],"rotation":0,"texture":"#0","tintindex":0},"south":{"uv":[8.28125,2.4375,9.359375,2.484375],"rotation":0,"texture":"#0","tintindex":0},"north":{"uv":[8.28125,2.375,9.359375,2.421875],"rotation":0,"texture":"#0","tintindex":0},"west":{"uv":[7.6875,9.03125,7.75,9.078125],"rotation":0,"texture":"#0","tintindex":0},"up":{"uv":[9.015625,6.125,7.9375,6.0625],"rotation":0,"texture":"#0","tintindex":0},"down":{"uv":[9.109375,1.21875,8.03125,1.28125],"rotation":0,"texture":"#0","tintindex":0}}},{"from":[27.496532,9.539284,7.13274],"to":[28.01693,10.2938595,18.783455],"rotation":{"angle":22.5,"axis":"y","origin":[27.75673,9.916572,12.958097]},"faces":{"east":{"uv":[8.46875,7.75,9.3125,7.796875],"rotation":0,"texture":"#0","tintindex":0},"south":{"uv":[9.0625,4.46875,9.09375,4.515625],"rotation":0,"texture":"#0","tintindex":0},"north":{"uv":[4.46875,9.0625,4.5,9.109375],"rotation":0,"texture":"#0","tintindex":0},"west":{"uv":[8.46875,7.8125,9.3125,7.859375],"rotation":0,"texture":"#0","tintindex":0},"up":{"uv":[5.65625,9.53125,5.625,8.6875],"rotation":0,"texture":"#0","tintindex":0},"down":{"uv":[1.5,8.71875,1.46875,9.5625],"rotation":0,"texture":"#0","tintindex":0}}},{"from":[30.959206,9.916051,19.34392],"to":[32.0,9.916051,24.54789],"rotation":{"angle":22.5,"axis":"y","origin":[31.479603,9.916051,21.945906]},"faces":{"east":{"uv":[0.0,0.0,0.3125,0.0],"rotation":0,"texture":"#0","tintindex":0},"south":{"uv":[0.0,0.0,0.0625,0.0],"rotation":0,"texture":"#0","tintindex":0},"north":{"uv":[0.0,0.0,0.0625,0.0],"rotation":0,"texture":"#0","tintindex":0},"west":{"uv":[0.0,0.0,0.3125,0.0],"rotation":0,"texture":"#0","tintindex":0},"up":{"uv":[6.3125,9.15625,6.25,8.84375],"rotation":0,"texture":"#0","tintindex":0},"down":{"uv":[5.71875,8.84375,5.65625,9.15625],"rotation":0,"texture":"#0","tintindex":0}}},{"from":[29.714535,9.396174,18.29051],"to":[30.75533,10.436968,19.591501],"rotation":{"angle":22.5,"axis":"y","origin":[30.234932,9.916572,18.941006]},"faces":{"east":{"uv":[4.84375,9.0,4.921875,9.0625],"rotation":0,"texture":"#0","tintindex":0},"south":{"uv":[2.71875,9.03125,2.78125,9.09375],"rotation":0,"texture":"#0","tintindex":0},"north":{"uv":[9.03125,2.65625,9.09375,2.71875],"rotation":0,"texture":"#0","tintindex":0},"west":{"uv":[4.9375,9.0,5.015625,9.0625],"rotation":0,"texture":"#0","tintindex":0},"up":{"uv":[9.0625,5.078125,9.0,5.0],"rotation":0,"texture":"#0","tintindex":0},"down":{"uv":[5.09375,9.0,5.03125,9.078125],"rotation":0,"texture":"#0","tintindex":0}}},{"from":[-4.8462944,9.916051,-10.834129],"to":[22.994934,9.916051,32.0],"rotation":{"angle":45.0,"axis":"y","origin":[9.07432,9.916051,10.582933]},"faces":{"east":{"uv":[0.0,0.0,2.6875,0.0],"rotation":0,"texture":"#0","tintindex":0},"south":{"uv":[0.0,0.0,1.671875,0.0],"rotation":0,"texture":"#0","tintindex":0},"north":{"uv":[0.0,0.0,1.671875,0.0],"rotation":0,"texture":"#0","tintindex":0},"west":{"uv":[0.0,0.0,2.6875,0.0],"rotation":0,"texture":"#0","tintindex":0},"up":{"uv":[5.046875,8.0625,3.375,5.375],"rotation":0,"texture":"#0","tintindex":0},"down":{"uv":[5.046875,5.375,3.375,8.0625],"rotation":0,"texture":"#0","tintindex":0}}}],"textures":{"0":"modelengine:entity/voiddragon"},"display":{"head":{"translation":[32.585495,-6.4,71.38272],"scale":[4.0,4.0,4.0]}}}