{"textures":{"0":"modelengine:entity/dolphin","particle":"#0"},"elements":[{"from":[4.9531507,7.4648867,-10.01877],"to":[10.953151,10.864887,-4.8336563],"faces":{"east":{"uv":[2.375,8.625,1.75,9.0625],"tintindex":0,"rotation":0,"texture":"#0"},"south":{"uv":[0.0,8.25,0.75,8.6875],"tintindex":0,"rotation":0,"texture":"#0"},"north":{"uv":[8.125,6.25,8.875,6.6875],"tintindex":0,"rotation":0,"texture":"#0"},"west":{"uv":[1.75,8.625,2.375,9.0625],"tintindex":0,"rotation":0,"texture":"#0"},"up":{"uv":[2.75,8.125,2.0,7.5],"tintindex":0,"rotation":0,"texture":"#0"},"down":{"uv":[3.5,7.5,2.75,8.125],"tintindex":0,"rotation":0,"texture":"#0"}},"rotation":{"origin":[6.7320156,8.63754,-6.7173595],"angle":-45.0,"axis":"x"}},{"from":[1.9320993,3.0244908,0.04100895],"to":[14.31864,15.134232,7.1678524],"faces":{"east":{"uv":[4.125,6.0,3.25,7.5],"tintindex":0,"rotation":0,"texture":"#0"},"south":{"uv":[3.5,3.125,5.0625,4.625],"tintindex":0,"rotation":0,"texture":"#0"},"north":{"uv":[3.5,1.625,5.0625,3.125],"tintindex":0,"rotation":0,"texture":"#0"},"west":{"uv":[3.25,6.0,4.125,7.5],"tintindex":0,"rotation":0,"texture":"#0"},"up":{"uv":[6.6875,4.25,5.125,3.375],"tintindex":0,"rotation":0,"texture":"#0"},"down":{"uv":[6.1875,5.875,4.625,6.75],"tintindex":0,"rotation":0,"texture":"#0"}}},{"from":[5.0031505,3.9780617,-10.626781],"to":[10.903151,7.878062,-5.4416676],"faces":{"east":{"uv":[9.125,1.0,8.5,1.5],"tintindex":0,"rotation":0,"texture":"#0"},"south":{"uv":[5.375,8.0,6.125,8.5],"tintindex":0,"rotation":0,"texture":"#0"},"north":{"uv":[4.0,8.0,4.75,8.5],"tintindex":0,"rotation":0,"texture":"#0"},"west":{"uv":[8.5,1.0,9.125,1.5],"tintindex":0,"rotation":0,"texture":"#0"},"up":{"uv":[8.25,3.375,7.5,2.75],"tintindex":0,"rotation":0,"texture":"#0"},"down":{"uv":[8.25,3.375,7.5,4.0],"tintindex":0,"rotation":0,"texture":"#0"}}},{"from":[2.9320993,3.0244908,-3.958991],"to":[13.31864,13.134232,0.1678524],"faces":{"east":{"uv":[1.25,7.125,0.75,8.375],"tintindex":0,"rotation":0,"texture":"#0"},"south":{"uv":[0.0,4.875,1.3125,6.125],"tintindex":0,"rotation":0,"texture":"#0"},"north":{"uv":[4.625,4.625,5.9375,5.875],"tintindex":0,"rotation":0,"texture":"#0"},"west":{"uv":[0.75,7.125,1.25,8.375],"tintindex":0,"rotation":0,"texture":"#0"},"up":{"uv":[8.5625,4.75,7.25,4.25],"tintindex":0,"rotation":0,"texture":"#0"},"down":{"uv":[8.5625,4.75,7.25,5.25],"tintindex":0,"rotation":0,"texture":"#0"}}},{"from":[6.7031503,5.00932,-14.988773],"to":[9.203151,6.80932,-11.803659],"faces":{"east":{"uv":[9.125,8.375,8.75,8.625],"tintindex":0,"rotation":0,"texture":"#0"},"south":{"uv":[4.0,9.0,4.3125,9.25],"tintindex":0,"rotation":0,"texture":"#0"},"north":{"uv":[9.0,3.25,9.3125,3.5],"tintindex":0,"rotation":0,"texture":"#0"},"west":{"uv":[8.75,8.375,9.125,8.625],"tintindex":0,"rotation":0,"texture":"#0"},"up":{"uv":[0.3125,9.125,0.0,8.75],"tintindex":0,"rotation":0,"texture":"#0"},"down":{"uv":[9.0625,0.25,8.75,0.625],"tintindex":0,"rotation":0,"texture":"#0"}}},{"from":[3.766158,3.5844908,-6.960352],"to":[12.3103695,11.544491,-3.722496],"faces":{"east":{"uv":[8.25,7.375,7.875,8.375],"tintindex":0,"rotation":0,"texture":"#0"},"south":{"uv":[1.25,6.5,2.3125,7.5],"tintindex":0,"rotation":0,"texture":"#0"},"north":{"uv":[6.25,6.25,7.3125,7.25],"tintindex":0,"rotation":0,"texture":"#0"},"west":{"uv":[7.875,7.375,8.25,8.375],"tintindex":0,"rotation":0,"texture":"#0"},"up":{"uv":[7.1875,8.25,6.125,7.875],"tintindex":0,"rotation":0,"texture":"#0"},"down":{"uv":[8.9375,7.0,7.875,7.375],"tintindex":0,"rotation":0,"texture":"#0"}}},{"from":[6.4531503,5.00219,-11.803659],"to":[9.453151,7.3021903,-10.618546],"faces":{"east":{"uv":[1.375,6.125,1.25,6.4375],"tintindex":0,"rotation":0,"texture":"#0"},"south":{"uv":[5.625,4.25,6.0,4.5625],"tintindex":0,"rotation":0,"texture":"#0"},"north":{"uv":[3.125,4.25,3.5,4.5625],"tintindex":0,"rotation":0,"texture":"#0"},"west":{"uv":[1.25,6.125,1.375,6.4375],"tintindex":0,"rotation":0,"texture":"#0"},"up":{"uv":[6.0,9.125,5.625,9.0],"tintindex":0,"rotation":0,"texture":"#0"},"down":{"uv":[0.375,9.125,0.0,9.25],"tintindex":0,"rotation":0,"texture":"#0"}}}],"display":{"head":{"rotation":[0.0,0.0,0.0]},"firstperson_righthand":{"rotation":[0.0,0.0,0.0]},"thirdperson_lefthand":{"rotation":[0.0,-0.0,-0.0]},"firstperson_lefthand":{"rotation":[0.0,-0.0,-0.0]},"fixed":{"rotation":[0.0,0.0,0.0]},"ground":{"rotation":[0.0,0.0,0.0]},"thirdperson_righthand":{"rotation":[0.0,0.0,0.0]},"gui":{"rotation":[-150.0,-45.0,180.0]}}}