{"textures":{"0":"modelengine:entity/dolphin","particle":"#0"},"elements":[{"from":[4.5984907,7.056862,6.2664757],"to":[11.766491,12.171735,10.448479],"faces":{"east":{"uv":[1.75,8.25,1.25,8.875],"tintindex":0,"rotation":0,"texture":"#0"},"south":{"uv":[7.0,7.25,7.875,7.875],"tintindex":0,"rotation":0,"texture":"#0"},"north":{"uv":[6.125,7.25,7.0,7.875],"tintindex":0,"rotation":0,"texture":"#0"},"west":{"uv":[1.25,8.25,1.75,8.875],"tintindex":0,"rotation":0,"texture":"#0"},"up":{"uv":[8.5,1.5,7.625,1.0],"tintindex":0,"rotation":0,"texture":"#0"},"down":{"uv":[8.5,1.5,7.625,2.0],"tintindex":0,"rotation":0,"texture":"#0"}}}],"display":{"head":{"rotation":[0.0,0.0,0.0]},"firstperson_righthand":{"rotation":[0.0,0.0,0.0]},"thirdperson_lefthand":{"rotation":[0.0,-0.0,-0.0]},"firstperson_lefthand":{"rotation":[0.0,-0.0,-0.0]},"fixed":{"rotation":[0.0,0.0,0.0]},"ground":{"rotation":[0.0,0.0,0.0]},"thirdperson_righthand":{"rotation":[0.0,0.0,0.0]},"gui":{"rotation":[-150.0,-45.0,180.0]}}}