{"textures":{"0":"modelengine:entity/dolphin","particle":"#0"},"elements":[{"from":[26.51464,6.9795537,7.9281693],"to":[30.570559,8.196329,12.767311],"faces":{"east":{"uv":[8.875,5.75,9.5,5.875],"tintindex":0,"rotation":0,"texture":"#0"},"south":{"uv":[6.5,9.0,7.0,9.125],"tintindex":0,"rotation":0,"texture":"#0"},"north":{"uv":[5.125,9.0,5.625,9.125],"tintindex":0,"rotation":0,"texture":"#0"},"west":{"uv":[6.5,8.875,7.125,9.0],"tintindex":0,"rotation":0,"texture":"#0"},"up":{"uv":[6.625,8.875,6.125,8.25],"tintindex":0,"rotation":0,"texture":"#0"},"down":{"uv":[7.125,8.25,6.625,8.875],"tintindex":0,"rotation":0,"texture":"#0"}},"rotation":{"origin":[7.8569055,10.338423,-23.564266],"angle":-45.0,"axis":"y"}},{"from":[1.7441559,6.9389944,17.660995],"to":[4.1777067,8.15577,19.688953],"faces":{"east":{"uv":[6.0,5.75,6.25,5.875],"tintindex":0,"rotation":0,"texture":"#0"},"south":{"uv":[1.75,9.125,2.0625,9.25],"tintindex":0,"rotation":0,"texture":"#0"},"north":{"uv":[9.125,1.375,9.4375,1.5],"tintindex":0,"rotation":0,"texture":"#0"},"west":{"uv":[5.375,7.875,5.625,8.0],"tintindex":0,"rotation":0,"texture":"#0"},"up":{"uv":[1.0625,9.25,0.75,9.0],"tintindex":0,"rotation":0,"texture":"#0"},"down":{"uv":[9.3125,3.0,9.0,3.25],"tintindex":0,"rotation":0,"texture":"#0"}},"rotation":{"origin":[8.5593,10.338423,-23.564266],"angle":22.5,"axis":"y"}},{"from":[-10.362076,7.020113,5.103985],"to":[-4.2781973,8.236889,10.782269],"faces":{"east":{"uv":[8.875,2.25,9.5625,2.375],"tintindex":0,"rotation":0,"texture":"#0"},"south":{"uv":[7.5,4.0,8.25,4.125],"tintindex":0,"rotation":0,"texture":"#0"},"north":{"uv":[2.375,5.875,3.125,6.0],"tintindex":0,"rotation":0,"texture":"#0"},"west":{"uv":[8.875,2.375,9.5625,2.5],"tintindex":0,"rotation":0,"texture":"#0"},"up":{"uv":[3.125,5.8125,2.375,5.125],"tintindex":0,"rotation":0,"texture":"#0"},"down":{"uv":[8.125,2.0,7.375,2.6875],"tintindex":0,"rotation":0,"texture":"#0"}},"rotation":{"origin":[7.8569055,10.338423,-23.564266],"angle":22.5,"axis":"y"}},{"from":[-14.154352,6.9795537,7.9281693],"to":[-10.098434,8.196329,12.767311],"faces":{"east":{"uv":[9.0,2.75,9.625,2.875],"tintindex":0,"rotation":0,"texture":"#0"},"south":{"uv":[9.0,7.375,9.5,7.5],"tintindex":0,"rotation":0,"texture":"#0"},"north":{"uv":[9.0,7.25,9.5,7.375],"tintindex":0,"rotation":0,"texture":"#0"},"west":{"uv":[9.0,2.875,9.625,3.0],"tintindex":0,"rotation":0,"texture":"#0"},"up":{"uv":[1.25,9.0,0.75,8.375],"tintindex":0,"rotation":0,"texture":"#0"},"down":{"uv":[8.125,8.375,7.625,9.0],"tintindex":0,"rotation":0,"texture":"#0"}},"rotation":{"origin":[8.5593,10.338423,-23.564266],"angle":45.0,"axis":"y"}},{"from":[-14.417994,7.020113,5.712372],"to":[-10.362076,8.236889,10.782269],"faces":{"east":{"uv":[8.875,5.5,9.5,5.625],"tintindex":0,"rotation":0,"texture":"#0"},"south":{"uv":[4.625,9.0,5.125,9.125],"tintindex":0,"rotation":0,"texture":"#0"},"north":{"uv":[4.125,6.625,4.625,6.75],"tintindex":0,"rotation":0,"texture":"#0"},"west":{"uv":[8.875,5.625,9.5,5.75],"tintindex":0,"rotation":0,"texture":"#0"},"up":{"uv":[8.75,3.125,8.25,2.5],"tintindex":0,"rotation":0,"texture":"#0"},"down":{"uv":[8.75,3.125,8.25,3.75],"tintindex":0,"rotation":0,"texture":"#0"}},"rotation":{"origin":[7.8569055,10.338423,-23.564266],"angle":22.5,"axis":"y"}},{"from":[12.2385,6.9389944,17.660995],"to":[14.67205,8.15577,19.688953],"faces":{"east":{"uv":[1.375,4.875,1.625,5.0],"tintindex":0,"rotation":0,"texture":"#0"},"south":{"uv":[9.125,1.25,9.4375,1.375],"tintindex":0,"rotation":0,"texture":"#0"},"north":{"uv":[9.125,1.125,9.4375,1.25],"tintindex":0,"rotation":0,"texture":"#0"},"west":{"uv":[1.375,5.0,1.625,5.125],"tintindex":0,"rotation":0,"texture":"#0"},"up":{"uv":[7.4375,9.125,7.125,8.875],"tintindex":0,"rotation":0,"texture":"#0"},"down":{"uv":[8.9375,8.875,8.625,9.125],"tintindex":0,"rotation":0,"texture":"#0"}},"rotation":{"origin":[7.8569055,10.338423,-23.564266],"angle":-22.5,"axis":"y"}},{"from":[20.694405,7.020113,5.103985],"to":[26.778282,8.236889,10.782269],"faces":{"east":{"uv":[8.875,3.75,9.5625,3.875],"tintindex":0,"rotation":0,"texture":"#0"},"south":{"uv":[8.75,3.5,9.5,3.625],"tintindex":0,"rotation":0,"texture":"#0"},"north":{"uv":[7.5,4.125,8.25,4.25],"tintindex":0,"rotation":0,"texture":"#0"},"west":{"uv":[8.875,3.875,9.5625,4.0],"tintindex":0,"rotation":0,"texture":"#0"},"up":{"uv":[8.125,6.9375,7.375,6.25],"tintindex":0,"rotation":0,"texture":"#0"},"down":{"uv":[2.0,7.5,1.25,8.1875],"tintindex":0,"rotation":0,"texture":"#0"}},"rotation":{"origin":[8.5593,10.338423,-23.564266],"angle":-22.5,"axis":"y"}},{"from":[26.778282,7.020113,5.712372],"to":[30.8342,8.236889,10.782269],"faces":{"east":{"uv":[9.0,2.5,9.625,2.625],"tintindex":0,"rotation":0,"texture":"#0"},"south":{"uv":[9.0,7.125,9.5,7.25],"tintindex":0,"rotation":0,"texture":"#0"},"north":{"uv":[9.0,7.0,9.5,7.125],"tintindex":0,"rotation":0,"texture":"#0"},"west":{"uv":[9.0,2.625,9.625,2.75],"tintindex":0,"rotation":0,"texture":"#0"},"up":{"uv":[8.75,8.0,8.25,7.375],"tintindex":0,"rotation":0,"texture":"#0"},"down":{"uv":[8.75,8.0,8.25,8.625],"tintindex":0,"rotation":0,"texture":"#0"}},"rotation":{"origin":[8.5593,10.338423,-23.564266],"angle":-22.5,"axis":"y"}}],"display":{"head":{"rotation":[0.0,0.0,0.0]},"firstperson_righthand":{"rotation":[0.0,0.0,0.0]},"thirdperson_lefthand":{"rotation":[0.0,-0.0,-0.0]},"firstperson_lefthand":{"rotation":[0.0,-0.0,-0.0]},"fixed":{"rotation":[0.0,0.0,0.0]},"ground":{"rotation":[0.0,0.0,0.0]},"thirdperson_righthand":{"rotation":[0.0,0.0,0.0]},"gui":{"rotation":[-150.0,-45.0,180.0]}}}