{"textures":{"0":"modelengine:entity/dolphin","particle":"#0"},"elements":[{"from":[6.796565,12.130045,0.6610036],"to":[8.505079,15.449345,8.981328],"faces":{"east":{"uv":[7.5,5.25,8.5625,5.6875],"tintindex":0,"rotation":0,"texture":"#0"},"south":{"uv":[6.0,8.875,6.1875,9.3125],"tintindex":0,"rotation":0,"texture":"#0"},"north":{"uv":[8.875,5.0,9.0625,5.4375],"tintindex":0,"rotation":0,"texture":"#0"},"west":{"uv":[7.5,5.75,8.5625,6.1875],"tintindex":0,"rotation":0,"texture":"#0"},"up":{"uv":[2.5625,9.6875,2.375,8.625],"tintindex":0,"rotation":0,"texture":"#0"},"down":{"uv":[8.8125,4.75,8.625,5.8125],"tintindex":0,"rotation":0,"texture":"#0"}},"rotation":{"origin":[6.645874,10.1143,11.670391],"angle":45.0,"axis":"x"}},{"from":[1.4087481,3.7380753,0.33486414],"to":[13.795288,16.662216,14.64506],"faces":{"east":{"uv":[1.8125,1.625,0.0,3.25],"tintindex":0,"rotation":0,"texture":"#0"},"south":{"uv":[3.5,0.0,5.0625,1.625],"tintindex":0,"rotation":0,"texture":"#0"},"north":{"uv":[5.0625,0.0,3.5,1.625],"tintindex":0,"rotation":0,"texture":"#0"},"west":{"uv":[0.0,1.625,1.8125,3.25],"tintindex":0,"rotation":0,"texture":"#0"},"up":{"uv":[3.4375,1.8125,1.875,0.0],"tintindex":0,"rotation":0,"texture":"#0"},"down":{"uv":[3.4375,1.875,1.875,3.6875],"tintindex":0,"rotation":0,"texture":"#0"}}},{"from":[6.776565,12.710252,2.7761831],"to":[8.5118685,16.029552,11.096508],"faces":{"east":{"uv":[7.625,0.0,8.6875,0.4375],"tintindex":0,"rotation":0,"texture":"#0"},"south":{"uv":[8.875,6.25,9.0625,6.6875],"tintindex":0,"rotation":0,"texture":"#0"},"north":{"uv":[6.25,8.875,6.4375,9.3125],"tintindex":0,"rotation":0,"texture":"#0"},"west":{"uv":[7.625,0.5,8.6875,0.9375],"tintindex":0,"rotation":0,"texture":"#0"},"up":{"uv":[8.3125,9.6875,8.125,8.625],"tintindex":0,"rotation":0,"texture":"#0"},"down":{"uv":[8.5625,8.625,8.375,9.6875],"tintindex":0,"rotation":0,"texture":"#0"}},"rotation":{"origin":[6.645874,10.1143,11.670391],"angle":22.5,"axis":"x"}},{"from":[6.7665653,17.771479,7.081335],"to":[8.501868,21.09078,11.130375],"faces":{"east":{"uv":[3.5,8.625,4.0,9.0625],"tintindex":0,"rotation":0,"texture":"#0"},"south":{"uv":[1.5,8.875,1.6875,9.3125],"tintindex":0,"rotation":0,"texture":"#0"},"north":{"uv":[1.25,8.875,1.4375,9.3125],"tintindex":0,"rotation":0,"texture":"#0"},"west":{"uv":[8.625,4.25,9.125,4.6875],"tintindex":0,"rotation":0,"texture":"#0"},"up":{"uv":[8.9375,3.0,8.75,2.5],"tintindex":0,"rotation":0,"texture":"#0"},"down":{"uv":[8.9375,3.0,8.75,3.5],"tintindex":0,"rotation":0,"texture":"#0"}}},{"from":[6.7865653,18.234877,15.663952],"to":[8.495079,21.171383,19.712992],"faces":{"east":{"uv":[5.125,4.25,5.625,4.625],"tintindex":0,"rotation":0,"texture":"#0"},"south":{"uv":[4.375,9.0,4.5625,9.375],"tintindex":0,"rotation":0,"texture":"#0"},"north":{"uv":[1.75,8.25,1.9375,8.625],"tintindex":0,"rotation":0,"texture":"#0"},"west":{"uv":[6.125,3.0,6.625,3.375],"tintindex":0,"rotation":0,"texture":"#0"},"up":{"uv":[8.9375,7.875,8.75,7.375],"tintindex":0,"rotation":0,"texture":"#0"},"down":{"uv":[8.9375,7.875,8.75,8.375],"tintindex":0,"rotation":0,"texture":"#0"}},"rotation":{"origin":[6.645874,10.1143,11.670391],"angle":-45.0,"axis":"x"}}],"display":{"head":{"rotation":[0.0,0.0,0.0]},"firstperson_righthand":{"rotation":[0.0,0.0,0.0]},"thirdperson_lefthand":{"rotation":[0.0,-0.0,-0.0]},"firstperson_lefthand":{"rotation":[0.0,-0.0,-0.0]},"fixed":{"rotation":[0.0,0.0,0.0]},"ground":{"rotation":[0.0,0.0,0.0]},"thirdperson_righthand":{"rotation":[0.0,0.0,0.0]},"gui":{"rotation":[-150.0,-45.0,180.0]}}}