{"model":{"type":"range_dispatch","property":"custom_model_data","index":0,"fallback":{"type":"minecraft:model","model":"minecraft:item/mace"},"entries":[{"threshold":50000,"model":{"type":"model","model":"plny_halloween_pumpkin_set:mace"}},{"threshold":50001,"model":{"type":"model","model":"nexusset:mace"}},{"threshold":50002,"model":{"type":"model","model":"plny_christmas_2025_set:mace"}},{"threshold":50003,"model":{"type":"model","model":"plny_new_year_2026_set:mace"}},{"threshold":50004,"model":{"type":"model","model":"item/mace"}}]},"oversized_in_gui":true}