{"textures​":{"layer0":"minecraft:item/blue_stained_glass"},"credit":"Made with Blockbench","texture_size":[128,128],"\u0074\u0065\u0078\u0074\u0075\u0072\u0065\u0073":{"2":"\u0063\u0072\u0061\u0074\u0065\u00731:\u006c\u0076\u006c2_\u0063\u0072\u0061\u0074\u0065","\u0070\u0061\u0072\u0074\u0069\u0063\u006c\u0065":"\u0063\u0072\u0061\u0074\u0065\u00731:\u006c\u0076\u006c2_\u0063\u0072\u0061\u0074\u0065"},"elements":[{"from":[-2,12,-1],"to":[18,18,17],"rotation":{"angle":0,"axis":"y","origin":[8,10,8]},"faces":{"north":{"uv":[1.75,8,4.25,8.75],"texture":"#2"},"east":{"uv":[8.5,0.75,10.75,1.5],"texture":"#2"},"south":{"uv":[8.5,0,11,0.75],"texture":"#2"},"west":{"uv":[8.5,1.5,10.75,2.25],"texture":"#2"},"up":{"uv":[7.5,7.75,5,5.5],"texture":"#2"},"down":{"uv":[8.5,0,6,2.25],"texture":"#2"}}},{"from":[-2,2,-1],"to":[18,7,17],"rotation":{"angle":0,"axis":"y","origin":[8,0,8]},"faces":{"north":{"uv":[8.5,2.25,11,2.875],"texture":"#2"},"east":{"uv":[8.5,3.5,10.75,4.125],"texture":"#2"},"south":{"uv":[8.5,2.875,11,3.5],"texture":"#2"},"west":{"uv":[1.75,8.75,4,9.375],"texture":"#2"},"up":{"uv":[8.5,4.5,6,2.25],"texture":"#2"},"down":{"uv":[10,4.5,7.5,6.75],"texture":"#2"}}},{"from":[-4,0,-3],"to":[0,4,19],"rotation":{"angle":-22.5,"axis":"z","origin":[-2,2,8]},"faces":{"north":{"uv":[4,8.75,4.5,9.25],"texture":"#2"},"east":{"uv":[7.5,9,10.25,9.5],"texture":"#2"},"south":{"uv":[0.875,10.5,1.375,11],"texture":"#2"},"west":{"uv":[1.75,9.375,4.5,9.875],"texture":"#2"},"up":{"uv":[5,10.75,4.5,8],"texture":"#2"},"down":{"uv":[8,9.5,7.5,12.25],"texture":"#2"}}},{"from":[16,0,-3],"to":[20,4,19],"rotation":{"angle":22.5,"axis":"z","origin":[18,2,8]},"faces":{"north":{"uv":[4.125,10.75,4.625,11.25],"texture":"#2"},"east":{"uv":[8,9.5,10.75,10],"texture":"#2"},"south":{"uv":[0,10.875,0.5,11.375],"texture":"#2"},"west":{"uv":[1.75,9.875,4.5,10.375],"texture":"#2"},"up":{"uv":[10.5,6.875,10,4.125],"texture":"#2"},"down":{"uv":[5.5,10,5,12.75],"texture":"#2"}}},{"from":[-2,0,-2],"to":[18,2,18],"rotation":{"angle":0,"axis":"y","origin":[8,0,8]},"faces":{"north":{"uv":[10.5,6.625,13,6.875],"texture":"#2"},"east":{"uv":[10.75,1.125,13.25,1.375],"texture":"#2"},"south":{"uv":[10.75,1.375,13.25,1.625],"texture":"#2"},"west":{"uv":[10.75,1.625,13.25,1.875],"texture":"#2"},"up":{"uv":[2.5,8,0,5.5],"texture":"#2"},"down":{"uv":[5,5.5,2.5,8],"texture":"#2"}}},{"from":[4.5,18,-2],"to":[11.5,21.25,18],"rotation":{"angle":0,"axis":"y","origin":[7,18,8]},"faces":{"north":{"uv":[8.5,4.125,9.375,4.5],"texture":"#2"},"east":{"uv":[10.25,10.5,12.75,10.875],"texture":"#2"},"south":{"uv":[0,10.5,0.875,10.875],"texture":"#2"},"west":{"uv":[10.75,0.75,13.25,1.125],"texture":"#2"},"up":{"uv":[0.875,10.5,0,8],"texture":"#2"},"down":{"uv":[1.75,8,0.875,10.5],"texture":"#2"}}},{"from":[-3,3,-2],"to":[-1,7,0],"rotation":{"angle":0,"axis":"y","origin":[7,0,7]},"faces":{"north":{"uv":[4.25,8,4.5,8.5],"texture":"#2"},"east":{"uv":[1.5,11,1.75,11.5],"texture":"#2"},"south":{"uv":[0,11.375,0.25,11.875],"texture":"#2"},"west":{"uv":[0.25,11.375,0.5,11.875],"texture":"#2"},"up":{"uv":[6.25,5.5,6,5.25],"texture":"#2"},"down":{"uv":[6.5,5.25,6.25,5.5],"texture":"#2"}}},{"from":[17,3,-2],"to":[19,7,0],"rotation":{"angle":0,"axis":"y","origin":[9,0,7]},"faces":{"north":{"uv":[0.5,11.5,0.75,12],"texture":"#2"},"east":{"uv":[0.75,11.5,1,12],"texture":"#2"},"south":{"uv":[1,11.5,1.25,12],"texture":"#2"},"west":{"uv":[1.25,11.5,1.5,12],"texture":"#2"},"up":{"uv":[6.75,5.5,6.5,5.25],"texture":"#2"},"down":{"uv":[7,5.25,6.75,5.5],"texture":"#2"}}},{"from":[2,6,17],"to":[4,10,20],"rotation":{"angle":0,"axis":"y","origin":[3,3,9]},"faces":{"north":{"uv":[1.5,11.5,1.75,12],"texture":"#2"},"east":{"uv":[1.375,10.5,1.75,11],"texture":"#2"},"south":{"uv":[11.5,2.25,11.75,2.75],"texture":"#2"},"west":{"uv":[4.625,10.75,5,11.25],"texture":"#2"},"up":{"uv":[4.375,10.75,4.125,10.375],"texture":"#2"},"down":{"uv":[11.375,11.625,11.125,12],"texture":"#2"}}},{"from":[12,6,17],"to":[14,10,20],"rotation":{"angle":0,"axis":"y","origin":[13,3,9]},"faces":{"north":{"uv":[11.5,2.75,11.75,3.25],"texture":"#2"},"east":{"uv":[3.75,11.125,4.125,11.625],"texture":"#2"},"south":{"uv":[8,11.5,8.25,12],"texture":"#2"},"west":{"uv":[10,11.125,10.375,11.625],"texture":"#2"},"up":{"uv":[11.875,11.5,11.625,11.125],"texture":"#2"},"down":{"uv":[11.625,11.625,11.375,12],"texture":"#2"}}},{"from":[-4,8,-3],"to":[20,9,19],"rotation":{"angle":0,"axis":"y","origin":[8,5,8]},"faces":{"north":{"uv":[10.75,2.125,13.75,2.25],"texture":"#2"},"east":{"uv":[11,0.125,13.75,0.25],"texture":"#2"},"south":{"uv":[10.75,4,13.75,4.125],"texture":"#2"},"west":{"uv":[11,0.25,13.75,0.375],"texture":"#2"},"up":{"uv":[3,2.75,0,0],"texture":"#2"},"down":{"uv":[3,2.75,0,5.5],"texture":"#2"}}},{"from":[17,9,16],"to":[19,12,18],"rotation":{"angle":0,"axis":"y","origin":[9,4,9]},"faces":{"north":{"uv":[11.625,11.5,11.875,11.875],"texture":"#2"},"east":{"uv":[11.75,2.25,12,2.625],"texture":"#2"},"south":{"uv":[11.75,2.625,12,3],"texture":"#2"},"west":{"uv":[11.75,3,12,3.375],"texture":"#2"},"up":{"uv":[7.25,5.5,7,5.25],"texture":"#2"},"down":{"uv":[7.5,5.25,7.25,5.5],"texture":"#2"}}},{"from":[-3,9,16],"to":[-1,12,18],"rotation":{"angle":0,"axis":"y","origin":[7,4,9]},"faces":{"north":{"uv":[4,11.75,4.25,12.125],"texture":"#2"},"east":{"uv":[4.25,11.75,4.5,12.125],"texture":"#2"},"south":{"uv":[4.5,11.75,4.75,12.125],"texture":"#2"},"west":{"uv":[4.75,11.75,5,12.125],"texture":"#2"},"up":{"uv":[4.5,8.75,4.25,8.5],"texture":"#2"},"down":{"uv":[11.25,3.25,11,3.5],"texture":"#2"}}},{"from":[-2,9,-1],"to":[18,13,17],"rotation":{"angle":0,"axis":"y","origin":[8,5,8]},"faces":{"north":{"uv":[10.5,5.125,13,5.625],"texture":"#2"},"east":{"uv":[10.5,6.125,12.75,6.625],"texture":"#2"},"south":{"uv":[10.5,5.625,13,6.125],"texture":"#2"},"west":{"uv":[8,10.5,10.25,11],"texture":"#2"},"up":{"uv":[10,9,7.5,6.75],"texture":"#2"},"down":{"uv":[7.5,7.75,5,10],"texture":"#2"}}},{"from":[-2,12,16],"to":[18,14,18],"rotation":{"angle":0,"axis":"y","origin":[8,6,9]},"faces":{"north":{"uv":[10.75,1.875,13.25,2.125],"texture":"#2"},"east":{"uv":[11.25,3.25,11.5,3.5],"texture":"#2"},"south":{"uv":[10.75,3.5,13.25,3.75],"texture":"#2"},"west":{"uv":[11.5,3.25,11.75,3.5],"texture":"#2"},"up":{"uv":[13.25,4,10.75,3.75],"texture":"#2"},"down":{"uv":[13.25,9.375,10.75,9.625],"texture":"#2"}}},{"from":[1.30448,16.53073,-3],"to":[5.30448,20.53073,19],"rotation":{"angle":22.5,"axis":"z","origin":[3,19,8]},"faces":{"north":{"uv":[0.5,11,1,11.5],"texture":"#2"},"east":{"uv":[10,6.875,12.75,7.375],"texture":"#2"},"south":{"uv":[1,11,1.5,11.5],"texture":"#2"},"west":{"uv":[10,7.375,12.75,7.875],"texture":"#2"},"up":{"uv":[6,12.75,5.5,10],"texture":"#2"},"down":{"uv":[6.5,10,6,12.75],"texture":"#2"}}},{"from":[10.69552,16.53073,-3],"to":[14.69552,20.53073,19],"rotation":{"angle":-22.5,"axis":"z","origin":[13,19,8]},"faces":{"north":{"uv":[11,2.25,11.5,2.75],"texture":"#2"},"east":{"uv":[10,7.875,12.75,8.375],"texture":"#2"},"south":{"uv":[11,2.75,11.5,3.25],"texture":"#2"},"west":{"uv":[8,10,10.75,10.5],"texture":"#2"},"up":{"uv":[7,12.75,6.5,10],"texture":"#2"},"down":{"uv":[7.5,10,7,12.75],"texture":"#2"}}},{"from":[-4,11,-3],"to":[0,15,19],"rotation":{"angle":22.5,"axis":"z","origin":[-2,13,8]},"faces":{"north":{"uv":[8,11,8.5,11.5],"texture":"#2"},"east":{"uv":[10,8.375,12.75,8.875],"texture":"#2"},"south":{"uv":[8.5,11,9,11.5],"texture":"#2"},"west":{"uv":[10.25,8.875,13,9.375],"texture":"#2"},"up":{"uv":[2.25,13.125,1.75,10.375],"texture":"#2"},"down":{"uv":[2.75,10.375,2.25,13.125],"texture":"#2"}}},{"from":[16,11,-3],"to":[20,15,19],"rotation":{"angle":-22.5,"axis":"z","origin":[18,13,8]},"faces":{"north":{"uv":[9,11,9.5,11.5],"texture":"#2"},"east":{"uv":[10.5,4.125,13.25,4.625],"texture":"#2"},"south":{"uv":[9.5,11,10,11.5],"texture":"#2"},"west":{"uv":[10.5,4.625,13.25,5.125],"texture":"#2"},"up":{"uv":[3.25,13.125,2.75,10.375],"texture":"#2"},"down":{"uv":[3.75,10.375,3.25,13.125],"texture":"#2"}}},{"from":[6,4,-4],"to":[10,10,-1],"rotation":{"angle":0,"axis":"y","origin":[8,3,7]},"faces":{"north":{"uv":[6,4.5,6.5,5.25],"texture":"#2"},"east":{"uv":[7,4.5,7.375,5.25],"texture":"#2"},"south":{"uv":[6.5,4.5,7,5.25],"texture":"#2"},"west":{"uv":[3.75,10.375,4.125,11.125],"texture":"#2"},"up":{"uv":[9.875,4.5,9.375,4.125],"texture":"#2"},"down":{"uv":[10.875,11.125,10.375,11.5],"texture":"#2"}}},{"from":[-2,12,-2],"to":[18,14,0],"rotation":{"angle":0,"axis":"y","origin":[8,6,7]},"faces":{"north":{"uv":[10.75,9.625,13.25,9.875],"texture":"#2"},"east":{"uv":[12,2.625,12.25,2.875],"texture":"#2"},"south":{"uv":[10.75,9.875,13.25,10.125],"texture":"#2"},"west":{"uv":[12,2.875,12.25,3.125],"texture":"#2"},"up":{"uv":[13.25,10.375,10.75,10.125],"texture":"#2"},"down":{"uv":[12.75,10.875,10.25,11.125],"texture":"#2"}}},{"from":[-3,9,-2],"to":[-1,12,0],"rotation":{"angle":0,"axis":"y","origin":[7,4,7]},"faces":{"north":{"uv":[0,11.875,0.25,12.25],"texture":"#2"},"east":{"uv":[0.25,11.875,0.5,12.25],"texture":"#2"},"south":{"uv":[11.875,11.125,12.125,11.5],"texture":"#2"},"west":{"uv":[11.875,11.5,12.125,11.875],"texture":"#2"},"up":{"uv":[12.25,3.375,12,3.125],"texture":"#2"},"down":{"uv":[8.25,12,8,12.25],"texture":"#2"}}},{"from":[17,9,-2],"to":[19,12,0],"rotation":{"angle":0,"axis":"y","origin":[9,4,7]},"faces":{"north":{"uv":[11.625,11.875,11.875,12.25],"texture":"#2"},"east":{"uv":[11.875,11.875,12.125,12.25],"texture":"#2"},"south":{"uv":[0.5,12,0.75,12.375],"texture":"#2"},"west":{"uv":[0.75,12,1,12.375],"texture":"#2"},"up":{"uv":[8.5,12.25,8.25,12],"texture":"#2"},"down":{"uv":[8.75,12,8.5,12.25],"texture":"#2"}}},{"from":[-3,3,16],"to":[-1,7,18],"rotation":{"angle":0,"axis":"y","origin":[7,0,9]},"faces":{"north":{"uv":[8.25,11.5,8.5,12],"texture":"#2"},"east":{"uv":[8.5,11.5,8.75,12],"texture":"#2"},"south":{"uv":[8.75,11.5,9,12],"texture":"#2"},"west":{"uv":[9,11.5,9.25,12],"texture":"#2"},"up":{"uv":[9,12.25,8.75,12],"texture":"#2"},"down":{"uv":[9.25,12,9,12.25],"texture":"#2"}}},{"from":[17,3,16],"to":[19,7,18],"rotation":{"angle":0,"axis":"y","origin":[9,0,9]},"faces":{"north":{"uv":[9.25,11.5,9.5,12],"texture":"#2"},"east":{"uv":[9.5,11.5,9.75,12],"texture":"#2"},"south":{"uv":[9.75,11.5,10,12],"texture":"#2"},"west":{"uv":[10.375,11.5,10.625,12],"texture":"#2"},"up":{"uv":[9.5,12.25,9.25,12],"texture":"#2"},"down":{"uv":[9.75,12,9.5,12.25],"texture":"#2"}}},{"from":[-4,7,-3],"to":[20,8,19],"rotation":{"angle":0,"axis":"y","origin":[8,1,8]},"faces":{"north":{"uv":[10.75,10.375,13.75,10.5],"texture":"#2"},"east":{"uv":[11,0.375,13.75,0.5],"texture":"#2"},"south":{"uv":[11,0,14,0.125],"texture":"#2"},"west":{"uv":[11,0.5,13.75,0.625],"texture":"#2"},"up":{"uv":[6,2.75,3,0],"texture":"#2"},"down":{"uv":[6,2.75,3,5.5],"texture":"#2"}}},{"from":[2,6,-4],"to":[4,10,-1],"rotation":{"angle":0,"axis":"y","origin":[3,3,7]},"faces":{"north":{"uv":[10.625,11.5,10.875,12],"texture":"#2"},"east":{"uv":[10.875,11.125,11.25,11.625],"texture":"#2"},"south":{"uv":[3.75,11.625,4,12.125],"texture":"#2"},"west":{"uv":[4.125,11.25,4.5,11.75],"texture":"#2"},"up":{"uv":[1.25,12.375,1,12],"texture":"#2"},"down":{"uv":[1.5,12,1.25,12.375],"texture":"#2"}}},{"from":[12,6,-4],"to":[14,10,-1],"rotation":{"angle":0,"axis":"y","origin":[13,3,7]},"faces":{"north":{"uv":[10,11.625,10.25,12.125],"texture":"#2"},"east":{"uv":[4.5,11.25,4.875,11.75],"texture":"#2"},"south":{"uv":[10.875,11.625,11.125,12.125],"texture":"#2"},"west":{"uv":[11.25,11.125,11.625,11.625],"texture":"#2"},"up":{"uv":[1.75,12.375,1.5,12],"texture":"#2"},"down":{"uv":[12.25,2.25,12,2.625],"texture":"#2"}}}],"display":{"thirdperson_righthand":{"scale":[0.3,0.3,0.3]},"thirdperson_lefthand":{"scale":[0.3,0.3,0.3]},"firstperson_righthand":{"translation":[2,1.75,0],"scale":[0.5,0.5,0.5]},"firstperson_lefthand":{"translation":[2,1.75,0],"scale":[0.5,0.5,0.5]},"ground":{"translation":[0,1.25,0],"scale":[0.3,0.3,0.3]},"gui":{"rotation":[35,130,0],"translation":[-0.25,0,0],"scale":[0.4,0.4,0.4]},"head":{"rotation":[0,180,0],"translation":[0,-28,0],"scale":[1.75,1.75,1.75]},"fixed":{"rotation":[-90,0,0],"translation":[0,0,-14],"scale":[1.73,1.73,1.73]}},"gui_light":"front"}