{"textures​":{"1":"\u0063\u0072\u0061\u0074\u0065\u00731:\u006c\u0076\u006c4_\u006b\u0065\u0079","\u0070\u0061\u0072\u0074\u0069\u0063\u006c\u0065":"#1"},"credit":"Made with Blockbench","\u0074\u0065\u0078\u0074\u0075\u0072\u0065\u0073":{"1":"\u0063\u0072\u0061\u0074\u0065\u00731:\u006c\u0076\u006c4_\u006b\u0065\u0079","\u0070\u0061\u0072\u0074\u0069\u0063\u006c\u0065":"#1"},"elements":[{"from":[7.5,2.4,-5.2],"to":[8.5,3.4,-3.2],"rotation":{"angle":0,"axis":"y","origin":[0,-0.1,0.8]},"faces":{"north":{"uv":[2,9,3,10],"texture":"#1"},"east":{"uv":[5,8,7,9],"texture":"#1"},"south":{"uv":[3,9,4,10],"texture":"#1"},"west":{"uv":[8,5,10,6],"texture":"#1"},"up":{"uv":[9,8,8,6],"texture":"#1"},"down":{"uv":[8,8,7,10],"texture":"#1"}}},{"from":[7.5,2,-3],"to":[8.5,3,1],"faces":{"north":{"uv":[9,3,10,4],"texture":"#1"},"east":{"uv":[0,8,4,9],"texture":"#1"},"south":{"uv":[9,4,10,5],"texture":"#1"},"west":{"uv":[8,0,12,1],"texture":"#1"},"up":{"uv":[9,5,8,1],"texture":"#1"},"down":{"uv":[5,8,4,12],"texture":"#1"}}},{"from":[7.5,1.5,-3.6],"to":[8.5,3.5,-2.6],"rotation":{"angle":-45,"axis":"y","origin":[8,2.5,-3.1]},"faces":{"north":{"uv":[8,8,9,10],"texture":"#1"},"east":{"uv":[0,9,1,11],"texture":"#1"},"south":{"uv":[1,9,2,11],"texture":"#1"},"west":{"uv":[9,1,10,3],"texture":"#1"},"up":{"uv":[6,10,5,9],"texture":"#1"},"down":{"uv":[7,9,6,10],"texture":"#1"}}},{"from":[7,0,0],"to":[9,4,4],"rotation":{"angle":-45,"axis":"x","origin":[8,2.5,1.5]},"faces":{"north":{"uv":[4,0,6,4],"texture":"#1"},"east":{"uv":[0,0,4,4],"texture":"#1"},"south":{"uv":[4,4,6,8],"texture":"#1"},"west":{"uv":[0,4,4,8],"texture":"#1"},"up":{"uv":[8,4,6,0],"texture":"#1"},"down":{"uv":[8,4,6,8],"texture":"#1"}}}],"display":{"thirdperson_righthand":{"translation":[0.25,6,4.75]},"thirdperson_lefthand":{"translation":[0.25,6,4.75]},"firstperson_righthand":{"rotation":[16,10,0],"translation":[9.25,1.75,3.25]},"firstperson_lefthand":{"rotation":[16,10,0],"translation":[9.25,1.75,3.25]},"ground":{"rotation":[0,0,90],"translation":[-0.5,0.75,0.5],"scale":[0.5,0.5,0.5]},"gui":{"rotation":[53,133,-47],"translation":[2.75,8.25,0]},"head":{"translation":[0,14.75,6.25]},"fixed":{"rotation":[-90,0,90],"translation":[-8,12.25,0.75],"scale":[1.5,1.5,1.5]}},"gui_light":"front"}