{"parent":"minecraft:item/handheld","textures":{"layer0":"minecraft:item/diamond_sword"},"overrides":[{"predicate":{"custom_model_data":10015},"model":"elitecreatures:christmas_eve_2023/dagger"},{"predicate":{"custom_model_data":10016},"model":"elitecreatures:christmas_eve_2023/glove"},{"predicate":{"custom_model_data":10017},"model":"elitecreatures:christmas_eve_2023/hammer"},{"predicate":{"custom_model_data":10018},"model":"elitecreatures:christmas_eve_2023/mace"},{"predicate":{"custom_model_data":10019},"model":"elitecreatures:christmas_eve_2023/scythe"},{"predicate":{"custom_model_data":10020},"model":"elitecreatures:christmas_eve_2023/spear"},{"predicate":{"custom_model_data":10021},"model":"elitecreatures:christmas_eve_2023/sword"},{"predicate":{"custom_model_data":10022},"model":"item/diamond_sword"}]}