{"parent":"item/generated","textures":{"layer0":"item/leather_helmet","layer1":"item/leather_helmet_overlay"},"overrides":[{"predicate":{"custom_model_data":10001},"model":"sweetheartset:ia_auto_gen/sweethearthat"},{"predicate":{"custom_model_data":10002},"model":"summerset:ia_auto_gen/summerhelmet"},{"predicate":{"custom_model_data":10003},"model":"elitecreatures:ia_auto_gen/zombie_apocalyptic_animated_weapon_set_helmet"},{"predicate":{"custom_model_data":10004},"model":"elitecreatures:ia_auto_gen/headlesshorseman_animated_weapon_set_helmet"},{"predicate":{"custom_model_data":10005},"model":"thunderboltset:ia_auto_gen/thunderbolthelmet"},{"predicate":{"custom_model_data":10006},"model":"elitecreatures:ia_auto_gen/berserker_animated_weapon_set_helmet"},{"predicate":{"custom_model_data":10007},"model":"elitecreatures:ia_auto_gen/thanks_giving_2023_v2-helmet"},{"predicate":{"custom_model_data":10008},"model":"elitecreatures:ia_auto_gen/christmas_2023-helmet"},{"predicate":{"custom_model_data":10010},"model":"cosmo_pack:ia_auto_gen/cosmo_helmet"},{"predicate":{"custom_model_data":10011},"model":"radiance_collection:ia_auto_gen/radiancehelmet"},{"predicate":{"custom_model_data":10012},"model":"saintpatricksset2024:ia_auto_gen/saintpatrickshelmet"},{"predicate":{"custom_model_data":10013},"model":"elitecreatures:ia_auto_gen/easterbunny_animated_weapon_set_v2_helmet"},{"predicate":{"custom_model_data":10014},"model":"demon_edgeset:ia_auto_gen/demon_edgehelmet"},{"predicate":{"custom_model_data":10015},"model":"leviathanset:ia_auto_gen/leviathanhelmet"},{"predicate":{"custom_model_data":10016},"model":"furnace_gearworks:ia_auto_gen/furnace_helmet"},{"predicate":{"custom_model_data":10017},"model":"ender_dragonset:ia_auto_gen/ender_dragonhelmet"},{"predicate":{"custom_model_data":10018},"model":"spartan_set:ia_auto_gen/spartanhelmet"},{"predicate":{"custom_model_data":10019},"model":"void_dragon_set:ia_auto_gen/void_dragon_helmet"},{"predicate":{"custom_model_data":10020},"model":"elitecreatures:ia_auto_gen/scarecrow_animated_weapon_set_helmet"},{"predicate":{"custom_model_data":10021},"model":"elitecreatures:ia_auto_gen/thanks_giving_2023_v1-helmet"},{"predicate":{"custom_model_data":10021},"model":"elitecreatures:ia_auto_gen/thanks_giving_2023_v1-helmet"},{"predicate":{"custom_model_data":10024},"model":"enderdragonset:ia_auto_gen/ender_dragon_helmet"},{"predicate":{"custom_model_data":10025},"model":"merry_christmas_2024_set:ia_auto_gen/merry_christmas_2024helmet"},{"predicate":{"custom_model_data":2000001},"model":"custom/armor/cursed_helmet"},{"predicate":{"custom_model_data":2000002},"model":"item/leather_helmet"}]}