{"parent":"minecraft:item/generated","textures":{"layer0":"minecraft:item/leather_horse_armor"},"overrides":[{"predicate":{"custom_model_data":1},"model":"modelengine:cursed_dragon/body"},{"predicate":{"custom_model_data":2},"model":"modelengine:cursed_dragon/leg_left"},{"predicate":{"custom_model_data":3},"model":"modelengine:cursed_dragon/legleftbottom"},{"predicate":{"custom_model_data":4},"model":"modelengine:cursed_dragon/leg_right2"},{"predicate":{"custom_model_data":5},"model":"modelengine:cursed_dragon/legrightbottom"},{"predicate":{"custom_model_data":6},"model":"modelengine:cursed_dragon/neck"},{"predicate":{"custom_model_data":7},"model":"modelengine:cursed_dragon/head"},{"predicate":{"custom_model_data":8},"model":"modelengine:cursed_dragon/mouth"},{"predicate":{"custom_model_data":9},"model":"modelengine:cursed_dragon/arm_left2"},{"predicate":{"custom_model_data":10},"model":"modelengine:cursed_dragon/armleftbottom"},{"predicate":{"custom_model_data":11},"model":"modelengine:cursed_dragon/arm_right3"},{"predicate":{"custom_model_data":12},"model":"modelengine:cursed_dragon/armrightbottom"},{"predicate":{"custom_model_data":13},"model":"modelengine:cursed_dragon/wing_right"},{"predicate":{"custom_model_data":14},"model":"modelengine:cursed_dragon/wing_rightbottom"},{"predicate":{"custom_model_data":15},"model":"modelengine:cursed_dragon/tail"},{"predicate":{"custom_model_data":16},"model":"modelengine:cursed_dragon/tail2"},{"predicate":{"custom_model_data":17},"model":"modelengine:cursed_dragon/wing_left"},{"predicate":{"custom_model_data":18},"model":"modelengine:cursed_dragon/wing_leftbottom"},{"predicate":{"custom_model_data":19},"model":"modelengine:dolphin/whole"},{"predicate":{"custom_model_data":20},"model":"modelengine:dolphin/tail"},{"predicate":{"custom_model_data":21},"model":"modelengine:dolphin/reartail"},{"predicate":{"custom_model_data":22},"model":"modelengine:dolphin/tailfin"},{"predicate":{"custom_model_data":23},"model":"modelengine:dolphin/head"},{"predicate":{"custom_model_data":24},"model":"modelengine:dolphin/lowerjaw"},{"predicate":{"custom_model_data":25},"model":"modelengine:dolphin/rightfin"},{"predicate":{"custom_model_data":26},"model":"modelengine:dolphin/leftfin"},{"predicate":{"custom_model_data":27},"model":"modelengine:mantaray/whole"},{"predicate":{"custom_model_data":28},"model":"modelengine:mantaray/leftlowerjaw"},{"predicate":{"custom_model_data":29},"model":"modelengine:mantaray/rightlowerjaw"},{"predicate":{"custom_model_data":30},"model":"modelengine:mantaray/leftwingtop"},{"predicate":{"custom_model_data":31},"model":"modelengine:mantaray/leftwingend"},{"predicate":{"custom_model_data":32},"model":"modelengine:mantaray/rightwing"},{"predicate":{"custom_model_data":33},"model":"modelengine:mantaray/rightwingend"},{"predicate":{"custom_model_data":34},"model":"modelengine:mantaray/tail"},{"predicate":{"custom_model_data":35},"model":"modelengine:skr_snowbone/head"},{"predicate":{"custom_model_data":36},"model":"modelengine:skr_snowbone/upper_skull"},{"predicate":{"custom_model_data":37},"model":"modelengine:skr_snowbone/hat"},{"predicate":{"custom_model_data":38},"model":"modelengine:skr_snowbone/hat2"},{"predicate":{"custom_model_data":39},"model":"modelengine:skr_snowbone/left_arm"},{"predicate":{"custom_model_data":40},"model":"modelengine:skr_snowbone/right_arm"},{"predicate":{"custom_model_data":41},"model":"modelengine:skr_snowbone/snowball"},{"predicate":{"custom_model_data":42},"model":"modelengine:skr_snowbone/body"},{"predicate":{"custom_model_data":43},"model":"modelengine:skr_snowbone/left_leg"},{"predicate":{"custom_model_data":44},"model":"modelengine:skr_snowbone/right_leg"},{"predicate":{"custom_model_data":45},"model":"modelengine:whaleshark/whole"},{"predicate":{"custom_model_data":46},"model":"modelengine:whaleshark/tail"},{"predicate":{"custom_model_data":47},"model":"modelengine:whaleshark/reartail"},{"predicate":{"custom_model_data":48},"model":"modelengine:whaleshark/tailfin"},{"predicate":{"custom_model_data":49},"model":"modelengine:whaleshark/tailfinpart"},{"predicate":{"custom_model_data":50},"model":"modelengine:whaleshark/head"},{"predicate":{"custom_model_data":51},"model":"modelengine:whaleshark/lowerjawleft"},{"predicate":{"custom_model_data":52},"model":"modelengine:whaleshark/lowerjawright"},{"predicate":{"custom_model_data":53},"model":"modelengine:whaleshark/leftfin"},{"predicate":{"custom_model_data":54},"model":"modelengine:whaleshark/rightfin"},{"predicate":{"custom_model_data":1000},"model":"modelengine:nm_cassowary/nm_cassowary"},{"predicate":{"custom_model_data":1001},"model":"modelengine:nm_cassowary/rightleg"},{"predicate":{"custom_model_data":1002},"model":"modelengine:nm_cassowary/leftleg"},{"predicate":{"custom_model_data":1003},"model":"modelengine:nm_cassowary/neck"},{"predicate":{"custom_model_data":1004},"model":"modelengine:nm_cassowary/head"},{"predicate":{"custom_model_data":1005},"model":"modelengine:nm_cassowary_baby/nm_cassowary_baby"},{"predicate":{"custom_model_data":1006},"model":"modelengine:nm_cassowary_baby/rightleg"},{"predicate":{"custom_model_data":1007},"model":"modelengine:nm_cassowary_baby/leftleg"},{"predicate":{"custom_model_data":1008},"model":"modelengine:nm_cassowary_baby/neck"},{"predicate":{"custom_model_data":1009},"model":"modelengine:nm_cassowary_baby/head"},{"predicate":{"custom_model_data":10005},"model":"hats_expansion:adventurer_hat"},{"predicate":{"custom_model_data":10006},"model":"hats_expansion:amongus_head"},{"predicate":{"custom_model_data":10007},"model":"hats_expansion:axolotl_hat"},{"predicate":{"custom_model_data":10008},"model":"hats_expansion:baseball_cap"},{"predicate":{"custom_model_data":10009},"model":"hats_expansion:fedora"},{"predicate":{"custom_model_data":10010},"model":"hats_expansion:frog_hat"},{"predicate":{"custom_model_data":10011},"model":"hats_expansion:jellyfish_hat"},{"predicate":{"custom_model_data":10012},"model":"hats_expansion:sensei"},{"predicate":{"custom_model_data":10013},"model":"hats_expansion:sombrero"},{"predicate":{"custom_model_data":10014},"model":"hats_expansion:straw_hat"},{"predicate":{"custom_model_data":10015},"model":"hats_expansion:tv_head"},{"predicate":{"custom_model_data":10016},"model":"hats_expansion:ufo_hat"},{"predicate":{"custom_model_data":10017},"model":"item/leather_horse_armor"}]}