{"textures​":{"layer0":"minecraft:item/brown_mushroom_block"},"credit":"Made with Blockbench","texture_size":[32,32],"\u0074\u0065\u0078\u0074\u0075\u0072\u0065\u0073":{"1":"\u0073\u0061\u0074\u0075\u0072\u006e\u0073\u0074\u0075\u0064\u0069\u006f:\u006c\u0069\u0067\u0068\u0074\u0073\u0061\u0062\u0065\u0072_3","\u0070\u0061\u0072\u0074\u0069\u0063\u006c\u0065":"#1"},"elements":[{"from":[7.25,-3,7.25],"to":[8.75,3,8.75],"rotation":{"angle":0,"axis":"y","origin":[7.25,-1,7]},"faces":{"north":{"uv":[8,0,8.75,3],"texture":"#1"},"east":{"uv":[8,3,8.75,6],"texture":"#1"},"south":{"uv":[8,6,8.75,9],"texture":"#1"},"west":{"uv":[9,0,9.75,3],"texture":"#1"},"up":{"uv":[6.75,10.75,6,10],"texture":"#1"},"down":{"uv":[10.75,6,10,6.75],"texture":"#1"}}},{"from":[7.25,6.5,7.25],"to":[8.75,26,8.75],"rotation":{"angle":0,"axis":"y","origin":[6.75,8,7]},"faces":{"north":{"uv":[4,0,4.75,9.75],"texture":"#1"},"east":{"uv":[5,0,5.75,9.75],"texture":"#1"},"south":{"uv":[6,0,6.75,9.75],"texture":"#1"},"west":{"uv":[7,0,7.75,9.75],"texture":"#1"},"up":{"uv":[5.75,10.75,5,10],"texture":"#1"},"down":{"uv":[10.75,5,10,5.75],"texture":"#1"}}},{"from":[7,3,7],"to":[9,6.5,9],"rotation":{"angle":0,"axis":"y","origin":[7,4.5,7]},"faces":{"north":{"uv":[9,9,10,10.75],"texture":"#1"},"east":{"uv":[0,10,1,11.75],"texture":"#1"},"south":{"uv":[10,0,11,1.75],"texture":"#1"},"west":{"uv":[1,10,2,11.75],"texture":"#1"},"up":{"uv":[4,11,3,10],"texture":"#1"},"down":{"uv":[11,3,10,4],"texture":"#1"}}},{"from":[7,-2.25,7],"to":[9,1.75,9],"rotation":{"angle":0,"axis":"y","origin":[7,-0.25,7]},"faces":{"north":{"uv":[9,3,10,5],"texture":"#1"},"east":{"uv":[9,5,10,7],"texture":"#1"},"south":{"uv":[9,7,10,9],"texture":"#1"},"west":{"uv":[8,9,9,11],"texture":"#1"},"up":{"uv":[3,11,2,10],"texture":"#1"},"down":{"uv":[11,2,10,3],"texture":"#1"}}},{"name":"cube_outline","from":[9.1,26.35,9.1],"to":[6.9,6.15,6.9],"rotation":{"angle":0,"axis":"y","origin":[6.75,8,7]},"faces":{"north":{"uv":[0,0,1,10],"texture":"#1"},"east":{"uv":[1,0,2,10],"texture":"#1"},"south":{"uv":[2,0,3,10],"texture":"#1"},"west":{"uv":[3,0,4,10],"texture":"#1"},"down":{"uv":[11,4,10,5],"texture":"#1"}}}],"display":{"thirdperson_righthand":{"translation":[0,4.25,1.5],"scale":[0.9,0.9,0.9]},"thirdperson_lefthand":{"translation":[0,4.25,1.5],"scale":[0.9,0.9,0.9]},"firstperson_righthand":{"rotation":[0,-90,25],"translation":[2.13,3.2,1.13],"scale":[0.68,0.68,0.68]},"firstperson_lefthand":{"rotation":[0,-90,25],"translation":[2.13,3.2,1.13],"scale":[0.68,0.68,0.68]},"ground":{"translation":[0,2,0],"scale":[0.5,0.5,0.5]},"gui":{"rotation":[0,0,-45],"translation":[-1.75,-2,0],"scale":[0.65,0.65,0.65]},"fixed":{"translation":[0,-9.5,0],"scale":[1.75,1.75,1.75]}},"gui_light":"front"}