{"textures":{"0":"modelengine:entity/end_seeker","particle":"#0"},"elements":[{"from":[6.881708,-2.7653027,5.5],"to":[6.881708,8.234699,10.5],"faces":{"east":{"uv":[1.5,8.625,0.875,10.0],"tintindex":0,"rotation":0,"texture":"#0"},"west":{"uv":[0.875,8.625,1.5,10.0],"tintindex":0,"rotation":0,"texture":"#0"}},"rotation":{"origin":[6.881708,5.2346973,8.0],"angle":-22.5,"axis":"z"}}],"display":{"head":{"rotation":[0.0,0.0,0.0]},"firstperson_righthand":{"rotation":[0.0,0.0,0.0]},"thirdperson_lefthand":{"rotation":[0.0,-0.0,-0.0]},"firstperson_lefthand":{"rotation":[0.0,-0.0,-0.0]},"fixed":{"rotation":[0.0,0.0,0.0]},"ground":{"rotation":[0.0,0.0,0.0]},"thirdperson_righthand":{"rotation":[0.0,0.0,0.0]},"gui":{"rotation":[-150.0,-45.0,180.0]}}}