{"textures":{"0":"modelengine:entity/end_scuttler","particle":"#0"},"elements":[{"from":[5.0,6.5,1.75],"to":[11.0,9.5,5.75],"faces":{"east":{"uv":[4.125,7.0,4.5,7.375],"tintindex":0,"rotation":0,"texture":"#0"},"south":{"uv":[7.625,10.5,8.375,10.875],"tintindex":0,"rotation":0,"texture":"#0"},"north":{"uv":[9.875,1.5,10.625,1.875],"tintindex":0,"rotation":0,"texture":"#0"},"west":{"uv":[5.875,9.625,6.25,10.0],"tintindex":0,"rotation":0,"texture":"#0"},"up":{"uv":[11.25,8.5,10.5,8.125],"tintindex":0,"rotation":0,"texture":"#0"},"down":{"uv":[9.25,10.5,8.5,10.875],"tintindex":0,"rotation":0,"texture":"#0"}}},{"from":[4.0,5.5,5.75],"to":[12.0,10.5,18.75],"faces":{"east":{"uv":[9.25,4.0,10.875,4.625],"tintindex":0,"rotation":0,"texture":"#0"},"south":{"uv":[9.25,9.75,10.25,10.375],"tintindex":0,"rotation":0,"texture":"#0"},"north":{"uv":[8.125,9.75,9.125,10.375],"tintindex":0,"rotation":0,"texture":"#0"},"west":{"uv":[9.25,6.0,10.875,6.625],"tintindex":0,"rotation":0,"texture":"#0"},"up":{"uv":[8.625,9.25,7.625,7.625],"tintindex":0,"rotation":0,"texture":"#0"},"down":{"uv":[5.125,7.875,4.125,9.5],"tintindex":0,"rotation":0,"texture":"#0"}}}],"display":{"head":{"rotation":[0.0,0.0,0.0]},"firstperson_righthand":{"rotation":[0.0,0.0,0.0]},"thirdperson_lefthand":{"rotation":[0.0,-0.0,-0.0]},"firstperson_lefthand":{"rotation":[0.0,-0.0,-0.0]},"fixed":{"rotation":[0.0,0.0,0.0]},"ground":{"rotation":[0.0,0.0,0.0]},"thirdperson_righthand":{"rotation":[0.0,0.0,0.0]},"gui":{"rotation":[-150.0,-45.0,180.0]}}}