{"credit":"Pologony Creation Co.,Ltd.","texture_size":[20,20],"textures":{"1":"necros_set:wings_under","2":"necros_set:animated/animated_12","4":"necros_set:wings","particle":"necros_set:wings_under"},"elements":[{"from":[2.30625,4.86555,6.58951],"to":[5.30625,7.86555,9.08951],"rotation":{"angle":-22.5,"axis":"z","origin":[8,8,11]},"faces":{"north":{"uv":[1.6,8.4,2.8,9.6],"texture":"#4","tintindex":0},"east":{"uv":[3.2,8.4,4.2,9.6],"texture":"#4","tintindex":0},"south":{"uv":[0,8.4,1.2,9.6],"texture":"#4","tintindex":0},"west":{"uv":[4.8,8.4,5.8,9.6],"texture":"#4","tintindex":0},"up":{"uv":[7.4,9.6,6.4,8.4],"rotation":90,"texture":"#4","tintindex":0},"down":{"uv":[9,8.4,8,9.6],"rotation":270,"texture":"#4","tintindex":0}}},{"from":[2.55625,5.11555,6.33951],"to":[5.05625,7.61555,9.33951],"rotation":{"angle":-22.5,"axis":"z","origin":[8,8,11]},"faces":{"north":{"uv":[6.4,10,7.4,11],"texture":"#4","tintindex":0},"east":{"uv":[9.6,8.4,10.8,9.4],"texture":"#4","tintindex":0},"south":{"uv":[4.8,10,5.8,11],"texture":"#4","tintindex":0},"west":{"uv":[0,10,1.2,11],"texture":"#4","tintindex":0},"up":{"uv":[2.8,11,1.6,10],"rotation":90,"texture":"#4","tintindex":0},"down":{"uv":[4.4,10,3.2,11],"rotation":270,"texture":"#4","tintindex":0}}},{"from":[-0.69375,6.36555,6.83951],"to":[2.30625,7.86555,8.83951],"rotation":{"angle":-22.5,"axis":"z","origin":[8,8,11]},"faces":{"north":{"uv":[10.8,0,12,0.6],"texture":"#4","tintindex":0},"south":{"uv":[10.4,10,11.6,10.6],"texture":"#4","tintindex":0},"up":{"uv":[8.8,11.2,8,10],"rotation":90,"texture":"#4","tintindex":0},"down":{"uv":[10,10,9.2,11.2],"rotation":270,"texture":"#4","tintindex":0}}},{"from":[2.99678,7.40195,6.83701],"to":[4.49678,8.65195,8.84201],"rotation":{"angle":22.5,"axis":"z","origin":[8,8,11]},"faces":{"north":{"uv":[0,12.8,0.6,13.3],"texture":"#4","tintindex":0},"east":{"uv":[7.2,11.6,8,12.1],"texture":"#4","tintindex":0},"south":{"uv":[12.4,0,13,0.5],"texture":"#4","tintindex":0},"west":{"uv":[8.4,11.6,9.2,12.1],"texture":"#4","tintindex":0},"up":{"uv":[11.6,1.8,10.8,1.2],"rotation":90,"texture":"#4","tintindex":0},"down":{"uv":[11.6,2.4,10.8,3],"rotation":270,"texture":"#4","tintindex":0}}},{"from":[2.99678,6.15195,6.83701],"to":[4.24678,7.40195,8.84201],"rotation":{"angle":22.5,"axis":"z","origin":[8,8,11]},"faces":{"north":{"uv":[13.2,1.2,13.7,1.7],"texture":"#4","tintindex":0},"east":{"uv":[12,1.2,12.8,1.7],"texture":"#4","tintindex":0},"south":{"uv":[1.2,13.2,1.7,13.7],"texture":"#4","tintindex":0},"west":{"uv":[12,2.4,12.8,2.9],"texture":"#4","tintindex":0},"down":{"uv":[12.8,3.6,12,4.1],"rotation":270,"texture":"#4","tintindex":0}}},{"from":[7.72606,3.42319,7.21201],"to":[8.47606,5.67319,8.46701],"rotation":{"angle":-22.5,"axis":"z","origin":[8,8,11]},"faces":{"north":{"uv":[7.2,12.8,7.5,13.7],"texture":"#4","tintindex":0},"east":{"uv":[10.8,6,11.3,6.9],"texture":"#4","tintindex":0},"south":{"uv":[6.4,12.8,6.7,13.7],"texture":"#4","tintindex":0},"west":{"uv":[11.2,7.6,11.7,8.5],"texture":"#4","tintindex":0},"up":{"uv":[10.9,14.3,10.4,14],"rotation":90,"texture":"#4","tintindex":0},"down":{"uv":[14.5,11.2,14,11.5],"rotation":270,"texture":"#4","tintindex":0}}},{"from":[2.49678,5.65195,7.33701],"to":[4.74678,6.90195,8.34201],"rotation":{"angle":22.5,"axis":"z","origin":[8,8,11]},"faces":{"north":{"uv":[0,11.6,0.9,12.1],"texture":"#4","tintindex":0},"south":{"uv":[10.4,11.2,11.3,11.7],"texture":"#4","tintindex":0},"west":{"uv":[13.2,11.2,13.6,11.7],"texture":"#4","tintindex":0},"up":{"uv":[10,12.5,9.6,11.6],"rotation":90,"texture":"#4","tintindex":0},"down":{"uv":[12.8,7.2,12.4,8.1],"rotation":270,"texture":"#4","tintindex":0}}},{"from":[6.47606,3.67319,7.33451],"to":[7.72606,4.92319,8.34451],"rotation":{"angle":-22.5,"axis":"z","origin":[8,8,11]},"faces":{"north":{"uv":[13.2,2.4,13.7,2.9],"texture":"#4","tintindex":0},"south":{"uv":[2.4,13.2,2.9,13.7],"texture":"#4","tintindex":0},"west":{"uv":[13.6,0,14,0.5],"texture":"#4","tintindex":0},"up":{"uv":[8.4,14.1,8,13.6],"rotation":90,"texture":"#4","tintindex":0},"down":{"uv":[9.2,13.6,8.8,14.1],"rotation":270,"texture":"#4","tintindex":0}}},{"from":[-2.37053,9.64588,7.21201],"to":[-0.12053,10.39588,8.46701],"rotation":{"angle":-22.5,"axis":"z","origin":[8,8,11]},"faces":{"north":{"uv":[12,12.8,12.9,13.1],"texture":"#4","tintindex":0},"east":{"uv":[14.4,0,14.9,0.3],"texture":"#4","tintindex":0},"south":{"uv":[8,12.8,8.9,13.1],"texture":"#4","tintindex":0},"west":{"uv":[14.4,0.8,14.9,1.1],"texture":"#4","tintindex":0},"up":{"uv":[2.1,12.5,1.6,11.6],"rotation":90,"texture":"#4","tintindex":0},"down":{"uv":[3.3,11.6,2.8,12.5],"rotation":270,"texture":"#4","tintindex":0}}},{"from":[-2.12053,8.39588,7.33451],"to":[-0.87053,9.64588,8.34451],"rotation":{"angle":-22.5,"axis":"z","origin":[8,8,11]},"faces":{"north":{"uv":[13.2,4.8,13.7,5.3],"texture":"#4","tintindex":0},"east":{"uv":[12,13.6,12.4,14.1],"texture":"#4","tintindex":0},"south":{"uv":[13.2,3.6,13.7,4.1],"texture":"#4","tintindex":0},"west":{"uv":[13.6,12.4,14,12.9],"texture":"#4","tintindex":0},"down":{"uv":[13.2,13.6,12.8,14.1],"rotation":270,"texture":"#4","tintindex":0}}},{"from":[-0.24248,14.55234,7.33701],"to":[2.00752,15.80234,8.34201],"rotation":{"angle":22.5,"axis":"z","origin":[8,8,11]},"faces":{"north":{"uv":[5.6,11.6,6.5,12.1],"texture":"#4","tintindex":0},"south":{"uv":[4,11.6,4.9,12.1],"texture":"#4","tintindex":0},"west":{"uv":[13.6,13.6,14,14.1],"texture":"#4","tintindex":0},"up":{"uv":[10.8,13.3,10.4,12.4],"rotation":90,"texture":"#4","tintindex":0},"down":{"uv":[11.6,12.4,11.2,13.3],"rotation":270,"texture":"#4","tintindex":0}}},{"from":[0.25752,14.05234,6.83701],"to":[1.50752,15.30234,8.84201],"rotation":{"angle":22.5,"axis":"z","origin":[8,8,11]},"faces":{"north":{"uv":[13.2,7.2,13.7,7.7],"texture":"#4","tintindex":0},"east":{"uv":[12,4.8,12.8,5.3],"texture":"#4","tintindex":0},"south":{"uv":[13.2,6,13.7,6.5],"texture":"#4","tintindex":0},"west":{"uv":[12,6,12.8,6.5],"texture":"#4","tintindex":0},"up":{"uv":[12.8,9.7,12,9.2],"rotation":90,"texture":"#4","tintindex":0}}},{"from":[0.25752,12.80234,6.83701],"to":[1.75752,14.05234,8.84201],"rotation":{"angle":22.5,"axis":"z","origin":[8,8,11]},"faces":{"north":{"uv":[5.2,12.8,5.8,13.3],"texture":"#4","tintindex":0},"east":{"uv":[12,10.4,12.8,10.9],"texture":"#4","tintindex":0},"south":{"uv":[4,12.8,4.6,13.3],"texture":"#4","tintindex":0},"west":{"uv":[12,11.6,12.8,12.1],"texture":"#4","tintindex":0},"up":{"uv":[11.6,4.2,10.8,3.6],"rotation":90,"texture":"#4","tintindex":0},"down":{"uv":[11.6,4.8,10.8,5.4],"rotation":270,"texture":"#4","tintindex":0}}},{"from":[4.41311,10.31339,7.71451],"to":[5.41311,11.81339,7.96451],"rotation":{"angle":22.5,"axis":"z","origin":[8,8,11]},"faces":{"north":{"uv":[9.6,13.2,10,13.8],"texture":"#4","tintindex":0},"east":{"uv":[2.8,14.4,2.9,15],"texture":"#4","tintindex":0},"south":{"uv":[13.2,8.4,13.6,9],"texture":"#4","tintindex":0},"west":{"uv":[14.4,2.8,14.5,3.4],"texture":"#4","tintindex":0},"down":{"uv":[6.9,14.4,6.8,14.8],"rotation":270,"texture":"#4","tintindex":0}}},{"from":[4.41311,11.81339,7.71451],"to":[5.91311,12.56339,7.96451],"rotation":{"angle":22.5,"axis":"z","origin":[8,8,11]},"faces":{"north":{"uv":[3.6,14,4.2,14.3],"texture":"#4","tintindex":0},"east":{"uv":[14.4,7.6,14.5,7.9],"texture":"#4","tintindex":0},"south":{"uv":[0,14,0.6,14.3],"texture":"#4","tintindex":0},"west":{"uv":[14.4,9.2,14.5,9.5],"texture":"#4","tintindex":0},"up":{"uv":[14.5,4.6,14.4,4],"rotation":90,"texture":"#4","tintindex":0},"down":{"uv":[14.5,5.2,14.4,5.8],"rotation":270,"texture":"#4","tintindex":0}}},{"from":[2.13278,12.65439,7.71451],"to":[3.88278,13.40439,7.96451],"rotation":{"angle":22.5,"axis":"z","origin":[8,8,11]},"faces":{"north":{"uv":[13.2,10.4,13.9,10.7],"texture":"#4","tintindex":0},"east":{"uv":[9.6,14.4,9.7,14.7],"texture":"#4","tintindex":0},"south":{"uv":[13.2,9.6,13.9,9.9],"texture":"#4","tintindex":0},"up":{"uv":[14.5,2.3,14.4,1.6],"rotation":90,"texture":"#4","tintindex":0},"down":{"uv":[2.1,14.4,2,15.1],"rotation":270,"texture":"#4","tintindex":0}}},{"from":[3.07788,8.47082,7.71501],"to":[3.82788,9.22082,7.96401],"rotation":{"angle":-22.5,"axis":"z","origin":[8,8,11]},"faces":{"north":{"uv":[1.2,14.4,1.5,14.7],"texture":"#4","tintindex":0},"east":{"uv":[14.4,10,14.5,10.3],"texture":"#4","tintindex":0},"south":{"uv":[11.2,9.2,11.5,9.5],"texture":"#4","tintindex":0}}},{"from":[1.26722,8.11016,7.71501],"to":[2.84222,8.91016,7.96401],"rotation":{"angle":-22.5,"axis":"z","origin":[8,8,11]},"faces":{"north":{"uv":[14,8.4,14.6,8.7],"texture":"#4","tintindex":0},"south":{"uv":[4.8,14,5.4,14.3],"texture":"#4","tintindex":0},"up":{"uv":[6.1,15,6,14.4],"rotation":90,"texture":"#4","tintindex":0},"down":{"uv":[14.5,6.4,14.4,7],"rotation":270,"texture":"#4","tintindex":0}}},{"from":[-3,1.84484,7.58951],"to":[4.5,21.84484,7.61951],"rotation":{"angle":0,"axis":"y","origin":[8,8,11]},"faces":{"north":{"uv":[0,0,3,8],"texture":"#4","tintindex":0},"south":{"uv":[3,0,0,8],"texture":"#4","tintindex":0}}},{"from":[-8.35754,1.84484,3.6396],"to":[-0.85754,21.84484,3.6696],"rotation":{"angle":22.5,"axis":"y","origin":[8,8,11]},"faces":{"north":{"uv":[3,0,6,8],"texture":"#4","tintindex":0},"south":{"uv":[6,0,3,8],"texture":"#4","tintindex":0}}},{"from":[-5.05988,1.84484,23.29569],"to":[-5.02988,21.84484,30.79569],"rotation":{"angle":-45,"axis":"y","origin":[8,8,11]},"faces":{"east":{"uv":[9,0,6,8],"texture":"#4","tintindex":0},"west":{"uv":[6,0,9,8],"texture":"#4","tintindex":0}}},{"from":[21.02988,1.84484,23.29569],"to":[21.05988,21.84484,30.79569],"rotation":{"angle":45,"axis":"y","origin":[8,8,11]},"faces":{"east":{"uv":[9,0,6,8],"texture":"#4","tintindex":0},"west":{"uv":[6,0,9,8],"texture":"#4","tintindex":0}}},{"from":[16.85754,1.84484,3.6396],"to":[24.35754,21.84484,3.6696],"rotation":{"angle":-22.5,"axis":"y","origin":[8,8,11]},"faces":{"north":{"uv":[6,0,3,8],"texture":"#4","tintindex":0},"south":{"uv":[3,0,6,8],"texture":"#4","tintindex":0}}},{"from":[11.5,1.84484,7.58951],"to":[19,21.84484,7.61951],"rotation":{"angle":0,"axis":"y","origin":[8,8,11]},"faces":{"north":{"uv":[3,0,0,8],"texture":"#4","tintindex":0},"south":{"uv":[0,0,3,8],"texture":"#4","tintindex":0}}},{"from":[15.5,1.84484,7.38049],"to":[19,21.84484,7.41049],"rotation":{"angle":0,"axis":"y","origin":[8,8,4]},"faces":{"north":{"uv":[12,0,14.8,16],"texture":"#2","tintindex":0},"south":{"uv":[14.8,0,12,16],"texture":"#2","tintindex":0}}},{"from":[16.85754,1.84484,11.3304],"to":[24.35754,21.84484,11.3604],"rotation":{"angle":22.5,"axis":"y","origin":[8,8,4]},"faces":{"north":{"uv":[6,0,12,16],"texture":"#2","tintindex":0},"south":{"uv":[12,0,6,16],"texture":"#2","tintindex":0}}},{"from":[24.5,1.84484,5.94657],"to":[32,21.84484,5.97657],"rotation":{"angle":-22.5,"axis":"y","origin":[29.37643,11.84484,5.96157]},"faces":{"north":{"uv":[0,0,6,16],"texture":"#2","tintindex":0},"south":{"uv":[6,0,0,16],"texture":"#2","tintindex":0}}},{"from":[-16,1.84484,5.94657],"to":[-8.5,21.84484,5.97657],"rotation":{"angle":22.5,"axis":"y","origin":[-13.37643,11.84484,5.96157]},"faces":{"north":{"uv":[6,0,0,16],"texture":"#2","tintindex":0},"south":{"uv":[0,0,6,16],"texture":"#2","tintindex":0}}},{"from":[-3,1.84484,7.38049],"to":[0.5,21.84484,7.41049],"rotation":{"angle":0,"axis":"y","origin":[8,8,4]},"faces":{"north":{"uv":[14.8,0,12,16],"texture":"#2","tintindex":0},"south":{"uv":[12,0,14.8,16],"texture":"#2","tintindex":0}}},{"from":[-8.35754,1.84484,11.3304],"to":[-0.85754,21.84484,11.3604],"rotation":{"angle":-22.5,"axis":"y","origin":[8,8,4]},"faces":{"north":{"uv":[12,0,6,16],"texture":"#2","tintindex":0},"south":{"uv":[6,0,12,16],"texture":"#2","tintindex":0}}},{"from":[15.5,1.84484,8.33951],"to":[19,21.84484,8.36951],"rotation":{"angle":0,"axis":"y","origin":[8,8,11.75]},"faces":{"north":{"uv":[12,0,14.8,16],"texture":"#2","tintindex":0},"south":{"uv":[14.8,0,12,16],"texture":"#2","tintindex":0}}},{"from":[16.85754,1.84484,4.3896],"to":[24.35754,21.84484,4.4196],"rotation":{"angle":-22.5,"axis":"y","origin":[8,8,11.75]},"faces":{"north":{"uv":[6,0,12,16],"texture":"#2","tintindex":0},"south":{"uv":[12,0,6,16],"texture":"#2","tintindex":0}}},{"from":[21.02988,1.84484,24.04569],"to":[21.05988,21.84484,31.54569],"rotation":{"angle":45,"axis":"y","origin":[8,8,11.75]},"faces":{"east":{"uv":[0,0,6,16],"texture":"#2","tintindex":0},"west":{"uv":[6,0,0,16],"texture":"#2","tintindex":0}}},{"from":[-3,1.84484,8.33951],"to":[0.5,21.84484,8.36951],"rotation":{"angle":0,"axis":"y","origin":[8,8,11.75]},"faces":{"north":{"uv":[14.8,0,12,16],"texture":"#2","tintindex":0},"south":{"uv":[12,0,14.8,16],"texture":"#2","tintindex":0}}},{"from":[-8.35754,1.84484,4.3896],"to":[-0.85754,21.84484,4.4196],"rotation":{"angle":22.5,"axis":"y","origin":[8,8,11.75]},"faces":{"north":{"uv":[12,0,6,16],"texture":"#2","tintindex":0},"south":{"uv":[6,0,12,16],"texture":"#2","tintindex":0}}},{"from":[-5.05988,1.84484,24.04569],"to":[-5.02988,21.84484,31.54569],"rotation":{"angle":-45,"axis":"y","origin":[8,8,11.75]},"faces":{"east":{"uv":[0,0,6,16],"texture":"#2","tintindex":0},"west":{"uv":[6,0,0,16],"texture":"#2","tintindex":0}}},{"from":[13.15778,8.11016,7.71501],"to":[14.73278,8.91016,7.96401],"rotation":{"angle":22.5,"axis":"z","origin":[8,8,11]},"faces":{"north":{"uv":[14.6,8.4,14,8.7],"texture":"#4","tintindex":0},"south":{"uv":[5.4,14,4.8,14.3],"texture":"#4","tintindex":0},"up":{"uv":[6.1,14.4,6,15],"rotation":90,"texture":"#4","tintindex":0},"down":{"uv":[14.5,7,14.4,6.4],"rotation":270,"texture":"#4","tintindex":0}}},{"from":[12.17212,8.47082,7.71501],"to":[12.92212,9.22082,7.96401],"rotation":{"angle":22.5,"axis":"z","origin":[8,8,11]},"faces":{"north":{"uv":[1.5,14.4,1.2,14.7],"texture":"#4","tintindex":0},"south":{"uv":[11.5,9.2,11.2,9.5],"texture":"#4","tintindex":0},"west":{"uv":[14.5,10,14.4,10.3],"texture":"#4","tintindex":0}}},{"from":[12.11722,12.65439,7.71451],"to":[13.86722,13.40439,7.96451],"rotation":{"angle":-22.5,"axis":"z","origin":[8,8,11]},"faces":{"north":{"uv":[13.9,10.4,13.2,10.7],"texture":"#4","tintindex":0},"south":{"uv":[13.9,9.6,13.2,9.9],"texture":"#4","tintindex":0},"west":{"uv":[9.7,14.4,9.6,14.7],"texture":"#4","tintindex":0},"up":{"uv":[14.5,1.6,14.4,2.3],"rotation":90,"texture":"#4","tintindex":0},"down":{"uv":[2.1,15.1,2,14.4],"rotation":270,"texture":"#4","tintindex":0}}},{"from":[10.08689,11.81339,7.71451],"to":[11.58689,12.56339,7.96451],"rotation":{"angle":-22.5,"axis":"z","origin":[8,8,11]},"faces":{"north":{"uv":[4.2,14,3.6,14.3],"texture":"#4","tintindex":0},"east":{"uv":[14.5,9.2,14.4,9.5],"texture":"#4","tintindex":0},"south":{"uv":[0.6,14,0,14.3],"texture":"#4","tintindex":0},"west":{"uv":[14.5,7.6,14.4,7.9],"texture":"#4","tintindex":0},"up":{"uv":[14.5,4,14.4,4.6],"rotation":90,"texture":"#4","tintindex":0},"down":{"uv":[14.5,5.8,14.4,5.2],"rotation":270,"texture":"#4","tintindex":0}}},{"from":[10.58689,10.31339,7.71451],"to":[11.58689,11.81339,7.96451],"rotation":{"angle":-22.5,"axis":"z","origin":[8,8,11]},"faces":{"north":{"uv":[10,13.2,9.6,13.8],"texture":"#4","tintindex":0},"east":{"uv":[14.5,2.8,14.4,3.4],"texture":"#4","tintindex":0},"south":{"uv":[13.6,8.4,13.2,9],"texture":"#4","tintindex":0},"west":{"uv":[2.9,14.4,2.8,15],"texture":"#4","tintindex":0},"down":{"uv":[6.9,14.8,6.8,14.4],"rotation":270,"texture":"#4","tintindex":0}}},{"from":[14.24248,12.80234,6.83701],"to":[15.74248,14.05234,8.84201],"rotation":{"angle":-22.5,"axis":"z","origin":[8,8,11]},"faces":{"north":{"uv":[5.8,12.8,5.2,13.3],"texture":"#4","tintindex":0},"east":{"uv":[12.8,11.6,12,12.1],"texture":"#4","tintindex":0},"south":{"uv":[4.6,12.8,4,13.3],"texture":"#4","tintindex":0},"west":{"uv":[12.8,10.4,12,10.9],"texture":"#4","tintindex":0},"up":{"uv":[11.6,3.6,10.8,4.2],"rotation":90,"texture":"#4","tintindex":0},"down":{"uv":[11.6,5.4,10.8,4.8],"rotation":270,"texture":"#4","tintindex":0}}},{"from":[14.49248,14.05234,6.83701],"to":[15.74248,15.30234,8.84201],"rotation":{"angle":-22.5,"axis":"z","origin":[8,8,11]},"faces":{"north":{"uv":[13.7,7.2,13.2,7.7],"texture":"#4","tintindex":0},"east":{"uv":[12.8,6,12,6.5],"texture":"#4","tintindex":0},"south":{"uv":[13.7,6,13.2,6.5],"texture":"#4","tintindex":0},"west":{"uv":[12.8,4.8,12,5.3],"texture":"#4","tintindex":0},"up":{"uv":[12.8,9.2,12,9.7],"rotation":90,"texture":"#4","tintindex":0}}},{"from":[13.99248,14.55234,7.33701],"to":[16.24248,15.80234,8.34201],"rotation":{"angle":-22.5,"axis":"z","origin":[8,8,11]},"faces":{"north":{"uv":[6.5,11.6,5.6,12.1],"texture":"#4","tintindex":0},"east":{"uv":[14,13.6,13.6,14.1],"texture":"#4","tintindex":0},"south":{"uv":[4.9,11.6,4,12.1],"texture":"#4","tintindex":0},"up":{"uv":[10.8,12.4,10.4,13.3],"rotation":90,"texture":"#4","tintindex":0},"down":{"uv":[11.6,13.3,11.2,12.4],"rotation":270,"texture":"#4","tintindex":0}}},{"from":[16.87053,8.39588,7.33451],"to":[18.12053,9.64588,8.34451],"rotation":{"angle":22.5,"axis":"z","origin":[8,8,11]},"faces":{"north":{"uv":[13.7,4.8,13.2,5.3],"texture":"#4","tintindex":0},"east":{"uv":[14,12.4,13.6,12.9],"texture":"#4","tintindex":0},"south":{"uv":[13.7,3.6,13.2,4.1],"texture":"#4","tintindex":0},"west":{"uv":[12.4,13.6,12,14.1],"texture":"#4","tintindex":0},"down":{"uv":[13.2,14.1,12.8,13.6],"rotation":270,"texture":"#4","tintindex":0}}},{"from":[16.12053,9.64588,7.21201],"to":[18.37053,10.39588,8.46701],"rotation":{"angle":22.5,"axis":"z","origin":[8,8,11]},"faces":{"north":{"uv":[12.9,12.8,12,13.1],"texture":"#4","tintindex":0},"east":{"uv":[14.9,0.8,14.4,1.1],"texture":"#4","tintindex":0},"south":{"uv":[8.9,12.8,8,13.1],"texture":"#4","tintindex":0},"west":{"uv":[14.9,0,14.4,0.3],"texture":"#4","tintindex":0},"up":{"uv":[2.1,11.6,1.6,12.5],"rotation":90,"texture":"#4","tintindex":0},"down":{"uv":[3.3,12.5,2.8,11.6],"rotation":270,"texture":"#4","tintindex":0}}},{"from":[8.27394,3.67319,7.33451],"to":[9.52394,4.92319,8.34451],"rotation":{"angle":22.5,"axis":"z","origin":[8,8,11]},"faces":{"north":{"uv":[13.7,2.4,13.2,2.9],"texture":"#4","tintindex":0},"east":{"uv":[14,0,13.6,0.5],"texture":"#4","tintindex":0},"south":{"uv":[2.9,13.2,2.4,13.7],"texture":"#4","tintindex":0},"up":{"uv":[8.4,13.6,8,14.1],"rotation":90,"texture":"#4","tintindex":0},"down":{"uv":[9.2,14.1,8.8,13.6],"rotation":270,"texture":"#4","tintindex":0}}},{"from":[11.25322,5.65195,7.33701],"to":[13.50322,6.90195,8.34201],"rotation":{"angle":-22.5,"axis":"z","origin":[8,8,11]},"faces":{"north":{"uv":[0.9,11.6,0,12.1],"texture":"#4","tintindex":0},"east":{"uv":[13.6,11.2,13.2,11.7],"texture":"#4","tintindex":0},"south":{"uv":[11.3,11.2,10.4,11.7],"texture":"#4","tintindex":0},"up":{"uv":[10,11.6,9.6,12.5],"rotation":90,"texture":"#4","tintindex":0},"down":{"uv":[12.8,8.1,12.4,7.2],"rotation":270,"texture":"#4","tintindex":0}}},{"from":[7.52394,3.42319,7.21201],"to":[8.27394,5.67319,8.46701],"rotation":{"angle":22.5,"axis":"z","origin":[8,8,11]},"faces":{"north":{"uv":[7.5,12.8,7.2,13.7],"texture":"#4","tintindex":0},"east":{"uv":[11.7,7.6,11.2,8.5],"texture":"#4","tintindex":0},"south":{"uv":[6.7,12.8,6.4,13.7],"texture":"#4","tintindex":0},"west":{"uv":[11.3,6,10.8,6.9],"texture":"#4","tintindex":0},"up":{"uv":[10.9,14,10.4,14.3],"rotation":90,"texture":"#4","tintindex":0},"down":{"uv":[14.5,11.5,14,11.2],"rotation":270,"texture":"#4","tintindex":0}}},{"from":[11.75322,6.15195,6.83701],"to":[13.00322,7.40195,8.84201],"rotation":{"angle":-22.5,"axis":"z","origin":[8,8,11]},"faces":{"north":{"uv":[13.7,1.2,13.2,1.7],"texture":"#4","tintindex":0},"east":{"uv":[12.8,2.4,12,2.9],"texture":"#4","tintindex":0},"south":{"uv":[1.7,13.2,1.2,13.7],"texture":"#4","tintindex":0},"west":{"uv":[12.8,1.2,12,1.7],"texture":"#4","tintindex":0},"down":{"uv":[12.8,4.1,12,3.6],"rotation":270,"texture":"#4","tintindex":0}}},{"from":[11.50322,7.40195,6.83701],"to":[13.00322,8.65195,8.84201],"rotation":{"angle":-22.5,"axis":"z","origin":[8,8,11]},"faces":{"north":{"uv":[0.6,12.8,0,13.3],"texture":"#4","tintindex":0},"east":{"uv":[9.2,11.6,8.4,12.1],"texture":"#4","tintindex":0},"south":{"uv":[13,0,12.4,0.5],"texture":"#4","tintindex":0},"west":{"uv":[8,11.6,7.2,12.1],"texture":"#4","tintindex":0},"up":{"uv":[11.6,1.2,10.8,1.8],"rotation":90,"texture":"#4","tintindex":0},"down":{"uv":[11.6,3,10.8,2.4],"rotation":270,"texture":"#4","tintindex":0}}},{"from":[13.69375,6.36555,6.83951],"to":[16.69375,7.86555,8.83951],"rotation":{"angle":22.5,"axis":"z","origin":[8,8,11]},"faces":{"north":{"uv":[12,0,10.8,0.6],"texture":"#4","tintindex":0},"south":{"uv":[11.6,10,10.4,10.6],"texture":"#4","tintindex":0},"up":{"uv":[8.8,10,8,11.2],"rotation":90,"texture":"#4","tintindex":0},"down":{"uv":[10,11.2,9.2,10],"rotation":270,"texture":"#4","tintindex":0}}},{"from":[10.94375,5.11555,6.33951],"to":[13.44375,7.61555,9.33951],"rotation":{"angle":22.5,"axis":"z","origin":[8,8,11]},"faces":{"north":{"uv":[7.4,10,6.4,11],"texture":"#4","tintindex":0},"east":{"uv":[1.2,10,0,11],"texture":"#4","tintindex":0},"south":{"uv":[5.8,10,4.8,11],"texture":"#4","tintindex":0},"west":{"uv":[10.8,8.4,9.6,9.4],"texture":"#4","tintindex":0},"up":{"uv":[2.8,10,1.6,11],"rotation":90,"texture":"#4","tintindex":0},"down":{"uv":[4.4,11,3.2,10],"rotation":270,"texture":"#4","tintindex":0}}},{"from":[10.69375,4.86555,6.58951],"to":[13.69375,7.86555,9.08951],"rotation":{"angle":22.5,"axis":"z","origin":[8,8,11]},"faces":{"north":{"uv":[2.8,8.4,1.6,9.6],"texture":"#4","tintindex":0},"east":{"uv":[5.8,8.4,4.8,9.6],"texture":"#4","tintindex":0},"south":{"uv":[1.2,8.4,0,9.6],"texture":"#4","tintindex":0},"west":{"uv":[4.2,8.4,3.2,9.6],"texture":"#4","tintindex":0},"up":{"uv":[7.4,8.4,6.4,9.6],"rotation":90,"texture":"#4","tintindex":0},"down":{"uv":[9,9.6,8,8.4],"rotation":270,"texture":"#4","tintindex":0}}},{"from":[14.29903,5.63718,7.46501],"to":[15.04903,6.38718,7.71401],"rotation":{"angle":22.5,"axis":"z","origin":[8,8,11]},"faces":{"north":{"uv":[1.5,14.4,1.2,14.7],"rotation":270,"texture":"#4","tintindex":0},"south":{"uv":[11.5,9.2,11.2,9.5],"rotation":90,"texture":"#4","tintindex":0},"up":{"uv":[14.5,10,14.4,10.3],"rotation":90,"texture":"#4","tintindex":0}}},{"from":[12.62486,10.34397,7.46451],"to":[14.12486,11.34397,7.71451],"rotation":{"angle":-22.5,"axis":"z","origin":[8,8,11]},"faces":{"north":{"uv":[10,13.2,9.6,13.8],"rotation":270,"texture":"#4","tintindex":0},"south":{"uv":[13.6,8.4,13.2,9],"rotation":90,"texture":"#4","tintindex":0},"west":{"uv":[6.9,14.8,6.8,14.4],"texture":"#4","tintindex":0},"up":{"uv":[2.9,14.4,2.8,15],"rotation":90,"texture":"#4","tintindex":0},"down":{"uv":[14.5,2.8,14.4,3.4],"rotation":90,"texture":"#4","tintindex":0}}},{"from":[14.12486,10.34398,7.46451],"to":[14.87486,11.84398,7.71451],"rotation":{"angle":-22.5,"axis":"z","origin":[8,8,11]},"faces":{"north":{"uv":[4.2,14,3.6,14.3],"rotation":270,"texture":"#4","tintindex":0},"east":{"uv":[14.5,4,14.4,4.6],"rotation":180,"texture":"#4","tintindex":0},"south":{"uv":[0.6,14,0,14.3],"rotation":90,"texture":"#4","tintindex":0},"west":{"uv":[14.5,5.8,14.4,5.2],"texture":"#4","tintindex":0},"up":{"uv":[14.5,7.6,14.4,7.9],"rotation":90,"texture":"#4","tintindex":0},"down":{"uv":[14.5,9.2,14.4,9.5],"rotation":90,"texture":"#4","tintindex":0}}},{"from":[13.93837,3.82652,7.46501],"to":[14.73837,5.40152,7.71401],"rotation":{"angle":22.5,"axis":"z","origin":[8,8,11]},"faces":{"north":{"uv":[14.6,8.4,14,8.7],"rotation":270,"texture":"#4","tintindex":0},"east":{"uv":[6.1,14.4,6,15],"rotation":180,"texture":"#4","tintindex":0},"south":{"uv":[5.4,14,4.8,14.3],"rotation":90,"texture":"#4","tintindex":0},"west":{"uv":[14.5,7,14.4,6.4],"texture":"#4","tintindex":0}}},{"from":[14.96585,8.06365,7.46451],"to":[15.71585,9.81365,7.71451],"rotation":{"angle":-22.5,"axis":"z","origin":[8,8,11]},"faces":{"north":{"uv":[13.9,10.4,13.2,10.7],"rotation":270,"texture":"#4","tintindex":0},"east":{"uv":[14.5,1.6,14.4,2.3],"rotation":180,"texture":"#4","tintindex":0},"south":{"uv":[13.9,9.6,13.2,9.9],"rotation":90,"texture":"#4","tintindex":0},"west":{"uv":[2.1,15.1,2,14.4],"texture":"#4","tintindex":0},"up":{"uv":[9.7,14.4,9.6,14.7],"rotation":90,"texture":"#4","tintindex":0}}},{"from":[12.19375,1.86555,7.08951],"to":[13.69375,4.86555,9.08951],"rotation":{"angle":22.5,"axis":"z","origin":[8,8,11]},"faces":{"north":{"uv":[11.6,10.6,10.4,10],"rotation":90,"texture":"#4","tintindex":0},"east":{"uv":[8,10,8.8,11.2],"rotation":180,"texture":"#4","tintindex":0},"south":{"uv":[12,0.6,10.8,0],"rotation":270,"texture":"#4","tintindex":0},"west":{"uv":[9.2,11.2,10,10],"texture":"#4","tintindex":0}}},{"from":[15.1138,6.18838,7.08701],"to":[16.3638,7.68838,9.09201],"rotation":{"angle":-22.5,"axis":"z","origin":[8,8,11]},"faces":{"north":{"uv":[4.6,13.3,4,12.8],"rotation":90,"texture":"#4","tintindex":0},"east":{"uv":[10.8,3.6,11.6,4.2],"rotation":180,"texture":"#4","tintindex":0},"south":{"uv":[5.8,13.3,5.2,12.8],"rotation":270,"texture":"#4","tintindex":0},"west":{"uv":[10.8,5.4,11.6,4.8],"texture":"#4","tintindex":0},"up":{"uv":[12,10.4,12.8,10.9],"rotation":90,"texture":"#4","tintindex":0},"down":{"uv":[12,11.6,12.8,12.1],"rotation":90,"texture":"#4","tintindex":0}}},{"from":[16.3638,6.18838,7.08701],"to":[17.6138,7.43838,9.09201],"rotation":{"angle":-22.5,"axis":"z","origin":[8,8,11]},"faces":{"north":{"uv":[13.7,6.5,13.2,6],"rotation":90,"texture":"#4","tintindex":0},"east":{"uv":[12,9.2,12.8,9.7],"rotation":180,"texture":"#4","tintindex":0},"south":{"uv":[13.7,7.7,13.2,7.2],"rotation":270,"texture":"#4","tintindex":0},"up":{"uv":[12,4.8,12.8,5.3],"rotation":90,"texture":"#4","tintindex":0},"down":{"uv":[12,6,12.8,6.5],"rotation":90,"texture":"#4","tintindex":0}}},{"from":[16.8638,5.68838,7.58701],"to":[18.1138,7.93838,8.59201],"rotation":{"angle":-22.5,"axis":"z","origin":[8,8,11]},"faces":{"north":{"uv":[4.9,12.1,4,11.6],"rotation":90,"texture":"#4","tintindex":0},"east":{"uv":[10.4,12.4,10.8,13.3],"rotation":180,"texture":"#4","tintindex":0},"south":{"uv":[6.5,12.1,5.6,11.6],"rotation":270,"texture":"#4","tintindex":0},"west":{"uv":[11.2,13.3,11.6,12.4],"texture":"#4","tintindex":0},"down":{"uv":[13.6,13.6,14,14.1],"rotation":90,"texture":"#4","tintindex":0}}},{"from":[14.22408,0.43877,7.58451],"to":[15.47408,1.68877,8.59451],"rotation":{"angle":22.5,"axis":"z","origin":[8,8,11]},"faces":{"north":{"uv":[13.7,4.1,13.2,3.6],"rotation":90,"texture":"#4","tintindex":0},"south":{"uv":[13.7,5.3,13.2,4.8],"rotation":270,"texture":"#4","tintindex":0},"west":{"uv":[12.8,14.1,13.2,13.6],"texture":"#4","tintindex":0},"up":{"uv":[12,13.6,12.4,14.1],"rotation":90,"texture":"#4","tintindex":0},"down":{"uv":[13.6,12.4,14,12.9],"rotation":90,"texture":"#4","tintindex":0}}},{"from":[15.47408,0.18877,7.46201],"to":[16.22408,2.43877,8.71701],"rotation":{"angle":22.5,"axis":"z","origin":[8,8,11]},"faces":{"north":{"uv":[8.9,13.1,8,12.8],"rotation":90,"texture":"#4","tintindex":0},"east":{"uv":[1.6,11.6,2.1,12.5],"rotation":180,"texture":"#4","tintindex":0},"south":{"uv":[12.9,13.1,12,12.8],"rotation":270,"texture":"#4","tintindex":0},"west":{"uv":[2.8,12.5,3.3,11.6],"texture":"#4","tintindex":0},"up":{"uv":[14.4,0,14.9,0.3],"rotation":90,"texture":"#4","tintindex":0},"down":{"uv":[14.4,0.8,14.9,1.1],"rotation":90,"texture":"#4","tintindex":0}}},{"from":[13.75,-4.90516,8.55951],"to":[18.75,10.09484,8.58951],"rotation":{"angle":0,"axis":"y","origin":[8,8,11]},"faces":{"north":{"uv":[10,0,15,15],"texture":"#1","tintindex":0},"south":{"uv":[15,0,10,15],"texture":"#1","tintindex":0}}},{"from":[13.87571,-4.90516,1.67292],"to":[18.87571,10.09484,1.70292],"rotation":{"angle":-45,"axis":"y","origin":[8,8,11]},"faces":{"north":{"uv":[5,0,10,15],"texture":"#1","tintindex":0},"south":{"uv":[10,0,5,15],"texture":"#1","tintindex":0}}},{"from":[20.74906,-4.90516,17.47853],"to":[20.77906,10.09484,22.47853],"rotation":{"angle":22.5,"axis":"y","origin":[8,8,11]},"faces":{"east":{"uv":[0,0,5,15],"texture":"#1","tintindex":0},"west":{"uv":[5,0,0,15],"texture":"#1","tintindex":0}}},{"from":[-0.22408,0.18877,7.46201],"to":[0.52592,2.43877,8.71701],"rotation":{"angle":-22.5,"axis":"z","origin":[8,8,11]},"faces":{"north":{"uv":[8.9,12.8,8,13.1],"rotation":90,"texture":"#4","tintindex":0},"east":{"uv":[3.3,12.5,2.8,11.6],"texture":"#4","tintindex":0},"south":{"uv":[12.9,12.8,12,13.1],"rotation":270,"texture":"#4","tintindex":0},"west":{"uv":[2.1,11.6,1.6,12.5],"rotation":180,"texture":"#4","tintindex":0},"up":{"uv":[14.4,0.3,14.9,0],"rotation":90,"texture":"#4","tintindex":0},"down":{"uv":[14.4,1.1,14.9,0.8],"rotation":90,"texture":"#4","tintindex":0}}},{"from":[0.52592,0.43877,7.58451],"to":[1.77592,1.68877,8.59451],"rotation":{"angle":-22.5,"axis":"z","origin":[8,8,11]},"faces":{"north":{"uv":[13.7,3.6,13.2,4.1],"rotation":90,"texture":"#4","tintindex":0},"east":{"uv":[13.2,14.1,12.8,13.6],"texture":"#4","tintindex":0},"south":{"uv":[13.7,4.8,13.2,5.3],"rotation":270,"texture":"#4","tintindex":0},"up":{"uv":[12,14.1,12.4,13.6],"rotation":90,"texture":"#4","tintindex":0},"down":{"uv":[13.6,12.9,14,12.4],"rotation":90,"texture":"#4","tintindex":0}}},{"from":[-2.1138,5.68838,7.58701],"to":[-0.8638,7.93838,8.59201],"rotation":{"angle":22.5,"axis":"z","origin":[8,8,11]},"faces":{"north":{"uv":[4.9,11.6,4,12.1],"rotation":90,"texture":"#4","tintindex":0},"east":{"uv":[11.6,13.3,11.2,12.4],"texture":"#4","tintindex":0},"south":{"uv":[6.5,11.6,5.6,12.1],"rotation":270,"texture":"#4","tintindex":0},"west":{"uv":[10.8,12.4,10.4,13.3],"rotation":180,"texture":"#4","tintindex":0},"down":{"uv":[13.6,14.1,14,13.6],"rotation":90,"texture":"#4","tintindex":0}}},{"from":[-1.6138,6.18838,7.08701],"to":[-0.3638,7.43838,9.09201],"rotation":{"angle":22.5,"axis":"z","origin":[8,8,11]},"faces":{"north":{"uv":[13.7,6,13.2,6.5],"rotation":90,"texture":"#4","tintindex":0},"south":{"uv":[13.7,7.2,13.2,7.7],"rotation":270,"texture":"#4","tintindex":0},"west":{"uv":[12.8,9.2,12,9.7],"rotation":180,"texture":"#4","tintindex":0},"up":{"uv":[12,5.3,12.8,4.8],"rotation":90,"texture":"#4","tintindex":0},"down":{"uv":[12,6.5,12.8,6],"rotation":90,"texture":"#4","tintindex":0}}},{"from":[-0.3638,6.18838,7.08701],"to":[0.8862,7.68838,9.09201],"rotation":{"angle":22.5,"axis":"z","origin":[8,8,11]},"faces":{"north":{"uv":[4.6,12.8,4,13.3],"rotation":90,"texture":"#4","tintindex":0},"east":{"uv":[11.6,5.4,10.8,4.8],"texture":"#4","tintindex":0},"south":{"uv":[5.8,12.8,5.2,13.3],"rotation":270,"texture":"#4","tintindex":0},"west":{"uv":[11.6,3.6,10.8,4.2],"rotation":180,"texture":"#4","tintindex":0},"up":{"uv":[12,10.9,12.8,10.4],"rotation":90,"texture":"#4","tintindex":0},"down":{"uv":[12,12.1,12.8,11.6],"rotation":90,"texture":"#4","tintindex":0}}},{"from":[2.30625,1.86555,7.08951],"to":[3.80625,4.86555,9.08951],"rotation":{"angle":-22.5,"axis":"z","origin":[8,8,11]},"faces":{"north":{"uv":[11.6,10,10.4,10.6],"rotation":90,"texture":"#4","tintindex":0},"east":{"uv":[10,11.2,9.2,10],"texture":"#4","tintindex":0},"south":{"uv":[12,0,10.8,0.6],"rotation":270,"texture":"#4","tintindex":0},"west":{"uv":[8.8,10,8,11.2],"rotation":180,"texture":"#4","tintindex":0}}},{"from":[-4.77906,-4.90516,17.47853],"to":[-4.74906,10.09484,22.47853],"rotation":{"angle":-22.5,"axis":"y","origin":[8,8,11]},"faces":{"east":{"uv":[0,0,5,15],"texture":"#1","tintindex":0},"west":{"uv":[5,0,0,15],"texture":"#1","tintindex":0}}},{"from":[-2.87571,-4.90516,1.67292],"to":[2.12429,10.09484,1.70292],"rotation":{"angle":45,"axis":"y","origin":[8,8,11]},"faces":{"north":{"uv":[10,0,5,15],"texture":"#1","tintindex":0},"south":{"uv":[5,0,10,15],"texture":"#1","tintindex":0}}},{"from":[-2.75,-4.90516,8.55951],"to":[2.25,10.09484,8.58951],"rotation":{"angle":0,"axis":"y","origin":[8,8,11]},"faces":{"north":{"uv":[15,0,10,15],"texture":"#1","tintindex":0},"south":{"uv":[10,0,15,15],"texture":"#1","tintindex":0}}}],"gui_light":"front","display":{"thirdperson_righthand":{"rotation":[-127,0,-180],"translation":[0,1.5,2.75],"scale":[0.7,0.7,0.7]},"thirdperson_lefthand":{"rotation":[66.5,0,0],"translation":[-5.5,-6.5,11.75]},"firstperson_righthand":{"rotation":[160.25,0,180],"translation":[3.25,2.5,0.5],"scale":[0.5,0.5,0.5]},"firstperson_lefthand":{"rotation":[160.25,0,180],"translation":[3.25,2.5,0.5],"scale":[0,0,0]},"ground":{"rotation":[-45,0,0],"translation":[0,5,0],"scale":[0.7,0.7,0.7]},"gui":{"rotation":[0,180,0],"translation":[0,0.25,0],"scale":[0.5,0.5,0.5]},"head":{"translation":[0,-56.5,7.75],"scale":[1.6,1.6,1.6]},"fixed":{"rotation":[0,180,0],"translation":[0,1.25,-4],"scale":[2,2,2]}},"USER":"9700","NONCE":"5ef61647868b7c1ebd85f24ce88740a7","TIMESTAMP":"1743219942","RESOURCE":"13275","mcmodels":"5ef61647868b7c1ebd85f24ce88740a7"}