{"credit":"Made with Blockbench","texture_size":[128,128],"textures":{"0":"elitecreatures:thanks_giving_2023_v2/thanksgiving_texture_01","particle":"elitecreatures:thanks_giving_2023_v2/thanksgiving_texture_01"},"elements":[{"from":[7,3,8],"to":[9,13,10],"rotation":{"angle":0,"axis":"y","origin":[0,-1,-4]},"faces":{"north":{"uv":[0,0,0.25,1.25],"texture":"#0"},"east":{"uv":[0.25,0,0.5,1.25],"texture":"#0"},"south":{"uv":[0,0,0.25,1.25],"texture":"#0"},"west":{"uv":[0.25,0,0.5,1.25],"texture":"#0"},"up":{"uv":[0,1.25,0.25,1.5],"texture":"#0"},"down":{"uv":[0,1.25,0.25,1.5],"texture":"#0"}}},{"from":[7,-9,10.5],"to":[9,-1,12.5],"rotation":{"angle":-45,"axis":"x","origin":[8,-4,13]},"faces":{"north":{"uv":[0,0,0.25,1],"texture":"#0"},"east":{"uv":[0.25,0.0625,0.5,1.0625],"texture":"#0"},"south":{"uv":[0,0,0.25,1],"texture":"#0"},"west":{"uv":[0.25,0.0625,0.5,1.0625],"texture":"#0"},"up":{"uv":[0,1.25,0.25,1.5],"texture":"#0"},"down":{"uv":[0,1.25,0.25,1.5],"texture":"#0"}}},{"from":[6.75,-15.25,7],"to":[9.25,-12.75,9.5],"rotation":{"angle":-45,"axis":"x","origin":[8,-4.875,6]},"faces":{"north":{"uv":[0.8125,0.3125,0.5,0.625],"rotation":180,"texture":"#0"},"east":{"uv":[0.5,0,0.8125,0.3125],"rotation":180,"texture":"#0"},"south":{"uv":[0.8125,0.9375,0.5,0.625],"rotation":180,"texture":"#0"},"west":{"uv":[0.8125,0,0.5,0.3125],"rotation":180,"texture":"#0"},"up":{"uv":[0.5,0.9375,0.8125,0.625],"texture":"#0"},"down":{"uv":[0.5,1.25,0.8125,0.9375],"texture":"#0"}}},{"from":[6.75,-15.25,10.5],"to":[9.25,-12.75,13],"rotation":{"angle":-45,"axis":"x","origin":[8,-4.875,6]},"faces":{"north":{"uv":[0.5,0.9375,0.8125,0.625],"rotation":180,"texture":"#0"},"east":{"uv":[0.8125,0,0.5,0.3125],"rotation":180,"texture":"#0"},"south":{"uv":[0.5,0.3125,0.8125,0.625],"rotation":180,"texture":"#0"},"west":{"uv":[0.5,0,0.8125,0.3125],"rotation":180,"texture":"#0"},"up":{"uv":[0.5,0.625,0.8125,0.9375],"texture":"#0"},"down":{"uv":[0.5,0.9375,0.8125,1.25],"texture":"#0"}}},{"from":[6,-8.25,8],"to":[10,-4.25,12],"rotation":{"angle":-45,"axis":"x","origin":[8,-4.875,6]},"faces":{"north":{"uv":[5.625,1.8125,5.125,2.3125],"rotation":180,"texture":"#0"},"east":{"uv":[5.125,1.8125,5.625,2.3125],"rotation":180,"texture":"#0"},"south":{"uv":[5.625,1.8125,5.125,2.3125],"rotation":180,"texture":"#0"},"west":{"uv":[5.125,1.8125,5.625,2.3125],"rotation":180,"texture":"#0"},"up":{"uv":[5.625,1.8125,6.125,2.3125],"rotation":180,"texture":"#0"},"down":{"uv":[5.625,1.8125,6.125,2.3125],"rotation":180,"texture":"#0"}}},{"from":[5,-4.25,7],"to":[11,3.75,13],"rotation":{"angle":-45,"axis":"x","origin":[8,-4.875,6]},"faces":{"north":{"uv":[6,0.0625,5.25,1.0625],"rotation":180,"texture":"#0"},"east":{"uv":[5.25,0.0625,6,1.0625],"rotation":180,"texture":"#0"},"south":{"uv":[6,0.0625,5.25,1.0625],"rotation":180,"texture":"#0"},"west":{"uv":[5.25,0.0625,6,1.0625],"rotation":180,"texture":"#0"},"up":{"uv":[5.25,1.0625,6,1.8125],"rotation":180,"texture":"#0"},"down":{"uv":[5.25,1.0625,6,1.8125],"rotation":180,"texture":"#0"}}},{"from":[5,12.25,7],"to":[11,20.25,13],"rotation":{"angle":45,"axis":"x","origin":[8,20.875,6]},"faces":{"north":{"uv":[6,1.0625,5.25,0.0625],"rotation":180,"texture":"#0"},"east":{"uv":[5.25,1.0625,6,0.0625],"rotation":180,"texture":"#0"},"south":{"uv":[6,1.0625,5.25,0.0625],"rotation":180,"texture":"#0"},"west":{"uv":[5.25,1.0625,6,0.0625],"rotation":180,"texture":"#0"},"up":{"uv":[5.25,1.8125,6,1.0625],"rotation":180,"texture":"#0"},"down":{"uv":[5.25,1.8125,6,1.0625],"rotation":180,"texture":"#0"}}},{"from":[6,20.25,8],"to":[10,24.25,12],"rotation":{"angle":45,"axis":"x","origin":[8,20.875,6]},"faces":{"north":{"uv":[5.625,2.3125,5.125,1.8125],"rotation":180,"texture":"#0"},"east":{"uv":[5.125,2.3125,5.625,1.8125],"rotation":180,"texture":"#0"},"south":{"uv":[5.625,2.3125,5.125,1.8125],"rotation":180,"texture":"#0"},"west":{"uv":[5.125,2.3125,5.625,1.8125],"rotation":180,"texture":"#0"},"up":{"uv":[5.625,2.3125,6.125,1.8125],"rotation":180,"texture":"#0"},"down":{"uv":[5.625,2.3125,6.125,1.8125],"rotation":180,"texture":"#0"}}},{"from":[7,17,10.5],"to":[9,25,12.5],"rotation":{"angle":45,"axis":"x","origin":[8,20,13]},"faces":{"north":{"uv":[0,1,0.25,0],"texture":"#0"},"east":{"uv":[0.25,1.0625,0.5,0.0625],"texture":"#0"},"south":{"uv":[0,1,0.25,0],"texture":"#0"},"west":{"uv":[0.25,1.0625,0.5,0.0625],"texture":"#0"},"up":{"uv":[0,1.5,0.25,1.25],"texture":"#0"},"down":{"uv":[0,1.5,0.25,1.25],"texture":"#0"}}},{"from":[6.75,28.75,7],"to":[9.25,31.25,9.5],"rotation":{"angle":45,"axis":"x","origin":[8,20.875,6]},"faces":{"north":{"uv":[0.8125,0.625,0.5,0.3125],"rotation":180,"texture":"#0"},"east":{"uv":[0.5,0.3125,0.8125,0],"rotation":180,"texture":"#0"},"south":{"uv":[0.8125,0.625,0.5,0.9375],"rotation":180,"texture":"#0"},"west":{"uv":[0.8125,0.3125,0.5,0],"rotation":180,"texture":"#0"},"up":{"uv":[0.5,0.9375,0.8125,1.25],"texture":"#0"},"down":{"uv":[0.5,0.625,0.8125,0.9375],"texture":"#0"}}},{"from":[6.75,28.75,10.5],"to":[9.25,31.25,13],"rotation":{"angle":45,"axis":"x","origin":[8,20.875,6]},"faces":{"north":{"uv":[0.5,0.625,0.8125,0.9375],"rotation":180,"texture":"#0"},"east":{"uv":[0.8125,0.3125,0.5,0],"rotation":180,"texture":"#0"},"south":{"uv":[0.5,0.625,0.8125,0.3125],"rotation":180,"texture":"#0"},"west":{"uv":[0.5,0.3125,0.8125,0],"rotation":180,"texture":"#0"},"up":{"uv":[0.5,1.25,0.8125,0.9375],"texture":"#0"},"down":{"uv":[0.5,0.9375,0.8125,0.625],"texture":"#0"}}},{"from":[6.75,11.5,7.5],"to":[9.25,17,9.5],"rotation":{"angle":-45,"axis":"x","origin":[9,14.5,9]},"faces":{"north":{"uv":[1.875,0,1.5625,0.6875],"texture":"#0"},"east":{"uv":[0.5,3.75,0.75,4.4375],"texture":"#0"},"south":{"uv":[1.875,0,1.5625,0.6875],"texture":"#0"},"west":{"uv":[0.75,3.75,0.5,4.4375],"texture":"#0"},"up":{"uv":[1.5625,0.9375,1.875,0.6875],"texture":"#0"},"down":{"uv":[1.5625,0.9375,1.875,0.6875],"texture":"#0"}}},{"from":[6.25,11.5,8.5],"to":[9.75,17,10.5],"rotation":{"angle":45,"axis":"x","origin":[9,14.5,9]},"faces":{"north":{"uv":[1.5625,0,2,0.6875],"texture":"#0"},"east":{"uv":[1.5625,0,1.3125,0.6875],"texture":"#0"},"south":{"uv":[1.5625,0,2,0.6875],"texture":"#0"},"west":{"uv":[1.3125,0,1.5625,0.6875],"texture":"#0"},"up":{"uv":[1.5625,0.6875,2,0.9375],"texture":"#0"},"down":{"uv":[1.5625,0.6875,2,0.9375],"texture":"#0"}}},{"from":[6.25,0,8.5],"to":[9.75,5.5,10.5],"rotation":{"angle":45,"axis":"x","origin":[9,3,9]},"faces":{"north":{"uv":[1.5625,0,2,0.6875],"texture":"#0"},"east":{"uv":[1.5625,0,1.3125,0.6875],"texture":"#0"},"south":{"uv":[1.5625,0,2,0.6875],"texture":"#0"},"west":{"uv":[1.3125,0,1.5625,0.6875],"texture":"#0"},"up":{"uv":[1.5625,0.6875,2,0.9375],"texture":"#0"},"down":{"uv":[1.5625,0.6875,2,0.9375],"texture":"#0"}}},{"from":[7.75,8,16],"to":[8.25,22,16.5],"rotation":{"angle":0,"axis":"y","origin":[8,22,16.25]},"faces":{"north":{"uv":[6,0.0625,6.0625,1.8125],"texture":"#0"},"east":{"uv":[6,0.0625,6.0625,1.8125],"texture":"#0"},"south":{"uv":[6,0.0625,6.0625,1.8125],"texture":"#0"},"west":{"uv":[6,0.0625,6.0625,1.8125],"texture":"#0"},"up":{"uv":[6,0.0625,6.0625,0.125],"texture":"#0"},"down":{"uv":[6,0.0625,6.0625,0.125],"texture":"#0"}}},{"from":[7.75,-6,16],"to":[8.25,8,16.5],"rotation":{"angle":0,"axis":"y","origin":[8,-6,16.25]},"faces":{"north":{"uv":[6,1.8125,6.0625,0.0625],"texture":"#0"},"east":{"uv":[6,1.8125,6.0625,0.0625],"texture":"#0"},"south":{"uv":[6,1.8125,6.0625,0.0625],"texture":"#0"},"west":{"uv":[6,1.8125,6.0625,0.0625],"texture":"#0"},"up":{"uv":[6,0.125,6.0625,0.0625],"texture":"#0"},"down":{"uv":[6,0.125,6.0625,0.0625],"texture":"#0"}}},{"from":[6.75,0,7.5],"to":[9.25,5.5,9.5],"rotation":{"angle":-45,"axis":"x","origin":[9,3,9]},"faces":{"north":{"uv":[1.875,0,1.5625,0.6875],"texture":"#0"},"east":{"uv":[0.5,3.75,0.75,4.4375],"texture":"#0"},"south":{"uv":[1.875,0,1.5625,0.6875],"texture":"#0"},"west":{"uv":[0.75,3.75,0.5,4.4375],"texture":"#0"},"up":{"uv":[1.5625,0.9375,1.875,0.6875],"texture":"#0"},"down":{"uv":[1.5625,0.9375,1.875,0.6875],"texture":"#0"}}},{"from":[8.1,20.5,10.5],"to":[8.1,28.5,13.5],"rotation":{"angle":22.5,"axis":"x","origin":[8,22.34358,9.77269]},"faces":{"north":{"uv":[0,0,0,1],"texture":"#0"},"east":{"uv":[0.875,5.25,1.25,6.25],"texture":"#0"},"south":{"uv":[0,0,0,1],"texture":"#0"},"west":{"uv":[1.25,5.25,0.875,6.25],"texture":"#0"},"up":{"uv":[0,0.375,0,0],"texture":"#0"},"down":{"uv":[0,0.375,0,0],"texture":"#0"}}},{"from":[7.9,20.32499,8.92524],"to":[7.9,28.32499,11.92524],"rotation":{"angle":0,"axis":"y","origin":[8,22.34358,9.77269]},"faces":{"north":{"uv":[0,1,0,0],"rotation":180,"texture":"#0"},"east":{"uv":[0.5,5.25,0.875,6.25],"texture":"#0"},"south":{"uv":[0,1,0,0],"rotation":180,"texture":"#0"},"west":{"uv":[0.875,5.25,0.5,6.25],"texture":"#0"},"up":{"uv":[0,0,0,0.375],"rotation":180,"texture":"#0"},"down":{"uv":[0,0,0,0.375],"rotation":180,"texture":"#0"}}},{"from":[8.1,19.70767,7.54403],"to":[8.1,27.70767,10.54403],"rotation":{"angle":-22.5,"axis":"x","origin":[8,22.34358,9.77269]},"faces":{"north":{"uv":[0,1,0,0],"rotation":180,"texture":"#0"},"east":{"uv":[0.875,5.25,1.25,6.25],"texture":"#0"},"south":{"uv":[0,1,0,0],"rotation":180,"texture":"#0"},"west":{"uv":[1.25,5.25,0.875,6.25],"texture":"#0"},"up":{"uv":[0,0,0,0.375],"rotation":180,"texture":"#0"},"down":{"uv":[0,0,0,0.375],"rotation":180,"texture":"#0"}}},{"from":[7.9,17.99896,4.54016],"to":[7.9,20.99896,12.54016],"rotation":{"angle":45,"axis":"x","origin":[8,22.34358,9.77269]},"faces":{"north":{"uv":[0,0,0,0.375],"texture":"#0"},"east":{"uv":[0.5,5.25,0.875,6.25],"rotation":90,"texture":"#0"},"south":{"uv":[0,0,0,0.375],"rotation":180,"texture":"#0"},"west":{"uv":[0.875,5.25,0.5,6.25],"rotation":270,"texture":"#0"},"up":{"uv":[0,1,0,0],"rotation":180,"texture":"#0"},"down":{"uv":[0,1,0,0],"texture":"#0"}}},{"from":[8.1,-12.5,10.5],"to":[8.1,-4.5,13.5],"rotation":{"angle":-22.5,"axis":"x","origin":[8,-6.34358,9.77269]},"faces":{"north":{"uv":[0,1,0,0],"texture":"#0"},"east":{"uv":[0.875,6.25,1.25,5.25],"texture":"#0"},"south":{"uv":[0,1,0,0],"texture":"#0"},"west":{"uv":[1.25,6.25,0.875,5.25],"texture":"#0"},"up":{"uv":[0,0,0,0.375],"texture":"#0"},"down":{"uv":[0,0,0,0.375],"texture":"#0"}}},{"from":[7.9,-12.32499,8.92524],"to":[7.9,-4.32499,11.92524],"rotation":{"angle":0,"axis":"y","origin":[8,-6.34358,9.77269]},"faces":{"north":{"uv":[0,0,0,1],"rotation":180,"texture":"#0"},"east":{"uv":[0.5,6.25,0.875,5.25],"texture":"#0"},"south":{"uv":[0,0,0,1],"rotation":180,"texture":"#0"},"west":{"uv":[0.875,6.25,0.5,5.25],"texture":"#0"},"up":{"uv":[0,0.375,0,0],"rotation":180,"texture":"#0"},"down":{"uv":[0,0.375,0,0],"rotation":180,"texture":"#0"}}},{"from":[8.1,-11.70767,7.54403],"to":[8.1,-3.70767,10.54403],"rotation":{"angle":22.5,"axis":"x","origin":[8,-6.34358,9.77269]},"faces":{"north":{"uv":[0,0,0,1],"rotation":180,"texture":"#0"},"east":{"uv":[0.875,6.25,1.25,5.25],"texture":"#0"},"south":{"uv":[0,0,0,1],"rotation":180,"texture":"#0"},"west":{"uv":[1.25,6.25,0.875,5.25],"texture":"#0"},"up":{"uv":[0,0.375,0,0],"rotation":180,"texture":"#0"},"down":{"uv":[0,0.375,0,0],"rotation":180,"texture":"#0"}}},{"from":[7.9,-4.99896,4.54016],"to":[7.9,-1.99896,12.54016],"rotation":{"angle":-45,"axis":"x","origin":[8,-6.34358,9.77269]},"faces":{"north":{"uv":[0,0.375,0,0],"texture":"#0"},"east":{"uv":[0.875,5.25,0.5,6.25],"rotation":90,"texture":"#0"},"south":{"uv":[0,0.375,0,0],"rotation":180,"texture":"#0"},"west":{"uv":[0.5,5.25,0.875,6.25],"rotation":270,"texture":"#0"},"up":{"uv":[0,0,0,1],"texture":"#0"},"down":{"uv":[0,0,0,1],"rotation":180,"texture":"#0"}}},{"from":[8,22,0],"to":[8,24.5,2],"rotation":{"angle":-22.5,"axis":"x","origin":[8,25,8]},"faces":{"north":{"uv":[1.875,3.875,2.375,4.3125],"texture":"#0"},"east":{"uv":[0.75,4.4375,0.5,4.75],"texture":"#0"},"south":{"uv":[1.875,3.875,2.375,4.3125],"texture":"#0"},"west":{"uv":[0.5,4.4375,0.75,4.75],"texture":"#0"},"up":{"uv":[1.5,4.3125,2,4.8125],"texture":"#0"},"down":{"uv":[1.5,4.3125,2,4.8125],"texture":"#0"}}},{"from":[6,18.5,-1.2],"to":[10,22,2.8],"rotation":{"angle":-22.5,"axis":"x","origin":[8,25,8]},"faces":{"north":{"uv":[1.875,3.875,2.375,4.3125],"texture":"#0"},"east":{"uv":[1.875,3.875,2.375,4.3125],"texture":"#0"},"south":{"uv":[1.875,3.875,2.375,4.3125],"texture":"#0"},"west":{"uv":[1.875,3.875,2.375,4.3125],"texture":"#0"},"up":{"uv":[1.5,4.3125,2,4.8125],"texture":"#0"},"down":{"uv":[1.5,4.3125,2,4.8125],"texture":"#0"}}}],"gui_light":"front","display":{"thirdperson_righthand":{"translation":[0,-1.5,0.75],"scale":[0.45,0.45,0.45]},"thirdperson_lefthand":{"translation":[0,-1.5,0.75],"scale":[0.45,0.45,0.45]},"firstperson_righthand":{"rotation":[12.5,37,0.27],"translation":[10.75,-0.75,-10.5],"scale":[0.6,0.6,0.6]},"firstperson_lefthand":{"rotation":[12.5,37,0.27],"translation":[10.75,-0.75,-10.5],"scale":[0.6,0.6,0.6]},"ground":{"rotation":[0,0,90],"translation":[1.25,0.25,0],"scale":[0.5,0.5,0.5]},"gui":{"rotation":[90,45,-90],"translation":[-0.75,0.75,0],"scale":[0.37703,0.37703,0.37898]},"head":{"rotation":[90,-168,90],"translation":[-0.5,9.75,0],"scale":[0.56,0.56,0.56]},"fixed":{"rotation":[0,90,0],"translation":[-2,0,-2.25],"scale":[0.98719,0.98719,0.98719]}}}