{"textures​":{"layer0":"minecraft:item/chiseled_copper"},"credit":"Polygony Creation Co.,Ltd.","texture_size":[64,64],"\u0074\u0065\u0078\u0074\u0075\u0072\u0065\u0073":{"2":"\u0073\u0075\u006d\u006d\u0065\u0072_\u0066\u0075\u0072\u006e\u0069\u0074\u0075\u0072\u0065_\u0073\u0065\u0074:\u0063\u0068\u0061\u0069\u0072_2","\u0070\u0061\u0072\u0074\u0069\u0063\u006c\u0065":"#2"},"elements":[{"from":[2,0,2],"to":[14,2,14],"faces":{"north":{"uv":[8,7.5,11,8],"texture":"#2"},"east":{"uv":[8.25,1.25,11.25,1.75],"texture":"#2"},"south":{"uv":[8.25,1.75,11.25,2.25],"texture":"#2"},"west":{"uv":[8.25,2.25,11.25,2.75],"texture":"#2"},"up":{"uv":[3,3,0,0],"texture":"#2"},"down":{"uv":[3,3,0,6],"texture":"#2"}}},{"from":[3,2,3],"to":[13,4,13],"rotation":{"angle":0,"axis":"y","origin":[0,1,0]},"faces":{"north":{"uv":[9,8,11.5,8.5],"texture":"#2"},"east":{"uv":[9,8.5,11.5,9],"texture":"#2"},"south":{"uv":[9,9,11.5,9.5],"texture":"#2"},"west":{"uv":[6,9.25,8.5,9.75],"texture":"#2"},"up":{"uv":[5.5,8,3,5.5],"texture":"#2"},"down":{"uv":[8,5.5,5.5,8],"texture":"#2"}}},{"from":[3,7,3],"to":[13,12,13],"rotation":{"angle":0,"axis":"y","origin":[0,7,0]},"faces":{"north":{"uv":[8,5,10.5,6.25],"texture":"#2"},"east":{"uv":[6,8,8.5,9.25],"texture":"#2"},"south":{"uv":[8,6.25,10.5,7.5],"texture":"#2"},"west":{"uv":[8.25,0,10.75,1.25],"texture":"#2"},"up":{"uv":[8.25,2.5,5.75,0],"texture":"#2"},"down":{"uv":[8.25,2.5,5.75,5],"texture":"#2"}}},{"from":[2.5,9,2.5],"to":[13.5,10,13.5],"rotation":{"angle":0,"axis":"y","origin":[0,7,0]},"faces":{"north":{"uv":[9,10,11.75,10.25],"texture":"#2"},"east":{"uv":[10.25,2.75,13,3],"texture":"#2"},"south":{"uv":[10.25,3,13,3.25],"texture":"#2"},"west":{"uv":[10.25,3.25,13,3.5],"texture":"#2"},"up":{"uv":[5.75,2.75,3,0],"texture":"#2"},"down":{"uv":[5.75,2.75,3,5.5],"texture":"#2"}}},{"from":[4,4,4],"to":[12,7,12],"rotation":{"angle":0,"axis":"y","origin":[0,4,0]},"faces":{"north":{"uv":[0,8.25,2,9],"texture":"#2"},"east":{"uv":[8.25,2.75,10.25,3.5],"texture":"#2"},"south":{"uv":[8.25,3.5,10.25,4.25],"texture":"#2"},"west":{"uv":[8.25,4.25,10.25,5],"texture":"#2"},"up":{"uv":[4,10,2,8],"texture":"#2"},"down":{"uv":[6,8,4,10],"texture":"#2"}}},{"from":[2,14,7],"to":[4,16,11],"rotation":{"angle":0,"axis":"x","origin":[2,14,7]},"faces":{"north":{"uv":[1.5,9,2,9.5],"texture":"#2"},"east":{"uv":[2,6,3,6.5],"texture":"#2"},"west":{"uv":[2,6.5,3,7],"texture":"#2"},"up":{"uv":[2.5,8,2,7],"texture":"#2"},"down":{"uv":[3,7,2.5,8],"texture":"#2"}}},{"from":[3,12,7],"to":[3.03,14,11],"rotation":{"angle":0,"axis":"x","origin":[1,12,7]},"faces":{"east":{"uv":[3.5,10,4.5,10.5],"texture":"#2"},"west":{"uv":[4.5,10,3.5,10.5],"texture":"#2"}}},{"from":[2,10,11],"to":[4,21,13],"rotation":{"angle":0,"axis":"x","origin":[2,16,7]},"faces":{"north":{"uv":[8.5,8,9,10.75],"texture":"#2"},"east":{"uv":[0,9,0.5,11.75],"texture":"#2"},"south":{"uv":[0.5,9,1,11.75],"texture":"#2"},"west":{"uv":[1,9,1.5,11.75],"texture":"#2"},"up":{"uv":[2,10,1.5,9.5],"texture":"#2"},"down":{"uv":[8.5,9.75,8,10.25],"texture":"#2"}}},{"from":[12,10,11],"to":[14,21,13],"rotation":{"angle":0,"axis":"x","origin":[14,16,7]},"faces":{"north":{"uv":[9,8,8.5,10.75],"texture":"#2"},"east":{"uv":[1.5,9,1,11.75],"texture":"#2"},"south":{"uv":[1,9,0.5,11.75],"texture":"#2"},"west":{"uv":[0.5,9,0,11.75],"texture":"#2"},"up":{"uv":[1.5,10,2,9.5],"texture":"#2"},"down":{"uv":[8,9.75,8.5,10.25],"texture":"#2"}}},{"from":[12,14,7],"to":[14,16,11],"rotation":{"angle":0,"axis":"x","origin":[14,14,7]},"faces":{"north":{"uv":[2,9,1.5,9.5],"texture":"#2"},"east":{"uv":[3,6.5,2,7],"texture":"#2"},"west":{"uv":[3,6,2,6.5],"texture":"#2"},"up":{"uv":[2,8,2.5,7],"texture":"#2"},"down":{"uv":[2.5,7,3,8],"texture":"#2"}}},{"from":[12.97,12,7],"to":[13,14,11],"rotation":{"angle":0,"axis":"x","origin":[15,12,7]},"faces":{"east":{"uv":[3.5,10,4.5,10.5],"texture":"#2"},"west":{"uv":[4.5,10,3.5,10.5],"texture":"#2"}}},{"from":[4,19,11],"to":[12,21,13],"rotation":{"angle":0,"axis":"x","origin":[4,16,7]},"faces":{"north":{"uv":[5.75,5,7.75,5.5],"texture":"#2"},"south":{"uv":[9,9.5,11,10],"texture":"#2"},"up":{"uv":[8,10.25,6,9.75],"texture":"#2"},"down":{"uv":[3.5,10,1.5,10.5],"texture":"#2"}}},{"from":[4,10,12],"to":[12,19,12.03],"rotation":{"angle":0,"axis":"x","origin":[10,16,8]},"faces":{"north":{"uv":[0,6,2,8.25],"texture":"#2"},"south":{"uv":[2,6,0,8.25],"texture":"#2"}}}],"gui_light":"front","display":{"thirdperson_righthand":{"rotation":[55.25,0,0],"translation":[0,5.5,3.25],"scale":[0.7,0.7,0.7]},"thirdperson_lefthand":{"rotation":[55.25,0,0],"translation":[0,5.5,3.25],"scale":[0.7,0.7,0.7]},"firstperson_righthand":{"rotation":[-16.25,0,0],"translation":[1.75,4.75,0],"scale":[0.63086,0.63086,0.63086]},"firstperson_lefthand":{"rotation":[-16.25,0,0],"translation":[1.75,4.75,0],"scale":[0.63086,0.63086,0.63086]},"ground":{"translation":[0,5,0],"scale":[0.7,0.7,0.7]},"gui":{"rotation":[25,135,0],"translation":[0,-1.5,0],"scale":[0.7,0.7,0.7]},"head":{"rotation":[0,180,0],"translation":[0,-29.75,0],"scale":[1.6,1.6,1.6]},"fixed":{"rotation":[-90,0,0],"translation":[0,0,-16],"scale":[2,2,2]}}}