{"textures​":{"layer0":"minecraft:item/sheaf_pottery_sherd"},"credit":"Polygony Creation Co.,Ltd.","texture_size":[48,48],"\u0074\u0065\u0078\u0074\u0075\u0072\u0065\u0073":{"1":"\u0073\u0075\u006d\u006d\u0065\u0072_\u0066\u0075\u0072\u006e\u0069\u0074\u0075\u0072\u0065_\u0073\u0065\u0074:\u0063\u006f\u0063\u006f\u006e\u0075\u0074","2":"\u0073\u0075\u006d\u006d\u0065\u0072_\u0066\u0075\u0072\u006e\u0069\u0074\u0075\u0072\u0065_\u0073\u0065\u0074:\u0073\u0068\u0065\u006c\u0066","4":"\u0073\u0075\u006d\u006d\u0065\u0072_\u0066\u0075\u0072\u006e\u0069\u0074\u0075\u0072\u0065_\u0073\u0065\u0074:\u006c\u006f\u006e\u0067_\u0073\u0068\u0065\u006c\u0066","\u0070\u0061\u0072\u0074\u0069\u0063\u006c\u0065":"\u0073\u0075\u006d\u006d\u0065\u0072_\u0066\u0075\u0072\u006e\u0069\u0074\u0075\u0072\u0065_\u0073\u0065\u0074:\u0073\u0068\u0065\u006c\u0066"},"elements":[{"from":[-15.5,0,2.49232],"to":[-13.5,1,4.49232],"rotation":{"angle":0,"axis":"y","origin":[0.5,14.67388,8]},"faces":{"north":{"uv":[9.5,10,10,10.25],"texture":"#2"},"east":{"uv":[10,9.5,10.5,9.75],"texture":"#2"},"south":{"uv":[10,9.75,10.5,10],"texture":"#2"},"west":{"uv":[10,10,10.5,10.25],"texture":"#2"},"up":{"uv":[10.5,4.5,10,4],"texture":"#2"},"down":{"uv":[10.5,4.5,10,5],"texture":"#2"}}},{"from":[-15.5,27,2.49232],"to":[31.5,28,11.49232],"rotation":{"angle":0,"axis":"y","origin":[15.5,14.67388,8]},"faces":{"north":{"uv":[0,6,15.66667,6.33333],"texture":"#4"},"east":{"uv":[0,6.66667,3,7],"texture":"#4"},"south":{"uv":[0,6.33333,15.66667,6.66667],"texture":"#4"},"west":{"uv":[3,6.66667,6,7],"texture":"#4"},"up":{"uv":[15.66667,3,0,0],"texture":"#4"},"down":{"uv":[15.66667,3,0,6],"texture":"#4"}}},{"from":[-15.5,20,2.49232],"to":[31.5,21,11.49232],"rotation":{"angle":0,"axis":"y","origin":[15.5,7.67388,8]},"faces":{"north":{"uv":[0,6,15.66667,6.33333],"texture":"#4"},"east":{"uv":[0,6.66667,3,7],"texture":"#4"},"south":{"uv":[0,6.33333,15.66667,6.66667],"texture":"#4"},"west":{"uv":[3,6.66667,6,7],"texture":"#4"},"up":{"uv":[15.66667,3,0,0],"texture":"#4"},"down":{"uv":[15.66667,3,0,6],"texture":"#4"}}},{"from":[-15.5,13,2.49232],"to":[31.5,14,11.49232],"rotation":{"angle":0,"axis":"y","origin":[15.5,0.67388,8]},"faces":{"north":{"uv":[0,6,15.66667,6.33333],"texture":"#4"},"east":{"uv":[0,6.66667,3,7],"texture":"#4"},"south":{"uv":[0,6.33333,15.66667,6.66667],"texture":"#4"},"west":{"uv":[3,6.66667,6,7],"texture":"#4"},"up":{"uv":[15.66667,3,0,0],"texture":"#4"},"down":{"uv":[15.66667,3,0,6],"texture":"#4"}}},{"from":[-15.5,6,2.49232],"to":[31.5,7,11.49232],"rotation":{"angle":0,"axis":"y","origin":[15.5,-6.32612,8]},"faces":{"north":{"uv":[0,6,15.66667,6.33333],"texture":"#4"},"east":{"uv":[0,6.66667,3,7],"texture":"#4"},"south":{"uv":[0,6.33333,15.66667,6.66667],"texture":"#4"},"west":{"uv":[3,6.66667,6,7],"texture":"#4"},"up":{"uv":[15.66667,3,0,0],"texture":"#4"},"down":{"uv":[15.66667,3,0,6],"texture":"#4"}}},{"from":[-15,1,2.99232],"to":[-14,27,3.99232],"rotation":{"angle":0,"axis":"y","origin":[0.5,14.67388,8]},"faces":{"north":{"uv":[1.5,9,1.75,15.5],"texture":"#2"},"east":{"uv":[1.75,9,2,15.5],"texture":"#2"},"south":{"uv":[2,9,2.25,15.5],"texture":"#2"},"west":{"uv":[2.25,9,2.5,15.5],"texture":"#2"}}},{"from":[-15,1,9.99232],"to":[-14,27,10.99232],"rotation":{"angle":0,"axis":"y","origin":[0.5,14.67388,8]},"faces":{"north":{"uv":[2.5,9,2.75,15.5],"texture":"#2"},"east":{"uv":[2.75,9,3,15.5],"texture":"#2"},"south":{"uv":[3,9,3.25,15.5],"texture":"#2"},"west":{"uv":[3.25,9,3.5,15.5],"texture":"#2"}}},{"from":[-15.5,0,9.49232],"to":[-13.5,1,11.49232],"rotation":{"angle":0,"axis":"y","origin":[0.5,14.67388,8]},"faces":{"north":{"uv":[9,10.25,9.5,10.5],"texture":"#2"},"east":{"uv":[9.5,10.25,10,10.5],"texture":"#2"},"south":{"uv":[10,10.25,10.5,10.5],"texture":"#2"},"west":{"uv":[10.5,4,11,4.25],"texture":"#2"},"up":{"uv":[10.5,6,10,5.5],"texture":"#2"},"down":{"uv":[6.5,10,6,10.5],"texture":"#2"}}},{"from":[29.5,0,9.49232],"to":[31.5,1,11.49232],"rotation":{"angle":0,"axis":"y","origin":[15.5,14.67388,8]},"faces":{"north":{"uv":[10.5,5.25,11,5.5],"texture":"#2"},"east":{"uv":[5.5,10.5,6,10.75],"texture":"#2"},"south":{"uv":[10.5,5.5,11,5.75],"texture":"#2"},"west":{"uv":[10.5,5.75,11,6],"texture":"#2"},"up":{"uv":[10.5,7,10,6.5],"texture":"#2"},"down":{"uv":[10.5,7,10,7.5],"texture":"#2"}}},{"from":[30,1,9.99232],"to":[31,27,10.99232],"rotation":{"angle":0,"axis":"y","origin":[15.5,14.67388,8]},"faces":{"north":{"uv":[4.5,9,4.75,15.5],"texture":"#2"},"east":{"uv":[4.75,9,5,15.5],"texture":"#2"},"south":{"uv":[5,9,5.25,15.5],"texture":"#2"},"west":{"uv":[5.25,9,5.5,15.5],"texture":"#2"}}},{"from":[30,1,2.99232],"to":[31,27,3.99232],"rotation":{"angle":0,"axis":"y","origin":[15.5,14.67388,8]},"faces":{"north":{"uv":[3.5,9,3.75,15.5],"texture":"#2"},"east":{"uv":[3.75,9,4,15.5],"texture":"#2"},"south":{"uv":[4,9,4.25,15.5],"texture":"#2"},"west":{"uv":[4.25,9,4.5,15.5],"texture":"#2"}}},{"from":[29.5,0,2.49232],"to":[31.5,1,4.49232],"rotation":{"angle":0,"axis":"y","origin":[15.5,14.67388,8]},"faces":{"north":{"uv":[10.5,4.25,11,4.5],"texture":"#2"},"east":{"uv":[10.5,4.5,11,4.75],"texture":"#2"},"south":{"uv":[10.5,4.75,11,5],"texture":"#2"},"west":{"uv":[10.5,5,11,5.25],"texture":"#2"},"up":{"uv":[10.5,6.5,10,6],"texture":"#2"},"down":{"uv":[7,10,6.5,10.5],"texture":"#2"}}},{"from":[-0.75,12,11.61732],"to":[5.25,31,11.61732],"rotation":{"angle":0,"axis":"y","origin":[15,14.67388,8]},"faces":{"north":{"uv":[13.25,3.25,14.75,8],"texture":"#2"},"south":{"uv":[14.75,3.25,13.25,8],"texture":"#2"}}},{"from":[-9,0,12.24232],"to":[-3,22,12.24232],"rotation":{"angle":0,"axis":"y","origin":[-6,14.67388,8]},"faces":{"north":{"uv":[13.25,8.5,14.75,14],"texture":"#2"},"south":{"uv":[14.75,8.5,13.25,14],"texture":"#2"}}},{"from":[-10,11,11.99232],"to":[-4,30,11.99232],"rotation":{"angle":0,"axis":"y","origin":[-6,14.67388,8]},"faces":{"north":{"uv":[13.25,3.25,14.75,8],"texture":"#2"},"south":{"uv":[14.75,3.25,13.25,8],"texture":"#2"}}},{"from":[-5.5,10,11.79232],"to":[0.5,32,11.79232],"rotation":{"angle":0,"axis":"y","origin":[-8,14.67388,8.15]},"faces":{"north":{"uv":[13.25,8.5,14.75,14],"texture":"#2"},"south":{"uv":[14.75,8.5,13.25,14],"texture":"#2"}}},{"from":[-5,0,11.89232],"to":[1,16,11.89232],"rotation":{"angle":0,"axis":"y","origin":[-8,14.67388,8.15]},"faces":{"north":{"uv":[11.25,9.5,12.75,13.5],"texture":"#2"},"south":{"uv":[12.75,9.5,11.25,13.5],"texture":"#2"}}},{"from":[-5,17.33118,11.09997],"to":[1,21.33118,11.09997],"rotation":{"angle":22.5,"axis":"x","origin":[-8,14.67388,8.15]},"faces":{"north":{"uv":[11.25,8.5,12.75,9.5],"texture":"#2"},"south":{"uv":[12.75,8.5,11.25,9.5],"texture":"#2"}}},{"from":[-0.9,2,11.74232],"to":[5.1,18,11.74232],"rotation":{"angle":0,"axis":"y","origin":[15,14.67388,8]},"faces":{"north":{"uv":[11.25,9.5,12.75,13.5],"texture":"#2"},"south":{"uv":[12.75,9.5,11.25,13.5],"texture":"#2"}}},{"from":[7.25,12,11.74232],"to":[13.25,31,11.74232],"rotation":{"angle":0,"axis":"y","origin":[23,14.67388,8.125]},"faces":{"north":{"uv":[13.25,3.25,14.75,8],"texture":"#2"},"south":{"uv":[14.75,3.25,13.25,8],"texture":"#2"}}},{"from":[2.5,10,11.91732],"to":[8.5,32,11.91732],"rotation":{"angle":0,"axis":"y","origin":[0,14.67388,8.275]},"faces":{"north":{"uv":[13.25,8.5,14.75,14],"texture":"#2"},"south":{"uv":[14.75,8.5,13.25,14],"texture":"#2"}}},{"from":[3,0,12.01732],"to":[9,16,12.01732],"rotation":{"angle":0,"axis":"y","origin":[0,14.67388,8.275]},"faces":{"north":{"uv":[11.25,9.5,12.75,13.5],"texture":"#2"},"south":{"uv":[12.75,9.5,11.25,13.5],"texture":"#2"}}},{"from":[7.1,2,11.86732],"to":[13.1,18,11.86732],"rotation":{"angle":0,"axis":"y","origin":[23,14.67388,8.125]},"faces":{"north":{"uv":[11.25,9.5,12.75,13.5],"texture":"#2"},"south":{"uv":[12.75,9.5,11.25,13.5],"texture":"#2"}}},{"from":[-0.9,19.17894,10.1846],"to":[5.1,23.17894,10.1846],"rotation":{"angle":22.5,"axis":"x","origin":[15,14.67388,8]},"faces":{"north":{"uv":[11.25,8.5,12.75,9.5],"texture":"#2"},"south":{"uv":[12.75,8.5,11.25,9.5],"texture":"#2"}}},{"from":[31.6,9,5.24232],"to":[31.6,31,11.24232],"rotation":{"angle":0,"axis":"y","origin":[15.5,14.67388,8]},"faces":{"east":{"uv":[13.25,8.5,14.75,14],"texture":"#2"},"west":{"uv":[14.75,8.5,13.25,14],"texture":"#2"}}},{"from":[31.25,2,0.99232],"to":[31.25,21,6.99232],"rotation":{"angle":0,"axis":"y","origin":[15,14.67388,8]},"faces":{"east":{"uv":[13.25,3.25,14.75,8],"texture":"#2"},"west":{"uv":[14.75,3.25,13.25,8],"texture":"#2"}}},{"from":[29.84492,22.25823,6.125],"to":[29.84492,26.25823,12.125],"rotation":{"angle":-22.5,"axis":"z","origin":[15,14.67388,8]},"faces":{"east":{"uv":[11.25,8.5,12.75,9.5],"texture":"#2"},"west":{"uv":[12.75,8.5,11.25,9.5],"texture":"#2"}}},{"from":[31.61732,0,6.125],"to":[31.61732,16,12.125],"rotation":{"angle":0,"axis":"y","origin":[15,14.67388,8]},"faces":{"east":{"uv":[11.25,9.5,12.75,13.5],"texture":"#2"},"west":{"uv":[12.75,9.5,11.25,13.5],"texture":"#2"}}},{"from":[-15.6,9,5.24232],"to":[-15.6,31,11.24232],"rotation":{"angle":0,"axis":"y","origin":[0.5,14.67388,8]},"faces":{"east":{"uv":[13.25,8.5,14.75,14],"texture":"#2"},"west":{"uv":[14.75,8.5,13.25,14],"texture":"#2"}}},{"from":[-15.61732,0,6.125],"to":[-15.61732,16,12.125],"rotation":{"angle":0,"axis":"y","origin":[1,14.67388,8]},"faces":{"east":{"uv":[11.25,9.5,12.75,13.5],"texture":"#2"},"west":{"uv":[12.75,9.5,11.25,13.5],"texture":"#2"}}},{"from":[-15.25,2,0.99232],"to":[-15.25,21,6.99232],"rotation":{"angle":0,"axis":"y","origin":[1,14.67388,8]},"faces":{"east":{"uv":[13.25,3.25,14.75,8],"texture":"#2"},"west":{"uv":[14.75,3.25,13.25,8],"texture":"#2"}}},{"from":[-13.84492,22.25823,6.125],"to":[-13.84492,26.25823,12.125],"rotation":{"angle":22.5,"axis":"z","origin":[1,14.67388,8]},"faces":{"east":{"uv":[11.25,8.5,12.75,9.5],"texture":"#2"},"west":{"uv":[12.75,8.5,11.25,9.5],"texture":"#2"}}},{"from":[-14.4,0,12.09232],"to":[-8.4,19,12.09232],"rotation":{"angle":0,"axis":"y","origin":[-4.9,14.67388,8.1]},"faces":{"north":{"uv":[13.25,3.25,14.75,8],"texture":"#2"},"south":{"uv":[14.75,3.25,13.25,8],"texture":"#2"}}},{"from":[-15.4,11,11.54232],"to":[-9.4,27,11.54232],"rotation":{"angle":0,"axis":"y","origin":[-4.9,14.67388,8]},"faces":{"north":{"uv":[11.25,9.5,12.75,13.5],"texture":"#2"},"south":{"uv":[12.75,9.5,11.25,13.5],"texture":"#2"}}},{"from":[-15.4,27.41732,6.55567],"to":[-9.4,31.41732,6.55567],"rotation":{"angle":22.5,"axis":"x","origin":[-4.9,14.67388,8]},"faces":{"north":{"uv":[11.25,8.5,12.75,9.5],"texture":"#2"},"south":{"uv":[12.75,8.5,11.25,9.5],"texture":"#2"}}},{"from":[10.75,12,11.61732],"to":[16.75,31,11.61732],"rotation":{"angle":0,"axis":"y","origin":[1,14.67388,8]},"faces":{"north":{"uv":[14.75,3.25,13.25,8],"texture":"#2"},"south":{"uv":[13.25,3.25,14.75,8],"texture":"#2"}}},{"from":[15.5,10,11.79232],"to":[21.5,32,11.79232],"rotation":{"angle":0,"axis":"y","origin":[24,14.67388,8.15]},"faces":{"north":{"uv":[14.75,8.5,13.25,14],"texture":"#2"},"south":{"uv":[13.25,8.5,14.75,14],"texture":"#2"}}},{"from":[10.9,19.17894,10.1846],"to":[16.9,23.17894,10.1846],"rotation":{"angle":22.5,"axis":"x","origin":[1,14.67388,8]},"faces":{"north":{"uv":[12.75,8.5,11.25,9.5],"texture":"#2"},"south":{"uv":[11.25,8.5,12.75,9.5],"texture":"#2"}}},{"from":[10.9,2,11.74232],"to":[16.9,18,11.74232],"rotation":{"angle":0,"axis":"y","origin":[1,14.67388,8]},"faces":{"north":{"uv":[12.75,9.5,11.25,13.5],"texture":"#2"},"south":{"uv":[11.25,9.5,12.75,13.5],"texture":"#2"}}},{"from":[15,0,11.89232],"to":[21,16,11.89232],"rotation":{"angle":0,"axis":"y","origin":[24,14.67388,8.15]},"faces":{"north":{"uv":[12.75,9.5,11.25,13.5],"texture":"#2"},"south":{"uv":[11.25,9.5,12.75,13.5],"texture":"#2"}}},{"from":[15,17.33118,11.09997],"to":[21,21.33118,11.09997],"rotation":{"angle":22.5,"axis":"x","origin":[24,14.67388,8.15]},"faces":{"north":{"uv":[12.75,8.5,11.25,9.5],"texture":"#2"},"south":{"uv":[11.25,8.5,12.75,9.5],"texture":"#2"}}},{"from":[19,0,12.24232],"to":[25,22,12.24232],"rotation":{"angle":0,"axis":"y","origin":[22,14.67388,8]},"faces":{"north":{"uv":[14.75,8.5,13.25,14],"texture":"#2"},"south":{"uv":[13.25,8.5,14.75,14],"texture":"#2"}}},{"from":[20,11,11.99232],"to":[26,30,11.99232],"rotation":{"angle":0,"axis":"y","origin":[22,14.67388,8]},"faces":{"north":{"uv":[14.75,3.25,13.25,8],"texture":"#2"},"south":{"uv":[13.25,3.25,14.75,8],"texture":"#2"}}},{"from":[24.4,0,12.09232],"to":[30.4,19,12.09232],"rotation":{"angle":0,"axis":"y","origin":[20.9,14.67388,8.1]},"faces":{"north":{"uv":[14.75,3.25,13.25,8],"texture":"#2"},"south":{"uv":[13.25,3.25,14.75,8],"texture":"#2"}}},{"from":[25.4,11,11.54232],"to":[31.4,27,11.54232],"rotation":{"angle":0,"axis":"y","origin":[20.9,14.67388,8]},"faces":{"north":{"uv":[12.75,9.5,11.25,13.5],"texture":"#2"},"south":{"uv":[11.25,9.5,12.75,13.5],"texture":"#2"}}},{"from":[25.4,27.41732,6.55567],"to":[31.4,31.41732,6.55567],"rotation":{"angle":22.5,"axis":"x","origin":[20.9,14.67388,8]},"faces":{"north":{"uv":[12.75,8.5,11.25,9.5],"texture":"#2"},"south":{"uv":[11.25,8.5,12.75,9.5],"texture":"#2"}}},{"from":[-13,7,4.49232],"to":[-11,10,6.49232],"rotation":{"angle":0,"axis":"y","origin":[1,14.67388,8]},"faces":{"north":{"uv":[7.5,9,7,9.75],"texture":"#2"},"east":{"uv":[10,4.75,9.5,5.5],"texture":"#2"},"south":{"uv":[10,4,9.5,4.75],"texture":"#2"},"west":{"uv":[8,9,7.5,9.75],"texture":"#2"},"up":{"uv":[10,5.5,10.5,5],"texture":"#2"},"down":{"uv":[5.5,10,6,10.5],"texture":"#2"}}},{"from":[-12.5,10,4.99232],"to":[-11.5,12,5.99232],"rotation":{"angle":0,"axis":"y","origin":[1,14.67388,8]},"faces":{"north":{"uv":[8.25,10.25,8,10.75],"texture":"#2"},"east":{"uv":[9,10.25,8.75,10.75],"texture":"#2"},"south":{"uv":[8.75,10.25,8.5,10.75],"texture":"#2"},"west":{"uv":[8.5,10.25,8.25,10.75],"texture":"#2"},"up":{"uv":[7.25,10.75,7.5,10.5],"texture":"#2"}}},{"from":[26,14,4.49232],"to":[28,17,6.49232],"rotation":{"angle":0,"axis":"y","origin":[15,14.67388,8]},"faces":{"north":{"uv":[7.5,9,7,9.75],"texture":"#2"},"east":{"uv":[10,4.75,9.5,5.5],"texture":"#2"},"south":{"uv":[10,4,9.5,4.75],"texture":"#2"},"west":{"uv":[8,9,7.5,9.75],"texture":"#2"},"up":{"uv":[10,5.5,10.5,5],"texture":"#2"},"down":{"uv":[5.5,10,6,10.5],"texture":"#2"}}},{"from":[26.5,17,4.99232],"to":[27.5,19,5.99232],"rotation":{"angle":0,"axis":"y","origin":[15,14.67388,8]},"faces":{"north":{"uv":[8.25,10.25,8,10.75],"texture":"#2"},"east":{"uv":[9,10.25,8.75,10.75],"texture":"#2"},"south":{"uv":[8.75,10.25,8.5,10.75],"texture":"#2"},"west":{"uv":[8.5,10.25,8.25,10.75],"texture":"#2"},"up":{"uv":[7.25,10.75,7.5,10.5],"texture":"#2"}}},{"from":[-8.27914,7,0.85636],"to":[-6.27914,10,2.85636],"rotation":{"angle":22.5,"axis":"y","origin":[1,14.67388,8]},"faces":{"north":{"uv":[10,5.5,9.5,6.25],"texture":"#2"},"east":{"uv":[10,7.75,9.5,8.5],"texture":"#2"},"south":{"uv":[10,7,9.5,7.75],"texture":"#2"},"west":{"uv":[10,6.25,9.5,7],"texture":"#2"},"up":{"uv":[10,8,10.5,7.5],"texture":"#2"},"down":{"uv":[10,8,10.5,8.5],"texture":"#2"}}},{"from":[-7.77914,10,1.35636],"to":[-6.77914,12,2.35636],"rotation":{"angle":22.5,"axis":"y","origin":[1,14.67388,8]},"faces":{"north":{"uv":[6.25,10.5,6,11],"texture":"#2"},"east":{"uv":[6.75,10.5,6.5,11],"texture":"#2"},"south":{"uv":[6.5,10.5,6.25,11],"texture":"#2"},"west":{"uv":[10.75,6,10.5,6.5],"texture":"#2"},"up":{"uv":[7.5,10.75,7.75,10.5],"texture":"#2"}}},{"from":[26.97009,21,9.65808],"to":[28.97009,24,11.65808],"rotation":{"angle":22.5,"axis":"y","origin":[15,14.67388,8]},"faces":{"north":{"uv":[10,5.5,9.5,6.25],"texture":"#2"},"east":{"uv":[10,7.75,9.5,8.5],"texture":"#2"},"south":{"uv":[10,7,9.5,7.75],"texture":"#2"},"west":{"uv":[10,6.25,9.5,7],"texture":"#2"},"up":{"uv":[10,8,10.5,7.5],"texture":"#2"},"down":{"uv":[10,8,10.5,8.5],"texture":"#2"}}},{"from":[27.47009,24,10.15808],"to":[28.47009,26,11.15808],"rotation":{"angle":22.5,"axis":"y","origin":[15,14.67388,8]},"faces":{"north":{"uv":[6.25,10.5,6,11],"texture":"#2"},"east":{"uv":[6.75,10.5,6.5,11],"texture":"#2"},"south":{"uv":[6.5,10.5,6.25,11],"texture":"#2"},"west":{"uv":[10.75,6,10.5,6.5],"texture":"#2"},"up":{"uv":[7.5,10.75,7.75,10.5],"texture":"#2"}}},{"from":[-11.5,24,4.99232],"to":[-10.5,26,5.99232],"rotation":{"angle":0,"axis":"y","origin":[1,14.67388,8]},"faces":{"north":{"uv":[8.25,10.25,8,10.75],"texture":"#2"},"east":{"uv":[9,10.25,8.75,10.75],"texture":"#2"},"south":{"uv":[8.75,10.25,8.5,10.75],"texture":"#2"},"west":{"uv":[8.5,10.25,8.25,10.75],"texture":"#2"},"up":{"uv":[7.25,10.75,7.5,10.5],"texture":"#2"}}},{"from":[-12,21,4.49232],"to":[-10,24,6.49232],"rotation":{"angle":0,"axis":"y","origin":[1,14.67388,8]},"faces":{"north":{"uv":[7.5,9,7,9.75],"texture":"#2"},"east":{"uv":[10,4.75,9.5,5.5],"texture":"#2"},"south":{"uv":[10,4,9.5,4.75],"texture":"#2"},"west":{"uv":[8,9,7.5,9.75],"texture":"#2"},"up":{"uv":[10,5.5,10.5,5],"texture":"#2"},"down":{"uv":[5.5,10,6,10.5],"texture":"#2"}}},{"from":[-9,21,4.49232],"to":[-7,24,6.49232],"rotation":{"angle":0,"axis":"y","origin":[4,14.67388,8]},"faces":{"north":{"uv":[7.5,9,7,9.75],"texture":"#2"},"east":{"uv":[10,4.75,9.5,5.5],"texture":"#2"},"south":{"uv":[10,4,9.5,4.75],"texture":"#2"},"west":{"uv":[8,9,7.5,9.75],"texture":"#2"},"up":{"uv":[10,5.5,10.5,5],"texture":"#2"},"down":{"uv":[5.5,10,6,10.5],"texture":"#2"}}},{"from":[-8.5,24,4.99232],"to":[-7.5,26,5.99232],"rotation":{"angle":0,"axis":"y","origin":[4,14.67388,8]},"faces":{"north":{"uv":[8.25,10.25,8,10.75],"texture":"#2"},"east":{"uv":[9,10.25,8.75,10.75],"texture":"#2"},"south":{"uv":[8.75,10.25,8.5,10.75],"texture":"#2"},"west":{"uv":[8.5,10.25,8.25,10.75],"texture":"#2"},"up":{"uv":[7.25,10.75,7.5,10.5],"texture":"#2"}}},{"from":[-6,21,4.49232],"to":[-4,24,6.49232],"rotation":{"angle":0,"axis":"y","origin":[7,14.67388,8]},"faces":{"north":{"uv":[7.5,9,7,9.75],"texture":"#2"},"east":{"uv":[10,4.75,9.5,5.5],"texture":"#2"},"south":{"uv":[10,4,9.5,4.75],"texture":"#2"},"west":{"uv":[8,9,7.5,9.75],"texture":"#2"},"up":{"uv":[10,5.5,10.5,5],"texture":"#2"},"down":{"uv":[5.5,10,6,10.5],"texture":"#2"}}},{"from":[-5.5,24,4.99232],"to":[-4.5,26,5.99232],"rotation":{"angle":0,"axis":"y","origin":[7,14.67388,8]},"faces":{"north":{"uv":[8.25,10.25,8,10.75],"texture":"#2"},"east":{"uv":[9,10.25,8.75,10.75],"texture":"#2"},"south":{"uv":[8.75,10.25,8.5,10.75],"texture":"#2"},"west":{"uv":[8.5,10.25,8.25,10.75],"texture":"#2"},"up":{"uv":[7.25,10.75,7.5,10.5],"texture":"#2"}}},{"from":[23.27457,14,8.12734],"to":[25.27457,17,10.12734],"rotation":{"angle":22.5,"axis":"y","origin":[15,14.67388,8]},"faces":{"north":{"uv":[10,8.5,9.5,9.25],"texture":"#2"},"east":{"uv":[8,9.75,7.5,10.5],"texture":"#2"},"south":{"uv":[7.5,9.75,7,10.5],"texture":"#2"},"west":{"uv":[10,9.25,9.5,10],"texture":"#2"},"up":{"uv":[10,9,10.5,8.5],"texture":"#2"},"down":{"uv":[10,9,10.5,9.5],"texture":"#2"}}},{"from":[23.77457,17,8.62734],"to":[24.77457,19,9.62734],"rotation":{"angle":22.5,"axis":"y","origin":[15,14.67388,8]},"faces":{"north":{"uv":[10.75,6.5,10.5,7],"texture":"#2"},"east":{"uv":[10.75,7,10.5,7.5],"texture":"#2"},"south":{"uv":[7.25,10.5,7,11],"texture":"#2"},"west":{"uv":[7,10.5,6.75,11],"texture":"#2"},"up":{"uv":[10.5,7.75,10.75,7.5],"texture":"#2"}}},{"from":[-4.77653,10,2.60008],"to":[-3.77653,12,3.60008],"rotation":{"angle":22.5,"axis":"y","origin":[1,14.67388,8]},"faces":{"north":{"uv":[10.75,6.5,10.5,7],"texture":"#2"},"east":{"uv":[10.75,7,10.5,7.5],"texture":"#2"},"south":{"uv":[7.25,10.5,7,11],"texture":"#2"},"west":{"uv":[7,10.5,6.75,11],"texture":"#2"},"up":{"uv":[10.5,7.75,10.75,7.5],"texture":"#2"}}},{"from":[-5.27653,7,2.10008],"to":[-3.27653,10,4.10008],"rotation":{"angle":22.5,"axis":"y","origin":[1,14.67388,8]},"faces":{"north":{"uv":[10,8.5,9.5,9.25],"texture":"#2"},"east":{"uv":[8,9.75,7.5,10.5],"texture":"#2"},"south":{"uv":[7.5,9.75,7,10.5],"texture":"#2"},"west":{"uv":[10,9.25,9.5,10],"texture":"#2"},"up":{"uv":[10,9,10.5,8.5],"texture":"#2"},"down":{"uv":[10,9,10.5,9.5],"texture":"#2"}}},{"from":[18.12171,24,1.82335],"to":[21.12171,27,1.85335],"rotation":{"angle":-45,"axis":"y","origin":[15,14.67388,8]},"faces":{"north":{"uv":[7,8,4,11],"texture":"#1"},"south":{"uv":[4,8,7,11],"texture":"#1"}}},{"from":[16.62171,21,-0.17665],"to":[20.62171,25,3.82335],"rotation":{"angle":-45,"axis":"y","origin":[15,14.67388,8]},"faces":{"north":{"uv":[4,0,0,4],"texture":"#1"},"east":{"uv":[8,4,4,8],"texture":"#1"},"south":{"uv":[8,0,4,4],"texture":"#1"},"west":{"uv":[4,4,0,8],"texture":"#1"},"up":{"uv":[0,12,4,8],"texture":"#1"},"down":{"uv":[8,0,12,4],"texture":"#1"}}},{"from":[-7.71053,17,2.56054],"to":[-7.68053,20,5.56054],"rotation":{"angle":22.5,"axis":"y","origin":[0,14.67388,8]},"faces":{"east":{"uv":[7,8,4,11],"texture":"#1"},"west":{"uv":[4,8,7,11],"texture":"#1"}}},{"from":[-9.68053,14,1.06054],"to":[-5.68053,18,5.06054],"rotation":{"angle":22.5,"axis":"y","origin":[0,14.67388,8]},"faces":{"north":{"uv":[4,4,0,8],"texture":"#1"},"east":{"uv":[4,0,0,4],"texture":"#1"},"south":{"uv":[8,4,4,8],"texture":"#1"},"west":{"uv":[8,0,4,4],"texture":"#1"},"up":{"uv":[0,12,4,8],"rotation":90,"texture":"#1"},"down":{"uv":[8,0,12,4],"rotation":270,"texture":"#1"}}},{"from":[-3.10827,17,7.61081],"to":[-0.10827,20,7.64081],"rotation":{"angle":-22.5,"axis":"y","origin":[0,14.67388,8]},"faces":{"north":{"uv":[7,8,4,11],"texture":"#1"},"south":{"uv":[4,8,7,11],"texture":"#1"}}},{"from":[-4.60827,14,5.61081],"to":[-0.60827,18,9.61081],"rotation":{"angle":-22.5,"axis":"y","origin":[0,14.67388,8]},"faces":{"north":{"uv":[4,0,0,4],"texture":"#1"},"east":{"uv":[8,4,4,8],"texture":"#1"},"south":{"uv":[8,0,4,4],"texture":"#1"},"west":{"uv":[4,4,0,8],"texture":"#1"},"up":{"uv":[0,12,4,8],"texture":"#1"},"down":{"uv":[8,0,12,4],"texture":"#1"}}}],"gui_light":"front","display":{"thirdperson_righthand":{"rotation":[55.25,90,0],"translation":[0,5,1.25],"scale":[0.5,0.5,0.5]},"thirdperson_lefthand":{"rotation":[55.25,90,0],"translation":[0,10.5,-2.5],"scale":[0.5,0.5,0.5]},"firstperson_righthand":{"rotation":[170.75,0,180],"translation":[11,1.25,-2],"scale":[0.5,0.5,0.5]},"firstperson_lefthand":{"rotation":[170.75,0,180],"translation":[4.5,1.25,-2],"scale":[0.5,0.5,0.5]},"ground":{"translation":[-5.75,5,0.75],"scale":[0.7,0.7,0.7]},"gui":{"rotation":[25,-135,0],"translation":[-0.5,-2.25,0],"scale":[0.5,0.5,0.5]},"head":{"rotation":[0,180,0],"translation":[-1.5,-30.5,-2.5],"scale":[1.6,1.6,1.6]},"fixed":{"rotation":[-90,0,0],"translation":[0,0,-16],"scale":[2,2,2]}}}