{"textures​":{"2":"\u0073\u0075\u006d\u006d\u0065\u0072_\u0066\u0075\u0072\u006e\u0069\u0074\u0075\u0072\u0065_\u0073\u0065\u0074:\u006c\u006f\u006e\u0067_\u0074\u0061\u0062\u006c\u0065_3","\u0070\u0061\u0072\u0074\u0069\u0063\u006c\u0065":"\u0073\u0075\u006d\u006d\u0065\u0072_\u0066\u0075\u0072\u006e\u0069\u0074\u0075\u0072\u0065_\u0073\u0065\u0074:\u006c\u006f\u006e\u0067_\u0074\u0061\u0062\u006c\u0065_3"},"credit":"Polygony Creation Co.,Ltd.","texture_size":[96,96],"\u0074\u0065\u0078\u0074\u0075\u0072\u0065\u0073":{"2":"\u0073\u0075\u006d\u006d\u0065\u0072_\u0066\u0075\u0072\u006e\u0069\u0074\u0075\u0072\u0065_\u0073\u0065\u0074:\u006c\u006f\u006e\u0067_\u0074\u0061\u0062\u006c\u0065_3","\u0070\u0061\u0072\u0074\u0069\u0063\u006c\u0065":"\u0073\u0075\u006d\u006d\u0065\u0072_\u0066\u0075\u0072\u006e\u0069\u0074\u0075\u0072\u0065_\u0073\u0065\u0074:\u006c\u006f\u006e\u0067_\u0074\u0061\u0062\u006c\u0065_3"},"elements":[{"from":[28,1,12],"to":[30,13.1,14],"rotation":{"angle":0,"axis":"y","origin":[16,7.875,8]},"faces":{"north":{"uv":[4,7.66667,4.33333,9.5],"texture":"#2"},"east":{"uv":[4.33333,7.66667,4.66667,9.5],"texture":"#2"},"south":{"uv":[4.66667,7.66667,5,9.5],"texture":"#2"},"west":{"uv":[5,7.66667,5.33333,9.5],"texture":"#2"}}},{"from":[-16,14,0],"to":[32,16,16],"rotation":{"angle":0,"axis":"y","origin":[16,8.875,8]},"faces":{"north":{"uv":[6.66667,5.33333,14.66667,5.66667],"texture":"#2"},"east":{"uv":[6.66667,6,9.33333,6.33333],"texture":"#2"},"south":{"uv":[6.66667,5.66667,14.66667,6],"texture":"#2"},"west":{"uv":[1.33333,7.66667,4,8],"texture":"#2"},"up":{"uv":[8,2.66667,0,0],"texture":"#2"},"down":{"uv":[8,2.66667,0,5.33333],"texture":"#2"}}},{"from":[27.5,0,11.5],"to":[30.5,1,14.5],"rotation":{"angle":0,"axis":"y","origin":[16,7.875,8]},"faces":{"north":{"uv":[8,5.16667,8.5,5.33333],"texture":"#2"},"east":{"uv":[8.83333,3,9.33333,3.16667],"texture":"#2"},"south":{"uv":[8.83333,3.16667,9.33333,3.33333],"texture":"#2"},"west":{"uv":[9,3.33333,9.5,3.5],"texture":"#2"},"up":{"uv":[8.5,4.16667,8,3.66667],"texture":"#2"},"down":{"uv":[8.5,4.16667,8,4.66667],"texture":"#2"}}},{"from":[27.5,13,11.5],"to":[30.5,14,14.5],"rotation":{"angle":0,"axis":"y","origin":[16,8.875,8]},"faces":{"north":{"uv":[9,3.5,9.5,3.66667],"texture":"#2"},"east":{"uv":[9,3.66667,9.5,3.83333],"texture":"#2"},"south":{"uv":[9,3.83333,9.5,4],"texture":"#2"},"west":{"uv":[9,4,9.5,4.16667],"texture":"#2"},"up":{"uv":[8.5,5.16667,8,4.66667],"texture":"#2"},"down":{"uv":[8.83333,1.83333,8.33333,2.33333],"texture":"#2"}}},{"from":[-14.5,13,11.5],"to":[-11.5,14,14.5],"rotation":{"angle":0,"axis":"y","origin":[0,8.875,8]},"faces":{"north":{"uv":[9,4.16667,9.5,4.33333],"texture":"#2"},"east":{"uv":[9,4.33333,9.5,4.5],"texture":"#2"},"south":{"uv":[9,4.5,9.5,4.66667],"texture":"#2"},"west":{"uv":[9,4.66667,9.5,4.83333],"texture":"#2"},"up":{"uv":[8.83333,2.83333,8.33333,2.33333],"texture":"#2"},"down":{"uv":[8.83333,2.83333,8.33333,3.33333],"texture":"#2"}}},{"from":[-14,1,12],"to":[-12,13.1,14],"rotation":{"angle":0,"axis":"y","origin":[0,7.875,8]},"faces":{"north":{"uv":[5.33333,7.66667,5.66667,9.5],"texture":"#2"},"east":{"uv":[5.66667,7.66667,6,9.5],"texture":"#2"},"south":{"uv":[6,7.66667,6.33333,9.5],"texture":"#2"},"west":{"uv":[6.33333,7.66667,6.66667,9.5],"texture":"#2"}}},{"from":[-14.5,0,11.5],"to":[-11.5,1,14.5],"rotation":{"angle":0,"axis":"y","origin":[0,7.875,8]},"faces":{"north":{"uv":[9,4.83333,9.5,5],"texture":"#2"},"east":{"uv":[9,5,9.5,5.16667],"texture":"#2"},"south":{"uv":[9,5.16667,9.5,5.33333],"texture":"#2"},"west":{"uv":[9,6.33333,9.5,6.5],"texture":"#2"},"up":{"uv":[8.83333,8.16667,8.33333,7.66667],"texture":"#2"},"down":{"uv":[8.83333,8.16667,8.33333,8.66667],"texture":"#2"}}},{"from":[-14.5,13,1.5],"to":[-11.5,14,4.5],"rotation":{"angle":0,"axis":"y","origin":[0,8.875,8]},"faces":{"north":{"uv":[9,6.5,9.5,6.66667],"texture":"#2"},"east":{"uv":[9,6.66667,9.5,6.83333],"texture":"#2"},"south":{"uv":[9,6.83333,9.5,7],"texture":"#2"},"west":{"uv":[9,7,9.5,7.16667],"texture":"#2"},"up":{"uv":[9,3.83333,8.5,3.33333],"texture":"#2"},"down":{"uv":[9,3.83333,8.5,4.33333],"texture":"#2"}}},{"from":[-14,1,2],"to":[-12,13.1,4],"rotation":{"angle":0,"axis":"y","origin":[0,7.875,8]},"faces":{"north":{"uv":[6.66667,7.66667,7,9.5],"texture":"#2"},"east":{"uv":[7,7.66667,7.33333,9.5],"texture":"#2"},"south":{"uv":[7.33333,7.66667,7.66667,9.5],"texture":"#2"},"west":{"uv":[7.66667,7.66667,8,9.5],"texture":"#2"}}},{"from":[-14.5,0,1.5],"to":[-11.5,1,4.5],"rotation":{"angle":0,"axis":"y","origin":[0,7.875,8]},"faces":{"north":{"uv":[9,7.16667,9.5,7.33333],"texture":"#2"},"east":{"uv":[9,7.33333,9.5,7.5],"texture":"#2"},"south":{"uv":[9,7.5,9.5,7.66667],"texture":"#2"},"west":{"uv":[0,9.16667,0.5,9.33333],"texture":"#2"},"up":{"uv":[9,4.83333,8.5,4.33333],"texture":"#2"},"down":{"uv":[9,4.83333,8.5,5.33333],"texture":"#2"}}},{"from":[27.5,13,1.5],"to":[30.5,14,4.5],"rotation":{"angle":0,"axis":"y","origin":[16,8.875,8]},"faces":{"north":{"uv":[9.16667,0,9.66667,0.16667],"texture":"#2"},"east":{"uv":[9.16667,0.16667,9.66667,0.33333],"texture":"#2"},"south":{"uv":[9.16667,0.33333,9.66667,0.5],"texture":"#2"},"west":{"uv":[0.5,9.16667,1,9.33333],"texture":"#2"},"up":{"uv":[0.5,9.16667,0,8.66667],"texture":"#2"},"down":{"uv":[9.16667,0,8.66667,0.5],"texture":"#2"}}},{"from":[28,1,2],"to":[30,13.1,4],"rotation":{"angle":0,"axis":"y","origin":[16,7.875,8]},"faces":{"north":{"uv":[8,0,8.33333,1.83333],"texture":"#2"},"east":{"uv":[1.33333,8,1.66667,9.83333],"texture":"#2"},"south":{"uv":[1.66667,8,2,9.83333],"texture":"#2"},"west":{"uv":[8,1.83333,8.33333,3.66667],"texture":"#2"}}},{"from":[27.5,0,1.5],"to":[30.5,1,4.5],"rotation":{"angle":0,"axis":"y","origin":[16,7.875,8]},"faces":{"north":{"uv":[9.16667,0.5,9.66667,0.66667],"texture":"#2"},"east":{"uv":[9.16667,0.66667,9.66667,0.83333],"texture":"#2"},"south":{"uv":[9.16667,0.83333,9.66667,1],"texture":"#2"},"west":{"uv":[9.16667,1,9.66667,1.16667],"texture":"#2"},"up":{"uv":[1,9.16667,0.5,8.66667],"texture":"#2"},"down":{"uv":[9.16667,0.5,8.66667,1],"texture":"#2"}}},{"from":[7,1,12],"to":[9,13.1,14],"rotation":{"angle":0,"axis":"y","origin":[-5,7.875,8]},"faces":{"north":{"uv":[3.33333,8,3.66667,9.83333],"texture":"#2"},"east":{"uv":[3.66667,8,4,9.83333],"texture":"#2"},"south":{"uv":[8,7.66667,8.33333,9.5],"texture":"#2"},"west":{"uv":[8.33333,0,8.66667,1.83333],"texture":"#2"}}},{"from":[7,1,2],"to":[9,13.1,4],"rotation":{"angle":0,"axis":"y","origin":[-5,7.875,8]},"faces":{"north":{"uv":[2,8,2.33333,9.83333],"texture":"#2"},"east":{"uv":[2.33333,8,2.66667,9.83333],"texture":"#2"},"south":{"uv":[2.66667,8,3,9.83333],"texture":"#2"},"west":{"uv":[3,8,3.33333,9.83333],"texture":"#2"}}},{"from":[6.5,13,11.5],"to":[9.5,14,14.5],"rotation":{"angle":0,"axis":"y","origin":[-5,8.875,8]},"faces":{"north":{"uv":[9.33333,2.5,9.83333,2.66667],"texture":"#2"},"east":{"uv":[9.33333,2.66667,9.83333,2.83333],"texture":"#2"},"south":{"uv":[9.33333,2.83333,9.83333,3],"texture":"#2"},"west":{"uv":[9.33333,3,9.83333,3.16667],"texture":"#2"},"up":{"uv":[9.33333,8.66667,8.83333,8.16667],"texture":"#2"},"down":{"uv":[9.33333,8.66667,8.83333,9.16667],"texture":"#2"}}},{"from":[6.5,13,1.5],"to":[9.5,14,4.5],"rotation":{"angle":0,"axis":"y","origin":[-5,8.875,8]},"faces":{"north":{"uv":[9.33333,1.83333,9.83333,2],"texture":"#2"},"east":{"uv":[9.33333,2,9.83333,2.16667],"texture":"#2"},"south":{"uv":[9.33333,2.16667,9.83333,2.33333],"texture":"#2"},"west":{"uv":[9.33333,2.33333,9.83333,2.5],"texture":"#2"},"up":{"uv":[9.33333,3,8.83333,2.5],"texture":"#2"},"down":{"uv":[9.33333,7.66667,8.83333,8.16667],"texture":"#2"}}},{"from":[6.5,0,1.5],"to":[9.5,1,4.5],"rotation":{"angle":0,"axis":"y","origin":[-5,7.875,8]},"faces":{"north":{"uv":[0,9.33333,0.5,9.5],"texture":"#2"},"east":{"uv":[0.5,9.33333,1,9.5],"texture":"#2"},"south":{"uv":[9.33333,1.5,9.83333,1.66667],"texture":"#2"},"west":{"uv":[9.33333,1.66667,9.83333,1.83333],"texture":"#2"},"up":{"uv":[9.33333,2,8.83333,1.5],"texture":"#2"},"down":{"uv":[9.33333,2,8.83333,2.5],"texture":"#2"}}},{"from":[6.5,0,11.5],"to":[9.5,1,14.5],"rotation":{"angle":0,"axis":"y","origin":[-5,7.875,8]},"faces":{"north":{"uv":[9.16667,1.16667,9.66667,1.33333],"texture":"#2"},"east":{"uv":[9.16667,1.33333,9.66667,1.5],"texture":"#2"},"south":{"uv":[8.33333,9.16667,8.83333,9.33333],"texture":"#2"},"west":{"uv":[8.83333,9.16667,9.33333,9.33333],"texture":"#2"},"up":{"uv":[9.16667,1.5,8.66667,1],"texture":"#2"},"down":{"uv":[8.83333,8.66667,8.33333,9.16667],"texture":"#2"}}},{"from":[2.75,16.25,4],"to":[29.25,16.25,12],"rotation":{"angle":0,"axis":"y","origin":[16,8.875,8]},"faces":{"up":{"uv":[4.5,7.66667,0,6.33333],"texture":"#2"}}},{"from":[-13.25,16.3,4],"to":[13.25,16.3,12],"rotation":{"angle":0,"axis":"y","origin":[0,8.925,8]},"faces":{"up":{"uv":[9,7.66667,4.5,6.33333],"texture":"#2"}}},{"from":[-12,8,3],"to":[28,14,3],"rotation":{"angle":0,"axis":"y","origin":[16,8.875,8]},"faces":{"north":{"uv":[0,5.33333,6.66667,6.33333],"texture":"#2"},"south":{"uv":[6.66667,5.33333,0,6.33333],"texture":"#2"}}},{"from":[-12,8,13],"to":[28,14,13],"rotation":{"angle":0,"axis":"y","origin":[16,8.875,8]},"faces":{"north":{"uv":[0,5.33333,6.66667,6.33333],"texture":"#2"},"south":{"uv":[6.66667,5.33333,0,6.33333],"texture":"#2"}}},{"from":[-13,9,4],"to":[-13,15,12],"rotation":{"angle":0,"axis":"y","origin":[0,9.875,8]},"faces":{"east":{"uv":[1.33333,7.66667,0,8.66667],"texture":"#2"},"west":{"uv":[0,7.66667,1.33333,8.66667],"texture":"#2"}}},{"from":[29,9,4],"to":[29,15,12],"rotation":{"angle":0,"axis":"y","origin":[16,9.875,8]},"faces":{"east":{"uv":[1.33333,7.66667,0,8.66667],"texture":"#2"},"west":{"uv":[0,7.66667,1.33333,8.66667],"texture":"#2"}}}],"gui_light":"front","display":{"thirdperson_righthand":{"rotation":[89.75,90,0],"translation":[0,3.25,-2.5],"scale":[0.5,0.5,0.5]},"thirdperson_lefthand":{"rotation":[89.75,90,0],"translation":[0,3.25,-2.5],"scale":[0.5,0.5,0.5]},"firstperson_righthand":{"rotation":[35.25,90,0],"translation":[0.75,3.5,3.25],"scale":[0.3,0.3,0.3]},"firstperson_lefthand":{"rotation":[35.25,90,0],"translation":[0.75,3.5,3.25],"scale":[0.3,0.3,0.3]},"ground":{"translation":[0,5,0],"scale":[0.7,0.7,0.7]},"gui":{"rotation":[25,-135,0],"translation":[-0.25,0,0],"scale":[0.5,0.5,0.5]},"head":{"rotation":[0,180,0],"translation":[0,-30.5,0],"scale":[1.6,1.6,1.6]},"fixed":{"rotation":[-90,0,0],"translation":[0,0,-16],"scale":[2,2,2]}}}