{"textures​":{"1":"\u0073\u0075\u006d\u006d\u0065\u0072_\u0066\u0075\u0072\u006e\u0069\u0074\u0075\u0072\u0065_\u0073\u0065\u0074:\u0073\u006d\u0061\u006c\u006c_\u0074\u0061\u0062\u006c\u0065","\u0070\u0061\u0072\u0074\u0069\u0063\u006c\u0065":"#1"},"credit":"Polygony Creation Co.,Ltd.","\u0074\u0065\u0078\u0074\u0075\u0072\u0065\u0073":{"1":"\u0073\u0075\u006d\u006d\u0065\u0072_\u0066\u0075\u0072\u006e\u0069\u0074\u0075\u0072\u0065_\u0073\u0065\u0074:\u0073\u006d\u0061\u006c\u006c_\u0074\u0061\u0062\u006c\u0065","\u0070\u0061\u0072\u0074\u0069\u0063\u006c\u0065":"#1"},"elements":[{"from":[3,0,3],"to":[13,2,13],"rotation":{"angle":0,"axis":"y","origin":[3,0,3]},"faces":{"north":{"uv":[8,6.66667,11.33333,7.33333],"texture":"#1"},"east":{"uv":[8,7.33333,11.33333,8],"texture":"#1"},"south":{"uv":[8,8,11.33333,8.66667],"texture":"#1"},"west":{"uv":[4.66667,8.33333,8,9],"texture":"#1"},"up":{"uv":[8,3.33333,4.66667,0],"texture":"#1"},"down":{"uv":[8,3.33333,4.66667,6.66667],"texture":"#1"}}},{"from":[4,2,4],"to":[12,4,12],"rotation":{"angle":0,"axis":"y","origin":[3,2,3]},"faces":{"north":{"uv":[8,8.66667,10.66667,9.33333],"texture":"#1"},"east":{"uv":[4.66667,9,7.33333,9.66667],"texture":"#1"},"south":{"uv":[0,9.33333,2.66667,10],"texture":"#1"},"west":{"uv":[7.33333,9.33333,10,10],"texture":"#1"}}},{"from":[1,4,1],"to":[15,5,15],"rotation":{"angle":0,"axis":"y","origin":[3,4,3]},"faces":{"north":{"uv":[9.66667,0,14.33333,0.33333],"texture":"#1"},"east":{"uv":[9.66667,0.33333,14.33333,0.66667],"texture":"#1"},"south":{"uv":[9.66667,0.66667,14.33333,1],"texture":"#1"},"west":{"uv":[9.66667,1,14.33333,1.33333],"texture":"#1"},"up":{"uv":[4.66667,4.66667,0,0],"texture":"#1"},"down":{"uv":[4.66667,4.66667,0,9.33333],"texture":"#1"}}}],"gui_light":"front","display":{"thirdperson_righthand":{"rotation":[55.25,0,0],"translation":[0,5.5,3.25],"scale":[0.7,0.7,0.7]},"thirdperson_lefthand":{"rotation":[55.25,0,0],"translation":[0,5.5,3.25],"scale":[0.7,0.7,0.7]},"firstperson_righthand":{"rotation":[22.5,180,0],"translation":[2.75,4.75,-0.5]},"firstperson_lefthand":{"rotation":[22.5,180,0],"translation":[2.75,4.75,-0.5]},"ground":{"translation":[0,5,0]},"gui":{"rotation":[25,45,0],"translation":[0,4.5,0]},"head":{"translation":[0,-30,0],"scale":[1.6,1.6,1.6]},"fixed":{"rotation":[-90,0,0],"translation":[0,0,-16],"scale":[2,2,2]}}}