{"textures​":{"layer0":"minecraft:item/cyan_candle"},"credit":"Polygony Creation Co.,Ltd.","\u0074\u0065\u0078\u0074\u0075\u0072\u0065\u0073":{"0":"\u0073\u0075\u006d\u006d\u0065\u0072_\u0066\u0075\u0072\u006e\u0069\u0074\u0075\u0072\u0065_\u0073\u0065\u0074:\u0073\u0075\u0072\u0066\u0062\u006f\u0061\u0072\u0064_2","\u0070\u0061\u0072\u0074\u0069\u0063\u006c\u0065":"\u0073\u0075\u006d\u006d\u0065\u0072_\u0066\u0075\u0072\u006e\u0069\u0074\u0075\u0072\u0065_\u0073\u0065\u0074:\u0073\u0075\u0072\u0066\u0062\u006f\u0061\u0072\u0064_2"},"elements":[{"from":[3.5,-3,7.5],"to":[12.5,19,8.5],"rotation":{"angle":0,"axis":"y","origin":[3.5,-6,7.5]},"faces":{"north":{"uv":[0.66667,2,3.66667,9.33333],"texture":"#0"},"east":{"uv":[7.33333,2,7.66667,9.33333],"texture":"#0"},"south":{"uv":[4,2,7,9.33333],"texture":"#0"},"west":{"uv":[8,2,8.33333,9.33333],"texture":"#0"}}},{"from":[3.5,18.69448,6.96404],"to":[12.5,21.69448,7.96404],"rotation":{"angle":-22.5,"axis":"x","origin":[9,20.19448,7.46404]},"faces":{"north":{"uv":[0.66667,1,3.66667,2],"texture":"#0"},"east":{"uv":[10.33333,2,10.66667,3],"texture":"#0"},"south":{"uv":[4,1,7,2],"texture":"#0"},"west":{"uv":[10.66667,2,11,3],"texture":"#0"},"up":{"uv":[7,0.66667,4,0.33333],"texture":"#0"}}},{"from":[3.5,-5.69448,6.96404],"to":[12.5,-2.69448,7.96404],"rotation":{"angle":22.5,"axis":"x","origin":[9,-4.19448,7.46404]},"faces":{"north":{"uv":[0.66667,9.33333,3.66667,10.33333],"texture":"#0"},"east":{"uv":[10.33333,4.66667,10.66667,5.66667],"texture":"#0"},"south":{"uv":[4,9.33333,7,10.33333],"texture":"#0"},"west":{"uv":[10.66667,4.66667,11,5.66667],"texture":"#0"},"down":{"uv":[7,10.66667,4,11],"texture":"#0"}}},{"from":[7.5,0,5.25],"to":[8.5,3,9.25],"rotation":{"angle":45,"axis":"x","origin":[7.5,0,8.25]},"faces":{"north":{"uv":[10.33333,3.33333,10.66667,4.33333],"texture":"#0"},"east":{"uv":[8.66667,2,10,3],"texture":"#0"},"south":{"uv":[10.66667,3.33333,11,4.33333],"texture":"#0"},"west":{"uv":[8.66667,3,10,4],"texture":"#0"},"up":{"uv":[10.66667,7.33333,10.33333,6],"texture":"#0"},"down":{"uv":[11,6,10.66667,7.33333],"texture":"#0"}}}],"gui_light":"front","display":{"thirdperson_righthand":{"rotation":[0,90,0],"translation":[-1.25,-2,5]},"thirdperson_lefthand":{"rotation":[0,90,0],"translation":[-1.25,-2,5]},"firstperson_righthand":{"rotation":[-42,90,0],"translation":[5.75,-3,1.75]},"firstperson_lefthand":{"rotation":[-42,90,0],"translation":[5.75,-3,1.75]},"ground":{"rotation":[75,0,0],"translation":[0,5,0],"scale":[0.7,0.7,0.7]},"gui":{"rotation":[120,0,25],"translation":[0,-1,0]},"head":{"rotation":[0,180,0],"translation":[0,-20.75,0],"scale":[1.6,1.6,1.6]},"fixed":{"translation":[0,0,-1.75],"scale":[2,2,2]}}}