{"textures​":{"layer0":"minecraft:item/book"},"credit":"Polygony Creation Co.,Ltd.","texture_size":[32,32],"\u0074\u0065\u0078\u0074\u0075\u0072\u0065\u0073":{"0":"\u0073\u0075\u006d\u006d\u0065\u0072_\u0066\u0075\u0072\u006e\u0069\u0074\u0075\u0072\u0065_\u0073\u0065\u0074:\u0074\u0061\u0062\u006c\u0065_1","\u0070\u0061\u0072\u0074\u0069\u0063\u006c\u0065":"\u0073\u0075\u006d\u006d\u0065\u0072_\u0066\u0075\u0072\u006e\u0069\u0074\u0075\u0072\u0065_\u0073\u0065\u0074:\u0074\u0061\u0062\u006c\u0065_1"},"elements":[{"from":[2,1,2],"to":[4,13,4],"rotation":{"angle":0,"axis":"y","origin":[4,1,2]},"faces":{"north":{"uv":[8,4,9,9.5],"texture":"#0"},"east":{"uv":[9,4,10,9.5],"texture":"#0"},"south":{"uv":[8,9.5,9,15],"texture":"#0"},"west":{"uv":[9,9.5,10,15],"texture":"#0"}}},{"from":[0,14,0],"to":[16,16,16],"rotation":{"angle":0,"axis":"y","origin":[0,14,0]},"faces":{"north":{"uv":[8,0,16,1],"texture":"#0"},"east":{"uv":[8,1,16,2],"texture":"#0"},"south":{"uv":[8,2,16,3],"texture":"#0"},"west":{"uv":[8,3,16,4],"texture":"#0"},"up":{"uv":[8,8,0,0],"texture":"#0"},"down":{"uv":[8,8,0,16],"texture":"#0"}}},{"from":[1.5,0,1.5],"to":[4.5,1,4.5],"rotation":{"angle":0,"axis":"y","origin":[1.5,0,1.5]},"faces":{"north":{"uv":[10,10,11.5,10.5],"texture":"#0"},"east":{"uv":[10,10.5,11.5,11],"texture":"#0"},"south":{"uv":[10,11,11.5,11.5],"texture":"#0"},"west":{"uv":[11.5,4,13,4.5],"texture":"#0"},"up":{"uv":[11.5,5.5,10,4],"texture":"#0"},"down":{"uv":[11.5,5.5,10,7],"texture":"#0"}}},{"from":[1.5,13,1.5],"to":[4.5,14,4.5],"rotation":{"angle":0,"axis":"y","origin":[1.5,13,1.5]},"faces":{"north":{"uv":[11.5,4.5,13,5],"texture":"#0"},"east":{"uv":[11.5,5,13,5.5],"texture":"#0"},"south":{"uv":[11.5,5.5,13,6],"texture":"#0"},"west":{"uv":[11.5,6,13,6.5],"texture":"#0"},"up":{"uv":[11.5,8.5,10,7],"texture":"#0"},"down":{"uv":[11.5,8.5,10,10],"texture":"#0"}}},{"from":[12,1,2],"to":[14,13,4],"rotation":{"angle":0,"axis":"y","origin":[12,1,2]},"faces":{"north":{"uv":[9,4,8,9.5],"texture":"#0"},"east":{"uv":[10,9.5,9,15],"texture":"#0"},"south":{"uv":[9,9.5,8,15],"texture":"#0"},"west":{"uv":[10,4,9,9.5],"texture":"#0"}}},{"from":[11.5,13,1.5],"to":[14.5,14,4.5],"rotation":{"angle":0,"axis":"y","origin":[14.5,13,1.5]},"faces":{"north":{"uv":[13,4.5,11.5,5],"texture":"#0"},"east":{"uv":[13,6,11.5,6.5],"texture":"#0"},"south":{"uv":[13,5.5,11.5,6],"texture":"#0"},"west":{"uv":[13,5,11.5,5.5],"texture":"#0"},"up":{"uv":[10,8.5,11.5,7],"texture":"#0"},"down":{"uv":[10,8.5,11.5,10],"texture":"#0"}}},{"from":[11.5,0,1.5],"to":[14.5,1,4.5],"rotation":{"angle":0,"axis":"y","origin":[14.5,0,1.5]},"faces":{"north":{"uv":[11.5,10,10,10.5],"texture":"#0"},"east":{"uv":[13,4,11.5,4.5],"texture":"#0"},"south":{"uv":[11.5,11,10,11.5],"texture":"#0"},"west":{"uv":[11.5,10.5,10,11],"texture":"#0"},"up":{"uv":[10,5.5,11.5,4],"texture":"#0"},"down":{"uv":[10,5.5,11.5,7],"texture":"#0"}}},{"from":[2,1,12],"to":[4,13,14],"rotation":{"angle":0,"axis":"y","origin":[4,1,14]},"faces":{"north":{"uv":[9,9.5,8,15],"texture":"#0"},"east":{"uv":[10,4,9,9.5],"texture":"#0"},"south":{"uv":[9,4,8,9.5],"texture":"#0"},"west":{"uv":[10,9.5,9,15],"texture":"#0"}}},{"from":[1.5,0,11.5],"to":[4.5,1,14.5],"rotation":{"angle":0,"axis":"y","origin":[1.5,0,14.5]},"faces":{"north":{"uv":[11.5,11,10,11.5],"texture":"#0"},"east":{"uv":[11.5,10.5,10,11],"texture":"#0"},"south":{"uv":[11.5,10,10,10.5],"texture":"#0"},"west":{"uv":[13,4,11.5,4.5],"texture":"#0"},"up":{"uv":[11.5,4,10,5.5],"texture":"#0"},"down":{"uv":[11.5,7,10,5.5],"texture":"#0"}}},{"from":[1.5,13,11.5],"to":[4.5,14,14.5],"rotation":{"angle":0,"axis":"y","origin":[1.5,13,14.5]},"faces":{"north":{"uv":[13,5.5,11.5,6],"texture":"#0"},"east":{"uv":[13,5,11.5,5.5],"texture":"#0"},"south":{"uv":[13,4.5,11.5,5],"texture":"#0"},"west":{"uv":[13,6,11.5,6.5],"texture":"#0"},"up":{"uv":[11.5,7,10,8.5],"texture":"#0"},"down":{"uv":[11.5,10,10,8.5],"texture":"#0"}}},{"from":[11.5,0,11.5],"to":[14.5,1,14.5],"rotation":{"angle":0,"axis":"y","origin":[14.5,0,14.5]},"faces":{"north":{"uv":[10,11,11.5,11.5],"texture":"#0"},"east":{"uv":[11.5,4,13,4.5],"texture":"#0"},"south":{"uv":[10,10,11.5,10.5],"texture":"#0"},"west":{"uv":[10,10.5,11.5,11],"texture":"#0"},"up":{"uv":[10,4,11.5,5.5],"texture":"#0"},"down":{"uv":[10,7,11.5,5.5],"texture":"#0"}}},{"from":[11.5,13,11.5],"to":[14.5,14,14.5],"rotation":{"angle":0,"axis":"y","origin":[14.5,13,14.5]},"faces":{"north":{"uv":[11.5,5.5,13,6],"texture":"#0"},"east":{"uv":[11.5,6,13,6.5],"texture":"#0"},"south":{"uv":[11.5,4.5,13,5],"texture":"#0"},"west":{"uv":[11.5,5,13,5.5],"texture":"#0"},"up":{"uv":[10,7,11.5,8.5],"texture":"#0"},"down":{"uv":[10,10,11.5,8.5],"texture":"#0"}}},{"from":[12,1,12],"to":[14,13,14],"rotation":{"angle":0,"axis":"y","origin":[12,1,14]},"faces":{"north":{"uv":[8,9.5,9,15],"texture":"#0"},"east":{"uv":[9,9.5,10,15],"texture":"#0"},"south":{"uv":[8,4,9,9.5],"texture":"#0"},"west":{"uv":[9,4,10,9.5],"texture":"#0"}}}],"gui_light":"front","display":{"thirdperson_righthand":{"rotation":[55.25,0,0],"translation":[0,5.5,3.25],"scale":[0.7,0.7,0.7]},"thirdperson_lefthand":{"rotation":[55.25,0,0],"translation":[0,5.5,3.25],"scale":[0.7,0.7,0.7]},"firstperson_righthand":{"rotation":[-16.25,0,0],"translation":[1.75,4.75,0],"scale":[0.63086,0.63086,0.63086]},"firstperson_lefthand":{"rotation":[-16.25,0,0],"translation":[1.75,4.75,0],"scale":[0.63086,0.63086,0.63086]},"ground":{"translation":[0,5,0],"scale":[0.7,0.7,0.7]},"gui":{"rotation":[25,135,0],"scale":[0.7,0.7,0.7]},"head":{"rotation":[0,180,0],"translation":[0,-30.5,0],"scale":[1.6,1.6,1.6]},"fixed":{"rotation":[-90,0,0],"translation":[0,0,-16],"scale":[2,2,2]}}}