{"textures​":{"0":"\u0073\u0075\u006d\u006d\u0065\u0072_\u0066\u0075\u0072\u006e\u0069\u0074\u0075\u0072\u0065_\u0073\u0065\u0074:\u0075\u006d\u0062\u0072\u0065\u006c\u006c\u0061_1","1":"\u0073\u0075\u006d\u006d\u0065\u0072_\u0066\u0075\u0072\u006e\u0069\u0074\u0075\u0072\u0065_\u0073\u0065\u0074:\u0075\u006d\u0062\u0072\u0065\u006c\u006c\u0061_4","\u0070\u0061\u0072\u0074\u0069\u0063\u006c\u0065":"\u0073\u0075\u006d\u006d\u0065\u0072_\u0066\u0075\u0072\u006e\u0069\u0074\u0075\u0072\u0065_\u0073\u0065\u0074:\u0075\u006d\u0062\u0072\u0065\u006c\u006c\u0061_1"},"credit":"Polygony Creation Co.,Ltd.","texture_size":[48,48],"\u0074\u0065\u0078\u0074\u0075\u0072\u0065\u0073":{"0":"\u0073\u0075\u006d\u006d\u0065\u0072_\u0066\u0075\u0072\u006e\u0069\u0074\u0075\u0072\u0065_\u0073\u0065\u0074:\u0075\u006d\u0062\u0072\u0065\u006c\u006c\u0061_1","1":"\u0073\u0075\u006d\u006d\u0065\u0072_\u0066\u0075\u0072\u006e\u0069\u0074\u0075\u0072\u0065_\u0073\u0065\u0074:\u0075\u006d\u0062\u0072\u0065\u006c\u006c\u0061_4","\u0070\u0061\u0072\u0074\u0069\u0063\u006c\u0065":"\u0073\u0075\u006d\u006d\u0065\u0072_\u0066\u0075\u0072\u006e\u0069\u0074\u0075\u0072\u0065_\u0073\u0065\u0074:\u0075\u006d\u0062\u0072\u0065\u006c\u006c\u0061_1"},"elements":[{"from":[1,-11,7],"to":[3,-8,9],"rotation":{"angle":0,"axis":"y","origin":[2,-10,8]},"faces":{"north":{"uv":[0,4.25,0.5,5],"texture":"#0"},"east":{"uv":[0.5,4.25,1,5],"texture":"#0"},"south":{"uv":[0,5,0.5,5.75],"texture":"#0"},"west":{"uv":[0.5,5,1,5.75],"texture":"#0"},"up":{"uv":[0.5,6.25,0,5.75],"texture":"#0"},"down":{"uv":[1,5.75,0.5,6.25],"texture":"#0"}}},{"from":[1,27,7],"to":[3,29,9],"rotation":{"angle":0,"axis":"y","origin":[2,28,8]},"faces":{"north":{"uv":[0,6.25,0.5,6.75],"texture":"#0"},"east":{"uv":[0.5,6.25,1,6.75],"texture":"#0"},"south":{"uv":[0,6.75,0.5,7.25],"texture":"#0"},"west":{"uv":[0,7.25,0.5,7.75],"texture":"#0"},"up":{"uv":[0.5,8.25,0,7.75],"texture":"#0"},"down":{"uv":[0.5,8.25,0,8.75],"texture":"#0"}}},{"from":[1.5,-8,7.5],"to":[2.5,27,8.5],"rotation":{"angle":0,"axis":"y","origin":[2.5,4,8.5]},"faces":{"north":{"uv":[0.75,7,1,13],"texture":"#0"},"east":{"uv":[1,7,1.25,13],"texture":"#0"},"south":{"uv":[1.25,7,1.5,13],"texture":"#0"},"west":{"uv":[1.5,7,1.75,13],"texture":"#0"}}},{"from":[-6,28,0],"to":[10,28.03,16],"rotation":{"angle":0,"axis":"y","origin":[2,28,0]},"faces":{"up":{"uv":[4,4,0,0],"texture":"#0"},"down":{"uv":[4,4,0,0],"texture":"#0"}}},{"from":[-13.98852,28.00228,-8],"to":[-5.98852,28.03228,24],"rotation":{"angle":22.5,"axis":"z","origin":[-5.98852,28.00228,0]},"faces":{"up":{"uv":[6.25,8,4.25,0],"texture":"#0"},"down":{"uv":[6.25,8,4.25,0],"texture":"#0"}}},{"from":[9.98852,28.00228,-8],"to":[17.98852,28.03228,24],"rotation":{"angle":-22.5,"axis":"z","origin":[9.98852,28.00228,0]},"faces":{"up":{"uv":[4.25,8,6.25,0],"texture":"#0"},"down":{"uv":[4.25,8,6.25,0],"texture":"#0"}}},{"from":[-14,30.94723,-6.79377],"to":[18,30.97723,1.20623],"rotation":{"angle":-22.5,"axis":"x","origin":[2,26.47155,8.01148]},"faces":{"up":{"uv":[14.75,2,6.75,0],"texture":"#0"},"down":{"uv":[14.75,0,6.75,2],"texture":"#0"}}},{"from":[-14,30.94723,14.79377],"to":[18,30.97723,22.79377],"rotation":{"angle":22.5,"axis":"x","origin":[2,26.47155,7.98852]},"faces":{"up":{"uv":[14.75,0,6.75,2],"texture":"#0"},"down":{"uv":[14.75,2,6.75,0],"texture":"#0"}}},{"from":[2,-11,-8],"to":[26,-10.9,24],"rotation":{"angle":0,"axis":"y","origin":[2,-11,0]},"faces":{"up":{"uv":[8,10.66667,0,0],"texture":"#1"},"down":{"uv":[0,10.66667,8,0],"texture":"#1"}}},{"from":[4,-10.9,10],"to":[12,-5.9,20],"rotation":{"angle":22.5,"axis":"y","origin":[8,-8.4,15]},"faces":{"north":{"uv":[8,10,10.66667,11.66667],"texture":"#1"},"east":{"uv":[8,6.66667,11.33333,8.33333],"texture":"#1"},"south":{"uv":[0,10.66667,2.66667,12.33333],"texture":"#1"},"west":{"uv":[8,8.33333,11.33333,10],"texture":"#1"},"up":{"uv":[10.66667,3.33333,8,0],"texture":"#1"},"down":{"uv":[10.66667,3.33333,8,6.66667],"texture":"#1"}}},{"from":[8.25,-6.25,11.75],"to":[10.25,-4.25,16.75],"rotation":{"angle":-22.5,"axis":"x","origin":[9.25,-5.25,16.25]},"faces":{"north":{"uv":[12,4.66667,11.33333,5.33333],"rotation":180,"texture":"#1"},"east":{"uv":[10.66667,1.66667,11.33333,3.33333],"rotation":270,"texture":"#1"},"south":{"uv":[8,11.33333,7.33333,10.66667],"texture":"#1"},"west":{"uv":[3.33333,10.66667,4,12.33333],"rotation":90,"texture":"#1"},"up":{"uv":[10.66667,0,11.33333,1.66667],"rotation":180,"texture":"#1"},"down":{"uv":[2.66667,10.66667,3.33333,12.33333],"texture":"#1"}}},{"from":[8.75,-5.75,16.75],"to":[9.75,-4.75,19.75],"rotation":{"angle":-22.5,"axis":"x","origin":[9.25,-5.25,16.25]},"faces":{"east":{"uv":[11.33333,8.33333,11.66667,9.33333],"rotation":270,"texture":"#1"},"south":{"uv":[12,9,11.66667,8.66667],"texture":"#1"},"west":{"uv":[5.66667,11.66667,6,12.66667],"rotation":90,"texture":"#1"},"up":{"uv":[11.33333,7.33333,11.66667,8.33333],"rotation":180,"texture":"#1"},"down":{"uv":[5.33333,11.66667,5.66667,12.66667],"texture":"#1"}}},{"from":[6,-9,17.5],"to":[8,-4,19.5],"rotation":{"angle":45,"axis":"x","origin":[7,-4.5,18.5]},"faces":{"north":{"uv":[10.66667,3.33333,11.33333,5],"texture":"#1"},"east":{"uv":[4,10.66667,4.66667,12.33333],"texture":"#1"},"south":{"uv":[4.66667,10.66667,5.33333,12.33333],"texture":"#1"},"west":{"uv":[10.66667,5,11.33333,6.66667],"texture":"#1"},"up":{"uv":[12,6,11.33333,5.33333],"texture":"#1"},"down":{"uv":[12,6,11.33333,6.66667],"texture":"#1"}}},{"from":[6.5,-4,18],"to":[7.5,-1,19],"rotation":{"angle":45,"axis":"x","origin":[7,-4.5,18.5]},"faces":{"north":{"uv":[6,11.66667,6.33333,12.66667],"texture":"#1"},"east":{"uv":[6.33333,11.66667,6.66667,12.66667],"texture":"#1"},"south":{"uv":[6.66667,11.66667,7,12.66667],"texture":"#1"},"west":{"uv":[7,11.66667,7.33333,12.66667],"texture":"#1"},"up":{"uv":[9.33333,12,9,11.66667],"texture":"#1"}}},{"from":[6.25,-10.9,4],"to":[8.25,-10.4,6],"rotation":{"angle":-22.5,"axis":"y","origin":[7.25,-8.9,5]},"faces":{"north":{"uv":[11.33333,9.33333,12,9.66667],"texture":"#1"},"east":{"uv":[11.33333,9.66667,12,10],"texture":"#1"},"south":{"uv":[11.66667,7.33333,12.33333,7.66667],"texture":"#1"},"west":{"uv":[11.66667,7.66667,12.33333,8],"texture":"#1"},"up":{"uv":[12,7.33333,11.33333,6.66667],"texture":"#1"},"down":{"uv":[8,11.33333,7.33333,12],"texture":"#1"}}},{"from":[5.75,-8.4,3.5],"to":[8.75,-5.9,6.5],"rotation":{"angle":-22.5,"axis":"y","origin":[7.25,-8.9,5]},"faces":{"north":{"uv":[10.66667,11,11.66667,11.66667],"texture":"#1"},"east":{"uv":[11.33333,0,12.33333,0.66667],"texture":"#1"},"south":{"uv":[11.33333,0.66667,12.33333,1.33333],"texture":"#1"},"west":{"uv":[11.33333,1.33333,12.33333,2],"texture":"#1"},"down":{"uv":[6.33333,10.66667,5.33333,11.66667],"texture":"#1"}}},{"from":[6,-8.15,3.75],"to":[8.5,-6.15,6.25],"rotation":{"angle":-22.5,"axis":"y","origin":[7.25,-8.9,5]},"faces":{"north":{"uv":[11.33333,2,12.33333,2.66667],"texture":"#1"},"east":{"uv":[11.33333,2.66667,12.33333,3.33333],"texture":"#1"},"south":{"uv":[11.33333,3.33333,12.33333,4],"texture":"#1"},"west":{"uv":[11.33333,4,12.33333,4.66667],"texture":"#1"},"up":{"uv":[7.33333,11.66667,6.33333,10.66667],"texture":"#1"},"down":{"uv":[11.66667,10,10.66667,11],"texture":"#1"}}},{"from":[6.75,-10.4,4.5],"to":[7.75,-8.4,5.5],"rotation":{"angle":-22.5,"axis":"y","origin":[7.25,-8.9,5]},"faces":{"north":{"uv":[8,11.66667,8.33333,12.33333],"texture":"#1"},"east":{"uv":[11.66667,8,12,8.66667],"texture":"#1"},"south":{"uv":[8.33333,11.66667,8.66667,12.33333],"texture":"#1"},"west":{"uv":[8.66667,11.66667,9,12.33333],"texture":"#1"},"up":{"uv":[12,9.33333,11.66667,9],"texture":"#1"},"down":{"uv":[9.66667,11.66667,9.33333,12],"texture":"#1"}}}],"gui_light":"front","display":{"thirdperson_righthand":{"rotation":[90,0,0],"translation":[0,0.5,8.25]},"thirdperson_lefthand":{"rotation":[90,0,0],"translation":[0,0.5,8.25]},"firstperson_righthand":{"rotation":[10,0,0],"translation":[4,4.25,0]},"firstperson_lefthand":{"rotation":[10,0,0],"translation":[4,4.25,0]},"ground":{"rotation":[45,0,0],"translation":[0,5,0],"scale":[0.7,0.7,0.7]},"gui":{"rotation":[35,-135,0],"translation":[0,-0.25,0],"scale":[0.4,0.4,0.4]},"head":{"rotation":[0,180,0],"translation":[0,-11.25,0],"scale":[1.6,1.6,1.6]},"fixed":{"rotation":[-90,0,0],"translation":[0,0,-38],"scale":[2,2,2]}}}