{"elements":[{"from":[6.2576,-2.663416,1.8084126],"to":[9.7424,0.82138395,9.552413],"rotation":{"angle":0.0,"axis":"y","origin":[8.0,-0.92101574,5.6804123]},"faces":{"east":{"uv":[4.5,8.71875,4.640625,8.40625],"rotation":270,"texture":"#0","tintindex":0},"south":{"uv":[8.8125,7.3125,8.953125,7.453125],"rotation":0,"texture":"#0","tintindex":0},"north":{"uv":[7.03125,8.953125,7.171875,8.8125],"rotation":180,"texture":"#0","tintindex":0},"west":{"uv":[1.46875,8.71875,1.609375,8.40625],"rotation":90,"texture":"#0","tintindex":0},"up":{"uv":[1.765625,8.40625,1.625,8.71875],"rotation":0,"texture":"#0","tintindex":0},"down":{"uv":[8.515625,4.15625,8.375,4.46875],"rotation":180,"texture":"#0","tintindex":0}}},{"from":[5.4832,1.9268599,3.27466],"to":[10.5168,8.896461,8.30826],"rotation":{"angle":45.0,"axis":"x","origin":[8.0,5.41166,5.79146]},"faces":{"east":{"uv":[2.859375,8.21875,2.65625,8.5],"rotation":0,"texture":"#0","tintindex":0},"south":{"uv":[8.421875,2.5625,8.21875,2.84375],"rotation":0,"texture":"#0","tintindex":0},"north":{"uv":[2.421875,8.21875,2.21875,8.5],"rotation":0,"texture":"#0","tintindex":0},"west":{"uv":[2.640625,8.21875,2.4375,8.5],"rotation":0,"texture":"#0","tintindex":0},"up":{"uv":[8.40625,4.671875,8.609375,4.46875],"rotation":0,"texture":"#0","tintindex":0},"down":{"uv":[8.40625,6.25,8.609375,6.453125],"rotation":0,"texture":"#0","tintindex":0}}},{"from":[5.8704,-1.0184164,-0.44501686],"to":[10.129601,3.6279836,3.8141842],"rotation":{"angle":45.0,"axis":"x","origin":[8.0,1.3047838,1.6845837]},"faces":{"east":{"uv":[7.984375,8.5625,7.8125,8.75],"rotation":0,"texture":"#0","tintindex":0},"south":{"uv":[7.796875,8.5625,7.625,8.75],"rotation":0,"texture":"#0","tintindex":0},"north":{"uv":[1.015625,8.5625,0.84375,8.75],"rotation":0,"texture":"#0","tintindex":0},"west":{"uv":[6.890625,8.5625,6.71875,8.75],"rotation":0,"texture":"#0","tintindex":0},"up":{"uv":[8.625,7.578125,8.796875,7.40625],"rotation":0,"texture":"#0","tintindex":0},"down":{"uv":[8.65625,0.71875,8.828125,0.890625],"rotation":0,"texture":"#0","tintindex":0}}}],"textures":{"0":"modelengine:entity/voiddragon"},"display":{"head":{"translation":[0.0,-6.4,0.0],"scale":[4.0,4.0,4.0]}}}