{"credit":"Polygony Creation Co.,Ltd.","texture_size":[64,64],"textures":{"1":"summer_furniture_set:swimming_ring_stand"},"elements":[{"from":[0,1,0],"to":[16,4,3],"rotation":{"angle":0,"axis":"y","origin":[0,1,0]},"faces":{"north":{"uv":[4,5.25,8,6],"texture":"#1"},"east":{"uv":[12.75,10.25,13.5,11],"texture":"#1"},"south":{"uv":[6,0,10,0.75],"texture":"#1"},"west":{"uv":[10.5,12.75,11.25,13.5],"texture":"#1"},"up":{"uv":[10,1.5,6,0.75],"texture":"#1"},"down":{"uv":[10,1.5,6,2.25],"texture":"#1"}}},{"from":[0,1,13],"to":[16,4,16],"rotation":{"angle":0,"axis":"y","origin":[0,1,13]},"faces":{"north":{"uv":[6,2.25,10,3],"texture":"#1"},"east":{"uv":[11.25,12.75,12,13.5],"texture":"#1"},"south":{"uv":[6,3,10,3.75],"texture":"#1"},"west":{"uv":[12,12.75,12.75,13.5],"texture":"#1"},"up":{"uv":[10,4.5,6,3.75],"texture":"#1"},"down":{"uv":[8,6,4,6.75],"texture":"#1"}}},{"from":[0,1,3],"to":[3,4,13],"rotation":{"angle":0,"axis":"y","origin":[0,1,10]},"faces":{"east":{"uv":[0,6,2.5,6.75],"texture":"#1"},"west":{"uv":[0,6.75,2.5,7.5],"texture":"#1"},"up":{"uv":[0.75,10,0,7.5],"texture":"#1"},"down":{"uv":[1.5,7.5,0.75,10],"texture":"#1"}}},{"from":[13,1,3],"to":[16,4,13],"rotation":{"angle":0,"axis":"y","origin":[13,1,10]},"faces":{"east":{"uv":[4,11.25,6.5,12],"texture":"#1"},"west":{"uv":[6.5,11.25,9,12],"texture":"#1"},"up":{"uv":[2.25,10,1.5,7.5],"texture":"#1"},"down":{"uv":[3,7.5,2.25,10],"texture":"#1"}}},{"from":[0,4,13],"to":[16,7,16],"rotation":{"angle":22.5,"axis":"y","origin":[8,5.5,8]},"faces":{"north":{"uv":[8,6,12,6.75],"texture":"#1"},"east":{"uv":[1.5,13.5,2.25,14.25],"texture":"#1"},"south":{"uv":[8,6.75,12,7.5],"texture":"#1"},"west":{"uv":[2.25,13.5,3,14.25],"texture":"#1"},"up":{"uv":[12,8.25,8,7.5],"texture":"#1"},"down":{"uv":[8,8.25,4,9],"texture":"#1"}}},{"from":[0,4,3],"to":[3,7,13],"rotation":{"angle":22.5,"axis":"y","origin":[8,5.5,8]},"faces":{"east":{"uv":[1.5,12,4,12.75],"texture":"#1"},"west":{"uv":[4,12,6.5,12.75],"texture":"#1"},"up":{"uv":[12.75,7.75,12,5.25],"texture":"#1"},"down":{"uv":[7.25,12,6.5,14.5],"texture":"#1"}}},{"from":[13,4,3],"to":[16,7,13],"rotation":{"angle":22.5,"axis":"y","origin":[8,5.5,8]},"faces":{"east":{"uv":[9,11.25,11.5,12],"texture":"#1"},"west":{"uv":[11.5,11.25,14,12],"texture":"#1"},"up":{"uv":[0.75,14.5,0,12],"texture":"#1"},"down":{"uv":[1.5,12,0.75,14.5],"texture":"#1"}}},{"from":[0,4,0],"to":[16,7,3],"rotation":{"angle":22.5,"axis":"y","origin":[8,5.5,8]},"faces":{"north":{"uv":[6,4.5,10,5.25],"texture":"#1"},"east":{"uv":[12.75,12.75,13.5,13.5],"texture":"#1"},"south":{"uv":[4,6.75,8,7.5],"texture":"#1"},"west":{"uv":[13,12,13.75,12.75],"texture":"#1"},"up":{"uv":[8,8.25,4,7.5],"texture":"#1"},"down":{"uv":[12,5.25,8,6],"texture":"#1"}}},{"from":[0,7,13],"to":[16,10,16],"rotation":{"angle":-22.5,"axis":"y","origin":[8,8.5,8]},"faces":{"north":{"uv":[8,9.75,12,10.5],"texture":"#1"},"east":{"uv":[10.5,13.5,11.25,14.25],"texture":"#1"},"south":{"uv":[10,0,14,0.75],"texture":"#1"},"west":{"uv":[11.25,13.5,12,14.25],"texture":"#1"},"up":{"uv":[14,1.5,10,0.75],"texture":"#1"},"down":{"uv":[14,1.5,10,2.25],"texture":"#1"}}},{"from":[0,7,3],"to":[3,10,13],"rotation":{"angle":-22.5,"axis":"y","origin":[8,8.5,8]},"faces":{"east":{"uv":[10.5,12,13,12.75],"texture":"#1"},"west":{"uv":[1.5,12.75,4,13.5],"texture":"#1"},"up":{"uv":[4.75,15.25,4,12.75],"texture":"#1"},"down":{"uv":[5.5,12.75,4.75,15.25],"texture":"#1"}}},{"from":[13,7,3],"to":[16,10,13],"rotation":{"angle":-22.5,"axis":"y","origin":[8,8.5,8]},"faces":{"east":{"uv":[7.25,12,9.75,12.75],"texture":"#1"},"west":{"uv":[12,7.75,14.5,8.5],"texture":"#1"},"up":{"uv":[12.75,11,12,8.5],"texture":"#1"},"down":{"uv":[10.5,12,9.75,14.5],"texture":"#1"}}},{"from":[0,7,0],"to":[16,10,3],"rotation":{"angle":-22.5,"axis":"y","origin":[8,8.5,8]},"faces":{"north":{"uv":[8,8.25,12,9],"texture":"#1"},"east":{"uv":[3,13.5,3.75,14.25],"texture":"#1"},"south":{"uv":[4,9,8,9.75],"texture":"#1"},"west":{"uv":[13.5,10.25,14.25,11],"texture":"#1"},"up":{"uv":[12,9.75,8,9],"texture":"#1"},"down":{"uv":[8,9.75,4,10.5],"texture":"#1"}}},{"from":[0,10,13],"to":[16,13,16],"rotation":{"angle":45,"axis":"y","origin":[8,11.5,8]},"faces":{"north":{"uv":[0,10.5,4,11.25],"texture":"#1"},"east":{"uv":[13.5,12.75,14.25,13.5],"texture":"#1"},"south":{"uv":[4,10.5,8,11.25],"texture":"#1"},"west":{"uv":[13.5,13.5,14.25,14.25],"texture":"#1"},"up":{"uv":[12,11.25,8,10.5],"texture":"#1"},"down":{"uv":[4,11.25,0,12],"texture":"#1"}}},{"from":[0,10,3],"to":[3,13,13],"rotation":{"angle":45,"axis":"y","origin":[8,11.5,8]},"faces":{"east":{"uv":[12.75,6.75,15.25,7.5],"texture":"#1"},"west":{"uv":[12.75,8.5,15.25,9.25],"texture":"#1"},"up":{"uv":[8.75,15.25,8,12.75],"texture":"#1"},"down":{"uv":[9.5,12.75,8.75,15.25],"texture":"#1"}}},{"from":[13,10,3],"to":[16,13,13],"rotation":{"angle":45,"axis":"y","origin":[8,11.5,8]},"faces":{"east":{"uv":[12.75,5.25,15.25,6],"texture":"#1"},"west":{"uv":[12.75,6,15.25,6.75],"texture":"#1"},"up":{"uv":[6.25,15.25,5.5,12.75],"texture":"#1"},"down":{"uv":[8,12.75,7.25,15.25],"texture":"#1"}}},{"from":[0,10,0],"to":[16,13,3],"rotation":{"angle":45,"axis":"y","origin":[8,11.5,8]},"faces":{"north":{"uv":[10,2.25,14,3],"texture":"#1"},"east":{"uv":[12,13.5,12.75,14.25],"texture":"#1"},"south":{"uv":[10,3,14,3.75],"texture":"#1"},"west":{"uv":[12.75,13.5,13.5,14.25],"texture":"#1"},"up":{"uv":[14,4.5,10,3.75],"texture":"#1"},"down":{"uv":[14,4.5,10,5.25],"texture":"#1"}}},{"from":[2,0,2],"to":[14,1,14],"rotation":{"angle":0,"axis":"y","origin":[2,0,2]},"faces":{"north":{"uv":[0,10,3,10.25],"texture":"#1"},"east":{"uv":[0,10.25,3,10.5],"texture":"#1"},"south":{"uv":[12,11,15,11.25],"texture":"#1"},"west":{"uv":[12.75,7.5,15.75,7.75],"texture":"#1"},"up":{"uv":[3,3,0,0],"texture":"#1"},"down":{"uv":[3,3,0,6],"texture":"#1"}}},{"from":[6,1,6],"to":[10,22,10],"rotation":{"angle":0,"axis":"y","origin":[2,1,2]},"faces":{"north":{"uv":[3,0,4,5.25],"texture":"#1"},"east":{"uv":[4,0,5,5.25],"texture":"#1"},"south":{"uv":[5,0,6,5.25],"texture":"#1"},"west":{"uv":[3,5.25,4,10.5],"texture":"#1"},"up":{"uv":[13.75,10.25,12.75,9.25],"texture":"#1"}}}],"gui_light":"front","display":{"thirdperson_righthand":{"rotation":[55.25,0,0],"translation":[0,5.5,3.25],"scale":[0.7,0.7,0.7]},"thirdperson_lefthand":{"rotation":[55.25,0,0],"translation":[0,5.5,3.25],"scale":[0.7,0.7,0.7]},"firstperson_righthand":{"rotation":[-16.25,0,0],"translation":[1.75,4.75,0],"scale":[0.63086,0.63086,0.63086]},"firstperson_lefthand":{"rotation":[-16.25,0,0],"translation":[1.75,4.75,0],"scale":[0.63086,0.63086,0.63086]},"ground":{"translation":[0,5,0],"scale":[0.7,0.7,0.7]},"gui":{"rotation":[25,135,0],"translation":[0,-1.5,0],"scale":[0.7,0.7,0.7]},"head":{"rotation":[0,180,0],"translation":[0,-29.75,0],"scale":[1.6,1.6,1.6]},"fixed":{"rotation":[-90,0,0],"translation":[0,0,-16],"scale":[2,2,2]}}}