{"model":{"type":"range_dispatch","property":"custom_model_data","index":0,"fallback":{"type":"model","model":"item/leather_horse_armor","tints":[{"type":"dye","default":-6265536}]},"entries":[{"threshold":50000,"model":{"type":"model","model":"hats_expansion:adventurer_hat","tints":[{"type":"dye","default":-6265536}]}},{"threshold":50001,"model":{"type":"model","model":"hats_expansion:amongus_head","tints":[{"type":"dye","default":-6265536}]}},{"threshold":50002,"model":{"type":"model","model":"hats_expansion:axolotl_hat","tints":[{"type":"dye","default":-6265536}]}},{"threshold":50003,"model":{"type":"model","model":"hats_expansion:baseball_cap","tints":[{"type":"dye","default":-6265536}]}},{"threshold":50004,"model":{"type":"model","model":"hats_expansion:fedora","tints":[{"type":"dye","default":-6265536}]}},{"threshold":50005,"model":{"type":"model","model":"hats_expansion:frog_hat","tints":[{"type":"dye","default":-6265536}]}},{"threshold":50006,"model":{"type":"model","model":"hats_expansion:jellyfish_hat","tints":[{"type":"dye","default":-6265536}]}},{"threshold":50007,"model":{"type":"model","model":"hats_expansion:sensei","tints":[{"type":"dye","default":-6265536}]}},{"threshold":50008,"model":{"type":"model","model":"hats_expansion:sombrero","tints":[{"type":"dye","default":-6265536}]}},{"threshold":50009,"model":{"type":"model","model":"hats_expansion:straw_hat","tints":[{"type":"dye","default":-6265536}]}},{"threshold":50010,"model":{"type":"model","model":"hats_expansion:tv_head","tints":[{"type":"dye","default":-6265536}]}},{"threshold":50011,"model":{"type":"model","model":"hats_expansion:ufo_hat","tints":[{"type":"dye","default":-6265536}]}},{"threshold":50012,"model":{"type":"model","model":"item/leather_horse_armor","tints":[{"type":"dye","default":-6265536}]}}]},"oversized_in_gui":true}