{"model":{"type":"range_dispatch","property":"custom_model_data","index":0,"fallback":{"type":"minecraft:model","model":"minecraft:item/name_tag"},"entries":[{"threshold":1,"model":{"type":"model","model":"supreme_icons:item/ia_auto/mask-1"}},{"threshold":2,"model":{"type":"model","model":"supreme_icons:item/ia_auto/mask-2"}},{"threshold":3,"model":{"type":"model","model":"supreme_icons:item/ia_auto/mask-3"}},{"threshold":4,"model":{"type":"model","model":"supreme_icons:item/ia_auto/mask-4"}},{"threshold":5,"model":{"type":"model","model":"supreme_icons:item/ia_auto/mask-5"}},{"threshold":6,"model":{"type":"model","model":"supreme_icons:item/ia_auto/mask-6"}},{"threshold":7,"model":{"type":"model","model":"supreme_icons:item/ia_auto/mask-7"}},{"threshold":8,"model":{"type":"model","model":"supreme_icons:item/ia_auto/hat-1"}},{"threshold":9,"model":{"type":"model","model":"supreme_icons:item/ia_auto/hat-2"}},{"threshold":10,"model":{"type":"model","model":"supreme_icons:item/ia_auto/hat-3"}},{"threshold":11,"model":{"type":"model","model":"supreme_icons:item/ia_auto/hat-4"}},{"threshold":12,"model":{"type":"model","model":"supreme_icons:item/ia_auto/hat-5"}},{"threshold":13,"model":{"type":"model","model":"supreme_icons:item/ia_auto/hat-6"}},{"threshold":14,"model":{"type":"model","model":"supreme_icons:item/ia_auto/gift-1"}},{"threshold":15,"model":{"type":"model","model":"supreme_icons:item/ia_auto/gift-2"}},{"threshold":16,"model":{"type":"model","model":"supreme_icons:item/ia_auto/gift-3"}},{"threshold":17,"model":{"type":"model","model":"supreme_icons:item/ia_auto/gift-4"}},{"threshold":18,"model":{"type":"model","model":"supreme_icons:item/ia_auto/gift-5"}},{"threshold":19,"model":{"type":"model","model":"supreme_icons:item/ia_auto/gift-6"}},{"threshold":20,"model":{"type":"model","model":"supreme_icons:item/ia_auto/bubble-1"}},{"threshold":21,"model":{"type":"model","model":"supreme_icons:item/ia_auto/bubble-2"}},{"threshold":22,"model":{"type":"model","model":"supreme_icons:item/ia_auto/bubble-3"}},{"threshold":23,"model":{"type":"model","model":"supreme_icons:item/ia_auto/bubble-4"}},{"threshold":24,"model":{"type":"model","model":"supreme_icons:item/ia_auto/bubble-5"}},{"threshold":25,"model":{"type":"model","model":"supreme_icons:item/ia_auto/bubble-6"}},{"threshold":26,"model":{"type":"model","model":"supreme_icons:item/ia_auto/bubble-7"}},{"threshold":27,"model":{"type":"model","model":"supreme_icons:item/ia_auto/bubble-8"}},{"threshold":29,"model":{"type":"model","model":"supreme_icons:item/ia_auto/book"}},{"threshold":30,"model":{"type":"model","model":"supreme_icons:item/ia_auto/candy"}},{"threshold":31,"model":{"type":"model","model":"supreme_icons:item/ia_auto/m-chest"}},{"threshold":32,"model":{"type":"model","model":"supreme_icons:item/ia_auto/cloud"}},{"threshold":33,"model":{"type":"model","model":"supreme_icons:item/ia_auto/flame"}},{"threshold":34,"model":{"type":"model","model":"supreme_icons:item/ia_auto/hammer"}},{"threshold":35,"model":{"type":"model","model":"supreme_icons:item/ia_auto/medal"}},{"threshold":36,"model":{"type":"model","model":"supreme_icons:item/ia_auto/sleeping"}},{"threshold":37,"model":{"type":"model","model":"supreme_icons:item/ia_auto/small-star"}},{"threshold":38,"model":{"type":"model","model":"supreme_icons:item/ia_auto/spell"}},{"threshold":39,"model":{"type":"model","model":"supreme_icons:item/ia_auto/spider"}},{"threshold":40,"model":{"type":"model","model":"supreme_icons:item/ia_auto/star"}},{"threshold":41,"model":{"type":"model","model":"supreme_icons:item/ia_auto/sword"}},{"threshold":42,"model":{"type":"model","model":"supreme_icons:item/ia_auto/thunder"}},{"threshold":43,"model":{"type":"model","model":"supreme_icons:item/ia_auto/hat"}},{"threshold":44,"model":{"type":"model","model":"supreme_icons:item/ia_auto/treasure"}},{"threshold":45,"model":{"type":"model","model":"supreme_icons:item/ia_auto/trophy"}},{"threshold":46,"model":{"type":"model","model":"supreme_icons:item/ia_auto/heart"}},{"threshold":47,"model":{"type":"model","model":"supreme_icons:item/ia_auto/coin"}},{"threshold":48,"model":{"type":"model","model":"supreme_icons:item/ia_auto/gem"}},{"threshold":49,"model":{"type":"model","model":"supreme_icons:item/ia_auto/cup"}},{"threshold":50,"model":{"type":"model","model":"supreme_icons:item/ia_auto/small-shield"}},{"threshold":51,"model":{"type":"model","model":"supreme_icons:item/ia_auto/shield-1"}},{"threshold":52,"model":{"type":"model","model":"supreme_icons:item/ia_auto/shield-2"}},{"threshold":53,"model":{"type":"model","model":"supreme_icons:item/ia_auto/shield-3"}},{"threshold":54,"model":{"type":"model","model":"supreme_icons:item/ia_auto/wing"}},{"threshold":55,"model":{"type":"model","model":"supreme_icons:item/ia_auto/small-candy"}},{"threshold":56,"model":{"type":"model","model":"supreme_icons:item/ia_auto/blue-gem"}},{"threshold":57,"model":{"type":"model","model":"supreme_icons:item/ia_auto/anvil"}},{"threshold":58,"model":{"type":"model","model":"supreme_icons:item/ia_auto/crystal-1"}},{"threshold":59,"model":{"type":"model","model":"supreme_icons:item/ia_auto/crystal-2"}},{"threshold":60,"model":{"type":"model","model":"supreme_icons:item/ia_auto/crystal-3"}},{"threshold":61,"model":{"type":"model","model":"supreme_icons:item/ia_auto/crystal-4"}},{"threshold":62,"model":{"type":"model","model":"supreme_icons:item/ia_auto/crystal-5"}},{"threshold":63,"model":{"type":"model","model":"supreme_icons:item/ia_auto/crystal-6"}},{"threshold":64,"model":{"type":"model","model":"supreme_icons:item/ia_auto/crystal-7"}},{"threshold":65,"model":{"type":"model","model":"supreme_icons:item/ia_auto/crystal-8"}},{"threshold":66,"model":{"type":"model","model":"supreme_icons:item/ia_auto/crystal-9"}},{"threshold":67,"model":{"type":"model","model":"supreme_icons:item/ia_auto/crystal-10"}},{"threshold":68,"model":{"type":"model","model":"supreme_icons:item/ia_auto/ruby-1"}},{"threshold":69,"model":{"type":"model","model":"supreme_icons:item/ia_auto/ruby-2"}},{"threshold":70,"model":{"type":"model","model":"supreme_icons:item/ia_auto/ruby-3"}},{"threshold":71,"model":{"type":"model","model":"supreme_icons:item/ia_auto/ruby-4"}},{"threshold":72,"model":{"type":"model","model":"supreme_icons:item/ia_auto/ruby-5"}},{"threshold":73,"model":{"type":"model","model":"supreme_icons:item/ia_auto/ruby-6"}},{"threshold":74,"model":{"type":"model","model":"supreme_icons:item/ia_auto/ruby-7"}},{"threshold":75,"model":{"type":"model","model":"supreme_icons:item/ia_auto/ruby-8"}},{"threshold":76,"model":{"type":"model","model":"supreme_icons:item/ia_auto/light"}},{"threshold":77,"model":{"type":"model","model":"supreme_icons:item/ia_auto/update-1"}},{"threshold":78,"model":{"type":"model","model":"supreme_icons:item/ia_auto/update-2"}},{"threshold":79,"model":{"type":"model","model":"supreme_icons:item/ia_auto/update-3"}},{"threshold":80,"model":{"type":"model","model":"supreme_icons:item/ia_auto/update-4"}},{"threshold":81,"model":{"type":"model","model":"supreme_icons:item/ia_auto/update-5"}},{"threshold":82,"model":{"type":"model","model":"supreme_icons:item/ia_auto/update-6"}},{"threshold":83,"model":{"type":"model","model":"supreme_icons:item/ia_auto/update-7"}},{"threshold":84,"model":{"type":"model","model":"supreme_icons:item/ia_auto/update-8"}},{"threshold":85,"model":{"type":"model","model":"supreme_icons:item/ia_auto/update-9"}},{"threshold":86,"model":{"type":"model","model":"supreme_icons:item/ia_auto/update-10"}},{"threshold":87,"model":{"type":"model","model":"supreme_icons:item/ia_auto/update-11"}},{"threshold":88,"model":{"type":"model","model":"supreme_icons:item/ia_auto/update-12"}},{"threshold":89,"model":{"type":"model","model":"supreme_icons:item/ia_auto/update-13"}},{"threshold":90,"model":{"type":"model","model":"supreme_icons:item/ia_auto/update-14"}},{"threshold":91,"model":{"type":"model","model":"item/name_tag"}}]},"oversized_in_gui":true}