{"model":{"type":"range_dispatch","property":"custom_model_data","index":0,"fallback":{"type":"minecraft:model","model":"minecraft:item/netherite_axe"},"entries":[{"threshold":50000,"model":{"type":"model","model":"plny_halloween_pumpkin_set:axe"}},{"threshold":50001,"model":{"type":"model","model":"nexusset:axe"}},{"threshold":50002,"model":{"type":"model","model":"vanilla_sets:item/ia_auto/amethyst_axe"}},{"threshold":50003,"model":{"type":"model","model":"vanilla_sets:item/ia_auto/bone_axe"}},{"threshold":50004,"model":{"type":"model","model":"vanilla_sets:item/ia_auto/crimson_axe"}},{"threshold":50005,"model":{"type":"model","model":"vanilla_sets:item/ia_auto/sculk_axe"}},{"threshold":50006,"model":{"type":"model","model":"vanilla_sets:item/ia_auto/nautilus_axe"}},{"threshold":50007,"model":{"type":"model","model":"item/netherite_axe"}}]},"oversized_in_gui":true}