{
	"credit": "Made with Blockbench",
	"texture_size": [64, 64],
	"textures": {
		"2": "void_dragon_set:void_dragon_set/fishing_rod_void_storm_effect",
		"3": "void_dragon_set:void_dragon_set/fishing_rod_void_storm",
		"particle": "void_dragon_set:void_dragon_set/fishing_rod_void_storm_effect"
	},
	"elements": [
		{
			"from": [8.23054, -3.19135, 8.2696],
			"to": [9.73254, -1.19135, 9.7696],
			"rotation": {"angle": 0, "axis": "y", "origin": [8.98154, 6.90643, 8]},
			"faces": {
				"north": {"uv": [6.5, 0, 6.875, 0.5], "texture": "#3"},
				"east": {"uv": [6.5, 0.5, 6.875, 1], "texture": "#3"},
				"south": {"uv": [1, 6.5, 1.375, 7], "texture": "#3"},
				"west": {"uv": [6.25, 6, 6.625, 6.5], "texture": "#3"},
				"up": {"uv": [7.875, 1.875, 7.5, 1.5], "rotation": 270, "texture": "#3"},
				"down": {"uv": [7.875, 2.25, 7.5, 2.625], "rotation": 90, "texture": "#3"}
			}
		},
		{
			"from": [7.98154, -0.87169, 11.13221],
			"to": [9.98154, 0.12831, 13.63221],
			"rotation": {"angle": 22.5, "axis": "x", "origin": [8.98154, 6.90643, 8]},
			"faces": {
				"north": {"uv": [7.5, 4, 8, 4.25], "texture": "#3"},
				"east": {"uv": [7.25, 3, 7.875, 3.25], "texture": "#3"},
				"south": {"uv": [7.5, 4.5, 8, 4.75], "texture": "#3"},
				"west": {"uv": [7.25, 2, 7.875, 2.25], "texture": "#3"},
				"up": {"uv": [5.875, 0.5, 5.25, 0], "rotation": 270, "texture": "#3"},
				"down": {"uv": [5.875, 1, 5.25, 1.5], "rotation": 90, "texture": "#3"}
			}
		},
		{
			"from": [8.45654, -5.88941, 2.73685],
			"to": [9.50654, -5.38941, 4.23685],
			"rotation": {"angle": -22.5, "axis": "x", "origin": [8.98154, 6.90643, 8]},
			"faces": {
				"north": {"uv": [9, 6.25, 9.25, 6.375], "texture": "#3"},
				"east": {"uv": [7.25, 8.75, 7.625, 8.875], "texture": "#3"},
				"south": {"uv": [9, 6.5, 9.25, 6.625], "texture": "#3"},
				"west": {"uv": [6.75, 8.75, 7.125, 8.875], "texture": "#3"},
				"up": {"uv": [8.375, 5.75, 8, 5.5], "rotation": 270, "texture": "#3"},
				"down": {"uv": [6.375, 8, 6, 8.25], "rotation": 90, "texture": "#3"}
			}
		},
		{
			"from": [8.48154, -2.93932, -4.06792],
			"to": [9.48154, -2.43932, -1.56792],
			"rotation": {"angle": -45, "axis": "x", "origin": [8.98154, 6.90643, 8]},
			"faces": {
				"north": {"uv": [6.75, 9, 7, 9.125], "texture": "#3"},
				"east": {"uv": [8.25, 6.75, 8.875, 6.875], "texture": "#3"},
				"south": {"uv": [9, 6.75, 9.25, 6.875], "texture": "#3"},
				"west": {"uv": [6.25, 8.25, 6.875, 8.375], "texture": "#3"},
				"up": {"uv": [7.875, 3.5, 7.25, 3.25], "rotation": 270, "texture": "#3"},
				"down": {"uv": [5.125, 7.25, 4.5, 7.5], "rotation": 90, "texture": "#3"}
			}
		},
		{
			"from": [8.45654, -6.80806, 0.61849],
			"to": [9.50654, -6.30806, 4.11849],
			"rotation": {"angle": -22.5, "axis": "x", "origin": [8.98154, 6.90643, 8]},
			"faces": {
				"north": {"uv": [7, 9, 7.25, 9.125], "texture": "#3"},
				"east": {"uv": [8, 4.5, 8.875, 4.625], "texture": "#3"},
				"south": {"uv": [9, 7, 9.25, 7.125], "texture": "#3"},
				"west": {"uv": [4, 8, 4.875, 8.125], "texture": "#3"},
				"up": {"uv": [6.625, 4.75, 5.75, 4.5], "rotation": 270, "texture": "#3"},
				"down": {"uv": [6.875, 2.25, 6, 2.5], "rotation": 90, "texture": "#3"}
			}
		},
		{
			"from": [8.45654, -10.65529, 0.10731],
			"to": [9.50654, -10.15529, 3.60731],
			"rotation": {"angle": -22.5, "axis": "x", "origin": [8.98154, 6.90643, 8]},
			"faces": {
				"north": {"uv": [7.25, 9, 7.5, 9.125], "texture": "#3"},
				"east": {"uv": [5, 8, 5.875, 8.125], "texture": "#3"},
				"south": {"uv": [9, 7.25, 9.25, 7.375], "texture": "#3"},
				"west": {"uv": [8, 4.75, 8.875, 4.875], "texture": "#3"},
				"up": {"uv": [6.875, 6, 6, 5.75], "rotation": 270, "texture": "#3"},
				"down": {"uv": [1.875, 6.25, 1, 6.5], "rotation": 90, "texture": "#3"}
			}
		},
		{
			"from": [8.48154, -6.29808, -6.01246],
			"to": [9.48154, -5.79808, -3.51246],
			"rotation": {"angle": -45, "axis": "x", "origin": [8.98154, 6.90643, 8]},
			"faces": {
				"north": {"uv": [7.5, 9, 7.75, 9.125], "texture": "#3"},
				"east": {"uv": [8.25, 7.25, 8.875, 7.375], "texture": "#3"},
				"south": {"uv": [9, 7.5, 9.25, 7.625], "texture": "#3"},
				"west": {"uv": [8.25, 7, 8.875, 7.125], "texture": "#3"},
				"up": {"uv": [7.875, 5, 7.25, 4.75], "rotation": 270, "texture": "#3"},
				"down": {"uv": [7.875, 5, 7.25, 5.25], "rotation": 90, "texture": "#3"}
			}
		},
		{
			"from": [8.45654, -9.73664, 2.22567],
			"to": [9.50654, -9.23664, 3.72567],
			"rotation": {"angle": -22.5, "axis": "x", "origin": [8.98154, 6.90643, 8]},
			"faces": {
				"north": {"uv": [7.75, 9, 8, 9.125], "texture": "#3"},
				"east": {"uv": [8.25, 8.75, 8.625, 8.875], "texture": "#3"},
				"south": {"uv": [9, 7.75, 9.25, 7.875], "texture": "#3"},
				"west": {"uv": [7.75, 8.75, 8.125, 8.875], "texture": "#3"},
				"up": {"uv": [8.375, 6.25, 8, 6], "rotation": 270, "texture": "#3"},
				"down": {"uv": [8.375, 6.25, 8, 6.5], "rotation": 90, "texture": "#3"}
			}
		},
		{
			"from": [8.45654, -14.55857, 0.38471],
			"to": [9.50654, -14.05857, 3.88471],
			"rotation": {"angle": -22.5, "axis": "x", "origin": [8.98154, 6.90643, 8]},
			"faces": {
				"north": {"uv": [8, 9, 8.25, 9.125], "texture": "#3"},
				"east": {"uv": [8, 5.25, 8.875, 5.375], "texture": "#3"},
				"south": {"uv": [9, 8, 9.25, 8.125], "texture": "#3"},
				"west": {"uv": [8, 5, 8.875, 5.125], "texture": "#3"},
				"up": {"uv": [7.125, 3.25, 6.25, 3], "rotation": 270, "texture": "#3"},
				"down": {"uv": [7.125, 3.25, 6.25, 3.5], "rotation": 90, "texture": "#3"}
			}
		},
		{
			"from": [8.45654, -13.63992, 2.50307],
			"to": [9.50654, -13.13992, 4.00307],
			"rotation": {"angle": -22.5, "axis": "x", "origin": [8.98154, 6.90643, 8]},
			"faces": {
				"north": {"uv": [8.25, 9, 8.5, 9.125], "texture": "#3"},
				"east": {"uv": [8.75, 8.5, 9.125, 8.625], "texture": "#3"},
				"south": {"uv": [8.5, 9, 8.75, 9.125], "texture": "#3"},
				"west": {"uv": [8.75, 8.25, 9.125, 8.375], "texture": "#3"},
				"up": {"uv": [6.875, 8.25, 6.5, 8], "rotation": 270, "texture": "#3"},
				"down": {"uv": [8.375, 6.5, 8, 6.75], "rotation": 90, "texture": "#3"}
			}
		},
		{
			"from": [8.48154, -10.01039, -7.2499],
			"to": [9.48154, -9.51039, -4.7499],
			"rotation": {"angle": -45, "axis": "x", "origin": [8.98154, 6.90643, 8]},
			"faces": {
				"north": {"uv": [8.75, 9, 9, 9.125], "texture": "#3"},
				"east": {"uv": [8, 8.25, 8.625, 8.375], "texture": "#3"},
				"south": {"uv": [9, 9, 9.25, 9.125], "texture": "#3"},
				"west": {"uv": [8.25, 7.5, 8.875, 7.625], "texture": "#3"},
				"up": {"uv": [7.875, 5.5, 7.25, 5.25], "rotation": 270, "texture": "#3"},
				"down": {"uv": [7.875, 5.5, 7.25, 5.75], "rotation": 90, "texture": "#3"}
			}
		},
		{
			"from": [8.23154, -5.02587, 4.38482],
			"to": [9.73154, -2.52587, 5.88482],
			"rotation": {"angle": -22.5, "axis": "x", "origin": [8.98154, 6.90643, 8]},
			"faces": {
				"north": {"uv": [0.5, 6, 0.875, 6.625], "texture": "#3"},
				"east": {"uv": [6, 0.75, 6.375, 1.375], "texture": "#3"},
				"south": {"uv": [6, 1.5, 6.375, 2.125], "texture": "#3"},
				"west": {"uv": [6, 0, 6.375, 0.625], "texture": "#3"},
				"up": {"uv": [3.125, 7.875, 2.75, 7.5], "rotation": 270, "texture": "#3"},
				"down": {"uv": [7.875, 3.5, 7.5, 3.875], "rotation": 90, "texture": "#3"}
			}
		},
		{
			"from": [7.98154, -4.27587, 3.88482],
			"to": [9.98154, -3.27587, 6.38482],
			"rotation": {"angle": -22.5, "axis": "x", "origin": [8.98154, 6.90643, 8]},
			"faces": {
				"north": {"uv": [0, 7.75, 0.5, 8], "texture": "#3"},
				"east": {"uv": [7.25, 6.25, 7.875, 6.5], "texture": "#3"},
				"south": {"uv": [0.5, 7.75, 1, 8], "texture": "#3"},
				"west": {"uv": [7.25, 6, 7.875, 6.25], "texture": "#3"},
				"up": {"uv": [2.125, 5.75, 1.5, 5.25], "rotation": 270, "texture": "#3"},
				"down": {"uv": [5.875, 1.5, 5.25, 2], "rotation": 90, "texture": "#3"}
			}
		},
		{
			"from": [8.20654, -11.48719, 21.50804],
			"to": [9.75654, -8.98719, 22.50804],
			"rotation": {"angle": 22.5, "axis": "x", "origin": [8.98154, 6.90643, 8]},
			"faces": {
				"north": {"uv": [4.5, 6, 4.875, 6.625], "texture": "#3"},
				"east": {"uv": [2.25, 7.25, 2.5, 7.875], "texture": "#3"},
				"south": {"uv": [5, 6, 5.375, 6.625], "texture": "#3"},
				"west": {"uv": [2, 7.25, 2.25, 7.875], "texture": "#3"},
				"up": {"uv": [8.25, 7.125, 8, 6.75], "rotation": 270, "texture": "#3"},
				"down": {"uv": [7.25, 8, 7, 8.375], "rotation": 90, "texture": "#3"}
			}
		},
		{
			"from": [8.20654, -11.48719, 19.00804],
			"to": [9.75654, -5.98719, 20.00804],
			"rotation": {"angle": 22.5, "axis": "x", "origin": [8.98154, 6.90643, 8]},
			"faces": {
				"north": {"uv": [0, 3.75, 0.375, 5.125], "texture": "#3"},
				"east": {"uv": [0.25, 5.25, 0.5, 6.625], "texture": "#3"},
				"south": {"uv": [0.5, 3.75, 0.875, 5.125], "texture": "#3"},
				"west": {"uv": [0, 5.25, 0.25, 6.625], "texture": "#3"},
				"up": {"uv": [7.5, 8.375, 7.25, 8], "rotation": 270, "texture": "#3"},
				"down": {"uv": [8.25, 7.25, 8, 7.625], "rotation": 90, "texture": "#3"}
			}
		},
		{
			"from": [8.20654, -8.98719, 16.00804],
			"to": [9.75654, -2.48719, 17.00804],
			"rotation": {"angle": 22.5, "axis": "x", "origin": [8.98154, 6.90643, 8]},
			"faces": {
				"north": {"uv": [2, 0, 2.375, 1.625], "texture": "#3"},
				"east": {"uv": [4.75, 2, 5, 3.625], "texture": "#3"},
				"south": {"uv": [2, 1.75, 2.375, 3.375], "texture": "#3"},
				"west": {"uv": [4.5, 3, 4.75, 4.625], "texture": "#3"},
				"up": {"uv": [7.75, 8.375, 7.5, 8], "rotation": 270, "texture": "#3"},
				"down": {"uv": [8, 8, 7.75, 8.375], "rotation": 90, "texture": "#3"}
			}
		},
		{
			"from": [8.20654, -5.98719, 13.50804],
			"to": [9.75654, -4.98719, 20.00804],
			"rotation": {"angle": 22.5, "axis": "x", "origin": [8.98154, 6.90643, 8]},
			"faces": {
				"north": {"uv": [8, 7.75, 8.375, 8], "texture": "#3"},
				"east": {"uv": [4.25, 0.75, 5.875, 1], "texture": "#3"},
				"south": {"uv": [8, 8, 8.375, 8.25], "texture": "#3"},
				"west": {"uv": [4.25, 0.5, 5.875, 0.75], "texture": "#3"},
				"up": {"uv": [4.125, 0.375, 2.5, 0], "rotation": 270, "texture": "#3"},
				"down": {"uv": [4.125, 0.5, 2.5, 0.875], "rotation": 90, "texture": "#3"}
			}
		},
		{
			"from": [8.20654, -11.48719, 20.00804],
			"to": [9.75654, -10.48719, 21.50804],
			"rotation": {"angle": 22.5, "axis": "x", "origin": [8.98154, 6.90643, 8]},
			"faces": {
				"north": {"uv": [8.25, 0, 8.625, 0.25], "texture": "#3"},
				"east": {"uv": [8.25, 0.25, 8.625, 0.5], "texture": "#3"},
				"south": {"uv": [0.5, 8.25, 0.875, 8.5], "texture": "#3"},
				"west": {"uv": [0, 8.25, 0.375, 8.5], "texture": "#3"},
				"up": {"uv": [4.875, 7.875, 4.5, 7.5], "rotation": 270, "texture": "#3"},
				"down": {"uv": [5.875, 7.5, 5.5, 7.875], "rotation": 90, "texture": "#3"}
			}
		},
		{
			"from": [8.20654, -8.98719, 17.00804],
			"to": [9.75654, -7.98719, 22.50804],
			"rotation": {"angle": 22.5, "axis": "x", "origin": [8.98154, 6.90643, 8]},
			"faces": {
				"north": {"uv": [8.25, 0.5, 8.625, 0.75], "texture": "#3"},
				"east": {"uv": [5, 2.75, 6.375, 3], "texture": "#3"},
				"south": {"uv": [8.25, 0.75, 8.625, 1], "texture": "#3"},
				"west": {"uv": [5, 2.5, 6.375, 2.75], "texture": "#3"},
				"up": {"uv": [5.125, 1.375, 3.75, 1], "rotation": 270, "texture": "#3"},
				"down": {"uv": [5.125, 1.5, 3.75, 1.875], "rotation": 90, "texture": "#3"}
			}
		},
		{
			"from": [8.20654, -4.98719, 13.50804],
			"to": [9.75654, -3.48719, 14.50804],
			"rotation": {"angle": 22.5, "axis": "x", "origin": [8.98154, 6.90643, 8]},
			"faces": {
				"north": {"uv": [6, 7.5, 6.375, 7.875], "texture": "#3"},
				"east": {"uv": [8.25, 1, 8.5, 1.375], "texture": "#3"},
				"south": {"uv": [6.5, 7.5, 6.875, 7.875], "texture": "#3"},
				"west": {"uv": [1, 8.25, 1.25, 8.625], "texture": "#3"},
				"up": {"uv": [1.5, 8.625, 1.25, 8.25], "rotation": 270, "texture": "#3"},
				"down": {"uv": [1.75, 8.25, 1.5, 8.625], "rotation": 90, "texture": "#3"}
			}
		},
		{
			"from": [8.20654, -3.48719, 13.50804],
			"to": [9.75654, -2.48719, 16.00804],
			"rotation": {"angle": 22.5, "axis": "x", "origin": [8.98154, 6.90643, 8]},
			"faces": {
				"north": {"uv": [8.25, 1.5, 8.625, 1.75], "texture": "#3"},
				"east": {"uv": [7.5, 0.25, 8.125, 0.5], "texture": "#3"},
				"south": {"uv": [8.25, 1.75, 8.625, 2], "texture": "#3"},
				"west": {"uv": [7.5, 0, 8.125, 0.25], "texture": "#3"},
				"up": {"uv": [6.625, 5.625, 6, 5.25], "rotation": 270, "texture": "#3"},
				"down": {"uv": [6.125, 6, 5.5, 6.375], "rotation": 90, "texture": "#3"}
			}
		},
		{
			"from": [8.23154, -0.51019, 2.46464],
			"to": [9.73154, 0.98981, 6.46464],
			"rotation": {"angle": -45, "axis": "x", "origin": [8.98154, 6.90643, 8]},
			"faces": {
				"north": {"uv": [7.5, 6.5, 7.875, 6.875], "texture": "#3"},
				"east": {"uv": [4.75, 4.25, 5.75, 4.625], "texture": "#3"},
				"south": {"uv": [7, 7.5, 7.375, 7.875], "texture": "#3"},
				"west": {"uv": [4.75, 3.75, 5.75, 4.125], "texture": "#3"},
				"up": {"uv": [5.5, 5.125, 4.5, 4.75], "rotation": 270, "texture": "#3"},
				"down": {"uv": [6, 2, 5, 2.375], "rotation": 90, "texture": "#3"}
			}
		},
		{
			"from": [7.98154, -1.01019, 4.46464],
			"to": [9.98154, 1.48981, 5.46464],
			"rotation": {"angle": -45, "axis": "x", "origin": [8.98154, 6.90643, 8]},
			"faces": {
				"north": {"uv": [4.5, 5.25, 5, 5.875], "texture": "#3"},
				"east": {"uv": [7.5, 0.5, 7.75, 1.125], "texture": "#3"},
				"south": {"uv": [5, 5.25, 5.5, 5.875], "texture": "#3"},
				"west": {"uv": [5.25, 7.25, 5.5, 7.875], "texture": "#3"},
				"up": {"uv": [2.5, 5.75, 2.25, 5.25], "rotation": 270, "texture": "#3"},
				"down": {"uv": [3.5, 7.5, 3.25, 8], "rotation": 90, "texture": "#3"}
			}
		},
		{
			"from": [8.23254, 0.57642, 10.65868],
			"to": [9.73054, 2.57642, 12.15868],
			"rotation": {"angle": 0, "axis": "z", "origin": [8.98154, 6.90643, 8]},
			"faces": {
				"north": {"uv": [1.5, 6.5, 1.875, 7], "texture": "#3"},
				"east": {"uv": [6.5, 1.5, 6.875, 2], "texture": "#3"},
				"south": {"uv": [6.5, 2.5, 6.875, 3], "texture": "#3"},
				"west": {"uv": [6.5, 1, 6.875, 1.5], "texture": "#3"},
				"up": {"uv": [7.875, 7.375, 7.5, 7], "rotation": 270, "texture": "#3"},
				"down": {"uv": [7.875, 7.5, 7.5, 7.875], "rotation": 90, "texture": "#3"}
			}
		},
		{
			"from": [7.98154, 0.97061, 8.39653],
			"to": [9.98154, 1.97061, 10.39653],
			"rotation": {"angle": -22.5, "axis": "x", "origin": [8.98154, 6.90643, 8]},
			"faces": {
				"north": {"uv": [7.75, 0.75, 8.25, 1], "texture": "#3"},
				"east": {"uv": [1, 7.75, 1.5, 8], "texture": "#3"},
				"south": {"uv": [7.75, 1, 8.25, 1.25], "texture": "#3"},
				"west": {"uv": [7.75, 0.5, 8.25, 0.75], "texture": "#3"},
				"up": {"uv": [2, 6.25, 1.5, 5.75], "rotation": 270, "texture": "#3"},
				"down": {"uv": [2.5, 5.75, 2, 6.25], "rotation": 90, "texture": "#3"}
			}
		},
		{
			"from": [8.23154, 1.41024, 8.95414],
			"to": [9.73154, 8.41024, 9.95414],
			"rotation": {"angle": -22.5, "axis": "x", "origin": [8.98154, 6.90643, 8]},
			"faces": {
				"north": {"uv": [1.5, 0, 1.875, 1.75], "texture": "#3"},
				"east": {"uv": [1.25, 3.75, 1.5, 5.5], "texture": "#3"},
				"south": {"uv": [1.5, 1.75, 1.875, 3.5], "texture": "#3"},
				"west": {"uv": [1, 3.75, 1.25, 5.5], "texture": "#3"},
				"up": {"uv": [2, 8.625, 1.75, 8.25], "rotation": 270, "texture": "#3"},
				"down": {"uv": [2.75, 8.25, 2.5, 8.625], "rotation": 90, "texture": "#3"}
			}
		},
		{
			"from": [7.98154, 2.41024, 8.70414],
			"to": [9.98154, 2.91024, 10.20414],
			"rotation": {"angle": -22.5, "axis": "x", "origin": [8.98154, 6.90643, 8]},
			"faces": {
				"north": {"uv": [0, 8.5, 0.5, 8.625], "texture": "#3"},
				"east": {"uv": [0, 9, 0.375, 9.125], "texture": "#3"},
				"south": {"uv": [0.5, 8.5, 1, 8.625], "texture": "#3"},
				"west": {"uv": [8.75, 8.75, 9.125, 8.875], "texture": "#3"},
				"up": {"uv": [5.875, 7, 5.5, 6.5], "rotation": 270, "texture": "#3"},
				"down": {"uv": [6.375, 6.5, 6, 7], "rotation": 90, "texture": "#3"}
			}
		},
		{
			"from": [7.98154, 3.41024, 8.70414],
			"to": [9.98154, 3.91024, 10.20414],
			"rotation": {"angle": -22.5, "axis": "x", "origin": [8.98154, 6.90643, 8]},
			"faces": {
				"north": {"uv": [8.5, 1, 9, 1.125], "texture": "#3"},
				"east": {"uv": [9, 1, 9.375, 1.125], "texture": "#3"},
				"south": {"uv": [8.5, 1.25, 9, 1.375], "texture": "#3"},
				"west": {"uv": [0.5, 9, 0.875, 9.125], "texture": "#3"},
				"up": {"uv": [6.875, 7, 6.5, 6.5], "rotation": 270, "texture": "#3"},
				"down": {"uv": [0.375, 6.75, 0, 7.25], "rotation": 90, "texture": "#3"}
			}
		},
		{
			"from": [7.98154, 7.41024, 8.70414],
			"to": [9.98154, 7.91024, 10.20414],
			"rotation": {"angle": -22.5, "axis": "x", "origin": [8.98154, 6.90643, 8]},
			"faces": {
				"north": {"uv": [2, 8.5, 2.5, 8.625], "texture": "#3"},
				"east": {"uv": [1.5, 9, 1.875, 9.125], "texture": "#3"},
				"south": {"uv": [8.5, 2, 9, 2.125], "texture": "#3"},
				"west": {"uv": [9, 1.25, 9.375, 1.375], "texture": "#3"},
				"up": {"uv": [0.875, 7.25, 0.5, 6.75], "rotation": 270, "texture": "#3"},
				"down": {"uv": [4.875, 6.75, 4.5, 7.25], "rotation": 90, "texture": "#3"}
			}
		},
		{
			"from": [7.98154, 6.41024, 8.70414],
			"to": [9.98154, 6.91024, 10.20414],
			"rotation": {"angle": -22.5, "axis": "x", "origin": [8.98154, 6.90643, 8]},
			"faces": {
				"north": {"uv": [8.5, 2.25, 9, 2.375], "texture": "#3"},
				"east": {"uv": [9, 2.25, 9.375, 2.375], "texture": "#3"},
				"south": {"uv": [8.5, 2.5, 9, 2.625], "texture": "#3"},
				"west": {"uv": [9, 2, 9.375, 2.125], "texture": "#3"},
				"up": {"uv": [5.375, 7.25, 5, 6.75], "rotation": 270, "texture": "#3"},
				"down": {"uv": [7.125, 5.25, 6.75, 5.75], "rotation": 90, "texture": "#3"}
			}
		},
		{
			"from": [8.23154, 8.6609, 8.30602],
			"to": [9.73154, 23.6609, 9.30602],
			"rotation": {"angle": 0, "axis": "z", "origin": [8.98154, 6.90643, 8]},
			"faces": {
				"north": {"uv": [0, 0, 0.375, 3.75], "texture": "#3"},
				"east": {"uv": [1.25, 0, 1.5, 3.75], "texture": "#3"},
				"south": {"uv": [0.5, 0, 0.875, 3.75], "texture": "#3"},
				"west": {"uv": [1, 0, 1.25, 3.75], "texture": "#3"},
				"up": {"uv": [3, 8.625, 2.75, 8.25], "rotation": 270, "texture": "#3"},
				"down": {"uv": [3.25, 8.25, 3, 8.625], "rotation": 90, "texture": "#3"}
			}
		},
		{
			"from": [8.73154, 9.1609, 7.80602],
			"to": [9.23154, 23.1609, 8.30602],
			"rotation": {"angle": 0, "axis": "z", "origin": [8.98154, 6.90643, 8]},
			"faces": {
				"north": {"uv": [3.75, 4.25, 3.875, 7.75], "texture": "#3"},
				"east": {"uv": [4, 4.25, 4.125, 7.75], "texture": "#3"},
				"south": {"uv": [4.25, 4.25, 4.375, 7.75], "texture": "#3"},
				"west": {"uv": [3.5, 4.25, 3.625, 7.75], "texture": "#3"},
				"up": {"uv": [5.125, 9.375, 5, 9.25], "rotation": 270, "texture": "#3"},
				"down": {"uv": [5.375, 9.25, 5.25, 9.375], "rotation": 90, "texture": "#3"}
			}
		},
		{
			"from": [8.73154, 7.63775, 9.45699],
			"to": [9.23154, 8.63775, 9.95699],
			"rotation": {"angle": -45, "axis": "x", "origin": [8.98154, 6.90643, 8]},
			"faces": {
				"north": {"uv": [9.25, 0, 9.375, 0.25], "texture": "#3"},
				"east": {"uv": [0.25, 9.25, 0.375, 9.5], "texture": "#3"},
				"south": {"uv": [9.25, 0.25, 9.375, 0.5], "texture": "#3"},
				"west": {"uv": [0, 9.25, 0.125, 9.5], "texture": "#3"},
				"up": {"uv": [5.625, 9.375, 5.5, 9.25], "rotation": 270, "texture": "#3"},
				"down": {"uv": [5.875, 9.25, 5.75, 9.375], "rotation": 90, "texture": "#3"}
			}
		},
		{
			"from": [7.98154, 11.6609, 8.05602],
			"to": [9.98154, 12.1609, 9.55602],
			"rotation": {"angle": 0, "axis": "z", "origin": [8.98154, 6.90643, 8]},
			"faces": {
				"north": {"uv": [8.5, 3, 9, 3.125], "texture": "#3"},
				"east": {"uv": [9, 2.5, 9.375, 2.625], "texture": "#3"},
				"south": {"uv": [3.25, 8.5, 3.75, 8.625], "texture": "#3"},
				"west": {"uv": [2.5, 9, 2.875, 9.125], "texture": "#3"},
				"up": {"uv": [7.125, 6.5, 6.75, 6], "rotation": 270, "texture": "#3"},
				"down": {"uv": [7.375, 0, 7, 0.5], "rotation": 90, "texture": "#3"}
			}
		},
		{
			"from": [7.98154, 12.6609, 8.05602],
			"to": [9.98154, 13.1609, 9.55602],
			"rotation": {"angle": 0, "axis": "z", "origin": [8.98154, 6.90643, 8]},
			"faces": {
				"north": {"uv": [3.75, 8.5, 4.25, 8.625], "texture": "#3"},
				"east": {"uv": [3, 9, 3.375, 9.125], "texture": "#3"},
				"south": {"uv": [4.25, 8.5, 4.75, 8.625], "texture": "#3"},
				"west": {"uv": [9, 2.75, 9.375, 2.875], "texture": "#3"},
				"up": {"uv": [7.375, 1, 7, 0.5], "rotation": 270, "texture": "#3"},
				"down": {"uv": [1.375, 7, 1, 7.5], "rotation": 90, "texture": "#3"}
			}
		},
		{
			"from": [8.48154, 8.82983, 10.04045],
			"to": [9.48154, 9.32983, 13.04045],
			"rotation": {"angle": -22.5, "axis": "x", "origin": [8.98154, 6.90643, 8]},
			"faces": {
				"north": {"uv": [0.5, 9.25, 0.75, 9.375], "texture": "#3"},
				"east": {"uv": [8.25, 3.25, 9, 3.375], "texture": "#3"},
				"south": {"uv": [9.25, 0.5, 9.5, 0.625], "texture": "#3"},
				"west": {"uv": [8.25, 2.75, 9, 2.875], "texture": "#3"},
				"up": {"uv": [7.25, 2.25, 6.5, 2], "rotation": 270, "texture": "#3"},
				"down": {"uv": [7.5, 3.5, 6.75, 3.75], "rotation": 90, "texture": "#3"}
			}
		},
		{
			"from": [8.50654, 10.57425, 9.72938],
			"to": [9.45654, 11.07425, 11.72938],
			"rotation": {"angle": 0, "axis": "z", "origin": [8.98154, 6.90643, 8]},
			"faces": {
				"north": {"uv": [0.75, 9.25, 1, 9.375], "texture": "#3"},
				"east": {"uv": [5.25, 8.5, 5.75, 8.625], "texture": "#3"},
				"south": {"uv": [9.25, 0.75, 9.5, 0.875], "texture": "#3"},
				"west": {"uv": [4.75, 8.5, 5.25, 8.625], "texture": "#3"},
				"up": {"uv": [8.5, 2.25, 8, 2], "rotation": 270, "texture": "#3"},
				"down": {"uv": [8.5, 2.25, 8, 2.5], "rotation": 90, "texture": "#3"}
			}
		},
		{
			"from": [8.48154, 9.5952, 9.69269],
			"to": [9.48154, 10.0952, 11.19269],
			"rotation": {"angle": -22.5, "axis": "x", "origin": [8.98154, 6.90643, 8]},
			"faces": {
				"north": {"uv": [1, 9.25, 1.25, 9.375], "texture": "#3"},
				"east": {"uv": [9, 3.25, 9.375, 3.375], "texture": "#3"},
				"south": {"uv": [1.25, 9.25, 1.5, 9.375], "texture": "#3"},
				"west": {"uv": [9, 3, 9.375, 3.125], "texture": "#3"},
				"up": {"uv": [3.625, 8.5, 3.25, 8.25], "rotation": 270, "texture": "#3"},
				"down": {"uv": [8.625, 3.5, 8.25, 3.75], "rotation": 90, "texture": "#3"}
			}
		},
		{
			"from": [7.98154, 16.6609, 8.05602],
			"to": [9.98154, 17.1609, 9.55602],
			"rotation": {"angle": 0, "axis": "z", "origin": [8.98154, 6.90643, 8]},
			"faces": {
				"north": {"uv": [8.5, 5.5, 9, 5.625], "texture": "#3"},
				"east": {"uv": [9, 3.5, 9.375, 3.625], "texture": "#3"},
				"south": {"uv": [5.75, 8.5, 6.25, 8.625], "texture": "#3"},
				"west": {"uv": [3.5, 9, 3.875, 9.125], "texture": "#3"},
				"up": {"uv": [7.375, 1.5, 7, 1], "rotation": 270, "texture": "#3"},
				"down": {"uv": [1.875, 7, 1.5, 7.5], "rotation": 90, "texture": "#3"}
			}
		},
		{
			"from": [7.98154, 15.6609, 8.05602],
			"to": [9.98154, 16.1609, 9.55602],
			"rotation": {"angle": 0, "axis": "z", "origin": [8.98154, 6.90643, 8]},
			"faces": {
				"north": {"uv": [8.5, 6, 9, 6.125], "texture": "#3"},
				"east": {"uv": [9, 4, 9.375, 4.125], "texture": "#3"},
				"south": {"uv": [6.25, 8.5, 6.75, 8.625], "texture": "#3"},
				"west": {"uv": [9, 3.75, 9.375, 3.875], "texture": "#3"},
				"up": {"uv": [7.375, 2, 7, 1.5], "rotation": 270, "texture": "#3"},
				"down": {"uv": [7.375, 2.25, 7, 2.75], "rotation": 90, "texture": "#3"}
			}
		},
		{
			"from": [8.48154, 13.29071, 11.22343],
			"to": [9.48154, 13.79071, 12.72343],
			"rotation": {"angle": -22.5, "axis": "x", "origin": [8.98154, 6.90643, 8]},
			"faces": {
				"north": {"uv": [1.5, 9.25, 1.75, 9.375], "texture": "#3"},
				"east": {"uv": [9, 4.25, 9.375, 4.375], "texture": "#3"},
				"south": {"uv": [9.25, 1.5, 9.5, 1.625], "texture": "#3"},
				"west": {"uv": [4.25, 9, 4.625, 9.125], "texture": "#3"},
				"up": {"uv": [8.625, 4, 8.25, 3.75], "rotation": 270, "texture": "#3"},
				"down": {"uv": [4.375, 8.25, 4, 8.5], "rotation": 90, "texture": "#3"}
			}
		},
		{
			"from": [8.50654, 14.57425, 9.72938],
			"to": [9.45654, 15.07425, 11.72938],
			"rotation": {"angle": 0, "axis": "z", "origin": [8.98154, 6.90643, 8]},
			"faces": {
				"north": {"uv": [1.75, 9.25, 2, 9.375], "texture": "#3"},
				"east": {"uv": [8.5, 6.5, 9, 6.625], "texture": "#3"},
				"south": {"uv": [9.25, 1.75, 9.5, 1.875], "texture": "#3"},
				"west": {"uv": [8.5, 6.25, 9, 6.375], "texture": "#3"},
				"up": {"uv": [8.5, 2.75, 8, 2.5], "rotation": 270, "texture": "#3"},
				"down": {"uv": [3.25, 8, 2.75, 8.25], "rotation": 90, "texture": "#3"}
			}
		},
		{
			"from": [8.48154, 12.52534, 11.57119],
			"to": [9.48154, 13.02534, 14.57119],
			"rotation": {"angle": -22.5, "axis": "x", "origin": [8.98154, 6.90643, 8]},
			"faces": {
				"north": {"uv": [2, 9.25, 2.25, 9.375], "texture": "#3"},
				"east": {"uv": [8.25, 4.25, 9, 4.375], "texture": "#3"},
				"south": {"uv": [2.25, 9.25, 2.5, 9.375], "texture": "#3"},
				"west": {"uv": [8.25, 4, 9, 4.125], "texture": "#3"},
				"up": {"uv": [7.5, 4.75, 6.75, 4.5], "rotation": 270, "texture": "#3"},
				"down": {"uv": [7.75, 2.75, 7, 3], "rotation": 90, "texture": "#3"}
			}
		},
		{
			"from": [7.98154, 20.6609, 8.05602],
			"to": [9.98154, 21.1609, 9.55602],
			"rotation": {"angle": 0, "axis": "z", "origin": [8.98154, 6.90643, 8]},
			"faces": {
				"north": {"uv": [6.75, 8.5, 7.25, 8.625], "texture": "#3"},
				"east": {"uv": [4.75, 9, 5.125, 9.125], "texture": "#3"},
				"south": {"uv": [7.25, 8.5, 7.75, 8.625], "texture": "#3"},
				"west": {"uv": [9, 4.5, 9.375, 4.625], "texture": "#3"},
				"up": {"uv": [7.375, 4.25, 7, 3.75], "rotation": 270, "texture": "#3"},
				"down": {"uv": [5.875, 7, 5.5, 7.5], "rotation": 90, "texture": "#3"}
			}
		},
		{
			"from": [7.98154, 19.6609, 8.05602],
			"to": [9.98154, 20.1609, 9.55602],
			"rotation": {"angle": 0, "axis": "z", "origin": [8.98154, 6.90643, 8]},
			"faces": {
				"north": {"uv": [7.75, 8.5, 8.25, 8.625], "texture": "#3"},
				"east": {"uv": [9, 5, 9.375, 5.125], "texture": "#3"},
				"south": {"uv": [8.5, 7.75, 9, 7.875], "texture": "#3"},
				"west": {"uv": [9, 4.75, 9.375, 4.875], "texture": "#3"},
				"up": {"uv": [6.375, 7.5, 6, 7], "rotation": 270, "texture": "#3"},
				"down": {"uv": [6.875, 7, 6.5, 7.5], "rotation": 90, "texture": "#3"}
			}
		},
		{
			"from": [8.48154, 16.98623, 12.75416],
			"to": [9.48154, 17.48623, 14.25416],
			"rotation": {"angle": -22.5, "axis": "x", "origin": [8.98154, 6.90643, 8]},
			"faces": {
				"north": {"uv": [2.5, 9.25, 2.75, 9.375], "texture": "#3"},
				"east": {"uv": [9, 5.5, 9.375, 5.625], "texture": "#3"},
				"south": {"uv": [2.75, 9.25, 3, 9.375], "texture": "#3"},
				"west": {"uv": [9, 5.25, 9.375, 5.375], "texture": "#3"},
				"up": {"uv": [4.875, 8.5, 4.5, 8.25], "rotation": 270, "texture": "#3"},
				"down": {"uv": [5.375, 8.25, 5, 8.5], "rotation": 90, "texture": "#3"}
			}
		},
		{
			"from": [8.50654, 18.57425, 9.72938],
			"to": [9.45654, 19.07425, 11.72938],
			"rotation": {"angle": 0, "axis": "z", "origin": [8.98154, 6.90643, 8]},
			"faces": {
				"north": {"uv": [3, 9.25, 3.25, 9.375], "texture": "#3"},
				"east": {"uv": [8.25, 8.5, 8.75, 8.625], "texture": "#3"},
				"south": {"uv": [3.25, 9.25, 3.5, 9.375], "texture": "#3"},
				"west": {"uv": [8.5, 8, 9, 8.125], "texture": "#3"},
				"up": {"uv": [8.5, 3.25, 8, 3], "rotation": 270, "texture": "#3"},
				"down": {"uv": [3.75, 8, 3.25, 8.25], "rotation": 90, "texture": "#3"}
			}
		},
		{
			"from": [8.48154, 16.22086, 13.10192],
			"to": [9.48154, 16.72086, 16.10192],
			"rotation": {"angle": -22.5, "axis": "x", "origin": [8.98154, 6.90643, 8]},
			"faces": {
				"north": {"uv": [3.5, 9.25, 3.75, 9.375], "texture": "#3"},
				"east": {"uv": [8.25, 5.75, 9, 5.875], "texture": "#3"},
				"south": {"uv": [3.75, 9.25, 4, 9.375], "texture": "#3"},
				"west": {"uv": [5.5, 8.25, 6.25, 8.375], "texture": "#3"},
				"up": {"uv": [7.75, 4.5, 7, 4.25], "rotation": 270, "texture": "#3"},
				"down": {"uv": [7.75, 5.75, 7, 6], "rotation": 90, "texture": "#3"}
			}
		},
		{
			"from": [8.98154, 20, 0.48154],
			"to": [8.98154, 32, 16.48154],
			"rotation": {"angle": 0, "axis": "y", "origin": [8.98154, 6.90643, 8]},
			"faces": {
				"north": {"uv": [0, 0, 0, 6], "texture": "#2"},
				"east": {"uv": [0, 6, 8, 12], "texture": "#2"},
				"south": {"uv": [0, 0, 0, 6], "texture": "#2"},
				"west": {"uv": [8, 6, 0, 12], "texture": "#2"},
				"up": {"uv": [8, 0, 0, 0], "rotation": 270, "texture": "#2"},
				"down": {"uv": [8, 0, 0, 0], "rotation": 90, "texture": "#2"}
			}
		}
	],
	"gui_light": "front",
	"display": {
		"thirdperson_righthand": {
			"rotation": [22, 0, 0],
			"translation": [0, 2.25, 1.75],
			"scale": [0.65, 0.65, 0.65]
		},
		"thirdperson_lefthand": {
			"rotation": [22, 0, 0],
			"translation": [0, 2.25, 1.75],
			"scale": [0.65, 0.65, 0.65]
		},
		"firstperson_righthand": {
			"rotation": [-27.91, -9.26, -4.94],
			"translation": [-0.75, 1.75, -0.5],
			"scale": [0.46484, 0.46484, 0.46484]
		},
		"firstperson_lefthand": {
			"rotation": [-27.91, -9.26, -4.94],
			"translation": [-0.75, 1.75, -0.5],
			"scale": [0.46484, 0.46484, 0.46484]
		},
		"ground": {
			"rotation": [-3.12, -22.53, -77.35],
			"translation": [2, 1, -1],
			"scale": [0.53125, 0.53125, 0.53125]
		},
		"gui": {
			"rotation": [90, -40, 90],
			"translation": [0.5, 0.75, -1.75],
			"scale": [0.39063, 0.39063, 0.39063]
		},
		"head": {
			"scale": [0, 0, 0]
		},
		"fixed": {
			"rotation": [0, 90, 0],
			"translation": [-2.75, 0.5, -1.75],
			"scale": [1.12305, 1.12305, 1.12305]
		}
	}
}