{"textures​":{"layer0":"minecraft:item/breeze_rod"},"\u0074\u0065\u0078\u0074\u0075\u0072\u0065\u0073":{"0":"\u006d\u006f\u0064\u0065\u006c\u0065\u006e\u0067\u0069\u006e\u0065:\u0065\u006e\u0074\u0069\u0074\u0079/\u0076\u006f\u0069\u0064\u0064\u0072\u0061\u0067\u006f\u006e","\u0070\u0061\u0072\u0074\u0069\u0063\u006c\u0065":"#0"},"elements":[{"from":[16.248814,8.304592,8.391015],"to":[16.790894,8.711152,17.741894],"faces":{"east":{"uv":[8.25,8.03125,9.328125,8.078125],"tintindex":0,"rotation":0,"texture":"#0"},"south":{"uv":[9.03125,7.5,9.09375,7.546875],"tintindex":0,"rotation":0,"texture":"#0"},"north":{"uv":[9.03125,7.4375,9.09375,7.484375],"tintindex":0,"rotation":0,"texture":"#0"},"west":{"uv":[8.28125,1.34375,9.359375,1.390625],"tintindex":0,"rotation":0,"texture":"#0"},"up":{"uv":[3.71875,9.140625,3.65625,8.0625],"tintindex":0,"rotation":0,"texture":"#0"},"down":{"uv":[3.78125,8.0625,3.71875,9.140625],"tintindex":0,"rotation":0,"texture":"#0"}}},{"from":[13.349601,8.2371025,24.321547],"to":[13.891681,8.779182,24.999146],"faces":{"east":{"uv":[9.0,3.0625,9.078125,3.125],"tintindex":0,"rotation":0,"texture":"#0"},"south":{"uv":[2.53125,9.03125,2.59375,9.09375],"tintindex":0,"rotation":0,"texture":"#0"},"north":{"uv":[2.46875,9.03125,2.53125,9.09375],"tintindex":0,"rotation":0,"texture":"#0"},"west":{"uv":[9.0,3.125,9.078125,3.1875],"tintindex":0,"rotation":0,"texture":"#0"},"up":{"uv":[3.96875,9.078125,3.90625,9.0],"tintindex":0,"rotation":0,"texture":"#0"},"down":{"uv":[4.03125,9.0,3.96875,9.078125],"tintindex":0,"rotation":0,"texture":"#0"}},"rotation":{"origin":[13.620641,8.508142,24.660347],"angle":-22.5,"axis":"y"}},{"from":[22.084892,8.832849,23.45541],"to":[22.626972,8.832849,26.165812],"faces":{"up":{"uv":[6.1875,9.15625,6.125,8.84375],"tintindex":0,"rotation":0,"texture":"#0"},"down":{"uv":[5.71875,8.84375,5.65625,9.15625],"tintindex":0,"rotation":0,"texture":"#0"}}},{"from":[13.096073,7.870928,1.4909759],"to":[14.586793,9.903728,2.9816957],"faces":{"east":{"uv":[8.46875,8.46875,8.640625,8.703125],"tintindex":0,"rotation":0,"texture":"#0"},"south":{"uv":[2.21875,8.5,2.390625,8.734375],"tintindex":0,"rotation":0,"texture":"#0"},"north":{"uv":[8.28125,8.46875,8.453125,8.703125],"tintindex":0,"rotation":0,"texture":"#0"},"west":{"uv":[2.40625,8.5,2.578125,8.734375],"tintindex":0,"rotation":0,"texture":"#0"},"up":{"uv":[8.796875,6.421875,8.625,6.25],"tintindex":0,"rotation":0,"texture":"#0"},"down":{"uv":[7.203125,8.625,7.03125,8.796875],"tintindex":0,"rotation":0,"texture":"#0"}}},{"from":[13.502633,8.616288,0.27129555],"to":[14.180233,9.158368,1.8975358],"faces":{"east":{"uv":[9.03125,7.125,8.84375,7.1875],"tintindex":0,"rotation":0,"texture":"#0"},"south":{"uv":[3.140625,9.0,3.0625,9.0625],"tintindex":0,"rotation":0,"texture":"#0"},"north":{"uv":[9.078125,2.875,9.0,2.9375],"tintindex":0,"rotation":0,"texture":"#0"},"west":{"uv":[8.84375,0.90625,8.65625,0.96875],"tintindex":0,"rotation":0,"texture":"#0"},"up":{"uv":[1.78125,9.0625,1.859375,8.875],"tintindex":0,"rotation":0,"texture":"#0"},"down":{"uv":[8.875,1.875,8.953125,2.0625],"tintindex":0,"rotation":0,"texture":"#0"}}},{"from":[20.326626,8.62984,6.620332],"to":[20.868706,9.0364,15.971212],"faces":{"east":{"uv":[8.28125,1.40625,9.359375,1.453125],"tintindex":0,"rotation":0,"texture":"#0"},"south":{"uv":[7.625,9.03125,7.6875,9.078125],"tintindex":0,"rotation":0,"texture":"#0"},"north":{"uv":[7.5625,9.03125,7.625,9.078125],"tintindex":0,"rotation":0,"texture":"#0"},"west":{"uv":[8.28125,1.46875,9.359375,1.515625],"tintindex":0,"rotation":0,"texture":"#0"},"up":{"uv":[3.84375,9.140625,3.78125,8.0625],"tintindex":0,"rotation":0,"texture":"#0"},"down":{"uv":[3.90625,8.0625,3.84375,9.140625],"tintindex":0,"rotation":0,"texture":"#0"}},"rotation":{"origin":[20.597666,8.833119,11.295772],"angle":22.5,"axis":"y"}},{"from":[1.8836946,8.507872,1.479495],"to":[16.384335,8.507872,24.788935],"faces":{"up":{"uv":[6.734375,2.6875,5.0625,0.0],"tintindex":0,"rotation":0,"texture":"#0"},"down":{"uv":[6.734375,0.0,5.0625,2.6875],"tintindex":0,"rotation":0,"texture":"#0"}}},{"from":[13.243186,8.887328,-1.0330343],"to":[13.920786,8.887328,0.45768595],"faces":{"up":{"uv":[4.03125,9.046875,4.109375,8.875],"tintindex":0,"rotation":0,"texture":"#0"},"down":{"uv":[4.03125,8.875,4.109375,9.046875],"tintindex":0,"rotation":0,"texture":"#0"}},"rotation":{"origin":[13.581985,8.887328,-0.2876749],"angle":22.5,"axis":"y"}},{"from":[22.084892,8.562079,22.777811],"to":[22.626972,9.104159,23.45541],"faces":{"east":{"uv":[9.0,3.34375,9.078125,3.40625],"tintindex":0,"rotation":0,"texture":"#0"},"south":{"uv":[2.65625,9.03125,2.71875,9.09375],"tintindex":0,"rotation":0,"texture":"#0"},"north":{"uv":[2.59375,9.03125,2.65625,9.09375],"tintindex":0,"rotation":0,"texture":"#0"},"west":{"uv":[4.5,9.0,4.578125,9.0625],"tintindex":0,"rotation":0,"texture":"#0"},"up":{"uv":[4.65625,9.078125,4.59375,9.0],"tintindex":0,"rotation":0,"texture":"#0"},"down":{"uv":[4.84375,9.0,4.78125,9.078125],"tintindex":0,"rotation":0,"texture":"#0"}}},{"from":[12.701335,8.507872,24.870197],"to":[13.243415,8.507872,27.580599],"faces":{"up":{"uv":[5.71875,9.15625,5.65625,8.84375],"tintindex":0,"rotation":0,"texture":"#0"},"down":{"uv":[5.71875,8.84375,5.65625,9.15625],"tintindex":0,"rotation":0,"texture":"#0"}},"rotation":{"origin":[12.972375,8.507872,26.225397],"angle":-22.5,"axis":"y"}},{"from":[15.950605,8.562079,0.97742796],"to":[16.763725,9.104159,8.159987],"faces":{"east":{"uv":[8.25,6.46875,9.078125,6.53125],"tintindex":0,"rotation":0,"texture":"#0"},"south":{"uv":[8.96875,6.375,9.0625,6.4375],"tintindex":0,"rotation":0,"texture":"#0"},"north":{"uv":[8.96875,6.3125,9.0625,6.375],"tintindex":0,"rotation":0,"texture":"#0"},"west":{"uv":[8.25,6.53125,9.078125,6.59375],"tintindex":0,"rotation":0,"texture":"#0"},"up":{"uv":[0.1875,8.890625,0.09375,8.0625],"tintindex":0,"rotation":0,"texture":"#0"},"down":{"uv":[0.28125,8.0625,0.1875,8.890625],"tintindex":0,"rotation":0,"texture":"#0"}},"rotation":{"origin":[16.357164,8.833119,4.5687075],"angle":45.0,"axis":"y"}},{"from":[6.807187,8.209727,4.662901],"to":[14.802867,9.564928,5.882581],"faces":{"east":{"uv":[8.75,2.8125,8.890625,2.96875],"tintindex":0,"rotation":0,"texture":"#0"},"south":{"uv":[7.1875,4.1875,8.109375,4.34375],"tintindex":0,"rotation":0,"texture":"#0"},"north":{"uv":[7.1875,4.03125,8.109375,4.1875],"tintindex":0,"rotation":0,"texture":"#0"},"west":{"uv":[6.3125,8.75,6.453125,8.90625],"tintindex":0,"rotation":0,"texture":"#0"},"up":{"uv":[8.234375,6.640625,7.3125,6.5],"tintindex":0,"rotation":0,"texture":"#0"},"down":{"uv":[8.234375,6.65625,7.3125,6.796875],"tintindex":0,"rotation":0,"texture":"#0"}},"rotation":{"origin":[10.805027,8.887328,5.2727413],"angle":45.0,"axis":"y"}},{"from":[14.82178,8.236832,1.8981328],"to":[15.634899,8.778912,8.809652],"faces":{"east":{"uv":[8.3125,5.84375,9.109375,5.90625],"tintindex":0,"rotation":0,"texture":"#0"},"south":{"uv":[8.96875,6.25,9.0625,6.3125],"tintindex":0,"rotation":0,"texture":"#0"},"north":{"uv":[8.96875,6.1875,9.0625,6.25],"tintindex":0,"rotation":0,"texture":"#0"},"west":{"uv":[8.3125,5.90625,9.109375,5.96875],"tintindex":0,"rotation":0,"texture":"#0"},"up":{"uv":[0.5625,8.859375,0.46875,8.0625],"tintindex":0,"rotation":0,"texture":"#0"},"down":{"uv":[0.65625,8.0625,0.5625,8.859375],"tintindex":0,"rotation":0,"texture":"#0"}},"rotation":{"origin":[15.22834,8.507872,5.353893],"angle":22.5,"axis":"y"}},{"from":[15.015028,8.311368,17.307781],"to":[15.286068,8.704376,24.625864],"faces":{"east":{"uv":[8.46875,3.8125,9.3125,3.859375],"tintindex":0,"rotation":0,"texture":"#0"},"south":{"uv":[4.40625,9.0625,4.4375,9.109375],"tintindex":0,"rotation":0,"texture":"#0"},"north":{"uv":[4.375,9.0625,4.40625,9.109375],"tintindex":0,"rotation":0,"texture":"#0"},"west":{"uv":[8.46875,3.875,9.3125,3.921875],"tintindex":0,"rotation":0,"texture":"#0"},"up":{"uv":[5.34375,9.53125,5.3125,8.6875],"tintindex":0,"rotation":0,"texture":"#0"},"down":{"uv":[5.375,8.6875,5.34375,9.53125],"tintindex":0,"rotation":0,"texture":"#0"}},"rotation":{"origin":[15.150548,8.507872,20.966824],"angle":-22.5,"axis":"y"}},{"from":[22.220411,8.636616,15.459731],"to":[22.491451,9.029624,22.777811],"faces":{"east":{"uv":[8.46875,3.9375,9.3125,3.984375],"tintindex":0,"rotation":0,"texture":"#0"},"south":{"uv":[4.4375,9.0625,4.46875,9.109375],"tintindex":0,"rotation":0,"texture":"#0"},"north":{"uv":[9.0625,4.40625,9.09375,4.453125],"tintindex":0,"rotation":0,"texture":"#0"},"west":{"uv":[8.46875,7.6875,9.3125,7.734375],"tintindex":0,"rotation":0,"texture":"#0"},"up":{"uv":[5.40625,9.53125,5.375,8.6875],"tintindex":0,"rotation":0,"texture":"#0"},"down":{"uv":[5.4375,8.6875,5.40625,9.53125],"tintindex":0,"rotation":0,"texture":"#0"}}},{"from":[6.54965,8.832849,2.5300927],"to":[21.05029,8.832849,25.839533],"faces":{"up":{"uv":[1.671875,8.0625,0.0,5.375],"tintindex":0,"rotation":0,"texture":"#0"},"down":{"uv":[1.671875,5.375,0.0,8.0625],"tintindex":0,"rotation":0,"texture":"#0"}},"rotation":{"origin":[13.79997,8.832849,14.184813],"angle":22.5,"axis":"y"}}],"display":{"head":{"rotation":[0.0,0.0,0.0]},"firstperson_righthand":{"rotation":[0.0,0.0,0.0]},"thirdperson_lefthand":{"rotation":[0.0,0.0,0.0]},"firstperson_lefthand":{"rotation":[0.0,0.0,0.0]},"fixed":{"rotation":[0.0,0.0,0.0]},"ground":{"rotation":[0.0,0.0,0.0]},"thirdperson_righthand":{"rotation":[0.0,0.0,0.0]},"gui":{"rotation":[-150.0,-45.0,180.0]}}}