{"textures":{"0":"modelengine:entity/mantaray"},"elements":[{"from":[16.2,5.88,-9.440001],"to":[24.68,9.271999,24.48],"faces":{"east":{"uv":[5.5625,0.75,7.6875,0.9375],"tintindex":-2,"rotation":0,"texture":"#0"},"south":{"uv":[7.5625,3.0,8.0625,3.1875],"tintindex":-2,"rotation":0,"texture":"#0"},"north":{"uv":[4.3125,6.875,4.8125,7.0625],"tintindex":-2,"rotation":0,"texture":"#0"},"west":{"uv":[5.5625,0.9375,7.6875,1.125],"tintindex":-2,"rotation":0,"texture":"#0"},"up":{"uv":[2.9375,5.3125,2.4375,3.1875],"tintindex":-2,"rotation":0,"texture":"#0"},"down":{"uv":[5.3125,3.75,4.8125,5.875],"tintindex":-2,"rotation":0,"texture":"#0"}}},{"from":[6.4799995,5.88,-11.559999],"to":[16.2,10.12,28.720001],"faces":{"east":{"uv":[5.3125,4.25,7.8125,4.5],"tintindex":-2,"rotation":0,"texture":"#0"},"south":{"uv":[7.0625,6.75,7.875,7.0],"tintindex":-2,"rotation":0,"texture":"#0"},"north":{"uv":[4.3125,7.0625,5.125,7.3125],"tintindex":-2,"rotation":0,"texture":"#0"},"west":{"uv":[5.3125,4.5,7.8125,4.75],"tintindex":-2,"rotation":0,"texture":"#0"},"up":{"uv":[3.9375,5.125,3.125,2.625],"tintindex":-2,"rotation":0,"texture":"#0"},"down":{"uv":[0.8125,3.1875,0.0,5.6875],"tintindex":-2,"rotation":0,"texture":"#0"}}},{"from":[7.7200003,10.12,-11.559999],"to":[11.959999,11.18,28.720001],"faces":{"east":{"uv":[7.0,6.375,9.5,6.4375],"tintindex":-2,"rotation":0,"texture":"#0"},"south":{"uv":[7.75,2.125,8.0,2.1875],"tintindex":-2,"rotation":0,"texture":"#0"},"north":{"uv":[7.75,1.9375,8.0,2.0],"tintindex":-2,"rotation":0,"texture":"#0"},"west":{"uv":[7.0,6.4375,9.5,6.5],"tintindex":-2,"rotation":0,"texture":"#0"},"up":{"uv":[5.5625,7.75,5.3125,5.25],"tintindex":-2,"rotation":0,"texture":"#0"},"down":{"uv":[5.8125,5.25,5.5625,7.75],"tintindex":-2,"rotation":0,"texture":"#0"}}}],"display":{"gui":{"rotation":[30,225,0]}}}