{"textures":{"0":"modelengine:entity/ender_clam","particle":"#0"},"elements":[{"from":[6.0,6.0,6.0],"to":[10.0,10.0,10.0],"faces":{"east":{"uv":[7.25,8.5,8.25,9.5],"tintindex":0,"rotation":0,"texture":"#0"},"south":{"uv":[7.25,8.5,8.25,9.5],"tintindex":0,"rotation":0,"texture":"#0"},"north":{"uv":[6.0,8.5,7.0,9.5],"tintindex":0,"rotation":0,"texture":"#0"},"west":{"uv":[3.0,8.75,4.0,9.75],"tintindex":0,"rotation":0,"texture":"#0"},"up":{"uv":[5.25,9.75,4.25,8.75],"tintindex":0,"rotation":0,"texture":"#0"},"down":{"uv":[7.25,8.5,8.25,9.5],"tintindex":0,"rotation":0,"texture":"#0"}}}],"display":{"head":{"rotation":[0.0,0.0,0.0]},"firstperson_righthand":{"rotation":[0.0,0.0,0.0]},"thirdperson_lefthand":{"rotation":[0.0,-0.0,-0.0]},"firstperson_lefthand":{"rotation":[0.0,-0.0,-0.0]},"fixed":{"rotation":[0.0,0.0,0.0]},"ground":{"rotation":[0.0,0.0,0.0]},"thirdperson_righthand":{"rotation":[0.0,0.0,0.0]},"gui":{"rotation":[-150.0,-45.0,180.0]}}}