{"elements":[{"from":[8.0,7.651143,5.885714],"to":[8.0,8.348857,10.114286],"rotation":{"angle":0.0,"axis":"y","origin":[27.45143,7.0802855,15.188572]},"faces":{"east":{"uv":[5.75,9.875,5.125,10.125],"rotation":0,"texture":"#0","tintindex":0},"south":{"uv":[6.375,6.875,6.375,7.125],"rotation":0,"texture":"#0","tintindex":0},"north":{"uv":[6.25,6.875,6.25,7.125],"rotation":0,"texture":"#0","tintindex":0},"west":{"uv":[5.125,9.875,5.75,10.125],"rotation":0,"texture":"#0","tintindex":0},"up":{"uv":[5.25,8.625,5.25,8.0],"rotation":0,"texture":"#0","tintindex":0},"down":{"uv":[5.375,8.0,5.375,8.625],"rotation":0,"texture":"#0","tintindex":0}}}],"textures":{"0":"modelengine:entity/ender_hammerhead"},"display":{"head":{"translation":[0.0,-6.4,0.0],"scale":[4.0,4.0,4.0]}}}