{"textures​":{"layer0":"minecraft:item/light_gray_candle_cake"},"\u0074\u0065\u0078\u0074\u0075\u0072\u0065\u0073":{"0":"\u006d\u006f\u0064\u0065\u006c\u0065\u006e\u0067\u0069\u006e\u0065:\u0065\u006e\u0074\u0069\u0074\u0079/\u0076\u0068_\u006d_\u0073\u0069\u006e\u0067\u0075\u006c\u0061\u0072\u0069\u0074\u0079","\u0070\u0061\u0072\u0074\u0069\u0063\u006c\u0065":"#0"},"elements":[{"from":[25.0,10.0,25.0],"to":[-9.0,6.0,-9.0],"faces":{"east":{"uv":[7.0,7.125,9.0,7.25],"tintindex":0,"rotation":0,"texture":"#0"},"south":{"uv":[7.0,7.25,9.0,7.375],"tintindex":0,"rotation":0,"texture":"#0"},"north":{"uv":[7.0,7.0,9.0,7.125],"tintindex":0,"rotation":0,"texture":"#0"},"west":{"uv":[7.0,7.375,9.0,7.5],"tintindex":0,"rotation":0,"texture":"#0"},"up":{"uv":[2.0,6.0,0.0,4.0],"tintindex":0,"rotation":0,"texture":"#0"},"down":{"uv":[6.0,0.0,4.0,2.0],"tintindex":0,"rotation":0,"texture":"#0"}}}],"display":{"head":{"rotation":[0.0,0.0,0.0]},"firstperson_righthand":{"rotation":[0.0,0.0,0.0]},"thirdperson_lefthand":{"rotation":[0.0,0.0,0.0]},"firstperson_lefthand":{"rotation":[0.0,0.0,0.0]},"fixed":{"rotation":[0.0,0.0,0.0]},"ground":{"rotation":[0.0,0.0,0.0]},"thirdperson_righthand":{"rotation":[0.0,0.0,0.0]},"gui":{"rotation":[-150.0,-45.0,180.0]}},"gui_light":"front"}