{"textures​":{"layer0":"minecraft:item/birch_chest_boat"},"\u0074\u0065\u0078\u0074\u0075\u0072\u0065\u0073":{"0":"\u006d\u006f\u0064\u0065\u006c\u0065\u006e\u0067\u0069\u006e\u0065:\u0065\u006e\u0074\u0069\u0074\u0079/\u0076\u0068_\u006d_\u0073\u0069\u006e\u0067\u0075\u006c\u0061\u0072\u0069\u0074\u0079","\u0070\u0061\u0072\u0074\u0069\u0063\u006c\u0065":"#0"},"elements":[{"from":[4.0,4.0,4.0],"to":[12.0,12.0,12.0],"faces":{"east":{"uv":[4.0,7.0,5.0,8.0],"tintindex":0,"rotation":0,"texture":"#0"},"south":{"uv":[7.0,4.0,8.0,5.0],"tintindex":0,"rotation":0,"texture":"#0"},"north":{"uv":[7.0,3.0,8.0,4.0],"tintindex":0,"rotation":0,"texture":"#0"},"west":{"uv":[5.0,7.0,6.0,8.0],"tintindex":0,"rotation":0,"texture":"#0"},"up":{"uv":[8.0,6.0,7.0,5.0],"tintindex":0,"rotation":0,"texture":"#0"},"down":{"uv":[7.0,7.0,6.0,8.0],"tintindex":0,"rotation":0,"texture":"#0"}}}],"display":{"head":{"rotation":[0.0,0.0,0.0]},"firstperson_righthand":{"rotation":[0.0,0.0,0.0]},"thirdperson_lefthand":{"rotation":[0.0,0.0,0.0]},"firstperson_lefthand":{"rotation":[0.0,0.0,0.0]},"fixed":{"rotation":[0.0,0.0,0.0]},"ground":{"rotation":[0.0,0.0,0.0]},"thirdperson_righthand":{"rotation":[0.0,0.0,0.0]},"gui":{"rotation":[-150.0,-45.0,180.0]}},"gui_light":"front"}