{
	"credit": "MadewithBlockbench",
	"texture_size": [128, 128],
	"textures": {
		"0": "elitecreatures:zombie_apocalyptic_animated_weapon_set/zombie_texture_01",
		"3": "elitecreatures:zombie_apocalyptic_animated_weapon_set/zombie_animation_03",
		"particle": "elitecreatures:zombie_apocalyptic_animated_weapon_set/zombie_texture_01"
	},
	"elements": [
		{
			"from": [7, -8, 6.75],
			"to": [9, -1, 9.25],
			"rotation": {"angle": 0, "axis": "y", "origin": [0, -8, 0]},
			"faces": {
				"north": {"uv": [0.3125, 3.5625, 0.5625, 4.4375], "texture": "#0"},
				"east": {"uv": [0.3125, 3.5625, 0, 4.4375], "texture": "#0"},
				"south": {"uv": [0.5625, 3.5625, 0.8125, 4.4375], "texture": "#0"},
				"west": {"uv": [0, 3.5625, 0.3125, 4.4375], "texture": "#0"},
				"up": {"uv": [0.375, 3.25, 0.625, 3.5625], "texture": "#0"},
				"down": {"uv": [0.375, 3.25, 0.625, 3.5625], "texture": "#0"}
			}
		},
		{
			"from": [8, 3, 3.9],
			"to": [8, 5.5, 6.9],
			"rotation": {"angle": 0, "axis": "y", "origin": [8, 11, 8]},
			"faces": {
				"north": {"uv": [0, 7, 0, 0], "rotation": 180, "texture": "#3"},
				"east": {"uv": [0, 5, 6, 0], "rotation": 180, "texture": "#3"},
				"south": {"uv": [0, 7, 0, 0], "rotation": 180, "texture": "#3"},
				"west": {"uv": [0, 5, 6, 0], "rotation": 180, "texture": "#3"},
				"up": {"uv": [0, 0, 0, 4], "texture": "#3"},
				"down": {"uv": [0, 4, 0, 0], "texture": "#3"}
			}
		},
		{
			"from": [7.5, 0.45, 5.95],
			"to": [9.5, 1.95, 7.45],
			"rotation": {"angle": -22.5, "axis": "x", "origin": [8, 11.75, 8.25]},
			"faces": {
				"north": {"uv": [0.3125, 3.0625, 0.5625, 3.25], "texture": "#0"},
				"east": {"uv": [0.4375, 2.8125, 0.625, 3], "texture": "#0"},
				"south": {"uv": [0.3125, 3.0625, 0.5625, 3.25], "texture": "#0"},
				"west": {"uv": [0.4375, 2.8125, 0.625, 3], "texture": "#0"},
				"up": {"uv": [0.5625, 3.25, 0.3125, 3.0625], "texture": "#0"},
				"down": {"uv": [0.5625, 3.25, 0.3125, 3.0625], "texture": "#0"}
			}
		},
		{
			"from": [5.5, 24.2, 7.25],
			"to": [7.5, 25.7, 8.75],
			"rotation": {"angle": 0, "axis": "y", "origin": [8, 11.75, 7.75]},
			"faces": {
				"north": {"uv": [0.3125, 3.0625, 0.5625, 3.25], "texture": "#0"},
				"east": {"uv": [0.4375, 2.8125, 0.625, 3], "texture": "#0"},
				"south": {"uv": [0.3125, 3.0625, 0.5625, 3.25], "texture": "#0"},
				"west": {"uv": [0.4375, 2.8125, 0.625, 3], "texture": "#0"},
				"up": {"uv": [0.3125, 3.0625, 0.5625, 3.25], "texture": "#0"},
				"down": {"uv": [0.3125, 3.0625, 0.5625, 3.25], "texture": "#0"}
			}
		},
		{
			"from": [8.5, 24.2, 7.25],
			"to": [10.5, 25.7, 8.75],
			"rotation": {"angle": 0, "axis": "y", "origin": [8, 11.75, 7.75]},
			"faces": {
				"north": {"uv": [0.5625, 3.0625, 0.3125, 3.25], "texture": "#0"},
				"east": {"uv": [0.625, 2.8125, 0.4375, 3], "texture": "#0"},
				"south": {"uv": [0.5625, 3.0625, 0.3125, 3.25], "texture": "#0"},
				"west": {"uv": [0.625, 2.8125, 0.4375, 3], "texture": "#0"},
				"up": {"uv": [0.5625, 3.0625, 0.3125, 3.25], "texture": "#0"},
				"down": {"uv": [0.5625, 3.0625, 0.3125, 3.25], "texture": "#0"}
			}
		},
		{
			"from": [7.25, -9, 7],
			"to": [8.75, 2, 9],
			"rotation": {"angle": 0, "axis": "y", "origin": [0, -8, 0]},
			"faces": {
				"north": {"uv": [0, 4.4375, 0.1875, 5.8125], "texture": "#0"},
				"east": {"uv": [0, 4.5625, 0.25, 5.9375], "texture": "#0"},
				"south": {"uv": [0, 4.4375, 0.1875, 5.8125], "texture": "#0"},
				"west": {"uv": [0, 4.5625, 0.25, 5.9375], "texture": "#0"},
				"up": {"uv": [0.625, 3.1875, 0.8125, 3.4375], "texture": "#0"},
				"down": {"uv": [0.625, 3.1875, 0.8125, 3.4375], "texture": "#0"}
			}
		},
		{
			"from": [7.25, 25.5, 7],
			"to": [8.75, 27.5, 9],
			"rotation": {"angle": 0, "axis": "y", "origin": [0, -8, 0]},
			"faces": {
				"north": {"uv": [0, 4.4375, 0.25, 4.6875], "texture": "#0"},
				"east": {"uv": [0, 4.4375, 0.25, 4.6875], "texture": "#0"},
				"south": {"uv": [0, 4.4375, 0.25, 4.6875], "texture": "#0"},
				"west": {"uv": [0, 4.4375, 0.25, 4.6875], "texture": "#0"},
				"up": {"uv": [0.625, 3.1875, 0.8125, 3.4375], "texture": "#0"},
				"down": {"uv": [0.625, 3.1875, 0.8125, 3.4375], "texture": "#0"}
			}
		},
		{
			"from": [7.25, 21, 7],
			"to": [8.75, 26, 9],
			"rotation": {"angle": 0, "axis": "y", "origin": [0, -8, 0]},
			"faces": {
				"north": {"uv": [2.625, 4.375, 2.8125, 5], "texture": "#0"},
				"east": {"uv": [2.4375, 4.375, 2.1875, 5], "texture": "#0"},
				"south": {"uv": [2.4375, 4.375, 2.625, 5], "texture": "#0"},
				"west": {"uv": [2.1875, 4.375, 2.4375, 5], "texture": "#0"},
				"up": {"uv": [2.25, 4.375, 2.4375, 4.625], "texture": "#0"},
				"down": {"uv": [1.3125, 3.625, 1.5, 3.875], "texture": "#0"}
			}
		},
		{
			"from": [6, 21.5, 6],
			"to": [10, 26.5, 10],
			"rotation": {"angle": 0, "axis": "y", "origin": [0, -8, 0]},
			"faces": {
				"north": {"uv": [1.25, 4.8125, 1.625, 5.1875], "texture": "#0"},
				"east": {"uv": [1.1875, 3.9375, 1.6875, 4.3125], "texture": "#0"},
				"south": {"uv": [1.25, 4.8125, 1.625, 5.1875], "texture": "#0"},
				"west": {"uv": [1.1875, 3.9375, 1.6875, 4.3125], "texture": "#0"},
				"up": {"uv": [1.25, 4.3125, 1.625, 4.8125], "texture": "#0"},
				"down": {"uv": [1.25, 4.3125, 1.625, 4.8125], "texture": "#0"}
			}
		},
		{
			"from": [7.5, 1, 3.5],
			"to": [8.5, 2, 4.5],
			"rotation": {"angle": 0, "axis": "y", "origin": [0, -8, 0]},
			"faces": {
				"north": {"uv": [1.0625, 4.1875, 1.1875, 4.3125], "texture": "#0"},
				"east": {"uv": [1.0625, 4.1875, 1.1875, 4.3125], "texture": "#0"},
				"south": {"uv": [1.0625, 4.1875, 1.1875, 4.3125], "texture": "#0"},
				"west": {"uv": [1.0625, 4.1875, 1.1875, 4.3125], "texture": "#0"},
				"up": {"uv": [1.0625, 4.1875, 1.1875, 4.3125], "texture": "#0"},
				"down": {"uv": [1.0625, 4.1875, 1.1875, 4.3125], "texture": "#0"}
			}
		},
		{
			"from": [6.5, 0, 5],
			"to": [9.5, 3, 10],
			"rotation": {"angle": 0, "axis": "y", "origin": [0, -8, 0]},
			"faces": {
				"north": {"uv": [1.25, 3.5625, 1.625, 3.9375], "texture": "#0"},
				"east": {"uv": [1.25, 3.1875, 0.625, 3.5625], "texture": "#0"},
				"south": {"uv": [1.25, 3.1875, 1.625, 3.5625], "texture": "#0"},
				"west": {"uv": [0.625, 3.1875, 1.25, 3.5625], "texture": "#0"},
				"up": {"uv": [0.8125, 3.5625, 1.1875, 4.1875], "texture": "#0"},
				"down": {"uv": [0.8125, 4.1875, 1.1875, 3.5625], "texture": "#0"}
			}
		},
		{
			"from": [6.15, 3.5, 8.9],
			"to": [9.85, 4.5, 11.1],
			"rotation": {"angle": 0, "axis": "y", "origin": [0, -8, 0]},
			"faces": {
				"north": {"uv": [1.0625, 6, 1.5, 6.125], "texture": "#0"},
				"east": {"uv": [1.0625, 6, 1.3125, 6.125], "texture": "#0"},
				"south": {"uv": [1.0625, 6, 1.5, 6.125], "texture": "#0"},
				"west": {"uv": [1.0625, 6, 1.3125, 6.125], "texture": "#0"},
				"up": {"uv": [1.0625, 5.75, 1.5, 6], "texture": "#0"},
				"down": {"uv": [1.0625, 5.75, 1.5, 6], "texture": "#0"}
			}
		},
		{
			"from": [6.15, 6, 8.9],
			"to": [9.85, 7, 11.1],
			"rotation": {"angle": 0, "axis": "y", "origin": [0, -8, 0]},
			"faces": {
				"north": {"uv": [1.0625, 6, 1.5, 6.125], "texture": "#0"},
				"east": {"uv": [1.0625, 6, 1.3125, 6.125], "texture": "#0"},
				"south": {"uv": [1.0625, 6, 1.5, 6.125], "texture": "#0"},
				"west": {"uv": [1.0625, 6, 1.3125, 6.125], "texture": "#0"},
				"up": {"uv": [1.0625, 5.75, 1.5, 6], "texture": "#0"},
				"down": {"uv": [1.0625, 5.75, 1.5, 6], "texture": "#0"}
			}
		},
		{
			"from": [6.25, 3, 9],
			"to": [9.75, 8, 11],
			"rotation": {"angle": 0, "axis": "y", "origin": [0, -8, 0]},
			"faces": {
				"north": {"uv": [0.375, 5.9375, 0.8125, 6.5625], "texture": "#0"},
				"east": {"uv": [1.0625, 5.9375, 0.8125, 6.5625], "texture": "#0"},
				"south": {"uv": [0.375, 5.9375, 0.8125, 6.5625], "texture": "#0"},
				"west": {"uv": [0.8125, 5.9375, 1.0625, 6.5625], "texture": "#0"},
				"up": {"uv": [0.375, 6.5625, 0.8125, 6.8125], "texture": "#0"},
				"down": {"uv": [0.375, 6.5625, 0.8125, 6.8125], "texture": "#0"}
			}
		},
		{
			"from": [8.3, 7.5, 9.5],
			"to": [9.3, 8.5, 10.5],
			"rotation": {"angle": 0, "axis": "y", "origin": [0, -8, 0]},
			"faces": {
				"north": {"uv": [1.0625, 4.3125, 1.1875, 4.4375], "texture": "#0"},
				"east": {"uv": [1.0625, 4.3125, 1.1875, 4.4375], "texture": "#0"},
				"south": {"uv": [1.0625, 4.3125, 1.1875, 4.4375], "texture": "#0"},
				"west": {"uv": [1.0625, 4.3125, 1.1875, 4.4375], "texture": "#0"},
				"up": {"uv": [1.0625, 4.3125, 1.1875, 4.4375], "texture": "#0"},
				"down": {"uv": [1.0625, 4.3125, 1.1875, 4.4375], "texture": "#0"}
			}
		},
		{
			"from": [6.7, 7.5, 9.5],
			"to": [7.7, 8.5, 10.5],
			"rotation": {"angle": 0, "axis": "y", "origin": [0, -8, 0]},
			"faces": {
				"north": {"uv": [1.0625, 4.3125, 1.1875, 4.4375], "texture": "#0"},
				"east": {"uv": [1.0625, 4.3125, 1.1875, 4.4375], "texture": "#0"},
				"south": {"uv": [1.0625, 4.3125, 1.1875, 4.4375], "texture": "#0"},
				"west": {"uv": [1.0625, 4.3125, 1.1875, 4.4375], "texture": "#0"},
				"up": {"uv": [1.0625, 4.3125, 1.1875, 4.4375], "texture": "#0"},
				"down": {"uv": [1.0625, 4.3125, 1.1875, 4.4375], "texture": "#0"}
			}
		},
		{
			"from": [8, 7, 10.5],
			"to": [8, 18, 14.5],
			"faces": {
				"north": {"uv": [0, 0, 0, 6.5], "texture": "#missing"},
				"east": {"uv": [2.3125, 3.9375, 1.8125, 2.5625], "texture": "#0"},
				"south": {"uv": [0, 0, 0, 6.5], "texture": "#missing"},
				"west": {"uv": [1.8125, 2.5625, 2.3125, 3.9375], "texture": "#0"},
				"up": {"uv": [0, 0, 0, 2], "texture": "#missing"},
				"down": {"uv": [0, 0, 0, 2], "texture": "#missing"}
			}
		},
		{
			"from": [8, 3.5, 8.5],
			"to": [8, 7, 12.5],
			"faces": {
				"north": {"uv": [0, 0, 0, 6.5], "texture": "#missing"},
				"east": {"uv": [2.3125, 2, 1.8125, 2.4375], "texture": "#0"},
				"south": {"uv": [0, 0, 0, 6.5], "texture": "#missing"},
				"west": {"uv": [1.8125, 2, 2.3125, 2.4375], "texture": "#0"},
				"up": {"uv": [0, 0, 0, 2], "texture": "#missing"},
				"down": {"uv": [0, 0, 0, 2], "texture": "#missing"}
			}
		},
		{
			"from": [8, 20.3, 2.3],
			"to": [8, 28.3, 6.3],
			"rotation": {"angle": 22.5, "axis": "x", "origin": [0, 0, 0]},
			"faces": {
				"north": {"uv": [0, 0, 0, 80], "texture": "#missing"},
				"east": {"uv": [2.25, 2, 1.75, 1], "texture": "#0"},
				"south": {"uv": [0, 0, 0, 80], "texture": "#missing"},
				"west": {"uv": [1.75, 2, 2.25, 1], "texture": "#0"},
				"up": {"uv": [0, 0, 0, 32], "texture": "#missing"},
				"down": {"uv": [0, 0, 0, 32], "texture": "#missing"}
			}
		},
		{
			"from": [7, 0.5, 4],
			"to": [9, 2.5, 12],
			"rotation": {"angle": 0, "axis": "y", "origin": [0, -8, 0]},
			"faces": {
				"north": {"uv": [0.8125, 4.1875, 1.0625, 4.4375], "texture": "#0"},
				"east": {"uv": [1.25, 4.4375, 0.25, 4.6875], "texture": "#0"},
				"south": {"uv": [0.8125, 4.1875, 1.0625, 4.4375], "texture": "#0"},
				"west": {"uv": [0.25, 4.4375, 1.25, 4.6875], "texture": "#0"},
				"up": {"uv": [0.25, 4.6875, 0.5, 5.6875], "texture": "#0"},
				"down": {"uv": [0.25, 5.6875, 0.5, 4.6875], "texture": "#0"}
			}
		},
		{
			"from": [7, 23.9, 5],
			"to": [9, 25.9, 13],
			"rotation": {"angle": 0, "axis": "y", "origin": [0, -8, 0]},
			"faces": {
				"north": {"uv": [0.8125, 4.1875, 1.0625, 4.4375], "texture": "#0"},
				"east": {"uv": [1.25, 4.4375, 0.25, 4.6875], "texture": "#0"},
				"south": {"uv": [0.8125, 4.1875, 1.0625, 4.4375], "texture": "#0"},
				"west": {"uv": [0.25, 4.4375, 1.25, 4.6875], "texture": "#0"},
				"up": {"uv": [0.25, 4.6875, 0.5, 5.6875], "texture": "#0"},
				"down": {"uv": [0.25, 5.6875, 0.5, 4.6875], "texture": "#0"}
			}
		},
		{
			"from": [7.5, 24.4, 4.5],
			"to": [8.5, 25.4, 5.5],
			"rotation": {"angle": 0, "axis": "y", "origin": [0, -8, 0]},
			"faces": {
				"north": {"uv": [1.0625, 4.1875, 1.1875, 4.3125], "texture": "#0"},
				"east": {"uv": [1.0625, 4.1875, 1.1875, 4.3125], "texture": "#0"},
				"south": {"uv": [1.0625, 4.1875, 1.1875, 4.3125], "texture": "#0"},
				"west": {"uv": [1.0625, 4.1875, 1.1875, 4.3125], "texture": "#0"},
				"up": {"uv": [1.0625, 4.1875, 1.1875, 4.3125], "texture": "#0"},
				"down": {"uv": [1.0625, 4.1875, 1.1875, 4.3125], "texture": "#0"}
			}
		},
		{
			"from": [7, 9, 5.5],
			"to": [9, 11, 11.5],
			"rotation": {"angle": 0, "axis": "y", "origin": [0, -8, 16]},
			"faces": {
				"north": {"uv": [2.1875, 5.5625, 1.9375, 5.8125], "texture": "#0"},
				"east": {"uv": [0.8125, 6.5625, 1.5625, 6.8125], "texture": "#0"},
				"south": {"uv": [2.1875, 5.5625, 1.9375, 5.8125], "texture": "#0"},
				"west": {"uv": [1.5625, 6.5625, 0.8125, 6.8125], "texture": "#0"},
				"up": {"uv": [1.9375, 6.5625, 2.1875, 5.8125], "texture": "#0"},
				"down": {"uv": [1.9375, 6.5625, 2.1875, 5.8125], "texture": "#0"}
			}
		},
		{
			"from": [7.3, 0.8, 7.9],
			"to": [7.8, 1.3, 12.9],
			"rotation": {"angle": 0, "axis": "y", "origin": [7.55, 3.8, 12.65]},
			"faces": {
				"north": {"uv": [0.625, 3.1875, 0.6875, 3.25], "texture": "#0"},
				"east": {"uv": [1.625, 5.8125, 1.5625, 5.1875], "rotation": 270, "texture": "#0"},
				"south": {"uv": [0.625, 3.1875, 0.6875, 3.25], "rotation": 180, "texture": "#0"},
				"west": {"uv": [1.625, 5.8125, 1.5625, 5.1875], "rotation": 90, "texture": "#0"},
				"up": {"uv": [1.625, 5.8125, 1.5625, 5.1875], "rotation": 180, "texture": "#0"},
				"down": {"uv": [1.625, 5.8125, 1.5625, 5.1875], "texture": "#0"}
			}
		},
		{
			"from": [8.2, 0.8, 7.9],
			"to": [8.7, 1.3, 12.9],
			"rotation": {"angle": 0, "axis": "y", "origin": [8.45, 3.8, 12.65]},
			"faces": {
				"north": {"uv": [0.6875, 3.1875, 0.625, 3.25], "texture": "#0"},
				"east": {"uv": [1.625, 5.1875, 1.5625, 5.8125], "rotation": 90, "texture": "#0"},
				"south": {"uv": [0.6875, 3.1875, 0.625, 3.25], "rotation": 180, "texture": "#0"},
				"west": {"uv": [1.625, 5.1875, 1.5625, 5.8125], "rotation": 270, "texture": "#0"},
				"up": {"uv": [1.5625, 5.8125, 1.625, 5.1875], "rotation": 180, "texture": "#0"},
				"down": {"uv": [1.5625, 5.8125, 1.625, 5.1875], "texture": "#0"}
			}
		},
		{
			"from": [7.3, 1.3, 12.4],
			"to": [7.8, 6.3, 12.9],
			"rotation": {"angle": 0, "axis": "y", "origin": [16, -7.7, 16]},
			"faces": {
				"north": {"uv": [1.5625, 5.1875, 1.625, 5.8125], "texture": "#0"},
				"east": {"uv": [1.5625, 5.1875, 1.625, 5.8125], "texture": "#0"},
				"south": {"uv": [1.5625, 5.1875, 1.625, 5.8125], "texture": "#0"},
				"west": {"uv": [1.5625, 5.1875, 1.625, 5.8125], "texture": "#0"},
				"up": {"uv": [0.6875, 3.25, 0.625, 3.1875], "texture": "#0"},
				"down": {"uv": [0.6875, 3.25, 0.625, 3.1875], "texture": "#0"}
			}
		},
		{
			"from": [7.75, 19.3, 5.6],
			"to": [8.25, 24.3, 6.1],
			"rotation": {"angle": 0, "axis": "y", "origin": [16, -7.7, 16]},
			"faces": {
				"north": {"uv": [1.5625, 5.1875, 1.625, 5.8125], "texture": "#0"},
				"east": {"uv": [1.5625, 5.1875, 1.625, 5.8125], "texture": "#0"},
				"south": {"uv": [1.5625, 5.1875, 1.625, 5.8125], "texture": "#0"},
				"west": {"uv": [1.5625, 5.1875, 1.625, 5.8125], "texture": "#0"},
				"up": {"uv": [0.6875, 3.25, 0.625, 3.1875], "texture": "#0"},
				"down": {"uv": [0.6875, 3.25, 0.625, 3.1875], "texture": "#0"}
			}
		},
		{
			"from": [8.2, 1.3, 12.4],
			"to": [8.7, 6.3, 12.9],
			"rotation": {"angle": 0, "axis": "y", "origin": [0, -7.7, 16]},
			"faces": {
				"north": {"uv": [1.625, 5.1875, 1.5625, 5.8125], "texture": "#0"},
				"east": {"uv": [1.625, 5.1875, 1.5625, 5.8125], "texture": "#0"},
				"south": {"uv": [1.625, 5.1875, 1.5625, 5.8125], "texture": "#0"},
				"west": {"uv": [1.625, 5.1875, 1.5625, 5.8125], "texture": "#0"},
				"up": {"uv": [0.625, 3.25, 0.6875, 3.1875], "texture": "#0"},
				"down": {"uv": [0.625, 3.25, 0.6875, 3.1875], "texture": "#0"}
			}
		},
		{
			"from": [8.2, 4.3, 23.2],
			"to": [8.7, 11.3, 23.7],
			"rotation": {"angle": -45, "axis": "x", "origin": [0, -7.7, 16]},
			"faces": {
				"north": {"uv": [1.625, 5.1875, 1.5625, 6.0625], "texture": "#0"},
				"east": {"uv": [1.625, 5.1875, 1.5625, 6.0625], "texture": "#0"},
				"south": {"uv": [1.625, 5.1875, 1.5625, 6.0625], "texture": "#0"},
				"west": {"uv": [1.625, 5.1875, 1.5625, 6.0625], "texture": "#0"},
				"up": {"uv": [0.625, 3.25, 0.6875, 3.1875], "texture": "#0"},
				"down": {"uv": [0.625, 3.25, 0.6875, 3.1875], "texture": "#0"}
			}
		},
		{
			"from": [7.3, 4.3, 23.2],
			"to": [7.8, 11.3, 23.7],
			"rotation": {"angle": -45, "axis": "x", "origin": [16, -7.7, 16]},
			"faces": {
				"north": {"uv": [1.5625, 5.1875, 1.625, 6.0625], "texture": "#0"},
				"east": {"uv": [1.5625, 5.1875, 1.625, 6.0625], "texture": "#0"},
				"south": {"uv": [1.5625, 5.1875, 1.625, 6.0625], "texture": "#0"},
				"west": {"uv": [1.5625, 5.1875, 1.625, 6.0625], "texture": "#0"},
				"up": {"uv": [0.6875, 3.25, 0.625, 3.1875], "texture": "#0"},
				"down": {"uv": [0.6875, 3.25, 0.625, 3.1875], "texture": "#0"}
			}
		},
		{
			"from": [7, 18, 5.5],
			"to": [9, 20, 11.5],
			"rotation": {"angle": 0, "axis": "y", "origin": [0, -8, 16]},
			"faces": {
				"north": {"uv": [2.1875, 5.5625, 1.9375, 5.8125], "texture": "#0"},
				"east": {"uv": [0.8125, 6.5625, 1.5625, 6.8125], "texture": "#0"},
				"south": {"uv": [2.1875, 5.5625, 1.9375, 5.8125], "texture": "#0"},
				"west": {"uv": [1.5625, 6.5625, 0.8125, 6.8125], "texture": "#0"},
				"up": {"uv": [1.9375, 6.5625, 2.1875, 5.8125], "texture": "#0"},
				"down": {"uv": [1.9375, 6.5625, 2.1875, 5.8125], "texture": "#0"}
			}
		},
		{
			"from": [7.3, 11, 9.3],
			"to": [7.8, 19, 9.8],
			"rotation": {"angle": 0, "axis": "y", "origin": [16, -8, 0]},
			"faces": {
				"north": {"uv": [1.625, 5.1875, 1.5625, 6.1875], "texture": "#0"},
				"east": {"uv": [1.625, 5.1875, 1.5625, 6.1875], "texture": "#0"},
				"south": {"uv": [1.625, 5.1875, 1.5625, 6.1875], "texture": "#0"},
				"west": {"uv": [1.625, 5.1875, 1.5625, 6.1875], "texture": "#0"},
				"up": {"uv": [0.6875, 3.1875, 0.625, 3.25], "texture": "#0"},
				"down": {"uv": [0.6875, 3.1875, 0.625, 3.25], "texture": "#0"}
			}
		},
		{
			"from": [8.2, 11, 9.3],
			"to": [8.7, 19, 9.8],
			"rotation": {"angle": 0, "axis": "y", "origin": [0, -8, 0]},
			"faces": {
				"north": {"uv": [1.5625, 5.1875, 1.625, 6.1875], "texture": "#0"},
				"east": {"uv": [1.5625, 5.1875, 1.625, 6.1875], "texture": "#0"},
				"south": {"uv": [1.5625, 5.1875, 1.625, 6.1875], "texture": "#0"},
				"west": {"uv": [1.5625, 5.1875, 1.625, 6.1875], "texture": "#0"},
				"up": {"uv": [0.625, 3.1875, 0.6875, 3.25], "texture": "#0"},
				"down": {"uv": [0.625, 3.1875, 0.6875, 3.25], "texture": "#0"}
			}
		},
		{
			"from": [8, -12, 7],
			"to": [8, -9, 9],
			"rotation": {"angle": 0, "axis": "y", "origin": [0, -8, 0]},
			"faces": {
				"north": {"uv": [0, 4.4375, 0.1875, 5.8125], "texture": "#0"},
				"east": {"uv": [1.3125, 6.125, 1.0625, 6.5], "texture": "#0"},
				"south": {"uv": [0, 4.4375, 0.1875, 5.8125], "texture": "#0"},
				"west": {"uv": [1.0625, 6.125, 1.3125, 6.5], "texture": "#0"},
				"up": {"uv": [0.625, 3.1875, 0.8125, 3.4375], "texture": "#0"},
				"down": {"uv": [0.625, 3.1875, 0.8125, 3.4375], "texture": "#0"}
			}
		},
		{
			"from": [8, 27.5, 7],
			"to": [8, 30.5, 9],
			"rotation": {"angle": 0, "axis": "y", "origin": [0, 24, 0]},
			"faces": {
				"north": {"uv": [0, 5.8125, 0.1875, 4.4375], "texture": "#0"},
				"east": {"uv": [1.3125, 6.5, 1.0625, 6.125], "texture": "#0"},
				"south": {"uv": [0, 5.8125, 0.1875, 4.4375], "texture": "#0"},
				"west": {"uv": [1.0625, 6.5, 1.3125, 6.125], "texture": "#0"},
				"up": {"uv": [0.625, 3.4375, 0.8125, 3.1875], "texture": "#0"},
				"down": {"uv": [0.625, 3.4375, 0.8125, 3.1875], "texture": "#0"}
			}
		},
		{
			"from": [7.25, 3, 7],
			"to": [8.75, 20, 9],
			"rotation": {"angle": 0, "axis": "y", "origin": [0, -8, 0]},
			"faces": {
				"north": {"uv": [2.625, 4.375, 2.8125, 6.5], "texture": "#0"},
				"east": {"uv": [2.4375, 4.375, 2.1875, 6.5], "texture": "#0"},
				"south": {"uv": [2.4375, 4.375, 2.625, 6.5], "texture": "#0"},
				"west": {"uv": [2.1875, 4.375, 2.4375, 6.5], "texture": "#0"},
				"up": {"uv": [1.3125, 3.625, 1.5, 3.875], "texture": "#0"},
				"down": {"uv": [1.3125, 3.625, 1.5, 3.875], "texture": "#0"}
			}
		},
		{
			"from": [6.5, 16.5, 6.5],
			"to": [7.5, 21, 9.5],
			"rotation": {"angle": 0, "axis": "y", "origin": [0, -8, 0]},
			"faces": {
				"north": {"uv": [0.5, 0, 0.625, 0.5625], "texture": "#0"},
				"east": {"uv": [0.375, 0, 0, 0.5625], "texture": "#0"},
				"south": {"uv": [0.375, 0, 0.5, 0.5625], "texture": "#0"},
				"west": {"uv": [0, 0, 0.375, 0.5625], "texture": "#0"},
				"up": {"uv": [0.375, 0.1875, 0.5, 0.5625], "texture": "#0"},
				"down": {"uv": [0.375, 0.5625, 0.5, 0.1875], "texture": "#0"}
			}
		},
		{
			"from": [7.5, 16.5, 6.5],
			"to": [8.5, 21, 9.5],
			"rotation": {"angle": 0, "axis": "y", "origin": [0, -8, 0]},
			"faces": {
				"north": {"uv": [0.5, 0, 0.625, 0.5625], "texture": "#0"},
				"east": {"uv": [0.375, 0, 0, 0.5625], "texture": "#0"},
				"south": {"uv": [0.375, 0, 0.5, 0.5625], "texture": "#0"},
				"west": {"uv": [0, 0, 0.375, 0.5625], "texture": "#0"},
				"up": {"uv": [0.375, 0.1875, 0.5, 0.5625], "texture": "#0"},
				"down": {"uv": [0.375, 0.5625, 0.5, 0.1875], "texture": "#0"}
			}
		},
		{
			"from": [8.5, 16.5, 6.5],
			"to": [9.5, 21, 9.5],
			"rotation": {"angle": 0, "axis": "y", "origin": [16, -8, 0]},
			"faces": {
				"north": {"uv": [0.625, 0, 0.5, 0.5625], "texture": "#0"},
				"east": {"uv": [0.375, 0, 0, 0.5625], "texture": "#0"},
				"south": {"uv": [0.5, 0, 0.375, 0.5625], "texture": "#0"},
				"west": {"uv": [0, 0, 0.375, 0.5625], "texture": "#0"},
				"up": {"uv": [0.5, 0.1875, 0.375, 0.5625], "texture": "#0"},
				"down": {"uv": [0.5, 0.5625, 0.375, 0.1875], "texture": "#0"}
			}
		}
	],
	"gui_light": "front",
	"display": {
		"thirdperson_righthand": {
			"translation": [0, 5.75, 1.5],
			"scale": [0.6, 0.6, 0.6]
		},
		"thirdperson_lefthand": {
			"translation": [0, 5.75, 1.5],
			"scale": [0.6, 0.6, 0.6]
		},
		"firstperson_righthand": {
			"rotation": [4, 0, 0],
			"translation": [1.5, 4.75, 2.25],
			"scale": [0.27735, 0.27735, 0.27735]
		},
		"firstperson_lefthand": {
			"rotation": [4, 0, 0],
			"translation": [1.5, 4.75, 2.25],
			"scale": [0.27735, 0.27735, 0.27735]
		},
		"ground": {
			"rotation": [-45, 0, 0],
			"translation": [0, 9, 0],
			"scale": [0.5, 0.5, 0.5]
		},
		"gui": {
			"rotation": [-90, -45, -90],
			"translation": [-2, -0.5, 0],
			"scale": [0.38438, 0.38438, 0.38438]
		},
		"head": {
			"scale": [0, 0, 0]
		},
		"fixed": {
			"rotation": [0, -90, 0],
			"translation": [0.25, 5, -2.75],
			"scale": [1.3, 1.3, 1.3]
		}
	}
}