{"textures":{"0":"modelengine:entity/lostasset_mob5_crystalrock"},"elements":[{"from":[2.6,7.6,2.6],"to":[12.200001,17.2,12.200001],"faces":{"east":{"uv":[2.5,5.0,5.0,7.5],"tintindex":-2,"rotation":0,"texture":"#0"},"south":{"uv":[5.0,5.0,7.5,7.5],"tintindex":-2,"rotation":0,"texture":"#0"},"north":{"uv":[0.0,5.0,2.5,7.5],"tintindex":-2,"rotation":0,"texture":"#0"},"west":{"uv":[5.5,0.0,8.0,2.5],"tintindex":-2,"rotation":0,"texture":"#0"},"up":{"uv":[8.0,5.0,5.5,2.5],"tintindex":-2,"rotation":0,"texture":"#0"},"down":{"uv":[2.5,7.5,0.0,10.0],"tintindex":-2,"rotation":0,"texture":"#0"}}},{"from":[3.4,17.2,7.4],"to":[7.4,23.6,11.4],"faces":{"east":{"uv":[10.25,5.25,11.25,6.75],"tintindex":-2,"rotation":0,"texture":"#0"},"south":{"uv":[10.25,5.25,11.25,6.75],"tintindex":-2,"rotation":0,"texture":"#0"},"north":{"uv":[10.25,5.25,11.25,6.75],"tintindex":-2,"rotation":0,"texture":"#0"},"west":{"uv":[10.25,5.25,11.25,6.75],"tintindex":-2,"rotation":0,"texture":"#0"},"up":{"uv":[4.0,12.0,3.0,11.0],"tintindex":-2,"rotation":0,"texture":"#0"},"down":{"uv":[12.0,6.75,11.0,7.75],"tintindex":-2,"rotation":0,"texture":"#0"}}},{"from":[5.8,15.6,0.20000029],"to":[9.0,20.4,3.4],"faces":{"east":{"uv":[11.25,3.75,12.0,5.0],"tintindex":-2,"rotation":0,"texture":"#0"},"south":{"uv":[11.25,5.0,12.0,6.25],"tintindex":-2,"rotation":0,"texture":"#0"},"north":{"uv":[9.5,3.75,10.25,5.0],"tintindex":-2,"rotation":0,"texture":"#0"},"west":{"uv":[8.0,11.25,8.75,12.5],"tintindex":-2,"rotation":0,"texture":"#0"},"up":{"uv":[11.0,7.5,10.25,6.75],"tintindex":-2,"rotation":0,"texture":"#0"},"down":{"uv":[0.75,11.5,0.0,12.25],"tintindex":-2,"rotation":0,"texture":"#0"}},"rotation":{"origin":[-2.2000008,14.0,-1.4000006],"angle":22.5,"axis":"x"}},{"from":[5.0,15.6,5.0],"to":[10.6,24.4,10.6],"faces":{"east":{"uv":[8.0,0.0,9.5,2.25],"tintindex":-2,"rotation":0,"texture":"#0"},"south":{"uv":[8.0,0.0,9.5,2.25],"tintindex":-2,"rotation":0,"texture":"#0"},"north":{"uv":[8.0,0.0,9.5,2.25],"tintindex":-2,"rotation":0,"texture":"#0"},"west":{"uv":[8.0,0.0,9.5,2.25],"tintindex":-2,"rotation":0,"texture":"#0"},"up":{"uv":[8.0,10.25,6.5,8.75],"tintindex":-2,"rotation":0,"texture":"#0"},"down":{"uv":[11.0,7.5,9.5,9.0],"tintindex":-2,"rotation":0,"texture":"#0"}},"rotation":{"origin":[7.8,20.0,7.8],"angle":22.5,"axis":"x"}},{"from":[9.0,14.0,7.4],"to":[13.0,20.4,11.4],"faces":{"east":{"uv":[10.25,5.25,11.25,6.75],"tintindex":-2,"rotation":0,"texture":"#0"},"south":{"uv":[10.25,5.25,11.25,6.75],"tintindex":-2,"rotation":0,"texture":"#0"},"north":{"uv":[10.25,5.25,11.25,6.75],"tintindex":-2,"rotation":0,"texture":"#0"},"west":{"uv":[10.25,5.25,11.25,6.75],"tintindex":-2,"rotation":0,"texture":"#0"},"up":{"uv":[4.0,12.0,3.0,11.0],"tintindex":-2,"rotation":0,"texture":"#0"},"down":{"uv":[12.0,6.75,11.0,7.75],"tintindex":-2,"rotation":0,"texture":"#0"}},"rotation":{"origin":[11.0,17.2,9.4],"angle":-22.5,"axis":"z"}},{"from":[1.0,14.0,5.8],"to":[5.0,20.4,9.8],"faces":{"east":{"uv":[10.25,5.25,11.25,6.75],"tintindex":-2,"rotation":0,"texture":"#0"},"south":{"uv":[10.25,5.25,11.25,6.75],"tintindex":-2,"rotation":0,"texture":"#0"},"north":{"uv":[10.25,5.25,11.25,6.75],"tintindex":-2,"rotation":0,"texture":"#0"},"west":{"uv":[10.25,5.25,11.25,6.75],"tintindex":-2,"rotation":0,"texture":"#0"},"up":{"uv":[4.0,12.0,3.0,11.0],"tintindex":-2,"rotation":0,"texture":"#0"},"down":{"uv":[12.0,6.75,11.0,7.75],"tintindex":-2,"rotation":0,"texture":"#0"}},"rotation":{"origin":[3.0,17.2,7.8],"angle":22.5,"axis":"z"}}],"display":{"gui":{"rotation":[30,225,0]}}}