{"textures":{"0":"modelengine:entity/lostasset_mob5_crystalrock"},"elements":[{"from":[6.6,4.4,6.6],"to":[9.0,7.6,9.0],"faces":{"east":{"uv":[4.5,11.5,5.0,12.25],"tintindex":-2,"rotation":0,"texture":"#0"},"south":{"uv":[5.0,11.5,5.5,12.25],"tintindex":-2,"rotation":0,"texture":"#0"},"north":{"uv":[4.0,11.5,4.5,12.25],"tintindex":-2,"rotation":0,"texture":"#0"},"west":{"uv":[5.5,11.5,6.0,12.25],"tintindex":-2,"rotation":0,"texture":"#0"},"up":{"uv":[9.5,5.0,9.0,4.5],"tintindex":-2,"rotation":0,"texture":"#0"},"down":{"uv":[11.75,6.25,11.25,6.75],"tintindex":-2,"rotation":0,"texture":"#0"}}}],"display":{"gui":{"rotation":[30,225,0]}}}