{"parent":"item/handheld_rod","textures":{"layer0":"item/fishing_rod"},"overrides":[{"predicate":{"cast":1},"model":"item/fishing_rod_cast"},{"predicate":{"cast":1},"model":"item/fishing_rod_cast"},{"predicate":{"custom_model_data":10001},"model":"sweetheartset:fishing_rod"},{"predicate":{"cast":1,"custom_model_data":10001},"model":"sweetheartset:fishing_rod_cast"},{"predicate":{"custom_model_data":10002},"model":"summerset:fishing_rod"},{"predicate":{"cast":1,"custom_model_data":10002},"model":"summerset:fishing_rod_cast"},{"predicate":{"custom_model_data":10003},"model":"elitecreatures:zombie_apocalyptic_animated_weapon_set/fishing_rod"},{"predicate":{"cast":1,"custom_model_data":10003},"model":"elitecreatures:zombie_apocalyptic_animated_weapon_set/fishing_rod_cast"},{"predicate":{"custom_model_data":10004},"model":"elitecreatures:headlesshorseman_animated_weapon_set/fishing_rod"},{"predicate":{"cast":1,"custom_model_data":10004},"model":"elitecreatures:headlesshorseman_animated_weapon_set/fishing_rod_cast"},{"predicate":{"custom_model_data":10005},"model":"thunderboltset:fishing_rod"},{"predicate":{"cast":1,"custom_model_data":10005},"model":"thunderboltset:fishing_rod_cast"},{"predicate":{"custom_model_data":10006},"model":"elitecreatures:berserker_animated_weapon_set/fishing_rod"},{"predicate":{"cast":1,"custom_model_data":10006},"model":"elitecreatures:berserker_animated_weapon_set/fishing_rod_cast"},{"predicate":{"custom_model_data":10007},"model":"elitecreatures:thanks_giving_2023_v2/fishing_rod"},{"predicate":{"cast":1,"custom_model_data":10007},"model":"elitecreatures:thanks_giving_2023_v2/fishing_rod_cast"},{"predicate":{"custom_model_data":10008},"model":"elitecreatures:christmas_holiday_2023/fishing_rod"},{"predicate":{"cast":1,"custom_model_data":10008},"model":"elitecreatures:christmas_holiday_2023/fishing_rod_cast"},{"predicate":{"custom_model_data":10009},"model":"elitecreatures:christmas_eve_2023/fishing_rod"},{"predicate":{"cast":1,"custom_model_data":10009},"model":"elitecreatures:christmas_eve_2023/fishing_rod_cast"},{"predicate":{"custom_model_data":10010},"model":"elitecreatures:christmas_2023_animated/fishing_rod"},{"predicate":{"cast":1,"custom_model_data":10010},"model":"elitecreatures:christmas_2023_animated/fishing_rod_cast"},{"predicate":{"custom_model_data":10011},"model":"cosmo_pack:fishing_rod"},{"predicate":{"cast":1,"custom_model_data":10011},"model":"cosmo_pack:fishing_rod_cast"},{"predicate":{"custom_model_data":10012},"model":"radiance_collection:fishing_rod"},{"predicate":{"cast":1,"custom_model_data":10012},"model":"radiance_collection:fishing_rod_cast"},{"predicate":{"custom_model_data":10013},"model":"fishing_pack:rods/copper_fishing_rod"},{"predicate":{"cast":1,"custom_model_data":10013},"model":"fishing_pack:rods/copper_fishing_rod_cast"},{"predicate":{"custom_model_data":10014},"model":"fishing_pack:rods/amethyst_fishing_rod"},{"predicate":{"cast":1,"custom_model_data":10014},"model":"fishing_pack:rods/amethyst_fishing_rod_cast"},{"predicate":{"custom_model_data":10015},"model":"fishing_pack:rods/coral_fishing_rod"},{"predicate":{"cast":1,"custom_model_data":10015},"model":"fishing_pack:rods/coral_fishing_rod_cast"},{"predicate":{"custom_model_data":10016},"model":"fishing_pack:rods/diamond_fishing_rod"},{"predicate":{"cast":1,"custom_model_data":10016},"model":"fishing_pack:rods/diamond_fishing_rod_cast"},{"predicate":{"custom_model_data":10017},"model":"fishing_pack:rods/end_fishing_rod"},{"predicate":{"cast":1,"custom_model_data":10017},"model":"fishing_pack:rods/end_fishing_rod_cast"},{"predicate":{"custom_model_data":10018},"model":"fishing_pack:rods/gemstone_fishing_rod"},{"predicate":{"cast":1,"custom_model_data":10018},"model":"fishing_pack:rods/gemstone_fishing_rod_cast"},{"predicate":{"custom_model_data":10019},"model":"fishing_pack:rods/golden_fishing_rod"},{"predicate":{"cast":1,"custom_model_data":10019},"model":"fishing_pack:rods/golden_fishing_rod_cast"},{"predicate":{"custom_model_data":10020},"model":"fishing_pack:rods/ice_fishing_rod"},{"predicate":{"cast":1,"custom_model_data":10020},"model":"fishing_pack:rods/ice_fishing_rod_cast"},{"predicate":{"custom_model_data":10021},"model":"fishing_pack:rods/iron_fishing_rod"},{"predicate":{"cast":1,"custom_model_data":10021},"model":"fishing_pack:rods/iron_fishing_rod_cast"},{"predicate":{"custom_model_data":10022},"model":"fishing_pack:rods/magma_fishing_rod"},{"predicate":{"cast":1,"custom_model_data":10022},"model":"fishing_pack:rods/magma_fishing_rod_cast"},{"predicate":{"custom_model_data":10023},"model":"fishing_pack:rods/molten_fishing_rod"},{"predicate":{"cast":1,"custom_model_data":10023},"model":"fishing_pack:rods/molten_fishing_rod_cast"},{"predicate":{"custom_model_data":10024},"model":"fishing_pack:rods/nether_fishing_rod"},{"predicate":{"cast":1,"custom_model_data":10024},"model":"fishing_pack:rods/nether_fishing_rod_cast"},{"predicate":{"custom_model_data":10025},"model":"fishing_pack:rods/netherite_fishing_rod"},{"predicate":{"cast":1,"custom_model_data":10025},"model":"fishing_pack:rods/netherite_fishing_rod_cast"},{"predicate":{"custom_model_data":10026},"model":"fishing_pack:rods/prismarine_fishing_rod"},{"predicate":{"cast":1,"custom_model_data":10026},"model":"fishing_pack:rods/prismarine_fishing_rod_cast"},{"predicate":{"custom_model_data":10027},"model":"fishing_pack:rods/sculk_fishing_rod"},{"predicate":{"cast":1,"custom_model_data":10027},"model":"fishing_pack:rods/sculk_fishing_rod_cast"},{"predicate":{"custom_model_data":10028},"model":"fishing_pack:rods/slime_fishing_rod"},{"predicate":{"cast":1,"custom_model_data":10028},"model":"fishing_pack:rods/slime_fishing_rod_cast"},{"predicate":{"custom_model_data":10029},"model":"saintpatricksset2024:fishing_rod"},{"predicate":{"cast":1,"custom_model_data":10029},"model":"saintpatricksset2024:fishing_rod_cast"},{"predicate":{"custom_model_data":10030},"model":"elitecreatures:easterbunny_animated_weapon_set_v2/fishing_rod"},{"predicate":{"cast":1,"custom_model_data":10030},"model":"elitecreatures:easterbunny_animated_weapon_set_v2/fishing_rod_cast"},{"predicate":{"custom_model_data":10031},"model":"littlesharkset:fishing_rod"},{"predicate":{"cast":1,"custom_model_data":10031},"model":"littlesharkset:fishing_rod_cast"},{"predicate":{"custom_model_data":10032},"model":"demon_edgeset:fishing_rod"},{"predicate":{"cast":1,"custom_model_data":10032},"model":"demon_edgeset:fishing_rod_cast"},{"predicate":{"custom_model_data":10033},"model":"leviathanset:fishing_rod"},{"predicate":{"cast":1,"custom_model_data":10033},"model":"leviathanset:fishing_rod_cast"},{"predicate":{"custom_model_data":10034},"model":"furnace_gearworks:fishing_rod"},{"predicate":{"cast":1,"custom_model_data":10034},"model":"furnace_gearworks:fishing_rod_cast"},{"predicate":{"custom_model_data":10035},"model":"ender_dragonset:fishing_rod"},{"predicate":{"cast":1,"custom_model_data":10035},"model":"ender_dragonset:fishing_rod_cast"},{"predicate":{"custom_model_data":10036},"model":"void_dragon_set:void_dragon_set/fishing_rod"},{"predicate":{"cast":1,"custom_model_data":10036},"model":"void_dragon_set:void_dragon_set/fishing_rod_cast"},{"predicate":{"custom_model_data":10037},"model":"spartan_set:fishing_rod"},{"predicate":{"cast":1,"custom_model_data":10037},"model":"spartan_set:fishing_rod_cast"},{"predicate":{"custom_model_data":10038},"model":"elitecreatures:scarecrow_animated_weapon_set/fishing_rod"},{"predicate":{"cast":1,"custom_model_data":10038},"model":"elitecreatures:scarecrow_animated_weapon_set/fishing_rod_cast"},{"predicate":{"custom_model_data":2000001},"model":"custom/elitecreatures/cursed_weapons/fishing_rod_cursed"},{"predicate":{"custom_model_data":2000001,"cast":1},"model":"custom/elitecreatures/cursed_weapons/fishing_rod_cursed_cast"},{"predicate":{"custom_model_data":2000002},"model":"item/fishing_rod"}]}