{"parent":"minecraft:item/generated","textures":{"layer0":"minecraft:item/kelp"},"overrides":[{"predicate":{"custom_model_data":10000},"model":"elitecreatures:thanks_giving_2023_v2/helmet"},{"predicate":{"custom_model_data":10001},"model":"elitecreatures:thanks_giving_2023_v2/key"},{"predicate":{"custom_model_data":10002},"model":"elitecreatures:christmas_holiday_2023/hat"},{"predicate":{"custom_model_data":10003},"model":"elitecreatures:christmas_eve_2023/cape"},{"predicate":{"custom_model_data":10004},"model":"elitecreatures:christmas_eve_2023/hat"},{"predicate":{"custom_model_data":10005},"model":"elitecreatures:christmas_eve_2023/key"},{"predicate":{"custom_model_data":10006},"model":"elitecreatures:christmas_2023_animated/hat"},{"predicate":{"custom_model_data":10007},"model":"elitecreatures:christmas_2023_animated/key"},{"predicate":{"custom_model_data":10008},"model":"elitecreatures:christmas_2023_animated/wings"},{"predicate":{"custom_model_data":10009},"model":"item/kelp"}]}