{"parent":"minecraft:block/sea_lantern","overrides":[{"predicate":{"custom_model_data":10000},"model":"sweetheartset:chest"},{"predicate":{"custom_model_data":10001},"model":"sweetheartset:chest_opening"},{"predicate":{"custom_model_data":10002},"model":"summerset:chest"},{"predicate":{"custom_model_data":10003},"model":"thunderboltset:chest"},{"predicate":{"custom_model_data":10004},"model":"thunderboltset:chest_opening"},{"predicate":{"custom_model_data":10005},"model":"cosmo_pack:chest"},{"predicate":{"custom_model_data":10006},"model":"radiance_collection:chest"},{"predicate":{"custom_model_data":10007},"model":"saintpatricksset2024:chest"},{"predicate":{"custom_model_data":10008},"model":"littlesharkset:chest"},{"predicate":{"custom_model_data":10009},"model":"littlesharkset:chest_opening"},{"predicate":{"custom_model_data":10010},"model":"demon_edgeset:chest"},{"predicate":{"custom_model_data":10011},"model":"leviathanset:chest"},{"predicate":{"custom_model_data":10012},"model":"furnace_gearworks:chest"},{"predicate":{"custom_model_data":10013},"model":"item/sea_lantern"}]}