{"parent":"minecraft:item/generated","textures":{"layer0":"minecraft:item/sugar"},"overrides":[{"predicate":{"custom_model_data":10000},"model":"crates_expansion:ia_auto_gen/common_key"},{"predicate":{"custom_model_data":10001},"model":"crates_expansion:ia_auto_gen/rare_key"},{"predicate":{"custom_model_data":10002},"model":"crates_expansion:ia_auto_gen/legendary_key"},{"predicate":{"custom_model_data":10003},"model":"crates_expansion:ia_auto_gen/cosmetic_key"},{"predicate":{"custom_model_data":10004},"model":"crates_expansion:ia_auto_gen/furniture_key"},{"predicate":{"custom_model_data":10005},"model":"crates_expansion:ia_auto_gen/pet_key"},{"predicate":{"custom_model_data":10006},"model":"item/sugar"}]}