{"credit":"Made with Blockbench","texture_size":[32,32],"textures":{"1":"saintpatricksset2024:animations/animation_1","4":"saintpatricksset2024:shield"},"elements":[{"from":[7.5,13.2379,4.7],"to":[8.5,14.2379,5.7],"rotation":{"angle":-45,"axis":"z","origin":[8,13.7379,5.2]},"faces":{"north":{"uv":[13,0,13.5,0.5],"texture":"#4"},"east":{"uv":[4.5,11.5,5,12],"texture":"#4"},"west":{"uv":[0,13,0.5,13.5],"texture":"#4"},"up":{"uv":[1,13.5,0.5,13],"rotation":90,"texture":"#4"},"down":{"uv":[13.5,0.5,13,1],"rotation":270,"texture":"#4"}}},{"from":[6.92202,13.81588,4.95],"to":[7.92202,14.81588,5.45],"rotation":{"angle":-45,"axis":"z","origin":[8,13.7379,5.2]},"faces":{"north":{"uv":[13,1,13.5,1.5],"texture":"#4"},"east":{"uv":[0,13.5,0.25,14],"texture":"#4"},"south":{"uv":[1,13,1.5,13.5],"texture":"#4"},"down":{"uv":[13.75,0,13.5,0.5],"rotation":270,"texture":"#4"}}},{"from":[5.77557,13.46233,4.95],"to":[6.77557,14.46233,5.45],"rotation":{"angle":-45,"axis":"z","origin":[8.35355,13.38435,5.2]},"faces":{"north":{"uv":[13,1.5,13.5,2],"texture":"#4"},"south":{"uv":[1.5,13,2,13.5],"texture":"#4"},"west":{"uv":[0.5,13.5,0.75,14],"texture":"#4"},"up":{"uv":[13.75,1,13.5,0.5],"rotation":90,"texture":"#4"},"down":{"uv":[1.25,13.5,1,14],"rotation":270,"texture":"#4"}}},{"from":[6.56847,14.96233,4.95],"to":[7.56847,15.96233,5.45],"rotation":{"angle":-45,"axis":"z","origin":[7.64645,13.38435,5.2]},"faces":{"north":{"uv":[13,2,13.5,2.5],"texture":"#4"},"east":{"uv":[13.5,1,13.75,1.5],"texture":"#4"},"south":{"uv":[2,13,2.5,13.5],"texture":"#4"},"west":{"uv":[1.5,13.5,1.75,14],"texture":"#4"},"up":{"uv":[13.75,2,13.5,1.5],"rotation":90,"texture":"#4"}}},{"from":[8.26004,11.89212,4.95],"to":[9.26004,12.89212,5.45],"rotation":{"angle":22.5,"axis":"z","origin":[9.01004,13.14212,5.2]},"faces":{"north":{"uv":[13,2.5,13.5,3],"texture":"#4"},"east":{"uv":[2,13.5,2.25,14],"texture":"#4"},"south":{"uv":[2.5,13,3,13.5],"texture":"#4"},"west":{"uv":[13.5,2,13.75,2.5],"texture":"#4"},"down":{"uv":[2.75,13.5,2.5,14],"rotation":270,"texture":"#4"}}},{"from":[8.26004,12.89212,4.95],"to":[9.26004,13.89212,5.45],"rotation":{"angle":22.5,"axis":"z","origin":[9.01004,13.14212,5.2]},"faces":{"north":{"uv":[13,3,13.5,3.5],"texture":"#4"},"south":{"uv":[3,13,3.5,13.5],"texture":"#4"},"west":{"uv":[13.5,2.5,13.75,3],"texture":"#4"},"up":{"uv":[3.25,14,3,13.5],"rotation":90,"texture":"#4"}}},{"from":[9.26005,12.89212,4.95],"to":[10.26005,13.89212,5.45],"rotation":{"angle":22.5,"axis":"z","origin":[9.01004,13.14212,5.2]},"faces":{"north":{"uv":[13,4,13.5,4.5],"texture":"#4"},"east":{"uv":[13.5,3,13.75,3.5],"texture":"#4"},"south":{"uv":[13,3.5,13.5,4],"texture":"#4"},"up":{"uv":[3.75,14,3.5,13.5],"rotation":90,"texture":"#4"},"down":{"uv":[13.75,3.5,13.5,4],"rotation":270,"texture":"#4"}}},{"from":[5.73995,12.89212,4.95],"to":[6.73995,13.89212,5.45],"rotation":{"angle":-22.5,"axis":"z","origin":[6.98996,13.14212,5.2]},"faces":{"north":{"uv":[13,4.5,13.5,5],"texture":"#4"},"south":{"uv":[4.5,13,5,13.5],"texture":"#4"},"west":{"uv":[4,13.5,4.25,14],"texture":"#4"},"up":{"uv":[13.75,4.5,13.5,4],"rotation":90,"texture":"#4"},"down":{"uv":[4.75,13.5,4.5,14],"rotation":270,"texture":"#4"}}},{"from":[6.73996,12.89212,4.95],"to":[7.73996,13.89212,5.45],"rotation":{"angle":-22.5,"axis":"z","origin":[6.98996,13.14212,5.2]},"faces":{"north":{"uv":[13,5,13.5,5.5],"texture":"#4"},"east":{"uv":[13.5,4.5,13.75,5],"texture":"#4"},"south":{"uv":[5,13,5.5,13.5],"texture":"#4"},"up":{"uv":[5.25,14,5,13.5],"rotation":90,"texture":"#4"}}},{"from":[6.73996,11.89212,4.95],"to":[7.73996,12.89212,5.45],"rotation":{"angle":-22.5,"axis":"z","origin":[6.98996,13.14212,5.2]},"faces":{"north":{"uv":[13,6,13.5,6.5],"texture":"#4"},"east":{"uv":[13.5,5,13.75,5.5],"texture":"#4"},"south":{"uv":[13,5.5,13.5,6],"texture":"#4"},"west":{"uv":[13.5,5.5,13.75,6],"texture":"#4"},"down":{"uv":[13.75,6,13.5,6.5],"rotation":270,"texture":"#4"}}},{"from":[6.85,2.275,10.8],"to":[8.15,3.575,12.1],"rotation":{"angle":-45,"axis":"z","origin":[8,2.425,10.95]},"faces":{"north":{"uv":[12,1,12.75,1.75],"texture":"#4"},"east":{"uv":[3.5,11.5,4.25,12.25],"texture":"#4"},"south":{"uv":[8,11.5,8.75,12.25],"texture":"#4"},"west":{"uv":[11.5,11,12.25,11.75],"texture":"#4"},"up":{"uv":[12.75,2.75,12,2],"rotation":90,"texture":"#4"},"down":{"uv":[12.75,3,12,3.75],"rotation":270,"texture":"#4"}}},{"from":[7.4,3.325,10.85],"to":[8.6,4.525,12.05],"rotation":{"angle":0,"axis":"y","origin":[8.5,3.425,10.95]},"faces":{"north":{"uv":[9,13,9.5,13.5],"texture":"#4"},"east":{"uv":[13,6.5,13.5,7],"texture":"#4"},"south":{"uv":[13,7,13.5,7.5],"texture":"#4"},"west":{"uv":[13,7.5,13.5,8],"texture":"#4"},"up":{"uv":[13.5,10.5,13,10],"rotation":90,"texture":"#4"}}},{"from":[7.5,4.5,10.95],"to":[8.5,9.5,11.95],"rotation":{"angle":0,"axis":"y","origin":[8.5,4.5,10.95]},"faces":{"north":{"uv":[10,3.5,10.5,6],"texture":"#4"},"east":{"uv":[7.5,3.5,8,6],"texture":"#4"},"south":{"uv":[5,9.5,5.5,12],"texture":"#4"},"west":{"uv":[9,9.5,9.5,12],"texture":"#4"}}},{"from":[5.75,12.07369,5.7],"to":[8.25,14.57369,7.2],"rotation":{"angle":-45,"axis":"z","origin":[8,12.32369,5.95]},"faces":{"north":{"uv":[9,2,10.25,3.25],"texture":"#4"},"east":{"uv":[11,1,11.75,2.25],"texture":"#4"},"south":{"uv":[8.5,6.5,9.75,7.75],"texture":"#4"},"west":{"uv":[11,2.5,11.75,3.75],"texture":"#4"},"up":{"uv":[11.75,5.25,11,4],"rotation":90,"texture":"#4"},"down":{"uv":[11.75,5.5,11,6.75],"rotation":270,"texture":"#4"}}},{"from":[5.75,0.925,11.435],"to":[10.25,5.425,11.465],"rotation":{"angle":0,"axis":"y","origin":[9.75,1.425,11.435]},"faces":{"north":{"uv":[3,7,5.25,9.25],"texture":"#4"},"south":{"uv":[5.25,7,3,9.25],"texture":"#4"}}},{"from":[3.75,9.56658,4.55],"to":[11.75,17.56658,4.55],"rotation":{"angle":0,"axis":"y","origin":[11.75,9.56658,4.55]},"faces":{"north":{"uv":[0,0,16,16],"texture":"#1"}}},{"from":[11.5,14.06658,4.95],"to":[14.5,14.56658,7.95],"rotation":{"angle":22.5,"axis":"z","origin":[13,13.62908,6.45]},"faces":{"north":{"uv":[12,9.5,13.5,9.75],"texture":"#4"},"east":{"uv":[12,8,13.5,8.25],"texture":"#4"},"south":{"uv":[12,8.5,13.5,8.75],"texture":"#4"},"west":{"uv":[12,9,13.5,9.25],"texture":"#4"},"up":{"uv":[8,8.5,6.5,7],"rotation":90,"texture":"#4"},"down":{"uv":[9,2,7.5,3.5],"rotation":270,"texture":"#4"}}},{"from":[12,14.56658,5.45],"to":[14,14.81658,7.45],"rotation":{"angle":22.5,"axis":"z","origin":[13,13.62908,6.45]},"faces":{"north":{"uv":[11.5,13,12.5,13.25],"texture":"#4"},"east":{"uv":[10.5,13,11.5,13.25],"texture":"#4"},"south":{"uv":[13,10.5,14,10.75],"texture":"#4"},"west":{"uv":[13,11,14,11.25],"texture":"#4"},"up":{"uv":[11,7,10,6],"rotation":90,"texture":"#4"}}},{"from":[11.9,12.46658,5.35],"to":[14.1,14.06658,7.55],"rotation":{"angle":22.5,"axis":"z","origin":[13,13.62908,6.45]},"faces":{"north":{"uv":[10.5,11,11.5,11.75],"texture":"#4"},"east":{"uv":[11,7,12,7.75],"texture":"#4"},"south":{"uv":[11,8,12,8.75],"texture":"#4"},"west":{"uv":[11,9,12,9.75],"texture":"#4"},"down":{"uv":[11,7,10,8],"rotation":270,"texture":"#4"}}},{"from":[13.75,12.31658,5.2],"to":[14.25,12.81658,5.7],"rotation":{"angle":22.5,"axis":"z","origin":[13,13.62908,6.45]},"faces":{"north":{"uv":[0,14,0.25,14.25],"texture":"#4"},"east":{"uv":[13,13.5,13.25,13.75],"texture":"#4"},"south":{"uv":[13.5,13,13.75,13.25],"texture":"#4"},"west":{"uv":[13.5,13.5,13.75,13.75],"texture":"#4"},"up":{"uv":[14.25,0.25,14,0],"rotation":90,"texture":"#4"},"down":{"uv":[0.75,14,0.5,14.25],"rotation":270,"texture":"#4"}}},{"from":[13.75,12.31658,7.2],"to":[14.25,12.81658,7.7],"rotation":{"angle":22.5,"axis":"z","origin":[13,13.62908,6.45]},"faces":{"north":{"uv":[1.5,14,1.75,14.25],"texture":"#4"},"east":{"uv":[14,0.5,14.25,0.75],"texture":"#4"},"south":{"uv":[1,14,1.25,14.25],"texture":"#4"},"west":{"uv":[14,1,14.25,1.25],"texture":"#4"},"up":{"uv":[14.25,1.75,14,1.5],"rotation":90,"texture":"#4"},"down":{"uv":[2.25,14,2,14.25],"rotation":270,"texture":"#4"}}},{"from":[11.75,12.31658,5.2],"to":[12.25,12.81658,5.7],"rotation":{"angle":22.5,"axis":"z","origin":[13,13.62908,6.45]},"faces":{"north":{"uv":[3,14,3.25,14.25],"texture":"#4"},"east":{"uv":[14,2,14.25,2.25],"texture":"#4"},"south":{"uv":[2.5,14,2.75,14.25],"texture":"#4"},"west":{"uv":[14,2.5,14.25,2.75],"texture":"#4"},"up":{"uv":[14.25,3.25,14,3],"rotation":90,"texture":"#4"},"down":{"uv":[3.75,14,3.5,14.25],"rotation":270,"texture":"#4"}}},{"from":[11.75,12.31658,7.2],"to":[12.25,12.81658,7.7],"rotation":{"angle":22.5,"axis":"z","origin":[13,13.62908,6.45]},"faces":{"north":{"uv":[4.5,14,4.75,14.25],"texture":"#4"},"east":{"uv":[14,3.5,14.25,3.75],"texture":"#4"},"south":{"uv":[4,14,4.25,14.25],"texture":"#4"},"west":{"uv":[14,4,14.25,4.25],"texture":"#4"},"up":{"uv":[14.25,4.75,14,4.5],"rotation":90,"texture":"#4"},"down":{"uv":[5.25,14,5,14.25],"rotation":270,"texture":"#4"}}},{"from":[14.55324,13.45925,5.45],"to":[15.55324,13.95925,5.95],"rotation":{"angle":45,"axis":"z","origin":[13,13.62908,6.45]},"faces":{"north":{"uv":[13.5,6.5,14,6.75],"texture":"#4"},"east":{"uv":[14,5,14.25,5.25],"texture":"#4"},"south":{"uv":[6.5,13.5,7,13.75],"texture":"#4"},"up":{"uv":[7.25,14,7,13.5],"rotation":90,"texture":"#4"},"down":{"uv":[13.75,7,13.5,7.5],"rotation":270,"texture":"#4"}}},{"from":[14.55324,13.45925,6.95],"to":[15.55324,13.95925,7.45],"rotation":{"angle":45,"axis":"z","origin":[13,13.62908,6.45]},"faces":{"north":{"uv":[13.5,7.5,14,7.75],"texture":"#4"},"east":{"uv":[5.5,14,5.75,14.25],"texture":"#4"},"south":{"uv":[7.5,13.5,8,13.75],"texture":"#4"},"up":{"uv":[8.25,14,8,13.5],"rotation":90,"texture":"#4"},"down":{"uv":[13.75,8,13.5,8.5],"rotation":270,"texture":"#4"}}},{"from":[15.05324,13.45925,5.95],"to":[15.55324,13.95925,6.95],"rotation":{"angle":45,"axis":"z","origin":[13,13.62908,6.45]},"faces":{"east":{"uv":[8.5,13.5,9,13.75],"texture":"#4"},"west":{"uv":[13.5,8.5,14,8.75],"texture":"#4"},"up":{"uv":[9.5,13.75,9,13.5],"rotation":90,"texture":"#4"},"down":{"uv":[14,9,13.5,9.25],"rotation":270,"texture":"#4"}}},{"from":[10.44676,13.45925,5.45],"to":[11.44676,13.95925,5.95],"rotation":{"angle":0,"axis":"y","origin":[10.82176,13.70925,6.45]},"faces":{"north":{"uv":[13.5,9.5,14,9.75],"texture":"#4"},"south":{"uv":[9.5,13.5,10,13.75],"texture":"#4"},"west":{"uv":[14,5.5,14.25,5.75],"texture":"#4"},"up":{"uv":[10.25,14,10,13.5],"rotation":90,"texture":"#4"},"down":{"uv":[13.75,10,13.5,10.5],"rotation":270,"texture":"#4"}}},{"from":[10.44676,13.45925,6.95],"to":[11.44676,13.95925,7.45],"rotation":{"angle":0,"axis":"y","origin":[10.82176,13.70925,6.45]},"faces":{"north":{"uv":[11,13.5,11.5,13.75],"texture":"#4"},"south":{"uv":[10.5,13.5,11,13.75],"texture":"#4"},"west":{"uv":[6,14,6.25,14.25],"texture":"#4"},"up":{"uv":[11.75,14,11.5,13.5],"rotation":90,"texture":"#4"},"down":{"uv":[13.75,11.5,13.5,12],"rotation":270,"texture":"#4"}}},{"from":[10.44676,13.45925,5.95],"to":[10.94676,13.95925,6.95],"rotation":{"angle":0,"axis":"y","origin":[10.82176,13.70925,6.45]},"faces":{"east":{"uv":[12,13.5,12.5,13.75],"texture":"#4"},"west":{"uv":[13.5,12,14,12.25],"texture":"#4"},"up":{"uv":[13,13.75,12.5,13.5],"rotation":90,"texture":"#4"},"down":{"uv":[14,12.5,13.5,12.75],"rotation":270,"texture":"#4"}}},{"from":[1.5,14.06658,4.95],"to":[4.5,14.56658,7.95],"rotation":{"angle":-22.5,"axis":"z","origin":[3,13.62908,6.45]},"faces":{"north":{"uv":[13.5,9.5,12,9.75],"texture":"#4"},"east":{"uv":[13.5,9,12,9.25],"texture":"#4"},"south":{"uv":[13.5,8.5,12,8.75],"texture":"#4"},"west":{"uv":[13.5,8,12,8.25],"texture":"#4"},"up":{"uv":[8,7,6.5,8.5],"rotation":90,"texture":"#4"},"down":{"uv":[9,3.5,7.5,2],"rotation":270,"texture":"#4"}}},{"from":[2,14.56658,5.45],"to":[4,14.81658,7.45],"rotation":{"angle":-22.5,"axis":"z","origin":[3,13.62908,6.45]},"faces":{"north":{"uv":[12.5,13,11.5,13.25],"texture":"#4"},"east":{"uv":[14,11,13,11.25],"texture":"#4"},"south":{"uv":[14,10.5,13,10.75],"texture":"#4"},"west":{"uv":[11.5,13,10.5,13.25],"texture":"#4"},"up":{"uv":[11,6,10,7],"rotation":90,"texture":"#4"}}},{"from":[1.9,12.46658,5.35],"to":[4.1,14.06658,7.55],"rotation":{"angle":-22.5,"axis":"z","origin":[3,13.62908,6.45]},"faces":{"north":{"uv":[11.5,11,10.5,11.75],"texture":"#4"},"east":{"uv":[12,9,11,9.75],"texture":"#4"},"south":{"uv":[12,8,11,8.75],"texture":"#4"},"west":{"uv":[12,7,11,7.75],"texture":"#4"},"down":{"uv":[11,8,10,7],"rotation":270,"texture":"#4"}}},{"from":[1.75,12.31658,5.2],"to":[2.25,12.81658,5.7],"rotation":{"angle":-22.5,"axis":"z","origin":[3,13.62908,6.45]},"faces":{"north":{"uv":[0.25,14,0,14.25],"texture":"#4"},"east":{"uv":[13.75,13.5,13.5,13.75],"texture":"#4"},"south":{"uv":[13.75,13,13.5,13.25],"texture":"#4"},"west":{"uv":[13.25,13.5,13,13.75],"texture":"#4"},"up":{"uv":[14.25,0,14,0.25],"rotation":90,"texture":"#4"},"down":{"uv":[0.75,14.25,0.5,14],"rotation":270,"texture":"#4"}}},{"from":[1.75,12.31658,7.2],"to":[2.25,12.81658,7.7],"rotation":{"angle":-22.5,"axis":"z","origin":[3,13.62908,6.45]},"faces":{"north":{"uv":[1.75,14,1.5,14.25],"texture":"#4"},"east":{"uv":[14.25,1,14,1.25],"texture":"#4"},"south":{"uv":[1.25,14,1,14.25],"texture":"#4"},"west":{"uv":[14.25,0.5,14,0.75],"texture":"#4"},"up":{"uv":[14.25,1.5,14,1.75],"rotation":90,"texture":"#4"},"down":{"uv":[2.25,14.25,2,14],"rotation":270,"texture":"#4"}}},{"from":[3.75,12.31658,5.2],"to":[4.25,12.81658,5.7],"rotation":{"angle":-22.5,"axis":"z","origin":[3,13.62908,6.45]},"faces":{"north":{"uv":[3.25,14,3,14.25],"texture":"#4"},"east":{"uv":[14.25,2.5,14,2.75],"texture":"#4"},"south":{"uv":[2.75,14,2.5,14.25],"texture":"#4"},"west":{"uv":[14.25,2,14,2.25],"texture":"#4"},"up":{"uv":[14.25,3,14,3.25],"rotation":90,"texture":"#4"},"down":{"uv":[3.75,14.25,3.5,14],"rotation":270,"texture":"#4"}}},{"from":[3.75,12.31658,7.2],"to":[4.25,12.81658,7.7],"rotation":{"angle":-22.5,"axis":"z","origin":[3,13.62908,6.45]},"faces":{"north":{"uv":[4.75,14,4.5,14.25],"texture":"#4"},"east":{"uv":[14.25,4,14,4.25],"texture":"#4"},"south":{"uv":[4.25,14,4,14.25],"texture":"#4"},"west":{"uv":[14.25,3.5,14,3.75],"texture":"#4"},"up":{"uv":[14.25,4.5,14,4.75],"rotation":90,"texture":"#4"},"down":{"uv":[5.25,14.25,5,14],"rotation":270,"texture":"#4"}}},{"from":[0.44676,13.45925,5.45],"to":[1.44676,13.95925,5.95],"rotation":{"angle":-45,"axis":"z","origin":[3,13.62908,6.45]},"faces":{"north":{"uv":[14,6.5,13.5,6.75],"texture":"#4"},"south":{"uv":[7,13.5,6.5,13.75],"texture":"#4"},"west":{"uv":[14.25,5,14,5.25],"texture":"#4"},"up":{"uv":[7.25,13.5,7,14],"rotation":90,"texture":"#4"},"down":{"uv":[13.75,7.5,13.5,7],"rotation":270,"texture":"#4"}}},{"from":[0.44676,13.45925,6.95],"to":[1.44676,13.95925,7.45],"rotation":{"angle":-45,"axis":"z","origin":[3,13.62908,6.45]},"faces":{"north":{"uv":[14,7.5,13.5,7.75],"texture":"#4"},"south":{"uv":[8,13.5,7.5,13.75],"texture":"#4"},"west":{"uv":[5.75,14,5.5,14.25],"texture":"#4"},"up":{"uv":[8.25,13.5,8,14],"rotation":90,"texture":"#4"},"down":{"uv":[13.75,8.5,13.5,8],"rotation":270,"texture":"#4"}}},{"from":[0.44676,13.45925,5.95],"to":[0.94676,13.95925,6.95],"rotation":{"angle":-45,"axis":"z","origin":[3,13.62908,6.45]},"faces":{"east":{"uv":[14,8.5,13.5,8.75],"texture":"#4"},"west":{"uv":[9,13.5,8.5,13.75],"texture":"#4"},"up":{"uv":[9.5,13.5,9,13.75],"rotation":90,"texture":"#4"},"down":{"uv":[14,9.25,13.5,9],"rotation":270,"texture":"#4"}}},{"from":[4.55324,13.45925,5.45],"to":[5.55324,13.95925,5.95],"rotation":{"angle":0,"axis":"y","origin":[5.17824,13.70925,6.45]},"faces":{"north":{"uv":[14,9.5,13.5,9.75],"texture":"#4"},"east":{"uv":[14.25,5.5,14,5.75],"texture":"#4"},"south":{"uv":[10,13.5,9.5,13.75],"texture":"#4"},"up":{"uv":[10.25,13.5,10,14],"rotation":90,"texture":"#4"},"down":{"uv":[13.75,10.5,13.5,10],"rotation":270,"texture":"#4"}}},{"from":[4.55324,13.45925,6.95],"to":[5.55324,13.95925,7.45],"rotation":{"angle":0,"axis":"y","origin":[5.17824,13.70925,6.45]},"faces":{"north":{"uv":[11.5,13.5,11,13.75],"texture":"#4"},"east":{"uv":[6.25,14,6,14.25],"texture":"#4"},"south":{"uv":[11,13.5,10.5,13.75],"texture":"#4"},"up":{"uv":[11.75,13.5,11.5,14],"rotation":90,"texture":"#4"},"down":{"uv":[13.75,12,13.5,11.5],"rotation":270,"texture":"#4"}}},{"from":[5.05324,13.45925,5.95],"to":[5.55324,13.95925,6.95],"rotation":{"angle":0,"axis":"y","origin":[5.17824,13.70925,6.45]},"faces":{"east":{"uv":[14,12,13.5,12.25],"texture":"#4"},"west":{"uv":[12.5,13.5,12,13.75],"texture":"#4"},"up":{"uv":[13,13.5,12.5,13.75],"rotation":90,"texture":"#4"},"down":{"uv":[14,12.75,13.5,12.5],"rotation":270,"texture":"#4"}}},{"from":[2.5,14.31924,6.435],"to":[13.5,18.31924,6.465],"rotation":{"angle":0,"axis":"y","origin":[13.5,14.31924,6.435]},"faces":{"north":{"uv":[5,0,10.5,2],"texture":"#4"},"south":{"uv":[10.5,0,5,2],"texture":"#4"}}},{"from":[5.5,-2.18342,5.95],"to":[10.5,11.31658,6.95],"rotation":{"angle":0,"axis":"y","origin":[11.5,-2.43342,5.95]},"faces":{"north":{"uv":[2.5,0,5,6.75],"texture":"#4"},"east":{"uv":[5.5,7,6,13.75],"texture":"#4"},"south":{"uv":[0,0,2.5,6.75],"texture":"#4"},"west":{"uv":[6,7,6.5,13.75],"texture":"#4"},"down":{"uv":[7,10,6.5,12.5],"rotation":270,"texture":"#4"}}},{"from":[5.5,9.06658,5.945],"to":[10.5,14.06658,6.955],"rotation":{"angle":45,"axis":"z","origin":[8,11.56658,6.445]},"faces":{"north":{"uv":[5,4.5,7.5,7],"texture":"#4"},"east":{"uv":[7,10,7.5,12.5],"texture":"#4"},"south":{"uv":[5,2,7.5,4.5],"texture":"#4"},"west":{"uv":[7.5,10,8,12.5],"texture":"#4"},"up":{"uv":[10,12.5,9.5,10],"rotation":90,"texture":"#4"},"down":{"uv":[10.5,10,10,12.5],"rotation":270,"texture":"#4"}}},{"from":[10.27164,-1.03537,5.9535],"to":[12.77164,1.96463,6.9465],"rotation":{"angle":22.5,"axis":"z","origin":[13.27164,-1.03537,5.9535]},"faces":{"north":{"uv":[8.5,3.5,9.75,5],"texture":"#4"},"east":{"uv":[0,11.5,0.5,13],"texture":"#4"},"south":{"uv":[8,8,9.25,9.5],"texture":"#4"},"up":{"uv":[1.5,12.75,1,11.5],"rotation":90,"texture":"#4"},"down":{"uv":[2,11.5,1.5,12.75],"rotation":270,"texture":"#4"}}},{"from":[10.53806,7.03584,5.9535],"to":[13.03806,10.03584,6.9465],"rotation":{"angle":-22.5,"axis":"z","origin":[13.53806,10.78584,5.9535]},"faces":{"north":{"uv":[6.5,8.5,7.75,10],"texture":"#4"},"east":{"uv":[0.5,11.5,1,13],"texture":"#4"},"south":{"uv":[8.5,5,9.75,6.5],"texture":"#4"},"up":{"uv":[2.5,12.75,2,11.5],"rotation":90,"texture":"#4"},"down":{"uv":[3,11.5,2.5,12.75],"rotation":270,"texture":"#4"}}},{"from":[9.35307,0.315,5.9585],"to":[11.85307,9.315,6.9415],"rotation":{"angle":0,"axis":"x","origin":[12.42807,0.20554,5.9585]},"faces":{"north":{"uv":[1.5,7,2.75,11.5],"texture":"#4"},"east":{"uv":[8,3.5,8.5,8],"texture":"#4"},"south":{"uv":[0,7,1.25,11.5],"texture":"#4"},"up":{"uv":[3.5,12.75,3,11.5],"rotation":90,"texture":"#4"}}},{"from":[3.22836,-1.03537,5.9535],"to":[5.72836,1.96463,6.9465],"rotation":{"angle":-22.5,"axis":"z","origin":[2.72836,-1.03537,5.9535]},"faces":{"north":{"uv":[9.75,3.5,8.5,5],"texture":"#4"},"south":{"uv":[9.25,8,8,9.5],"texture":"#4"},"west":{"uv":[0.5,11.5,0,13],"texture":"#4"},"up":{"uv":[1.5,11.5,1,12.75],"rotation":90,"texture":"#4"},"down":{"uv":[2,12.75,1.5,11.5],"rotation":270,"texture":"#4"}}},{"from":[2.96194,7.03584,5.9535],"to":[5.46194,10.03584,6.9465],"rotation":{"angle":22.5,"axis":"z","origin":[2.46194,10.78584,5.9535]},"faces":{"north":{"uv":[7.75,8.5,6.5,10],"texture":"#4"},"south":{"uv":[9.75,5,8.5,6.5],"texture":"#4"},"west":{"uv":[1,11.5,0.5,13],"texture":"#4"},"up":{"uv":[2.5,11.5,2,12.75],"rotation":90,"texture":"#4"},"down":{"uv":[3,12.75,2.5,11.5],"rotation":270,"texture":"#4"}}},{"from":[4.14693,0.315,5.9585],"to":[6.64693,9.315,6.9415],"rotation":{"angle":0,"axis":"x","origin":[3.57193,0.20554,5.9585]},"faces":{"north":{"uv":[2.75,7,1.5,11.5],"texture":"#4"},"south":{"uv":[1.25,7,0,11.5],"texture":"#4"},"west":{"uv":[8.5,3.5,8,8],"texture":"#4"},"up":{"uv":[3.5,11.5,3,12.75],"rotation":90,"texture":"#4"}}},{"from":[10.02164,3.46463,5.157],"to":[11.52164,7.46463,6.15],"rotation":{"angle":22.5,"axis":"z","origin":[11.52164,3.46463,5.157]},"faces":{"north":{"uv":[4,9.5,4.75,11.5],"texture":"#4"},"east":{"uv":[10.5,0,11,2],"texture":"#4"},"south":{"uv":[3,9.5,3.75,11.5],"texture":"#4"},"west":{"uv":[10.5,2,11,4],"texture":"#4"},"up":{"uv":[8,6.75,7.5,6],"rotation":90,"texture":"#4"},"down":{"uv":[9.5,12,9,12.75],"rotation":270,"texture":"#4"}}},{"from":[12.28701,6.11687,5.157],"to":[13.28701,7.61687,6.15],"rotation":{"angle":22.5,"axis":"z","origin":[12.28701,1.61687,5.157]},"faces":{"north":{"uv":[11.5,12,12,12.75],"texture":"#4"},"east":{"uv":[10.5,12,11,12.75],"texture":"#4"},"south":{"uv":[11,12,11.5,12.75],"texture":"#4"},"up":{"uv":[13.5,12,13,11.5],"rotation":90,"texture":"#4"},"down":{"uv":[13.5,12,13,12.5],"rotation":270,"texture":"#4"}}},{"from":[8.44552,3.84732,5.157],"to":[9.94552,5.34732,6.15],"rotation":{"angle":22.5,"axis":"z","origin":[12.44552,3.84732,5.157]},"faces":{"north":{"uv":[4.5,12,5.25,12.75],"texture":"#4"},"south":{"uv":[12,4,12.75,4.75],"texture":"#4"},"up":{"uv":[12.5,12.75,12,12],"rotation":90,"texture":"#4"},"down":{"uv":[4,12.5,3.5,13.25],"rotation":270,"texture":"#4"}}},{"from":[4.47836,3.46463,5.157],"to":[5.97836,7.46463,6.15],"rotation":{"angle":-22.5,"axis":"z","origin":[4.47836,3.46463,5.157]},"faces":{"north":{"uv":[9.5,8,10.25,10],"texture":"#4"},"east":{"uv":[10.5,4,11,6],"texture":"#4"},"south":{"uv":[8,9.5,8.75,11.5],"texture":"#4"},"west":{"uv":[10.5,8,11,10],"texture":"#4"},"up":{"uv":[4.5,13.25,4,12.5],"rotation":90,"texture":"#4"},"down":{"uv":[7,12.5,6.5,13.25],"rotation":270,"texture":"#4"}}},{"from":[6.05448,3.84732,5.157],"to":[7.55448,5.34732,6.15],"rotation":{"angle":-22.5,"axis":"z","origin":[3.55448,3.84732,5.157]},"faces":{"north":{"uv":[12,6,12.75,6.75],"texture":"#4"},"south":{"uv":[12,5,12.75,5.75],"texture":"#4"},"up":{"uv":[7.5,13.25,7,12.5],"rotation":90,"texture":"#4"},"down":{"uv":[8,12.5,7.5,13.25],"rotation":270,"texture":"#4"}}},{"from":[2.71299,6.11687,5.157],"to":[3.71299,7.61687,6.15],"rotation":{"angle":-22.5,"axis":"z","origin":[3.71299,1.61687,5.157]},"faces":{"north":{"uv":[9.5,12.5,10,13.25],"texture":"#4"},"south":{"uv":[8,12.5,8.5,13.25],"texture":"#4"},"west":{"uv":[8.5,12.5,9,13.25],"texture":"#4"},"up":{"uv":[13,13.5,12.5,13],"rotation":90,"texture":"#4"},"down":{"uv":[13.5,12.5,13,13],"rotation":270,"texture":"#4"}}},{"from":[7.25,2.31658,5.1535],"to":[8.75,3.94158,6.1535],"rotation":{"angle":0,"axis":"x","origin":[13.25,2.31658,5.1535]},"faces":{"north":{"uv":[12,7,12.75,7.75],"texture":"#4"},"east":{"uv":[10,12.5,10.5,13.25],"texture":"#4"},"west":{"uv":[12.5,10,13,10.75],"texture":"#4"},"up":{"uv":[13,11.75,12.5,11],"rotation":90,"texture":"#4"},"down":{"uv":[13,12,12.5,12.75],"rotation":270,"texture":"#4"}}},{"from":[7,2.425,6.8],"to":[8,3.425,10.8],"rotation":{"angle":-45,"axis":"z","origin":[8,2.425,9.8]},"faces":{"north":{"uv":[13,13,13.5,13.5],"texture":"#4"},"east":{"uv":[10.5,10,12.5,10.5],"texture":"#4"},"west":{"uv":[10.5,10.5,12.5,11],"texture":"#4"},"up":{"uv":[13,0.5,11,0],"rotation":90,"texture":"#4"},"down":{"uv":[13,0.5,11,1],"rotation":270,"texture":"#4"}}},{"from":[6.85,10.425,10.8],"to":[8.15,11.725,12.1],"rotation":{"angle":45,"axis":"z","origin":[8,11.575,10.95]},"faces":{"north":{"uv":[12,1.75,12.75,1],"texture":"#4"},"east":{"uv":[3.5,12.25,4.25,11.5],"texture":"#4"},"south":{"uv":[8,12.25,8.75,11.5],"texture":"#4"},"west":{"uv":[11.5,11.75,12.25,11],"texture":"#4"},"up":{"uv":[12.75,3.75,12,3],"rotation":90,"texture":"#4"},"down":{"uv":[12.75,2,12,2.75],"rotation":270,"texture":"#4"}}},{"from":[7.4,9.475,10.85],"to":[8.6,10.675,12.05],"rotation":{"angle":0,"axis":"y","origin":[8.5,10.575,10.95]},"faces":{"north":{"uv":[9,13.5,9.5,13],"texture":"#4"},"east":{"uv":[13,7,13.5,6.5],"texture":"#4"},"south":{"uv":[13,7.5,13.5,7],"texture":"#4"},"west":{"uv":[13,8,13.5,7.5],"texture":"#4"},"down":{"uv":[13.5,10,13,10.5],"rotation":270,"texture":"#4"}}},{"from":[5.75,8.575,11.435],"to":[10.25,13.075,11.465],"rotation":{"angle":0,"axis":"x","origin":[8,10.825,11.45]},"faces":{"north":{"uv":[3,9.25,5.25,7],"rotation":180,"texture":"#4"},"south":{"uv":[5.25,9.25,3,7],"rotation":180,"texture":"#4"}}},{"from":[7,10.575,6.8],"to":[8,11.575,10.8],"rotation":{"angle":45,"axis":"z","origin":[8,11.575,9.8]},"faces":{"north":{"uv":[13,13.5,13.5,13],"texture":"#4"},"east":{"uv":[10.5,10.5,12.5,10],"texture":"#4"},"west":{"uv":[10.5,11,12.5,10.5],"texture":"#4"},"up":{"uv":[13,1,11,0.5],"rotation":90,"texture":"#4"},"down":{"uv":[13,0,11,0.5],"rotation":270,"texture":"#4"}}}],"gui_light":"front","display":{"thirdperson_righthand":{"rotation":[0,-35,0],"translation":[2,-1,-1.75]},"thirdperson_lefthand":{"rotation":[0,-35,0],"translation":[2,-1,-1.75]},"firstperson_righthand":{"rotation":[0,0,10],"translation":[3.5,-0.25,-1.5]},"firstperson_lefthand":{"rotation":[0,0,10],"translation":[3.5,-0.25,-1.5]},"ground":{"rotation":[45,0,0],"translation":[0,5,0],"scale":[0.7,0.7,0.7]},"gui":{"rotation":[0,180,-45],"translation":[0,-0.25,0],"scale":[0.7,0.7,0.7]},"fixed":{"translation":[0,1.75,-1.5],"scale":[2,2,2]}}}