{"parent​":"minecraft:item/pink_wool","textures​":{"layer0":"minecraft:item/granite_slab"},"overrides":[{"predicate":{"custom_model_data":1},"model":"modelengine:voidstormdragon/body"},{"predicate":{"custom_model_data":2},"model":"modelengine:voidstormdragon/arm_right3"},{"predicate":{"custom_model_data":3},"model":"modelengine:voidstormdragon/wing_left"},{"predicate":{"custom_model_data":4},"model":"modelengine:voidstormdragon/wing_right"},{"predicate":{"custom_model_data":5},"model":"modelengine:voidstormdragon/leg_right2"},{"predicate":{"custom_model_data":6},"model":"modelengine:voidstormdragon/leg_left"},{"predicate":{"custom_model_data":7},"model":"modelengine:voidstormdragon/neck"},{"predicate":{"custom_model_data":8},"model":"modelengine:voidstormdragon/arm_left2"},{"predicate":{"custom_model_data":9},"model":"modelengine:voidstormdragon/tail"},{"predicate":{"custom_model_data":10},"model":"modelengine:voidstormdragon/armrightbottom"},{"predicate":{"custom_model_data":11},"model":"modelengine:voidstormdragon/wing_lefttop"},{"predicate":{"custom_model_data":12},"model":"modelengine:voidstormdragon/wing_righttop"},{"predicate":{"custom_model_data":13},"model":"modelengine:voidstormdragon/legrightbottom"},{"predicate":{"custom_model_data":14},"model":"modelengine:voidstormdragon/legleftbottom"},{"predicate":{"custom_model_data":15},"model":"modelengine:voidstormdragon/neck2"},{"predicate":{"custom_model_data":16},"model":"modelengine:voidstormdragon/armleftbottom"},{"predicate":{"custom_model_data":17},"model":"modelengine:voidstormdragon/tail2"},{"predicate":{"custom_model_data":18},"model":"modelengine:voidstormdragon/leftwingextra"},{"predicate":{"custom_model_data":19},"model":"modelengine:voidstormdragon/rightwingextra"},{"predicate":{"custom_model_data":20},"model":"modelengine:voidstormdragon/head"},{"predicate":{"custom_model_data":21},"model":"modelengine:voidstormdragon/mouth"},{"predicate":{"custom_model_data":22},"model":"modelengine:vfx_ender_web/bone"},{"predicate":{"custom_model_data":23},"model":"modelengine:ender_clam/pearl"},{"predicate":{"custom_model_data":24},"model":"modelengine:vfx_ender_laser/boine"},{"predicate":{"custom_model_data":25},"model":"modelengine:ender_slime/upper_body"},{"predicate":{"custom_model_data":26},"model":"modelengine:ender_slime_small/upper_body"},{"predicate":{"custom_model_data":27},"model":"modelengine:vfx_ender_laser/trail"},{"predicate":{"custom_model_data":28},"model":"modelengine:ender_slime/right_eye"},{"predicate":{"custom_model_data":29},"model":"modelengine:ender_slime/left_eye"},{"predicate":{"custom_model_data":30},"model":"modelengine:ender_slime_small/right_eye"},{"predicate":{"custom_model_data":31},"model":"modelengine:ender_slime_small/left_eye"},{"predicate":{"custom_model_data":32},"model":"modelengine:ender_clam/bottom"},{"predicate":{"custom_model_data":33},"model":"modelengine:ender_clam/top"},{"predicate":{"custom_model_data":34},"model":"modelengine:ender_hammerhead/left_leg"},{"predicate":{"custom_model_data":35},"model":"modelengine:ender_hammerhead/right_leg"},{"predicate":{"custom_model_data":36},"model":"modelengine:ender_hammerhead/upper_body"},{"predicate":{"custom_model_data":37},"model":"modelengine:ender_hammerhead/left_arm"},{"predicate":{"custom_model_data":38},"model":"modelengine:ender_hammerhead/right_arm"},{"predicate":{"custom_model_data":39},"model":"modelengine:ender_hammerhead/head"},{"predicate":{"custom_model_data":40},"model":"modelengine:ender_hammerhead/tail"},{"predicate":{"custom_model_data":41},"model":"modelengine:ender_hammerhead/right_eye"},{"predicate":{"custom_model_data":42},"model":"modelengine:ender_hammerhead/left_eye"},{"predicate":{"custom_model_data":43},"model":"modelengine:ender_hammerhead/tail_end"},{"predicate":{"custom_model_data":44},"model":"modelengine:ender_ripper/upper_body"},{"predicate":{"custom_model_data":45},"model":"modelengine:ender_ripper/right_leg"},{"predicate":{"custom_model_data":46},"model":"modelengine:ender_ripper/left_leg"},{"predicate":{"custom_model_data":47},"model":"modelengine:ender_ripper/left_arm"},{"predicate":{"custom_model_data":48},"model":"modelengine:ender_ripper/head"},{"predicate":{"custom_model_data":49},"model":"modelengine:ender_ripper/right_arm"},{"predicate":{"custom_model_data":50},"model":"modelengine:ender_ripper/right_eye"},{"predicate":{"custom_model_data":51},"model":"modelengine:ender_ripper/left_eye"},{"predicate":{"custom_model_data":52},"model":"modelengine:ender_witch/upper_body"},{"predicate":{"custom_model_data":53},"model":"modelengine:ender_witch/right_leg"},{"predicate":{"custom_model_data":54},"model":"modelengine:ender_witch/left_leg"},{"predicate":{"custom_model_data":55},"model":"modelengine:ender_witch/left_arm"},{"predicate":{"custom_model_data":56},"model":"modelengine:ender_witch/right_arm"},{"predicate":{"custom_model_data":57},"model":"modelengine:ender_witch/mushroom"},{"predicate":{"custom_model_data":58},"model":"modelengine:ender_witch/neck"},{"predicate":{"custom_model_data":59},"model":"modelengine:ender_witch/left_eye"},{"predicate":{"custom_model_data":60},"model":"modelengine:ender_witch/right_eye"},{"predicate":{"custom_model_data":61},"model":"modelengine:ender_witch/mushroom_mid"},{"predicate":{"custom_model_data":62},"model":"modelengine:ender_witch/head"},{"predicate":{"custom_model_data":63},"model":"modelengine:ender_witch/mushroom_head"},{"predicate":{"custom_model_data":64},"model":"modelengine:ender_witch/nose"},{"predicate":{"custom_model_data":65},"model":"modelengine:end_scuttler/right_mid_leg"},{"predicate":{"custom_model_data":66},"model":"modelengine:end_scuttler/upper_body"},{"predicate":{"custom_model_data":67},"model":"modelengine:end_scuttler/right_front_leg"},{"predicate":{"custom_model_data":68},"model":"modelengine:end_scuttler/left_mid_leg"},{"predicate":{"custom_model_data":69},"model":"modelengine:end_scuttler/left_front_leg"},{"predicate":{"custom_model_data":70},"model":"modelengine:end_scuttler/head"},{"predicate":{"custom_model_data":71},"model":"modelengine:end_scuttler/lower_body"},{"predicate":{"custom_model_data":72},"model":"modelengine:end_scuttler/left_eye"},{"predicate":{"custom_model_data":73},"model":"modelengine:end_scuttler/right_eye"},{"predicate":{"custom_model_data":74},"model":"modelengine:end_scuttler/right_back_leg"},{"predicate":{"custom_model_data":75},"model":"modelengine:end_scuttler/left_back_leg"},{"predicate":{"custom_model_data":76},"model":"modelengine:end_scuttler/tail1"},{"predicate":{"custom_model_data":77},"model":"modelengine:end_scuttler/tail_mid"},{"predicate":{"custom_model_data":78},"model":"modelengine:end_scuttler/tail_end"},{"predicate":{"custom_model_data":79},"model":"modelengine:void_beholder/head"},{"predicate":{"custom_model_data":80},"model":"modelengine:void_beholder/chest"},{"predicate":{"custom_model_data":81},"model":"modelengine:void_beholder/eye"},{"predicate":{"custom_model_data":82},"model":"modelengine:void_beholder/up_left_tentacle"},{"predicate":{"custom_model_data":83},"model":"modelengine:void_beholder/up_right_tentacle"},{"predicate":{"custom_model_data":84},"model":"modelengine:void_beholder/left_tentacle"},{"predicate":{"custom_model_data":85},"model":"modelengine:void_beholder/right_tentacle"},{"predicate":{"custom_model_data":86},"model":"modelengine:void_beholder/chest_eye"},{"predicate":{"custom_model_data":87},"model":"modelengine:void_beholder/stomach"},{"predicate":{"custom_model_data":88},"model":"modelengine:void_beholder/pupil"},{"predicate":{"custom_model_data":89},"model":"modelengine:void_beholder/up_left_tentacle_mid"},{"predicate":{"custom_model_data":90},"model":"modelengine:void_beholder/up_right_tentacle_mid"},{"predicate":{"custom_model_data":91},"model":"modelengine:void_beholder/left_tentacle_mid"},{"predicate":{"custom_model_data":92},"model":"modelengine:void_beholder/right_tentacle_mid"},{"predicate":{"custom_model_data":93},"model":"modelengine:void_beholder/chest_pupil"},{"predicate":{"custom_model_data":94},"model":"modelengine:void_beholder/tail"},{"predicate":{"custom_model_data":95},"model":"modelengine:void_beholder/up_left_tentacle_end"},{"predicate":{"custom_model_data":96},"model":"modelengine:void_beholder/up_right_tentacle_end"},{"predicate":{"custom_model_data":97},"model":"modelengine:void_beholder/left_tentacle_end"},{"predicate":{"custom_model_data":98},"model":"modelengine:void_beholder/right_tentacle_end"},{"predicate":{"custom_model_data":10005},"model":"hats_expansion:adventurer_hat"},{"predicate":{"custom_model_data":10006},"model":"hats_expansion:amongus_head"},{"predicate":{"custom_model_data":10007},"model":"hats_expansion:axolotl_hat"},{"predicate":{"custom_model_data":10008},"model":"hats_expansion:baseball_cap"},{"predicate":{"custom_model_data":10009},"model":"hats_expansion:fedora"},{"predicate":{"custom_model_data":10010},"model":"hats_expansion:frog_hat"},{"predicate":{"custom_model_data":10011},"model":"hats_expansion:jellyfish_hat"},{"predicate":{"custom_model_data":10012},"model":"hats_expansion:sensei"},{"predicate":{"custom_model_data":10013},"model":"hats_expansion:sombrero"},{"predicate":{"custom_model_data":10014},"model":"hats_expansion:straw_hat"},{"predicate":{"custom_model_data":10015},"model":"hats_expansion:tv_head"},{"predicate":{"custom_model_data":10016},"model":"hats_expansion:ufo_hat"},{"predicate":{"custom_model_data":10017},"model":"item/leather_horse_armor"}],"\u0070\u0061\u0072\u0065\u006e\u0074":"\u006d\u0069\u006e\u0065\u0063\u0072\u0061\u0066\u0074:\u0069\u0074\u0065\u006d/\u0067\u0065\u006e\u0065\u0072\u0061\u0074\u0065\u0064","\u0074\u0065\u0078\u0074\u0075\u0072\u0065\u0073":{"\u006c\u0061\u0079\u0065\u00720":"\u006d\u0069\u006e\u0065\u0063\u0072\u0061\u0066\u0074:\u0069\u0074\u0065\u006d/\u006c\u0065\u0061\u0074\u0068\u0065\u0072_\u0068\u006f\u0072\u0073\u0065_\u0061\u0072\u006d\u006f\u0072"}}