{"parent​":"minecraft:item/ender_pearl","textures​":{"\u006c\u0061\u0079\u0065\u00720":"\u006d\u0069\u006e\u0065\u0063\u0072\u0061\u0066\u0074:\u0069\u0074\u0065\u006d/\u006e\u0065\u0074\u0068\u0065\u0072\u0069\u0074\u0065_\u0061\u0078\u0065"},"\u0070\u0061\u0072\u0065\u006e\u0074":"\u006d\u0069\u006e\u0065\u0063\u0072\u0061\u0066\u0074:\u0069\u0074\u0065\u006d/\u0068\u0061\u006e\u0064\u0068\u0065\u006c\u0064","\u0074\u0065\u0078\u0074\u0075\u0072\u0065\u0073":{"\u006c\u0061\u0079\u0065\u00720":"\u006d\u0069\u006e\u0065\u0063\u0072\u0061\u0066\u0074:\u0069\u0074\u0065\u006d/\u006e\u0065\u0074\u0068\u0065\u0072\u0069\u0074\u0065_\u0061\u0078\u0065"},"overrides":[{"predicate":{"custom_model_data":10043},"model":"plny_spectral_corsair:axe"},{"predicate":{"custom_model_data":10044},"model":"vanilla_sets:ia_auto_gen/sculk_axe"},{"predicate":{"custom_model_data":10045},"model":"vanilla_sets:ia_auto_gen/crimson_axe"},{"predicate":{"custom_model_data":10046},"model":"vanilla_sets:ia_auto_gen/amethyst_axe"},{"predicate":{"custom_model_data":10047},"model":"vanilla_sets:ia_auto_gen/bone_axe"},{"predicate":{"custom_model_data":10048},"model":"vanilla_sets:ia_auto_gen/nautilus_axe"},{"predicate":{"custom_model_data":24967},"model":"twilight_of_ender:axe"},{"predicate":{"custom_model_data":24968},"model":"item/netherite_axe"}]}