{"textures​":{"1":"\u0070\u006c\u006e\u0079_\u0063\u0068\u0072\u0069\u0073\u0074\u006d\u0061\u0073_2025_\u0073\u0065\u0074:\u0061\u0073\u0073\u0065\u0074\u0073_1","3":"\u0070\u006c\u006e\u0079_\u0063\u0068\u0072\u0069\u0073\u0074\u006d\u0061\u0073_2025_\u0073\u0065\u0074:\u0067\u0069\u0066\u0074_\u0062\u006f\u0078","5":"\u0070\u006c\u006e\u0079_\u0063\u0068\u0072\u0069\u0073\u0074\u006d\u0061\u0073_2025_\u0073\u0065\u0074:\u0073\u0068\u0069\u0065\u006c\u0064","7":"\u0070\u006c\u006e\u0079_\u0063\u0068\u0072\u0069\u0073\u0074\u006d\u0061\u0073_2025_\u0073\u0065\u0074:\u0061\u006e\u0069\u006d\u0061\u0074\u0065\u0064/\u0061\u006e\u0069\u006d\u0061\u0074\u0065\u0064_1","\u0070\u0061\u0072\u0074\u0069\u0063\u006c\u0065":"\u0070\u006c\u006e\u0079_\u0063\u0068\u0072\u0069\u0073\u0074\u006d\u0061\u0073_2025_\u0073\u0065\u0074:\u0061\u0073\u0073\u0065\u0074\u0073_1"},"format_version":"1.9.0","credit":"Pologony Creation Co.,Ltd.","texture_size":[40,40],"\u0074\u0065\u0078\u0074\u0075\u0072\u0065\u0073":{"1":"\u0070\u006c\u006e\u0079_\u0063\u0068\u0072\u0069\u0073\u0074\u006d\u0061\u0073_2025_\u0073\u0065\u0074:\u0061\u0073\u0073\u0065\u0074\u0073_1","3":"\u0070\u006c\u006e\u0079_\u0063\u0068\u0072\u0069\u0073\u0074\u006d\u0061\u0073_2025_\u0073\u0065\u0074:\u0067\u0069\u0066\u0074_\u0062\u006f\u0078","5":"\u0070\u006c\u006e\u0079_\u0063\u0068\u0072\u0069\u0073\u0074\u006d\u0061\u0073_2025_\u0073\u0065\u0074:\u0073\u0068\u0069\u0065\u006c\u0064","7":"\u0070\u006c\u006e\u0079_\u0063\u0068\u0072\u0069\u0073\u0074\u006d\u0061\u0073_2025_\u0073\u0065\u0074:\u0061\u006e\u0069\u006d\u0061\u0074\u0065\u0064/\u0061\u006e\u0069\u006d\u0061\u0074\u0065\u0064_1","\u0070\u0061\u0072\u0074\u0069\u0063\u006c\u0065":"\u0070\u006c\u006e\u0079_\u0063\u0068\u0072\u0069\u0073\u0074\u006d\u0061\u0073_2025_\u0073\u0065\u0074:\u0061\u0073\u0073\u0065\u0074\u0073_1"},"elements":[{"from":[7,5.25,7],"to":[9,6,9],"rotation":{"angle":0,"axis":"y","origin":[8,17.25889,8]},"faces":{"north":{"uv":[14,12.8,14.8,13.1],"texture":"#5"},"east":{"uv":[13.2,12,14,12.3],"texture":"#5"},"south":{"uv":[11.2,14,12,14.3],"texture":"#5"},"west":{"uv":[12.4,14,13.2,14.3],"texture":"#5"},"up":{"uv":[10.4,6,9.6,5.2],"rotation":90,"texture":"#5"},"down":{"uv":[10.4,9.6,9.6,10.4],"rotation":270,"texture":"#5"}}},{"from":[7,10,7],"to":[9,10.75,9],"rotation":{"angle":0,"axis":"y","origin":[8,17.25889,8]},"faces":{"north":{"uv":[14.4,4.8,15.2,5.1],"texture":"#5"},"east":{"uv":[13.6,14,14.4,14.3],"texture":"#5"},"south":{"uv":[0,14.4,0.8,14.7],"texture":"#5"},"west":{"uv":[1.2,14.4,2,14.7],"texture":"#5"},"up":{"uv":[8.4,10.8,7.6,10],"rotation":90,"texture":"#5"},"down":{"uv":[11.6,0,10.8,0.8],"rotation":270,"texture":"#5"}}},{"from":[7,10.5,7.25],"to":[9,12.5,8.75],"rotation":{"angle":45,"axis":"z","origin":[8,11.5,8]},"faces":{"north":{"uv":[10.8,6.8,11.6,7.6],"texture":"#5"},"east":{"uv":[8.8,12.4,9.4,13.2],"texture":"#5"},"south":{"uv":[10.8,5.6,11.6,6.4],"texture":"#5"},"west":{"uv":[12.8,0.8,13.4,1.6],"texture":"#5"},"up":{"uv":[13.4,3.6,12.8,2.8],"rotation":90,"texture":"#5"},"down":{"uv":[13.4,4,12.8,4.8],"rotation":270,"texture":"#5"}}},{"from":[7.25,10.75,8.75],"to":[8.75,12.25,9.25],"rotation":{"angle":45,"axis":"z","origin":[8,11.5,8.25]},"faces":{"east":{"uv":[14.8,14.4,15,15],"texture":"#5"},"south":{"uv":[8.8,13.6,9.4,14.2],"texture":"#5"},"west":{"uv":[0,15.2,0.2,15.8],"texture":"#5"},"up":{"uv":[15.4,0.6,15.2,0],"rotation":90,"texture":"#5"},"down":{"uv":[1,15.2,0.8,15.8],"rotation":270,"texture":"#5"}}},{"from":[7.49999,4.31066,4.25],"to":[8.49999,5.31066,7.5],"rotation":{"angle":-45,"axis":"z","origin":[7.99999,4.81066,6.5]},"faces":{"north":{"uv":[12.4,14.8,12.8,15.2],"texture":"#5"},"east":{"uv":[10.8,1.2,12.1,1.6],"texture":"#5"},"south":{"uv":[11.6,14.8,12,15.2],"texture":"#5"},"west":{"uv":[10,11.2,11.3,11.6],"texture":"#5"},"up":{"uv":[12.9,2.4,11.6,2],"rotation":90,"texture":"#5"},"down":{"uv":[13.3,0,12,0.4],"rotation":270,"texture":"#5"}}},{"from":[7.49999,10.98566,4.25],"to":[8.49999,11.98566,7.25],"rotation":{"angle":-45,"axis":"z","origin":[7.99999,11.48566,6.5]},"faces":{"north":{"uv":[14.8,13.6,15.2,14],"texture":"#5"},"east":{"uv":[4.4,12.8,5.6,13.2],"texture":"#5"},"south":{"uv":[13.2,14.8,13.6,15.2],"texture":"#5"},"west":{"uv":[12.8,5.2,14,5.6],"texture":"#5"},"up":{"uv":[7.2,13.2,6,12.8],"rotation":90,"texture":"#5"},"down":{"uv":[14,6,12.8,6.4],"rotation":270,"texture":"#5"}}},{"from":[10.46859,16.79029,3.25],"to":[12.96859,19.29029,4.75],"rotation":{"angle":-45,"axis":"z","origin":[8,21.75889,4]},"faces":{"north":{"uv":[8,0,9,1],"texture":"#5"},"east":{"uv":[10.8,9.6,11.4,10.6],"texture":"#5"},"south":{"uv":[7.2,6.4,8.2,7.4],"texture":"#5"},"west":{"uv":[5.2,11.2,5.8,12.2],"texture":"#5"},"up":{"uv":[7,12.2,6.4,11.2],"rotation":90,"texture":"#5"},"down":{"uv":[8.2,11.2,7.6,12.2],"rotation":270,"texture":"#5"}}},{"from":[10.71859,17.04029,2.75],"to":[12.71859,19.04029,5.25],"rotation":{"angle":-45,"axis":"z","origin":[8,21.75889,4]},"faces":{"north":{"uv":[10.8,4.4,11.6,5.2],"texture":"#5"},"east":{"uv":[8,4,9,4.8],"texture":"#5"},"south":{"uv":[10.8,3.2,11.6,4],"texture":"#5"},"west":{"uv":[5.2,8,6.2,8.8],"texture":"#5"},"up":{"uv":[9,6,8,5.2],"rotation":90,"texture":"#5"},"down":{"uv":[7.8,8,6.8,8.8],"rotation":270,"texture":"#5"}}},{"from":[7.375,6,7.375],"to":[8.625,10,8.625],"rotation":{"angle":0,"axis":"y","origin":[8,17.25889,8]},"faces":{"north":{"uv":[9.6,0,10.1,1.6],"texture":"#5"},"east":{"uv":[8.4,8,8.9,9.6],"texture":"#5"},"south":{"uv":[5.2,9.2,5.7,10.8],"texture":"#5"},"west":{"uv":[6.4,9.2,6.9,10.8],"texture":"#5"}}},{"from":[6.625,1.25,7.99],"to":[9.375,5.25,8.01],"rotation":{"angle":0,"axis":"y","origin":[8,17.25889,8]},"faces":{"north":{"uv":[0,0,2.75,4],"texture":"#1"},"south":{"uv":[2.75,0,0,4],"texture":"#1"}}},{"from":[-0.83623,5.32278,7.995],"to":[0.91377,8.32278,8.005],"rotation":{"angle":45,"axis":"z","origin":[8,17.25889,8]},"faces":{"north":{"uv":[4,0,5.75,3],"texture":"#1"},"south":{"uv":[5.75,0,4,3],"texture":"#1"}}},{"from":[15.08623,5.32278,7.995],"to":[16.83623,8.32278,8.005],"rotation":{"angle":-45,"axis":"z","origin":[8,17.25889,8]},"faces":{"north":{"uv":[5.75,0,4,3],"texture":"#1"},"south":{"uv":[4,0,5.75,3],"texture":"#1"}}},{"from":[16.05222,7.70666,7.5],"to":[17.55222,9.20666,8.5],"rotation":{"angle":-45,"axis":"z","origin":[8,17.25889,8]},"faces":{"north":{"uv":[5.6,13.6,6.2,14.2],"texture":"#5"},"east":{"uv":[3.6,14,4,14.6],"texture":"#5"},"south":{"uv":[4.4,13.6,5,14.2],"texture":"#5"},"west":{"uv":[14.4,5.6,14.8,6.2],"texture":"#5"},"up":{"uv":[14.8,7.4,14.4,6.8],"rotation":90,"texture":"#5"},"down":{"uv":[8,14.4,7.6,15],"rotation":270,"texture":"#5"}}},{"from":[6.20154,15.71263,3.375],"to":[9.45154,16.96263,4.625],"rotation":{"angle":22.5,"axis":"z","origin":[8,21.75889,4]},"faces":{"north":{"uv":[9.6,2,10.9,2.5],"texture":"#5"},"south":{"uv":[8.8,6.4,10.1,6.9],"texture":"#5"},"up":{"uv":[10.1,4.5,9.6,3.2],"rotation":90,"texture":"#5"},"down":{"uv":[10.1,7.6,9.6,8.9],"rotation":270,"texture":"#5"}}},{"from":[10.05542,17.66526,3.625],"to":[12.30542,18.91526,4.375],"rotation":{"angle":-22.5,"axis":"z","origin":[8,21.75889,4]},"faces":{"north":{"uv":[12.8,8,13.7,8.5],"texture":"#5"},"south":{"uv":[12.8,6.8,13.7,7.3],"texture":"#5"},"west":{"uv":[14,14.8,14.3,15.3],"texture":"#5"},"up":{"uv":[7.1,14.5,6.8,13.6],"rotation":90,"texture":"#5"}}},{"from":[12.36319,17.41406,3.125],"to":[13.61319,19.66406,4.875],"rotation":{"angle":-22.5,"axis":"z","origin":[8,21.75889,4]},"faces":{"north":{"uv":[12.8,9.2,13.3,10.1],"texture":"#5"},"east":{"uv":[10.8,8,11.5,8.9],"texture":"#5"},"south":{"uv":[7.6,12.8,8.1,13.7],"texture":"#5"},"west":{"uv":[8.8,10.8,9.5,11.7],"texture":"#5"},"up":{"uv":[10.7,14.1,10,13.6],"rotation":90,"texture":"#5"},"down":{"uv":[14.7,0,14,0.5],"rotation":270,"texture":"#5"}}},{"from":[7.5,15.05742,4.40754],"to":[8.5,15.80742,5.40754],"rotation":{"angle":22.5,"axis":"x","origin":[8,21.75889,4]},"faces":{"north":{"uv":[12,6,13,6.75],"texture":"#1"},"east":{"uv":[11,10,12,10.75],"texture":"#1"},"south":{"uv":[3,12,4,12.75],"texture":"#1"},"west":{"uv":[5,12,6,12.75],"texture":"#1"},"up":{"uv":[7,11,6,10],"rotation":90,"texture":"#1"}}},{"from":[7.25,14.05742,4.15754],"to":[8.75,15.05742,5.65754],"rotation":{"angle":22.5,"axis":"x","origin":[8,21.75889,4]},"faces":{"north":{"uv":[3,10,4.5,11],"texture":"#1"},"east":{"uv":[9,6,10.5,7],"texture":"#1"},"south":{"uv":[9,8,10.5,9],"texture":"#1"},"west":{"uv":[10,0,11.5,1],"texture":"#1"},"up":{"uv":[4.5,8.5,3,7],"rotation":90,"texture":"#1"},"down":{"uv":[7.5,7,6,8.5],"rotation":270,"texture":"#1"}}},{"from":[6.00146,15.104,2.375],"to":[6.75146,15.854,3.125],"rotation":{"angle":22.5,"axis":"z","origin":[8,21.75889,4]},"faces":{"north":{"uv":[2,14,2.75,14.75],"texture":"#1"},"east":{"uv":[13,0,13.75,0.75],"texture":"#1"},"south":{"uv":[13,10,13.75,10.75],"texture":"#1"},"west":{"uv":[13,12,13.75,12.75],"texture":"#1"},"up":{"uv":[14.75,2.75,14,2],"rotation":90,"texture":"#1"}}},{"from":[5.75146,14.354,2.125],"to":[7.00146,15.104,3.375],"rotation":{"angle":22.5,"axis":"z","origin":[8,21.75889,4]},"faces":{"north":{"uv":[11,4,12.25,4.75],"texture":"#1"},"east":{"uv":[8,10,9.25,10.75],"texture":"#1"},"south":{"uv":[0,11,1.25,11.75],"texture":"#1"},"west":{"uv":[11,2,12.25,2.75],"texture":"#1"},"up":{"uv":[1.25,9.25,0,8],"rotation":90,"texture":"#1"},"down":{"uv":[9.25,3,8,4.25],"rotation":270,"texture":"#1"}}},{"from":[9.24854,15.104,2.375],"to":[9.99854,15.854,3.125],"rotation":{"angle":-22.5,"axis":"z","origin":[8,21.75889,4]},"faces":{"north":{"uv":[2.75,14,2,14.75],"texture":"#1"},"east":{"uv":[13.75,12,13,12.75],"texture":"#1"},"south":{"uv":[13.75,10,13,10.75],"texture":"#1"},"west":{"uv":[13.75,0,13,0.75],"texture":"#1"},"up":{"uv":[14.75,2,14,2.75],"rotation":90,"texture":"#1"}}},{"from":[8.99854,14.354,2.125],"to":[10.24854,15.104,3.375],"rotation":{"angle":-22.5,"axis":"z","origin":[8,21.75889,4]},"faces":{"north":{"uv":[12.25,4,11,4.75],"texture":"#1"},"east":{"uv":[12.25,2,11,2.75],"texture":"#1"},"south":{"uv":[1.25,11,0,11.75],"texture":"#1"},"west":{"uv":[9.25,10,8,10.75],"texture":"#1"},"up":{"uv":[1.25,8,0,9.25],"rotation":90,"texture":"#1"},"down":{"uv":[9.25,4.25,8,3],"rotation":270,"texture":"#1"}}},{"from":[7.625,16,2],"to":[8.375,16.75,2.75],"rotation":{"angle":0,"axis":"y","origin":[8,21.75889,4]},"faces":{"north":{"uv":[9,12,9.75,12.75],"texture":"#1"},"east":{"uv":[7,12,7.75,12.75],"texture":"#1"},"west":{"uv":[12,8,12.75,8.75],"texture":"#1"},"up":{"uv":[11.75,12.75,11,12],"rotation":90,"texture":"#1"},"down":{"uv":[0.75,13,0,13.75],"rotation":270,"texture":"#1"}}},{"from":[9.18506,16.41113,2.225],"to":[9.68506,16.91113,2.725],"rotation":{"angle":-22.5,"axis":"z","origin":[8,21.75889,4]},"faces":{"north":{"uv":[0,15,0.5,15.5],"texture":"#1"},"east":{"uv":[10,14,10.5,14.5],"texture":"#1"},"south":{"uv":[12,14,12.5,14.5],"texture":"#1"},"west":{"uv":[14,14,14.5,14.5],"texture":"#1"},"up":{"uv":[15.5,0.5,15,0],"rotation":90,"texture":"#1"},"down":{"uv":[15.5,10,15,10.5],"rotation":270,"texture":"#1"}}},{"from":[6.31494,16.41113,2.225],"to":[6.81494,16.91113,2.725],"rotation":{"angle":22.5,"axis":"z","origin":[8,21.75889,4]},"faces":{"north":{"uv":[14,6,14.5,6.5],"texture":"#1"},"east":{"uv":[4,14,4.5,14.5],"texture":"#1"},"south":{"uv":[14,4,14.5,4.5],"texture":"#1"},"west":{"uv":[6,14,6.5,14.5],"texture":"#1"},"up":{"uv":[8.5,14.5,8,14],"rotation":90,"texture":"#1"},"down":{"uv":[14.5,8,14,8.5],"rotation":270,"texture":"#1"}}},{"from":[5.03141,17.04029,2.735],"to":[7.03141,18.54029,2.745],"rotation":{"angle":45,"axis":"z","origin":[8,21.75889,4]},"faces":{"north":{"uv":[0,5,2,6.5],"texture":"#1"},"south":{"uv":[2,5,0,6.5],"texture":"#1"}}},{"from":[10.96859,17.29029,2.735],"to":[12.46859,18.79029,2.765],"rotation":{"angle":-45,"axis":"z","origin":[8,21.75889,4]},"faces":{"north":{"uv":[7,0,8.5,1.5],"texture":"#1"}}},{"from":[10.70368,16.03868,2.715],"to":[13.45368,17.78868,2.735],"rotation":{"angle":-22.5,"axis":"z","origin":[8,21.75889,4]},"faces":{"north":{"uv":[4,4,6.75,5.75],"texture":"#1"},"south":{"uv":[6.75,4,4,5.75],"texture":"#1"}}},{"from":[2.54632,16.03868,2.715],"to":[5.29632,17.78868,2.735],"rotation":{"angle":22.5,"axis":"z","origin":[8,21.75889,4]},"faces":{"north":{"uv":[6.75,4,4,5.75],"texture":"#1"},"south":{"uv":[4,4,6.75,5.75],"texture":"#1"}}},{"from":[8.96859,17.04029,2.735],"to":[10.96859,18.54029,2.745],"rotation":{"angle":-45,"axis":"z","origin":[8,21.75889,4]},"faces":{"north":{"uv":[2,5,0,6.5],"texture":"#1"},"south":{"uv":[0,5,2,6.5],"texture":"#1"}}},{"from":[13.61319,17.91406,3.375],"to":[15.61319,19.16406,4.625],"rotation":{"angle":-22.5,"axis":"z","origin":[8,21.75889,4]},"faces":{"north":{"uv":[11.6,12.8,12.4,13.3],"texture":"#5"},"east":{"uv":[14,1.2,14.5,1.7],"texture":"#5"},"south":{"uv":[12.8,10.8,13.6,11.3],"texture":"#5"},"up":{"uv":[13.3,13.6,12.8,12.8],"rotation":90,"texture":"#5"},"down":{"uv":[1.7,13.2,1.2,14],"rotation":270,"texture":"#5"}}},{"from":[14.36319,19.16406,3.375],"to":[15.61319,20.41406,4.625],"rotation":{"angle":-22.5,"axis":"z","origin":[8,21.75889,4]},"faces":{"north":{"uv":[14,9.2,14.5,9.7],"texture":"#5"},"east":{"uv":[2.4,14,2.9,14.5],"texture":"#5"},"south":{"uv":[14,2.4,14.5,2.9],"texture":"#5"},"west":{"uv":[14,3.6,14.5,4.1],"texture":"#5"},"up":{"uv":[14.5,10.9,14,10.4],"rotation":90,"texture":"#5"}}},{"from":[13.86319,19.91406,3.375],"to":[14.36319,20.41406,4.625],"rotation":{"angle":-22.5,"axis":"z","origin":[8,21.75889,4]},"faces":{"north":{"uv":[15.2,2.8,15.4,3],"texture":"#5"},"south":{"uv":[2.8,15.2,3,15.4],"texture":"#5"},"west":{"uv":[15.2,1.2,15.7,1.4],"texture":"#5"},"up":{"uv":[2.1,15.4,1.6,15.2],"rotation":90,"texture":"#5"},"down":{"uv":[15.7,2,15.2,2.2],"rotation":270,"texture":"#5"}}},{"from":[3.69458,17.66526,3.625],"to":[5.94458,18.91526,4.375],"rotation":{"angle":22.5,"axis":"z","origin":[8,21.75889,4]},"faces":{"north":{"uv":[13.7,8,12.8,8.5],"texture":"#5"},"east":{"uv":[14.3,14.8,14,15.3],"texture":"#5"},"south":{"uv":[13.7,6.8,12.8,7.3],"texture":"#5"},"up":{"uv":[7.1,13.6,6.8,14.5],"rotation":90,"texture":"#5"}}},{"from":[6.54846,15.71263,3.375],"to":[9.79846,16.96263,4.625],"rotation":{"angle":-22.5,"axis":"z","origin":[8,21.75889,4]},"faces":{"north":{"uv":[10.9,2,9.6,2.5],"texture":"#5"},"south":{"uv":[10.1,6.4,8.8,6.9],"texture":"#5"},"up":{"uv":[10.1,3.2,9.6,4.5],"rotation":90,"texture":"#5"},"down":{"uv":[10.1,8.9,9.6,7.6],"rotation":270,"texture":"#5"}}},{"from":[2.38681,17.41406,3.125],"to":[3.63681,19.66406,4.875],"rotation":{"angle":22.5,"axis":"z","origin":[8,21.75889,4]},"faces":{"north":{"uv":[13.3,9.2,12.8,10.1],"texture":"#5"},"east":{"uv":[9.5,10.8,8.8,11.7],"texture":"#5"},"south":{"uv":[8.1,12.8,7.6,13.7],"texture":"#5"},"west":{"uv":[11.5,8,10.8,8.9],"texture":"#5"},"up":{"uv":[10.7,13.6,10,14.1],"rotation":90,"texture":"#5"},"down":{"uv":[14.7,0.5,14,0],"rotation":270,"texture":"#5"}}},{"from":[0.38681,17.91406,3.375],"to":[2.38681,19.16406,4.625],"rotation":{"angle":22.5,"axis":"z","origin":[8,21.75889,4]},"faces":{"north":{"uv":[12.4,12.8,11.6,13.3],"texture":"#5"},"south":{"uv":[13.6,10.8,12.8,11.3],"texture":"#5"},"west":{"uv":[14.5,1.2,14,1.7],"texture":"#5"},"up":{"uv":[13.3,12.8,12.8,13.6],"rotation":90,"texture":"#5"},"down":{"uv":[1.7,14,1.2,13.2],"rotation":270,"texture":"#5"}}},{"from":[0.38681,19.16406,3.375],"to":[1.63681,20.41406,4.625],"rotation":{"angle":22.5,"axis":"z","origin":[8,21.75889,4]},"faces":{"north":{"uv":[14.5,9.2,14,9.7],"texture":"#5"},"east":{"uv":[14.5,3.6,14,4.1],"texture":"#5"},"south":{"uv":[14.5,2.4,14,2.9],"texture":"#5"},"west":{"uv":[2.9,14,2.4,14.5],"texture":"#5"},"up":{"uv":[14.5,10.4,14,10.9],"rotation":90,"texture":"#5"}}},{"from":[1.63681,19.91406,3.375],"to":[2.13681,20.41406,4.625],"rotation":{"angle":22.5,"axis":"z","origin":[8,21.75889,4]},"faces":{"north":{"uv":[15.4,2.8,15.2,3],"texture":"#5"},"east":{"uv":[15.7,1.2,15.2,1.4],"texture":"#5"},"south":{"uv":[3,15.2,2.8,15.4],"texture":"#5"},"up":{"uv":[2.1,15.2,1.6,15.4],"rotation":90,"texture":"#5"},"down":{"uv":[15.7,2.2,15.2,2],"rotation":270,"texture":"#5"}}},{"from":[8.40224,15,3],"to":[16.40224,20,5],"light_emission":15,"rotation":{"angle":22.5,"axis":"z","origin":[12.40224,17.5,4]},"faces":{"north":{"uv":[0,0,16,10],"texture":"#7"},"south":{"uv":[16,0,0,10],"texture":"#7"}}},{"from":[-0.40224,15,3],"to":[7.59776,20,5],"light_emission":15,"rotation":{"angle":-22.5,"axis":"z","origin":[3.59776,17.5,4]},"faces":{"north":{"uv":[16,0,0,10],"texture":"#7"},"south":{"uv":[0,0,16,10],"texture":"#7"}}},{"from":[11.65224,15.25,3.25],"to":[13.40224,16.75,4.75],"light_emission":15,"rotation":{"angle":22.5,"axis":"z","origin":[12.52724,16,4]},"faces":{"north":{"uv":[1,11.5,4.5,14.5],"texture":"#7"},"south":{"uv":[4.5,11.5,1,14.5],"texture":"#7"}}},{"from":[8.875,9.25,3.625],"to":[10.625,10.75,4.375],"light_emission":15,"rotation":{"angle":0,"axis":"y","origin":[9.75,12,4]},"faces":{"north":{"uv":[1,11.5,4.5,14.5],"texture":"#7"}}},{"from":[7.125,18,2.55],"to":[8.875,19.75,2.55],"light_emission":15,"rotation":{"angle":45,"axis":"z","origin":[8,18.875,2.55]},"faces":{"north":{"uv":[11.5,11.5,15,15],"rotation":270,"texture":"#7"}}},{"from":[9.90224,18.25,3.25],"to":[11.15224,19.25,4.75],"light_emission":15,"rotation":{"angle":0,"axis":"y","origin":[10.52724,18.75,4]},"faces":{"north":{"uv":[6.5,12,9,14],"texture":"#7"},"south":{"uv":[9,12,6.5,14],"texture":"#7"}}},{"from":[5.375,7.5,3.7],"to":[6.625,8.5,4.3],"light_emission":15,"rotation":{"angle":0,"axis":"y","origin":[6,12,4]},"faces":{"north":{"uv":[6.5,12,9,14],"texture":"#7"}}},{"from":[9.375,3,3.7],"to":[10.625,4,4.3],"light_emission":15,"rotation":{"angle":0,"axis":"y","origin":[8,5.5,4]},"faces":{"north":{"uv":[6.5,12,9,14],"texture":"#7"}}},{"from":[-0.15224,15.75,3.25],"to":[1.59776,17.5,4.75],"light_emission":15,"rotation":{"angle":22.5,"axis":"z","origin":[0.72276,16.625,4]},"faces":{"north":{"uv":[15,11.5,11.5,15],"texture":"#7"},"south":{"uv":[11.5,11.5,15,15],"texture":"#7"}}},{"from":[14.40224,15.75,3.25],"to":[16.15224,17.5,4.75],"light_emission":15,"rotation":{"angle":-22.5,"axis":"z","origin":[15.27724,16.625,4]},"faces":{"north":{"uv":[11.5,11.5,15,15],"texture":"#7"},"south":{"uv":[15,11.5,11.5,15],"texture":"#7"}}},{"from":[2.59776,15.25,3.25],"to":[4.34776,16.75,4.75],"light_emission":15,"rotation":{"angle":-22.5,"axis":"z","origin":[3.47276,16,4]},"faces":{"north":{"uv":[4.5,11.5,1,14.5],"texture":"#7"},"south":{"uv":[1,11.5,4.5,14.5],"texture":"#7"}}},{"from":[4.84776,18.25,3.25],"to":[6.09776,19.25,4.75],"light_emission":15,"rotation":{"angle":0,"axis":"y","origin":[5.47276,18.75,4]},"faces":{"north":{"uv":[9,12,6.5,14],"texture":"#7"},"south":{"uv":[6.5,12,9,14],"texture":"#7"}}},{"from":[7,-0.09768,1.77816],"to":[9,1.40232,3.77816],"rotation":{"angle":0,"axis":"z","origin":[7.7871,1.86046,2.77816]},"faces":{"north":{"uv":[6.4,2.4,8,3.6],"texture":"#3"},"east":{"uv":[4.8,6.4,6.4,7.6],"texture":"#3"},"south":{"uv":[7.2,4.8,8.8,6],"texture":"#3"},"west":{"uv":[2.4,6.4,4,7.6],"texture":"#3"},"down":{"uv":[1.6,6.4,0,8],"rotation":90,"texture":"#3"}}},{"from":[6.75,1.40232,1.52816],"to":[9.25,2.15232,4.02816],"rotation":{"angle":0,"axis":"z","origin":[7.7871,1.86046,2.77816]},"faces":{"north":{"uv":[0,8.8,2,9.4],"texture":"#3"},"east":{"uv":[8.8,0,10.8,0.6],"texture":"#3"},"south":{"uv":[8.8,1.6,10.8,2.2],"texture":"#3"},"west":{"uv":[7.2,7.2,9.2,7.8],"texture":"#3"},"up":{"uv":[2,2,0,0],"rotation":270,"texture":"#3"},"down":{"uv":[2,3.2,0,5.2],"rotation":90,"texture":"#3"}}},{"from":[7.75,2.15232,2.27816],"to":[8.25,2.40232,3.27816],"rotation":{"angle":0,"axis":"z","origin":[7.7871,1.86046,2.77816]},"faces":{"north":{"uv":[11.2,13.6,11.6,13.8],"texture":"#3"},"east":{"uv":[9.6,13.6,10.4,13.8],"texture":"#3"},"south":{"uv":[14.4,0,14.8,0.2],"texture":"#3"},"west":{"uv":[8,13.6,8.8,13.8],"texture":"#3"},"up":{"uv":[7.2,14,6.4,13.6],"rotation":270,"texture":"#3"}}},{"from":[6.62808,1.93429,2.03166],"to":[7.62808,2.93429,3.52466],"rotation":{"angle":-22.5,"axis":"z","origin":[7.7871,1.86046,2.77816]},"faces":{"north":{"uv":[4.8,12,5.6,12.8],"texture":"#3"},"east":{"uv":[10.4,8,11.6,8.8],"texture":"#3"},"south":{"uv":[6.4,12,7.2,12.8],"texture":"#3"},"west":{"uv":[10.4,6.4,11.6,7.2],"texture":"#3"},"up":{"uv":[10.8,11.2,9.6,10.4],"rotation":270,"texture":"#3"},"down":{"uv":[12.4,3.2,11.2,4],"rotation":90,"texture":"#3"}}},{"from":[8.33951,1.77135,2.02816],"to":[9.33951,2.77135,3.52816],"rotation":{"angle":22.5,"axis":"z","origin":[7.7871,1.86046,2.77816]},"faces":{"north":{"uv":[5.6,12,4.8,12.8],"texture":"#3"},"east":{"uv":[11.6,6.4,10.4,7.2],"texture":"#3"},"south":{"uv":[7.2,12,6.4,12.8],"texture":"#3"},"west":{"uv":[11.6,8,10.4,8.8],"texture":"#3"},"up":{"uv":[10.8,10.4,9.6,11.2],"rotation":270,"texture":"#3"},"down":{"uv":[12.4,4,11.2,3.2],"rotation":90,"texture":"#3"}}},{"from":[5.125,-0.25,2.125],"to":[6.875,0.75,3.875],"rotation":{"angle":22.5,"axis":"z","origin":[6,1.03858,3]},"faces":{"north":{"uv":[8,8.8,9.4,9.6],"texture":"#3"},"east":{"uv":[3.2,8.8,4.6,9.6],"texture":"#3"},"south":{"uv":[8.8,3.2,10.2,4],"texture":"#3"},"west":{"uv":[5.6,8.8,7,9.6],"texture":"#3"},"down":{"uv":[7.8,0,6.4,1.4],"rotation":270,"texture":"#3"}}},{"from":[4.875,0.75,1.875],"to":[7.125,1.5,4.125],"rotation":{"angle":22.5,"axis":"z","origin":[6,1.03858,3]},"faces":{"north":{"uv":[6.4,10.4,8.2,11],"texture":"#3"},"east":{"uv":[9.6,4.8,11.4,5.4],"texture":"#3"},"south":{"uv":[0,10.4,1.8,11],"texture":"#3"},"west":{"uv":[3.2,10.4,5,11],"texture":"#3"},"up":{"uv":[5,1.8,3.2,0],"rotation":90,"texture":"#3"},"down":{"uv":[5,3.2,3.2,5],"rotation":270,"texture":"#3"}}},{"from":[4.92178,1.22586,2.5],"to":[5.67178,1.97586,3.5],"rotation":{"angle":0,"axis":"y","origin":[6,1.03858,3]},"faces":{"north":{"uv":[3.8,13.6,3.2,14.2],"texture":"#3"},"east":{"uv":[12,12,11.2,12.6],"texture":"#3"},"south":{"uv":[2.2,13.6,1.6,14.2],"texture":"#3"},"west":{"uv":[12.8,9.6,12,10.2],"texture":"#3"},"up":{"uv":[13.6,4.8,12.8,5.4],"rotation":90,"texture":"#3"},"down":{"uv":[13.6,7,12.8,6.4],"rotation":270,"texture":"#3"}}},{"from":[6.32822,1.22586,2.5035],"to":[7.07822,1.97586,3.4965],"rotation":{"angle":45,"axis":"z","origin":[6,1.03858,3]},"faces":{"north":{"uv":[3.2,13.6,3.8,14.2],"texture":"#3"},"east":{"uv":[12,9.6,12.8,10.2],"texture":"#3"},"south":{"uv":[1.6,13.6,2.2,14.2],"texture":"#3"},"west":{"uv":[11.2,12,12,12.6],"texture":"#3"},"up":{"uv":[13.6,5.4,12.8,4.8],"rotation":90,"texture":"#3"},"down":{"uv":[13.6,6.4,12.8,7],"rotation":270,"texture":"#3"}}},{"from":[5.75,1.5,2.75],"to":[6.25,1.75,3.25],"rotation":{"angle":22.5,"axis":"z","origin":[6,1.03858,3]},"faces":{"north":{"uv":[14.4,8,14.8,8.2],"texture":"#3"},"east":{"uv":[14.4,1.6,14.8,1.8],"texture":"#3"},"south":{"uv":[14.4,4.8,14.8,5],"texture":"#3"},"west":{"uv":[14.4,6.4,14.8,6.6],"texture":"#3"},"up":{"uv":[14,10,13.6,9.6],"rotation":90,"texture":"#3"}}},{"from":[9.125,-0.25,2.125],"to":[10.875,0.75,3.875],"rotation":{"angle":-22.5,"axis":"z","origin":[10,1.03858,3]},"faces":{"north":{"uv":[9.4,8.8,8,9.6],"texture":"#3"},"east":{"uv":[7,8.8,5.6,9.6],"texture":"#3"},"south":{"uv":[10.2,3.2,8.8,4],"texture":"#3"},"west":{"uv":[4.6,8.8,3.2,9.6],"texture":"#3"},"down":{"uv":[7.8,1.4,6.4,0],"rotation":270,"texture":"#3"}}},{"from":[8.875,0.75,1.875],"to":[11.125,1.5,4.125],"rotation":{"angle":-22.5,"axis":"z","origin":[10,1.03858,3]},"faces":{"north":{"uv":[8.2,10.4,6.4,11],"texture":"#3"},"east":{"uv":[5,10.4,3.2,11],"texture":"#3"},"south":{"uv":[1.8,10.4,0,11],"texture":"#3"},"west":{"uv":[11.4,4.8,9.6,5.4],"texture":"#3"},"up":{"uv":[5,0,3.2,1.8],"rotation":90,"texture":"#3"},"down":{"uv":[5,5,3.2,3.2],"rotation":270,"texture":"#3"}}},{"from":[10.32822,1.22586,2.5],"to":[11.07822,1.97586,3.5],"rotation":{"angle":0,"axis":"y","origin":[10,1.03858,3]},"faces":{"north":{"uv":[3.2,13.6,3.8,14.2],"texture":"#3"},"east":{"uv":[12,9.6,12.8,10.2],"texture":"#3"},"south":{"uv":[1.6,13.6,2.2,14.2],"texture":"#3"},"west":{"uv":[11.2,12,12,12.6],"texture":"#3"},"up":{"uv":[13.6,5.4,12.8,4.8],"rotation":90,"texture":"#3"},"down":{"uv":[13.6,6.4,12.8,7],"rotation":270,"texture":"#3"}}},{"from":[8.92178,1.22586,2.5035],"to":[9.67178,1.97586,3.4965],"rotation":{"angle":-45,"axis":"z","origin":[10,1.03858,3]},"faces":{"north":{"uv":[3.8,13.6,3.2,14.2],"texture":"#3"},"east":{"uv":[12,12,11.2,12.6],"texture":"#3"},"south":{"uv":[2.2,13.6,1.6,14.2],"texture":"#3"},"west":{"uv":[12.8,9.6,12,10.2],"texture":"#3"},"up":{"uv":[13.6,4.8,12.8,5.4],"rotation":90,"texture":"#3"},"down":{"uv":[13.6,7,12.8,6.4],"rotation":270,"texture":"#3"}}},{"from":[9.75,1.5,2.75],"to":[10.25,1.75,3.25],"rotation":{"angle":-22.5,"axis":"z","origin":[10,1.03858,3]},"faces":{"north":{"uv":[14.8,8,14.4,8.2],"texture":"#3"},"east":{"uv":[14.8,6.4,14.4,6.6],"texture":"#3"},"south":{"uv":[14.8,4.8,14.4,5],"texture":"#3"},"west":{"uv":[14.8,1.6,14.4,1.8],"texture":"#3"},"up":{"uv":[14,9.6,13.6,10],"rotation":90,"texture":"#3"}}},{"from":[5,2.25,3.75],"to":[11,17.25,4.25],"rotation":{"angle":0,"axis":"y","origin":[12.5,16.25,3.5]},"faces":{"north":{"uv":[2.8,0,5.2,6],"texture":"#5"},"east":{"uv":[4.4,6.4,4.6,12.4],"texture":"#5"},"south":{"uv":[0,0,2.4,6],"texture":"#5"},"west":{"uv":[7.2,0,7.4,6],"texture":"#5"},"up":{"uv":[12.2,5.2,12,2.8],"rotation":90,"texture":"#5"},"down":{"uv":[12.2,5.6,12,8],"rotation":270,"texture":"#5"}}},{"from":[6.5,0.25,3.75],"to":[9.5,2.25,4.25],"rotation":{"angle":0,"axis":"y","origin":[12.5,15.25,3.5]},"faces":{"north":{"uv":[8,2.8,9.2,3.6],"texture":"#5"},"east":{"uv":[9.2,14.8,9.4,15.6],"texture":"#5"},"south":{"uv":[8,1.6,9.2,2.4],"texture":"#5"},"west":{"uv":[10,14.8,10.2,15.6],"texture":"#5"},"up":{"uv":[4.6,16,4.4,14.8],"rotation":90,"texture":"#5"},"down":{"uv":[5.4,14.8,5.2,16],"rotation":270,"texture":"#5"}}},{"from":[9.5,-0.75,3.5],"to":[10.5,2.25,4.5],"rotation":{"angle":0,"axis":"y","origin":[16,15.25,3.5]},"faces":{"north":{"uv":[10.8,12,11.2,13.2],"texture":"#5"},"east":{"uv":[12,8.4,12.4,9.6],"texture":"#5"},"south":{"uv":[10,12,10.4,13.2],"texture":"#5"},"west":{"uv":[12,10,12.4,11.2],"texture":"#5"},"up":{"uv":[8,9.6,7.6,9.2],"rotation":90,"texture":"#5"},"down":{"uv":[9.2,10,8.8,10.4],"rotation":270,"texture":"#5"}}},{"from":[10.5,1.25,3.5],"to":[12,2.25,4.5],"rotation":{"angle":0,"axis":"y","origin":[16.5,15.25,3.5]},"faces":{"north":{"uv":[14.4,11.6,15,12],"texture":"#5"},"east":{"uv":[10.8,14.8,11.2,15.2],"texture":"#5"},"south":{"uv":[14.4,8,15,8.4],"texture":"#5"},"up":{"uv":[6.4,15.4,6,14.8],"rotation":90,"texture":"#5"},"down":{"uv":[8.8,14.8,8.4,15.4],"rotation":270,"texture":"#5"}}},{"from":[11,2.25,3.5],"to":[12,16.25,4.5],"rotation":{"angle":0,"axis":"y","origin":[16.5,16.25,3.5]},"faces":{"north":{"uv":[3.6,6.4,4,12],"texture":"#5"},"east":{"uv":[1.2,6.4,1.6,12],"texture":"#5"},"south":{"uv":[2,6.4,2.4,12],"texture":"#5"},"west":{"uv":[2.8,6.4,3.2,12],"texture":"#5"}}},{"from":[4,2.25,3.5],"to":[5,16.25,4.5],"rotation":{"angle":0,"axis":"y","origin":[-0.5,16.25,3.5]},"faces":{"north":{"uv":[4,6.4,3.6,12],"texture":"#5"},"east":{"uv":[3.2,6.4,2.8,12],"texture":"#5"},"south":{"uv":[2.4,6.4,2,12],"texture":"#5"},"west":{"uv":[1.6,6.4,1.2,12],"texture":"#5"}}},{"from":[4,1.25,3.5],"to":[5.5,2.25,4.5],"rotation":{"angle":0,"axis":"y","origin":[-0.5,15.25,3.5]},"faces":{"north":{"uv":[15,11.6,14.4,12],"texture":"#5"},"south":{"uv":[15,8,14.4,8.4],"texture":"#5"},"west":{"uv":[11.2,14.8,10.8,15.2],"texture":"#5"},"up":{"uv":[6.4,14.8,6,15.4],"rotation":90,"texture":"#5"},"down":{"uv":[8.8,15.4,8.4,14.8],"rotation":270,"texture":"#5"}}},{"from":[5.5,-0.75,3.5],"to":[6.5,2.25,4.5],"rotation":{"angle":0,"axis":"y","origin":[0,15.25,3.5]},"faces":{"north":{"uv":[11.2,12,10.8,13.2],"texture":"#5"},"east":{"uv":[12.4,10,12,11.2],"texture":"#5"},"south":{"uv":[10.4,12,10,13.2],"texture":"#5"},"west":{"uv":[12.4,8.4,12,9.6],"texture":"#5"},"up":{"uv":[8,9.2,7.6,9.6],"rotation":90,"texture":"#5"},"down":{"uv":[9.2,10.4,8.8,10],"rotation":270,"texture":"#5"}}},{"from":[6.5,-0.75,3.5],"to":[9.5,0.25,4.5],"rotation":{"angle":0,"axis":"x","origin":[8.625,-0.25,4]},"faces":{"north":{"uv":[1.2,12.4,2.4,12.8],"texture":"#5"},"south":{"uv":[11.6,12,12.8,12.4],"texture":"#5"},"up":{"uv":[3.2,13.6,2.8,12.4],"rotation":90,"texture":"#5"},"down":{"uv":[4,12.4,3.6,13.6],"rotation":270,"texture":"#5"}}},{"from":[9.5,-2.75,4],"to":[12.5,16.25,4.01],"rotation":{"angle":0,"axis":"y","origin":[11.5,0.25,4]},"faces":{"north":{"uv":[5.6,0,6.8,7.6],"texture":"#5"},"south":{"uv":[6.8,0,5.6,7.6],"texture":"#5"}}},{"from":[12.20711,-2.75,4.70711],"to":[14.20711,16.25,4.71711],"rotation":{"angle":-45,"axis":"y","origin":[13.20711,0.25,4.70711]},"faces":{"north":{"uv":[0,6.4,0.8,14],"texture":"#5"},"south":{"uv":[0.8,6.4,0,14],"texture":"#5"}}},{"from":[3.5,-2.75,4],"to":[6.5,16.25,4.01],"rotation":{"angle":0,"axis":"y","origin":[4.5,0.25,4]},"faces":{"north":{"uv":[6.8,0,5.6,7.6],"texture":"#5"},"south":{"uv":[5.6,0,6.8,7.6],"texture":"#5"}}},{"from":[1.79289,-2.75,4.70711],"to":[3.79289,16.25,4.71711],"rotation":{"angle":45,"axis":"y","origin":[2.79289,0.25,4.70711]},"faces":{"north":{"uv":[0.8,6.4,0,14],"texture":"#5"},"south":{"uv":[0,6.4,0.8,14],"texture":"#5"}}}],"gui_light":"front","display":{"thirdperson_righthand":{"rotation":[30,-35,0],"translation":[0,-1.5,0.5]},"thirdperson_lefthand":{"rotation":[30,-35,0],"translation":[0,-1.5,0.5]},"firstperson_righthand":{"translation":[-9,0.25,1.5],"scale":[0.7,0.7,0.7]},"firstperson_lefthand":{"translation":[-9,0.25,1.5],"scale":[0.7,0.7,0.7]},"ground":{"rotation":[45,0,0],"translation":[0,5,0],"scale":[0.7,0.7,0.7]},"gui":{"rotation":[0,-180,45],"translation":[-0.5,-0.5,0],"scale":[0.83,0.83,0.83]},"fixed":{"translation":[0,0,-0.5],"scale":[2,2,2]},"on_shelf":{"rotation":[0,-180,0],"translation":[0,2.75,0],"scale":[0.8,0.8,0.8]}},"mcmodels":"0d33c5d5dba6a49311e6d245ef7d2232"}