{"textures​":{"layer0":"minecraft:item/dead_brain_coral_fan"},"format_version":"1.9.0","credit":"Pologony Creation Co.,Ltd.","texture_size":[24,24],"\u0074\u0065\u0078\u0074\u0075\u0072\u0065\u0073":{"1":"\u0070\u006c\u006e\u0079_\u0063\u0068\u0072\u0069\u0073\u0074\u006d\u0061\u0073_2025_\u0073\u0065\u0074:\u0061\u0073\u0073\u0065\u0074\u0073_1","2":"\u0070\u006c\u006e\u0079_\u0063\u0068\u0072\u0069\u0073\u0074\u006d\u0061\u0073_2025_\u0073\u0065\u0074:\u0073\u0077\u006f\u0072\u0064","3":"\u0070\u006c\u006e\u0079_\u0063\u0068\u0072\u0069\u0073\u0074\u006d\u0061\u0073_2025_\u0073\u0065\u0074:\u0061\u006e\u0069\u006d\u0061\u0074\u0065\u0064/\u0061\u006e\u0069\u006d\u0061\u0074\u0065\u0064_1","4":"\u0070\u006c\u006e\u0079_\u0063\u0068\u0072\u0069\u0073\u0074\u006d\u0061\u0073_2025_\u0073\u0065\u0074:\u0061\u006e\u0069\u006d\u0061\u0074\u0065\u0064/\u0061\u006e\u0069\u006d\u0061\u0074\u0065\u0064_2","\u0070\u0061\u0072\u0074\u0069\u0063\u006c\u0065":"\u0070\u006c\u006e\u0079_\u0063\u0068\u0072\u0069\u0073\u0074\u006d\u0061\u0073_2025_\u0073\u0065\u0074:\u0061\u0073\u0073\u0065\u0074\u0073_1"},"elements":[{"from":[7,0.75,7],"to":[9,1.5,9],"rotation":{"angle":0,"axis":"x","origin":[8,12.75889,8]},"faces":{"north":{"uv":[13.2,1.2,14,1.5],"texture":"#2"},"east":{"uv":[6,13.2,6.8,13.5],"texture":"#2"},"south":{"uv":[12.8,13.2,13.6,13.5],"texture":"#2"},"west":{"uv":[13.6,2,14.4,2.3],"texture":"#2"},"up":{"uv":[2,10.8,1.2,10],"texture":"#2"},"down":{"uv":[3.2,10,2.4,10.8],"texture":"#2"}}},{"from":[7,5.5,7],"to":[9,6.25,9],"rotation":{"angle":0,"axis":"x","origin":[8,12.75889,8]},"faces":{"north":{"uv":[13.6,2.8,14.4,3.1],"texture":"#2"},"east":{"uv":[3.6,13.6,4.4,13.9],"texture":"#2"},"south":{"uv":[13.6,3.6,14.4,3.9],"texture":"#2"},"west":{"uv":[13.6,4.4,14.4,4.7],"texture":"#2"},"up":{"uv":[10.8,4,10,3.2],"texture":"#2"},"down":{"uv":[10.8,4.4,10,5.2],"texture":"#2"}}},{"from":[7.25,7.79029,3.03141],"to":[8.75,10.29029,5.53141],"rotation":{"angle":-45,"axis":"x","origin":[8,12.75889,8]},"faces":{"north":{"uv":[1.2,11.2,1.8,12.2],"texture":"#2"},"east":{"uv":[7.6,0,8.6,1],"texture":"#2"},"south":{"uv":[2.4,11.2,3,12.2],"texture":"#2"},"west":{"uv":[7.6,1.6,8.6,2.6],"texture":"#2"},"up":{"uv":[11.8,3.8,11.2,2.8],"texture":"#2"},"down":{"uv":[11.8,4.4,11.2,5.4],"texture":"#2"}}},{"from":[6.75,8.04029,3.28141],"to":[9.25,10.04029,5.28141],"rotation":{"angle":-45,"axis":"x","origin":[8,12.75889,8]},"faces":{"north":{"uv":[8.4,3.2,9.4,4],"texture":"#2"},"east":{"uv":[10,5.6,10.8,6.4],"texture":"#2"},"south":{"uv":[8.4,4.4,9.4,5.2],"texture":"#2"},"west":{"uv":[9.2,10,10,10.8],"texture":"#2"},"up":{"uv":[9.4,6.4,8.4,5.6],"texture":"#2"},"down":{"uv":[7.4,8.4,6.4,9.2],"texture":"#2"}}},{"from":[7.375,1.5,7.375],"to":[8.625,5.5,8.625],"rotation":{"angle":0,"axis":"x","origin":[8,12.75889,8]},"faces":{"north":{"uv":[8.4,6.8,8.9,8.4],"texture":"#2"},"east":{"uv":[8,8.8,8.5,10.4],"texture":"#2"},"south":{"uv":[9.2,0,9.7,1.6],"texture":"#2"},"west":{"uv":[5.2,9.2,5.7,10.8],"texture":"#2"}}},{"from":[7.99,-3.25,6.625],"to":[8.01,0.75,9.375],"rotation":{"angle":0,"axis":"y","origin":[8,12.75889,8]},"faces":{"east":{"uv":[2.75,0,0,4],"texture":"#1"},"west":{"uv":[0,0,2.75,4],"texture":"#1"}}},{"from":[7.995,0.82278,15.08623],"to":[8.005,3.82278,16.83623],"rotation":{"angle":45,"axis":"x","origin":[8,12.75889,8]},"faces":{"east":{"uv":[5.75,0,4,3],"texture":"#1"},"west":{"uv":[4,0,5.75,3],"texture":"#1"}}},{"from":[7.995,0.82278,-0.83623],"to":[8.005,3.82278,0.91377],"rotation":{"angle":-45,"axis":"x","origin":[8,12.75889,8]},"faces":{"east":{"uv":[4,0,5.75,3],"texture":"#1"},"west":{"uv":[5.75,0,4,3],"texture":"#1"}}},{"from":[7.5,3.20666,-1.55222],"to":[8.5,4.70666,-0.05222],"rotation":{"angle":-45,"axis":"x","origin":[8,12.75889,8]},"faces":{"north":{"uv":[6,3.6,6.4,4.2],"texture":"#2"},"east":{"uv":[12.4,3.6,13,4.2],"texture":"#2"},"south":{"uv":[7.2,13.6,7.6,14.2],"texture":"#2"},"west":{"uv":[12.4,4.8,13,5.4],"texture":"#2"},"up":{"uv":[14,7.8,13.6,7.2],"texture":"#2"},"down":{"uv":[8.4,13.6,8,14.2],"texture":"#2"}}},{"from":[7.375,6.71263,6.54846],"to":[8.625,7.96263,9.79846],"rotation":{"angle":22.5,"axis":"x","origin":[8,12.75889,8]},"faces":{"east":{"uv":[9.2,8.8,10.5,9.3],"texture":"#2"},"west":{"uv":[9.6,6.8,10.9,7.3],"texture":"#2"},"up":{"uv":[6.9,10.9,6.4,9.6],"texture":"#2"},"down":{"uv":[0.5,10,0,11.3],"texture":"#2"}}},{"from":[7.625,8.66526,3.69458],"to":[8.375,9.91526,5.94458],"rotation":{"angle":-22.5,"axis":"x","origin":[8,12.75889,8]},"faces":{"east":{"uv":[9.6,11.2,10.5,11.7],"texture":"#2"},"south":{"uv":[14,12,14.3,12.5],"texture":"#2"},"west":{"uv":[11.2,11.2,12.1,11.7],"texture":"#2"},"up":{"uv":[11.1,13.3,10.8,12.4],"texture":"#2"}}},{"from":[7.125,8.41406,2.38681],"to":[8.875,10.66406,3.63681],"rotation":{"angle":-22.5,"axis":"x","origin":[8,12.75889,8]},"faces":{"north":{"uv":[10.8,1.2,11.5,2.1],"texture":"#2"},"east":{"uv":[6,11.6,6.5,12.5],"texture":"#2"},"south":{"uv":[7.6,10.8,8.3,11.7],"texture":"#2"},"west":{"uv":[11.6,6,12.1,6.9],"texture":"#2"},"up":{"uv":[13.1,8.1,12.4,7.6],"texture":"#2"},"down":{"uv":[10.3,12.4,9.6,12.9],"texture":"#2"}}},{"from":[8.40754,6.05742,7.5],"to":[9.40754,6.80742,8.5],"rotation":{"angle":-22.5,"axis":"z","origin":[8,12.75889,8]},"faces":{"north":{"uv":[11,10,12,10.75],"texture":"#1"},"east":{"uv":[3,12,4,12.75],"texture":"#1"},"south":{"uv":[5,12,6,12.75],"texture":"#1"},"west":{"uv":[12,6,13,6.75],"texture":"#1"},"up":{"uv":[7,11,6,10],"texture":"#1"}}},{"from":[8.15754,5.05742,7.25],"to":[9.65754,6.05742,8.75],"rotation":{"angle":-22.5,"axis":"z","origin":[8,12.75889,8]},"faces":{"north":{"uv":[9,6,10.5,7],"texture":"#1"},"east":{"uv":[9,8,10.5,9],"texture":"#1"},"south":{"uv":[10,0,11.5,1],"texture":"#1"},"west":{"uv":[3,10,4.5,11],"texture":"#1"},"up":{"uv":[4.5,8.5,3,7],"texture":"#1"},"down":{"uv":[7.5,7,6,8.5],"texture":"#1"}}},{"from":[6.375,6.104,9.24854],"to":[7.125,6.854,9.99854],"rotation":{"angle":22.5,"axis":"x","origin":[8,12.75889,8]},"faces":{"north":{"uv":[13,0,13.75,0.75],"texture":"#1"},"east":{"uv":[13,10,13.75,10.75],"texture":"#1"},"south":{"uv":[13,12,13.75,12.75],"texture":"#1"},"west":{"uv":[2,14,2.75,14.75],"texture":"#1"},"up":{"uv":[14.75,2.75,14,2],"texture":"#1"}}},{"from":[6.125,5.354,8.99854],"to":[7.375,6.104,10.24854],"rotation":{"angle":22.5,"axis":"x","origin":[8,12.75889,8]},"faces":{"north":{"uv":[8,10,9.25,10.75],"texture":"#1"},"east":{"uv":[0,11,1.25,11.75],"texture":"#1"},"south":{"uv":[11,2,12.25,2.75],"texture":"#1"},"west":{"uv":[11,4,12.25,4.75],"texture":"#1"},"up":{"uv":[1.25,9.25,0,8],"texture":"#1"},"down":{"uv":[9.25,3,8,4.25],"texture":"#1"}}},{"from":[6.375,6.104,6.00146],"to":[7.125,6.854,6.75146],"rotation":{"angle":-22.5,"axis":"x","origin":[8,12.75889,8]},"faces":{"north":{"uv":[13.75,12,13,12.75],"texture":"#1"},"east":{"uv":[13.75,10,13,10.75],"texture":"#1"},"south":{"uv":[13.75,0,13,0.75],"texture":"#1"},"west":{"uv":[2.75,14,2,14.75],"texture":"#1"},"up":{"uv":[14.75,2,14,2.75],"texture":"#1"}}},{"from":[6.125,5.354,5.75146],"to":[7.375,6.104,7.00146],"rotation":{"angle":-22.5,"axis":"x","origin":[8,12.75889,8]},"faces":{"north":{"uv":[12.25,2,11,2.75],"texture":"#1"},"east":{"uv":[1.25,11,0,11.75],"texture":"#1"},"south":{"uv":[9.25,10,8,10.75],"texture":"#1"},"west":{"uv":[12.25,4,11,4.75],"texture":"#1"},"up":{"uv":[1.25,8,0,9.25],"texture":"#1"},"down":{"uv":[9.25,4.25,8,3],"texture":"#1"}}},{"from":[6,7,7.625],"to":[6.75,7.75,8.375],"rotation":{"angle":0,"axis":"y","origin":[8,12.75889,8]},"faces":{"north":{"uv":[7,12,7.75,12.75],"texture":"#1"},"south":{"uv":[12,8,12.75,8.75],"texture":"#1"},"west":{"uv":[9,12,9.75,12.75],"texture":"#1"},"up":{"uv":[11.75,12.75,11,12],"texture":"#1"},"down":{"uv":[0.75,13,0,13.75],"texture":"#1"}}},{"from":[6.225,7.41113,6.31494],"to":[6.725,7.91113,6.81494],"rotation":{"angle":-22.5,"axis":"x","origin":[8,12.75889,8]},"faces":{"north":{"uv":[10,14,10.5,14.5],"texture":"#1"},"east":{"uv":[12,14,12.5,14.5],"texture":"#1"},"south":{"uv":[14,14,14.5,14.5],"texture":"#1"},"west":{"uv":[0,15,0.5,15.5],"texture":"#1"},"up":{"uv":[15.5,0.5,15,0],"texture":"#1"},"down":{"uv":[15.5,10,15,10.5],"texture":"#1"}}},{"from":[6.225,7.41113,9.18506],"to":[6.725,7.91113,9.68506],"rotation":{"angle":22.5,"axis":"x","origin":[8,12.75889,8]},"faces":{"north":{"uv":[4,14,4.5,14.5],"texture":"#1"},"east":{"uv":[14,4,14.5,4.5],"texture":"#1"},"south":{"uv":[6,14,6.5,14.5],"texture":"#1"},"west":{"uv":[14,6,14.5,6.5],"texture":"#1"},"up":{"uv":[8.5,14.5,8,14],"texture":"#1"},"down":{"uv":[14.5,8,14,8.5],"texture":"#1"}}},{"from":[6.735,8.04029,8.96859],"to":[6.745,9.54029,10.96859],"rotation":{"angle":45,"axis":"x","origin":[8,12.75889,8]},"faces":{"east":{"uv":[2,5,0,6.5],"texture":"#1"},"west":{"uv":[0,5,2,6.5],"texture":"#1"}}},{"from":[6.735,8.29029,3.53141],"to":[6.765,9.79029,5.03141],"rotation":{"angle":-45,"axis":"x","origin":[8,12.75889,8]},"faces":{"west":{"uv":[7,0,8.5,1.5],"texture":"#1"}}},{"from":[6.715,7.03868,2.54632],"to":[6.735,8.78868,5.29632],"rotation":{"angle":-22.5,"axis":"x","origin":[8,12.75889,8]},"faces":{"east":{"uv":[6.75,4,4,5.75],"texture":"#1"},"west":{"uv":[4,4,6.75,5.75],"texture":"#1"}}},{"from":[6.715,7.03868,10.70368],"to":[6.735,8.78868,13.45368],"rotation":{"angle":22.5,"axis":"x","origin":[8,12.75889,8]},"faces":{"east":{"uv":[4,4,6.75,5.75],"texture":"#1"},"west":{"uv":[6.75,4,4,5.75],"texture":"#1"}}},{"from":[6.735,8.04029,5.03141],"to":[6.745,9.54029,7.03141],"rotation":{"angle":-45,"axis":"x","origin":[8,12.75889,8]},"faces":{"east":{"uv":[0,5,2,6.5],"texture":"#1"},"west":{"uv":[2,5,0,6.5],"texture":"#1"}}},{"from":[6.59246,6.05742,7.5],"to":[7.59246,6.80742,8.5],"rotation":{"angle":22.5,"axis":"z","origin":[8,12.75889,8]},"faces":{"north":{"uv":[12,10,11,10.75],"texture":"#1"},"east":{"uv":[13,6,12,6.75],"texture":"#1"},"south":{"uv":[6,12,5,12.75],"texture":"#1"},"west":{"uv":[4,12,3,12.75],"texture":"#1"},"up":{"uv":[6,11,7,10],"texture":"#1"}}},{"from":[6.34246,5.05742,7.25],"to":[7.84246,6.05742,8.75],"rotation":{"angle":22.5,"axis":"z","origin":[8,12.75889,8]},"faces":{"north":{"uv":[10.5,6,9,7],"texture":"#1"},"east":{"uv":[4.5,10,3,11],"texture":"#1"},"south":{"uv":[11.5,0,10,1],"texture":"#1"},"west":{"uv":[10.5,8,9,9],"texture":"#1"},"up":{"uv":[3,8.5,4.5,7],"texture":"#1"},"down":{"uv":[6,7,7.5,8.5],"texture":"#1"}}},{"from":[8.875,6.104,9.24854],"to":[9.625,6.854,9.99854],"rotation":{"angle":22.5,"axis":"x","origin":[8,12.75889,8]},"faces":{"north":{"uv":[13.75,0,13,0.75],"texture":"#1"},"east":{"uv":[2.75,14,2,14.75],"texture":"#1"},"south":{"uv":[13.75,12,13,12.75],"texture":"#1"},"west":{"uv":[13.75,10,13,10.75],"texture":"#1"},"up":{"uv":[14,2.75,14.75,2],"texture":"#1"}}},{"from":[8.625,5.354,8.99854],"to":[9.875,6.104,10.24854],"rotation":{"angle":22.5,"axis":"x","origin":[8,12.75889,8]},"faces":{"north":{"uv":[9.25,10,8,10.75],"texture":"#1"},"east":{"uv":[12.25,4,11,4.75],"texture":"#1"},"south":{"uv":[12.25,2,11,2.75],"texture":"#1"},"west":{"uv":[1.25,11,0,11.75],"texture":"#1"},"up":{"uv":[0,9.25,1.25,8],"texture":"#1"},"down":{"uv":[8,3,9.25,4.25],"texture":"#1"}}},{"from":[8.875,6.104,6.00146],"to":[9.625,6.854,6.75146],"rotation":{"angle":-22.5,"axis":"x","origin":[8,12.75889,8]},"faces":{"north":{"uv":[13,12,13.75,12.75],"texture":"#1"},"east":{"uv":[2,14,2.75,14.75],"texture":"#1"},"south":{"uv":[13,0,13.75,0.75],"texture":"#1"},"west":{"uv":[13,10,13.75,10.75],"texture":"#1"},"up":{"uv":[14,2,14.75,2.75],"texture":"#1"}}},{"from":[8.625,5.354,5.75146],"to":[9.875,6.104,7.00146],"rotation":{"angle":-22.5,"axis":"x","origin":[8,12.75889,8]},"faces":{"north":{"uv":[11,2,12.25,2.75],"texture":"#1"},"east":{"uv":[11,4,12.25,4.75],"texture":"#1"},"south":{"uv":[8,10,9.25,10.75],"texture":"#1"},"west":{"uv":[0,11,1.25,11.75],"texture":"#1"},"up":{"uv":[0,8,1.25,9.25],"texture":"#1"},"down":{"uv":[8,4.25,9.25,3],"texture":"#1"}}},{"from":[9.25,7,7.625],"to":[10,7.75,8.375],"rotation":{"angle":0,"axis":"y","origin":[8,12.75889,8]},"faces":{"north":{"uv":[7.75,12,7,12.75],"texture":"#1"},"east":{"uv":[9.75,12,9,12.75],"texture":"#1"},"south":{"uv":[12.75,8,12,8.75],"texture":"#1"},"up":{"uv":[11,12.75,11.75,12],"texture":"#1"},"down":{"uv":[0,13,0.75,13.75],"texture":"#1"}}},{"from":[9.275,7.41113,6.31494],"to":[9.775,7.91113,6.81494],"rotation":{"angle":-22.5,"axis":"x","origin":[8,12.75889,8]},"faces":{"north":{"uv":[10.5,14,10,14.5],"texture":"#1"},"east":{"uv":[0.5,15,0,15.5],"texture":"#1"},"south":{"uv":[14.5,14,14,14.5],"texture":"#1"},"west":{"uv":[12.5,14,12,14.5],"texture":"#1"},"up":{"uv":[15,0.5,15.5,0],"texture":"#1"},"down":{"uv":[15,10,15.5,10.5],"texture":"#1"}}},{"from":[9.275,7.41113,9.18506],"to":[9.775,7.91113,9.68506],"rotation":{"angle":22.5,"axis":"x","origin":[8,12.75889,8]},"faces":{"north":{"uv":[4.5,14,4,14.5],"texture":"#1"},"east":{"uv":[14.5,6,14,6.5],"texture":"#1"},"south":{"uv":[6.5,14,6,14.5],"texture":"#1"},"west":{"uv":[14.5,4,14,4.5],"texture":"#1"},"up":{"uv":[8,14.5,8.5,14],"texture":"#1"},"down":{"uv":[14,8,14.5,8.5],"texture":"#1"}}},{"from":[9.255,8.04029,8.96859],"to":[9.265,9.54029,10.96859],"rotation":{"angle":45,"axis":"x","origin":[8,12.75889,8]},"faces":{"east":{"uv":[2,5,0,6.5],"texture":"#1"},"west":{"uv":[0,5,2,6.5],"texture":"#1"}}},{"from":[9.235,8.29029,3.53141],"to":[9.265,9.79029,5.03141],"rotation":{"angle":-45,"axis":"x","origin":[8,12.75889,8]},"faces":{"east":{"uv":[8.5,0,7,1.5],"texture":"#1"}}},{"from":[9.265,7.03868,2.54632],"to":[9.285,8.78868,5.29632],"rotation":{"angle":-22.5,"axis":"x","origin":[8,12.75889,8]},"faces":{"east":{"uv":[6.75,4,4,5.75],"texture":"#1"},"west":{"uv":[4,4,6.75,5.75],"texture":"#1"}}},{"from":[9.265,7.03868,10.70368],"to":[9.285,8.78868,13.45368],"rotation":{"angle":22.5,"axis":"x","origin":[8,12.75889,8]},"faces":{"east":{"uv":[4,4,6.75,5.75],"texture":"#1"},"west":{"uv":[6.75,4,4,5.75],"texture":"#1"}}},{"from":[9.255,8.04029,5.03141],"to":[9.265,9.54029,7.03141],"rotation":{"angle":-45,"axis":"x","origin":[8,12.75889,8]},"faces":{"east":{"uv":[0,5,2,6.5],"texture":"#1"},"west":{"uv":[2,5,0,6.5],"texture":"#1"}}},{"from":[7.75,9.14385,4.38496],"to":[8.25,12.14385,7.38496],"rotation":{"angle":-45,"axis":"x","origin":[8,12.75889,8]},"faces":{"north":{"uv":[9.6,13.6,9.8,14.8],"texture":"#2"},"east":{"uv":[6,2,7.2,3.2],"texture":"#2"},"south":{"uv":[11.6,13.6,11.8,14.8],"texture":"#2"},"west":{"uv":[6.8,3.6,8,4.8],"texture":"#2"},"up":{"uv":[0.2,15.2,0,14],"texture":"#2"},"down":{"uv":[1,14,0.8,15.2],"texture":"#2"}}},{"from":[7.7535,9.76777,6.5],"to":[8.2465,15.76777,9.5],"rotation":{"angle":0,"axis":"x","origin":[8,12.75889,8]},"faces":{"north":{"uv":[5.2,11.2,5.4,13.6],"texture":"#2"},"east":{"uv":[3.6,4.8,4.8,7.2],"texture":"#2"},"south":{"uv":[8.8,11.2,9,13.6],"texture":"#2"},"west":{"uv":[5.2,4.8,6.4,7.2],"texture":"#2"}}},{"from":[7.995,8.76777,4.125],"to":[8.005,32,11.875],"rotation":{"angle":0,"axis":"x","origin":[8,12.75889,8]},"faces":{"east":{"uv":[3.1,0,0,9.3],"texture":"#2"},"west":{"uv":[0,0,3.1,9.3],"texture":"#2"}}},{"from":[7.7535,15.76777,7],"to":[8.2465,26.76777,9],"rotation":{"angle":0,"axis":"x","origin":[8,12.75889,8]},"faces":{"north":{"uv":[3.6,7.6,3.8,12],"texture":"#2"},"east":{"uv":[3.6,0,4.4,4.4],"texture":"#2"},"south":{"uv":[4.4,7.6,4.6,12],"texture":"#2"},"west":{"uv":[4.8,0,5.6,4.4],"texture":"#2"}}},{"from":[7.75,21.66466,16.90578],"to":[8.25,23.66466,18.90578],"rotation":{"angle":-45,"axis":"x","origin":[8,12.75889,8]},"faces":{"north":{"uv":[5.6,14,5.8,14.8],"texture":"#2"},"east":{"uv":[10.4,0,11.2,0.8],"texture":"#2"},"south":{"uv":[6.4,14,6.6,14.8],"texture":"#2"},"west":{"uv":[10.4,10,11.2,10.8],"texture":"#2"},"up":{"uv":[14.2,9.2,14,8.4],"texture":"#2"},"down":{"uv":[9,14,8.8,14.8],"texture":"#2"}}},{"from":[7.75,13.38649,8.6276],"to":[8.25,16.38649,11.6276],"rotation":{"angle":-45,"axis":"x","origin":[8,12.75889,8]},"faces":{"north":{"uv":[1.6,14,1.8,15.2],"texture":"#2"},"east":{"uv":[6.8,5.2,8,6.4],"texture":"#2"},"south":{"uv":[2.4,14,2.6,15.2],"texture":"#2"},"west":{"uv":[6.8,6.8,8,8],"texture":"#2"},"up":{"uv":[5,15.2,4.8,14],"texture":"#2"},"down":{"uv":[14.2,5.2,14,6.4],"texture":"#2"}}},{"from":[7.375,8.91406,0.38681],"to":[8.625,10.16406,2.38681],"rotation":{"angle":-22.5,"axis":"x","origin":[8,12.75889,8]},"faces":{"north":{"uv":[1.2,12.8,1.7,13.3],"texture":"#2"},"east":{"uv":[11.6,0,12.4,0.5],"texture":"#2"},"west":{"uv":[11.6,9.2,12.4,9.7],"texture":"#2"},"up":{"uv":[0.5,12.8,0,12],"texture":"#2"},"down":{"uv":[12.5,1.2,12,2],"texture":"#2"}}},{"from":[7.375,10.16406,0.38681],"to":[8.625,11.41406,1.63681],"rotation":{"angle":-22.5,"axis":"x","origin":[8,12.75889,8]},"faces":{"north":{"uv":[2.4,12.8,2.9,13.3],"texture":"#2"},"east":{"uv":[12.8,6,13.3,6.5],"texture":"#2"},"south":{"uv":[12.8,8.8,13.3,9.3],"texture":"#2"},"west":{"uv":[12.8,10,13.3,10.5],"texture":"#2"},"up":{"uv":[13.3,11.7,12.8,11.2],"texture":"#2"}}},{"from":[7.375,10.91406,1.63681],"to":[8.625,11.41406,2.13681],"rotation":{"angle":-22.5,"axis":"x","origin":[8,12.75889,8]},"faces":{"east":{"uv":[6.4,15.2,6.6,15.4],"texture":"#2"},"south":{"uv":[14.4,0.8,14.9,1],"texture":"#2"},"west":{"uv":[15.2,7.6,15.4,7.8],"texture":"#2"},"up":{"uv":[3.7,14.6,3.2,14.4],"texture":"#2"},"down":{"uv":[14.9,6.8,14.4,7],"texture":"#2"}}},{"from":[7.625,8.66526,10.05542],"to":[8.375,9.91526,12.30542],"rotation":{"angle":22.5,"axis":"x","origin":[8,12.75889,8]},"faces":{"north":{"uv":[14.3,12,14,12.5],"texture":"#2"},"east":{"uv":[10.5,11.2,9.6,11.7],"texture":"#2"},"west":{"uv":[12.1,11.2,11.2,11.7],"texture":"#2"},"up":{"uv":[11.1,12.4,10.8,13.3],"texture":"#2"}}},{"from":[7.375,6.71263,6.20154],"to":[8.625,7.96263,9.45154],"rotation":{"angle":-22.5,"axis":"x","origin":[8,12.75889,8]},"faces":{"east":{"uv":[10.5,8.8,9.2,9.3],"texture":"#2"},"west":{"uv":[10.9,6.8,9.6,7.3],"texture":"#2"},"up":{"uv":[6.9,9.6,6.4,10.9],"texture":"#2"},"down":{"uv":[0.5,11.3,0,10],"texture":"#2"}}},{"from":[7.125,8.41406,12.36319],"to":[8.875,10.66406,13.61319],"rotation":{"angle":22.5,"axis":"x","origin":[8,12.75889,8]},"faces":{"north":{"uv":[8.3,10.8,7.6,11.7],"texture":"#2"},"east":{"uv":[6.5,11.6,6,12.5],"texture":"#2"},"south":{"uv":[11.5,1.2,10.8,2.1],"texture":"#2"},"west":{"uv":[12.1,6,11.6,6.9],"texture":"#2"},"up":{"uv":[13.1,7.6,12.4,8.1],"texture":"#2"},"down":{"uv":[10.3,12.9,9.6,12.4],"texture":"#2"}}},{"from":[7.375,10.16406,14.36319],"to":[8.625,11.41406,15.61319],"rotation":{"angle":22.5,"axis":"x","origin":[8,12.75889,8]},"faces":{"north":{"uv":[13.3,8.8,12.8,9.3],"texture":"#2"},"east":{"uv":[13.3,6,12.8,6.5],"texture":"#2"},"south":{"uv":[2.9,12.8,2.4,13.3],"texture":"#2"},"west":{"uv":[13.3,10,12.8,10.5],"texture":"#2"},"up":{"uv":[13.3,11.2,12.8,11.7],"texture":"#2"}}},{"from":[7.375,10.91406,13.86319],"to":[8.625,11.41406,14.36319],"rotation":{"angle":22.5,"axis":"x","origin":[8,12.75889,8]},"faces":{"north":{"uv":[14.9,0.8,14.4,1],"texture":"#2"},"east":{"uv":[6.6,15.2,6.4,15.4],"texture":"#2"},"west":{"uv":[15.4,7.6,15.2,7.8],"texture":"#2"},"up":{"uv":[3.7,14.4,3.2,14.6],"texture":"#2"},"down":{"uv":[14.9,7,14.4,6.8],"texture":"#2"}}},{"from":[7.375,8.91406,13.61319],"to":[8.625,10.16406,15.61319],"rotation":{"angle":22.5,"axis":"x","origin":[8,12.75889,8]},"faces":{"east":{"uv":[12.4,0,11.6,0.5],"texture":"#2"},"south":{"uv":[1.7,12.8,1.2,13.3],"texture":"#2"},"west":{"uv":[12.4,9.2,11.6,9.7],"texture":"#2"},"up":{"uv":[0.5,12,0,12.8],"texture":"#2"},"down":{"uv":[12.5,2,12,1.2],"texture":"#2"}}},{"from":[7,5.5,-0.40224],"to":[9,10.5,7.59776],"light_emission":15,"rotation":{"angle":22.5,"axis":"x","origin":[8,8,3.59776]},"faces":{"east":{"uv":[16,0,0,10],"texture":"#3"},"west":{"uv":[0,0,16,10],"texture":"#3"}}},{"from":[7,5.5,8.40224],"to":[9,10.5,16.40224],"light_emission":15,"rotation":{"angle":-22.5,"axis":"x","origin":[8,8,12.40224]},"faces":{"east":{"uv":[0,0,16,10],"texture":"#3"},"west":{"uv":[16,0,0,10],"texture":"#3"}}},{"from":[7.25,5.75,2.59776],"to":[8.75,7.25,4.34776],"light_emission":15,"rotation":{"angle":22.5,"axis":"x","origin":[8,6.5,3.47276]},"faces":{"east":{"uv":[4.5,11.5,1,14.5],"texture":"#3"},"west":{"uv":[1,11.5,4.5,14.5],"texture":"#3"}}},{"from":[7.625,21,7.125],"to":[8.375,22.5,8.875],"light_emission":15,"rotation":{"angle":0,"axis":"x","origin":[8,12.75,8]},"faces":{"east":{"uv":[4.5,11.5,1,14.5],"texture":"#3"},"west":{"uv":[1,11.5,4.5,14.5],"texture":"#3"}}},{"from":[6.55,29.5,7.125],"to":[6.55,31.25,8.875],"light_emission":15,"rotation":{"angle":45,"axis":"x","origin":[6.55,30.375,8]},"faces":{"west":{"uv":[11.5,11.5,15,15],"rotation":270,"texture":"#3"}}},{"from":[7.25,8.75,4.84776],"to":[8.75,9.75,6.09776],"light_emission":15,"rotation":{"angle":0,"axis":"x","origin":[8,9.25,5.47276]},"faces":{"east":{"uv":[9,12,6.5,14],"texture":"#3"},"west":{"uv":[6.5,12,9,14],"texture":"#3"}}},{"from":[7.7,24,7.375],"to":[8.3,25,8.625],"light_emission":15,"rotation":{"angle":0,"axis":"x","origin":[8,14.5,8]},"faces":{"east":{"uv":[9,12,6.5,14],"texture":"#3"},"west":{"uv":[6.5,12,9,14],"texture":"#3"}}},{"from":[7.7,18.5,7.375],"to":[8.3,19.5,8.625],"light_emission":15,"rotation":{"angle":0,"axis":"x","origin":[8,11,8]},"faces":{"east":{"uv":[9,12,6.5,14],"texture":"#3"},"west":{"uv":[6.5,12,9,14],"texture":"#3"}}},{"from":[7.25,6.25,14.40224],"to":[8.75,8,16.15224],"light_emission":15,"rotation":{"angle":22.5,"axis":"x","origin":[8,7.125,15.27724]},"faces":{"east":{"uv":[11.5,11.5,15,15],"texture":"#3"},"west":{"uv":[15,11.5,11.5,15],"texture":"#3"}}},{"from":[7.25,6.25,-0.15224],"to":[8.75,8,1.59776],"light_emission":15,"rotation":{"angle":-22.5,"axis":"x","origin":[8,7.125,0.72276]},"faces":{"east":{"uv":[15,11.5,11.5,15],"texture":"#3"},"west":{"uv":[11.5,11.5,15,15],"texture":"#3"}}},{"from":[7.25,5.75,11.65224],"to":[8.75,7.25,13.40224],"light_emission":15,"rotation":{"angle":-22.5,"axis":"x","origin":[8,6.5,12.52724]},"faces":{"east":{"uv":[1,11.5,4.5,14.5],"texture":"#3"},"west":{"uv":[4.5,11.5,1,14.5],"texture":"#3"}}},{"from":[7.25,8.75,9.90224],"to":[8.75,9.75,11.15224],"light_emission":15,"rotation":{"angle":0,"axis":"x","origin":[8,9.25,10.52724]},"faces":{"east":{"uv":[6.5,12,9,14],"texture":"#3"},"west":{"uv":[9,12,6.5,14],"texture":"#3"}}},{"from":[9.15853,12.95645,4],"to":[9.16853,17.95645,12],"light_emission":15,"rotation":{"angle":-22.5,"axis":"z","origin":[9.16353,15.45645,8]},"faces":{"east":{"uv":[5.33333,12,0,15.33333],"texture":"#4"},"west":{"uv":[0,12,5.33333,15.33333],"texture":"#4"}}},{"from":[8.34855,17.02846,4],"to":[8.35855,22.02846,12],"light_emission":15,"rotation":{"angle":45,"axis":"z","origin":[8.35355,19.52846,8]},"faces":{"east":{"uv":[5.33333,8.66667,0,12],"texture":"#4"},"west":{"uv":[0,8.66667,5.33333,12],"texture":"#4"}}},{"from":[8.34855,20.55693,4],"to":[8.35855,25.55693,12],"light_emission":15,"rotation":{"angle":-45,"axis":"z","origin":[8.35355,23.05693,8]},"faces":{"east":{"uv":[5.33333,5.33333,0,8.66667],"texture":"#4"},"west":{"uv":[0,5.33333,5.33333,8.66667],"texture":"#4"}}},{"from":[8.34855,24.08539,4],"to":[8.35855,29.08539,12],"light_emission":15,"rotation":{"angle":45,"axis":"z","origin":[8.35355,26.58539,8]},"faces":{"east":{"uv":[5.33333,2,0,5.33333],"texture":"#4"},"west":{"uv":[0,2,5.33333,5.33333],"texture":"#4"}}},{"from":[6.58225,28.34962,4],"to":[6.59225,31.34962,12],"light_emission":15,"rotation":{"angle":0,"axis":"z","origin":[6.58725,29.84962,8]},"faces":{"east":{"uv":[0,2,5.33333,0],"rotation":180,"texture":"#4"},"west":{"uv":[5.33333,2,0,0],"rotation":180,"texture":"#4"}}}],"gui_light":"front","display":{"thirdperson_righthand":{"translation":[0,2.5,1.25]},"thirdperson_lefthand":{"translation":[0,2.5,1.25]},"firstperson_righthand":{"rotation":[-7.5,0,0],"translation":[3.25,1.75,0],"scale":[0.7,0.7,0.7]},"firstperson_lefthand":{"rotation":[-7.5,0,0],"translation":[3.25,1.75,0],"scale":[0.7,0.7,0.7]},"ground":{"rotation":[45,0,0],"translation":[0,5,0],"scale":[0.7,0.7,0.7]},"gui":{"rotation":[-90,135,90],"translation":[-3,-3,0],"scale":[0.7,0.7,0.7]},"head":{"rotation":[0,-90,0]},"fixed":{"rotation":[0,-90,0],"translation":[0,0,-2.5],"scale":[2,2,2]},"on_shelf":{"rotation":[0,90,0],"translation":[0,2.75,0],"scale":[0.8,0.8,0.8]}},"mcmodels":"0d33c5d5dba6a49311e6d245ef7d2232"}