{"credit":"ian","texture_size":[64,64],"textures":{"0":"space_set:meteor_pick","particle":"space_set:meteor_pick"},"elements":[{"from":[6,-2,6],"to":[10,-1,10],"rotation":{"angle":0,"axis":"y","origin":[8,-3,7]},"faces":{"north":{"uv":[10,4.5,11,4.75],"texture":"#0"},"east":{"uv":[10,9.5,11,9.75],"texture":"#0"},"south":{"uv":[10,4.5,11,4.75],"texture":"#0"},"west":{"uv":[10.5,9.25,11.5,9.5],"texture":"#0"},"up":{"uv":[1,9,0,8],"texture":"#0"},"down":{"uv":[2,8,1,9],"texture":"#0"}}},{"from":[8,-3,6],"to":[10,-1,10],"rotation":{"angle":-45,"axis":"z","origin":[8,-3,7]},"faces":{"north":{"uv":[10.75,4.75,11.25,5.25],"texture":"#0"},"east":{"uv":[9.75,0,10.75,0.5],"texture":"#0"},"south":{"uv":[11.25,4.75,10.75,5.25],"texture":"#0"},"west":{"uv":[9.75,0.5,10.75,1],"texture":"#0"},"up":{"uv":[7.75,10.5,7.25,9.5],"texture":"#0"},"down":{"uv":[10.25,1,9.75,2],"texture":"#0"}}},{"from":[8,10,6],"to":[10,12,10],"rotation":{"angle":-45,"axis":"z","origin":[8,10,7]},"faces":{"north":{"uv":[7.75,10.75,8.25,11.25],"texture":"#0"},"east":{"uv":[10,5.75,11,6.25],"texture":"#0"},"south":{"uv":[8.25,10.75,8.75,11.25],"texture":"#0"},"west":{"uv":[10,8,11,8.5],"texture":"#0"},"up":{"uv":[5.25,11,4.75,10],"texture":"#0"},"down":{"uv":[10.5,8.5,10,9.5],"texture":"#0"}}},{"from":[15,12,6],"to":[19,14,10],"rotation":{"angle":-45,"axis":"z","origin":[15,11,7]},"faces":{"north":{"uv":[7.75,10.25,8.75,10.75],"texture":"#0"},"east":{"uv":[9.75,10.25,10.75,10.75],"texture":"#0"},"south":{"uv":[11.5,3.5,10.5,4],"texture":"#0"},"west":{"uv":[2.5,10.5,3.5,11],"texture":"#0"},"up":{"uv":[6,9,5,8],"texture":"#0"},"down":{"uv":[9,5,8,6],"texture":"#0"}}},{"from":[-3,12,6],"to":[1,14,10],"rotation":{"angle":45,"axis":"z","origin":[1,11,7]},"faces":{"north":{"uv":[10.5,2.5,11.5,3],"texture":"#0"},"east":{"uv":[10.5,3,11.5,3.5],"texture":"#0"},"south":{"uv":[10.5,3.5,11.5,4],"texture":"#0"},"west":{"uv":[10.5,6.25,11.5,6.75],"texture":"#0"},"up":{"uv":[7,9,6,8],"texture":"#0"},"down":{"uv":[9,6,8,7],"texture":"#0"}}},{"from":[6,1,6],"to":[8,4,10],"rotation":{"angle":-22.5,"axis":"z","origin":[6,3,7]},"faces":{"north":{"uv":[10.75,0,11.25,0.75],"texture":"#0"},"east":{"uv":[5.5,9,6.5,9.75],"texture":"#0"},"south":{"uv":[4,10.75,3.5,11.5],"texture":"#0"},"west":{"uv":[9,5.75,10,6.5],"texture":"#0"},"up":{"uv":[6.75,11.25,6.25,10.25],"texture":"#0"},"down":{"uv":[7.25,10.25,6.75,11.25],"texture":"#0"}}},{"from":[8,1,6],"to":[10,4,10],"rotation":{"angle":22.5,"axis":"z","origin":[10,3,7]},"faces":{"north":{"uv":[3.5,10.75,4,11.5],"texture":"#0"},"east":{"uv":[8,9,9,9.75],"texture":"#0"},"south":{"uv":[4,10.75,4.5,11.5],"texture":"#0"},"west":{"uv":[9,9,10,9.75],"texture":"#0"},"up":{"uv":[11,7.75,10.5,6.75],"texture":"#0"},"down":{"uv":[7.75,10.5,7.25,11.5],"texture":"#0"}}},{"from":[6,-3,6],"to":[10,-1,10],"rotation":{"angle":45,"axis":"z","origin":[8,-3,7]},"faces":{"north":{"uv":[9.75,2,10.75,2.5],"texture":"#0"},"east":{"uv":[3.75,9.75,4.75,10.25],"texture":"#0"},"south":{"uv":[10.75,2,9.75,2.5],"texture":"#0"},"west":{"uv":[9.75,5.25,10.75,5.75],"texture":"#0"},"up":{"uv":[3,9,2,8],"texture":"#0"},"down":{"uv":[4,8,3,9],"texture":"#0"}}},{"from":[6,10,6],"to":[10,12,10],"rotation":{"angle":45,"axis":"z","origin":[8,10,7]},"faces":{"north":{"uv":[9.75,9.75,10.75,10.25],"texture":"#0"},"east":{"uv":[1.5,10,2.5,10.5],"texture":"#0"},"south":{"uv":[2.5,10,3.5,10.5],"texture":"#0"},"west":{"uv":[10,4,11,4.5],"texture":"#0"},"up":{"uv":[5,9,4,8],"texture":"#0"},"down":{"uv":[9,4,8,5],"texture":"#0"}}},{"from":[10,13,6],"to":[17,15,10],"rotation":{"angle":-22.5,"axis":"z","origin":[12,13,7]},"faces":{"north":{"uv":[0,9,1.75,9.5],"texture":"#0"},"east":{"uv":[10.25,1,11.25,1.5],"texture":"#0"},"south":{"uv":[1.75,9.5,0,9],"texture":"#0"},"west":{"uv":[3.5,10.25,4.5,10.75],"texture":"#0"},"up":{"uv":[1.75,9.5,0,9],"texture":"#0"},"down":{"uv":[1.75,9,0,9.5],"texture":"#0"}}},{"from":[-1,13,6],"to":[6,15,10],"rotation":{"angle":22.5,"axis":"z","origin":[4,13,7]},"faces":{"north":{"uv":[1.75,9,0,9.5],"texture":"#0"},"east":{"uv":[3.5,10.25,4.5,10.75],"texture":"#0"},"south":{"uv":[0,9,1.75,9.5],"texture":"#0"},"west":{"uv":[5.25,10.25,6.25,10.75],"texture":"#0"},"up":{"uv":[0,9.5,1.75,9],"texture":"#0"},"down":{"uv":[0,9,1.6875,9.4375],"texture":"#0"}}},{"from":[7,-1,7],"to":[9,10,9],"rotation":{"angle":0,"axis":"y","origin":[7,1,7]},"faces":{"north":{"uv":[7,4,7.5,6.75],"texture":"#0"},"east":{"uv":[7,6.75,7.5,9.5],"texture":"#0"},"south":{"uv":[7.5,4,8,6.75],"texture":"#0"},"west":{"uv":[7.5,6.75,8,9.5],"texture":"#0"},"up":{"uv":[7,9.5,6.5,9],"texture":"#0"},"down":{"uv":[11.25,2,10.75,2.5],"texture":"#0"}}},{"from":[8,-6,6],"to":[10,-4,10],"rotation":{"angle":45,"axis":"z","origin":[8,-6,7]},"faces":{"north":{"uv":[6.25,10.75,5.75,11.25],"texture":"#0"},"east":{"uv":[5.5,9.75,6.5,10.25],"texture":"#0"},"south":{"uv":[5.75,10.75,6.25,11.25],"texture":"#0"},"west":{"uv":[7.75,9.75,8.75,10.25],"texture":"#0"},"up":{"uv":[9.25,10.75,8.75,9.75],"texture":"#0"},"down":{"uv":[9.75,9.75,9.25,10.75],"texture":"#0"}}},{"from":[7,13,6],"to":[10,16,10],"rotation":{"angle":45,"axis":"z","origin":[8,14,7]},"faces":{"north":{"uv":[9.25,8,10,8.75],"texture":"#0"},"east":{"uv":[3.75,9,4.75,9.75],"texture":"#0"},"south":{"uv":[10,8,9.25,8.75],"texture":"#0"},"west":{"uv":[9,4,10,4.75],"texture":"#0"},"up":{"uv":[5.5,10,4.75,9],"texture":"#0"},"down":{"uv":[9.75,4.75,9,5.75],"texture":"#0"}}},{"name":"cube_outline","from":[10.2,-3.8,10.2],"to":[7.8,-6.2,5.8],"rotation":{"angle":45,"axis":"z","origin":[8,-6,7]},"faces":{"north":{"uv":[10.5,8.5,11.125,9.125],"texture":"#0"},"east":{"uv":[9.25,6.5,10.375,7.125],"texture":"#0"},"south":{"uv":[0,10.75,0.625,11.375],"texture":"#0"},"west":{"uv":[9.25,7.25,10.375,7.875],"texture":"#0"},"up":{"uv":[0.625,10.625,0,9.5],"texture":"#0"},"down":{"uv":[1.375,9.5,0.75,10.625],"texture":"#0"}}},{"from":[-6,4,8],"to":[8,20,8],"rotation":{"angle":0,"axis":"y","origin":[0,9,8]},"faces":{"north":{"uv":[0,0,7,4],"texture":"#0"},"east":{"uv":[0,0,0,4],"texture":"#0"},"south":{"uv":[7,0,0,4],"texture":"#0"},"west":{"uv":[0,0,0,4],"texture":"#0"},"up":{"uv":[7,0,0,0],"texture":"#0"},"down":{"uv":[7,0,0,0],"texture":"#0"}}},{"from":[8,4,8],"to":[22,20,8],"rotation":{"angle":0,"axis":"y","origin":[14,9,8]},"faces":{"north":{"uv":[7,0,0,4],"texture":"#0"},"east":{"uv":[0,0,0,4],"texture":"#0"},"south":{"uv":[0,0,7,4],"texture":"#0"},"west":{"uv":[0,0,0,4],"texture":"#0"},"up":{"uv":[7,0,0,0],"texture":"#0"},"down":{"uv":[7,0,0,0],"texture":"#0"}}},{"name":"cube_outline","from":[10.2,16.2,10.2],"to":[6.8,12.8,5.8],"rotation":{"angle":45,"axis":"z","origin":[8,14,7]},"faces":{"north":{"uv":[1.75,9,2.625,9.875],"texture":"#0"},"east":{"uv":[8,7,9.125,7.875],"texture":"#0"},"south":{"uv":[2.75,9,3.625,9.875],"texture":"#0"},"west":{"uv":[8,8,9.125,8.875],"texture":"#0"},"up":{"uv":[9.625,1.125,8.75,0],"texture":"#0"},"down":{"uv":[9.625,1.25,8.75,2.375],"texture":"#0"}}}],"display":{"thirdperson_righthand":{"rotation":[3,-90,0],"translation":[0.25,3.5,1.75],"scale":[0.62,0.74,0.37]},"thirdperson_lefthand":{"rotation":[0,-90,0],"translation":[0.25,3.5,1.75],"scale":[0.62,0.74,0.37]},"firstperson_righthand":{"rotation":[0,-73,0],"translation":[0,4.5,0],"scale":[0.94,1,0.48]},"firstperson_lefthand":{"rotation":[0,-77,0],"translation":[0,4.25,0],"scale":[1,1,0.52]},"ground":{"translation":[0,8.75,0],"scale":[0.55,0.54,0.4]},"gui":{"rotation":[0,0,-38],"translation":[0,0.25,0],"scale":[0.79,0.79,0.73]},"head":{"translation":[0,7,0]}}}