{"textures​":{"0":"\u006d\u006f\u0064\u0065\u006c\u0065\u006e\u0067\u0069\u006e\u0065:\u0065\u006e\u0074\u0069\u0074\u0079/\u0076\u0062_\u0065\u0070\u0078\u006c\u006f","\u0070\u0061\u0072\u0074\u0069\u0063\u006c\u0065":"#0"},"\u0074\u0065\u0078\u0074\u0075\u0072\u0065\u0073":{"0":"\u006d\u006f\u0064\u0065\u006c\u0065\u006e\u0067\u0069\u006e\u0065:\u0065\u006e\u0074\u0069\u0074\u0079/\u0076\u0062_\u0065\u0070\u0078\u006c\u006f","\u0070\u0061\u0072\u0074\u0069\u0063\u006c\u0065":"#0"},"elements":[{"from":[6.0,7.0,-0.04100895],"to":[10.0,9.0,-0.04100895],"faces":{"south":{"uv":[10.0,4.25,10.5,4.5],"tintindex":0,"rotation":0,"texture":"#0"},"north":{"uv":[10.0,4.0,10.5,4.25],"tintindex":0,"rotation":0,"texture":"#0"}}},{"from":[12.332298,7.0,13.832298],"to":[15.332298,9.0,13.832298],"faces":{"south":{"uv":[8.25,10.0,8.625,10.25],"tintindex":0,"rotation":0,"texture":"#0"},"north":{"uv":[10.0,8.0,10.375,8.25],"tintindex":0,"rotation":0,"texture":"#0"}},"rotation":{"origin":[13.832298,8.0,13.832298],"angle":45.0,"axis":"y"}},{"from":[9.771639,7.0,1.1070409],"to":[12.771639,9.0,1.1070409],"faces":{"south":{"uv":[10.0,7.0,10.375,7.25],"tintindex":0,"rotation":0,"texture":"#0"},"north":{"uv":[10.0,6.75,10.375,7.0],"tintindex":0,"rotation":0,"texture":"#0"}},"rotation":{"origin":[12.771639,8.0,1.1070409],"angle":-22.5,"axis":"y"}},{"from":[0.66770124,7.0,2.1677012],"to":[3.6677012,9.0,2.1677012],"faces":{"south":{"uv":[6.375,10.0,6.75,10.25],"tintindex":0,"rotation":0,"texture":"#0"},"north":{"uv":[10.0,6.25,10.375,6.5],"tintindex":0,"rotation":0,"texture":"#0"}},"rotation":{"origin":[2.1677012,8.0,2.1677012],"angle":45.0,"axis":"y"}},{"from":[0.66770124,7.0,13.832298],"to":[3.6677012,9.0,13.832298],"faces":{"south":{"uv":[10.0,9.0,10.375,9.25],"tintindex":0,"rotation":0,"texture":"#0"},"north":{"uv":[9.0,10.0,9.375,10.25],"tintindex":0,"rotation":0,"texture":"#0"}},"rotation":{"origin":[2.1677012,8.0,13.832298],"angle":-45.0,"axis":"y"}},{"from":[3.2283616,7.0,1.1070409],"to":[6.228361,9.0,1.1070409],"faces":{"south":{"uv":[6.75,10.0,7.125,10.25],"tintindex":0,"rotation":0,"texture":"#0"},"north":{"uv":[10.0,6.5,10.375,6.75],"tintindex":0,"rotation":0,"texture":"#0"}},"rotation":{"origin":[3.2283616,8.0,1.1070409],"angle":22.5,"axis":"y"}},{"from":[3.2283616,7.0,14.89296],"to":[6.228361,9.0,14.89296],"faces":{"south":{"uv":[9.375,10.0,9.75,10.25],"tintindex":0,"rotation":0,"texture":"#0"},"north":{"uv":[10.0,9.25,10.375,9.5],"tintindex":0,"rotation":0,"texture":"#0"}},"rotation":{"origin":[3.2283616,8.0,14.89296],"angle":-22.5,"axis":"y"}},{"from":[0.53393984,7.0,9.885437],"to":[0.53393984,9.0,12.885437],"faces":{"east":{"uv":[8.625,10.0,9.0,10.25],"tintindex":0,"rotation":0,"texture":"#0"},"west":{"uv":[10.0,8.75,10.375,9.0],"tintindex":0,"rotation":0,"texture":"#0"}},"rotation":{"origin":[0.53393984,8.0,11.385437],"angle":22.5,"axis":"y"}},{"from":[6.0,7.0,16.041008],"to":[10.0,9.0,16.041008],"faces":{"south":{"uv":[10.0,5.75,10.5,6.0],"tintindex":0,"rotation":0,"texture":"#0"},"north":{"uv":[10.0,5.5,10.5,5.75],"tintindex":0,"rotation":0,"texture":"#0"}}},{"from":[15.466061,7.0,3.1145635],"to":[15.466061,9.0,6.1145635],"faces":{"east":{"uv":[7.5,10.0,7.875,10.25],"tintindex":0,"rotation":0,"texture":"#0"},"west":{"uv":[10.0,7.5,10.375,7.75],"tintindex":0,"rotation":0,"texture":"#0"}},"rotation":{"origin":[15.466061,8.0,4.6145635],"angle":22.5,"axis":"y"}},{"from":[16.040009,7.0,6.0],"to":[16.040009,9.0,10.0],"faces":{"east":{"uv":[10.0,5.0,10.5,5.25],"tintindex":0,"rotation":0,"texture":"#0"},"west":{"uv":[10.0,5.25,10.5,5.5],"tintindex":0,"rotation":0,"texture":"#0"}}},{"from":[12.332298,7.0,2.1677012],"to":[15.332298,9.0,2.1677012],"faces":{"south":{"uv":[10.0,7.25,10.375,7.5],"tintindex":0,"rotation":0,"texture":"#0"},"north":{"uv":[7.125,10.0,7.5,10.25],"tintindex":0,"rotation":0,"texture":"#0"}},"rotation":{"origin":[13.832298,8.0,2.1677012],"angle":-45.0,"axis":"y"}},{"from":[9.771639,7.0,14.89296],"to":[12.771639,9.0,14.89296],"faces":{"south":{"uv":[7.875,10.0,8.25,10.25],"tintindex":0,"rotation":0,"texture":"#0"},"north":{"uv":[10.0,7.75,10.375,8.0],"tintindex":0,"rotation":0,"texture":"#0"}},"rotation":{"origin":[12.771639,8.0,14.89296],"angle":22.5,"axis":"y"}},{"from":[-0.0400095,7.0,6.0],"to":[-0.0400095,9.0,10.0],"faces":{"east":{"uv":[10.0,4.5,10.5,4.75],"tintindex":0,"rotation":0,"texture":"#0"},"west":{"uv":[10.0,4.75,10.5,5.0],"tintindex":0,"rotation":0,"texture":"#0"}}},{"from":[15.466061,7.0,9.885437],"to":[15.466061,9.0,12.885437],"faces":{"east":{"uv":[10.0,8.25,10.375,8.5],"tintindex":0,"rotation":0,"texture":"#0"},"west":{"uv":[10.0,8.5,10.375,8.75],"tintindex":0,"rotation":0,"texture":"#0"}},"rotation":{"origin":[15.466061,8.0,11.385437],"angle":-22.5,"axis":"y"}},{"from":[0.53393984,7.0,3.1145635],"to":[0.53393984,9.0,6.1145635],"faces":{"east":{"uv":[6.0,10.0,6.375,10.25],"tintindex":0,"rotation":0,"texture":"#0"},"west":{"uv":[10.0,6.0,10.375,6.25],"tintindex":0,"rotation":0,"texture":"#0"}},"rotation":{"origin":[0.53393984,8.0,4.6145635],"angle":-22.5,"axis":"y"}}],"display":{"gui":{"rotation":[-150.0,-45.0,180.0]}},"gui_light":"front"}