{
 "custom.curseddragon.cursedfly": {
  "sounds": [
   "custom/curseddragon/cursedfly"
  ]
 },
 "custom.curseddragon.cursedmove": {
  "sounds": [
   "custom/curseddragon/cursedmove"
  ]
 },
 "custom.curseddragon.cursedbreath": {
  "sounds": [
   "custom/curseddragon/cursedbreath"
  ]
 },
 "custom.curseddragon.cursedmeleehit": {
  "sounds": [
   "custom/curseddragon/cursedmeleehit"
  ]
 },
 "custom.curseddragon.cursedroar": {
  "sounds": [
   "custom/curseddragon/cursedroar"
  ]
 },
 "custom.curseddragon.cursedmeteors": {
  "sounds": [
   "custom/curseddragon/cursedmeteors"
  ]
 },
 "custom.curseddragon.cursedcurse": {
  "sounds": [
   "custom/curseddragon/cursedcurse"
  ]
 },
 "custom.curseddragon.cursedskull": {
  "sounds": [
   "custom/curseddragon/cursedskull"
  ]
 }
}