{"textures​":{"0":"\u006d\u006f\u0064\u0065\u006c\u0065\u006e\u0067\u0069\u006e\u0065:\u0065\u006e\u0074\u0069\u0074\u0079/\u0065\u006e\u0064\u0065\u0072_\u0072\u0069\u0070\u0070\u0065\u0072","\u0070\u0061\u0072\u0074\u0069\u0063\u006c\u0065":"#0"},"\u0074\u0065\u0078\u0074\u0075\u0072\u0065\u0073":{"0":"\u006d\u006f\u0064\u0065\u006c\u0065\u006e\u0067\u0069\u006e\u0065:\u0065\u006e\u0074\u0069\u0074\u0079/\u0065\u006e\u0064\u0065\u0072_\u0072\u0069\u0070\u0070\u0065\u0072","\u0070\u0061\u0072\u0074\u0069\u0063\u006c\u0065":"#0"},"elements":[{"from":[3.5,7.833332,3.516667],"to":[12.5,16.833332,12.516666],"faces":{"east":{"uv":[1.5,4.5,2.625,5.625],"tintindex":0,"rotation":0,"texture":"#0"},"south":{"uv":[0.0,4.5,1.125,5.625],"tintindex":0,"rotation":0,"texture":"#0"},"north":{"uv":[0.0,4.5,1.125,5.625],"tintindex":0,"rotation":0,"texture":"#0"},"west":{"uv":[4.5,4.5,5.625,5.625],"tintindex":0,"rotation":0,"texture":"#0"},"up":{"uv":[5.875,1.125,4.75,0.0],"tintindex":0,"rotation":0,"texture":"#0"},"down":{"uv":[5.875,1.5,4.75,2.625],"tintindex":0,"rotation":0,"texture":"#0"}}}],"display":{"head":{"rotation":[0.0,0.0,0.0]},"firstperson_righthand":{"rotation":[0.0,0.0,0.0]},"thirdperson_lefthand":{"rotation":[0.0,0.0,0.0]},"firstperson_lefthand":{"rotation":[0.0,0.0,0.0]},"fixed":{"rotation":[0.0,0.0,0.0]},"ground":{"rotation":[0.0,0.0,0.0]},"thirdperson_righthand":{"rotation":[0.0,0.0,0.0]},"gui":{"rotation":[-150.0,-45.0,180.0]}},"gui_light":"front"}