{"elements":[{"from":[5.992857,-0.12601852,4.089056],"to":[9.421429,8.44541,8.660485],"rotation":{"angle":22.5,"axis":"x","origin":[7.707143,4.731124,6.3747706]},"faces":{"east":{"uv":[9.875,10.75,10.875,12.625],"rotation":0,"texture":"#0","tintindex":0},"south":{"uv":[1.25,11.5,2.0,13.375],"rotation":0,"texture":"#0","tintindex":0},"north":{"uv":[1.25,11.5,2.0,13.375],"rotation":0,"texture":"#0","tintindex":0},"west":{"uv":[9.875,10.75,10.875,12.625],"rotation":0,"texture":"#0","tintindex":0},"up":{"uv":[5.25,14.0,4.5,13.0],"rotation":0,"texture":"#0","tintindex":0},"down":{"uv":[13.75,5.5,13.0,6.5],"rotation":0,"texture":"#0","tintindex":0}}}],"textures":{"0":"modelengine:entity/void_beholder"},"display":{"head":{"translation":[0.0,-6.4,0.0],"scale":[4.0,4.0,4.0]}}}