{"parent​":"minecraft:item/map","textures​":{"layer0":"minecraft:item/spawner"},"\u0070\u0061\u0072\u0065\u006e\u0074":"\u0069\u0074\u0065\u006d/\u0068\u0061\u006e\u0064\u0068\u0065\u006c\u0064_\u0072\u006f\u0064","\u0074\u0065\u0078\u0074\u0075\u0072\u0065\u0073":{"\u006c\u0061\u0079\u0065\u00720":"\u0069\u0074\u0065\u006d/\u0066\u0069\u0073\u0068\u0069\u006e\u0067_\u0072\u006f\u0064"},"overrides":[{"predicate":{"cast":1},"model":"item/fishing_rod_cast"},{"predicate":{"custom_model_data":10002},"model":"nexusset:fishing_rod"},{"predicate":{"cast":1,"custom_model_data":10002},"model":"nexusset:fishing_rod_cast"},{"predicate":{"custom_model_data":10003},"model":"plny_halloween_pumpkin_set:fishing_rod"},{"predicate":{"cast":1,"custom_model_data":10003},"model":"plny_halloween_pumpkin_set:fishing_rod_cast"},{"predicate":{"custom_model_data":10047},"model":"plny_spectral_corsair:fishing_rod"},{"predicate":{"cast":1,"custom_model_data":10047},"model":"plny_spectral_corsair:fishing_rod_cast"},{"predicate":{"custom_model_data":22291},"model":"twilight_of_ender:fishing_rod"},{"predicate":{"cast":1,"custom_model_data":22291},"model":"twilight_of_ender:fishing_rod_cast"},{"predicate":{"custom_model_data":22292},"model":"item/fishing_rod"}]}