{"parent​":"minecraft:item/ink_sac","textures​":{"layer0":"minecraft:item/polished_tuff_stairs"},"\u0070\u0061\u0072\u0065\u006e\u0074":"\u006d\u0069\u006e\u0065\u0063\u0072\u0061\u0066\u0074:\u0069\u0074\u0065\u006d/\u0067\u0065\u006e\u0065\u0072\u0061\u0074\u0065\u0064","\u0074\u0065\u0078\u0074\u0075\u0072\u0065\u0073":{"\u006c\u0061\u0079\u0065\u00720":"\u006d\u0069\u006e\u0065\u0063\u0072\u0061\u0066\u0074:\u0069\u0074\u0065\u006d/\u0073\u0075\u0067\u0061\u0072"},"overrides":[{"predicate":{"custom_model_data":10000},"model":"crates_expansion:item/ia_auto/common_key"},{"predicate":{"custom_model_data":10001},"model":"crates_expansion:item/ia_auto/rare_key"},{"predicate":{"custom_model_data":10002},"model":"crates_expansion:item/ia_auto/legendary_key"},{"predicate":{"custom_model_data":10003},"model":"crates_expansion:item/ia_auto/cosmetic_key"},{"predicate":{"custom_model_data":10004},"model":"crates_expansion:item/ia_auto/furniture_key"},{"predicate":{"custom_model_data":10005},"model":"crates_expansion:item/ia_auto/pet_key"},{"predicate":{"custom_model_data":10006},"model":"item/sugar"}]}