{"textures​":{"3":"\u0070\u006c\u006e\u0079_\u0068\u0061\u006c\u006c\u006f\u0077\u0065\u0065\u006e_\u0070\u0075\u006d\u0070\u006b\u0069\u006e_\u0073\u0065\u0074:\u0061\u006e\u0069\u006d\u0061\u0074\u0065\u0064/\u0061\u006e\u0069\u006d\u0061\u0074\u0065\u0064_3","4":"\u0070\u006c\u006e\u0079_\u0068\u0061\u006c\u006c\u006f\u0077\u0065\u0065\u006e_\u0070\u0075\u006d\u0070\u006b\u0069\u006e_\u0073\u0065\u0074:\u0061\u006e\u0069\u006d\u0061\u0074\u0065\u0064/\u0061\u006e\u0069\u006d\u0061\u0074\u0065\u0064_2","5":"\u0070\u006c\u006e\u0079_\u0068\u0061\u006c\u006c\u006f\u0077\u0065\u0065\u006e_\u0070\u0075\u006d\u0070\u006b\u0069\u006e_\u0073\u0065\u0074:\u006b\u0065\u0079","\u0070\u0061\u0072\u0074\u0069\u0063\u006c\u0065":"\u0070\u006c\u006e\u0079_\u0068\u0061\u006c\u006c\u006f\u0077\u0065\u0065\u006e_\u0070\u0075\u006d\u0070\u006b\u0069\u006e_\u0073\u0065\u0074:\u006b\u0065\u0079"},"format_version":"1.9.0","credit":"Pologony Creation Co.,Ltd.","texture_size":[32,32],"\u0074\u0065\u0078\u0074\u0075\u0072\u0065\u0073":{"3":"\u0070\u006c\u006e\u0079_\u0068\u0061\u006c\u006c\u006f\u0077\u0065\u0065\u006e_\u0070\u0075\u006d\u0070\u006b\u0069\u006e_\u0073\u0065\u0074:\u0061\u006e\u0069\u006d\u0061\u0074\u0065\u0064/\u0061\u006e\u0069\u006d\u0061\u0074\u0065\u0064_3","4":"\u0070\u006c\u006e\u0079_\u0068\u0061\u006c\u006c\u006f\u0077\u0065\u0065\u006e_\u0070\u0075\u006d\u0070\u006b\u0069\u006e_\u0073\u0065\u0074:\u0061\u006e\u0069\u006d\u0061\u0074\u0065\u0064/\u0061\u006e\u0069\u006d\u0061\u0074\u0065\u0064_2","5":"\u0070\u006c\u006e\u0079_\u0068\u0061\u006c\u006c\u006f\u0077\u0065\u0065\u006e_\u0070\u0075\u006d\u0070\u006b\u0069\u006e_\u0073\u0065\u0074:\u006b\u0065\u0079","\u0070\u0061\u0072\u0074\u0069\u0063\u006c\u0065":"\u0070\u006c\u006e\u0079_\u0068\u0061\u006c\u006c\u006f\u0077\u0065\u0065\u006e_\u0070\u0075\u006d\u0070\u006b\u0069\u006e_\u0073\u0065\u0074:\u006b\u0065\u0079"},"elements":[{"from":[7,-2,7],"to":[9,0,9],"rotation":{"angle":0,"axis":"y","origin":[7,-2,7]},"faces":{"north":{"uv":[1,10.5,2,11.5],"texture":"#5"},"east":{"uv":[2.5,10.5,3.5,11.5],"texture":"#5"},"south":{"uv":[10.5,4.5,11.5,5.5],"texture":"#5"},"west":{"uv":[10.5,6,11.5,7],"texture":"#5"},"up":{"uv":[11.5,8.5,10.5,7.5],"texture":"#5"},"down":{"uv":[9,10.5,8,11.5],"texture":"#5"}}},{"from":[7.25,0,7.25],"to":[8.75,0.5,8.75],"rotation":{"angle":45,"axis":"y","origin":[8,0.25,8]},"faces":{"north":{"uv":[9,12.5,9.75,12.75],"texture":"#5"},"east":{"uv":[10.5,12.5,11.25,12.75],"texture":"#5"},"south":{"uv":[12,12.5,12.75,12.75],"texture":"#5"},"west":{"uv":[13,0,13.75,0.25],"texture":"#5"},"up":{"uv":[4.75,11.75,4,11],"texture":"#5"},"down":{"uv":[11.25,11,10.5,11.75],"texture":"#5"}}},{"from":[7.5,0.5,7.42678],"to":[8.75,1,8.67678],"rotation":{"angle":45,"axis":"y","origin":[8,0.75,8.17678]},"faces":{"north":{"uv":[0,13.5,0.625,13.75],"texture":"#5"},"east":{"uv":[1.5,13.5,2.125,13.75],"texture":"#5"},"south":{"uv":[3,13.5,3.625,13.75],"texture":"#5"},"west":{"uv":[4.5,13.5,5.125,13.75],"texture":"#5"}}},{"from":[7.5,1.5,7.5],"to":[8.5,6.25,8.5],"rotation":{"angle":45,"axis":"y","origin":[8,5.75,8]},"faces":{"north":{"uv":[9.5,4.5,10,6.875],"texture":"#5"},"east":{"uv":[6,9.5,6.5,11.875],"texture":"#5"},"south":{"uv":[7,9.5,7.5,11.875],"texture":"#5"},"west":{"uv":[0,10.5,0.5,12.875],"texture":"#5"}}},{"from":[7.5,6.75,7.42678],"to":[8.75,7.25,8.67678],"rotation":{"angle":45,"axis":"y","origin":[8,7,8.17678]},"faces":{"north":{"uv":[8.5,13.5,9.125,13.75],"texture":"#5"},"east":{"uv":[10,13.5,10.625,13.75],"texture":"#5"},"south":{"uv":[11.5,13.5,12.125,13.75],"texture":"#5"},"west":{"uv":[13.5,12,14.125,12.25],"texture":"#5"}}},{"from":[6,7.75,6],"to":[10,11.75,10],"rotation":{"angle":0,"axis":"y","origin":[6,7.75,6]},"faces":{"north":{"uv":[4.5,0,6.5,2],"texture":"#5"},"east":{"uv":[4.5,2.5,6.5,4.5],"texture":"#5"},"south":{"uv":[4.5,5,6.5,7],"texture":"#5"},"west":{"uv":[7,0,9,2],"texture":"#5"},"up":{"uv":[9,4.5,7,2.5],"texture":"#5"},"down":{"uv":[9,5,7,7],"texture":"#5"}}},{"from":[7.25,1,7.25],"to":[8.75,1.5,8.75],"rotation":{"angle":45,"axis":"y","origin":[8,1.25,8]},"faces":{"north":{"uv":[13,1,13.75,1.25],"texture":"#5"},"east":{"uv":[13,2,13.75,2.25],"texture":"#5"},"south":{"uv":[13,3,13.75,3.25],"texture":"#5"},"west":{"uv":[13,4,13.75,4.25],"texture":"#5"},"up":{"uv":[12.25,0.75,11.5,0],"texture":"#5"},"down":{"uv":[12.25,1.5,11.5,2.25],"texture":"#5"}}},{"from":[7.25,6.25,7.25],"to":[8.75,6.75,8.75],"rotation":{"angle":45,"axis":"y","origin":[8,6.5,8]},"faces":{"north":{"uv":[13,5,13.75,5.25],"texture":"#5"},"east":{"uv":[13,6,13.75,6.25],"texture":"#5"},"south":{"uv":[7,13,7.75,13.25],"texture":"#5"},"west":{"uv":[13,7,13.75,7.25],"texture":"#5"},"up":{"uv":[12.25,3.75,11.5,3],"texture":"#5"},"down":{"uv":[12.25,9,11.5,9.75],"texture":"#5"}}},{"from":[7.25,7.25,7.25],"to":[8.75,7.75,8.75],"rotation":{"angle":45,"axis":"y","origin":[8,7.5,8]},"faces":{"north":{"uv":[13,8,13.75,8.25],"texture":"#5"},"east":{"uv":[13,9,13.75,9.25],"texture":"#5"},"south":{"uv":[13,10,13.75,10.25],"texture":"#5"},"west":{"uv":[13,11,13.75,11.25],"texture":"#5"},"up":{"uv":[1.75,12.75,1,12],"texture":"#5"},"down":{"uv":[3.25,12,2.5,12.75],"texture":"#5"}}},{"from":[7.99646,6.5,4.00354],"to":[8.00646,14.5,12.00354],"rotation":{"angle":45,"axis":"y","origin":[7.99646,10.5,8.00354]},"faces":{"east":{"uv":[4,0,0,4],"texture":"#5"},"west":{"uv":[0,0,4,4],"texture":"#5"}}},{"from":[7.99646,6.5,3.99646],"to":[8.00646,14.5,11.99646],"rotation":{"angle":-45,"axis":"y","origin":[7.99646,10.5,7.99646]},"faces":{"east":{"uv":[4,4.5,0,8.5],"texture":"#5"},"west":{"uv":[0,4.5,4,8.5],"texture":"#5"}}},{"from":[7.995,-5.5,5.5],"to":[8.005,0.5,10.5],"light_emission":15,"rotation":{"angle":45,"axis":"y","origin":[8,-2.5,8]},"faces":{"east":{"uv":[10,0,0,12],"texture":"#3"},"west":{"uv":[0,0,10,12],"texture":"#3"}}},{"from":[5.5,-5.5,7.995],"to":[10.5,0.5,8.005],"light_emission":15,"rotation":{"angle":45,"axis":"y","origin":[8,-2.5,8]},"faces":{"north":{"uv":[0,0,10,12],"texture":"#3"},"south":{"uv":[10,0,0,12],"texture":"#3"}}},{"from":[5.75,7.25,5.75],"to":[5.76,12.25,10.25],"light_emission":15,"rotation":{"angle":0,"axis":"y","origin":[5.75,8,6.5]},"faces":{"east":{"uv":[8.66667,0,2.66667,6.66667],"texture":"#4"},"west":{"uv":[2.66667,0,8.66667,6.66667],"texture":"#4"}}},{"from":[5.67579,7.25,10.62306],"to":[7.67579,12.25,10.63306],"light_emission":15,"rotation":{"angle":-22.5,"axis":"y","origin":[6.67579,9.75,10.62806]},"faces":{"north":{"uv":[0,0,2.66667,6.66667],"texture":"#4"},"south":{"uv":[2.66667,0,0,6.66667],"texture":"#4"}}},{"from":[5.67388,7.25,5.36732],"to":[7.67388,12.25,5.37732],"light_emission":15,"rotation":{"angle":22.5,"axis":"y","origin":[6.67388,9.75,5.36732]},"faces":{"north":{"uv":[0,0,2.66667,6.66667],"texture":"#4"},"south":{"uv":[2.66667,0,0,6.66667],"texture":"#4"}}},{"from":[6.725,5.75,6.725],"to":[9.275,7.75,9.275],"rotation":{"angle":45,"axis":"y","origin":[8,6.75,8]},"faces":{"north":{"uv":[8.5,7.5,9.75,8.5],"texture":"#5"},"east":{"uv":[0,9,1.25,10],"texture":"#5"},"south":{"uv":[2,9,3.25,10],"texture":"#5"},"west":{"uv":[8.5,9,9.75,10],"texture":"#5"},"up":{"uv":[5.75,8.75,4.5,7.5],"texture":"#5"}}},{"name":"cube inverted","from":[9.25,7.75,9.25],"to":[6.75,5.75,6.75],"rotation":{"angle":45,"axis":"y","origin":[8,6.75,8]},"faces":{"north":{"uv":[9.5,0,10.75,1],"texture":"#5"},"east":{"uv":[9.5,1.5,10.75,2.5],"texture":"#5"},"south":{"uv":[9.5,3,10.75,4],"texture":"#5"},"west":{"uv":[4,9.5,5.25,10.5],"texture":"#5"},"down":{"uv":[7.75,7.5,6.5,8.75],"texture":"#5"}}},{"from":[7.75,-2.5,5.5],"to":[8.25,0.5,6.5],"rotation":{"angle":0,"axis":"y","origin":[7.5,-1.5,5.5]},"faces":{"north":{"uv":[12,4.5,12.25,6],"texture":"#5"},"east":{"uv":[10.5,9,11,10.5],"texture":"#5"},"south":{"uv":[12,6.5,12.25,8],"texture":"#5"},"west":{"uv":[9.5,10.5,10,12],"texture":"#5"},"up":{"uv":[6.25,14,6,13.5],"texture":"#5"},"down":{"uv":[13.25,13.5,13,14],"texture":"#5"}}},{"from":[7.75,-2.5,4.5],"to":[8.25,-2,5.5],"rotation":{"angle":0,"axis":"y","origin":[7.5,-1.5,4.5]},"faces":{"north":{"uv":[14.5,2,14.75,2.25],"texture":"#5"},"east":{"uv":[7,14,7.5,14.25],"texture":"#5"},"south":{"uv":[3,14.5,3.25,14.75],"texture":"#5"},"west":{"uv":[14,13,14.5,13.25],"texture":"#5"},"up":{"uv":[14.25,14.5,14,14],"texture":"#5"},"down":{"uv":[0.25,14.5,0,15],"texture":"#5"}}},{"from":[7.75,-2,4.5],"to":[8.25,-1.5,5],"rotation":{"angle":0,"axis":"y","origin":[7.5,-1,4.5]},"faces":{"north":{"uv":[14.5,3,14.75,3.25],"texture":"#5"},"east":{"uv":[4,14.5,4.25,14.75],"texture":"#5"},"south":{"uv":[14.5,4,14.75,4.25],"texture":"#5"},"west":{"uv":[5,14.5,5.25,14.75],"texture":"#5"},"up":{"uv":[14.75,5.25,14.5,5],"texture":"#5"},"down":{"uv":[6.25,14.5,6,14.75],"texture":"#5"}}},{"from":[7.75,0,4.5],"to":[8.25,0.5,5.5],"rotation":{"angle":0,"axis":"y","origin":[7.5,-0.5,4.5]},"faces":{"north":{"uv":[10,14.5,10.25,14.75],"texture":"#5"},"east":{"uv":[14.5,0,15,0.25],"texture":"#5"},"south":{"uv":[14.5,10,14.75,10.25],"texture":"#5"},"west":{"uv":[1,14.5,1.5,14.75],"texture":"#5"},"up":{"uv":[14.75,1.5,14.5,1],"texture":"#5"},"down":{"uv":[2.25,14.5,2,15],"texture":"#5"}}},{"from":[7.75,-0.5,4.5],"to":[8.25,0,5],"rotation":{"angle":0,"axis":"y","origin":[7.5,-1,4.5]},"faces":{"north":{"uv":[14.5,6,14.75,6.25],"texture":"#5"},"east":{"uv":[14.5,7,14.75,7.25],"texture":"#5"},"south":{"uv":[8,14.5,8.25,14.75],"texture":"#5"},"west":{"uv":[14.5,8,14.75,8.25],"texture":"#5"},"up":{"uv":[9.25,14.75,9,14.5],"texture":"#5"},"down":{"uv":[14.75,9,14.5,9.25],"texture":"#5"}}},{"from":[7.5,-1.5,6],"to":[8.5,-0.5,7],"rotation":{"angle":0,"axis":"y","origin":[7.5,-1.5,6.5]},"faces":{"north":{"uv":[8,12,8.5,12.5],"texture":"#5"},"east":{"uv":[12,10.5,12.5,11],"texture":"#5"},"south":{"uv":[12,11.5,12.5,12],"texture":"#5"},"west":{"uv":[4,12.5,4.5,13],"texture":"#5"},"up":{"uv":[5.5,13,5,12.5],"texture":"#5"},"down":{"uv":[6.5,12.5,6,13],"texture":"#5"}}},{"from":[7.75,-2.5,9.5],"to":[8.25,0.5,10.5],"rotation":{"angle":0,"axis":"y","origin":[7.5,-1.5,10.5]},"faces":{"north":{"uv":[12.25,6.5,12,8],"texture":"#5"},"east":{"uv":[11,9,10.5,10.5],"texture":"#5"},"south":{"uv":[12.25,4.5,12,6],"texture":"#5"},"west":{"uv":[10,10.5,9.5,12],"texture":"#5"},"up":{"uv":[6.25,13.5,6,14],"texture":"#5"},"down":{"uv":[13.25,14,13,13.5],"texture":"#5"}}},{"from":[7.5,-1.5,9],"to":[8.5,-0.5,10],"rotation":{"angle":0,"axis":"y","origin":[7.5,-1.5,9.5]},"faces":{"north":{"uv":[12.5,11.5,12,12],"texture":"#5"},"east":{"uv":[12.5,10.5,12,11],"texture":"#5"},"south":{"uv":[8.5,12,8,12.5],"texture":"#5"},"west":{"uv":[4.5,12.5,4,13],"texture":"#5"},"up":{"uv":[5.5,12.5,5,13],"texture":"#5"},"down":{"uv":[6.5,13,6,12.5],"texture":"#5"}}},{"from":[7.75,-2.5,10.5],"to":[8.25,-2,11.5],"rotation":{"angle":0,"axis":"y","origin":[7.5,-1.5,11.5]},"faces":{"north":{"uv":[3.25,14.5,3,14.75],"texture":"#5"},"east":{"uv":[7.5,14,7,14.25],"texture":"#5"},"south":{"uv":[14.75,2,14.5,2.25],"texture":"#5"},"west":{"uv":[14.5,13,14,13.25],"texture":"#5"},"up":{"uv":[14.25,14,14,14.5],"texture":"#5"},"down":{"uv":[0.25,15,0,14.5],"texture":"#5"}}},{"from":[7.75,-2,11],"to":[8.25,-1.5,11.5],"rotation":{"angle":0,"axis":"y","origin":[7.5,-1,11.5]},"faces":{"north":{"uv":[14.75,4,14.5,4.25],"texture":"#5"},"east":{"uv":[4.25,14.5,4,14.75],"texture":"#5"},"south":{"uv":[14.75,3,14.5,3.25],"texture":"#5"},"west":{"uv":[5.25,14.5,5,14.75],"texture":"#5"},"up":{"uv":[14.75,5,14.5,5.25],"texture":"#5"},"down":{"uv":[6.25,14.75,6,14.5],"texture":"#5"}}},{"from":[7.75,-0.5,11],"to":[8.25,0,11.5],"rotation":{"angle":0,"axis":"y","origin":[7.5,-1,11.5]},"faces":{"north":{"uv":[8.25,14.5,8,14.75],"texture":"#5"},"east":{"uv":[14.75,7,14.5,7.25],"texture":"#5"},"south":{"uv":[14.75,6,14.5,6.25],"texture":"#5"},"west":{"uv":[14.75,8,14.5,8.25],"texture":"#5"},"up":{"uv":[9.25,14.5,9,14.75],"texture":"#5"},"down":{"uv":[14.75,9.25,14.5,9],"texture":"#5"}}},{"from":[7.75,0,10.5],"to":[8.25,0.5,11.5],"rotation":{"angle":0,"axis":"y","origin":[7.5,-0.5,11.5]},"faces":{"north":{"uv":[14.75,10,14.5,10.25],"texture":"#5"},"east":{"uv":[15,0,14.5,0.25],"texture":"#5"},"south":{"uv":[10.25,14.5,10,14.75],"texture":"#5"},"west":{"uv":[1.5,14.5,1,14.75],"texture":"#5"},"up":{"uv":[14.75,1,14.5,1.5],"texture":"#5"},"down":{"uv":[2.25,15,2,14.5],"texture":"#5"}}}],"gui_light":"front","display":{"thirdperson_righthand":{"rotation":[180,0,0],"translation":[0,2.75,1]},"thirdperson_lefthand":{"rotation":[-180,0,0],"translation":[0,2.75,1]},"firstperson_righthand":{"rotation":[165,-21,0],"translation":[0.5,2,2],"scale":[0.7,0.7,0.7]},"firstperson_lefthand":{"rotation":[165,160,0],"translation":[0.5,2,2],"scale":[0.7,0.7,0.7]},"ground":{"rotation":[45,0,0],"translation":[0,5,0],"scale":[0.7,0.7,0.7]},"gui":{"rotation":[-90,135,90],"translation":[2.5,2.25,0],"scale":[1.19,1.19,1.19]},"head":{"rotation":[0,-90,0]},"fixed":{"rotation":[0,-90,0],"translation":[0,6,-2.25],"scale":[2,2,2]}},"mcmodels":"2ab5d91016d1bd6dd4bcc7a40f897147"}