{
	"credit": "Made with Blockbench",
	"texture_size": [128, 128],
	"textures": {
		"0": "elitecreatures:christmas_eve_2023/bow_texture",
		"particle": "elitecreatures:christmas_eve_2023/bow_texture"
	},
	"elements": [
		{
			"from": [7.25, 9.10916, 1.47605],
			"to": [8.75, 10.60916, 5.47605],
			"rotation": {"angle": 22.5, "axis": "x", "origin": [8, 6.25, 12]},
			"faces": {
				"north": {"uv": [10.9375, 0.25, 10.75, 0.4375], "rotation": 90, "texture": "#0"},
				"east": {"uv": [5.75, 10.625, 5.9375, 10.125], "rotation": 270, "texture": "#0"},
				"south": {"uv": [10.9375, 0.6875, 10.75, 0.5], "rotation": 90, "texture": "#0"},
				"west": {"uv": [10.125, 7.25, 10.3125, 6.75], "rotation": 90, "texture": "#0"},
				"up": {"uv": [7.25, 10.625, 7.4375, 10.125], "rotation": 180, "texture": "#0"},
				"down": {"uv": [6, 10.625, 6.1875, 10.125], "texture": "#0"}
			}
		},
		{
			"from": [7.25, 6.28073, 4.30448],
			"to": [8.75, 7.78073, 8.30448],
			"rotation": {"angle": 45, "axis": "x", "origin": [8, 6.25, 12]},
			"faces": {
				"north": {"uv": [10.8125, 10.5, 10.625, 10.6875], "rotation": 90, "texture": "#0"},
				"east": {"uv": [4.5, 10.625, 4.6875, 10.125], "rotation": 270, "texture": "#0"},
				"south": {"uv": [10.9375, 0.1875, 10.75, 0], "rotation": 90, "texture": "#0"},
				"west": {"uv": [5.25, 10.625, 5.4375, 10.125], "rotation": 90, "texture": "#0"},
				"up": {"uv": [5.5, 10.625, 5.6875, 10.125], "rotation": 180, "texture": "#0"},
				"down": {"uv": [4.75, 10.625, 4.9375, 10.125], "texture": "#0"}
			}
		},
		{
			"from": [7.25, 9.65245, 6.28575],
			"to": [8.75, 13.15245, 7.78575],
			"rotation": {"angle": 22.5, "axis": "x", "origin": [8, 6.25, 12]},
			"faces": {
				"north": {"uv": [10.8125, 5.25, 10.375, 5.4375], "rotation": 90, "texture": "#0"},
				"east": {"uv": [10.375, 4.9375, 10.8125, 4.75], "rotation": 270, "texture": "#0"},
				"south": {"uv": [10.8125, 5.6875, 10.375, 5.5], "rotation": 90, "texture": "#0"},
				"west": {"uv": [10.375, 5.1875, 10.8125, 5], "rotation": 90, "texture": "#0"},
				"up": {"uv": [10.75, 1.1875, 10.9375, 1], "rotation": 180, "texture": "#0"},
				"down": {"uv": [10.75, 0.9375, 10.9375, 0.75], "texture": "#0"}
			}
		},
		{
			"from": [7.25, 6.25, 10.5],
			"to": [8.75, 10.25, 12],
			"rotation": {"angle": -22.5, "axis": "x", "origin": [8, 6.25, 12]},
			"faces": {
				"north": {"uv": [10.625, 2.875, 10.125, 3.0625], "rotation": 90, "texture": "#0"},
				"east": {"uv": [2.25, 10.3125, 2.75, 10.125], "rotation": 270, "texture": "#0"},
				"south": {"uv": [10.625, 3.3125, 10.125, 3.125], "rotation": 90, "texture": "#0"},
				"west": {"uv": [10.125, 2.8125, 10.625, 2.625], "rotation": 90, "texture": "#0"},
				"up": {"uv": [10.625, 10.1875, 10.8125, 10], "rotation": 180, "texture": "#0"},
				"down": {"uv": [10.625, 9.9375, 10.8125, 9.75], "texture": "#0"}
			}
		},
		{
			"from": [7.25, 16.10916, 11.52395],
			"to": [8.75, 17.60916, 15.52395],
			"rotation": {"angle": -22.5, "axis": "x", "origin": [8, 13.25, 5]},
			"faces": {
				"north": {"uv": [10.75, 0.6875, 10.9375, 0.5], "rotation": 270, "texture": "#0"},
				"east": {"uv": [5.9375, 10.625, 5.75, 10.125], "rotation": 90, "texture": "#0"},
				"south": {"uv": [10.75, 0.25, 10.9375, 0.4375], "rotation": 270, "texture": "#0"},
				"west": {"uv": [10.3125, 7.25, 10.125, 6.75], "rotation": 270, "texture": "#0"},
				"up": {"uv": [7.4375, 10.625, 7.25, 10.125], "texture": "#0"},
				"down": {"uv": [6.1875, 10.625, 6, 10.125], "rotation": 180, "texture": "#0"}
			}
		},
		{
			"from": [6, 14, 4],
			"to": [10, 19, 4],
			"rotation": {"angle": 0, "axis": "y", "origin": [8, 14, 4]},
			"faces": {
				"north": {"uv": [15.5, 0, 15, 0.6875], "texture": "#0"},
				"east": {"uv": [0, 0, 0, 0.5], "texture": "#0"},
				"south": {"uv": [15, 0, 15.5, 0.6875], "texture": "#0"},
				"west": {"uv": [0, 0, 0, 0.5], "texture": "#0"},
				"up": {"uv": [0, 0.5, 0, 0], "rotation": 90, "texture": "#0"},
				"down": {"uv": [0, 0, 0, 0.5], "rotation": 270, "texture": "#0"}
			}
		},
		{
			"from": [6, 21, 13],
			"to": [10, 26, 13],
			"rotation": {"angle": 0, "axis": "x", "origin": [8, 21, 13]},
			"faces": {
				"north": {"uv": [15.5, 0, 15, 0.6875], "texture": "#0"},
				"east": {"uv": [0, 0, 0, 0.5], "texture": "#0"},
				"south": {"uv": [15, 0, 15.5, 0.6875], "texture": "#0"},
				"west": {"uv": [0, 0, 0, 0.5], "texture": "#0"},
				"up": {"uv": [0, 0.5, 0, 0], "rotation": 90, "texture": "#0"},
				"down": {"uv": [0, 0, 0, 0.5], "rotation": 270, "texture": "#0"}
			}
		},
		{
			"from": [6, -8.5, 4],
			"to": [10, -3.5, 4],
			"rotation": {"angle": 0, "axis": "y", "origin": [8, -3.5, 4]},
			"faces": {
				"north": {"uv": [15.5, 0.6875, 15, 0], "texture": "#0"},
				"east": {"uv": [0, 0.5, 0, 0], "texture": "#0"},
				"south": {"uv": [15, 0.6875, 15.5, 0], "texture": "#0"},
				"west": {"uv": [0, 0.5, 0, 0], "texture": "#0"},
				"up": {"uv": [0, 0, 0, 0.5], "rotation": 270, "texture": "#0"},
				"down": {"uv": [0, 0.5, 0, 0], "rotation": 90, "texture": "#0"}
			}
		},
		{
			"from": [6, -15.5, 13],
			"to": [10, -10.5, 13],
			"rotation": {"angle": 0, "axis": "x", "origin": [8, -10.5, 13]},
			"faces": {
				"north": {"uv": [15.5, 0.6875, 15, 0], "texture": "#0"},
				"east": {"uv": [0, 0.5, 0, 0], "texture": "#0"},
				"south": {"uv": [15, 0.6875, 15.5, 0], "texture": "#0"},
				"west": {"uv": [0, 0.5, 0, 0], "texture": "#0"},
				"up": {"uv": [0, 0, 0, 0.5], "rotation": 270, "texture": "#0"},
				"down": {"uv": [0, 0.5, 0, 0], "rotation": 90, "texture": "#0"}
			}
		},
		{
			"from": [7.25, 16.94552, 3.46927],
			"to": [8.75, 20.94552, 4.96927],
			"rotation": {"angle": 45, "axis": "x", "origin": [8, 13.25, 5]},
			"faces": {
				"north": {"uv": [5.6875, 10.625, 5.5, 10.125], "rotation": 180, "texture": "#0"},
				"east": {"uv": [4.6875, 10.625, 4.5, 10.125], "rotation": 180, "texture": "#0"},
				"south": {"uv": [4.9375, 10.625, 4.75, 10.125], "rotation": 180, "texture": "#0"},
				"west": {"uv": [5.4375, 10.625, 5.25, 10.125], "rotation": 180, "texture": "#0"},
				"up": {"uv": [10.625, 10.5, 10.8125, 10.6875], "rotation": 270, "texture": "#0"},
				"down": {"uv": [10.75, 0.1875, 10.9375, 0], "rotation": 90, "texture": "#0"}
			}
		},
		{
			"from": [7.275, 16.65245, 9.23925],
			"to": [8.725, 20.15245, 10.68925],
			"rotation": {"angle": -22.5, "axis": "x", "origin": [8, 13.25, 5]},
			"faces": {
				"north": {"uv": [10.375, 5.6875, 10.8125, 5.5], "rotation": 270, "texture": "#0"},
				"east": {"uv": [10.8125, 4.9375, 10.375, 4.75], "rotation": 90, "texture": "#0"},
				"south": {"uv": [10.375, 5.25, 10.8125, 5.4375], "rotation": 270, "texture": "#0"},
				"west": {"uv": [10.8125, 5.1875, 10.375, 5], "rotation": 270, "texture": "#0"},
				"up": {"uv": [10.9375, 1.1875, 10.75, 1], "texture": "#0"},
				"down": {"uv": [10.9375, 0.9375, 10.75, 0.75], "rotation": 180, "texture": "#0"}
			}
		},
		{
			"from": [7.225, 13.25, 4.975],
			"to": [8.775, 17.25, 6.525],
			"rotation": {"angle": 22.5, "axis": "x", "origin": [8, 13.25, 5]},
			"faces": {
				"north": {"uv": [10.625, 3.125, 10.125, 3.3125], "rotation": 90, "texture": "#0"},
				"east": {"uv": [2.25, 10.125, 2.75, 10.3125], "rotation": 270, "texture": "#0"},
				"south": {"uv": [10.625, 3.0625, 10.125, 2.875], "rotation": 90, "texture": "#0"},
				"west": {"uv": [10.125, 2.625, 10.625, 2.8125], "rotation": 90, "texture": "#0"},
				"up": {"uv": [10.625, 10, 10.8125, 10.1875], "rotation": 180, "texture": "#0"},
				"down": {"uv": [10.625, 9.75, 10.8125, 9.9375], "texture": "#0"}
			}
		},
		{
			"from": [7.25, -7.10916, 11.52395],
			"to": [8.75, -5.60916, 15.52395],
			"rotation": {"angle": 22.5, "axis": "x", "origin": [8, -2.75, 5]},
			"faces": {
				"north": {"uv": [10.9375, 0.6875, 10.75, 0.5], "rotation": 270, "texture": "#0"},
				"east": {"uv": [5.75, 10.625, 5.9375, 10.125], "rotation": 90, "texture": "#0"},
				"south": {"uv": [10.9375, 0.25, 10.75, 0.4375], "rotation": 270, "texture": "#0"},
				"west": {"uv": [10.125, 7.25, 10.3125, 6.75], "rotation": 270, "texture": "#0"},
				"up": {"uv": [6.1875, 10.125, 6, 10.625], "rotation": 180, "texture": "#0"},
				"down": {"uv": [7.4375, 10.125, 7.25, 10.625], "texture": "#0"}
			}
		},
		{
			"from": [7.25, -10.44552, 3.46927],
			"to": [8.75, -6.44552, 4.96927],
			"rotation": {"angle": -45, "axis": "x", "origin": [8, -2.75, 5]},
			"faces": {
				"north": {"uv": [5.6875, 10.125, 5.5, 10.625], "rotation": 180, "texture": "#0"},
				"east": {"uv": [4.6875, 10.125, 4.5, 10.625], "rotation": 180, "texture": "#0"},
				"south": {"uv": [4.9375, 10.125, 4.75, 10.625], "rotation": 180, "texture": "#0"},
				"west": {"uv": [5.4375, 10.125, 5.25, 10.625], "rotation": 180, "texture": "#0"},
				"up": {"uv": [10.9375, 0.1875, 10.75, 0], "rotation": 90, "texture": "#0"},
				"down": {"uv": [10.8125, 10.5, 10.625, 10.6875], "rotation": 270, "texture": "#0"}
			}
		},
		{
			"from": [7.275, -9.65245, 9.23925],
			"to": [8.725, -6.15245, 10.68925],
			"rotation": {"angle": 22.5, "axis": "x", "origin": [8, -2.75, 5]},
			"faces": {
				"north": {"uv": [10.8125, 5.6875, 10.375, 5.5], "rotation": 270, "texture": "#0"},
				"east": {"uv": [10.375, 4.9375, 10.8125, 4.75], "rotation": 90, "texture": "#0"},
				"south": {"uv": [10.8125, 5.25, 10.375, 5.4375], "rotation": 270, "texture": "#0"},
				"west": {"uv": [10.375, 5.1875, 10.8125, 5], "rotation": 270, "texture": "#0"},
				"up": {"uv": [10.9375, 0.75, 10.75, 0.9375], "rotation": 180, "texture": "#0"},
				"down": {"uv": [10.9375, 1, 10.75, 1.1875], "texture": "#0"}
			}
		},
		{
			"from": [7.225, -6.75, 4.975],
			"to": [8.775, -2.75, 6.525],
			"rotation": {"angle": -22.5, "axis": "x", "origin": [8, -2.75, 5]},
			"faces": {
				"north": {"uv": [10.125, 3.125, 10.625, 3.3125], "rotation": 90, "texture": "#0"},
				"east": {"uv": [2.75, 10.125, 2.25, 10.3125], "rotation": 270, "texture": "#0"},
				"south": {"uv": [10.125, 3.0625, 10.625, 2.875], "rotation": 90, "texture": "#0"},
				"west": {"uv": [10.625, 2.625, 10.125, 2.8125], "rotation": 90, "texture": "#0"},
				"up": {"uv": [10.625, 9.9375, 10.8125, 9.75], "texture": "#0"},
				"down": {"uv": [10.625, 10.1875, 10.8125, 10], "rotation": 180, "texture": "#0"}
			}
		},
		{
			"from": [7.25, -0.10916, 1.47605],
			"to": [8.75, 1.39084, 5.47605],
			"rotation": {"angle": -22.5, "axis": "x", "origin": [8, 4.25, 12]},
			"faces": {
				"north": {"uv": [10.75, 0.25, 10.9375, 0.4375], "rotation": 90, "texture": "#0"},
				"east": {"uv": [5.9375, 10.625, 5.75, 10.125], "rotation": 270, "texture": "#0"},
				"south": {"uv": [10.75, 0.6875, 10.9375, 0.5], "rotation": 90, "texture": "#0"},
				"west": {"uv": [10.3125, 7.25, 10.125, 6.75], "rotation": 90, "texture": "#0"},
				"up": {"uv": [6.1875, 10.625, 6, 10.125], "rotation": 180, "texture": "#0"},
				"down": {"uv": [7.4375, 10.625, 7.25, 10.125], "texture": "#0"}
			}
		},
		{
			"from": [7.25, 2.71927, 4.30448],
			"to": [8.75, 4.21927, 8.30448],
			"rotation": {"angle": -45, "axis": "x", "origin": [8, 4.25, 12]},
			"faces": {
				"north": {"uv": [10.625, 10.5, 10.8125, 10.6875], "rotation": 90, "texture": "#0"},
				"east": {"uv": [4.6875, 10.625, 4.5, 10.125], "rotation": 270, "texture": "#0"},
				"south": {"uv": [10.75, 0.1875, 10.9375, 0], "rotation": 90, "texture": "#0"},
				"west": {"uv": [5.4375, 10.625, 5.25, 10.125], "rotation": 90, "texture": "#0"},
				"up": {"uv": [4.9375, 10.625, 4.75, 10.125], "rotation": 180, "texture": "#0"},
				"down": {"uv": [5.6875, 10.625, 5.5, 10.125], "texture": "#0"}
			}
		},
		{
			"from": [7.275, -2.65245, 6.31075],
			"to": [8.725, 0.84755, 7.76075],
			"rotation": {"angle": -22.5, "axis": "x", "origin": [8, 4.25, 12]},
			"faces": {
				"north": {"uv": [10.375, 5.25, 10.8125, 5.4375], "rotation": 90, "texture": "#0"},
				"east": {"uv": [10.8125, 4.9375, 10.375, 4.75], "rotation": 270, "texture": "#0"},
				"south": {"uv": [10.375, 5.6875, 10.8125, 5.5], "rotation": 90, "texture": "#0"},
				"west": {"uv": [10.8125, 5.1875, 10.375, 5], "rotation": 90, "texture": "#0"},
				"up": {"uv": [10.9375, 0.9375, 10.75, 0.75], "rotation": 180, "texture": "#0"},
				"down": {"uv": [10.9375, 1.1875, 10.75, 1], "texture": "#0"}
			}
		},
		{
			"from": [7.25, 0.25, 10.5],
			"to": [8.75, 4.25, 12],
			"rotation": {"angle": 22.5, "axis": "x", "origin": [8, 4.25, 12]},
			"faces": {
				"north": {"uv": [10.125, 2.875, 10.625, 3.0625], "rotation": 90, "texture": "#0"},
				"east": {"uv": [2.75, 10.3125, 2.25, 10.125], "rotation": 270, "texture": "#0"},
				"south": {"uv": [10.125, 3.3125, 10.625, 3.125], "rotation": 90, "texture": "#0"},
				"west": {"uv": [10.625, 2.8125, 10.125, 2.625], "rotation": 90, "texture": "#0"},
				"up": {"uv": [10.8125, 9.9375, 10.625, 9.75], "rotation": 180, "texture": "#0"},
				"down": {"uv": [10.8125, 10.1875, 10.625, 10], "texture": "#0"}
			}
		},
		{
			"from": [7, 4.25, 6.25],
			"to": [9, 6.25, 9.25],
			"rotation": {"angle": 0, "axis": "y", "origin": [8, 5.25, 9.25]},
			"faces": {
				"north": {"uv": [8.5, 1.375, 8.25, 1.625], "rotation": 90, "texture": "#0"},
				"east": {"uv": [6.875, 2, 7.125, 1.625], "rotation": 270, "texture": "#0"},
				"south": {"uv": [9.125, 10.625, 8.875, 10.375], "rotation": 90, "texture": "#0"},
				"west": {"uv": [2.75, 8.625, 3, 8.25], "rotation": 90, "texture": "#0"},
				"up": {"uv": [8.5, 0.375, 8.75, 0], "rotation": 180, "texture": "#0"},
				"down": {"uv": [0.75, 7.875, 1, 7.5], "texture": "#0"}
			}
		},
		{
			"from": [6, 6.37132, 6.12868],
			"to": [10, 8.37132, 8.12868],
			"rotation": {"angle": -45, "axis": "x", "origin": [8, 5.25, 9.25]},
			"faces": {
				"north": {"uv": [7.25, 9.375, 7, 9.875], "rotation": 90, "texture": "#0"},
				"east": {"uv": [9.375, 10.625, 9.625, 10.375], "rotation": 270, "texture": "#0"},
				"south": {"uv": [9.875, 0.5, 9.625, 0], "rotation": 90, "texture": "#0"},
				"west": {"uv": [10.375, 9.75, 10.625, 9.5], "rotation": 90, "texture": "#0"},
				"up": {"uv": [7.125, 6.5, 7.625, 6.25], "rotation": 180, "texture": "#0"},
				"down": {"uv": [1, 3.875, 1.5, 3.625], "texture": "#0"}
			}
		},
		{
			"from": [6, 5.25, 8.25],
			"to": [10, 8.25, 11.25],
			"rotation": {"angle": 45, "axis": "x", "origin": [8, 5.25, 8.25]},
			"faces": {
				"north": {"uv": [9.5, 3, 9.125, 3.5], "rotation": 90, "texture": "#0"},
				"east": {"uv": [2, 5.25, 2.375, 4.875], "rotation": 270, "texture": "#0"},
				"south": {"uv": [0.375, 9.75, 0, 9.25], "rotation": 90, "texture": "#0"},
				"west": {"uv": [7.375, 8.875, 7.75, 8.5], "rotation": 90, "texture": "#0"},
				"up": {"uv": [9.125, 3, 9.625, 2.625], "rotation": 180, "texture": "#0"},
				"down": {"uv": [6.75, 9.375, 7.25, 9], "texture": "#0"}
			}
		},
		{
			"from": [6.5, 3.75, 8.75],
			"to": [9.5, 6.75, 12.75],
			"rotation": {"angle": 0, "axis": "y", "origin": [8, 5.25, 9.75]},
			"faces": {
				"north": {"uv": [7.375, 8.875, 7.75, 8.5], "rotation": 90, "texture": "#0"},
				"east": {"uv": [9.5, 3, 9.125, 3.5], "rotation": 90, "texture": "#0"},
				"south": {"uv": [2, 5.25, 2.375, 4.875], "rotation": 270, "texture": "#0"},
				"west": {"uv": [0.375, 9.75, 0, 9.25], "rotation": 90, "texture": "#0"},
				"up": {"uv": [9.125, 3, 9.625, 2.625], "rotation": 270, "texture": "#0"},
				"down": {"uv": [6.75, 9.375, 7.25, 9], "rotation": 270, "texture": "#0"}
			}
		},
		{
			"from": [7, 6.25, 5.25],
			"to": [9, 8.25, 8.25],
			"rotation": {"angle": 45, "axis": "x", "origin": [8, 5.25, 8.25]},
			"faces": {
				"north": {"uv": [9.375, 10.375, 9.125, 10.625], "rotation": 90, "texture": "#0"},
				"east": {"uv": [6.5, 10.375, 6.75, 10], "rotation": 270, "texture": "#0"},
				"south": {"uv": [10.625, 9.5, 10.375, 9.25], "rotation": 90, "texture": "#0"},
				"west": {"uv": [8.75, 10.375, 9, 10], "rotation": 90, "texture": "#0"},
				"up": {"uv": [9, 10.375, 9.25, 10], "rotation": 180, "texture": "#0"},
				"down": {"uv": [6.75, 10.375, 7, 10], "texture": "#0"}
			}
		},
		{
			"from": [6.5, -3, 4.5],
			"to": [9.5, -2, 7.5],
			"rotation": {"angle": 0, "axis": "y", "origin": [-10, 13.5, -3]},
			"faces": {
				"north": {"uv": [8.375, 8.375, 8.75, 8.25], "texture": "#0"},
				"east": {"uv": [3.75, 8.875, 4.125, 8.75], "texture": "#0"},
				"south": {"uv": [8.875, 8.25, 9.25, 8.125], "texture": "#0"},
				"west": {"uv": [10.625, 4.5, 11, 4.375], "texture": "#0"},
				"up": {"uv": [9.875, 7.375, 9.5, 7], "texture": "#0"},
				"down": {"uv": [9.875, 6.625, 9.5, 7], "texture": "#0"}
			}
		},
		{
			"from": [6.5, 13, 4.5],
			"to": [9.5, 14, 7.5],
			"rotation": {"angle": 0, "axis": "y", "origin": [-10, 2.5, -3]},
			"faces": {
				"north": {"uv": [8.375, 8.25, 8.75, 8.375], "texture": "#0"},
				"east": {"uv": [3.75, 8.75, 4.125, 8.875], "texture": "#0"},
				"south": {"uv": [8.875, 8.125, 9.25, 8.25], "texture": "#0"},
				"west": {"uv": [10.625, 4.375, 11, 4.5], "texture": "#0"},
				"up": {"uv": [9.875, 7, 9.5, 6.625], "texture": "#0"},
				"down": {"uv": [9.875, 7, 9.5, 7.375], "texture": "#0"}
			}
		},
		{
			"from": [6, 7.78553, 6.54289],
			"to": [10, 9.78553, 8.54289],
			"rotation": {"angle": 0, "axis": "y", "origin": [8, 8.78553, 7.54289]},
			"faces": {
				"north": {"uv": [0.625, 9.625, 0.375, 10.125], "rotation": 90, "texture": "#0"},
				"east": {"uv": [9.625, 10.625, 9.875, 10.375], "rotation": 270, "texture": "#0"},
				"south": {"uv": [0.875, 10.125, 0.625, 9.625], "rotation": 90, "texture": "#0"},
				"west": {"uv": [9.875, 10.625, 10.125, 10.375], "rotation": 90, "texture": "#0"},
				"up": {"uv": [0, 8.25, 0.5, 8], "rotation": 180, "texture": "#0"},
				"down": {"uv": [7.875, 2.875, 8.375, 2.625], "texture": "#0"}
			}
		},
		{
			"from": [7, 2.25, 5.25],
			"to": [9, 4.25, 8.25],
			"rotation": {"angle": -45, "axis": "x", "origin": [8, 5.25, 8.25]},
			"faces": {
				"north": {"uv": [10.75, 0, 10.5, 0.25], "rotation": 90, "texture": "#0"},
				"east": {"uv": [9.25, 10.375, 9.5, 10], "rotation": 270, "texture": "#0"},
				"south": {"uv": [10.75, 0.5, 10.5, 0.25], "rotation": 90, "texture": "#0"},
				"west": {"uv": [9.75, 10.375, 10, 10], "rotation": 90, "texture": "#0"},
				"up": {"uv": [10, 10.375, 10.25, 10], "rotation": 180, "texture": "#0"},
				"down": {"uv": [9.5, 10.375, 9.75, 10], "texture": "#0"}
			}
		},
		{
			"from": [6, 0.71447, 6.54289],
			"to": [10, 2.71447, 8.54289],
			"rotation": {"angle": 0, "axis": "y", "origin": [8, 1.71447, 7.54289]},
			"faces": {
				"north": {"uv": [2.625, 9.625, 2.375, 10.125], "rotation": 90, "texture": "#0"},
				"east": {"uv": [10.5, 0.75, 10.75, 0.5], "rotation": 270, "texture": "#0"},
				"south": {"uv": [2.875, 10.125, 2.625, 9.625], "rotation": 90, "texture": "#0"},
				"west": {"uv": [10.5, 1, 10.75, 0.75], "rotation": 90, "texture": "#0"},
				"up": {"uv": [9.625, 1.5, 10.125, 1.25], "rotation": 180, "texture": "#0"},
				"down": {"uv": [9.5, 2.625, 10, 2.375], "texture": "#0"}
			}
		},
		{
			"from": [7.5, 2.25, 4.25],
			"to": [8.5, 8.25, 9.25],
			"rotation": {"angle": 0, "axis": "y", "origin": [8, 5.25, 9.25]},
			"faces": {
				"north": {"uv": [10.625, 4.125, 9.875, 4.25], "rotation": 90, "texture": "#0"},
				"east": {"uv": [3.25, 7.25, 4, 6.625], "rotation": 270, "texture": "#0"},
				"south": {"uv": [10.75, 2.625, 10, 2.5], "rotation": 90, "texture": "#0"},
				"west": {"uv": [6.625, 4.125, 7.375, 3.5], "rotation": 90, "texture": "#0"},
				"up": {"uv": [6.375, 8.875, 6.5, 8.25], "rotation": 180, "texture": "#0"},
				"down": {"uv": [3.25, 6.125, 3.375, 5.5], "texture": "#0"}
			}
		},
		{
			"from": [7.475, 2.25, 4.25],
			"to": [8.525, 6.5, 8.5],
			"rotation": {"angle": -45, "axis": "x", "origin": [8, 2.25, 4.25]},
			"faces": {
				"north": {"uv": [10.9375, 5.75, 10.375, 5.875], "rotation": 90, "texture": "#0"},
				"east": {"uv": [3.375, 8.3125, 3.9375, 7.75], "rotation": 270, "texture": "#0"},
				"south": {"uv": [10.9375, 6, 10.375, 5.875], "rotation": 90, "texture": "#0"},
				"west": {"uv": [4, 8.3125, 4.5625, 7.75], "rotation": 90, "texture": "#0"},
				"up": {"uv": [10.375, 7.0625, 10.5, 6.5], "rotation": 180, "texture": "#0"},
				"down": {"uv": [6.5, 10.9375, 6.625, 10.375], "texture": "#0"}
			}
		},
		{
			"from": [8, -9.5, 12],
			"to": [8, 5.5, 14],
			"rotation": {"angle": 0, "axis": "y", "origin": [8, -9.5, 13.5]},
			"faces": {
				"north": {"uv": [0, 0, 0, 2.5], "texture": "#missing"},
				"east": {"uv": [16, 1.5, 15.75, 3.375], "texture": "#0"},
				"south": {"uv": [0, 0, 0, 2.5], "texture": "#missing"},
				"west": {"uv": [15.75, 1.5, 16, 3.375], "texture": "#0"},
				"up": {"uv": [0, 0, 0, 0.25], "texture": "#0"},
				"down": {"uv": [0, 0, 0, 0.25], "texture": "#missing"}
			}
		},
		{
			"from": [8, 5, 12],
			"to": [8, 20, 14],
			"rotation": {"angle": 0, "axis": "y", "origin": [8, 20, 13.5]},
			"faces": {
				"north": {"uv": [0, 2.5, 0, 0], "texture": "#missing"},
				"east": {"uv": [16, 3.375, 15.75, 1.5], "texture": "#0"},
				"south": {"uv": [0, 2.5, 0, 0], "texture": "#missing"},
				"west": {"uv": [15.75, 3.375, 16, 1.5], "texture": "#0"},
				"up": {"uv": [0, 0.25, 0, 0], "texture": "#missing"},
				"down": {"uv": [0, 0.25, 0, 0], "texture": "#0"}
			}
		}
	],
	"gui_light": "front",
	"display": {
		"thirdperson_righthand": {
			"rotation": [0, -1, 0],
			"translation": [-1.5, -1.5, 2.25],
			"scale": [0.55, 0.55, 0.55]
		},
		"thirdperson_lefthand": {
			"rotation": [0, -1, 0],
			"translation": [-1.5, -1.5, 2.25],
			"scale": [0.55, 0.55, 0.55]
		},
		"firstperson_righthand": {
			"rotation": [0, 15, 0],
			"translation": [5.5, 2.5, -4],
			"scale": [0.54883, 0.54883, 0.54883]
		},
		"firstperson_lefthand": {
			"rotation": [0, 15, 0],
			"translation": [5.5, 2.5, -4],
			"scale": [0.54883, 0.54883, 0.54883]
		},
		"ground": {
			"rotation": [94, 85, 0],
			"translation": [0, 0, 1.5],
			"scale": [0.5, 0.5, 0.5]
		},
		"gui": {
			"rotation": [-90, 135, 90],
			"translation": [-0.25, 2, 0],
			"scale": [0.515, 0.515, 0.515]
		},
		"head": {
			"rotation": [90, 180, 90],
			"translation": [2.25, 12, 0.25],
			"scale": [0.7, 0.7, 0.7]
		},
		"fixed": {
			"rotation": [0, 90, 0],
			"translation": [0, 4.25, -2.25],
			"scale": [1.16, 1.16, 1.16]
		}
	},
	"groups": [
		{
			"name": "sword",
			"origin": [8, 3, 8],
			"color": 0,
			"boneType": "",
			"children": [
				{
					"name": "group",
					"origin": [-1, -3.75, 8],
					"color": 0,
					"boneType": "",
					"children": [
						{
							"name": "group",
							"origin": [1.5, -3.75, 8],
							"color": 0,
							"boneType": "",
							"children": [0, 1, 2]
						},
						3
					]
				},
				{
					"name": "group",
					"origin": [-1, -3.75, 8],
					"color": 0,
					"boneType": "",
					"children": [
						{
							"name": "group",
							"origin": [1.5, -3.75, 8],
							"color": 0,
							"boneType": "",
							"children": [
								4,
								{
									"name": "group",
									"origin": [8, 16, 9],
									"color": 0,
									"boneType": "",
									"children": [5, 6]
								},
								{
									"name": "group",
									"origin": [8, 16, 9],
									"color": 0,
									"boneType": "",
									"children": [7, 8]
								},
								9,
								10
							]
						},
						11
					]
				},
				{
					"name": "group",
					"origin": [-1, -3.75, 8],
					"color": 0,
					"boneType": "",
					"children": [
						{
							"name": "group",
							"origin": [1.5, -3.75, 8],
							"color": 0,
							"boneType": "",
							"children": [12, 13, 14]
						},
						15
					]
				},
				{
					"name": "group",
					"origin": [-1, -3.75, 8],
					"color": 0,
					"boneType": "",
					"children": [
						{
							"name": "group",
							"origin": [1.5, -3.75, 8],
							"color": 0,
							"boneType": "",
							"children": [16, 17, 18]
						},
						19
					]
				},
				{
					"name": "red",
					"origin": [8, 5, -8],
					"color": 0,
					"boneType": "",
					"children": [
						{
							"name": "group",
							"origin": [8, 4, -8],
							"color": 0,
							"boneType": "",
							"children": [20, 21]
						},
						22,
						23,
						{
							"name": "group",
							"origin": [4.46447, 1.70711, 8],
							"color": 0,
							"boneType": "",
							"children": [24, 25, 26, 27]
						},
						{
							"name": "group",
							"origin": [4.46447, 1.70711, 8],
							"color": 0,
							"boneType": "",
							"children": [28, 29]
						},
						30,
						31
					]
				}
			]
		},
		32,
		33
	]
}