{"credit":"Made with Blockbench","texture_size":[128,128],"textures":{"1":"elitecreatures:christmas_eve_2023/chest_texture"},"elements":[{"from":[2,0,2],"to":[14,2,14],"rotation":{"angle":0,"axis":"y","origin":[0,-8,-28]},"faces":{"north":{"uv":[7.875,1,9.375,1.25],"texture":"#1"},"east":{"uv":[2.25,7.875,3.75,8.125],"texture":"#1"},"south":{"uv":[5.75,7.875,7.25,8.125],"texture":"#1"},"west":{"uv":[8,1.25,9.5,1.5],"texture":"#1"},"up":{"uv":[5,6.5,3.5,5],"texture":"#1"},"down":{"uv":[6.5,5,5,6.5],"texture":"#1"}}},{"from":[0,2,0],"to":[16,15,16],"rotation":{"angle":0,"axis":"y","origin":[0,-8,-28]},"faces":{"north":{"uv":[2,0,4,1.625],"texture":"#1"},"east":{"uv":[2,1.625,4,3.25],"texture":"#1"},"south":{"uv":[2,3.25,4,4.875],"texture":"#1"},"west":{"uv":[0,4,2,5.625],"texture":"#1"},"up":{"uv":[2,2,0,0],"texture":"#1"},"down":{"uv":[2,2,0,4],"texture":"#1"}}},{"from":[4,3,-0.25],"to":[12,12,-0.25],"rotation":{"angle":0,"axis":"y","origin":[0,-8,-28]},"faces":{"north":{"uv":[1.5,6.375,2.5,7.5],"texture":"#1"},"east":{"uv":[0,0,0,1.125],"texture":"#1"},"west":{"uv":[0,0,0,1.125],"texture":"#1"},"up":{"uv":[1,0,0,0],"texture":"#1"},"down":{"uv":[1,0,0,0],"texture":"#1"}}},{"from":[2,14,1],"to":[14,20,13],"rotation":{"angle":-22.5,"axis":"x","origin":[8,16,13]},"faces":{"north":{"uv":[2.5,6.5,4,7.25],"texture":"#1"},"east":{"uv":[4,6.5,5.5,7.25],"texture":"#1"},"south":{"uv":[6.5,5,8,5.75],"texture":"#1"},"west":{"uv":[5.5,6.5,7,7.25],"texture":"#1"},"up":{"uv":[7,5,5.5,3.5],"texture":"#1"},"down":{"uv":[1.5,5.625,0,7.125],"texture":"#1"}}},{"from":[3,10.32763,0.13796],"to":[13,20.32763,4.13796],"rotation":{"angle":22.5,"axis":"x","origin":[8,16,13]},"faces":{"north":{"uv":[5.75,0,7,1.25],"texture":"#1"},"east":{"uv":[1,7.125,1.5,8.375],"texture":"#1"},"south":{"uv":[5.75,1.25,7,2.5],"texture":"#1"},"west":{"uv":[4.5,7.25,5,8.5],"texture":"#1"},"up":{"uv":[6.25,7.75,5,7.25],"texture":"#1"},"down":{"uv":[7.5,7.375,6.25,7.875],"texture":"#1"}}},{"from":[4,20.46088,4.68297],"to":[12,25.46088,12.68297],"rotation":{"angle":-45,"axis":"x","origin":[8,16,13]},"faces":{"north":{"uv":[0,7.125,1,7.75],"texture":"#1"},"east":{"uv":[2.5,7.25,3.5,7.875],"texture":"#1"},"south":{"uv":[7.25,2.625,8.25,3.25],"texture":"#1"},"west":{"uv":[3.5,7.25,4.5,7.875],"texture":"#1"},"up":{"uv":[8,2.25,7,1.25],"texture":"#1"},"down":{"uv":[8,3.25,7,4.25],"texture":"#1"}}}],"gui_light":"front","display":{"thirdperson_righthand":{"rotation":[60.75,0,0],"scale":[0.42773,0.42773,0.42773]},"thirdperson_lefthand":{"rotation":[60.75,0,0],"scale":[0.42773,0.42773,0.42773]},"firstperson_righthand":{"rotation":[177.46,68.74,175.99],"translation":[13.25,-3.75,-14.5],"scale":[0.80469,0.80469,0.80469]},"firstperson_lefthand":{"rotation":[177.46,68.74,175.99],"translation":[13.25,-3.75,-14.5],"scale":[0.80469,0.80469,0.80469]},"ground":{"translation":[0,0.25,0],"scale":[0.54492,0.54492,0.54492]},"gui":{"rotation":[16,159,0],"translation":[0,-1.25,0],"scale":[0.57422,0.57422,0.57422]},"head":{"translation":[0,-33.75,-0.75],"scale":[1.15625,1.15625,1.15625]},"fixed":{"rotation":[-90,0,0],"translation":[0,0,-9.75],"scale":[1.36328,1.36328,1.36328]}}}