{"credit":"Made with Blockbench","texture_size":[64,64],"textures":{"3":"elitecreatures:christmas_eve_2023/hat_texture"},"elements":[{"from":[2,0,2],"to":[14,2,14],"rotation":{"angle":0,"axis":"y","origin":[0,-8,-12]},"faces":{"north":{"uv":[0,8.5,3,9],"texture":"#3"},"east":{"uv":[9.5,6.5,12.5,7],"texture":"#3"},"south":{"uv":[9.5,7,12.5,7.5],"texture":"#3"},"west":{"uv":[9,9.75,12,10.25],"texture":"#3"},"up":{"uv":[6.5,3,3.5,0],"texture":"#3"},"down":{"uv":[6.5,3,3.5,6],"texture":"#3"}}},{"from":[2,5,2],"to":[14,11,2],"rotation":{"angle":0,"axis":"y","origin":[8,5,-4]},"faces":{"north":{"uv":[3.5,6,6.5,7.5],"texture":"#3"},"east":{"uv":[0,0,0,1.5],"texture":"#3"},"south":{"uv":[6.5,0,9.5,1.5],"texture":"#3"},"west":{"uv":[0,0,0,1.5],"texture":"#3"},"up":{"uv":[3,0,0,0],"texture":"#3"},"down":{"uv":[3,0,0,0],"texture":"#3"}}},{"from":[14,5,2],"to":[14,11,14],"rotation":{"angle":0,"axis":"y","origin":[8,5,-4]},"faces":{"north":{"uv":[0,0,0,1.5],"texture":"#3"},"east":{"uv":[6.5,1.5,9.5,3],"texture":"#3"},"south":{"uv":[0,0,0,1.5],"texture":"#3"},"west":{"uv":[6.5,3,9.5,4.5],"texture":"#3"},"up":{"uv":[0,3,0,0],"texture":"#3"},"down":{"uv":[0,0,0,3],"texture":"#3"}}},{"from":[2,5,2],"to":[2,11,14],"rotation":{"angle":0,"axis":"y","origin":[8,5,-4]},"faces":{"north":{"uv":[0,0,0,1.5],"texture":"#3"},"east":{"uv":[6.5,4.5,9.5,6],"texture":"#3"},"south":{"uv":[0,0,0,1.5],"texture":"#3"},"west":{"uv":[6.5,6,9.5,7.5],"texture":"#3"},"up":{"uv":[0,3,0,0],"texture":"#3"},"down":{"uv":[0,0,0,3],"texture":"#3"}}},{"from":[2,5,14],"to":[14,11,14],"rotation":{"angle":0,"axis":"y","origin":[8,5,-4]},"faces":{"north":{"uv":[0,7,3,8.5],"texture":"#3"},"east":{"uv":[0,0,0,1.5],"texture":"#3"},"south":{"uv":[3,7.5,6,9],"texture":"#3"},"west":{"uv":[0,0,0,1.5],"texture":"#3"},"up":{"uv":[3,0,0,0],"texture":"#3"},"down":{"uv":[3,0,0,0],"texture":"#3"}}},{"from":[5,5,5],"to":[11,10,11],"rotation":{"angle":0,"axis":"y","origin":[8,5,2]},"faces":{"north":{"uv":[9.5,1.5,11,2.75],"texture":"#3"},"east":{"uv":[9.5,2.75,11,4],"texture":"#3"},"south":{"uv":[9.5,4,11,5.25],"texture":"#3"},"west":{"uv":[9.5,5.25,11,6.5],"texture":"#3"},"up":{"uv":[5,10.5,3.5,9],"texture":"#3"},"down":{"uv":[11,0,9.5,1.5],"texture":"#3"}}},{"from":[5,9,8],"to":[11,19,8],"rotation":{"angle":0,"axis":"y","origin":[8,5,2]},"faces":{"north":{"uv":[6,7.5,7.5,10],"texture":"#3"},"east":{"uv":[0,0,0,2.5],"texture":"#3"},"south":{"uv":[7.5,7.5,9,10],"texture":"#3"},"west":{"uv":[0,0,0,2.5],"texture":"#3"},"up":{"uv":[1.5,0,0,0],"texture":"#3"},"down":{"uv":[1.5,0,0,0],"texture":"#3"}}},{"from":[1,2,1],"to":[15,5,15],"rotation":{"angle":0,"axis":"y","origin":[0,-8,-12]},"faces":{"north":{"uv":[0,9,3.5,9.75],"texture":"#3"},"east":{"uv":[9,7.5,12.5,8.25],"texture":"#3"},"south":{"uv":[9,8.25,12.5,9],"texture":"#3"},"west":{"uv":[9,9,12.5,9.75],"texture":"#3"},"up":{"uv":[3.5,3.5,0,0],"texture":"#3"},"down":{"uv":[3.5,3.5,0,7],"texture":"#3"}}},{"from":[7,8,4],"to":[9,11,6],"rotation":{"angle":0,"axis":"y","origin":[8,8,5]},"faces":{"north":{"uv":[3,9.75,3.5,10.5],"texture":"#3"},"east":{"uv":[11,0,11.5,0.75],"texture":"#3"},"south":{"uv":[0.5,11,1,11.75],"texture":"#3"},"west":{"uv":[11,0.75,11.5,1.5],"texture":"#3"},"up":{"uv":[3.5,7.5,3,7],"texture":"#3"},"down":{"uv":[11.5,6,11,6.5],"texture":"#3"}}},{"from":[4.87868,9.12132,3],"to":[6.87868,11.12132,7],"rotation":{"angle":-45,"axis":"z","origin":[8,8,5]},"faces":{"north":{"uv":[10,11,10.5,11.5],"texture":"#3"},"east":{"uv":[3.75,10.5,4.75,11],"texture":"#3"},"south":{"uv":[3,11.25,3.5,11.75],"texture":"#3"},"west":{"uv":[7.5,10.75,8.5,11.25],"texture":"#3"},"up":{"uv":[11.25,11.25,10.75,10.25],"texture":"#3"},"down":{"uv":[0.5,11,0,12],"texture":"#3"}}},{"from":[5,6,3],"to":[8,9,7],"rotation":{"angle":45,"axis":"z","origin":[8,9,5]},"faces":{"north":{"uv":[10,10.25,10.75,11],"texture":"#3"},"east":{"uv":[5,9,6,9.75],"texture":"#3"},"south":{"uv":[3,10.5,3.75,11.25],"texture":"#3"},"west":{"uv":[7.5,10,8.5,10.75],"texture":"#3"},"up":{"uv":[9.25,11.25,8.5,10.25],"texture":"#3"},"down":{"uv":[10,10.25,9.25,11.25],"texture":"#3"}}},{"from":[5,9,4],"to":[7,12,6],"rotation":{"angle":45,"axis":"z","origin":[8,9,5]},"faces":{"north":{"uv":[1,11,1.5,11.75],"texture":"#3"},"east":{"uv":[1.5,11,2,11.75],"texture":"#3"},"south":{"uv":[11,1.5,11.5,2.25],"texture":"#3"},"west":{"uv":[2,11,2.5,11.75],"texture":"#3"},"up":{"uv":[11.75,4.75,11.25,4.25],"texture":"#3"},"down":{"uv":[11.75,4.75,11.25,5.25],"texture":"#3"}}},{"from":[9,9,4],"to":[11,12,6],"rotation":{"angle":-45,"axis":"z","origin":[8,9,5]},"faces":{"north":{"uv":[11,2.25,11.5,3],"texture":"#3"},"east":{"uv":[2.5,11,3,11.75],"texture":"#3"},"south":{"uv":[11,3,11.5,3.75],"texture":"#3"},"west":{"uv":[3.75,11,4.25,11.75],"texture":"#3"},"up":{"uv":[5.5,11.75,5,11.25],"texture":"#3"},"down":{"uv":[6,11.25,5.5,11.75],"texture":"#3"}}},{"from":[10.53553,8.70711,3.975],"to":[12.53553,10.70711,6.025],"rotation":{"angle":0,"axis":"y","origin":[11.53553,9.70711,5]},"faces":{"north":{"uv":[6,11.25,6.5,11.75],"texture":"#3"},"east":{"uv":[6.5,11.25,7,11.75],"texture":"#3"},"south":{"uv":[7,11.25,7.5,11.75],"texture":"#3"},"west":{"uv":[7.5,11.25,8,11.75],"texture":"#3"},"up":{"uv":[8.5,11.75,8,11.25],"texture":"#3"},"down":{"uv":[9,11.25,8.5,11.75],"texture":"#3"}}},{"from":[3.46447,8.70711,3.975],"to":[5.46447,10.70711,6.025],"rotation":{"angle":0,"axis":"y","origin":[4.46447,9.70711,5]},"faces":{"north":{"uv":[6.5,11.25,6,11.75],"texture":"#3"},"east":{"uv":[8,11.25,7.5,11.75],"texture":"#3"},"south":{"uv":[7.5,11.25,7,11.75],"texture":"#3"},"west":{"uv":[7,11.25,6.5,11.75],"texture":"#3"},"up":{"uv":[8,11.75,8.5,11.25],"texture":"#3"},"down":{"uv":[8.5,11.25,9,11.75],"texture":"#3"}}},{"from":[5,8,4.5],"to":[11,13,5.5],"rotation":{"angle":0,"axis":"y","origin":[8,8,5]},"faces":{"north":{"uv":[0,9.75,1.5,11],"texture":"#3"},"east":{"uv":[4.75,10.5,5,11.75],"texture":"#3"},"south":{"uv":[1.5,9.75,3,11],"texture":"#3"},"west":{"uv":[4.25,11,4.5,12.25],"texture":"#3"},"up":{"uv":[12.5,4,11,3.75],"texture":"#3"},"down":{"uv":[12.5,4,11,4.25],"texture":"#3"}}},{"from":[6.75,8.75,4.475],"to":[11,13,5.525],"rotation":{"angle":-45,"axis":"z","origin":[11,13,5]},"faces":{"north":{"uv":[5,10,6.125,11.125],"texture":"#3"},"east":{"uv":[11,4.25,11.25,5.375],"texture":"#3"},"south":{"uv":[6.25,10,7.375,11.125],"texture":"#3"},"west":{"uv":[4.5,11,4.75,12.125],"texture":"#3"},"up":{"uv":[12.125,5.75,11,5.5],"texture":"#3"},"down":{"uv":[12.125,5.75,11,6],"texture":"#3"}}}],"gui_light":"front","display":{"thirdperson_righthand":{"rotation":[58.76,3.25,7.85],"translation":[0,0.75,0],"scale":[0.54023,0.54023,0.54023]},"thirdperson_lefthand":{"rotation":[58.76,3.25,7.85],"translation":[0,0.75,0],"scale":[0.54023,0.54023,0.54023]},"firstperson_righthand":{"rotation":[-180,68,-180],"translation":[3.5,2.75,-3.25],"scale":[0.61523,0.61523,0.61523]},"firstperson_lefthand":{"rotation":[-180,68,-180],"translation":[3.5,2.75,-3.25],"scale":[0.61523,0.61523,0.61523]},"ground":{"rotation":[54,49,-19],"translation":[0,3.25,0],"scale":[0.5,0.5,0.5]},"gui":{"rotation":[26.86,147,-0.85],"translation":[0,1,-2],"scale":[0.62773,0.62773,0.62773]},"head":{"translation":[0,11.25,-0.5],"scale":[1.31016,1.31016,1.31016]},"fixed":{"translation":[0,-0.25,-7.5],"scale":[1.26578,1.26578,1.26578]}}}