{"credit":"Made with Blockbench","texture_size":[128,128],"textures":{"0":"elitecreatures:christmas_eve_2023/hoe_texture","particle":"elitecreatures:christmas_eve_2023/hoe_texture"},"elements":[{"from":[5.975,18.75,1],"to":[10.025,20.75,6],"rotation":{"angle":22.5,"axis":"x","origin":[8,20.75,1]},"faces":{"north":{"uv":[8.75,9.75,9.25,10],"texture":"#0"},"east":{"uv":[2.375,9.375,3,9.625],"texture":"#0"},"south":{"uv":[9.75,8.5,10.25,8.75],"texture":"#0"},"west":{"uv":[9.375,4.5,10,4.75],"texture":"#0"},"up":{"uv":[8.75,0.875,8.125,0.375],"rotation":90,"texture":"#0"},"down":{"uv":[8.75,4,8.125,4.5],"rotation":270,"texture":"#0"}}},{"from":[6,16.98882,4.85403],"to":[10,18.98882,9.85403],"rotation":{"angle":0,"axis":"y","origin":[8,20.75,1]},"faces":{"north":{"uv":[9.75,9.75,10.25,10],"texture":"#0"},"east":{"uv":[9.375,4.75,10,5],"texture":"#0"},"south":{"uv":[9.25,9.75,9.75,10],"texture":"#0"},"west":{"uv":[9.375,5,10,5.25],"texture":"#0"},"up":{"uv":[0.625,8.75,0,8.25],"rotation":90,"texture":"#0"},"down":{"uv":[8.875,0.875,8.25,1.375],"rotation":270,"texture":"#0"}}},{"from":[5.5,13.92157,-1.82843],"to":[10.5,17.92157,-0.82843],"rotation":{"angle":22.5,"axis":"x","origin":[8,20.75,1]},"faces":{"north":{"uv":[5.125,8,5.75,8.5],"texture":"#0"},"east":{"uv":[0.125,10.625,0.25,11.125],"texture":"#0"},"south":{"uv":[7.75,7.875,8.375,8.375],"texture":"#0"},"west":{"uv":[1.125,10.625,1.25,11.125],"texture":"#0"},"up":{"uv":[4.25,11,4.125,10.375],"rotation":90,"texture":"#0"},"down":{"uv":[4.375,10.375,4.25,11],"rotation":270,"texture":"#0"}}},{"from":[6.5,19.25,-3],"to":[9.5,20.75,1],"rotation":{"angle":-22.5,"axis":"x","origin":[8,20.75,1]},"faces":{"north":{"uv":[6.625,10.375,7,10.5625],"texture":"#0"},"east":{"uv":[10.375,2,10.875,2.1875],"texture":"#0"},"south":{"uv":[10.375,6,10.75,6.1875],"texture":"#0"},"west":{"uv":[2.25,10.375,2.75,10.5625],"texture":"#0"},"up":{"uv":[6.25,9.625,5.75,9.25],"rotation":90,"texture":"#0"},"down":{"uv":[7.75,9.25,7.25,9.625],"rotation":270,"texture":"#0"}}},{"from":[6.5,15,6.5],"to":[9.5,16,9.5],"rotation":{"angle":0,"axis":"y","origin":[22,22.25,-2]},"faces":{"north":{"uv":[10.625,4.375,11,4.5],"texture":"#0"},"east":{"uv":[8.375,8.25,8.75,8.375],"texture":"#0"},"south":{"uv":[3.75,8.75,4.125,8.875],"texture":"#0"},"west":{"uv":[8.875,8.125,9.25,8.25],"texture":"#0"},"up":{"uv":[9.875,7,9.5,6.625],"rotation":90,"texture":"#0"},"down":{"uv":[9.875,7,9.5,7.375],"rotation":270,"texture":"#0"}}},{"from":[7,-5,7],"to":[9,11,9],"rotation":{"angle":0,"axis":"y","origin":[30,-8,13]},"faces":{"north":{"uv":[5.875,4.5,6.125,6.5],"texture":"#0"},"east":{"uv":[4.875,5.375,5.125,7.375],"texture":"#0"},"south":{"uv":[0.75,5.5,1,7.5],"texture":"#0"},"west":{"uv":[3,5.5,3.25,7.5],"texture":"#0"},"up":{"uv":[10.75,1.5,10.5,1.25],"rotation":90,"texture":"#0"},"down":{"uv":[10.75,2.25,10.5,2.5],"rotation":270,"texture":"#0"}}},{"from":[7,16,7],"to":[9,20,9],"rotation":{"angle":0,"axis":"y","origin":[30,-8,13]},"faces":{"north":{"uv":[5.875,4.5,6.125,5],"texture":"#0"},"east":{"uv":[4.875,5.375,5.125,5.875],"texture":"#0"},"south":{"uv":[0.75,5.5,1,6],"texture":"#0"},"west":{"uv":[3,5.5,3.25,6],"texture":"#0"},"up":{"uv":[10.75,1.5,10.5,1.25],"rotation":90,"texture":"#0"},"down":{"uv":[10.75,2.25,10.5,2.5],"rotation":270,"texture":"#0"}}},{"from":[6,11,6],"to":[10,15,10],"rotation":{"angle":0,"axis":"y","origin":[30,-8,13]},"faces":{"north":{"uv":[8.875,5,9.375,5.5],"texture":"#0"},"east":{"uv":[1,8.875,1.5,9.375],"texture":"#0"},"south":{"uv":[3.75,8.875,4.25,9.375],"texture":"#0"},"west":{"uv":[8.875,4.5,9.375,5],"texture":"#0"},"up":{"uv":[9.375,6,8.875,5.5],"rotation":90,"texture":"#0"},"down":{"uv":[6.75,8.875,6.25,9.375],"rotation":270,"texture":"#0"}}},{"from":[6.5,9,6.5],"to":[9.5,10,9.5],"rotation":{"angle":0,"axis":"y","origin":[30,-8,13]},"faces":{"north":{"uv":[9.75,10.625,10.125,10.75],"texture":"#0"},"east":{"uv":[10.625,9.375,11,9.5],"texture":"#0"},"south":{"uv":[10.625,9.5,11,9.625],"texture":"#0"},"west":{"uv":[10.625,9.625,11,9.75],"texture":"#0"},"up":{"uv":[8.75,9.875,8.375,9.5],"rotation":90,"texture":"#0"},"down":{"uv":[9.875,9.375,9.5,9.75],"rotation":270,"texture":"#0"}}},{"from":[6.5,-6,6.5],"to":[9.5,-5,9.5],"rotation":{"angle":0,"axis":"y","origin":[30,-8,13]},"faces":{"north":{"uv":[9.75,10.625,10.125,10.75],"texture":"#0"},"east":{"uv":[10.625,9.375,11,9.5],"texture":"#0"},"south":{"uv":[10.625,9.5,11,9.625],"texture":"#0"},"west":{"uv":[10.625,9.625,11,9.75],"texture":"#0"},"up":{"uv":[8.75,9.875,8.375,9.5],"rotation":90,"texture":"#0"},"down":{"uv":[9.875,9.375,9.5,9.75],"rotation":270,"texture":"#0"}}},{"from":[6.5,-10,6.5],"to":[9.5,-8,9.5],"rotation":{"angle":0,"axis":"y","origin":[8,-13.5,8]},"faces":{"north":{"uv":[10,6,10.375,6.25],"texture":"#0"},"east":{"uv":[8.375,3.75,8.75,4],"texture":"#0"},"south":{"uv":[10,5.5,10.375,5.75],"texture":"#0"},"west":{"uv":[10,5.75,10.375,6],"texture":"#0"},"up":{"uv":[4.125,9.75,3.75,9.375],"rotation":90,"texture":"#0"},"down":{"uv":[5.375,9.375,5,9.75],"rotation":270,"texture":"#0"}}},{"from":[6,-9,6],"to":[10,-5,10],"rotation":{"angle":-45,"axis":"x","origin":[8,-7,8]},"faces":{"north":{"uv":[8.375,5,8.875,5.5],"texture":"#0"},"east":{"uv":[4.375,3,4.875,3.5],"texture":"#0"},"south":{"uv":[4.125,8.375,4.625,8.875],"texture":"#0"},"west":{"uv":[8.375,4.5,8.875,5],"texture":"#0"},"up":{"uv":[8.875,6,8.375,5.5],"rotation":90,"texture":"#0"},"down":{"uv":[8.875,6.75,8.375,7.25],"rotation":270,"texture":"#0"}}},{"from":[6.75,-11.5,6.75],"to":[9.25,-10,9.25],"rotation":{"angle":22.5,"axis":"y","origin":[8,-10.75,8]},"faces":{"north":{"uv":[5.625,10.625,5.9375,10.8125],"texture":"#0"},"east":{"uv":[4.5,10.625,4.8125,10.8125],"texture":"#0"},"south":{"uv":[4.875,10.625,5.1875,10.8125],"texture":"#0"},"west":{"uv":[5.25,10.625,5.5625,10.8125],"texture":"#0"},"up":{"uv":[10.3125,5.0625,10,4.75],"rotation":90,"texture":"#0"},"down":{"uv":[10.3125,5.125,10,5.4375],"rotation":270,"texture":"#0"}}},{"from":[7,-12.5,7],"to":[9,-11.5,9],"rotation":{"angle":45,"axis":"y","origin":[8,-10.75,8]},"faces":{"north":{"uv":[7.375,4,7.625,4.125],"texture":"#0"},"east":{"uv":[1.5,6.25,1.75,6.375],"texture":"#0"},"south":{"uv":[6.625,7,6.875,7.125],"texture":"#0"},"west":{"uv":[7.125,2.875,7.375,3],"texture":"#0"},"up":{"uv":[3.25,7.75,3,7.5],"rotation":90,"texture":"#0"},"down":{"uv":[8.375,4.5,8.125,4.75],"rotation":270,"texture":"#0"}}},{"from":[7.5,-13.5,7.5],"to":[8.5,-12.5,8.5],"rotation":{"angle":-22.5,"axis":"y","origin":[8,-10.75,8]},"faces":{"north":{"uv":[3.25,8.625,3.375,8.75],"texture":"#0"},"east":{"uv":[7.5,0.375,7.625,0.5],"texture":"#0"},"south":{"uv":[0.625,8.25,0.75,8.375],"texture":"#0"},"west":{"uv":[8.25,6.75,8.375,6.875],"texture":"#0"},"up":{"uv":[0.625,8.875,0.5,8.75],"rotation":90,"texture":"#0"},"down":{"uv":[6.375,8.75,6.25,8.875],"rotation":270,"texture":"#0"}}},{"from":[8,-14,6],"to":[8,-9,10],"rotation":{"angle":22.5,"axis":"x","origin":[8,-7,8]},"faces":{"north":{"uv":[0.625,0,0,0],"rotation":270,"texture":"#0"},"east":{"uv":[7.625,1.125,8.25,1.625],"rotation":90,"texture":"#0"},"south":{"uv":[0.625,0,0,0],"rotation":270,"texture":"#0"},"west":{"uv":[8.25,1.125,7.625,1.625],"rotation":270,"texture":"#0"},"up":{"uv":[0,0,0,0.5],"texture":"#0"},"down":{"uv":[0,0,0,0.5],"rotation":180,"texture":"#0"}}},{"from":[8,-14,6],"to":[8,-9,10],"rotation":{"angle":-22.5,"axis":"x","origin":[8,-7,8]},"faces":{"north":{"uv":[0,0,0.625,0],"rotation":90,"texture":"#0"},"east":{"uv":[8.25,1.125,7.625,1.625],"rotation":270,"texture":"#0"},"south":{"uv":[0,0,0.625,0],"rotation":90,"texture":"#0"},"west":{"uv":[7.625,1.125,8.25,1.625],"rotation":90,"texture":"#0"},"up":{"uv":[0,0,0,0.5],"rotation":180,"texture":"#0"},"down":{"uv":[0,0,0,0.5],"texture":"#0"}}},{"from":[6,12,8],"to":[10,17,8],"rotation":{"angle":45,"axis":"z","origin":[8,19,8]},"faces":{"north":{"uv":[8.25,1.125,7.625,1.625],"rotation":270,"texture":"#0"},"east":{"uv":[0.625,0,0,0],"rotation":270,"texture":"#0"},"south":{"uv":[7.625,1.125,8.25,1.625],"rotation":90,"texture":"#0"},"west":{"uv":[0.625,0,0,0],"rotation":270,"texture":"#0"},"up":{"uv":[0,0,0,0.5],"rotation":90,"texture":"#0"},"down":{"uv":[0,0,0,0.5],"rotation":90,"texture":"#0"}}},{"from":[6,12,8],"to":[10,17,8],"rotation":{"angle":-45,"axis":"z","origin":[8,19,8]},"faces":{"north":{"uv":[7.625,1.125,8.25,1.625],"rotation":90,"texture":"#0"},"east":{"uv":[0,0,0.625,0],"rotation":90,"texture":"#0"},"south":{"uv":[8.25,1.125,7.625,1.625],"rotation":270,"texture":"#0"},"west":{"uv":[0,0,0.625,0],"rotation":90,"texture":"#0"},"up":{"uv":[0,0,0,0.5],"rotation":270,"texture":"#0"},"down":{"uv":[0,0,0,0.5],"rotation":270,"texture":"#0"}}}],"gui_light":"front","display":{"thirdperson_righthand":{"translation":[0,4.75,1.5],"scale":[0.7,0.7,0.7]},"thirdperson_lefthand":{"translation":[0,4.75,1.5],"scale":[0.7,0.7,0.7]},"firstperson_righthand":{"rotation":[-11.75,0,0],"translation":[1.13,3.2,1.75],"scale":[0.6,0.6,0.6]},"firstperson_lefthand":{"rotation":[-11.75,0,0],"translation":[1.13,3.2,1.75],"scale":[0.6,0.6,0.6]},"ground":{"rotation":[0,0,90],"translation":[-3,0.25,0],"scale":[0.5,0.5,0.5]},"gui":{"rotation":[-103.73,39.55,124.32],"translation":[0,1,-1.25],"scale":[0.41656,0.41656,0.41656]},"head":{"rotation":[90,-168,90],"translation":[-0.5,10.5,0],"scale":[0.56,0.56,0.56]},"fixed":{"rotation":[0,90,0],"translation":[0,3,-2.25],"scale":[1.07898,1.07898,1.07898]}}}