{"credit":"Made with Blockbench","texture_size":[128,128],"textures":{"0":"elitecreatures:christmas_eve_2023/scythe_texture","particle":"elitecreatures:christmas_eve_2023/scythe_texture"},"elements":[{"from":[8,8,-4.76777],"to":[8,20,11.23224],"rotation":{"angle":0,"axis":"y","origin":[8,3.5,8]},"faces":{"north":{"uv":[0,0,0,1.5],"texture":"#0"},"east":{"uv":[3.5,0,1.5,1.5],"texture":"#0"},"south":{"uv":[0,0,0,1.5],"texture":"#0"},"west":{"uv":[1.5,0,3.5,1.5],"texture":"#0"},"up":{"uv":[2,0,0,0],"rotation":270,"texture":"#0"},"down":{"uv":[2,0,0,0],"rotation":90,"texture":"#0"}}},{"from":[7,-5,8.23223],"to":[9,11,10.23223],"rotation":{"angle":0,"axis":"y","origin":[8,3.5,8]},"faces":{"north":{"uv":[0.75,5.5,1,7.5],"texture":"#0"},"east":{"uv":[3,5.5,3.25,7.5],"texture":"#0"},"south":{"uv":[5.875,4.5,6.125,6.5],"texture":"#0"},"west":{"uv":[4.875,5.375,5.125,7.375],"texture":"#0"},"up":{"uv":[10.75,1.5,10.5,1.25],"rotation":270,"texture":"#0"},"down":{"uv":[10.75,2.25,10.5,2.5],"rotation":90,"texture":"#0"}}},{"from":[6,11,7.23223],"to":[10,15,11.23224],"rotation":{"angle":0,"axis":"y","origin":[8,3.5,8]},"faces":{"north":{"uv":[3.75,8.875,4.25,9.375],"texture":"#0"},"east":{"uv":[8.875,4.5,9.375,5],"texture":"#0"},"south":{"uv":[8.875,5,9.375,5.5],"texture":"#0"},"west":{"uv":[1,8.875,1.5,9.375],"texture":"#0"},"up":{"uv":[9.375,6,8.875,5.5],"rotation":270,"texture":"#0"},"down":{"uv":[6.75,8.875,6.25,9.375],"rotation":90,"texture":"#0"}}},{"from":[6.5,9,7.73223],"to":[9.5,10,10.73224],"rotation":{"angle":0,"axis":"y","origin":[8,3.5,8]},"faces":{"north":{"uv":[10.625,9.5,11,9.625],"texture":"#0"},"east":{"uv":[10.625,9.625,11,9.75],"texture":"#0"},"south":{"uv":[9.75,10.625,10.125,10.75],"texture":"#0"},"west":{"uv":[10.625,9.375,11,9.5],"texture":"#0"},"up":{"uv":[8.75,9.875,8.375,9.5],"rotation":270,"texture":"#0"},"down":{"uv":[9.875,9.375,9.5,9.75],"rotation":90,"texture":"#0"}}},{"from":[6.5,-6,7.73223],"to":[9.5,-5,10.73224],"rotation":{"angle":0,"axis":"y","origin":[8,3.5,8]},"faces":{"north":{"uv":[10.625,9.5,11,9.625],"texture":"#0"},"east":{"uv":[10.625,9.625,11,9.75],"texture":"#0"},"south":{"uv":[9.75,10.625,10.125,10.75],"texture":"#0"},"west":{"uv":[10.625,9.375,11,9.5],"texture":"#0"},"up":{"uv":[8.75,9.875,8.375,9.5],"rotation":270,"texture":"#0"},"down":{"uv":[9.875,9.375,9.5,9.75],"rotation":90,"texture":"#0"}}},{"from":[7,15,8.23223],"to":[9,18,10.23223],"rotation":{"angle":0,"axis":"y","origin":[8,3.5,8]},"faces":{"north":{"uv":[0.75,7.5,1,7.875],"texture":"#0"},"east":{"uv":[2.75,8.25,3,8.625],"texture":"#0"},"south":{"uv":[8.5,0,8.75,0.375],"texture":"#0"},"west":{"uv":[6.875,1.625,7.125,2],"texture":"#0"},"up":{"uv":[8.5,1.625,8.25,1.375],"rotation":270,"texture":"#0"},"down":{"uv":[9.125,10.375,8.875,10.625],"rotation":90,"texture":"#0"}}},{"from":[6,11.88173,18.12437],"to":[10,13.88173,20.12437],"rotation":{"angle":-45,"axis":"x","origin":[8,3.5,8]},"faces":{"north":{"uv":[1,3.625,1.5,3.875],"texture":"#0"},"east":{"uv":[10.375,9.5,10.625,9.75],"texture":"#0"},"south":{"uv":[7.125,6.25,7.625,6.5],"texture":"#0"},"west":{"uv":[9.375,10.375,9.625,10.625],"texture":"#0"},"up":{"uv":[7.25,9.875,7,9.375],"rotation":270,"texture":"#0"},"down":{"uv":[9.875,0,9.625,0.5],"rotation":90,"texture":"#0"}}},{"from":[5.95,10.21016,0.03249],"to":[10.05,13.21016,3.03249],"rotation":{"angle":45,"axis":"x","origin":[8,3.5,8]},"faces":{"north":{"uv":[6.75,9,7.25,9.375],"texture":"#0"},"east":{"uv":[7.375,8.5,7.75,8.875],"texture":"#0"},"south":{"uv":[9.125,2.625,9.625,3],"texture":"#0"},"west":{"uv":[2,4.875,2.375,5.25],"texture":"#0"},"up":{"uv":[9.5,3.5,9.125,3],"rotation":270,"texture":"#0"},"down":{"uv":[0.375,9.25,0,9.75],"rotation":90,"texture":"#0"}}},{"from":[7,13.21016,1.03249],"to":[9,16.21016,3.03249],"rotation":{"angle":45,"axis":"x","origin":[8,3.5,8]},"faces":{"north":{"uv":[6.75,10,7,10.375],"texture":"#0"},"east":{"uv":[8.75,10,9,10.375],"texture":"#0"},"south":{"uv":[9,10,9.25,10.375],"texture":"#0"},"west":{"uv":[6.5,10,6.75,10.375],"texture":"#0"},"up":{"uv":[9.375,10.625,9.125,10.375],"rotation":270,"texture":"#0"},"down":{"uv":[10.625,9.25,10.375,9.5],"rotation":90,"texture":"#0"}}},{"from":[6,15.70711,11.76777],"to":[10,17.70711,13.76777],"rotation":{"angle":0,"axis":"y","origin":[8,3.5,8]},"faces":{"north":{"uv":[7.875,2.625,8.375,2.875],"texture":"#0"},"east":{"uv":[9.875,10.375,10.125,10.625],"texture":"#0"},"south":{"uv":[0,8,0.5,8.25],"texture":"#0"},"west":{"uv":[9.625,10.375,9.875,10.625],"texture":"#0"},"up":{"uv":[0.625,10.125,0.375,9.625],"rotation":270,"texture":"#0"},"down":{"uv":[0.875,9.625,0.625,10.125],"rotation":90,"texture":"#0"}}},{"from":[7,11.46751,14.71016],"to":[9,14.46751,16.71016],"rotation":{"angle":-45,"axis":"x","origin":[8,3.5,8]},"faces":{"north":{"uv":[9.5,10,9.75,10.375],"texture":"#0"},"east":{"uv":[9.75,10,10,10.375],"texture":"#0"},"south":{"uv":[10,10,10.25,10.375],"texture":"#0"},"west":{"uv":[9.25,10,9.5,10.375],"texture":"#0"},"up":{"uv":[10.75,0.25,10.5,0],"rotation":270,"texture":"#0"},"down":{"uv":[10.75,0.25,10.5,0.5],"rotation":90,"texture":"#0"}}},{"from":[6,15.70711,4.6967],"to":[10,17.70711,6.69671],"rotation":{"angle":0,"axis":"y","origin":[8,3.5,8]},"faces":{"north":{"uv":[9.5,2.375,10,2.625],"texture":"#0"},"east":{"uv":[10.5,0.75,10.75,1],"texture":"#0"},"south":{"uv":[9.625,1.25,10.125,1.5],"texture":"#0"},"west":{"uv":[10.5,0.5,10.75,0.75],"texture":"#0"},"up":{"uv":[2.625,10.125,2.375,9.625],"rotation":270,"texture":"#0"},"down":{"uv":[2.875,9.625,2.625,10.125],"rotation":90,"texture":"#0"}}},{"from":[7.5,15,6.23223],"to":[8.5,20,12.23224],"rotation":{"angle":0,"axis":"y","origin":[8,3.5,8]},"faces":{"north":{"uv":[3.25,5.5,3.375,6.125],"texture":"#0"},"east":{"uv":[6.625,3.5,7.375,4.125],"texture":"#0"},"south":{"uv":[6.375,8.25,6.5,8.875],"texture":"#0"},"west":{"uv":[3.25,6.625,4,7.25],"texture":"#0"},"up":{"uv":[10.625,4.25,9.875,4.125],"rotation":270,"texture":"#0"},"down":{"uv":[10.75,2.5,10,2.625],"rotation":90,"texture":"#0"}}},{"from":[7.475,12.16726,18.41726],"to":[8.525,16.41726,22.66726],"rotation":{"angle":-45,"axis":"x","origin":[8,3.5,8]},"faces":{"north":{"uv":[6.5,10.375,6.625,10.9375],"texture":"#0"},"east":{"uv":[4,7.75,4.5625,8.3125],"texture":"#0"},"south":{"uv":[10.375,6.5,10.5,7.0625],"texture":"#0"},"west":{"uv":[3.375,7.75,3.9375,8.3125],"texture":"#0"},"up":{"uv":[10.9375,5.875,10.375,5.75],"rotation":270,"texture":"#0"},"down":{"uv":[10.9375,5.875,10.375,6],"rotation":90,"texture":"#0"}}},{"from":[6.5,-10,7.73223],"to":[9.5,-8,10.73224],"rotation":{"angle":0,"axis":"y","origin":[8,3.5,8]},"faces":{"north":{"uv":[10,5.5,10.375,5.75],"texture":"#0"},"east":{"uv":[10,5.75,10.375,6],"texture":"#0"},"south":{"uv":[10,6,10.375,6.25],"texture":"#0"},"west":{"uv":[8.375,3.75,8.75,4],"texture":"#0"},"up":{"uv":[4.125,9.75,3.75,9.375],"rotation":270,"texture":"#0"},"down":{"uv":[5.375,9.375,5,9.75],"rotation":90,"texture":"#0"}}},{"from":[6,-5.0533,14.29594],"to":[10,-1.0533,18.29594],"rotation":{"angle":45,"axis":"x","origin":[8,3.5,8]},"faces":{"north":{"uv":[4.125,8.375,4.625,8.875],"texture":"#0"},"east":{"uv":[8.375,4.5,8.875,5],"texture":"#0"},"south":{"uv":[8.375,5,8.875,5.5],"texture":"#0"},"west":{"uv":[4.375,3,4.875,3.5],"texture":"#0"},"up":{"uv":[8.875,6,8.375,5.5],"rotation":270,"texture":"#0"},"down":{"uv":[8.875,6.75,8.375,7.25],"rotation":90,"texture":"#0"}}},{"from":[6.27844,-11.5,7.88844],"to":[8.77844,-10,10.38844],"rotation":{"angle":22.5,"axis":"y","origin":[8,3.5,8]},"faces":{"north":{"uv":[4.875,10.625,5.1875,10.8125],"texture":"#0"},"east":{"uv":[5.25,10.625,5.5625,10.8125],"texture":"#0"},"south":{"uv":[5.625,10.625,5.9375,10.8125],"texture":"#0"},"west":{"uv":[4.5,10.625,4.8125,10.8125],"texture":"#0"},"up":{"uv":[10.3125,5.0625,10,4.75],"rotation":270,"texture":"#0"},"down":{"uv":[10.3125,5.125,10,5.4375],"rotation":90,"texture":"#0"}}},{"from":[6.12868,-12.5,7.87132],"to":[8.12868,-11.5,9.87132],"rotation":{"angle":45,"axis":"y","origin":[8,3.5,8]},"faces":{"north":{"uv":[6.625,7,6.875,7.125],"texture":"#0"},"east":{"uv":[7.125,2.875,7.375,3],"texture":"#0"},"south":{"uv":[7.375,4,7.625,4.125],"texture":"#0"},"west":{"uv":[1.5,6.25,1.75,6.375],"texture":"#0"},"up":{"uv":[3.25,7.75,3,7.5],"rotation":270,"texture":"#0"},"down":{"uv":[8.375,4.5,8.125,4.75],"rotation":90,"texture":"#0"}}},{"from":[7.97156,-13.5,8.63844],"to":[8.97156,-12.5,9.63844],"rotation":{"angle":-22.5,"axis":"y","origin":[8,3.5,8]},"faces":{"north":{"uv":[0.625,8.25,0.75,8.375],"texture":"#0"},"east":{"uv":[8.25,6.75,8.375,6.875],"texture":"#0"},"south":{"uv":[3.25,8.625,3.375,8.75],"texture":"#0"},"west":{"uv":[7.5,0.375,7.625,0.5],"texture":"#0"},"up":{"uv":[0.625,8.875,0.5,8.75],"rotation":270,"texture":"#0"},"down":{"uv":[6.375,8.75,6.25,8.875],"rotation":90,"texture":"#0"}}},{"from":[8,-13.67229,3.12026],"to":[8,-8.67229,7.12026],"rotation":{"angle":-22.5,"axis":"x","origin":[8,3.5,8]},"faces":{"north":{"uv":[0.625,0,0,0],"rotation":270,"texture":"#0"},"east":{"uv":[8.25,1.125,7.625,1.625],"rotation":270,"texture":"#0"},"south":{"uv":[0.625,0,0,0],"rotation":270,"texture":"#0"},"west":{"uv":[7.625,1.125,8.25,1.625],"rotation":90,"texture":"#0"},"up":{"uv":[0,0,0,0.5],"rotation":180,"texture":"#0"},"down":{"uv":[0,0,0,0.5],"texture":"#0"}}},{"from":[8,-12.72918,11.15661],"to":[8,-7.72918,15.15661],"rotation":{"angle":22.5,"axis":"x","origin":[8,3.5,8]},"faces":{"north":{"uv":[0,0,0.625,0],"rotation":90,"texture":"#0"},"east":{"uv":[7.625,1.125,8.25,1.625],"rotation":90,"texture":"#0"},"south":{"uv":[0,0,0.625,0],"rotation":90,"texture":"#0"},"west":{"uv":[8.25,1.125,7.625,1.625],"rotation":270,"texture":"#0"},"up":{"uv":[0,0,0,0.5],"texture":"#0"},"down":{"uv":[0,0,0,0.5],"rotation":180,"texture":"#0"}}},{"from":[8,10.34858,13.07003],"to":[8,15.34858,17.07003],"rotation":{"angle":-22.5,"axis":"x","origin":[8,3.5,8]},"faces":{"north":{"uv":[0.625,0,0,0],"rotation":270,"texture":"#0"},"east":{"uv":[8.25,1.125,7.625,1.625],"rotation":270,"texture":"#0"},"south":{"uv":[0.625,0,0,0],"rotation":270,"texture":"#0"},"west":{"uv":[7.625,1.125,8.25,1.625],"rotation":90,"texture":"#0"},"up":{"uv":[0,0,0,0.5],"rotation":180,"texture":"#0"},"down":{"uv":[0,0,0,0.5],"texture":"#0"}}},{"from":[8,11.29169,1.20684],"to":[8,16.29169,5.20684],"rotation":{"angle":22.5,"axis":"x","origin":[8,3.5,8]},"faces":{"north":{"uv":[0,0,0.625,0],"rotation":90,"texture":"#0"},"east":{"uv":[7.625,1.125,8.25,1.625],"rotation":90,"texture":"#0"},"south":{"uv":[0,0,0.625,0],"rotation":90,"texture":"#0"},"west":{"uv":[8.25,1.125,7.625,1.625],"rotation":270,"texture":"#0"},"up":{"uv":[0,0,0,0.5],"texture":"#0"},"down":{"uv":[0,0,0,0.5],"rotation":180,"texture":"#0"}}}],"gui_light":"front","display":{"thirdperson_righthand":{"translation":[0,3,1.25],"scale":[0.6,0.6,0.6]},"thirdperson_lefthand":{"translation":[0,3,1.25],"scale":[0.6,0.6,0.6]},"firstperson_righthand":{"rotation":[-12,15,3],"translation":[3.25,3.75,-1.75],"scale":[0.53125,0.53125,0.53125]},"firstperson_lefthand":{"rotation":[-12,15,3],"translation":[3.25,3.75,-1.75],"scale":[0.53125,0.53125,0.53125]},"ground":{"rotation":[0,0,90],"translation":[-3,0.25,0],"scale":[0.5,0.5,0.5]},"gui":{"rotation":[90,135,-90],"translation":[-0.75,0.5,-1.25],"scale":[0.41656,0.41656,0.41656]},"head":{"rotation":[90,-168,90],"translation":[-0.5,10.5,0],"scale":[0.56,0.56,0.56]},"fixed":{"rotation":[0,90,0],"translation":[0,3,-2.25],"scale":[1.07898,1.07898,1.07898]}}}