{"credit":"Made with Blockbench","texture_size":[128,128],"textures":{"0":"elitecreatures:christmas_eve_2023/shovel_texture","particle":"elitecreatures:christmas_eve_2023/shovel_texture"},"elements":[{"from":[8,22,7],"to":[10,25,10],"rotation":{"angle":-22.5,"axis":"y","origin":[9,23.5,7]},"faces":{"north":{"uv":[7.75,10.125,8,10.5],"texture":"#0"},"east":{"uv":[9.125,9.375,9.5,9.75],"texture":"#0"},"south":{"uv":[7.5,10.125,7.75,10.5],"texture":"#0"},"west":{"uv":[6.625,9.375,7,9.75],"texture":"#0"},"up":{"uv":[8.25,10.5,8,10.125],"rotation":180,"texture":"#0"},"down":{"uv":[8.5,10.125,8.25,10.5],"rotation":180,"texture":"#0"}}},{"from":[8,25,7],"to":[9,28,9],"rotation":{"angle":-22.5,"axis":"y","origin":[9,23.5,7]},"faces":{"north":{"uv":[7.25,10.625,7.375,11],"texture":"#0"},"east":{"uv":[2,10.25,2.25,10.625],"texture":"#0"},"south":{"uv":[10.625,7,10.75,7.375],"texture":"#0"},"west":{"uv":[1.75,10.25,2,10.625],"texture":"#0"},"up":{"uv":[2.375,5.5,2.25,5.25],"rotation":180,"texture":"#0"},"down":{"uv":[5.875,0.75,5.75,1],"rotation":180,"texture":"#0"}}},{"from":[8,18,7],"to":[9,22,11],"rotation":{"angle":-22.5,"axis":"y","origin":[9,23.5,7]},"faces":{"north":{"uv":[10.5,3.5,10.625,4],"texture":"#0"},"east":{"uv":[8.5,1.875,9,2.375],"texture":"#0"},"south":{"uv":[10.125,10.375,10.25,10.875],"texture":"#0"},"west":{"uv":[8.5,1.375,9,1.875],"texture":"#0"},"up":{"uv":[10.625,7,10.5,6.5],"rotation":180,"texture":"#0"},"down":{"uv":[10.625,7,10.5,7.5],"rotation":180,"texture":"#0"}}},{"from":[7,16,6],"to":[9,19,8],"rotation":{"angle":0,"axis":"y","origin":[9,23.5,7]},"faces":{"north":{"uv":[3.75,10.25,4,10.625],"texture":"#0"},"east":{"uv":[5,10.25,5.25,10.625],"texture":"#0"},"south":{"uv":[3.25,10.25,3.5,10.625],"texture":"#0"},"west":{"uv":[3.5,10.25,3.75,10.625],"texture":"#0"},"up":{"uv":[10.75,4.75,10.5,4.5],"rotation":180,"texture":"#0"},"down":{"uv":[8.25,10.5,8,10.75],"rotation":180,"texture":"#0"}}},{"from":[9.25,17,4],"to":[9.25,22,10],"rotation":{"angle":0,"axis":"y","origin":[9,23.5,7]},"faces":{"north":{"uv":[0,0,0,0.625],"texture":"#0"},"east":{"uv":[6.875,6.5,7.625,7.125],"texture":"#0"},"south":{"uv":[0,0,0,0.625],"texture":"#0"},"west":{"uv":[7.625,6.5,6.875,7.125],"texture":"#0"},"up":{"uv":[0,0.75,0,0],"rotation":180,"texture":"#0"},"down":{"uv":[0,0,0,0.75],"rotation":180,"texture":"#0"}}},{"from":[8,22,4],"to":[10,25,7],"rotation":{"angle":22.5,"axis":"y","origin":[9,23.5,7]},"faces":{"north":{"uv":[0,10.25,0.25,10.625],"texture":"#0"},"east":{"uv":[9.5,3,9.875,3.375],"texture":"#0"},"south":{"uv":[8.5,10.125,8.75,10.5],"texture":"#0"},"west":{"uv":[1.5,9.5,1.875,9.875],"texture":"#0"},"up":{"uv":[1,10.625,0.75,10.25],"rotation":180,"texture":"#0"},"down":{"uv":[1.25,10.25,1,10.625],"rotation":180,"texture":"#0"}}},{"from":[8,25,5],"to":[9,28,7],"rotation":{"angle":22.5,"axis":"y","origin":[9,23.5,7]},"faces":{"north":{"uv":[10.625,7.75,10.75,8.125],"texture":"#0"},"east":{"uv":[3,10.25,3.25,10.625],"texture":"#0"},"south":{"uv":[7.375,10.625,7.5,11],"texture":"#0"},"west":{"uv":[2.75,10.25,3,10.625],"texture":"#0"},"up":{"uv":[6.625,0.75,6.5,0.5],"rotation":180,"texture":"#0"},"down":{"uv":[4.875,7.125,4.75,7.375],"rotation":180,"texture":"#0"}}},{"from":[8,18,3],"to":[9,22,7],"rotation":{"angle":22.5,"axis":"y","origin":[9,23.5,7]},"faces":{"north":{"uv":[7.625,10.5,7.75,11],"texture":"#0"},"east":{"uv":[6.875,8.5,7.375,9],"texture":"#0"},"south":{"uv":[7.5,10.5,7.625,11],"texture":"#0"},"west":{"uv":[5,8.5,5.5,9],"texture":"#0"},"up":{"uv":[7.875,11,7.75,10.5],"rotation":180,"texture":"#0"},"down":{"uv":[8,10.5,7.875,11],"rotation":180,"texture":"#0"}}},{"from":[6.5,15,5.5],"to":[9.5,16,8.5],"rotation":{"angle":0,"axis":"y","origin":[16,22.5,13]},"faces":{"north":{"uv":[8.875,8.125,9.25,8.25],"texture":"#0"},"east":{"uv":[10.625,4.375,11,4.5],"texture":"#0"},"south":{"uv":[8.375,8.25,8.75,8.375],"texture":"#0"},"west":{"uv":[3.75,8.75,4.125,8.875],"texture":"#0"},"up":{"uv":[9.875,7,9.5,6.625],"rotation":180,"texture":"#0"},"down":{"uv":[9.875,7,9.5,7.375],"rotation":180,"texture":"#0"}}},{"from":[7,-5,6],"to":[9,11,8],"rotation":{"angle":0,"axis":"y","origin":[2,-8,21]},"faces":{"north":{"uv":[3,5.5,3.25,7.5],"texture":"#0"},"east":{"uv":[5.875,4.5,6.125,6.5],"texture":"#0"},"south":{"uv":[4.875,5.375,5.125,7.375],"texture":"#0"},"west":{"uv":[0.75,5.5,1,7.5],"texture":"#0"},"up":{"uv":[10.75,1.5,10.5,1.25],"rotation":180,"texture":"#0"},"down":{"uv":[10.75,2.25,10.5,2.5],"rotation":180,"texture":"#0"}}},{"from":[6,11,5],"to":[10,15,9],"rotation":{"angle":0,"axis":"y","origin":[2,-8,21]},"faces":{"north":{"uv":[8.875,4.5,9.375,5],"texture":"#0"},"east":{"uv":[8.875,5,9.375,5.5],"texture":"#0"},"south":{"uv":[1,8.875,1.5,9.375],"texture":"#0"},"west":{"uv":[3.75,8.875,4.25,9.375],"texture":"#0"},"up":{"uv":[9.375,6,8.875,5.5],"rotation":180,"texture":"#0"},"down":{"uv":[6.75,8.875,6.25,9.375],"rotation":180,"texture":"#0"}}},{"from":[6.5,9,5.5],"to":[9.5,10,8.5],"rotation":{"angle":0,"axis":"y","origin":[2,-8,21]},"faces":{"north":{"uv":[10.625,9.625,11,9.75],"texture":"#0"},"east":{"uv":[9.75,10.625,10.125,10.75],"texture":"#0"},"south":{"uv":[10.625,9.375,11,9.5],"texture":"#0"},"west":{"uv":[10.625,9.5,11,9.625],"texture":"#0"},"up":{"uv":[8.75,9.875,8.375,9.5],"rotation":180,"texture":"#0"},"down":{"uv":[9.875,9.375,9.5,9.75],"rotation":180,"texture":"#0"}}},{"from":[6.5,-6,5.5],"to":[9.5,-5,8.5],"rotation":{"angle":0,"axis":"y","origin":[2,-8,21]},"faces":{"north":{"uv":[10.625,9.625,11,9.75],"texture":"#0"},"east":{"uv":[9.75,10.625,10.125,10.75],"texture":"#0"},"south":{"uv":[10.625,9.375,11,9.5],"texture":"#0"},"west":{"uv":[10.625,9.5,11,9.625],"texture":"#0"},"up":{"uv":[8.75,9.875,8.375,9.5],"rotation":180,"texture":"#0"},"down":{"uv":[9.875,9.375,9.5,9.75],"rotation":180,"texture":"#0"}}},{"from":[6.5,-10,5.5],"to":[9.5,-8,8.5],"rotation":{"angle":0,"axis":"y","origin":[8,-13.5,7]},"faces":{"north":{"uv":[10,5.75,10.375,6],"texture":"#0"},"east":{"uv":[10,6,10.375,6.25],"texture":"#0"},"south":{"uv":[8.375,3.75,8.75,4],"texture":"#0"},"west":{"uv":[10,5.5,10.375,5.75],"texture":"#0"},"up":{"uv":[4.125,9.75,3.75,9.375],"rotation":180,"texture":"#0"},"down":{"uv":[5.375,9.375,5,9.75],"rotation":180,"texture":"#0"}}},{"from":[6,-9,5],"to":[10,-5,9],"rotation":{"angle":-45,"axis":"z","origin":[8,-7,7]},"faces":{"north":{"uv":[8.375,4.5,8.875,5],"texture":"#0"},"east":{"uv":[8.375,5,8.875,5.5],"texture":"#0"},"south":{"uv":[4.375,3,4.875,3.5],"texture":"#0"},"west":{"uv":[4.125,8.375,4.625,8.875],"texture":"#0"},"up":{"uv":[8.875,6,8.375,5.5],"rotation":180,"texture":"#0"},"down":{"uv":[8.875,6.75,8.375,7.25],"rotation":180,"texture":"#0"}}},{"from":[6.75,-11.5,5.75],"to":[9.25,-10,8.25],"rotation":{"angle":22.5,"axis":"y","origin":[8,-10.75,7]},"faces":{"north":{"uv":[5.25,10.625,5.5625,10.8125],"texture":"#0"},"east":{"uv":[5.625,10.625,5.9375,10.8125],"texture":"#0"},"south":{"uv":[4.5,10.625,4.8125,10.8125],"texture":"#0"},"west":{"uv":[4.875,10.625,5.1875,10.8125],"texture":"#0"},"up":{"uv":[10.3125,5.0625,10,4.75],"rotation":180,"texture":"#0"},"down":{"uv":[10.3125,5.125,10,5.4375],"rotation":180,"texture":"#0"}}},{"from":[7,-12.5,6],"to":[9,-11.5,8],"rotation":{"angle":45,"axis":"y","origin":[8,-10.75,7]},"faces":{"north":{"uv":[7.125,2.875,7.375,3],"texture":"#0"},"east":{"uv":[7.375,4,7.625,4.125],"texture":"#0"},"south":{"uv":[1.5,6.25,1.75,6.375],"texture":"#0"},"west":{"uv":[6.625,7,6.875,7.125],"texture":"#0"},"up":{"uv":[3.25,7.75,3,7.5],"rotation":180,"texture":"#0"},"down":{"uv":[8.375,4.5,8.125,4.75],"rotation":180,"texture":"#0"}}},{"from":[7.5,-13.5,6.5],"to":[8.5,-12.5,7.5],"rotation":{"angle":-22.5,"axis":"y","origin":[8,-10.75,7]},"faces":{"north":{"uv":[8.25,6.75,8.375,6.875],"texture":"#0"},"east":{"uv":[3.25,8.625,3.375,8.75],"texture":"#0"},"south":{"uv":[7.5,0.375,7.625,0.5],"texture":"#0"},"west":{"uv":[0.625,8.25,0.75,8.375],"texture":"#0"},"up":{"uv":[0.625,8.875,0.5,8.75],"rotation":180,"texture":"#0"},"down":{"uv":[6.375,8.75,6.25,8.875],"rotation":180,"texture":"#0"}}},{"from":[6,-14,7],"to":[10,-9,7],"rotation":{"angle":22.5,"axis":"z","origin":[8,-7,7]},"faces":{"north":{"uv":[8.25,1.125,7.625,1.625],"rotation":270,"texture":"#0"},"east":{"uv":[0.625,0,0,0],"rotation":270,"texture":"#0"},"south":{"uv":[7.625,1.125,8.25,1.625],"rotation":90,"texture":"#0"},"west":{"uv":[0.625,0,0,0],"rotation":270,"texture":"#0"},"up":{"uv":[0,0,0,0.5],"rotation":90,"texture":"#0"},"down":{"uv":[0,0,0,0.5],"rotation":90,"texture":"#0"}}},{"from":[6,-14,7],"to":[10,-9,7],"rotation":{"angle":-22.5,"axis":"z","origin":[8,-7,7]},"faces":{"north":{"uv":[7.625,1.125,8.25,1.625],"rotation":90,"texture":"#0"},"east":{"uv":[0,0,0.625,0],"rotation":90,"texture":"#0"},"south":{"uv":[8.25,1.125,7.625,1.625],"rotation":270,"texture":"#0"},"west":{"uv":[0,0,0.625,0],"rotation":90,"texture":"#0"},"up":{"uv":[0,0,0,0.5],"rotation":270,"texture":"#0"},"down":{"uv":[0,0,0,0.5],"rotation":270,"texture":"#0"}}}],"gui_light":"front","display":{"thirdperson_righthand":{"translation":[0,3,1.25],"scale":[0.6,0.6,0.6]},"thirdperson_lefthand":{"translation":[0,3,1.25],"scale":[0.6,0.6,0.6]},"firstperson_righthand":{"rotation":[-12,15,3],"translation":[4.25,1.5,-1.75],"scale":[0.53125,0.53125,0.53125]},"firstperson_lefthand":{"rotation":[-12,15,3],"translation":[4.25,1.5,-1.75],"scale":[0.53125,0.53125,0.53125]},"ground":{"rotation":[0,0,90],"translation":[-3,0.25,0],"scale":[0.5,0.5,0.5]},"gui":{"rotation":[90,135,-90],"translation":[0,-0.25,-1.25],"scale":[0.41656,0.41656,0.41656]},"head":{"rotation":[90,-168,90],"translation":[-0.5,10.5,0],"scale":[0.56,0.56,0.56]},"fixed":{"rotation":[0,90,0],"translation":[0,3,-2.25],"scale":[1.07898,1.07898,1.07898]}}}