{"credit":"Made with Blockbench","texture_size":[128,128],"textures":{"0":"elitecreatures:christmas_eve_2023/sword_texture","particle":"elitecreatures:christmas_eve_2023/sword_texture"},"elements":[{"from":[8,6,2],"to":[8,26,14],"rotation":{"angle":0,"axis":"y","origin":[8,4,8]},"faces":{"north":{"uv":[0,0,0,2.5],"texture":"#0"},"east":{"uv":[0,0,1.5,2.5],"texture":"#0"},"south":{"uv":[0,0,0,2.5],"texture":"#0"},"west":{"uv":[1.5,0,0,2.5],"texture":"#0"},"up":{"uv":[1.5,0,0,0],"rotation":90,"texture":"#0"},"down":{"uv":[1.5,0,0,0],"rotation":270,"texture":"#0"}}},{"from":[7.25,7.77395,2.64084],"to":[8.75,11.77395,4.14084],"rotation":{"angle":-22.5,"axis":"x","origin":[8,1.25,7]},"faces":{"north":{"uv":[7.25,10.125,7.4375,10.625],"texture":"#0"},"east":{"uv":[5.75,10.125,5.9375,10.625],"texture":"#0"},"south":{"uv":[6,10.125,6.1875,10.625],"texture":"#0"},"west":{"uv":[10.125,6.75,10.3125,7.25],"texture":"#0"},"up":{"uv":[10.9375,0.4375,10.75,0.25],"rotation":90,"texture":"#0"},"down":{"uv":[10.9375,0.5,10.75,0.6875],"rotation":270,"texture":"#0"}}},{"from":[7.25,4.94552,5.46927],"to":[8.75,8.94552,6.96927],"rotation":{"angle":-45,"axis":"x","origin":[8,1.25,7]},"faces":{"north":{"uv":[5.5,10.125,5.6875,10.625],"texture":"#0"},"east":{"uv":[4.5,10.125,4.6875,10.625],"texture":"#0"},"south":{"uv":[4.75,10.125,4.9375,10.625],"texture":"#0"},"west":{"uv":[5.25,10.125,5.4375,10.625],"texture":"#0"},"up":{"uv":[10.8125,10.6875,10.625,10.5],"rotation":90,"texture":"#0"},"down":{"uv":[10.9375,0,10.75,0.1875],"rotation":270,"texture":"#0"}}},{"from":[7.25,5.46425,0.09755],"to":[8.75,6.96425,3.59755],"rotation":{"angle":-22.5,"axis":"x","origin":[8,1.25,7]},"faces":{"north":{"uv":[10.75,1,10.9375,1.1875],"texture":"#0"},"east":{"uv":[10.375,4.75,10.8125,4.9375],"texture":"#0"},"south":{"uv":[10.75,0.75,10.9375,0.9375],"texture":"#0"},"west":{"uv":[10.375,5,10.8125,5.1875],"texture":"#0"},"up":{"uv":[10.8125,5.4375,10.375,5.25],"rotation":90,"texture":"#0"},"down":{"uv":[10.8125,5.5,10.375,5.6875],"rotation":270,"texture":"#0"}}},{"from":[7.25,1.25,3],"to":[8.75,2.75,7],"rotation":{"angle":22.5,"axis":"x","origin":[8,1.25,7]},"faces":{"north":{"uv":[10.625,10,10.8125,10.1875],"texture":"#0"},"east":{"uv":[2.25,10.125,2.75,10.3125],"texture":"#0"},"south":{"uv":[10.625,9.75,10.8125,9.9375],"texture":"#0"},"west":{"uv":[10.125,2.625,10.625,2.8125],"texture":"#0"},"up":{"uv":[10.625,3.0625,10.125,2.875],"rotation":90,"texture":"#0"},"down":{"uv":[10.625,3.125,10.125,3.3125],"rotation":270,"texture":"#0"}}},{"from":[7.25,-3.10916,-3.52395],"to":[8.75,-1.60916,0.47605],"rotation":{"angle":22.5,"axis":"x","origin":[8,1.25,7]},"faces":{"north":{"uv":[10.75,0.25,10.9375,0.4375],"rotation":90,"texture":"#0"},"east":{"uv":[5.9375,10.625,5.75,10.125],"rotation":270,"texture":"#0"},"south":{"uv":[10.75,0.6875,10.9375,0.5],"rotation":90,"texture":"#0"},"west":{"uv":[10.3125,7.25,10.125,6.75],"rotation":90,"texture":"#0"},"up":{"uv":[6.1875,10.625,6,10.125],"rotation":180,"texture":"#0"},"down":{"uv":[7.4375,10.625,7.25,10.125],"texture":"#0"}}},{"from":[7.25,-0.28073,-0.69552],"to":[8.75,1.21927,3.30448],"rotation":{"angle":0,"axis":"y","origin":[8,1.25,7]},"faces":{"north":{"uv":[10.625,10.5,10.8125,10.6875],"rotation":90,"texture":"#0"},"east":{"uv":[4.6875,10.625,4.5,10.125],"rotation":270,"texture":"#0"},"south":{"uv":[10.75,0.1875,10.9375,0],"rotation":90,"texture":"#0"},"west":{"uv":[5.4375,10.625,5.25,10.125],"rotation":90,"texture":"#0"},"up":{"uv":[4.9375,10.625,4.75,10.125],"rotation":180,"texture":"#0"},"down":{"uv":[5.6875,10.625,5.5,10.125],"texture":"#0"}}},{"from":[7.275,-5.65245,1.31075],"to":[8.725,-2.15245,2.76075],"rotation":{"angle":22.5,"axis":"x","origin":[8,1.25,7]},"faces":{"north":{"uv":[10.375,5.25,10.8125,5.4375],"rotation":90,"texture":"#0"},"east":{"uv":[10.8125,4.9375,10.375,4.75],"rotation":270,"texture":"#0"},"south":{"uv":[10.375,5.6875,10.8125,5.5],"rotation":90,"texture":"#0"},"west":{"uv":[10.8125,5.1875,10.375,5],"rotation":90,"texture":"#0"},"up":{"uv":[10.9375,0.9375,10.75,0.75],"rotation":180,"texture":"#0"},"down":{"uv":[10.9375,1.1875,10.75,1],"texture":"#0"}}},{"from":[7.225,1.225,3],"to":[8.775,2.775,7],"rotation":{"angle":-22.5,"axis":"x","origin":[8,1.25,7]},"faces":{"north":{"uv":[10.625,10,10.8125,10.1875],"texture":"#0"},"east":{"uv":[2.25,10.125,2.75,10.3125],"texture":"#0"},"south":{"uv":[10.625,9.75,10.8125,9.9375],"texture":"#0"},"west":{"uv":[10.125,2.625,10.625,2.8125],"texture":"#0"},"up":{"uv":[10.625,3.0625,10.125,2.875],"rotation":90,"texture":"#0"},"down":{"uv":[10.625,3.125,10.125,3.3125],"rotation":270,"texture":"#0"}}},{"from":[7.25,7.77395,11.85916],"to":[8.75,11.77395,13.35916],"rotation":{"angle":22.5,"axis":"x","origin":[8,1.25,9]},"faces":{"north":{"uv":[6.1875,10.125,6,10.625],"texture":"#0"},"east":{"uv":[5.9375,10.125,5.75,10.625],"texture":"#0"},"south":{"uv":[7.4375,10.125,7.25,10.625],"texture":"#0"},"west":{"uv":[10.3125,6.75,10.125,7.25],"texture":"#0"},"up":{"uv":[10.75,0.4375,10.9375,0.25],"rotation":90,"texture":"#0"},"down":{"uv":[10.75,0.5,10.9375,0.6875],"rotation":270,"texture":"#0"}}},{"from":[7.25,4.94552,9.03073],"to":[8.75,8.94552,10.53073],"rotation":{"angle":45,"axis":"x","origin":[8,1.25,9]},"faces":{"north":{"uv":[4.9375,10.125,4.75,10.625],"texture":"#0"},"east":{"uv":[4.6875,10.125,4.5,10.625],"texture":"#0"},"south":{"uv":[5.6875,10.125,5.5,10.625],"texture":"#0"},"west":{"uv":[5.4375,10.125,5.25,10.625],"texture":"#0"},"up":{"uv":[10.625,10.6875,10.8125,10.5],"rotation":90,"texture":"#0"},"down":{"uv":[10.75,0,10.9375,0.1875],"rotation":270,"texture":"#0"}}},{"from":[7.275,5.48925,12.40245],"to":[8.725,6.93925,15.90245],"rotation":{"angle":22.5,"axis":"x","origin":[8,1.25,9]},"faces":{"north":{"uv":[10.9375,0.75,10.75,0.9375],"texture":"#0"},"east":{"uv":[10.8125,4.75,10.375,4.9375],"texture":"#0"},"south":{"uv":[10.9375,1,10.75,1.1875],"texture":"#0"},"west":{"uv":[10.8125,5,10.375,5.1875],"texture":"#0"},"up":{"uv":[10.375,5.4375,10.8125,5.25],"rotation":90,"texture":"#0"},"down":{"uv":[10.375,5.5,10.8125,5.6875],"rotation":270,"texture":"#0"}}},{"from":[7.25,1.25,9],"to":[8.75,2.75,13],"rotation":{"angle":-22.5,"axis":"x","origin":[8,1.25,9]},"faces":{"north":{"uv":[10.8125,9.75,10.625,9.9375],"texture":"#0"},"east":{"uv":[2.75,10.125,2.25,10.3125],"texture":"#0"},"south":{"uv":[10.8125,10,10.625,10.1875],"texture":"#0"},"west":{"uv":[10.625,2.625,10.125,2.8125],"texture":"#0"},"up":{"uv":[10.125,3.0625,10.625,2.875],"rotation":90,"texture":"#0"},"down":{"uv":[10.125,3.125,10.625,3.3125],"rotation":270,"texture":"#0"}}},{"from":[7.25,-3.10916,15.52395],"to":[8.75,-1.60916,19.52395],"rotation":{"angle":-22.5,"axis":"x","origin":[8,1.25,9]},"faces":{"north":{"uv":[10.75,0.5,10.9375,0.6875],"rotation":90,"texture":"#0"},"east":{"uv":[5.9375,10.125,5.75,10.625],"rotation":270,"texture":"#0"},"south":{"uv":[10.75,0.4375,10.9375,0.25],"rotation":90,"texture":"#0"},"west":{"uv":[10.3125,6.75,10.125,7.25],"rotation":90,"texture":"#0"},"up":{"uv":[6.1875,10.125,6,10.625],"rotation":180,"texture":"#0"},"down":{"uv":[7.4375,10.125,7.25,10.625],"texture":"#0"}}},{"from":[7.25,-0.28073,12.69552],"to":[8.75,1.21927,16.69552],"rotation":{"angle":0,"axis":"y","origin":[8,1.25,9]},"faces":{"north":{"uv":[10.75,0,10.9375,0.1875],"rotation":90,"texture":"#0"},"east":{"uv":[4.6875,10.125,4.5,10.625],"rotation":270,"texture":"#0"},"south":{"uv":[10.625,10.6875,10.8125,10.5],"rotation":90,"texture":"#0"},"west":{"uv":[5.4375,10.125,5.25,10.625],"rotation":90,"texture":"#0"},"up":{"uv":[4.9375,10.125,4.75,10.625],"rotation":180,"texture":"#0"},"down":{"uv":[5.6875,10.125,5.5,10.625],"texture":"#0"}}},{"from":[7.275,-5.65245,13.23925],"to":[8.725,-2.15245,14.68925],"rotation":{"angle":-22.5,"axis":"x","origin":[8,1.25,9]},"faces":{"north":{"uv":[10.375,5.5,10.8125,5.6875],"rotation":90,"texture":"#0"},"east":{"uv":[10.8125,4.75,10.375,4.9375],"rotation":270,"texture":"#0"},"south":{"uv":[10.375,5.4375,10.8125,5.25],"rotation":90,"texture":"#0"},"west":{"uv":[10.8125,5,10.375,5.1875],"rotation":90,"texture":"#0"},"up":{"uv":[10.9375,0.75,10.75,0.9375],"rotation":180,"texture":"#0"},"down":{"uv":[10.9375,1,10.75,1.1875],"texture":"#0"}}},{"from":[7.225,1.225,9],"to":[8.775,2.775,13],"rotation":{"angle":22.5,"axis":"x","origin":[8,1.25,9]},"faces":{"north":{"uv":[10.8125,9.75,10.625,9.9375],"texture":"#0"},"east":{"uv":[2.75,10.125,2.25,10.3125],"texture":"#0"},"south":{"uv":[10.8125,10,10.625,10.1875],"texture":"#0"},"west":{"uv":[10.625,2.625,10.125,2.8125],"texture":"#0"},"up":{"uv":[10.125,3.0625,10.625,2.875],"rotation":90,"texture":"#0"},"down":{"uv":[10.125,3.125,10.625,3.3125],"rotation":270,"texture":"#0"}}},{"from":[7,4,7],"to":[9,7,9],"rotation":{"angle":0,"axis":"y","origin":[8,4,8]},"faces":{"north":{"uv":[8.5,0,8.75,0.375],"texture":"#0"},"east":{"uv":[6.875,1.625,7.125,2],"texture":"#0"},"south":{"uv":[0.75,7.5,1,7.875],"texture":"#0"},"west":{"uv":[2.75,8.25,3,8.625],"texture":"#0"},"up":{"uv":[8.5,1.625,8.25,1.375],"rotation":90,"texture":"#0"},"down":{"uv":[9.125,10.375,8.875,10.625],"rotation":270,"texture":"#0"}}},{"from":[6,5.12132,4.87868],"to":[10,7.12132,6.87868],"rotation":{"angle":45,"axis":"x","origin":[8,4,8]},"faces":{"north":{"uv":[7.125,6.25,7.625,6.5],"texture":"#0"},"east":{"uv":[9.375,10.375,9.625,10.625],"texture":"#0"},"south":{"uv":[1,3.625,1.5,3.875],"texture":"#0"},"west":{"uv":[10.375,9.5,10.625,9.75],"texture":"#0"},"up":{"uv":[7.25,9.875,7,9.375],"rotation":90,"texture":"#0"},"down":{"uv":[9.875,0,9.625,0.5],"rotation":270,"texture":"#0"}}},{"from":[6,2,5],"to":[10,5,8],"rotation":{"angle":-45,"axis":"x","origin":[8,5,8]},"faces":{"north":{"uv":[9.125,2.625,9.625,3],"texture":"#0"},"east":{"uv":[2,4.875,2.375,5.25],"texture":"#0"},"south":{"uv":[6.75,9,7.25,9.375],"texture":"#0"},"west":{"uv":[7.375,8.5,7.75,8.875],"texture":"#0"},"up":{"uv":[9.5,3.5,9.125,3],"rotation":90,"texture":"#0"},"down":{"uv":[0.375,9.25,0,9.75],"rotation":270,"texture":"#0"}}},{"from":[7,5,5],"to":[9,8,7],"rotation":{"angle":-45,"axis":"x","origin":[8,5,8]},"faces":{"north":{"uv":[9,10,9.25,10.375],"texture":"#0"},"east":{"uv":[6.5,10,6.75,10.375],"texture":"#0"},"south":{"uv":[6.75,10,7,10.375],"texture":"#0"},"west":{"uv":[8.75,10,9,10.375],"texture":"#0"},"up":{"uv":[9.375,10.625,9.125,10.375],"rotation":90,"texture":"#0"},"down":{"uv":[10.625,9.25,10.375,9.5],"rotation":270,"texture":"#0"}}},{"from":[6,4.70711,3.46447],"to":[10,6.70711,5.46447],"rotation":{"angle":0,"axis":"y","origin":[8,5.70711,4.46447]},"faces":{"north":{"uv":[0,8,0.5,8.25],"texture":"#0"},"east":{"uv":[9.625,10.375,9.875,10.625],"texture":"#0"},"south":{"uv":[7.875,2.625,8.375,2.875],"texture":"#0"},"west":{"uv":[9.875,10.375,10.125,10.625],"texture":"#0"},"up":{"uv":[0.625,10.125,0.375,9.625],"rotation":90,"texture":"#0"},"down":{"uv":[0.875,9.625,0.625,10.125],"rotation":270,"texture":"#0"}}},{"from":[7,5,9],"to":[9,8,11],"rotation":{"angle":45,"axis":"x","origin":[8,5,8]},"faces":{"north":{"uv":[10,10,10.25,10.375],"texture":"#0"},"east":{"uv":[9.25,10,9.5,10.375],"texture":"#0"},"south":{"uv":[9.5,10,9.75,10.375],"texture":"#0"},"west":{"uv":[9.75,10,10,10.375],"texture":"#0"},"up":{"uv":[10.75,0.25,10.5,0],"rotation":90,"texture":"#0"},"down":{"uv":[10.75,0.25,10.5,0.5],"rotation":270,"texture":"#0"}}},{"from":[6,4.70711,10.53553],"to":[10,6.70711,12.53553],"rotation":{"angle":0,"axis":"y","origin":[8,5.70711,11.53553]},"faces":{"north":{"uv":[9.625,1.25,10.125,1.5],"texture":"#0"},"east":{"uv":[10.5,0.5,10.75,0.75],"texture":"#0"},"south":{"uv":[9.5,2.375,10,2.625],"texture":"#0"},"west":{"uv":[10.5,0.75,10.75,1],"texture":"#0"},"up":{"uv":[2.625,10.125,2.375,9.625],"rotation":90,"texture":"#0"},"down":{"uv":[2.875,9.625,2.625,10.125],"rotation":270,"texture":"#0"}}},{"from":[7.5,4,5],"to":[8.5,9,11],"rotation":{"angle":0,"axis":"y","origin":[8,4,8]},"faces":{"north":{"uv":[6.375,8.25,6.5,8.875],"texture":"#0"},"east":{"uv":[3.25,6.625,4,7.25],"texture":"#0"},"south":{"uv":[3.25,5.5,3.375,6.125],"texture":"#0"},"west":{"uv":[6.625,3.5,7.375,4.125],"texture":"#0"},"up":{"uv":[10.625,4.25,9.875,4.125],"rotation":90,"texture":"#0"},"down":{"uv":[10.75,2.5,10,2.625],"rotation":270,"texture":"#0"}}},{"from":[7.475,4.75,6.75],"to":[8.525,9,11],"rotation":{"angle":45,"axis":"x","origin":[8,9,11]},"faces":{"north":{"uv":[10.375,6.5,10.5,7.0625],"texture":"#0"},"east":{"uv":[3.375,7.75,3.9375,8.3125],"texture":"#0"},"south":{"uv":[6.5,10.375,6.625,10.9375],"texture":"#0"},"west":{"uv":[4,7.75,4.5625,8.3125],"texture":"#0"},"up":{"uv":[10.9375,5.875,10.375,5.75],"rotation":90,"texture":"#0"},"down":{"uv":[10.9375,5.875,10.375,6],"rotation":270,"texture":"#0"}}},{"from":[6.5,-12,6.5],"to":[9.5,-10,9.5],"rotation":{"angle":0,"axis":"y","origin":[8,-15.5,8]},"faces":{"north":{"uv":[10,6,10.375,6.25],"texture":"#0"},"east":{"uv":[8.375,3.75,8.75,4],"texture":"#0"},"south":{"uv":[10,5.5,10.375,5.75],"texture":"#0"},"west":{"uv":[10,5.75,10.375,6],"texture":"#0"},"up":{"uv":[4.125,9.75,3.75,9.375],"rotation":90,"texture":"#0"},"down":{"uv":[5.375,9.375,5,9.75],"rotation":270,"texture":"#0"}}},{"from":[6,-11,6],"to":[10,-7,10],"rotation":{"angle":-45,"axis":"x","origin":[8,-9,8]},"faces":{"north":{"uv":[8.375,5,8.875,5.5],"texture":"#0"},"east":{"uv":[4.375,3,4.875,3.5],"texture":"#0"},"south":{"uv":[4.125,8.375,4.625,8.875],"texture":"#0"},"west":{"uv":[8.375,4.5,8.875,5],"texture":"#0"},"up":{"uv":[8.875,6,8.375,5.5],"rotation":90,"texture":"#0"},"down":{"uv":[8.875,6.75,8.375,7.25],"rotation":270,"texture":"#0"}}},{"from":[6.75,-13.5,6.75],"to":[9.25,-12,9.25],"rotation":{"angle":22.5,"axis":"y","origin":[8,-12.75,8]},"faces":{"north":{"uv":[5.625,10.625,5.9375,10.8125],"texture":"#0"},"east":{"uv":[4.5,10.625,4.8125,10.8125],"texture":"#0"},"south":{"uv":[4.875,10.625,5.1875,10.8125],"texture":"#0"},"west":{"uv":[5.25,10.625,5.5625,10.8125],"texture":"#0"},"up":{"uv":[10.3125,5.0625,10,4.75],"rotation":90,"texture":"#0"},"down":{"uv":[10.3125,5.125,10,5.4375],"rotation":270,"texture":"#0"}}},{"from":[7,-14.5,7],"to":[9,-13.5,9],"rotation":{"angle":45,"axis":"y","origin":[8,-12.75,8]},"faces":{"north":{"uv":[7.375,4,7.625,4.125],"texture":"#0"},"east":{"uv":[1.5,6.25,1.75,6.375],"texture":"#0"},"south":{"uv":[6.625,7,6.875,7.125],"texture":"#0"},"west":{"uv":[7.125,2.875,7.375,3],"texture":"#0"},"up":{"uv":[3.25,7.75,3,7.5],"rotation":90,"texture":"#0"},"down":{"uv":[8.375,4.5,8.125,4.75],"rotation":270,"texture":"#0"}}},{"from":[7.5,-15.5,7.5],"to":[8.5,-14.5,8.5],"rotation":{"angle":-22.5,"axis":"y","origin":[8,-12.75,8]},"faces":{"north":{"uv":[3.25,8.625,3.375,8.75],"texture":"#0"},"east":{"uv":[7.5,0.375,7.625,0.5],"texture":"#0"},"south":{"uv":[0.625,8.25,0.75,8.375],"texture":"#0"},"west":{"uv":[8.25,6.75,8.375,6.875],"texture":"#0"},"up":{"uv":[0.625,8.875,0.5,8.75],"rotation":90,"texture":"#0"},"down":{"uv":[6.375,8.75,6.25,8.875],"rotation":270,"texture":"#0"}}},{"from":[8,-11,1],"to":[8,-7,6],"rotation":{"angle":-45,"axis":"x","origin":[8,-9,8]},"faces":{"north":{"uv":[0,0,0,0.5],"texture":"#0"},"east":{"uv":[7.625,1.125,8.25,1.625],"texture":"#0"},"south":{"uv":[0,0,0,0.5],"texture":"#0"},"west":{"uv":[8.25,1.125,7.625,1.625],"texture":"#0"},"up":{"uv":[0.625,0,0,0],"rotation":90,"texture":"#0"},"down":{"uv":[0.625,0,0,0],"rotation":270,"texture":"#0"}}},{"from":[6.5,-8,6.5],"to":[9.5,-6,9.5],"rotation":{"angle":0,"axis":"y","origin":[16,-4,0]},"faces":{"north":{"uv":[10.125,1.25,10.5,1.5],"texture":"#0"},"east":{"uv":[10.125,0,10.5,0.25],"texture":"#0"},"south":{"uv":[10.125,0.25,10.5,0.5],"texture":"#0"},"west":{"uv":[0.375,10.125,0.75,10.375],"texture":"#0"},"up":{"uv":[6.625,9.75,6.25,9.375],"rotation":90,"texture":"#0"},"down":{"uv":[9.75,6.25,9.375,6.625],"rotation":270,"texture":"#0"}}},{"from":[8,-11,10],"to":[8,-7,15],"rotation":{"angle":45,"axis":"x","origin":[8,-9,8]},"faces":{"north":{"uv":[0,0,0,0.5],"texture":"#0"},"east":{"uv":[8.25,1.125,7.625,1.625],"texture":"#0"},"south":{"uv":[0,0,0,0.5],"texture":"#0"},"west":{"uv":[7.625,1.125,8.25,1.625],"texture":"#0"},"up":{"uv":[0,0,0.625,0],"rotation":90,"texture":"#0"},"down":{"uv":[0,0,0.625,0],"rotation":270,"texture":"#0"}}},{"from":[7,-6,7],"to":[9,2,9],"rotation":{"angle":0,"axis":"y","origin":[16,-4,0]},"faces":{"north":{"uv":[15.75,0,16,1],"texture":"#0"},"east":{"uv":[15.75,0,16,1],"texture":"#0"},"south":{"uv":[15.75,0,16,1],"texture":"#0"},"west":{"uv":[15.75,0,16,1],"texture":"#0"},"up":{"uv":[15.75,0.5,15.5,0.25],"rotation":90,"texture":"#0"},"down":{"uv":[15.75,0,15.5,0.25],"rotation":270,"texture":"#0"}}},{"from":[7.475,19,6.75],"to":[8.525,23.25,11],"rotation":{"angle":-45,"axis":"x","origin":[8,19,11]},"faces":{"north":{"uv":[10.375,7.0625,10.5,6.5],"texture":"#0"},"east":{"uv":[3.375,8.3125,3.9375,7.75],"texture":"#0"},"south":{"uv":[6.5,10.9375,6.625,10.375],"texture":"#0"},"west":{"uv":[4,8.3125,4.5625,7.75],"texture":"#0"},"up":{"uv":[10.9375,6,10.375,5.875],"rotation":90,"texture":"#0"},"down":{"uv":[10.9375,5.75,10.375,5.875],"rotation":270,"texture":"#0"}}},{"from":[7.5,19,5],"to":[8.5,24,11],"rotation":{"angle":0,"axis":"y","origin":[8,24,8]},"faces":{"north":{"uv":[6.375,8.875,6.5,8.25],"texture":"#0"},"east":{"uv":[3.25,7.25,4,6.625],"texture":"#0"},"south":{"uv":[3.25,6.125,3.375,5.5],"texture":"#0"},"west":{"uv":[6.625,4.125,7.375,3.5],"texture":"#0"},"up":{"uv":[10.75,2.625,10,2.5],"rotation":90,"texture":"#0"},"down":{"uv":[10.625,4.125,9.875,4.25],"rotation":270,"texture":"#0"}}},{"from":[6,20.87868,4.87868],"to":[10,22.87868,6.87868],"rotation":{"angle":-45,"axis":"x","origin":[8,24,8]},"faces":{"north":{"uv":[7.125,6.5,7.625,6.25],"texture":"#0"},"east":{"uv":[9.375,10.625,9.625,10.375],"texture":"#0"},"south":{"uv":[1,3.875,1.5,3.625],"texture":"#0"},"west":{"uv":[10.375,9.75,10.625,9.5],"texture":"#0"},"up":{"uv":[9.875,0.5,9.625,0],"rotation":90,"texture":"#0"},"down":{"uv":[7.25,9.375,7,9.875],"rotation":270,"texture":"#0"}}},{"from":[7,21,7],"to":[9,24,9],"rotation":{"angle":0,"axis":"y","origin":[8,24,8]},"faces":{"north":{"uv":[8.5,0.375,8.75,0],"texture":"#0"},"east":{"uv":[6.875,2,7.125,1.625],"texture":"#0"},"south":{"uv":[0.75,7.875,1,7.5],"texture":"#0"},"west":{"uv":[2.75,8.625,3,8.25],"texture":"#0"},"up":{"uv":[9.125,10.625,8.875,10.375],"rotation":90,"texture":"#0"},"down":{"uv":[8.5,1.375,8.25,1.625],"rotation":270,"texture":"#0"}}},{"from":[6.975,23,5],"to":[9.025,26,8],"rotation":{"angle":45,"axis":"x","origin":[8,23,8]},"faces":{"north":{"uv":[9.25,3,9.5,2.625],"texture":"#0"},"east":{"uv":[2,5.25,2.375,4.875],"texture":"#0"},"south":{"uv":[6.875,9.375,7.125,9],"texture":"#0"},"west":{"uv":[7.375,8.875,7.75,8.5],"texture":"#0"},"up":{"uv":[0.375,9.625,0,9.375],"rotation":90,"texture":"#0"},"down":{"uv":[9.5,3.125,9.125,3.375],"rotation":270,"texture":"#0"}}}],"gui_light":"front","display":{"thirdperson_righthand":{"translation":[0,4.75,1.25],"scale":[0.6,0.6,0.6]},"thirdperson_lefthand":{"translation":[0,4.75,1.25],"scale":[0.6,0.6,0.6]},"firstperson_righthand":{"rotation":[-12,15,3],"translation":[2.5,3,-1.75],"scale":[0.53125,0.53125,0.53125]},"firstperson_lefthand":{"rotation":[-12,15,3],"translation":[2.5,3,-1.75],"scale":[0.53125,0.53125,0.53125]},"ground":{"rotation":[0,0,90],"translation":[-3,0.25,0],"scale":[0.5,0.5,0.5]},"gui":{"rotation":[90,135,-90],"translation":[-0.5,0.25,-1.25],"scale":[0.41656,0.41656,0.41656]},"head":{"rotation":[90,-168,90],"translation":[-0.5,10.5,0],"scale":[0.56,0.56,0.56]},"fixed":{"rotation":[0,90,0],"translation":[0,3,-2.25],"scale":[1.07898,1.07898,1.07898]}}}