{"textures​":{"layer0":"minecraft:item/acacia_slab"},"credit":"Made with Blockbench","\u0074\u0065\u0078\u0074\u0075\u0072\u0065\u0073":{"0":"\u0074\u0077\u0069\u006c\u0069\u0067\u0068\u0074_\u006f\u0066_\u0065\u006e\u0064\u0065\u0072:\u0077\u0069\u006e\u0067_0","1":"\u0074\u0077\u0069\u006c\u0069\u0067\u0068\u0074_\u006f\u0066_\u0065\u006e\u0064\u0065\u0072:\u0077\u0069\u006e\u0067_1","\u0070\u0061\u0072\u0074\u0069\u0063\u006c\u0065":"#0"},"elements":[{"from":[-4.18569,-1.25,16.45433],"to":[-0.18569,10.75,16.45433],"faces":{"north":{"uv":[3,0,4,3],"texture":"#1"},"east":{"uv":[0,0,0,3],"texture":"#1"},"south":{"uv":[1,3,2,6],"texture":"#1"},"west":{"uv":[0,0,0,3],"texture":"#1"},"up":{"uv":[0,0,1,0],"texture":"#1"},"down":{"uv":[0,0,1,0],"texture":"#1"}},"rotation":{"origin":[8,4.75,13.32631],"axis":"y","angle":-45,"rescale":false}},{"from":[-3.4038,-1.25,12.83107],"to":[0.5962,10.75,12.83107],"faces":{"north":{"uv":[2,3,3,6],"texture":"#1"},"east":{"uv":[0,0,0,3],"texture":"#1"},"south":{"uv":[3,3,4,6],"texture":"#1"},"west":{"uv":[0,0,0,3],"texture":"#1"},"up":{"uv":[0,0,1,0],"texture":"#1"},"down":{"uv":[0,0,1,0],"texture":"#1"}}},{"from":[0,-1.25,9.75],"to":[4,10.75,9.75],"faces":{"north":{"uv":[2,0,3,3],"texture":"#1"},"east":{"uv":[0,0,0,3],"texture":"#1"},"south":{"uv":[0,3,1,6],"texture":"#1"},"west":{"uv":[0,0,0,3],"texture":"#1"},"up":{"uv":[0,0,1,0],"texture":"#1"},"down":{"uv":[0,0,1,0],"texture":"#1"}}},{"from":[1.34892,-1.25,10.03538],"to":[5.34892,10.75,10.03538],"faces":{"north":{"uv":[4,0,5,3],"texture":"#1"},"east":{"uv":[0,0,0,3],"texture":"#1"},"south":{"uv":[4,3,5,6],"texture":"#1"},"west":{"uv":[0,0,0,3],"texture":"#1"},"up":{"uv":[0,0,1,0],"texture":"#1"},"down":{"uv":[0,0,1,0],"texture":"#1"}},"rotation":{"origin":[8,4.75,13.32631],"axis":"y","angle":22.5,"rescale":false}},{"from":[3.62307,-1.25,16.31684],"to":[3.62307,10.75,20.31684],"faces":{"north":{"uv":[0,0,0,3],"texture":"#1"},"east":{"uv":[6,6,7,9],"texture":"#1"},"south":{"uv":[0,0,0,3],"texture":"#1"},"west":{"uv":[7,0,8,3],"texture":"#1"},"up":{"uv":[0,0,0,1],"texture":"#1"},"down":{"uv":[0,0,0,1],"texture":"#1"}}},{"from":[4,-1.25,9.75],"to":[8,10.75,9.75],"faces":{"north":{"uv":[0,0,1,3],"texture":"#1"},"east":{"uv":[0,0,0,3],"texture":"#1"},"south":{"uv":[1,0,2,3],"texture":"#1"},"west":{"uv":[0,0,0,3],"texture":"#1"},"up":{"uv":[1,0,0,0],"texture":"#1"},"down":{"uv":[0,0,1,0],"texture":"#1"}}},{"from":[4.3625,3.29929,9.09462],"to":[6.2875,5.99929,9.09462],"faces":{"north":{"uv":[1,3,1.97,4.34],"texture":"#0"},"east":{"uv":[0,0,0,1.34],"texture":"#0"},"south":{"uv":[3,2,3.97,3.34],"texture":"#0"},"west":{"uv":[0,0,0,1.34],"texture":"#0"},"up":{"uv":[0.97,0,0,0],"texture":"#0"},"down":{"uv":[0.97,0,0,0],"texture":"#0"}}},{"from":[4.3625,3.3,6.90538],"to":[6.2875,6,6.90538],"faces":{"north":{"uv":[2,2,2.97,3.34],"texture":"#0"},"east":{"uv":[0,0,0,1.34],"texture":"#0"},"south":{"uv":[0,3,0.97,4.34],"texture":"#0"},"west":{"uv":[0,0,0,1.34],"texture":"#0"},"up":{"uv":[0.97,0,0,0],"texture":"#0"},"down":{"uv":[0.97,0,0,0],"texture":"#0"}}},{"from":[4.3625,4.83008,9.72811],"to":[6.2875,5.53008,9.72811],"faces":{"north":{"uv":[5.5,3.5,6.47,3.84],"texture":"#0"},"east":{"uv":[0,0,0,0.34],"texture":"#0"},"south":{"uv":[5.5,4,6.47,4.34],"texture":"#0"},"west":{"uv":[0,0,0,0.34],"texture":"#0"},"up":{"uv":[0.97,0,0,0],"texture":"#0"},"down":{"uv":[0.97,0,0,0],"texture":"#0"}},"rotation":{"origin":[5.325,4.65,8],"axis":"x","angle":-45,"rescale":false}},{"from":[4.3625,4.83058,6.27139],"to":[6.2875,5.53058,6.27139],"faces":{"north":{"uv":[0,5.5,0.97,5.84],"texture":"#0"},"east":{"uv":[0,0,0,0.34],"texture":"#0"},"south":{"uv":[5.5,3,6.47,3.34],"texture":"#0"},"west":{"uv":[0,0,0,0.34],"texture":"#0"},"up":{"uv":[0.97,0,0,0],"texture":"#0"},"down":{"uv":[0.97,0,0,0],"texture":"#0"}},"rotation":{"origin":[5.325,4.65,8],"axis":"x","angle":45,"rescale":false}},{"from":[4.3625,6.49397,7.40035],"to":[6.2875,6.49397,8.60035],"faces":{"north":{"uv":[0,0,0.97,0],"texture":"#0"},"east":{"uv":[0,0,0.59,0],"texture":"#0"},"south":{"uv":[0,0,0.97,0],"texture":"#0"},"west":{"uv":[0,0,0.59,0],"texture":"#0"},"up":{"uv":[5.97,2.59,5,2],"texture":"#0"},"down":{"uv":[3.97,5,3,5.59],"texture":"#0"}}},{"from":[5.10067,-1.25,13.76418],"to":[5.10067,10.75,17.76418],"faces":{"north":{"uv":[0,0,0,3],"texture":"#1"},"east":{"uv":[4,6,5,9],"texture":"#1"},"south":{"uv":[0,0,0,3],"texture":"#1"},"west":{"uv":[5,6,6,9],"texture":"#1"},"up":{"uv":[0,1,0,0],"texture":"#1"},"down":{"uv":[0,0,0,1],"texture":"#1"}},"rotation":{"origin":[8,4.75,13.32631],"axis":"y","angle":-22.5,"rescale":false}},{"from":[5.34892,-1.25,10.03538],"to":[9.34892,10.75,10.03538],"faces":{"north":{"uv":[5,0,6,3],"texture":"#1"},"east":{"uv":[0,0,0,3],"texture":"#1"},"south":{"uv":[5,3,6,6],"texture":"#1"},"west":{"uv":[0,0,0,3],"texture":"#1"},"up":{"uv":[0,0,1,0],"texture":"#1"},"down":{"uv":[0,0,1,0],"texture":"#1"}},"rotation":{"origin":[8,4.75,13.32631],"axis":"y","angle":22.5,"rescale":false}},{"from":[5.48893,-1.25,10.84037],"to":[5.48893,10.75,14.84037],"faces":{"north":{"uv":[0,0,0,3],"texture":"#1"},"east":{"uv":[6,3,7,6],"texture":"#1"},"south":{"uv":[0,0,0,3],"texture":"#1"},"west":{"uv":[3,6,4,9],"texture":"#1"},"up":{"uv":[0,0,1,0],"texture":"#1","rotation":270},"down":{"uv":[0,0,1,0],"texture":"#1","rotation":90}},"rotation":{"origin":[8,4.75,13.32631],"axis":"y","angle":-45,"rescale":false}},{"from":[5.48893,-1.25,14.84037],"to":[5.48893,10.75,18.84037],"faces":{"north":{"uv":[0,0,0,3],"texture":"#1"},"east":{"uv":[2,6,3,9],"texture":"#1"},"south":{"uv":[0,0,0,3],"texture":"#1"},"west":{"uv":[1,6,2,9],"texture":"#1"},"up":{"uv":[0,0,1,0],"texture":"#1","rotation":270},"down":{"uv":[0,0,1,0],"texture":"#1","rotation":90}},"rotation":{"origin":[8,4.75,13.32631],"axis":"y","angle":-45,"rescale":false}},{"from":[5.48893,-1.25,18.84037],"to":[5.48893,10.75,22.84037],"faces":{"north":{"uv":[0,0,0,3],"texture":"#1"},"east":{"uv":[6,0,7,3],"texture":"#1"},"south":{"uv":[0,0,0,3],"texture":"#1"},"west":{"uv":[0,6,1,9],"texture":"#1"},"up":{"uv":[0,0,1,0],"texture":"#1","rotation":270},"down":{"uv":[0,0,1,0],"texture":"#1","rotation":90}},"rotation":{"origin":[8,4.75,13.32631],"axis":"y","angle":-45,"rescale":false}},{"from":[5.51405,-1.25,10.81524],"to":[9.51405,10.75,10.81524],"faces":{"north":{"uv":[4,6,3,9],"texture":"#1"},"east":{"uv":[0,0,0,3],"texture":"#1"},"south":{"uv":[7,3,6,6],"texture":"#1"},"west":{"uv":[0,0,0,3],"texture":"#1"},"up":{"uv":[1,0,0,0],"texture":"#1"},"down":{"uv":[1,0,0,0],"texture":"#1"}},"rotation":{"origin":[8,4.75,13.32631],"axis":"y","angle":-45,"rescale":false}},{"from":[5.9,5.05,7],"to":[6.25,5.7,7.75],"faces":{"north":{"uv":[7.5,4.5,7.69,4.81],"texture":"#0"},"east":{"uv":[6.5,3.5,6.88,3.81],"texture":"#0"},"south":{"uv":[5,7.5,5.19,7.81],"texture":"#0"},"west":{"uv":[4,6.5,4.38,6.81],"texture":"#0"},"up":{"uv":[3.19,7.38,3,7],"texture":"#0"},"down":{"uv":[7.19,3,7,3.38],"texture":"#0"}}},{"from":[5.925,5.35178,7.37374],"to":[6.225,5.82678,7.94874],"faces":{"north":{"uv":[8.5,7.5,8.66,7.75],"texture":"#0"},"east":{"uv":[4,7,4.28,7.25],"texture":"#0"},"south":{"uv":[8,8.5,8.16,8.75],"texture":"#0"},"west":{"uv":[7,4,7.28,4.25],"texture":"#0"},"up":{"uv":[6.66,8.28,6.5,8],"texture":"#0"},"down":{"uv":[8.16,6.5,8,6.78],"texture":"#0"}},"rotation":{"origin":[8,5.33421,7.34848],"axis":"x","angle":45,"rescale":false}},{"from":[6.15,3.55,6.9],"to":[9.85,5,9.35],"faces":{"north":{"uv":[2,0,3.84,0.72],"texture":"#0"},"east":{"uv":[4,3,5.22,3.72],"texture":"#0"},"south":{"uv":[2,1,3.84,1.72],"texture":"#0"},"west":{"uv":[4,4,5.22,4.72],"texture":"#0"},"up":{"uv":[1.84,1.22,0,0],"texture":"#0"},"down":{"uv":[1.84,1.5,0,2.72],"texture":"#0"}}},{"from":[6.19888,0.04845,7],"to":[6.19888,1.49845,9.25],"faces":{"north":{"uv":[0,0,0,0.72],"texture":"#0"},"east":{"uv":[5,1,6.12,1.72],"texture":"#0"},"south":{"uv":[0,0,0,0.72],"texture":"#0"},"west":{"uv":[1.5,5,2.62,5.72],"texture":"#0"},"up":{"uv":[0,1.12,0,0],"texture":"#0"},"down":{"uv":[0,0,0,1.12],"texture":"#0"}}},{"from":[6.26786,0.79524,7],"to":[6.26786,1.24524,9.25],"faces":{"north":{"uv":[0,0,0,0.22],"texture":"#0"},"east":{"uv":[6,2,7.12,2.22],"texture":"#0"},"south":{"uv":[0,0,0,0.22],"texture":"#0"},"west":{"uv":[6,2.5,7.12,2.72],"texture":"#0"},"up":{"uv":[0,1.12,0,0],"texture":"#0"},"down":{"uv":[0,0,0,1.12],"texture":"#0"}},"rotation":{"origin":[8,1.32025,8.05625],"axis":"z","angle":-22.5,"rescale":false}},{"from":[6.26786,0.79524,7],"to":[8.21786,1.24524,7],"faces":{"north":{"uv":[6.5,0,7.47,0.22],"texture":"#0"},"east":{"uv":[0,0,0,0.22],"texture":"#0"},"south":{"uv":[6.5,0.5,7.47,0.72],"texture":"#0"},"west":{"uv":[0,0,0,0.22],"texture":"#0"},"up":{"uv":[0.97,0,0,0],"texture":"#0"},"down":{"uv":[0.97,0,0,0],"texture":"#0"}},"rotation":{"origin":[8,1.32025,8.05625],"axis":"z","angle":-22.5,"rescale":false}},{"from":[6.26786,0.79524,9.25],"to":[8.21786,1.24524,9.25],"faces":{"north":{"uv":[6,5,6.97,5.22],"texture":"#0"},"east":{"uv":[0,0,0,0.22],"texture":"#0"},"south":{"uv":[6,5.5,6.97,5.72],"texture":"#0"},"west":{"uv":[0,0,0,0.22],"texture":"#0"},"up":{"uv":[0.97,0,0,0],"texture":"#0"},"down":{"uv":[0.97,0,0,0],"texture":"#0"}},"rotation":{"origin":[8,1.32025,8.05625],"axis":"z","angle":-22.5,"rescale":false}},{"from":[6.32479,5.79698,6.66412],"to":[6.84979,6.24698,6.96412],"faces":{"north":{"uv":[7.5,5.5,7.75,5.72],"texture":"#0"},"east":{"uv":[4,9,4.16,9.22],"texture":"#0"},"south":{"uv":[6,7.5,6.25,7.72],"texture":"#0"},"west":{"uv":[9,4,9.16,4.22],"texture":"#0"},"up":{"uv":[8.75,7.16,8.5,7],"texture":"#0"},"down":{"uv":[7.75,8.5,7.5,8.66],"texture":"#0"}},"rotation":{"origin":[8,5.56524,6.81412],"axis":"z","angle":22.5,"rescale":false}},{"from":[6.34715,5.14764,6.56412],"to":[6.77215,5.62264,6.96412],"faces":{"north":{"uv":[7.5,6.5,7.72,6.75],"texture":"#0"},"east":{"uv":[4,8,4.19,8.25],"texture":"#0"},"south":{"uv":[7,7.5,7.22,7.75],"texture":"#0"},"west":{"uv":[8,4,8.19,4.25],"texture":"#0"},"up":{"uv":[8.72,1.19,8.5,1],"texture":"#0"},"down":{"uv":[1.72,8.5,1.5,8.69],"texture":"#0"}},"rotation":{"origin":[8,5.02321,6.76412],"axis":"z","angle":22.5,"rescale":false}},{"from":[6.4574,3.85334,6.58912],"to":[6.7574,4.27834,6.93912],"faces":{"north":{"uv":[4.5,9,4.66,9.22],"texture":"#0"},"east":{"uv":[8.5,1.5,8.69,1.72],"texture":"#0"},"south":{"uv":[9,4.5,9.16,4.72],"texture":"#0"},"west":{"uv":[2,8.5,2.19,8.72],"texture":"#0"},"up":{"uv":[9.16,9.19,9,9],"texture":"#0"},"down":{"uv":[0.16,9.5,0,9.69],"texture":"#0"}},"rotation":{"origin":[8,5.02321,6.76412],"axis":"z","angle":-22.5,"rescale":false}},{"from":[6.47758,5.1,5.52454],"to":[6.97758,5.65,5.82454],"faces":{"north":{"uv":[7,3.5,7.25,3.78],"texture":"#0"},"east":{"uv":[6,8,6.16,8.28],"texture":"#0"},"south":{"uv":[3.5,7,3.75,7.28],"texture":"#0"},"west":{"uv":[8,6,8.16,6.28],"texture":"#0"},"up":{"uv":[8.66,6.75,8.5,6.5],"texture":"#0","rotation":90},"down":{"uv":[7.16,8.5,7,8.75],"texture":"#0","rotation":270}},"rotation":{"origin":[8,5.375,6.94696],"axis":"y","angle":45,"rescale":false}},{"from":[6.57535,4.60566,6.53912],"to":[7.02535,5.15566,6.98912],"faces":{"north":{"uv":[7.5,2.5,7.72,2.78],"texture":"#0"},"east":{"uv":[3,7.5,3.22,7.78],"texture":"#0"},"south":{"uv":[7.5,3,7.72,3.28],"texture":"#0"},"west":{"uv":[3.5,7.5,3.72,7.78],"texture":"#0"},"up":{"uv":[2.22,8.22,2,8],"texture":"#0"},"down":{"uv":[8.22,2,8,2.22],"texture":"#0"}}},{"from":[6.65108,-1.25,10.03538],"to":[10.65108,10.75,10.03538],"faces":{"north":{"uv":[6,0,5,3],"texture":"#1"},"east":{"uv":[0,0,0,3],"texture":"#1"},"south":{"uv":[6,3,5,6],"texture":"#1"},"west":{"uv":[0,0,0,3],"texture":"#1"},"up":{"uv":[1,0,0,0],"texture":"#1"},"down":{"uv":[1,0,0,0],"texture":"#1"}},"rotation":{"origin":[8,4.75,13.32631],"axis":"y","angle":-22.5,"rescale":false}},{"from":[6.81739,0.64487,6.85],"to":[7.21739,1.39487,7.2],"faces":{"north":{"uv":[6,7,6.19,7.38],"texture":"#0"},"east":{"uv":[7,6,7.19,6.38],"texture":"#0"},"south":{"uv":[6.5,7,6.69,7.38],"texture":"#0"},"west":{"uv":[7,6.5,7.19,6.88],"texture":"#0"},"up":{"uv":[2.19,9.19,2,9],"texture":"#0"},"down":{"uv":[9.19,2,9,2.19],"texture":"#0"}},"rotation":{"origin":[8,1.32025,8.05625],"axis":"z","angle":-22.5,"rescale":false}},{"from":[6.81739,0.64487,8.8],"to":[7.21739,1.39487,9.15],"faces":{"north":{"uv":[7.5,1.5,7.69,1.88],"texture":"#0"},"east":{"uv":[2,7.5,2.19,7.88],"texture":"#0"},"south":{"uv":[7.5,2,7.69,2.38],"texture":"#0"},"west":{"uv":[2.5,7.5,2.69,7.88],"texture":"#0"},"up":{"uv":[3.69,9.19,3.5,9],"texture":"#0"},"down":{"uv":[9.19,3.5,9,3.69],"texture":"#0"}},"rotation":{"origin":[8,1.32025,8.05625],"axis":"z","angle":-22.5,"rescale":false}},{"from":[6.94932,5.03352,6.56412],"to":[7.37432,5.53352,6.96412],"faces":{"north":{"uv":[7.5,6,7.72,6.25],"texture":"#0"},"east":{"uv":[3.5,8,3.69,8.25],"texture":"#0"},"south":{"uv":[6.5,7.5,6.72,7.75],"texture":"#0"},"west":{"uv":[8,3.5,8.19,3.75],"texture":"#0"},"up":{"uv":[8.22,8.19,8,8],"texture":"#0"},"down":{"uv":[0.22,8.5,0,8.69],"texture":"#0"}},"rotation":{"origin":[8,5.02321,6.76412],"axis":"z","angle":22.5,"rescale":false}},{"from":[7.02602,6.26951,6.68912],"to":[7.55102,6.61951,6.93912],"faces":{"north":{"uv":[3,8,3.25,8.19],"texture":"#0"},"east":{"uv":[9.5,3.5,9.62,3.69],"texture":"#0"},"south":{"uv":[8,3,8.25,3.19],"texture":"#0"},"west":{"uv":[4,9.5,4.12,9.69],"texture":"#0"},"up":{"uv":[8.25,9.12,8,9],"texture":"#0"},"down":{"uv":[9.25,8,9,8.12],"texture":"#0"}},"rotation":{"origin":[8,5.56524,6.81412],"axis":"z","angle":45,"rescale":false}},{"from":[7.24236,1.01932,6.725],"to":[7.69236,1.36932,7],"faces":{"north":{"uv":[8.5,4.5,8.72,4.69],"texture":"#0"},"east":{"uv":[9.5,4.5,9.62,4.69],"texture":"#0"},"south":{"uv":[5,8.5,5.22,8.69],"texture":"#0"},"west":{"uv":[5,9.5,5.12,9.69],"texture":"#0"},"up":{"uv":[9.72,0.62,9.5,0.5],"texture":"#0"},"down":{"uv":[1.22,9.5,1,9.62],"texture":"#0"}},"rotation":{"origin":[8,1.32025,8.05625],"axis":"z","angle":-45,"rescale":false}},{"from":[7.24236,1.01932,9],"to":[7.69236,1.36932,9.275],"faces":{"north":{"uv":[8.5,6,8.72,6.19],"texture":"#0"},"east":{"uv":[0.5,10,0.62,10.19],"texture":"#0"},"south":{"uv":[6.5,8.5,6.72,8.69],"texture":"#0"},"west":{"uv":[10,0.5,10.12,0.69],"texture":"#0"},"up":{"uv":[9.72,2.12,9.5,2],"texture":"#0"},"down":{"uv":[2.72,9.5,2.5,9.62],"texture":"#0"}},"rotation":{"origin":[8,1.32025,8.05625],"axis":"z","angle":-45,"rescale":false}},{"from":[7.36483,4.99029,6.61412],"to":[7.66483,5.41529,6.91412],"faces":{"north":{"uv":[5,9,5.16,9.22],"texture":"#0"},"east":{"uv":[9,5,9.16,5.22],"texture":"#0"},"south":{"uv":[5.5,9,5.66,9.22],"texture":"#0"},"west":{"uv":[9,5.5,9.16,5.72],"texture":"#0"},"up":{"uv":[9.66,2.66,9.5,2.5],"texture":"#0"},"down":{"uv":[3.16,9.5,3,9.66],"texture":"#0"}},"rotation":{"origin":[8,5.02321,6.76412],"axis":"z","angle":-22.5,"rescale":false}},{"from":[7.42589,5.29717,6.58912],"to":[7.85089,5.67217,6.93912],"faces":{"north":{"uv":[8.5,0,8.72,0.19],"texture":"#0"},"east":{"uv":[1,9,1.19,9.19],"texture":"#0"},"south":{"uv":[0.5,8.5,0.72,8.69],"texture":"#0"},"west":{"uv":[9,1,9.19,1.19],"texture":"#0"},"up":{"uv":[8.72,0.69,8.5,0.5],"texture":"#0"},"down":{"uv":[1.22,8.5,1,8.69],"texture":"#0"}},"rotation":{"origin":[8,5.02321,6.76412],"axis":"z","angle":45,"rescale":false}},{"from":[7.45704,1.90506,6.75],"to":[7.73204,2.25506,6.975],"faces":{"north":{"uv":[9.5,5,9.62,5.19],"texture":"#0"},"east":{"uv":[5.5,9.5,5.62,9.69],"texture":"#0"},"south":{"uv":[9.5,5.5,9.62,5.69],"texture":"#0"},"west":{"uv":[6,9.5,6.12,9.69],"texture":"#0"},"up":{"uv":[1.12,10.12,1,10],"texture":"#0"},"down":{"uv":[10.12,1,10,1.12],"texture":"#0"}},"rotation":{"origin":[8,1.32025,8.05625],"axis":"z","angle":22.5,"rescale":false}},{"from":[7.45704,1.90506,9.025],"to":[7.73204,2.25506,9.25],"faces":{"north":{"uv":[9.5,9,9.62,9.19],"texture":"#0"},"east":{"uv":[9.5,9.5,9.62,9.69],"texture":"#0"},"south":{"uv":[0,10,0.12,10.19],"texture":"#0"},"west":{"uv":[10,0,10.12,0.19],"texture":"#0"},"up":{"uv":[2.62,10.12,2.5,10],"texture":"#0"},"down":{"uv":[10.12,2.5,10,2.62],"texture":"#0"}},"rotation":{"origin":[8,1.32025,8.05625],"axis":"z","angle":22.5,"rescale":false}},{"from":[7.49896,0.95784,6.7],"to":[8.49896,1.60784,7.025],"faces":{"north":{"uv":[2.5,6.5,3,6.81],"texture":"#0"},"east":{"uv":[1,8,1.16,8.31],"texture":"#0"},"south":{"uv":[3,6.5,3.5,6.81],"texture":"#0"},"west":{"uv":[8,1,8.16,1.31],"texture":"#0"},"up":{"uv":[2,7.16,1.5,7],"texture":"#0"},"down":{"uv":[7.5,1.5,7,1.66],"texture":"#0"}}},{"from":[7.49896,0.95784,8.975],"to":[8.49896,1.60784,9.3],"faces":{"north":{"uv":[6.5,3,7,3.31],"texture":"#0"},"east":{"uv":[1.5,8,1.66,8.31],"texture":"#0"},"south":{"uv":[3.5,6.5,4,6.81],"texture":"#0"},"west":{"uv":[8,1.5,8.16,1.81],"texture":"#0"},"up":{"uv":[2.5,7.16,2,7],"texture":"#0"},"down":{"uv":[3,7,2.5,7.16],"texture":"#0"}}},{"from":[7.78214,0.79524,7],"to":[9.73214,1.24524,7],"faces":{"north":{"uv":[1,6.5,1.97,6.72],"texture":"#0"},"east":{"uv":[0,0,0,0.22],"texture":"#0"},"south":{"uv":[6.5,1,7.47,1.22],"texture":"#0"},"west":{"uv":[0,0,0,0.22],"texture":"#0"},"up":{"uv":[0.97,0,0,0],"texture":"#0"},"down":{"uv":[0.97,0,0,0],"texture":"#0"}},"rotation":{"origin":[8,1.32025,8.05625],"axis":"z","angle":22.5,"rescale":false}},{"from":[7.78214,0.79524,9.25],"to":[9.73214,1.24524,9.25],"faces":{"north":{"uv":[6,6,6.97,6.22],"texture":"#0"},"east":{"uv":[0,0,0,0.22],"texture":"#0"},"south":{"uv":[0,6.5,0.97,6.72],"texture":"#0"},"west":{"uv":[0,0,0,0.22],"texture":"#0"},"up":{"uv":[0.97,0,0,0],"texture":"#0"},"down":{"uv":[0.97,0,0,0],"texture":"#0"}},"rotation":{"origin":[8,1.32025,8.05625],"axis":"z","angle":22.5,"rescale":false}},{"from":[7.83126,0.63899,6.675],"to":[8.68126,1.48899,7.05],"faces":{"north":{"uv":[1.5,4.5,1.94,4.94],"texture":"#0","rotation":90},"east":{"uv":[6.44,6.5,6,6.69],"texture":"#0","rotation":270},"south":{"uv":[1,5.5,1.44,5.94],"texture":"#0","rotation":270},"west":{"uv":[5.94,6.69,5.5,6.5],"texture":"#0","rotation":270},"up":{"uv":[6.5,4.5,6.69,4.94],"texture":"#0","rotation":270},"down":{"uv":[5,6.5,5.19,6.94],"texture":"#0","rotation":270}},"rotation":{"origin":[8,1.32025,8.05625],"axis":"z","angle":-45,"rescale":false}},{"from":[7.83126,0.63899,8.95],"to":[8.68126,1.48899,9.325],"faces":{"north":{"uv":[6.5,1.5,6.94,1.94],"texture":"#0","rotation":90},"east":{"uv":[1.44,7,1,7.19],"texture":"#0","rotation":270},"south":{"uv":[2,6.5,2.44,6.94],"texture":"#0","rotation":270},"west":{"uv":[0.94,7.19,0.5,7],"texture":"#0","rotation":270},"up":{"uv":[6.5,6.5,6.69,6.94],"texture":"#0","rotation":270},"down":{"uv":[0,7,0.19,7.44],"texture":"#0","rotation":270}},"rotation":{"origin":[8,1.32025,8.05625],"axis":"z","angle":-45,"rescale":false}},{"from":[7.95093,1.6279,6.725],"to":[8.30093,2.0779,7],"faces":{"north":{"uv":[8.5,5,8.72,5.19],"texture":"#0","rotation":90},"east":{"uv":[1.72,9.5,1.5,9.62],"texture":"#0","rotation":270},"south":{"uv":[5.5,8.5,5.72,8.69],"texture":"#0","rotation":270},"west":{"uv":[9.72,1.12,9.5,1],"texture":"#0","rotation":270},"up":{"uv":[9.5,7,9.62,7.19],"texture":"#0","rotation":270},"down":{"uv":[7.5,9.5,7.62,9.69],"texture":"#0","rotation":270}},"rotation":{"origin":[8,1.32025,8.05625],"axis":"z","angle":-45,"rescale":false}},{"from":[7.95093,1.6279,9],"to":[8.30093,2.0779,9.275],"faces":{"north":{"uv":[8.5,5.5,8.72,5.69],"texture":"#0","rotation":90},"east":{"uv":[2.22,9.5,2,9.62],"texture":"#0","rotation":270},"south":{"uv":[6,8.5,6.22,8.69],"texture":"#0","rotation":270},"west":{"uv":[9.72,1.62,9.5,1.5],"texture":"#0","rotation":270},"up":{"uv":[9.5,8.5,9.62,8.69],"texture":"#0","rotation":270},"down":{"uv":[9,9.5,9.12,9.69],"texture":"#0","rotation":270}},"rotation":{"origin":[8,1.32025,8.05625],"axis":"z","angle":-45,"rescale":false}},{"from":[8,-1.25,9.75],"to":[12,10.75,9.75],"faces":{"north":{"uv":[1,0,0,3],"texture":"#1"},"east":{"uv":[0,0,0,3],"texture":"#1"},"south":{"uv":[2,0,1,3],"texture":"#1"},"west":{"uv":[0,0,0,3],"texture":"#1"},"up":{"uv":[0,0,1,0],"texture":"#1"},"down":{"uv":[1,0,0,0],"texture":"#1"}}},{"from":[8.26796,1.90506,6.75],"to":[8.54296,2.25506,6.975],"faces":{"north":{"uv":[9.5,6,9.62,6.19],"texture":"#0"},"east":{"uv":[6.5,9.5,6.62,9.69],"texture":"#0"},"south":{"uv":[9.5,6.5,9.62,6.69],"texture":"#0"},"west":{"uv":[7,9.5,7.12,9.69],"texture":"#0"},"up":{"uv":[1.62,10.12,1.5,10],"texture":"#0"},"down":{"uv":[10.12,1.5,10,1.62],"texture":"#0"}},"rotation":{"origin":[8,1.32025,8.05625],"axis":"z","angle":-22.5,"rescale":false}},{"from":[8.26796,1.90506,9.025],"to":[8.54296,2.25506,9.25],"faces":{"north":{"uv":[9.5,7.5,9.62,7.69],"texture":"#0"},"east":{"uv":[8,9.5,8.12,9.69],"texture":"#0"},"south":{"uv":[9.5,8,9.62,8.19],"texture":"#0"},"west":{"uv":[8.5,9.5,8.62,9.69],"texture":"#0"},"up":{"uv":[2.12,10.12,2,10],"texture":"#0"},"down":{"uv":[10.12,2,10,2.12],"texture":"#0"}},"rotation":{"origin":[8,1.32025,8.05625],"axis":"z","angle":-22.5,"rescale":false}},{"from":[8.27396,4.4491,6.58912],"to":[8.64896,4.8741,6.93912],"faces":{"north":{"uv":[8.5,3,8.72,3.19],"texture":"#0","rotation":270},"east":{"uv":[8.72,3.69,8.5,3.5],"texture":"#0","rotation":90},"south":{"uv":[3.5,8.5,3.72,8.69],"texture":"#0","rotation":90},"west":{"uv":[4.22,8.5,4,8.69],"texture":"#0","rotation":90},"up":{"uv":[9,1.5,9.19,1.69],"texture":"#0","rotation":90},"down":{"uv":[1.5,9,1.69,9.19],"texture":"#0","rotation":90}},"rotation":{"origin":[8,5.02321,6.76412],"axis":"z","angle":45,"rescale":false}},{"from":[8.33517,4.99029,6.61412],"to":[8.63517,5.41529,6.91412],"faces":{"north":{"uv":[6,9,6.16,9.22],"texture":"#0"},"east":{"uv":[9,6,9.16,6.22],"texture":"#0"},"south":{"uv":[6.5,9,6.66,9.22],"texture":"#0"},"west":{"uv":[9,6.5,9.16,6.72],"texture":"#0"},"up":{"uv":[9.66,3.16,9.5,3],"texture":"#0"},"down":{"uv":[3.66,9.5,3.5,9.66],"texture":"#0"}},"rotation":{"origin":[8,5.02321,6.76412],"axis":"z","angle":22.5,"rescale":false}},{"from":[8.62568,5.03352,6.56412],"to":[9.05068,5.53352,6.96412],"faces":{"north":{"uv":[0,8,0.22,8.25],"texture":"#0"},"east":{"uv":[5,8,5.19,8.25],"texture":"#0"},"south":{"uv":[8,0,8.22,0.25],"texture":"#0"},"west":{"uv":[8,5,8.19,5.25],"texture":"#0"},"up":{"uv":[8.72,4.19,8.5,4],"texture":"#0"},"down":{"uv":[4.72,8.5,4.5,8.69],"texture":"#0"}},"rotation":{"origin":[8,5.02321,6.76412],"axis":"z","angle":-22.5,"rescale":false}},{"from":[8.70427,4.59126,6.68912],"to":[9.05427,5.11626,6.93912],"faces":{"north":{"uv":[5.5,8,5.75,8.19],"texture":"#0","rotation":270},"east":{"uv":[8.75,9.12,8.5,9],"texture":"#0","rotation":90},"south":{"uv":[8,5.5,8.25,5.69],"texture":"#0","rotation":90},"west":{"uv":[9.25,8.5,9,8.62],"texture":"#0","rotation":90},"up":{"uv":[4.5,9.5,4.62,9.69],"texture":"#0","rotation":90},"down":{"uv":[9.5,4,9.62,4.19],"texture":"#0","rotation":90}},"rotation":{"origin":[8,5.56524,6.81412],"axis":"z","angle":45,"rescale":false}},{"from":[8.78261,0.64487,6.85],"to":[9.18261,1.39487,7.2],"faces":{"north":{"uv":[7,7,7.19,7.38],"texture":"#0"},"east":{"uv":[0,7.5,0.19,7.88],"texture":"#0"},"south":{"uv":[7.5,0,7.69,0.38],"texture":"#0"},"west":{"uv":[0.5,7.5,0.69,7.88],"texture":"#0"},"up":{"uv":[2.69,9.19,2.5,9],"texture":"#0"},"down":{"uv":[9.19,2.5,9,2.69],"texture":"#0"}},"rotation":{"origin":[8,1.32025,8.05625],"axis":"z","angle":22.5,"rescale":false}},{"from":[8.78261,0.64487,8.8],"to":[9.18261,1.39487,9.15],"faces":{"north":{"uv":[7.5,0.5,7.69,0.88],"texture":"#0"},"east":{"uv":[1,7.5,1.19,7.88],"texture":"#0"},"south":{"uv":[7.5,1,7.69,1.38],"texture":"#0"},"west":{"uv":[1.5,7.5,1.69,7.88],"texture":"#0"},"up":{"uv":[3.19,9.19,3,9],"texture":"#0"},"down":{"uv":[9.19,3,9,3.19],"texture":"#0"}},"rotation":{"origin":[8,1.32025,8.05625],"axis":"z","angle":22.5,"rescale":false}},{"from":[8.97465,4.60566,6.53912],"to":[9.42465,5.15566,6.98912],"faces":{"north":{"uv":[7.5,3.5,7.72,3.78],"texture":"#0"},"east":{"uv":[4,7.5,4.22,7.78],"texture":"#0"},"south":{"uv":[7.5,4,7.72,4.28],"texture":"#0"},"west":{"uv":[4.5,7.5,4.72,7.78],"texture":"#0"},"up":{"uv":[2.72,8.22,2.5,8],"texture":"#0"},"down":{"uv":[8.22,2.5,8,2.72],"texture":"#0"}}},{"from":[9.12242,5.1,7.96939],"to":[9.42242,5.65,8.46939],"faces":{"north":{"uv":[7.5,8,7.66,8.28],"texture":"#0"},"east":{"uv":[5,7,5.25,7.28],"texture":"#0"},"south":{"uv":[8,7.5,8.16,7.78],"texture":"#0"},"west":{"uv":[7,5,7.25,5.28],"texture":"#0"},"up":{"uv":[0.66,9.25,0.5,9],"texture":"#0"},"down":{"uv":[9.16,0.5,9,0.75],"texture":"#0"}},"rotation":{"origin":[8,5.375,6.94696],"axis":"y","angle":45,"rescale":false}},{"from":[9.15021,5.79698,6.66412],"to":[9.67521,6.24698,6.96412],"faces":{"north":{"uv":[0.5,8,0.75,8.22],"texture":"#0"},"east":{"uv":[7.5,9,7.66,9.22],"texture":"#0"},"south":{"uv":[8,0.5,8.25,0.72],"texture":"#0"},"west":{"uv":[9,7.5,9.16,7.72],"texture":"#0"},"up":{"uv":[0.25,9.16,0,9],"texture":"#0"},"down":{"uv":[9.25,0,9,0.16],"texture":"#0"}},"rotation":{"origin":[8,5.56524,6.81412],"axis":"z","angle":-22.5,"rescale":false}},{"from":[9.22785,5.14764,6.56412],"to":[9.65285,5.62264,6.96412],"faces":{"north":{"uv":[7.5,7,7.72,7.25],"texture":"#0"},"east":{"uv":[4.5,8,4.69,8.25],"texture":"#0"},"south":{"uv":[7.5,7.5,7.72,7.75],"texture":"#0"},"west":{"uv":[8,4.5,8.19,4.75],"texture":"#0"},"up":{"uv":[8.72,2.69,8.5,2.5],"texture":"#0"},"down":{"uv":[3.22,8.5,3,8.69],"texture":"#0"}},"rotation":{"origin":[8,5.02321,6.76412],"axis":"z","angle":-22.5,"rescale":false}},{"from":[9.2426,3.85334,6.58912],"to":[9.5426,4.27834,6.93912],"faces":{"north":{"uv":[7,9,7.16,9.22],"texture":"#0"},"east":{"uv":[8.5,2,8.69,2.22],"texture":"#0"},"south":{"uv":[9,7,9.16,7.22],"texture":"#0"},"west":{"uv":[2.5,8.5,2.69,8.72],"texture":"#0"},"up":{"uv":[9.66,0.19,9.5,0],"texture":"#0"},"down":{"uv":[0.66,9.5,0.5,9.69],"texture":"#0"}},"rotation":{"origin":[8,5.02321,6.76412],"axis":"z","angle":22.5,"rescale":false}},{"from":[9.51405,-1.25,10.81524],"to":[13.51405,10.75,10.81524],"faces":{"north":{"uv":[2,6,1,9],"texture":"#1"},"east":{"uv":[0,0,0,3],"texture":"#1"},"south":{"uv":[3,6,2,9],"texture":"#1"},"west":{"uv":[0,0,0,3],"texture":"#1"},"up":{"uv":[1,0,0,0],"texture":"#1"},"down":{"uv":[1,0,0,0],"texture":"#1"}},"rotation":{"origin":[8,4.75,13.32631],"axis":"y","angle":-45,"rescale":false}},{"from":[9.7125,3.29929,9.09462],"to":[11.6375,5.99929,9.09462],"faces":{"north":{"uv":[2,3.5,2.97,4.84],"texture":"#0"},"east":{"uv":[0,0,0,1.34],"texture":"#0"},"south":{"uv":[3,3.5,3.97,4.84],"texture":"#0"},"west":{"uv":[0,0,0,1.34],"texture":"#0"},"up":{"uv":[0.97,0,0,0],"texture":"#0"},"down":{"uv":[0.97,0,0,0],"texture":"#0"}}},{"from":[9.7125,3.3,6.90538],"to":[11.6375,6,6.90538],"faces":{"north":{"uv":[4,0,4.97,1.34],"texture":"#0"},"east":{"uv":[0,0,0,1.34],"texture":"#0"},"south":{"uv":[4,1.5,4.97,2.84],"texture":"#0"},"west":{"uv":[0,0,0,1.34],"texture":"#0"},"up":{"uv":[0.97,0,0,0],"texture":"#0"},"down":{"uv":[0.97,0,0,0],"texture":"#0"}}},{"from":[9.7125,4.83008,9.72811],"to":[11.6375,5.53008,9.72811],"faces":{"north":{"uv":[5.5,4.5,6.47,4.84],"texture":"#0"},"east":{"uv":[0,0,0,0.34],"texture":"#0"},"south":{"uv":[0,6,0.97,6.34],"texture":"#0"},"west":{"uv":[0,0,0,0.34],"texture":"#0"},"up":{"uv":[0.97,0,0,0],"texture":"#0"},"down":{"uv":[0.97,0,0,0],"texture":"#0"}},"rotation":{"origin":[10.675,4.65,8],"axis":"x","angle":-45,"rescale":false}},{"from":[9.7125,4.83058,6.27139],"to":[11.6375,5.53058,6.27139],"faces":{"north":{"uv":[1,6,1.97,6.34],"texture":"#0"},"east":{"uv":[0,0,0,0.34],"texture":"#0"},"south":{"uv":[2,6,2.97,6.34],"texture":"#0"},"west":{"uv":[0,0,0,0.34],"texture":"#0"},"up":{"uv":[0.97,0,0,0],"texture":"#0"},"down":{"uv":[0.97,0,0,0],"texture":"#0"}},"rotation":{"origin":[10.675,4.65,8],"axis":"x","angle":45,"rescale":false}},{"from":[9.7125,6.49397,7.40035],"to":[11.6375,6.49397,8.60035],"faces":{"north":{"uv":[0,0,0.97,0],"texture":"#0"},"east":{"uv":[0,0,0.59,0],"texture":"#0"},"south":{"uv":[0,0,0.97,0],"texture":"#0"},"west":{"uv":[0,0,0.59,0],"texture":"#0"},"up":{"uv":[4.97,5.59,4,5],"texture":"#0"},"down":{"uv":[5.97,5,5,5.59],"texture":"#0"}}},{"from":[9.73214,0.79524,7],"to":[9.73214,1.24524,9.25],"faces":{"north":{"uv":[0,0,0,0.22],"texture":"#0"},"east":{"uv":[3,6,4.12,6.22],"texture":"#0"},"south":{"uv":[0,0,0,0.22],"texture":"#0"},"west":{"uv":[4.5,6,5.62,6.22],"texture":"#0"},"up":{"uv":[0,1.12,0,0],"texture":"#0"},"down":{"uv":[0,0,0,1.12],"texture":"#0"}},"rotation":{"origin":[8,1.32025,8.05625],"axis":"z","angle":22.5,"rescale":false}},{"from":[9.75,5.05,7],"to":[10.1,5.7,7.75],"faces":{"north":{"uv":[7.5,5,7.69,5.31],"texture":"#0"},"east":{"uv":[6.5,4,6.88,4.31],"texture":"#0"},"south":{"uv":[5.5,7.5,5.69,7.81],"texture":"#0"},"west":{"uv":[4.5,6.5,4.88,6.81],"texture":"#0"},"up":{"uv":[5.69,7.38,5.5,7],"texture":"#0"},"down":{"uv":[7.19,5.5,7,5.88],"texture":"#0"}}},{"from":[9.775,5.35178,7.37374],"to":[10.075,5.82678,7.94874],"faces":{"north":{"uv":[8.5,8,8.66,8.25],"texture":"#0"},"east":{"uv":[4.5,7,4.78,7.25],"texture":"#0"},"south":{"uv":[8.5,8.5,8.66,8.75],"texture":"#0"},"west":{"uv":[7,4.5,7.28,4.75],"texture":"#0"},"up":{"uv":[7.16,8.28,7,8],"texture":"#0"},"down":{"uv":[8.16,7,8,7.28],"texture":"#0"}},"rotation":{"origin":[8,5.33421,7.34848],"axis":"x","angle":45,"rescale":false}},{"from":[9.80112,0.04845,7],"to":[9.80112,1.49845,9.25],"faces":{"north":{"uv":[0,0,0,0.72],"texture":"#0"},"east":{"uv":[0,4.5,1.12,5.22],"texture":"#0"},"south":{"uv":[0,0,0,0.72],"texture":"#0"},"west":{"uv":[5,0,6.12,0.72],"texture":"#0"},"up":{"uv":[0,1.12,0,0],"texture":"#0"},"down":{"uv":[0,0,0,1.12],"texture":"#0"}}},{"from":[10.65108,-1.25,10.03538],"to":[14.65108,10.75,10.03538],"faces":{"north":{"uv":[5,0,4,3],"texture":"#1"},"east":{"uv":[0,0,0,3],"texture":"#1"},"south":{"uv":[5,3,4,6],"texture":"#1"},"west":{"uv":[0,0,0,3],"texture":"#1"},"up":{"uv":[1,0,0,0],"texture":"#1"},"down":{"uv":[1,0,0,0],"texture":"#1"}},"rotation":{"origin":[8,4.75,13.32631],"axis":"y","angle":-22.5,"rescale":false}},{"from":[10.89933,-1.25,13.76418],"to":[10.89933,10.75,17.76418],"faces":{"north":{"uv":[0,0,0,3],"texture":"#1"},"east":{"uv":[6,6,5,9],"texture":"#1"},"south":{"uv":[0,0,0,3],"texture":"#1"},"west":{"uv":[5,6,4,9],"texture":"#1"},"up":{"uv":[0,1,0,0],"texture":"#1"},"down":{"uv":[0,0,0,1],"texture":"#1"}},"rotation":{"origin":[8,4.75,13.32631],"axis":"y","angle":22.5,"rescale":false}},{"from":[11.12802,-1.25,1.14062],"to":[11.12802,10.75,5.14062],"faces":{"north":{"uv":[0,0,0,3],"texture":"#1"},"east":{"uv":[2,3,1,6],"texture":"#1"},"south":{"uv":[0,0,0,3],"texture":"#1"},"west":{"uv":[4,0,3,3],"texture":"#1"},"up":{"uv":[1,0,0,0],"texture":"#1","rotation":270},"down":{"uv":[1,0,0,0],"texture":"#1","rotation":90}},"rotation":{"origin":[8,4.75,13.32631],"axis":"y","angle":-45,"rescale":false}},{"from":[12,-1.25,9.75],"to":[16,10.75,9.75],"faces":{"north":{"uv":[3,0,2,3],"texture":"#1"},"east":{"uv":[0,0,0,3],"texture":"#1"},"south":{"uv":[1,3,0,6],"texture":"#1"},"west":{"uv":[0,0,0,3],"texture":"#1"},"up":{"uv":[1,0,0,0],"texture":"#1"},"down":{"uv":[1,0,0,0],"texture":"#1"}}},{"from":[12.37693,-1.25,16.31684],"to":[12.37693,10.75,20.31684],"faces":{"north":{"uv":[0,0,0,3],"texture":"#1"},"east":{"uv":[8,0,7,3],"texture":"#1"},"south":{"uv":[0,0,0,3],"texture":"#1"},"west":{"uv":[7,6,6,9],"texture":"#1"},"up":{"uv":[0,0,0,1],"texture":"#1"},"down":{"uv":[0,0,0,1],"texture":"#1"}}},{"from":[13.51405,-1.25,10.81525],"to":[17.51405,10.75,10.81525],"faces":{"north":{"uv":[1,6,0,9],"texture":"#1"},"east":{"uv":[0,0,0,3],"texture":"#1"},"south":{"uv":[7,0,6,3],"texture":"#1"},"west":{"uv":[0,0,0,3],"texture":"#1"},"up":{"uv":[1,0,0,0],"texture":"#1"},"down":{"uv":[1,0,0,0],"texture":"#1"}},"rotation":{"origin":[8,4.75,13.32631],"axis":"y","angle":-45,"rescale":false}},{"from":[15.4038,-1.25,12.83107],"to":[19.4038,10.75,12.83107],"faces":{"north":{"uv":[3,3,2,6],"texture":"#1"},"east":{"uv":[0,0,0,3],"texture":"#1"},"south":{"uv":[4,3,3,6],"texture":"#1"},"west":{"uv":[0,0,0,3],"texture":"#1"},"up":{"uv":[1,0,0,0],"texture":"#1"},"down":{"uv":[1,0,0,0],"texture":"#1"}}}],"display":{"thirdperson_righthand":{"rotation":[36.5,0,0],"translation":[0,3.75,1.5],"scale":[0.73,0.73,0.73]},"thirdperson_lefthand":{"rotation":[66.5,0,0],"translation":[-6,1,16.25],"scale":[2.4,2.35703,2.49961]},"firstperson_righthand":{"rotation":[0,160,0],"translation":[-2.75,7.5,0],"scale":[0.94,0.94,0.94]},"firstperson_lefthand":{"scale":[0,0,0]},"ground":{"rotation":[45,0,0],"translation":[0,3,0],"scale":[0.47,0.47,0.47]},"gui":{"rotation":[8,164,0],"translation":[0,5.75,0],"scale":[1.59,1.59,1.59]},"head":{"translation":[0,-45.75,0],"scale":[4,4,4]},"fixed":{"translation":[0,13.75,-10.75],"scale":[2.32,2.32,2.32]}},"gui_light":"front","mcmodels":"a1b7011007843a3af4c4b6687f4247a8"}