{"textures":{"0":"modelengine:entity/lostasset_mob5_crystalsc"},"elements":[{"from":[-2.7519999,1.8730683,-6.261631],"to":[18.751999,18.001068,22.410368],"faces":{"east":{"uv":[0.0,2.5,2.5,4.0],"tintindex":-2,"rotation":0,"texture":"#0"},"south":{"uv":[5.25,3.25,7.25,4.75],"tintindex":-2,"rotation":0,"texture":"#0"},"north":{"uv":[5.0,1.75,7.0,3.25],"tintindex":-2,"rotation":0,"texture":"#0"},"west":{"uv":[2.5,2.5,5.0,4.0],"tintindex":-2,"rotation":0,"texture":"#0"},"up":{"uv":[2.0,2.5,0.0,0.0],"tintindex":-2,"rotation":0,"texture":"#0"},"down":{"uv":[4.0,0.0,2.0,2.5],"tintindex":-2,"rotation":0,"texture":"#0"}}}],"display":{"gui":{"rotation":[30,225,0]}}}