{"textures":{"0":"modelengine:entity/lostasset_mob5_crystalsc"},"elements":[{"from":[2.6504598,-4.488756,6.422298],"to":[5.56246,5.591244,9.334298],"faces":{"east":{"uv":[6.25,11.0,6.75,12.75],"tintindex":-2,"rotation":0,"texture":"#0"},"south":{"uv":[6.75,11.0,7.25,12.75],"tintindex":-2,"rotation":0,"texture":"#0"},"north":{"uv":[2.0,9.75,2.5,11.5],"tintindex":-2,"rotation":0,"texture":"#0"},"west":{"uv":[10.25,11.0,10.75,12.75],"tintindex":-2,"rotation":0,"texture":"#0"},"up":{"uv":[8.5,4.75,8.0,4.25],"tintindex":-2,"rotation":0,"texture":"#0"},"down":{"uv":[10.75,1.75,10.25,2.25],"tintindex":-2,"rotation":0,"texture":"#0"}},"rotation":{"origin":[11.36,10.8,5.76],"angle":-22.5,"axis":"z"}},{"from":[10.43754,-4.488756,6.422298],"to":[13.349541,5.591244,9.334298],"faces":{"east":{"uv":[7.75,11.75,8.25,13.5],"tintindex":-2,"rotation":0,"texture":"#0"},"south":{"uv":[8.25,11.75,8.75,13.5],"tintindex":-2,"rotation":0,"texture":"#0"},"north":{"uv":[7.25,11.75,7.75,13.5],"tintindex":-2,"rotation":0,"texture":"#0"},"west":{"uv":[8.75,11.75,9.25,13.5],"tintindex":-2,"rotation":0,"texture":"#0"},"up":{"uv":[13.75,11.25,13.25,10.75],"tintindex":-2,"rotation":0,"texture":"#0"},"down":{"uv":[13.75,11.25,13.25,11.75],"tintindex":-2,"rotation":0,"texture":"#0"}},"rotation":{"origin":[4.6400003,10.8,5.76],"angle":22.5,"axis":"z"}}],"display":{"gui":{"rotation":[30,225,0]}}}