{"textures":{"0":"modelengine:entity/lostasset_mob5_crystalsc"},"elements":[{"from":[1.5304599,-4.488756,6.5622983],"to":[4.44246,5.591244,9.4742985],"faces":{"east":{"uv":[0.0,11.5,0.5,13.25],"tintindex":-2,"rotation":0,"texture":"#0"},"south":{"uv":[0.5,11.5,1.0,13.25],"tintindex":-2,"rotation":0,"texture":"#0"},"north":{"uv":[11.25,11.0,11.75,12.75],"tintindex":-2,"rotation":0,"texture":"#0"},"west":{"uv":[2.0,11.5,2.5,13.25],"tintindex":-2,"rotation":0,"texture":"#0"},"up":{"uv":[11.75,5.0,11.25,4.5],"tintindex":-2,"rotation":0,"texture":"#0"},"down":{"uv":[11.75,6.75,11.25,7.25],"tintindex":-2,"rotation":0,"texture":"#0"}},"rotation":{"origin":[10.24,10.8,5.9],"angle":-22.5,"axis":"z"}},{"from":[11.55754,-4.488756,6.5622983],"to":[14.46954,5.591244,9.4742985],"faces":{"east":{"uv":[11.75,5.25,12.25,7.0],"tintindex":-2,"rotation":0,"texture":"#0"},"south":{"uv":[5.5,11.75,6.0,13.5],"tintindex":-2,"rotation":0,"texture":"#0"},"north":{"uv":[5.0,11.75,5.5,13.5],"tintindex":-2,"rotation":0,"texture":"#0"},"west":{"uv":[11.75,7.0,12.25,8.75],"tintindex":-2,"rotation":0,"texture":"#0"},"up":{"uv":[13.75,10.25,13.25,9.75],"tintindex":-2,"rotation":0,"texture":"#0"},"down":{"uv":[13.75,10.25,13.25,10.75],"tintindex":-2,"rotation":0,"texture":"#0"}},"rotation":{"origin":[5.76,10.8,5.9],"angle":22.5,"axis":"z"}}],"display":{"gui":{"rotation":[30,225,0]}}}