{"textures":{"0":"modelengine:entity/lostasset_mob5_crystalsc"},"elements":[{"from":[9.73754,-4.488756,6.0022984],"to":[12.64954,5.591244,8.914298],"faces":{"east":{"uv":[4.5,11.5,5.0,13.25],"tintindex":-2,"rotation":0,"texture":"#0"},"south":{"uv":[11.75,0.0,12.25,1.75],"tintindex":-2,"rotation":0,"texture":"#0"},"north":{"uv":[4.0,11.5,4.5,13.25],"tintindex":-2,"rotation":0,"texture":"#0"},"west":{"uv":[11.75,3.5,12.25,5.25],"tintindex":-2,"rotation":0,"texture":"#0"},"up":{"uv":[9.75,13.75,9.25,13.25],"tintindex":-2,"rotation":0,"texture":"#0"},"down":{"uv":[13.75,9.25,13.25,9.75],"tintindex":-2,"rotation":0,"texture":"#0"}},"rotation":{"origin":[3.94,10.8,5.34],"angle":22.5,"axis":"z"}},{"from":[3.0704603,-4.488756,6.0022984],"to":[5.98246,5.591244,8.914298],"faces":{"east":{"uv":[2.5,11.25,3.0,13.0],"tintindex":-2,"rotation":0,"texture":"#0"},"south":{"uv":[3.0,11.25,3.5,13.0],"tintindex":-2,"rotation":0,"texture":"#0"},"north":{"uv":[10.75,11.0,11.25,12.75],"tintindex":-2,"rotation":0,"texture":"#0"},"west":{"uv":[3.5,11.25,4.0,13.0],"tintindex":-2,"rotation":0,"texture":"#0"},"up":{"uv":[10.75,6.25,10.25,5.75],"tintindex":-2,"rotation":0,"texture":"#0"},"down":{"uv":[11.25,6.75,10.75,7.25],"tintindex":-2,"rotation":0,"texture":"#0"}},"rotation":{"origin":[11.78,10.8,5.34],"angle":-22.5,"axis":"z"}}],"display":{"gui":{"rotation":[30,225,0]}}}