{"elements":[{"from":[0.34023952,4.9883037,3.262928],"to":[9.55624,9.084304,8.382928],"rotation":{"angle":-45.0,"axis":"y","origin":[3.1999998,17.6,12.8]},"faces":{"east":{"uv":[12.5,1.75,13.25,2.5],"rotation":0,"texture":"#0","tintindex":0},"south":{"uv":[9.75,4.25,11.25,5.0],"rotation":0,"texture":"#0","tintindex":0},"north":{"uv":[9.75,3.5,11.25,4.25],"rotation":0,"texture":"#0","tintindex":0},"west":{"uv":[12.5,8.5,13.25,9.25],"rotation":0,"texture":"#0","tintindex":0},"up":{"uv":[11.75,1.75,10.25,1.0],"rotation":0,"texture":"#0","tintindex":0},"down":{"uv":[6.5,10.25,5.0,11.0],"rotation":0,"texture":"#0","tintindex":0}}}],"textures":{"0":"modelengine:entity/lostasset_mob5_crystalsc"},"display":{"head":{"translation":[0.0,-6.4,0.0],"scale":[4.0,4.0,4.0]}}}