{"elements":[{"from":[15.54512,5.0753756,14.704801],"to":[18.745121,10.115376,18.5448],"rotation":{"angle":45.0,"axis":"y","origin":[-6.4000015,20.8,27.2]},"faces":{"east":{"uv":[13.0,7.75,13.5,8.5],"rotation":0,"texture":"#0","tintindex":0},"south":{"uv":[12.5,13.0,13.0,13.75],"rotation":0,"texture":"#0","tintindex":0},"north":{"uv":[13.0,7.0,13.5,7.75],"rotation":0,"texture":"#0","tintindex":0},"west":{"uv":[13.0,13.0,13.5,13.75],"rotation":0,"texture":"#0","tintindex":0},"up":{"uv":[13.75,12.25,13.25,11.75],"rotation":0,"texture":"#0","tintindex":0},"down":{"uv":[13.75,12.25,13.25,12.75],"rotation":0,"texture":"#0","tintindex":0}}},{"from":[15.54512,4.0753756,18.5448],"to":[19.38512,11.115376,24.944801],"rotation":{"angle":45.0,"axis":"y","origin":[-6.4000015,20.8,27.2]},"faces":{"east":{"uv":[7.25,10.75,8.25,11.75],"rotation":0,"texture":"#0","tintindex":0},"south":{"uv":[11.0,12.75,11.5,13.75],"rotation":0,"texture":"#0","tintindex":0},"north":{"uv":[10.5,12.75,11.0,13.75],"rotation":0,"texture":"#0","tintindex":0},"west":{"uv":[8.25,10.75,9.25,11.75],"rotation":0,"texture":"#0","tintindex":0},"up":{"uv":[12.0,13.75,11.5,12.75],"rotation":0,"texture":"#0","tintindex":0},"down":{"uv":[12.5,12.75,12.0,13.75],"rotation":0,"texture":"#0","tintindex":0}}}],"textures":{"0":"modelengine:entity/lostasset_mob5_crystalsc"},"display":{"head":{"translation":[0.0,-6.4,0.0],"scale":[4.0,4.0,4.0]}}}