{"elements":[{"from":[4.928,8.670624,13.866192],"to":[11.0720005,19.934624,18.474194],"rotation":{"angle":-22.5,"axis":"x","origin":[8.0,15.04,-4.160001]},"faces":{"east":{"uv":[6.5,9.25,7.25,11.0],"rotation":0,"texture":"#0","tintindex":0},"south":{"uv":[8.25,6.25,9.25,8.0],"rotation":0,"texture":"#0","tintindex":0},"north":{"uv":[7.25,8.0,8.25,9.75],"rotation":0,"texture":"#0","tintindex":0},"west":{"uv":[2.5,9.5,3.25,11.25],"rotation":0,"texture":"#0","tintindex":0},"up":{"uv":[5.0,2.5,4.0,1.75],"rotation":0,"texture":"#0","tintindex":0},"down":{"uv":[10.25,11.75,9.25,12.5],"rotation":0,"texture":"#0","tintindex":0}}},{"from":[4.0959997,15.6390085,11.5906725],"to":[11.904,26.90301,16.710672],"rotation":{"angle":22.5,"axis":"x","origin":[8.0,15.04,-4.160001]},"faces":{"east":{"uv":[3.25,9.5,4.0,11.25],"rotation":0,"texture":"#0","tintindex":0},"south":{"uv":[0.0,7.25,1.25,9.0],"rotation":0,"texture":"#0","tintindex":0},"north":{"uv":[7.0,6.25,8.25,8.0],"rotation":0,"texture":"#0","tintindex":0},"west":{"uv":[9.5,7.25,10.25,9.0],"rotation":0,"texture":"#0","tintindex":0},"up":{"uv":[12.0,3.5,10.75,2.75],"rotation":0,"texture":"#0","tintindex":0},"down":{"uv":[6.25,11.0,5.0,11.75],"rotation":0,"texture":"#0","tintindex":0}}},{"from":[2.8799996,1.2839036,2.840304],"to":[13.120001,8.963904,11.032304],"rotation":{"angle":-22.5,"axis":"x","origin":[8.0,17.6,-1.6000004]},"faces":{"east":{"uv":[8.25,8.0,9.5,9.25],"rotation":0,"texture":"#0","tintindex":0},"south":{"uv":[7.5,0.0,9.0,1.25],"rotation":0,"texture":"#0","tintindex":0},"north":{"uv":[7.25,3.0,8.75,4.25],"rotation":0,"texture":"#0","tintindex":0},"west":{"uv":[1.25,8.5,2.5,9.75],"rotation":0,"texture":"#0","tintindex":0},"up":{"uv":[5.75,9.0,4.25,7.75],"rotation":0,"texture":"#0","tintindex":0},"down":{"uv":[7.25,8.0,5.75,9.25],"rotation":0,"texture":"#0","tintindex":0}}}],"textures":{"0":"modelengine:entity/lostasset_mob5_crystalsc"},"display":{"head":{"translation":[0.0,-6.4,0.0],"scale":[4.0,4.0,4.0]}}}