{"textures​":{"layer0":"minecraft:item/exposed_copper"},"\u0074\u0065\u0078\u0074\u0075\u0072\u0065\u0073":{"0":"\u006d\u006f\u0064\u0065\u006c\u0065\u006e\u0067\u0069\u006e\u0065:\u0065\u006e\u0074\u0069\u0074\u0079/\u0065\u006e\u0064\u0065\u0072_\u0072\u0069\u0070\u0070\u0065\u0072","\u0070\u0061\u0072\u0074\u0069\u0063\u006c\u0065":"#0"},"elements":[{"from":[2.125,-9.166666,7.25],"to":[8.125,-0.66666603,7.25],"faces":{"south":{"uv":[1.5,0.0,0.0,2.125],"tintindex":0,"rotation":0,"texture":"#0"},"north":{"uv":[0.0,0.0,1.5,2.125],"tintindex":0,"rotation":0,"texture":"#0"}}},{"from":[6.625,-3.666666,6.75],"to":[8.125,8.333334,9.25],"faces":{"east":{"uv":[0.75,6.0,1.375,9.0],"tintindex":0,"rotation":0,"texture":"#0"},"south":{"uv":[6.75,0.0,7.125,3.0],"tintindex":0,"rotation":0,"texture":"#0"},"north":{"uv":[6.75,0.0,7.125,3.0],"tintindex":0,"rotation":0,"texture":"#0"},"west":{"uv":[0.75,6.0,1.375,9.0],"tintindex":0,"rotation":0,"texture":"#0"},"up":{"uv":[5.125,3.625,4.75,3.0],"tintindex":0,"rotation":0,"texture":"#0"},"down":{"uv":[5.125,3.75,4.75,4.375],"tintindex":0,"rotation":0,"texture":"#0"}}},{"from":[2.125,-9.166666,8.75],"to":[8.125,-0.66666603,8.75],"faces":{"south":{"uv":[1.5,0.0,0.0,2.125],"tintindex":0,"rotation":0,"texture":"#0"},"north":{"uv":[0.0,0.0,1.5,2.125],"tintindex":0,"rotation":0,"texture":"#0"}}}],"display":{"head":{"rotation":[0.0,0.0,0.0]},"firstperson_righthand":{"rotation":[0.0,0.0,0.0]},"thirdperson_lefthand":{"rotation":[0.0,0.0,0.0]},"firstperson_lefthand":{"rotation":[0.0,0.0,0.0]},"fixed":{"rotation":[0.0,0.0,0.0]},"ground":{"rotation":[0.0,0.0,0.0]},"thirdperson_righthand":{"rotation":[0.0,0.0,0.0]},"gui":{"rotation":[-150.0,-45.0,180.0]}},"gui_light":"front"}