{"model":{"type":"range_dispatch","property":"custom_model_data","index":0,"fallback":{"on_true":{"type":"model","model":"item/elytra_broken"},"type":"condition","on_false":{"type":"model","model":"item/elytra"},"property":"broken"},"entries":[{"threshold":10000,"model":{"on_true":{"type":"model","model":"item/elytra_broken"},"type":"model","on_false":{"type":"model","model":"item/elytra"},"property":"broken","model":"sweetheartset:wings"}},{"threshold":10003,"model":{"on_true":{"type":"model","model":"item/elytra_broken"},"type":"model","on_false":{"type":"model","model":"item/elytra"},"property":"broken","model":"thunderboltset:wings"}},{"threshold":10004,"model":{"on_true":{"type":"model","model":"item/elytra_broken"},"type":"model","on_false":{"type":"model","model":"item/elytra"},"property":"broken","model":"item/elytra"}}]}}