{"model":{"type":"range_dispatch","property":"custom_model_data","index":0,"fallback":{"property":"trim_material","cases":[{"model":{"type":"model","model":"item/netherite_chestplate_quartz_trim"},"when":"quartz"},{"model":{"type":"model","model":"item/netherite_chestplate_iron_trim"},"when":"iron"},{"model":{"type":"model","model":"item/netherite_chestplate_netherite_trim"},"when":"netherite"},{"model":{"type":"model","model":"item/netherite_chestplate_redstone_trim"},"when":"redstone"},{"model":{"type":"model","model":"item/netherite_chestplate_copper_trim"},"when":"copper"},{"model":{"type":"model","model":"item/netherite_chestplate_gold_trim"},"when":"gold"},{"model":{"type":"model","model":"item/netherite_chestplate_emerald_trim"},"when":"emerald"},{"model":{"type":"model","model":"item/netherite_chestplate_diamond_trim"},"when":"diamond"},{"model":{"type":"model","model":"item/netherite_chestplate_lapis_trim"},"when":"lapis"},{"model":{"type":"model","model":"item/netherite_chestplate_amethyst_trim"},"when":"amethyst"},{"model":{"type":"model","model":"item/netherite_chestplate_resin_trim"},"when":"resin"}],"fallback":{"type":"model","model":"item/netherite_chestplate"},"type":"select"},"entries":[{"threshold":10001,"model":{"property":"trim_material","cases":[{"model":{"type":"model","model":"item/netherite_chestplate_quartz_trim"},"when":"quartz"},{"model":{"type":"model","model":"item/netherite_chestplate_iron_trim"},"when":"iron"},{"model":{"type":"model","model":"item/netherite_chestplate_netherite_trim"},"when":"netherite"},{"model":{"type":"model","model":"item/netherite_chestplate_redstone_trim"},"when":"redstone"},{"model":{"type":"model","model":"item/netherite_chestplate_copper_trim"},"when":"copper"},{"model":{"type":"model","model":"item/netherite_chestplate_gold_trim"},"when":"gold"},{"model":{"type":"model","model":"item/netherite_chestplate_emerald_trim"},"when":"emerald"},{"model":{"type":"model","model":"item/netherite_chestplate_diamond_trim"},"when":"diamond"},{"model":{"type":"model","model":"item/netherite_chestplate_lapis_trim"},"when":"lapis"},{"model":{"type":"model","model":"item/netherite_chestplate_amethyst_trim"},"when":"amethyst"},{"model":{"type":"model","model":"item/netherite_chestplate_resin_trim"},"when":"resin"}],"fallback":{"type":"model","model":"item/netherite_chestplate"},"type":"model","model":"plny_spectral_corsair:ia_auto_gen/plny_spectral_corsairchestplate"}},{"threshold":10002,"model":{"property":"trim_material","cases":[{"model":{"type":"model","model":"item/netherite_chestplate_quartz_trim"},"when":"quartz"},{"model":{"type":"model","model":"item/netherite_chestplate_iron_trim"},"when":"iron"},{"model":{"type":"model","model":"item/netherite_chestplate_netherite_trim"},"when":"netherite"},{"model":{"type":"model","model":"item/netherite_chestplate_redstone_trim"},"when":"redstone"},{"model":{"type":"model","model":"item/netherite_chestplate_copper_trim"},"when":"copper"},{"model":{"type":"model","model":"item/netherite_chestplate_gold_trim"},"when":"gold"},{"model":{"type":"model","model":"item/netherite_chestplate_emerald_trim"},"when":"emerald"},{"model":{"type":"model","model":"item/netherite_chestplate_diamond_trim"},"when":"diamond"},{"model":{"type":"model","model":"item/netherite_chestplate_lapis_trim"},"when":"lapis"},{"model":{"type":"model","model":"item/netherite_chestplate_amethyst_trim"},"when":"amethyst"},{"model":{"type":"model","model":"item/netherite_chestplate_resin_trim"},"when":"resin"}],"fallback":{"type":"model","model":"item/netherite_chestplate"},"type":"model","model":"item/netherite_chestplate"}}]}}