{"model":{"type":"range_dispatch","property":"custom_model_data","index":0,"fallback":{"base":"item/template_skull","model":{"type":"head","kind":"player"},"type":"special"},"entries":[{"threshold":1,"model":{"type":"special","base":"custom/entities/player/head","model":{"type":"head","kind":"player"}}},{"threshold":2,"model":{"type":"special","base":"custom/entities/player/right_arm","model":{"type":"head","kind":"player"}}},{"threshold":3,"model":{"type":"special","base":"custom/entities/player/left_arm","model":{"type":"head","kind":"player"}}},{"threshold":4,"model":{"type":"special","base":"custom/entities/player/torso","model":{"type":"head","kind":"player"}}},{"threshold":5,"model":{"type":"special","base":"custom/entities/player/right_leg","model":{"type":"head","kind":"player"}}},{"threshold":6,"model":{"type":"special","base":"custom/entities/player/left_leg","model":{"type":"head","kind":"player"}}},{"threshold":7,"model":{"type":"special","base":"custom/entities/player/slim_right","model":{"type":"head","kind":"player"}}},{"threshold":8,"model":{"type":"special","base":"custom/entities/player/slim_left","model":{"type":"head","kind":"player"}}},{"threshold":10000,"model":{"type":"special","base":"_iainternal:entity/player/phead_0","model":{"type":"head","kind":"player"}}},{"threshold":10001,"model":{"type":"special","base":"_iainternal:entity/player/parm_left_3","model":{"type":"head","kind":"player"}}},{"threshold":10002,"model":{"type":"special","base":"_iainternal:entity/player/pbody_2","model":{"type":"head","kind":"player"}}},{"threshold":10003,"model":{"type":"special","base":"_iainternal:entity/player/pleg_left_1","model":{"type":"head","kind":"player"}}},{"threshold":10004,"model":{"type":"special","base":"_iainternal:entity/player/pleg_right_5","model":{"type":"head","kind":"player"}}},{"threshold":10005,"model":{"type":"special","base":"_iainternal:entity/player/parm_right_4","model":{"type":"head","kind":"player"}}},{"threshold":10006,"model":{"type":"special","base":"item/player_head","model":{"type":"head","kind":"player"}}}]}}