{"textures​":{"layer0":"minecraft:item/ladder"},"\u0074\u0065\u0078\u0074\u0075\u0072\u0065\u0073":{"0":"\u006d\u006f\u0064\u0065\u006c\u0065\u006e\u0067\u0069\u006e\u0065:\u0065\u006e\u0074\u0069\u0074\u0079/\u0076\u006f\u0069\u0064\u0064\u0072\u0061\u0067\u006f\u006e","\u0070\u0061\u0072\u0074\u0069\u0063\u006c\u0065":"#0"},"elements":[{"from":[7.548267,10.069628,11.990961],"to":[8.451734,12.55416,18.541094],"faces":{"east":{"uv":[8.03125,1.875,8.484375,2.046875],"tintindex":0,"rotation":0,"texture":"#0"},"south":{"uv":[4.125,8.875,4.1875,9.046875],"tintindex":0,"rotation":0,"texture":"#0"},"north":{"uv":[0.9375,8.875,1.0,9.046875],"tintindex":0,"rotation":0,"texture":"#0"},"west":{"uv":[8.03125,5.53125,8.484375,5.703125],"tintindex":0,"rotation":0,"texture":"#0"},"up":{"uv":[7.3125,8.859375,7.25,8.40625],"tintindex":0,"rotation":0,"texture":"#0"},"down":{"uv":[4.25,8.4375,4.1875,8.890625],"tintindex":0,"rotation":0,"texture":"#0"}}},{"from":[4.837867,8.714427,18.08936],"to":[11.162134,8.714427,25.542961],"faces":{"up":{"uv":[7.1875,4.390625,6.75,3.875],"tintindex":0,"rotation":0,"texture":"#0"},"down":{"uv":[7.1875,3.875,6.75,4.390625],"tintindex":0,"rotation":0,"texture":"#0"}}},{"from":[6.6448,7.8109603,18.08936],"to":[9.3552,9.8437605,24.187761],"faces":{"east":{"uv":[7.875,8.125,8.296875,8.265625],"tintindex":0,"rotation":0,"texture":"#0"},"south":{"uv":[5.875,8.71875,6.0625,8.859375],"tintindex":0,"rotation":0,"texture":"#0"},"north":{"uv":[8.6875,1.53125,8.875,1.671875],"tintindex":0,"rotation":0,"texture":"#0"},"west":{"uv":[8.15625,0.1875,8.578125,0.328125],"tintindex":0,"rotation":0,"texture":"#0"},"up":{"uv":[6.9375,8.328125,6.75,7.90625],"tintindex":0,"rotation":0,"texture":"#0"},"down":{"uv":[7.875,7.90625,7.6875,8.328125],"tintindex":0,"rotation":0,"texture":"#0"}}},{"from":[6.5625935,5.9218197,7.0105996],"to":[9.437407,8.796634,12.90572],"faces":{"east":{"uv":[7.8125,2.71875,8.21875,2.921875],"tintindex":0,"rotation":0,"texture":"#0"},"south":{"uv":[1.25,8.4375,1.453125,8.640625],"tintindex":0,"rotation":0,"texture":"#0"},"north":{"uv":[1.03125,8.4375,1.234375,8.640625],"tintindex":0,"rotation":0,"texture":"#0"},"west":{"uv":[7.8125,2.9375,8.21875,3.140625],"tintindex":0,"rotation":0,"texture":"#0"},"up":{"uv":[7.671875,8.25,7.46875,7.84375],"tintindex":0,"rotation":0,"texture":"#0"},"down":{"uv":[8.109375,4.34375,7.90625,4.75],"tintindex":0,"rotation":0,"texture":"#0"}},"rotation":{"origin":[8.0,7.3592267,9.95816],"angle":45.0,"axis":"z"}},{"from":[6.4189334,7.585093,11.990961],"to":[9.581067,10.069628,18.541094],"faces":{"east":{"uv":[7.8125,2.375,8.265625,2.546875],"tintindex":0,"rotation":0,"texture":"#0"},"south":{"uv":[3.0625,8.53125,3.28125,8.703125],"tintindex":0,"rotation":0,"texture":"#0"},"north":{"uv":[8.53125,2.84375,8.75,3.015625],"tintindex":0,"rotation":0,"texture":"#0"},"west":{"uv":[8.03125,1.03125,8.484375,1.203125],"tintindex":0,"rotation":0,"texture":"#0"},"up":{"uv":[7.25,7.984375,7.03125,7.53125],"tintindex":0,"rotation":0,"texture":"#0"},"down":{"uv":[7.46875,7.53125,7.25,7.984375],"tintindex":0,"rotation":0,"texture":"#0"}}},{"from":[7.041729,6.852689,18.078068],"to":[8.958271,8.769231,24.199053],"faces":{"east":{"uv":[8.15625,3.6875,8.578125,3.8125],"tintindex":0,"rotation":0,"texture":"#0"},"south":{"uv":[8.875,1.53125,9.0,1.65625],"tintindex":0,"rotation":0,"texture":"#0"},"north":{"uv":[8.875,1.03125,9.0,1.15625],"tintindex":0,"rotation":0,"texture":"#0"},"west":{"uv":[8.25,1.5625,8.671875,1.6875],"tintindex":0,"rotation":0,"texture":"#0"},"up":{"uv":[4.375,8.671875,4.25,8.25],"tintindex":0,"rotation":0,"texture":"#0"},"down":{"uv":[4.5,8.25,4.375,8.671875],"tintindex":0,"rotation":0,"texture":"#0"}},"rotation":{"origin":[8.0,7.8109603,21.138561],"angle":45.0,"axis":"z"}},{"from":[5.9672,7.3592267,7.021894],"to":[10.032801,10.295493,12.894427],"faces":{"east":{"uv":[7.71875,6.25,8.125,6.453125],"tintindex":0,"rotation":0,"texture":"#0"},"south":{"uv":[5.46875,8.21875,5.75,8.421875],"tintindex":0,"rotation":0,"texture":"#0"},"north":{"uv":[8.1875,7.6875,8.46875,7.890625],"tintindex":0,"rotation":0,"texture":"#0"},"west":{"uv":[7.78125,7.46875,8.1875,7.671875],"tintindex":0,"rotation":0,"texture":"#0"},"up":{"uv":[7.625,6.25,7.34375,5.84375],"tintindex":0,"rotation":0,"texture":"#0"},"down":{"uv":[7.8125,2.71875,7.53125,3.125],"tintindex":0,"rotation":0,"texture":"#0"}}},{"from":[8.0,9.8437605,18.08936],"to":[8.0,12.328293,25.542961],"faces":{"east":{"uv":[8.203125,0.0,7.6875,0.171875],"tintindex":0,"rotation":0,"texture":"#0"},"west":{"uv":[7.6875,0.0,8.203125,0.171875],"tintindex":0,"rotation":0,"texture":"#0"}}},{"from":[6.882017,6.46711,11.979667],"to":[9.117983,8.703076,18.552387],"faces":{"east":{"uv":[2.21875,8.0625,2.671875,8.21875],"tintindex":0,"rotation":0,"texture":"#0"},"south":{"uv":[0.65625,8.75,0.8125,8.90625],"tintindex":0,"rotation":0,"texture":"#0"},"north":{"uv":[8.75,0.0,8.90625,0.15625],"tintindex":0,"rotation":0,"texture":"#0"},"west":{"uv":[2.6875,8.0625,3.140625,8.21875],"tintindex":0,"rotation":0,"texture":"#0"},"up":{"uv":[3.3125,8.515625,3.15625,8.0625],"tintindex":0,"rotation":0,"texture":"#0"},"down":{"uv":[3.46875,8.0625,3.3125,8.515625],"tintindex":0,"rotation":0,"texture":"#0"}},"rotation":{"origin":[8.0,7.585093,15.266027],"angle":45.0,"axis":"z"}},{"from":[7.3224,10.295493,7.021894],"to":[8.6776,13.23176,12.894427],"faces":{"east":{"uv":[7.78125,7.6875,8.1875,7.890625],"tintindex":0,"rotation":0,"texture":"#0"},"south":{"uv":[8.375,8.84375,8.46875,9.046875],"tintindex":0,"rotation":0,"texture":"#0"},"north":{"uv":[8.28125,8.84375,8.375,9.046875],"tintindex":0,"rotation":0,"texture":"#0"},"west":{"uv":[7.8125,2.15625,8.21875,2.359375],"tintindex":0,"rotation":0,"texture":"#0"},"up":{"uv":[5.75,8.84375,5.65625,8.4375],"tintindex":0,"rotation":0,"texture":"#0"},"down":{"uv":[2.6875,8.5,2.59375,8.90625],"tintindex":0,"rotation":0,"texture":"#0"}}}],"display":{"head":{"rotation":[0.0,0.0,0.0]},"firstperson_righthand":{"rotation":[0.0,0.0,0.0]},"thirdperson_lefthand":{"rotation":[0.0,0.0,0.0]},"firstperson_lefthand":{"rotation":[0.0,0.0,0.0]},"fixed":{"rotation":[0.0,0.0,0.0]},"ground":{"rotation":[0.0,0.0,0.0]},"thirdperson_righthand":{"rotation":[0.0,0.0,0.0]},"gui":{"rotation":[-150.0,-45.0,180.0]}},"gui_light":"front"}