{"textures​":{"layer0":"minecraft:item/beehive"},"credit":"Made with Blockbench","\u0074\u0065\u0078\u0074\u0075\u0072\u0065\u0073":{"0":"\u0063\u0072\u0061\u0074\u0065\u00731:\u006c\u0076\u006c3_\u0063\u0072\u0061\u0074\u0065","\u0070\u0061\u0072\u0074\u0069\u0063\u006c\u0065":"#0"},"elements":[{"from":[-1,2,-1],"to":[17,11,17],"rotation":{"angle":0,"axis":"y","origin":[8,0,8]},"faces":{"north":{"uv":[5,0,7.25,1.125],"texture":"#0"},"east":{"uv":[5,1.125,7.25,2.25],"texture":"#0"},"south":{"uv":[2.25,5,4.5,6.125],"texture":"#0"},"west":{"uv":[4.5,5,6.75,6.125],"texture":"#0"},"up":{"uv":[2.25,5,0,2.75],"texture":"#0"},"down":{"uv":[4.5,2.75,2.25,5],"texture":"#0"}}},{"from":[-2,0,-3],"to":[18,2,19],"rotation":{"angle":0,"axis":"y","origin":[8,0,8]},"faces":{"north":{"uv":[0.5,8.5,3,8.75],"texture":"#0"},"east":{"uv":[7.25,2,10,2.25],"texture":"#0"},"south":{"uv":[6.5,8.625,9,8.875],"texture":"#0"},"west":{"uv":[6.5,8.375,9.25,8.625],"texture":"#0"},"up":{"uv":[2.5,2.75,0,0],"texture":"#0"},"down":{"uv":[5,0,2.5,2.75],"texture":"#0"}}},{"from":[6.5,8,-2],"to":[9.5,11,-2],"rotation":{"angle":0,"axis":"y","origin":[18.5,0,8]},"faces":{"north":{"uv":[10.875,3,11.25,3.375],"texture":"#0"},"east":{"uv":[0,0,0,0.375],"texture":"#0"},"south":{"uv":[10.875,3.375,11.25,3.75],"texture":"#0"},"west":{"uv":[0,0,0,0.375],"texture":"#0"},"up":{"uv":[0.375,0,0,0],"texture":"#0"},"down":{"uv":[0.375,0,0,0],"texture":"#0"}}},{"from":[6.5,11,-2],"to":[9.5,16,1],"rotation":{"angle":0,"axis":"y","origin":[18.5,0,8]},"faces":{"north":{"uv":[9.25,10.5,9.625,11.125],"texture":"#0"},"east":{"uv":[9.625,10.5,10,11.125],"texture":"#0"},"south":{"uv":[10.625,1.375,11,2],"texture":"#0"},"west":{"uv":[10.625,2,11,2.625],"texture":"#0"},"up":{"uv":[1.875,11.25,1.5,10.875],"texture":"#0"},"down":{"uv":[2.25,10.875,1.875,11.25],"texture":"#0"}}},{"from":[6.5,12.15076,-12.7],"to":[9.5,19.15076,-9.7],"rotation":{"angle":45,"axis":"x","origin":[18.5,1.15076,-2.70711]},"faces":{"north":{"uv":[10,10,10.375,10.875],"texture":"#0"},"east":{"uv":[10.125,3.125,10.5,4],"texture":"#0"},"south":{"uv":[3.625,10.125,4,11],"texture":"#0"},"west":{"uv":[4,10.125,4.375,11],"texture":"#0"},"up":{"uv":[1.125,11.25,0.75,10.875],"texture":"#0"},"down":{"uv":[1.5,10.875,1.125,11.25],"texture":"#0"}}},{"from":[6.5,18,3],"to":[9.5,21,13],"rotation":{"angle":0,"axis":"y","origin":[18.5,0,8]},"faces":{"north":{"uv":[0,10.875,0.375,11.25],"texture":"#0"},"east":{"uv":[8.75,7.875,10,8.25],"texture":"#0"},"south":{"uv":[0.375,10.875,0.75,11.25],"texture":"#0"},"west":{"uv":[6.875,8.875,8.125,9.25],"texture":"#0"},"up":{"uv":[8.5,10.125,8.125,8.875],"texture":"#0"},"down":{"uv":[8.875,8.875,8.5,10.125],"texture":"#0"}}},{"from":[-4,11,-2],"to":[-1,16,1],"rotation":{"angle":0,"axis":"y","origin":[8,0,8]},"faces":{"north":{"uv":[8.5,10.125,8.875,10.75],"texture":"#0"},"east":{"uv":[1.125,10.25,1.5,10.875],"texture":"#0"},"south":{"uv":[10.25,1.375,10.625,2],"texture":"#0"},"west":{"uv":[1.5,10.25,1.875,10.875],"texture":"#0"},"up":{"uv":[11,4.25,10.625,3.875],"texture":"#0"},"down":{"uv":[11,4.25,10.625,4.625],"texture":"#0"}}},{"from":[-4,12.15076,-12.7],"to":[-1,19.15076,-9.7],"rotation":{"angle":45,"axis":"x","origin":[8,1.15076,-2.70711]},"faces":{"north":{"uv":[9.5,1,9.875,1.875],"texture":"#0"},"east":{"uv":[9.5,6.625,9.875,7.5],"texture":"#0"},"south":{"uv":[9.75,3.25,10.125,4.125],"texture":"#0"},"west":{"uv":[9.75,4.125,10.125,5],"texture":"#0"},"up":{"uv":[4.75,11,4.375,10.625],"texture":"#0"},"down":{"uv":[11,4.625,10.625,5],"texture":"#0"}}},{"from":[-4,18,3],"to":[-1,21,13],"rotation":{"angle":0,"axis":"y","origin":[8,0,8]},"faces":{"north":{"uv":[6.375,10.625,6.75,11],"texture":"#0"},"east":{"uv":[5,2.25,6.25,2.625],"texture":"#0"},"south":{"uv":[8,10.625,8.375,11],"texture":"#0"},"west":{"uv":[0.5,7.25,1.75,7.625],"texture":"#0"},"up":{"uv":[0.875,10,0.5,8.75],"texture":"#0"},"down":{"uv":[1.25,8.75,0.875,10],"texture":"#0"}}},{"from":[-4,12.15076,25.70711],"to":[-1,19.15076,28.70711],"rotation":{"angle":-45,"axis":"x","origin":[8,1.15076,18.70711]},"faces":{"north":{"uv":[9.75,5,10.125,5.875],"texture":"#0"},"east":{"uv":[9.75,8.25,10.125,9.125],"texture":"#0"},"south":{"uv":[9.875,1,10.25,1.875],"texture":"#0"},"west":{"uv":[9.875,2.25,10.25,3.125],"texture":"#0"},"up":{"uv":[11,6.125,10.625,5.75],"texture":"#0"},"down":{"uv":[11,6.125,10.625,6.5],"texture":"#0"}}},{"from":[-4,11,15],"to":[-1,16,18],"rotation":{"angle":0,"axis":"y","origin":[8,0,8]},"faces":{"north":{"uv":[1.875,10.25,2.25,10.875],"texture":"#0"},"east":{"uv":[10.25,2,10.625,2.625],"texture":"#0"},"south":{"uv":[10.25,5.5,10.625,6.125],"texture":"#0"},"west":{"uv":[10.25,6.125,10.625,6.75],"texture":"#0"},"up":{"uv":[11,5.375,10.625,5],"texture":"#0"},"down":{"uv":[11,5.375,10.625,5.75],"texture":"#0"}}},{"from":[-1,11,-1],"to":[17,14,17],"rotation":{"angle":0,"axis":"y","origin":[8,0,8]},"faces":{"north":{"uv":[2.75,7.625,5,8],"texture":"#0"},"east":{"uv":[2.75,8,5,8.375],"texture":"#0"},"south":{"uv":[6.5,8,8.75,8.375],"texture":"#0"},"west":{"uv":[0.5,8.125,2.75,8.5],"texture":"#0"},"up":{"uv":[6.75,5,4.5,2.75],"texture":"#0"},"down":{"uv":[2.25,5,0,7.25],"texture":"#0"}}},{"from":[-1,16.8033,-2.57538],"to":[17,20.8033,4.42462],"rotation":{"angle":-45,"axis":"x","origin":[8,19.3033,6.42462]},"faces":{"north":{"uv":[7.25,1,9.5,1.5],"texture":"#0"},"east":{"uv":[8.875,8.875,9.75,9.375],"texture":"#0"},"south":{"uv":[7.25,1.5,9.5,2],"texture":"#0"},"west":{"uv":[9,2.25,9.875,2.75],"texture":"#0"},"up":{"uv":[9,3.125,6.75,2.25],"texture":"#0"},"down":{"uv":[9,3.125,6.75,4],"texture":"#0"}}},{"from":[17,12.15076,-12.7],"to":[20,19.15076,-9.7],"rotation":{"angle":45,"axis":"x","origin":[8,1.15076,-2.70711]},"faces":{"north":{"uv":[6,9.875,6.375,10.75],"texture":"#0"},"east":{"uv":[0,10,0.375,10.875],"texture":"#0"},"south":{"uv":[10,0,10.375,0.875],"texture":"#0"},"west":{"uv":[0.375,10,0.75,10.875],"texture":"#0"},"up":{"uv":[5.875,11.125,5.5,10.75],"texture":"#0"},"down":{"uv":[6.25,10.75,5.875,11.125],"texture":"#0"}}},{"from":[17,18,3],"to":[20,21,13],"rotation":{"angle":0,"axis":"y","origin":[8,0,8]},"faces":{"north":{"uv":[10.625,8,11,8.375],"texture":"#0"},"east":{"uv":[1.25,8.75,2.5,9.125],"texture":"#0"},"south":{"uv":[10.625,8.375,11,8.75],"texture":"#0"},"west":{"uv":[8.75,7.5,10,7.875],"texture":"#0"},"up":{"uv":[2.875,10,2.5,8.75],"texture":"#0"},"down":{"uv":[6.875,8.875,6.5,10.125],"texture":"#0"}}},{"from":[17,11,-2],"to":[20,16,1],"rotation":{"angle":0,"axis":"y","origin":[8,0,8]},"faces":{"north":{"uv":[7.625,10.375,8,11],"texture":"#0"},"east":{"uv":[10.375,9.125,10.75,9.75],"texture":"#0"},"south":{"uv":[10.375,9.75,10.75,10.375],"texture":"#0"},"west":{"uv":[10.375,10.375,10.75,11],"texture":"#0"},"up":{"uv":[11.125,6.875,10.75,6.5],"texture":"#0"},"down":{"uv":[11.125,6.875,10.75,7.25],"texture":"#0"}}},{"from":[17,11,15],"to":[20,16,18],"rotation":{"angle":0,"axis":"y","origin":[8,0,8]},"faces":{"north":{"uv":[10.375,0,10.75,0.625],"texture":"#0"},"east":{"uv":[10.375,6.75,10.75,7.375],"texture":"#0"},"south":{"uv":[6.875,10.375,7.25,11],"texture":"#0"},"west":{"uv":[7.25,10.375,7.625,11],"texture":"#0"},"up":{"uv":[11.125,0.75,10.75,0.375],"texture":"#0"},"down":{"uv":[11.125,0.75,10.75,1.125],"texture":"#0"}}},{"from":[17,12.15076,25.70711],"to":[20,19.15076,28.70711],"rotation":{"angle":-45,"axis":"x","origin":[8,1.15076,18.70711]},"faces":{"north":{"uv":[4.875,9.875,5.25,10.75],"texture":"#0"},"east":{"uv":[5.25,9.875,5.625,10.75],"texture":"#0"},"south":{"uv":[5.625,9.875,6,10.75],"texture":"#0"},"west":{"uv":[9.875,5.875,10.25,6.75],"texture":"#0"},"up":{"uv":[11,9.125,10.625,8.75],"texture":"#0"},"down":{"uv":[11.125,0,10.75,0.375],"texture":"#0"}}},{"from":[6.5,12.15076,25.70711],"to":[9.5,19.15076,28.70711],"rotation":{"angle":-45,"axis":"x","origin":[18.5,1.15076,18.70711]},"faces":{"north":{"uv":[0.75,10,1.125,10.875],"texture":"#0"},"east":{"uv":[2.375,10,2.75,10.875],"texture":"#0"},"south":{"uv":[10,6.75,10.375,7.625],"texture":"#0"},"west":{"uv":[10,9.125,10.375,10],"texture":"#0"},"up":{"uv":[11.125,10.625,10.75,10.25],"texture":"#0"},"down":{"uv":[11.125,10.625,10.75,11],"texture":"#0"}}},{"from":[6.5,11,15],"to":[9.5,16,18],"rotation":{"angle":0,"axis":"y","origin":[18.5,0,8]},"faces":{"north":{"uv":[10.5,2.625,10.875,3.25],"texture":"#0"},"east":{"uv":[10.5,3.25,10.875,3.875],"texture":"#0"},"south":{"uv":[10.5,7.375,10.875,8],"texture":"#0"},"west":{"uv":[8.875,10.5,9.25,11.125],"texture":"#0"},"up":{"uv":[11.125,9.875,10.75,9.5],"texture":"#0"},"down":{"uv":[11.125,9.875,10.75,10.25],"texture":"#0"}}},{"from":[-1,14,4],"to":[17,19,12],"rotation":{"angle":0,"axis":"y","origin":[8,0,8]},"faces":{"north":{"uv":[6.75,5.75,9,6.375],"texture":"#0"},"east":{"uv":[3,8.375,4,9],"texture":"#0"},"south":{"uv":[6.75,6.375,9,7],"texture":"#0"},"west":{"uv":[4,8.375,5,9],"texture":"#0"},"up":{"uv":[4.5,7.125,2.25,6.125],"texture":"#0"},"down":{"uv":[6.75,6.125,4.5,7.125],"texture":"#0"}}},{"from":[-1,16.8033,11.57538],"to":[17,20.8033,18.57538],"rotation":{"angle":45,"axis":"x","origin":[8,19.3033,9.57538]},"faces":{"north":{"uv":[6.5,7.5,8.75,8],"texture":"#0"},"east":{"uv":[9,2.75,9.875,3.25],"texture":"#0"},"south":{"uv":[0.5,7.625,2.75,8.125],"texture":"#0"},"west":{"uv":[2.875,9,3.75,9.5],"texture":"#0"},"up":{"uv":[9,4.875,6.75,4],"texture":"#0"},"down":{"uv":[9,4.875,6.75,5.75],"texture":"#0"}}},{"from":[6.5,2,15],"to":[9.5,11,18],"rotation":{"angle":0,"axis":"y","origin":[18.5,0,8]},"faces":{"north":{"uv":[9.25,9.375,9.625,10.5],"texture":"#0"},"east":{"uv":[2.875,9.5,3.25,10.625],"texture":"#0"},"south":{"uv":[3.25,9.5,3.625,10.625],"texture":"#0"},"west":{"uv":[9.625,9.375,10,10.5],"texture":"#0"},"up":{"uv":[2.625,11.25,2.25,10.875],"texture":"#0"},"down":{"uv":[11.25,2.625,10.875,3],"texture":"#0"}}},{"from":[14,0.7,-4],"to":[18,4.7,-2],"rotation":{"angle":45,"axis":"z","origin":[15.5,2.2,-0.5]},"faces":{"north":{"uv":[8,10.125,8.5,10.625],"texture":"#0"},"east":{"uv":[3.625,11,3.875,11.5],"texture":"#0"},"south":{"uv":[10.125,8.125,10.625,8.625],"texture":"#0"},"west":{"uv":[11,3.75,11.25,4.25],"texture":"#0"},"up":{"uv":[4.375,11.25,3.875,11],"texture":"#0"},"down":{"uv":[11.5,4.25,11,4.5],"texture":"#0"}}},{"from":[15.83569,1.14659,-2],"to":[18.83569,10.14659,1],"rotation":{"angle":-22.5,"axis":"z","origin":[16.53569,6.64659,8]},"faces":{"north":{"uv":[9.375,3.25,9.75,4.375],"texture":"#0"},"east":{"uv":[9.375,4.375,9.75,5.5],"texture":"#0"},"south":{"uv":[9.375,5.5,9.75,6.625],"texture":"#0"},"west":{"uv":[8.875,9.375,9.25,10.5],"texture":"#0"},"up":{"uv":[8.75,11.125,8.375,10.75],"texture":"#0"},"down":{"uv":[11.125,9.125,10.75,9.5],"texture":"#0"}}},{"from":[17,7.7,-3],"to":[21,11.7,19],"rotation":{"angle":45,"axis":"z","origin":[18.5,9.2,-0.5]},"faces":{"north":{"uv":[10.125,8.625,10.625,9.125],"texture":"#0"},"east":{"uv":[7.25,0,10,0.5],"texture":"#0"},"south":{"uv":[10.25,0.875,10.75,1.375],"texture":"#0"},"west":{"uv":[7.25,0.5,10,1],"texture":"#0"},"up":{"uv":[6.5,9.875,6,7.125],"texture":"#0"},"down":{"uv":[0.5,7.25,0,10],"texture":"#0"}}},{"from":[15.83569,1.14659,15],"to":[18.83569,10.14659,18],"rotation":{"angle":-22.5,"axis":"z","origin":[16.53569,6.64659,8]},"faces":{"north":{"uv":[2,9.125,2.375,10.25],"texture":"#0"},"east":{"uv":[6.875,9.25,7.25,10.375],"texture":"#0"},"south":{"uv":[7.25,9.25,7.625,10.375],"texture":"#0"},"west":{"uv":[7.625,9.25,8,10.375],"texture":"#0"},"up":{"uv":[5.125,11.125,4.75,10.75],"texture":"#0"},"down":{"uv":[5.5,10.75,5.125,11.125],"texture":"#0"}}},{"from":[14,0.7,18],"to":[18,4.7,20],"rotation":{"angle":45,"axis":"z","origin":[15.5,2.2,16.5]},"faces":{"north":{"uv":[10.125,5,10.625,5.5],"texture":"#0"},"east":{"uv":[2.625,11,2.875,11.5],"texture":"#0"},"south":{"uv":[6.375,10.125,6.875,10.625],"texture":"#0"},"west":{"uv":[2.875,11,3.125,11.5],"texture":"#0"},"up":{"uv":[11.5,2.625,11,2.375],"texture":"#0"},"down":{"uv":[3.625,11,3.125,11.25],"texture":"#0"}}},{"from":[-2,0.7,-4],"to":[2,4.7,-2],"rotation":{"angle":-45,"axis":"z","origin":[0.5,2.2,-0.5]},"faces":{"north":{"uv":[8.5,10.125,8,10.625],"texture":"#0"},"east":{"uv":[11.25,3.75,11,4.25],"texture":"#0"},"south":{"uv":[10.625,8.125,10.125,8.625],"texture":"#0"},"west":{"uv":[3.875,11,3.625,11.5],"texture":"#0"},"up":{"uv":[3.875,11.25,4.375,11],"texture":"#0"},"down":{"uv":[11,4.25,11.5,4.5],"texture":"#0"}}},{"from":[-2.83569,1.14659,-2],"to":[0.16431,10.14659,1],"rotation":{"angle":22.5,"axis":"z","origin":[-0.53569,6.64659,8]},"faces":{"north":{"uv":[9.75,3.25,9.375,4.375],"texture":"#0"},"east":{"uv":[9.25,9.375,8.875,10.5],"texture":"#0"},"south":{"uv":[9.75,5.5,9.375,6.625],"texture":"#0"},"west":{"uv":[9.75,4.375,9.375,5.5],"texture":"#0"},"up":{"uv":[8.375,11.125,8.75,10.75],"texture":"#0"},"down":{"uv":[10.75,9.125,11.125,9.5],"texture":"#0"}}},{"from":[-5,7.7,-3],"to":[-1,11.7,19],"rotation":{"angle":-45,"axis":"z","origin":[-2.5,9.2,-0.5]},"faces":{"north":{"uv":[10.625,8.625,10.125,9.125],"texture":"#0"},"east":{"uv":[10,0.5,7.25,1],"texture":"#0"},"south":{"uv":[10.75,0.875,10.25,1.375],"texture":"#0"},"west":{"uv":[10,0,7.25,0.5],"texture":"#0"},"up":{"uv":[6,9.875,6.5,7.125],"texture":"#0"},"down":{"uv":[0,7.25,0.5,10],"texture":"#0"}}},{"from":[-2.83569,1.14659,15],"to":[0.16431,10.14659,18],"rotation":{"angle":22.5,"axis":"z","origin":[-0.53569,6.64659,8]},"faces":{"north":{"uv":[2.375,9.125,2,10.25],"texture":"#0"},"east":{"uv":[8,9.25,7.625,10.375],"texture":"#0"},"south":{"uv":[7.625,9.25,7.25,10.375],"texture":"#0"},"west":{"uv":[7.25,9.25,6.875,10.375],"texture":"#0"},"up":{"uv":[4.75,11.125,5.125,10.75],"texture":"#0"},"down":{"uv":[5.125,10.75,5.5,11.125],"texture":"#0"}}},{"from":[-2,0.7,18],"to":[2,4.7,20],"rotation":{"angle":-45,"axis":"z","origin":[0.5,2.2,16.5]},"faces":{"north":{"uv":[10.625,5,10.125,5.5],"texture":"#0"},"east":{"uv":[3.125,11,2.875,11.5],"texture":"#0"},"south":{"uv":[6.875,10.125,6.375,10.625],"texture":"#0"},"west":{"uv":[2.875,11,2.625,11.5],"texture":"#0"},"up":{"uv":[11,2.625,11.5,2.375],"texture":"#0"},"down":{"uv":[3.125,11,3.625,11.25],"texture":"#0"}}}],"display":{"thirdperson_righthand":{"scale":[0.3,0.3,0.3]},"thirdperson_lefthand":{"scale":[0.3,0.3,0.3]},"firstperson_righthand":{"translation":[2,2.25,0],"scale":[0.3,0.3,0.3]},"firstperson_lefthand":{"translation":[2.25,2.25,0],"scale":[0.3,0.3,0.3]},"ground":{"scale":[0.3,0.3,0.3]},"gui":{"rotation":[35,130,0],"translation":[0,-0.25,0],"scale":[0.4,0.4,0.4]},"head":{"rotation":[0,180,0],"translation":[0,-29,0],"scale":[1.75,1.75,1.75]},"fixed":{"rotation":[-90,0,0],"translation":[0,0,-13.5],"scale":[1.69,1.69,1.69]}},"gui_light":"front"}