{"parent​":"minecraft:item/jungle_fence","textures​":{"layer0":"minecraft:item/green_carpet"},"\u0070\u0061\u0072\u0065\u006e\u0074":"\u006d\u0069\u006e\u0065\u0063\u0072\u0061\u0066\u0074:\u0069\u0074\u0065\u006d/\u0067\u0065\u006e\u0065\u0072\u0061\u0074\u0065\u0064","overrides":[{"model":"minecraft:item/netherite_leggings_quartz_trim","predicate":{"trim_type":0.1}},{"model":"minecraft:item/netherite_leggings_iron_trim","predicate":{"trim_type":0.2}},{"model":"minecraft:item/netherite_leggings_netherite_darker_trim","predicate":{"trim_type":0.3}},{"model":"minecraft:item/netherite_leggings_redstone_trim","predicate":{"trim_type":0.4}},{"model":"minecraft:item/netherite_leggings_copper_trim","predicate":{"trim_type":0.5}},{"model":"minecraft:item/netherite_leggings_gold_trim","predicate":{"trim_type":0.6}},{"model":"minecraft:item/netherite_leggings_emerald_trim","predicate":{"trim_type":0.7}},{"model":"minecraft:item/netherite_leggings_diamond_trim","predicate":{"trim_type":0.8}},{"model":"minecraft:item/netherite_leggings_lapis_trim","predicate":{"trim_type":0.9}},{"model":"minecraft:item/netherite_leggings_amethyst_trim","predicate":{"trim_type":1.0}},{"predicate":{"custom_model_data":50000},"model":"vanilla_sets:item/ia_auto/crimson_leggings"},{"predicate":{"trim_type":0.1,"custom_model_data":50000},"model":"vanilla_sets:item/ia_auto/crimson_leggings"},{"predicate":{"trim_type":0.2,"custom_model_data":50000},"model":"vanilla_sets:item/ia_auto/crimson_leggings"},{"predicate":{"trim_type":0.3,"custom_model_data":50000},"model":"vanilla_sets:item/ia_auto/crimson_leggings"},{"predicate":{"trim_type":0.4,"custom_model_data":50000},"model":"vanilla_sets:item/ia_auto/crimson_leggings"},{"predicate":{"trim_type":0.5,"custom_model_data":50000},"model":"vanilla_sets:item/ia_auto/crimson_leggings"},{"predicate":{"trim_type":0.6,"custom_model_data":50000},"model":"vanilla_sets:item/ia_auto/crimson_leggings"},{"predicate":{"trim_type":0.7,"custom_model_data":50000},"model":"vanilla_sets:item/ia_auto/crimson_leggings"},{"predicate":{"trim_type":0.8,"custom_model_data":50000},"model":"vanilla_sets:item/ia_auto/crimson_leggings"},{"predicate":{"trim_type":0.9,"custom_model_data":50000},"model":"vanilla_sets:item/ia_auto/crimson_leggings"},{"predicate":{"trim_type":1.0,"custom_model_data":50000},"model":"vanilla_sets:item/ia_auto/crimson_leggings"},{"predicate":{"custom_model_data":50001},"model":"vanilla_sets:item/ia_auto/sculk_leggings"},{"predicate":{"trim_type":0.1,"custom_model_data":50001},"model":"vanilla_sets:item/ia_auto/sculk_leggings"},{"predicate":{"trim_type":0.2,"custom_model_data":50001},"model":"vanilla_sets:item/ia_auto/sculk_leggings"},{"predicate":{"trim_type":0.3,"custom_model_data":50001},"model":"vanilla_sets:item/ia_auto/sculk_leggings"},{"predicate":{"trim_type":0.4,"custom_model_data":50001},"model":"vanilla_sets:item/ia_auto/sculk_leggings"},{"predicate":{"trim_type":0.5,"custom_model_data":50001},"model":"vanilla_sets:item/ia_auto/sculk_leggings"},{"predicate":{"trim_type":0.6,"custom_model_data":50001},"model":"vanilla_sets:item/ia_auto/sculk_leggings"},{"predicate":{"trim_type":0.7,"custom_model_data":50001},"model":"vanilla_sets:item/ia_auto/sculk_leggings"},{"predicate":{"trim_type":0.8,"custom_model_data":50001},"model":"vanilla_sets:item/ia_auto/sculk_leggings"},{"predicate":{"trim_type":0.9,"custom_model_data":50001},"model":"vanilla_sets:item/ia_auto/sculk_leggings"},{"predicate":{"trim_type":1.0,"custom_model_data":50001},"model":"vanilla_sets:item/ia_auto/sculk_leggings"},{"predicate":{"custom_model_data":50002},"model":"plny_halloween_pumpkin_set:item/ia_auto/plny_halloween_pumpkin_setleggings"},{"predicate":{"trim_type":0.1,"custom_model_data":50002},"model":"plny_halloween_pumpkin_set:item/ia_auto/plny_halloween_pumpkin_setleggings"},{"predicate":{"trim_type":0.2,"custom_model_data":50002},"model":"plny_halloween_pumpkin_set:item/ia_auto/plny_halloween_pumpkin_setleggings"},{"predicate":{"trim_type":0.3,"custom_model_data":50002},"model":"plny_halloween_pumpkin_set:item/ia_auto/plny_halloween_pumpkin_setleggings"},{"predicate":{"trim_type":0.4,"custom_model_data":50002},"model":"plny_halloween_pumpkin_set:item/ia_auto/plny_halloween_pumpkin_setleggings"},{"predicate":{"trim_type":0.5,"custom_model_data":50002},"model":"plny_halloween_pumpkin_set:item/ia_auto/plny_halloween_pumpkin_setleggings"},{"predicate":{"trim_type":0.6,"custom_model_data":50002},"model":"plny_halloween_pumpkin_set:item/ia_auto/plny_halloween_pumpkin_setleggings"},{"predicate":{"trim_type":0.7,"custom_model_data":50002},"model":"plny_halloween_pumpkin_set:item/ia_auto/plny_halloween_pumpkin_setleggings"},{"predicate":{"trim_type":0.8,"custom_model_data":50002},"model":"plny_halloween_pumpkin_set:item/ia_auto/plny_halloween_pumpkin_setleggings"},{"predicate":{"trim_type":0.9,"custom_model_data":50002},"model":"plny_halloween_pumpkin_set:item/ia_auto/plny_halloween_pumpkin_setleggings"},{"predicate":{"trim_type":1.0,"custom_model_data":50002},"model":"plny_halloween_pumpkin_set:item/ia_auto/plny_halloween_pumpkin_setleggings"},{"predicate":{"custom_model_data":50003},"model":"vanilla_sets:item/ia_auto/nautilus_leggings"},{"predicate":{"trim_type":0.1,"custom_model_data":50003},"model":"vanilla_sets:item/ia_auto/nautilus_leggings"},{"predicate":{"trim_type":0.2,"custom_model_data":50003},"model":"vanilla_sets:item/ia_auto/nautilus_leggings"},{"predicate":{"trim_type":0.3,"custom_model_data":50003},"model":"vanilla_sets:item/ia_auto/nautilus_leggings"},{"predicate":{"trim_type":0.4,"custom_model_data":50003},"model":"vanilla_sets:item/ia_auto/nautilus_leggings"},{"predicate":{"trim_type":0.5,"custom_model_data":50003},"model":"vanilla_sets:item/ia_auto/nautilus_leggings"},{"predicate":{"trim_type":0.6,"custom_model_data":50003},"model":"vanilla_sets:item/ia_auto/nautilus_leggings"},{"predicate":{"trim_type":0.7,"custom_model_data":50003},"model":"vanilla_sets:item/ia_auto/nautilus_leggings"},{"predicate":{"trim_type":0.8,"custom_model_data":50003},"model":"vanilla_sets:item/ia_auto/nautilus_leggings"},{"predicate":{"trim_type":0.9,"custom_model_data":50003},"model":"vanilla_sets:item/ia_auto/nautilus_leggings"},{"predicate":{"trim_type":1.0,"custom_model_data":50003},"model":"vanilla_sets:item/ia_auto/nautilus_leggings"},{"predicate":{"custom_model_data":50004},"model":"nexusset:item/ia_auto/nexusleggings"},{"predicate":{"trim_type":0.1,"custom_model_data":50004},"model":"nexusset:item/ia_auto/nexusleggings"},{"predicate":{"trim_type":0.2,"custom_model_data":50004},"model":"nexusset:item/ia_auto/nexusleggings"},{"predicate":{"trim_type":0.3,"custom_model_data":50004},"model":"nexusset:item/ia_auto/nexusleggings"},{"predicate":{"trim_type":0.4,"custom_model_data":50004},"model":"nexusset:item/ia_auto/nexusleggings"},{"predicate":{"trim_type":0.5,"custom_model_data":50004},"model":"nexusset:item/ia_auto/nexusleggings"},{"predicate":{"trim_type":0.6,"custom_model_data":50004},"model":"nexusset:item/ia_auto/nexusleggings"},{"predicate":{"trim_type":0.7,"custom_model_data":50004},"model":"nexusset:item/ia_auto/nexusleggings"},{"predicate":{"trim_type":0.8,"custom_model_data":50004},"model":"nexusset:item/ia_auto/nexusleggings"},{"predicate":{"trim_type":0.9,"custom_model_data":50004},"model":"nexusset:item/ia_auto/nexusleggings"},{"predicate":{"trim_type":1.0,"custom_model_data":50004},"model":"nexusset:item/ia_auto/nexusleggings"},{"predicate":{"custom_model_data":50005},"model":"vanilla_sets:item/ia_auto/bone_leggings"},{"predicate":{"trim_type":0.1,"custom_model_data":50005},"model":"vanilla_sets:item/ia_auto/bone_leggings"},{"predicate":{"trim_type":0.2,"custom_model_data":50005},"model":"vanilla_sets:item/ia_auto/bone_leggings"},{"predicate":{"trim_type":0.3,"custom_model_data":50005},"model":"vanilla_sets:item/ia_auto/bone_leggings"},{"predicate":{"trim_type":0.4,"custom_model_data":50005},"model":"vanilla_sets:item/ia_auto/bone_leggings"},{"predicate":{"trim_type":0.5,"custom_model_data":50005},"model":"vanilla_sets:item/ia_auto/bone_leggings"},{"predicate":{"trim_type":0.6,"custom_model_data":50005},"model":"vanilla_sets:item/ia_auto/bone_leggings"},{"predicate":{"trim_type":0.7,"custom_model_data":50005},"model":"vanilla_sets:item/ia_auto/bone_leggings"},{"predicate":{"trim_type":0.8,"custom_model_data":50005},"model":"vanilla_sets:item/ia_auto/bone_leggings"},{"predicate":{"trim_type":0.9,"custom_model_data":50005},"model":"vanilla_sets:item/ia_auto/bone_leggings"},{"predicate":{"trim_type":1.0,"custom_model_data":50005},"model":"vanilla_sets:item/ia_auto/bone_leggings"},{"predicate":{"custom_model_data":50006},"model":"vanilla_sets:item/ia_auto/amethyst_leggings"},{"predicate":{"trim_type":0.1,"custom_model_data":50006},"model":"vanilla_sets:item/ia_auto/amethyst_leggings"},{"predicate":{"trim_type":0.2,"custom_model_data":50006},"model":"vanilla_sets:item/ia_auto/amethyst_leggings"},{"predicate":{"trim_type":0.3,"custom_model_data":50006},"model":"vanilla_sets:item/ia_auto/amethyst_leggings"},{"predicate":{"trim_type":0.4,"custom_model_data":50006},"model":"vanilla_sets:item/ia_auto/amethyst_leggings"},{"predicate":{"trim_type":0.5,"custom_model_data":50006},"model":"vanilla_sets:item/ia_auto/amethyst_leggings"},{"predicate":{"trim_type":0.6,"custom_model_data":50006},"model":"vanilla_sets:item/ia_auto/amethyst_leggings"},{"predicate":{"trim_type":0.7,"custom_model_data":50006},"model":"vanilla_sets:item/ia_auto/amethyst_leggings"},{"predicate":{"trim_type":0.8,"custom_model_data":50006},"model":"vanilla_sets:item/ia_auto/amethyst_leggings"},{"predicate":{"trim_type":0.9,"custom_model_data":50006},"model":"vanilla_sets:item/ia_auto/amethyst_leggings"},{"predicate":{"trim_type":1.0,"custom_model_data":50006},"model":"vanilla_sets:item/ia_auto/amethyst_leggings"},{"predicate":{"custom_model_data":50007},"model":"elitecreatures:item/ia_auto/pilgrim_assortment-leggings"},{"predicate":{"trim_type":0.1,"custom_model_data":50007},"model":"elitecreatures:item/ia_auto/pilgrim_assortment-leggings"},{"predicate":{"trim_type":0.2,"custom_model_data":50007},"model":"elitecreatures:item/ia_auto/pilgrim_assortment-leggings"},{"predicate":{"trim_type":0.3,"custom_model_data":50007},"model":"elitecreatures:item/ia_auto/pilgrim_assortment-leggings"},{"predicate":{"trim_type":0.4,"custom_model_data":50007},"model":"elitecreatures:item/ia_auto/pilgrim_assortment-leggings"},{"predicate":{"trim_type":0.5,"custom_model_data":50007},"model":"elitecreatures:item/ia_auto/pilgrim_assortment-leggings"},{"predicate":{"trim_type":0.6,"custom_model_data":50007},"model":"elitecreatures:item/ia_auto/pilgrim_assortment-leggings"},{"predicate":{"trim_type":0.7,"custom_model_data":50007},"model":"elitecreatures:item/ia_auto/pilgrim_assortment-leggings"},{"predicate":{"trim_type":0.8,"custom_model_data":50007},"model":"elitecreatures:item/ia_auto/pilgrim_assortment-leggings"},{"predicate":{"trim_type":0.9,"custom_model_data":50007},"model":"elitecreatures:item/ia_auto/pilgrim_assortment-leggings"},{"predicate":{"trim_type":1.0,"custom_model_data":50007},"model":"elitecreatures:item/ia_auto/pilgrim_assortment-leggings"},{"predicate":{"custom_model_data":50008},"model":"plny_christmas_2025_set:item/ia_auto/plny_christmas_2025_setleggings"},{"predicate":{"trim_type":0.1,"custom_model_data":50008},"model":"plny_christmas_2025_set:item/ia_auto/plny_christmas_2025_setleggings"},{"predicate":{"trim_type":0.2,"custom_model_data":50008},"model":"plny_christmas_2025_set:item/ia_auto/plny_christmas_2025_setleggings"},{"predicate":{"trim_type":0.3,"custom_model_data":50008},"model":"plny_christmas_2025_set:item/ia_auto/plny_christmas_2025_setleggings"},{"predicate":{"trim_type":0.4,"custom_model_data":50008},"model":"plny_christmas_2025_set:item/ia_auto/plny_christmas_2025_setleggings"},{"predicate":{"trim_type":0.5,"custom_model_data":50008},"model":"plny_christmas_2025_set:item/ia_auto/plny_christmas_2025_setleggings"},{"predicate":{"trim_type":0.6,"custom_model_data":50008},"model":"plny_christmas_2025_set:item/ia_auto/plny_christmas_2025_setleggings"},{"predicate":{"trim_type":0.7,"custom_model_data":50008},"model":"plny_christmas_2025_set:item/ia_auto/plny_christmas_2025_setleggings"},{"predicate":{"trim_type":0.8,"custom_model_data":50008},"model":"plny_christmas_2025_set:item/ia_auto/plny_christmas_2025_setleggings"},{"predicate":{"trim_type":0.9,"custom_model_data":50008},"model":"plny_christmas_2025_set:item/ia_auto/plny_christmas_2025_setleggings"},{"predicate":{"trim_type":1.0,"custom_model_data":50008},"model":"plny_christmas_2025_set:item/ia_auto/plny_christmas_2025_setleggings"},{"predicate":{"custom_model_data":50009},"model":"item/netherite_leggings"}],"\u0074\u0065\u0078\u0074\u0075\u0072\u0065\u0073":{"\u006c\u0061\u0079\u0065\u00720":"\u006d\u0069\u006e\u0065\u0063\u0072\u0061\u0066\u0074:\u0069\u0074\u0065\u006d/\u006e\u0065\u0074\u0068\u0065\u0072\u0069\u0074\u0065_\u006c\u0065\u0067\u0067\u0069\u006e\u0067\u0073"}}