{"textures​":{"layer0":"minecraft:item/white_candle"},"credit":"Made by PolygonMC","texture_size":[24,24],"\u0074\u0065\u0078\u0074\u0075\u0072\u0065\u0073":{"0":"\u0073\u0075\u006d\u006d\u0065\u0072\u0077\u0061\u0074\u0065\u0072\u0067\u0075\u006e\u0073\u0070\u0061\u0063\u006b:\u0077\u0061\u0074\u0065\u0072\u0067\u0075\u006e_5","\u0070\u0061\u0072\u0074\u0069\u0063\u006c\u0065":"\u0073\u0075\u006d\u006d\u0065\u0072\u0077\u0061\u0074\u0065\u0072\u0067\u0075\u006e\u0073\u0070\u0061\u0063\u006b:\u0077\u0061\u0074\u0065\u0072\u0067\u0075\u006e_5"},"elements":[{"from":[7.5,2,12.125],"to":[8.5,5,12.625],"rotation":{"angle":-22.5,"axis":"x","origin":[8,3,12.625]},"faces":{"north":{"uv":[2,8,2.66667,10],"texture":"#0"},"east":{"uv":[8,12.66667,8.33333,14.66667],"texture":"#0"},"south":{"uv":[12,0,12.66667,2],"texture":"#0"},"west":{"uv":[10,12.66667,10.33333,14.66667],"texture":"#0"}}},{"from":[7.4,1.59948,12.69738],"to":[8.6,2.09948,13.89738],"rotation":{"angle":-45,"axis":"x","origin":[8,1.74948,12.87238]},"faces":{"north":{"uv":[10.66667,14,11.5,14.33333],"texture":"#0"},"east":{"uv":[14,11.33333,14.83333,11.66667],"texture":"#0"},"south":{"uv":[14,12,14.83333,12.33333],"texture":"#0"},"west":{"uv":[12.66667,14,13.5,14.33333],"texture":"#0"},"up":{"uv":[7.5,13.5,6.66667,12.66667],"texture":"#0"},"down":{"uv":[13.5,8.66667,12.66667,9.5],"texture":"#0"}}},{"from":[7.6,2.75,12.625],"to":[8.4,4.25,13.025],"rotation":{"angle":-22.5,"axis":"x","origin":[8,3,12.625]},"faces":{"east":{"uv":[14,3.33333,14.33333,4.33333],"texture":"#0"},"south":{"uv":[9.33333,13.33333,9.83333,14.33333],"texture":"#0"},"west":{"uv":[4.66667,14,5,15],"texture":"#0"}}},{"from":[7.5,4.25,12.625],"to":[8.5,5,13.125],"rotation":{"angle":-22.5,"axis":"x","origin":[8,3,12.625]},"faces":{"east":{"uv":[4,14.66667,4.33333,15.16667],"texture":"#0"},"south":{"uv":[2,14,2.66667,14.5],"texture":"#0"},"west":{"uv":[14.66667,4,15,4.5],"texture":"#0"},"down":{"uv":[14.66667,14,14,14.33333],"texture":"#0"}}},{"from":[7.5,2,12.625],"to":[8.5,2.75,13.125],"rotation":{"angle":-22.5,"axis":"x","origin":[8,3,12.625]},"faces":{"east":{"uv":[14.66667,4.66667,15,5.16667],"texture":"#0"},"south":{"uv":[14,2.66667,14.66667,3.16667],"texture":"#0"},"west":{"uv":[14.66667,5.33333,15,5.83333],"texture":"#0"},"up":{"uv":[1.33333,15,0.66667,14.66667],"texture":"#0"}}},{"from":[7.25,4.55,9.625],"to":[8.75,5.55,13.625],"rotation":{"angle":0,"axis":"y","origin":[7.5,0,3.125]},"faces":{"north":{"uv":[12.66667,10,13.66667,10.66667],"texture":"#0"},"east":{"uv":[8.66667,6,11.33333,6.66667],"texture":"#0"},"south":{"uv":[12.66667,10.66667,13.66667,11.33333],"texture":"#0"},"west":{"uv":[8.66667,10.66667,11.33333,11.33333],"texture":"#0"},"up":{"uv":[6.33333,2.66667,5.33333,0],"texture":"#0"},"down":{"uv":[9.66667,0,8.66667,2.66667],"texture":"#0"}}},{"from":[7.25,4.3,4.625],"to":[8.75,5.8,8.625],"rotation":{"angle":0,"axis":"y","origin":[7.5,0,3.125]},"faces":{"north":{"uv":[12.66667,2.66667,13.66667,3.66667],"texture":"#0"},"east":{"uv":[8.66667,2.66667,11.33333,3.66667],"texture":"#0"},"south":{"uv":[12.66667,4.66667,13.66667,5.66667],"texture":"#0"},"west":{"uv":[8.66667,4.66667,11.33333,5.66667],"texture":"#0"},"up":{"uv":[7,12,6,9.33333],"texture":"#0"},"down":{"uv":[8.33333,9.33333,7.33333,12],"texture":"#0"}}},{"from":[7.5,5.05,4.875],"to":[8.5,6.05,14.375],"rotation":{"angle":0,"axis":"y","origin":[7.5,0,3.125]},"faces":{"north":{"uv":[13.33333,4,14,4.66667],"texture":"#0"},"east":{"uv":[6.66667,4,13,4.66667],"texture":"#0"},"south":{"uv":[13.33333,7.33333,14,8],"texture":"#0"},"west":{"uv":[4.66667,6.66667,11,7.33333],"texture":"#0"},"up":{"uv":[5.33333,13.66667,4.66667,7.33333],"texture":"#0"},"down":{"uv":[6,7.33333,5.33333,13.66667],"texture":"#0"}}},{"from":[7.5,8.05,10.625],"to":[8.5,9.55,14.125],"rotation":{"angle":0,"axis":"y","origin":[7.5,0,2.875]},"faces":{"north":{"uv":[10.66667,12.66667,11.33333,13.66667],"texture":"#0"},"east":{"uv":[8.66667,9.33333,11,10.33333],"texture":"#0"},"south":{"uv":[12.66667,11.33333,13.33333,12.33333],"texture":"#0"},"west":{"uv":[0,10,2.33333,11],"texture":"#0"},"up":{"uv":[4.66667,13,4,10.66667],"texture":"#0"},"down":{"uv":[12,6,11.33333,8.33333],"texture":"#0"}}},{"from":[7.6,8.775,6.925],"to":[8.4,9.275,10.425],"rotation":{"angle":0,"axis":"y","origin":[7.5,-0.025,2.875]},"faces":{"east":{"uv":[12,8,14.33333,8.33333],"texture":"#0"},"west":{"uv":[12.66667,1.33333,15,1.66667],"texture":"#0"},"up":{"uv":[3.16667,15,2.66667,12.66667],"texture":"#0"},"down":{"uv":[3.83333,12.66667,3.33333,15],"texture":"#0"}}},{"from":[7.6,8.31789,5.57145],"to":[8.4,8.81789,7.32145],"rotation":{"angle":-45,"axis":"x","origin":[8,8.56789,6.57145]},"faces":{"east":{"uv":[14,0.66667,15.16667,1],"texture":"#0"},"west":{"uv":[14,2,15.16667,2.33333],"texture":"#0"},"up":{"uv":[13.83333,7.16667,13.33333,6],"texture":"#0"},"down":{"uv":[9.16667,13.33333,8.66667,14.5],"texture":"#0"}}},{"from":[7.502,7.45901,9.24112],"to":[8.498,9.70901,10.31612],"rotation":{"angle":45,"axis":"x","origin":[8.002,7.95901,9.74112]},"faces":{"north":{"uv":[12.66667,6,13.33333,7.5],"texture":"#0"},"east":{"uv":[8.66667,11.33333,9.66667,12.83333],"texture":"#0"},"west":{"uv":[11.33333,8.66667,12.33333,10.16667],"texture":"#0"}}},{"from":[7,6.05,3.875],"to":[9,8.05,11.375],"rotation":{"angle":0,"axis":"y","origin":[8,0,3.125]},"faces":{"north":{"uv":[0,11.33333,1.33333,12.66667],"texture":"#0"},"east":{"uv":[0,0,5,1.33333],"texture":"#0"},"south":{"uv":[1.33333,11.33333,2.66667,12.66667],"texture":"#0"},"west":{"uv":[0,1.33333,5,2.66667],"texture":"#0"},"up":{"uv":[1.33333,7.66667,0,2.66667],"texture":"#0"},"down":{"uv":[2.66667,2.66667,1.33333,7.66667],"texture":"#0"}}},{"from":[6.75,5.8,11.875],"to":[9.25,8.3,17.375],"rotation":{"angle":0,"axis":"y","origin":[8,0,3.125]},"faces":{"north":{"uv":[0,8,1.66667,9.66667],"texture":"#0"},"east":{"uv":[2.66667,2.66667,6.33333,4.33333],"texture":"#0"},"south":{"uv":[8,7.33333,9.66667,9],"texture":"#0"},"west":{"uv":[2.66667,4.66667,6.33333,6.33333],"texture":"#0"},"up":{"uv":[8.33333,3.66667,6.66667,0],"texture":"#0"},"down":{"uv":[4.33333,6.66667,2.66667,10.33333],"texture":"#0"}}},{"from":[6.5,5.55,13.875],"to":[9.5,8.55,14.875],"rotation":{"angle":0,"axis":"y","origin":[8,0,3.125]},"faces":{"north":{"uv":[6.66667,4.66667,8.66667,6.66667],"texture":"#0"},"east":{"uv":[6,12,6.66667,14],"texture":"#0"},"south":{"uv":[6,7.33333,8,9.33333],"texture":"#0"},"west":{"uv":[12,6,12.66667,8],"texture":"#0"},"up":{"uv":[14,2.66667,12,2],"texture":"#0"},"down":{"uv":[8.66667,12,6.66667,12.66667],"texture":"#0"}}},{"from":[7,6.05,0.875],"to":[9,8.05,3.375],"rotation":{"angle":0,"axis":"y","origin":[8,0,3.125]},"faces":{"north":{"uv":[11.33333,2.66667,12.66667,4],"texture":"#0"},"east":{"uv":[10,0,11.66667,1.33333],"texture":"#0"},"south":{"uv":[11.33333,4.66667,12.66667,6],"texture":"#0"},"west":{"uv":[10,1.33333,11.66667,2.66667],"texture":"#0"},"up":{"uv":[11.33333,9,10,7.33333],"texture":"#0"},"down":{"uv":[4,10.66667,2.66667,12.33333],"texture":"#0"}}},{"from":[7.25,6.3,0.375],"to":[8.75,7.8,0.875],"rotation":{"angle":0,"axis":"y","origin":[8,0,3.125]},"faces":{"east":{"uv":[14,4.66667,14.33333,5.66667],"texture":"#0"},"west":{"uv":[5.33333,14,5.66667,15],"texture":"#0"},"up":{"uv":[7,14.33333,6,14],"texture":"#0"},"down":{"uv":[15,6,14,6.33333],"texture":"#0"}}},{"from":[7.15,6.2,-1.125],"to":[8.85,7.9,0.375],"rotation":{"angle":0,"axis":"y","origin":[8,0,3.125]},"faces":{"north":{"uv":[10,11.33333,11.16667,12.5],"texture":"#0"},"east":{"uv":[11.33333,12,12.33333,13.16667],"texture":"#0"},"south":{"uv":[11.33333,10.66667,12.5,11.83333],"texture":"#0"},"west":{"uv":[0,12.66667,1,13.83333],"texture":"#0"},"up":{"uv":[13.83333,1,12.66667,0],"texture":"#0"},"down":{"uv":[2.5,12.66667,1.33333,13.66667],"texture":"#0"}}},{"from":[7.15,6.2,3.375],"to":[8.85,7.9,3.875],"rotation":{"angle":0,"axis":"y","origin":[8,0,3.125]},"faces":{"east":{"uv":[13.33333,12.66667,13.66667,13.83333],"texture":"#0"},"west":{"uv":[0,14,0.33333,15.16667],"texture":"#0"},"up":{"uv":[15.16667,0.33333,14,0],"texture":"#0"},"down":{"uv":[1.83333,14,0.66667,14.33333],"texture":"#0"}}},{"from":[7.25,6.3,11.375],"to":[8.75,7.8,11.875],"rotation":{"angle":0,"axis":"y","origin":[8,0,3.125]},"faces":{"east":{"uv":[14,6.66667,14.33333,7.66667],"texture":"#0"},"west":{"uv":[7.33333,14,7.66667,15],"texture":"#0"},"up":{"uv":[15,9,14,8.66667],"texture":"#0"},"down":{"uv":[15,9.33333,14,9.66667],"texture":"#0"}}},{"from":[7.5,8.3,15.875],"to":[8.5,8.8,16.875],"rotation":{"angle":0,"axis":"y","origin":[7.5,8.3,9.375]},"faces":{"north":{"uv":[1.33333,14.66667,2,15],"texture":"#0"},"east":{"uv":[2,14.66667,2.66667,15],"texture":"#0"},"south":{"uv":[14.66667,2.66667,15.33333,3],"texture":"#0"},"west":{"uv":[14.66667,3.33333,15.33333,3.66667],"texture":"#0"},"up":{"uv":[12,14,11.33333,13.33333],"texture":"#0"}}},{"from":[7.75,3.27373,10.47381],"to":[8.25,4.77373,11.47381],"rotation":{"angle":-22.5,"axis":"x","origin":[7.75,4.27373,10.47381]},"faces":{"north":{"uv":[14,10,14.33333,11],"texture":"#0"},"east":{"uv":[12.66667,12.66667,13.33333,13.66667],"texture":"#0"},"west":{"uv":[4,13.33333,4.66667,14.33333],"texture":"#0"}}},{"from":[7.65,3.24985,10.6315],"to":[8.35,3.74985,11.9815],"rotation":{"angle":0,"axis":"x","origin":[8,3.09985,11.3565]},"faces":{"north":{"uv":[6,14.66667,6.5,15],"texture":"#0"},"east":{"uv":[14,12.66667,14.83333,13],"texture":"#0"},"west":{"uv":[14,13.33333,14.83333,13.66667],"texture":"#0"},"up":{"uv":[13.83333,12.16667,13.33333,11.33333],"texture":"#0"},"down":{"uv":[12.5,13.33333,12,14.16667],"texture":"#0"}}}],"gui_light":"front","display":{"thirdperson_righthand":{"translation":[0,3.5,-2.25]},"thirdperson_lefthand":{"translation":[0,3.5,-2.25]},"firstperson_righthand":{"translation":[-2.5,6.25,1.25]},"firstperson_lefthand":{"translation":[-2.5,6.25,1.25]},"ground":{"rotation":[45,0,0],"translation":[0,6.25,0]},"gui":{"rotation":[-90,135,90],"translation":[0.25,1,0]},"head":{"rotation":[90,-45,90],"translation":[1.25,0,0]},"fixed":{"rotation":[90,-45,90],"translation":[-0.25,3,-1.5],"scale":[2.39257,2.39257,2.39257]}}}