{"textures":{"0":"modelengine:entity/voiddragon","particle":"#0"},"elements":[{"from":[21.608692,8.838272,20.77045],"to":[22.064037,8.838272,23.047186],"faces":{"up":{"uv":[6.3125,9.15625,6.25,8.84375],"tintindex":0,"rotation":0,"texture":"#0"},"down":{"uv":[5.71875,8.84375,5.65625,9.15625],"tintindex":0,"rotation":0,"texture":"#0"}},"rotation":{"origin":[21.836365,8.838272,21.908817],"angle":22.5,"axis":"y"}},{"from":[7.621252,8.6108265,8.669675],"to":[14.10995,9.066174,9.352695],"faces":{"east":{"uv":[8.96875,6.59375,9.0625,6.65625],"tintindex":0,"rotation":0,"texture":"#0"},"south":{"uv":[8.15625,0.59375,9.046875,0.65625],"tintindex":0,"rotation":0,"texture":"#0"},"north":{"uv":[8.09375,3.34375,8.984375,3.40625],"tintindex":0,"rotation":0,"texture":"#0"},"west":{"uv":[8.96875,6.65625,9.0625,6.71875],"tintindex":0,"rotation":0,"texture":"#0"},"up":{"uv":[8.609375,1.78125,7.71875,1.6875],"tintindex":0,"rotation":0,"texture":"#0"},"down":{"uv":[8.609375,1.78125,7.71875,1.875],"tintindex":0,"rotation":0,"texture":"#0"}},"rotation":{"origin":[10.865602,8.8385,9.011185],"angle":-22.5,"axis":"y"}},{"from":[20.09377,8.673436,15.428059],"to":[20.321445,9.003563,20.525246],"faces":{"east":{"uv":[8.46875,7.75,9.3125,7.796875],"tintindex":0,"rotation":0,"texture":"#0"},"south":{"uv":[9.0625,4.46875,9.09375,4.515625],"tintindex":0,"rotation":0,"texture":"#0"},"north":{"uv":[4.46875,9.0625,4.5,9.109375],"tintindex":0,"rotation":0,"texture":"#0"},"west":{"uv":[8.46875,7.8125,9.3125,7.859375],"tintindex":0,"rotation":0,"texture":"#0"},"up":{"uv":[5.65625,9.53125,5.625,8.6875],"tintindex":0,"rotation":0,"texture":"#0"},"down":{"uv":[1.5,8.71875,1.46875,9.5625],"tintindex":0,"rotation":0,"texture":"#0"}},"rotation":{"origin":[20.207607,8.8385,17.976652],"angle":22.5,"axis":"y"}},{"from":[5.9437847,8.838272,7.5675535],"to":[18.124321,8.838272,26.307484],"faces":{"up":{"uv":[5.046875,8.0625,3.375,5.375],"tintindex":0,"rotation":0,"texture":"#0"},"down":{"uv":[5.046875,5.375,3.375,8.0625],"tintindex":0,"rotation":0,"texture":"#0"}},"rotation":{"origin":[12.034053,8.838272,16.93752],"angle":45.0,"axis":"y"}},{"from":[12.601893,8.667745,12.728109],"to":[20.456635,9.009254,13.183456],"faces":{"east":{"uv":[9.03125,7.625,9.09375,7.671875],"tintindex":0,"rotation":0,"texture":"#0"},"south":{"uv":[8.28125,2.4375,9.359375,2.484375],"tintindex":0,"rotation":0,"texture":"#0"},"north":{"uv":[8.28125,2.375,9.359375,2.421875],"tintindex":0,"rotation":0,"texture":"#0"},"west":{"uv":[7.6875,9.03125,7.75,9.078125],"tintindex":0,"rotation":0,"texture":"#0"},"up":{"uv":[9.015625,6.125,7.9375,6.0625],"tintindex":0,"rotation":0,"texture":"#0"},"down":{"uv":[9.109375,1.21875,8.03125,1.28125],"tintindex":0,"rotation":0,"texture":"#0"}},"rotation":{"origin":[16.529263,8.8385,12.955783],"angle":-45.0,"axis":"y"}},{"from":[21.064148,8.6108265,20.309582],"to":[21.519493,9.066174,20.878767],"faces":{"east":{"uv":[4.84375,9.0,4.921875,9.0625],"tintindex":0,"rotation":0,"texture":"#0"},"south":{"uv":[2.71875,9.03125,2.78125,9.09375],"tintindex":0,"rotation":0,"texture":"#0"},"north":{"uv":[9.03125,2.65625,9.09375,2.71875],"tintindex":0,"rotation":0,"texture":"#0"},"west":{"uv":[4.9375,9.0,5.015625,9.0625],"tintindex":0,"rotation":0,"texture":"#0"},"up":{"uv":[9.0625,5.078125,9.0,5.0],"tintindex":0,"rotation":0,"texture":"#0"},"down":{"uv":[5.09375,9.0,5.03125,9.078125],"tintindex":0,"rotation":0,"texture":"#0"}},"rotation":{"origin":[21.29182,8.8385,20.594173],"angle":22.5,"axis":"y"}}],"display":{"head":{"rotation":[0.0,0.0,0.0]},"firstperson_righthand":{"rotation":[0.0,0.0,0.0]},"thirdperson_lefthand":{"rotation":[0.0,-0.0,-0.0]},"firstperson_lefthand":{"rotation":[0.0,-0.0,-0.0]},"fixed":{"rotation":[0.0,0.0,0.0]},"ground":{"rotation":[0.0,0.0,0.0]},"thirdperson_righthand":{"rotation":[0.0,0.0,0.0]},"gui":{"rotation":[-150.0,-45.0,180.0]}}}