{"textures​":{"layer0":"minecraft:item/red_banner"},"credit":"Made with Blockbench","texture_size":[64,64],"\u0074\u0065\u0078\u0074\u0075\u0072\u0065\u0073":{"0":"\u0068\u0061\u0074\u0073_\u0065\u0078\u0070\u0061\u006e\u0073\u0069\u006f\u006e:\u0073\u0065\u006e\u0073\u0065\u0069","\u0070\u0061\u0072\u0074\u0069\u0063\u006c\u0065":"\u0068\u0061\u0074\u0073_\u0065\u0078\u0070\u0061\u006e\u0073\u0069\u006f\u006e:\u0073\u0065\u006e\u0073\u0065\u0069"},"elements":[{"from":[7,5.5,7],"to":[9,7.5,9],"rotation":{"angle":0,"axis":"y","origin":[0,-3,0]},"faces":{"north":{"uv":[10.5,2.25,11,2.75],"texture":"#0"},"east":{"uv":[10.5,2.75,11,3.25],"texture":"#0"},"south":{"uv":[10.5,3.25,11,3.75],"texture":"#0"},"west":{"uv":[10.5,3.75,11,4.25],"texture":"#0"},"up":{"uv":[11,4.75,10.5,4.25],"texture":"#0"},"down":{"uv":[11,4.75,10.5,5.25],"texture":"#0"}}},{"from":[-1.25,-0.75,1],"to":[-1.25,8.25,15],"rotation":{"angle":-45,"axis":"z","origin":[0,-3,0]},"faces":{"north":{"uv":[0,0,0,2.25],"texture":"#0"},"east":{"uv":[3.5,9,7,11.25],"texture":"#0"},"south":{"uv":[0,0,0,2.25],"texture":"#0"},"west":{"uv":[3.5,9,7,11.25],"texture":"#0"},"up":{"uv":[0,3.5,0,0],"texture":"#0"},"down":{"uv":[0,0,0,3.5],"texture":"#0"}}},{"from":[12.75,-12,1],"to":[12.75,-3,15],"rotation":{"angle":45,"axis":"z","origin":[0,-3,0]},"faces":{"north":{"uv":[0,0,0,2.25],"texture":"#0"},"east":{"uv":[3.5,9,7,11.25],"texture":"#0"},"south":{"uv":[0,0,0,2.25],"texture":"#0"},"west":{"uv":[3.5,9,7,11.25],"texture":"#0"},"up":{"uv":[0,3.5,0,0],"texture":"#0"},"down":{"uv":[0,0,0,3.5],"texture":"#0"}}},{"from":[1,-12,12.75],"to":[15,-3,12.75],"rotation":{"angle":-45,"axis":"x","origin":[0,-3,0]},"faces":{"north":{"uv":[3.5,9,7,11.25],"texture":"#0"},"east":{"uv":[0,0,0,2.25],"texture":"#0"},"south":{"uv":[3.5,9,7,11.25],"texture":"#0"},"west":{"uv":[0,0,0,2.25],"texture":"#0"},"up":{"uv":[3.5,0,0,0],"texture":"#0"},"down":{"uv":[3.5,0,0,0],"texture":"#0"}}},{"from":[1,-0.5,-1.25],"to":[15,8.5,-1.25],"rotation":{"angle":45,"axis":"x","origin":[0,-3,0]},"faces":{"north":{"uv":[3.5,9,7,11.25],"texture":"#0"},"east":{"uv":[0,0,0,2.25],"texture":"#0"},"south":{"uv":[3.5,9,7,11.25],"texture":"#0"},"west":{"uv":[0,0,0,2.25],"texture":"#0"},"up":{"uv":[3.5,0,0,0],"texture":"#0"},"down":{"uv":[3.5,0,0,0],"texture":"#0"}}},{"from":[-1.5,-0.5,1],"to":[-1.5,8.5,15],"rotation":{"angle":-45,"axis":"z","origin":[0,-3,0]},"faces":{"north":{"uv":[0,0,0,2.25],"texture":"#0"},"east":{"uv":[0,0,3.5,2.25],"texture":"#0","tintindex":0},"south":{"uv":[0,0,0,2.25],"texture":"#0"},"west":{"uv":[0,2.25,3.5,4.5],"texture":"#0","tintindex":0},"up":{"uv":[0,3.5,0,0],"texture":"#0"},"down":{"uv":[0,0,0,3.5],"texture":"#0"}}},{"from":[1,-0.5,-1.25],"to":[15,8.5,-1.25],"rotation":{"angle":45,"axis":"x","origin":[0,-3,0]},"faces":{"north":{"uv":[3.5,0,7,2.25],"texture":"#0","tintindex":0},"east":{"uv":[0,0,0,2.25],"texture":"#0"},"south":{"uv":[3.5,2.25,7,4.5],"texture":"#0","tintindex":0},"west":{"uv":[0,0,0,2.25],"texture":"#0"},"up":{"uv":[3.5,0,0,0],"texture":"#0"},"down":{"uv":[3.5,0,0,0],"texture":"#0"}}},{"from":[12.75,-12,1],"to":[12.75,-3,15],"rotation":{"angle":45,"axis":"z","origin":[0,-3,0]},"faces":{"north":{"uv":[0,0,0,2.25],"texture":"#0"},"east":{"uv":[0,4.5,3.5,6.75],"texture":"#0","tintindex":0},"south":{"uv":[0,0,0,2.25],"texture":"#0"},"west":{"uv":[3.5,4.5,7,6.75],"texture":"#0","tintindex":0},"up":{"uv":[0,3.5,0,0],"texture":"#0"},"down":{"uv":[0,0,0,3.5],"texture":"#0"}}},{"from":[1,-12,12.75],"to":[15,-3,12.75],"rotation":{"angle":-45,"axis":"x","origin":[0,-3,0]},"faces":{"north":{"uv":[0,6.75,3.5,9],"texture":"#0","tintindex":0},"east":{"uv":[0,0,0,2.25],"texture":"#0"},"south":{"uv":[3.5,6.75,7,9],"texture":"#0","tintindex":0},"west":{"uv":[0,0,0,2.25],"texture":"#0"},"up":{"uv":[3.5,0,0,0],"texture":"#0"},"down":{"uv":[3.5,0,0,0],"texture":"#0"}}}],"display":{"thirdperson_righthand":{"rotation":[40,40,0],"scale":[0.5,0.5,0.5]},"thirdperson_lefthand":{"rotation":[40,40,0],"scale":[0.5,0.5,0.5]},"firstperson_righthand":{"rotation":[0,119,0],"translation":[4.7,0.7,-5],"scale":[0.7,0.7,0.7]},"firstperson_lefthand":{"rotation":[0,119,0],"translation":[4.75,0.7,-5],"scale":[0.7,0.7,0.7]},"ground":{"scale":[0.6,0.6,0.6]},"gui":{"rotation":[41,137,0],"translation":[0.25,4.25,0],"scale":[0.75,0.75,0.75]},"head":{"rotation":[5,0,0],"translation":[0,18,1],"scale":[2,2,2]}},"gui_light":"front"}