{"textures​":{"2":"\u0068\u0061\u0074\u0073_\u0065\u0078\u0070\u0061\u006e\u0073\u0069\u006f\u006e:\u0073\u006f\u006d\u0062\u0072\u0065\u0072\u006f","\u0070\u0061\u0072\u0074\u0069\u0063\u006c\u0065":"\u0068\u0061\u0074\u0073_\u0065\u0078\u0070\u0061\u006e\u0073\u0069\u006f\u006e:\u0073\u006f\u006d\u0062\u0072\u0065\u0072\u006f"},"credit":"Made with Blockbench","texture_size":[128,128],"\u0074\u0065\u0078\u0074\u0075\u0072\u0065\u0073":{"2":"\u0068\u0061\u0074\u0073_\u0065\u0078\u0070\u0061\u006e\u0073\u0069\u006f\u006e:\u0073\u006f\u006d\u0062\u0072\u0065\u0072\u006f","\u0070\u0061\u0072\u0074\u0069\u0063\u006c\u0065":"\u0068\u0061\u0074\u0073_\u0065\u0078\u0070\u0061\u006e\u0073\u0069\u006f\u006e:\u0073\u006f\u006d\u0062\u0072\u0065\u0072\u006f"},"elements":[{"from":[4,3,3],"to":[12,10,11],"faces":{"north":{"uv":[8.5,7,9.5,7.875],"texture":"#2"},"east":{"uv":[8.75,0,9.75,0.875],"texture":"#2"},"south":{"uv":[8.75,0.875,9.75,1.75],"texture":"#2"},"west":{"uv":[8.75,1.75,9.75,2.625],"texture":"#2"},"up":{"uv":[7.75,7,6.75,6],"texture":"#2"},"down":{"uv":[7.5,7,6.5,8],"texture":"#2"}}},{"from":[-1,1,-2],"to":[17,3,16],"faces":{"north":{"uv":[8.75,5.125,11,5.375],"texture":"#2"},"east":{"uv":[8.75,5.375,11,5.625],"texture":"#2"},"south":{"uv":[8.75,5.625,11,5.875],"texture":"#2"},"west":{"uv":[8.75,5.875,11,6.125],"texture":"#2"},"up":{"uv":[4.5,2.25,2.25,0],"texture":"#2"},"down":{"uv":[4.5,2.25,2.25,4.5],"texture":"#2"}}},{"from":[-1,3,-2],"to":[17,5,16],"faces":{"north":{"uv":[4.25,8.75,6.5,9],"texture":"#2"},"east":{"uv":[8.75,4.375,11,4.625],"texture":"#2"},"south":{"uv":[8.75,4.625,11,4.875],"texture":"#2"},"west":{"uv":[8.75,4.875,11,5.125],"texture":"#2"},"up":{"uv":[2.25,2.25,0,0],"texture":"#2"},"down":{"uv":[2.25,2.25,0,4.5],"texture":"#2"}}},{"name":"cube inverted","from":[17,5,16],"to":[-1,3,-2],"faces":{"north":{"uv":[8.75,6.125,11,6.375],"texture":"#2"},"east":{"uv":[8.75,6.375,11,6.625],"texture":"#2"},"south":{"uv":[8.75,6.625,11,6.875],"texture":"#2"},"west":{"uv":[8.75,7.875,11,8.125],"texture":"#2"},"up":{"uv":[2.25,6.75,0,4.5],"texture":"#2"},"down":{"uv":[6.75,0,4.5,2.25],"texture":"#2"}}},{"from":[4,3,3],"to":[12,10,11],"faces":{"north":{"uv":[2.25,8.75,3.25,9.625],"texture":"#2","tintindex":0},"east":{"uv":[8.75,2.625,9.75,3.5],"texture":"#2","tintindex":0},"south":{"uv":[3.25,8.75,4.25,9.625],"texture":"#2","tintindex":0},"west":{"uv":[8.75,3.5,9.75,4.375],"texture":"#2","tintindex":0},"up":{"uv":[8.5,8,7.5,7],"texture":"#2"},"down":{"uv":[8.75,6,7.75,7],"texture":"#2"}}},{"name":"cube inverted","from":[17,5,16],"to":[-1,3,-2],"faces":{"north":{"uv":[8.75,8.125,11,8.375],"texture":"#2","tintindex":0},"east":{"uv":[8.75,8.375,11,8.625],"texture":"#2","tintindex":0},"south":{"uv":[8.75,8.625,11,8.875],"texture":"#2","tintindex":0},"west":{"uv":[6.5,8.875,8.75,9.125],"texture":"#2","tintindex":0},"up":{"uv":[4.5,6.75,2.25,4.5],"texture":"#2"},"down":{"uv":[6.75,2.25,4.5,4.5],"texture":"#2"}}},{"from":[-1,3,-2],"to":[17,5,16],"faces":{"north":{"uv":[8.75,8.875,11,9.125],"texture":"#2","tintindex":0},"east":{"uv":[0,9,2.25,9.25],"texture":"#2","tintindex":0},"south":{"uv":[4.25,9,6.5,9.25],"texture":"#2","tintindex":0},"west":{"uv":[6.5,9.125,8.75,9.375],"texture":"#2","tintindex":0},"up":{"uv":[6.75,6.75,4.5,4.5],"texture":"#2"},"down":{"uv":[2.25,6.75,0,9],"texture":"#2"}}},{"from":[3.5,2,2.5],"to":[12.5,9,11.5],"faces":{"north":{"uv":[4.25,7.875,5.375,8.75],"texture":"#2","tintindex":0},"east":{"uv":[5.375,7.875,6.5,8.75],"texture":"#2","tintindex":0},"south":{"uv":[6.5,8,7.625,8.875],"texture":"#2","tintindex":0},"west":{"uv":[7.625,8,8.75,8.875],"texture":"#2","tintindex":0},"up":{"uv":[5.375,7.875,4.25,6.75],"texture":"#2"},"down":{"uv":[6.5,6.75,5.375,7.875],"texture":"#2"}}},{"from":[0,-1,-1],"to":[16,1,15],"faces":{"north":{"uv":[8.75,9.125,10.75,9.375],"texture":"#2","tintindex":0},"east":{"uv":[0,9.25,2,9.5],"texture":"#2","tintindex":0},"south":{"uv":[4.25,9.25,6.25,9.5],"texture":"#2","tintindex":0},"west":{"uv":[6.25,9.375,8.25,9.625],"texture":"#2","tintindex":0},"up":{"uv":[8.75,2,6.75,0],"texture":"#2"},"down":{"uv":[8.75,2,6.75,4],"texture":"#2"}}},{"name":"cube inverted","from":[16,1,15],"to":[0,-1,-1],"faces":{"north":{"uv":[8.25,9.375,10.25,9.625],"texture":"#2","tintindex":0},"east":{"uv":[0,9.5,2,9.75],"texture":"#2","tintindex":0},"south":{"uv":[4.25,9.5,6.25,9.75],"texture":"#2","tintindex":0},"west":{"uv":[9.5,6.875,11.5,7.125],"texture":"#2","tintindex":0},"up":{"uv":[4.25,8.75,2.25,6.75],"texture":"#2"},"down":{"uv":[8.75,4,6.75,6],"texture":"#2"}}}],"display":{"thirdperson_righthand":{"rotation":[40,40,0],"scale":[0.4,0.4,0.4]},"thirdperson_lefthand":{"rotation":[40,40,0],"scale":[0.4,0.4,0.4]},"firstperson_righthand":{"rotation":[0,132,0],"translation":[4.2,3.2,-4],"scale":[0.5,0.5,0.5]},"firstperson_lefthand":{"rotation":[0,132,0],"translation":[4.25,3.25,-4],"scale":[0.5,0.5,0.5]},"ground":{"scale":[0.5,0.5,0.5]},"gui":{"rotation":[26,23,0],"translation":[0.75,2,0],"scale":[0.6,0.6,0.6]},"head":{"rotation":[4,0,0],"translation":[0,15.5,2.5],"scale":[1.85,1.85,1.85]}},"gui_light":"front"}