{"elements":[{"from":[7.428571,2.75636,8.8623705],"to":[8.571428,5.613503,10.005228],"rotation":{"angle":0.0,"axis":"y","origin":[9.714286,2.75636,7.148085]},"faces":{"east":{"uv":[8.5,8.75,9.0,10.0],"rotation":0,"texture":"#0","tintindex":0},"south":{"uv":[2.0,9.0,2.5,10.25],"rotation":0,"texture":"#0","tintindex":0},"north":{"uv":[8.0,8.75,8.5,10.0],"rotation":0,"texture":"#0","tintindex":0},"west":{"uv":[9.0,2.0,9.5,3.25],"rotation":0,"texture":"#0","tintindex":0},"up":{"uv":[10.0,6.0,9.5,5.5],"rotation":0,"texture":"#0","tintindex":0},"down":{"uv":[10.0,6.0,9.5,6.5],"rotation":0,"texture":"#0","tintindex":0}}},{"from":[7.142857,5.1091123,7.3903017],"to":[8.857143,9.109113,10.247445],"rotation":{"angle":-22.5,"axis":"x","origin":[8.0,7.042074,8.8623705]},"faces":{"east":{"uv":[0.0,6.0,1.25,7.75],"rotation":0,"texture":"#0","tintindex":0},"south":{"uv":[7.25,7.25,8.0,9.0],"rotation":0,"texture":"#0","tintindex":0},"north":{"uv":[6.5,7.25,7.25,9.0],"rotation":0,"texture":"#0","tintindex":0},"west":{"uv":[5.25,6.0,6.5,7.75],"rotation":0,"texture":"#0","tintindex":0},"up":{"uv":[6.0,9.0,5.25,7.75],"rotation":0,"texture":"#0","tintindex":0},"down":{"uv":[8.5,5.5,7.75,6.75],"rotation":0,"texture":"#0","tintindex":0}}},{"from":[6.5714283,2.8277884,7.7195134],"to":[7.714286,2.8277884,10.005228],"rotation":{"angle":0.0,"axis":"y","origin":[9.714286,2.75636,7.148085]},"faces":{"east":{"uv":[0.0,0.0,1.0,0.0],"rotation":0,"texture":"#0","tintindex":0},"south":{"uv":[0.0,0.0,0.5,0.0],"rotation":0,"texture":"#0","tintindex":0},"north":{"uv":[0.0,0.0,0.5,0.0],"rotation":0,"texture":"#0","tintindex":0},"west":{"uv":[0.0,0.0,1.0,0.0],"rotation":0,"texture":"#0","tintindex":0},"up":{"uv":[0.5,10.25,0.0,9.25],"rotation":0,"texture":"#0","tintindex":0},"down":{"uv":[9.75,0.0,9.25,1.0],"rotation":0,"texture":"#0","tintindex":0}}},{"from":[8.285714,2.8277884,7.7195134],"to":[9.428572,2.8277884,10.005228],"rotation":{"angle":0.0,"axis":"y","origin":[9.714286,2.75636,7.148085]},"faces":{"east":{"uv":[0.0,0.0,1.0,0.0],"rotation":0,"texture":"#0","tintindex":0},"south":{"uv":[0.0,0.0,0.5,0.0],"rotation":0,"texture":"#0","tintindex":0},"north":{"uv":[0.0,0.0,0.5,0.0],"rotation":0,"texture":"#0","tintindex":0},"west":{"uv":[0.0,0.0,1.0,0.0],"rotation":0,"texture":"#0","tintindex":0},"up":{"uv":[1.0,10.25,0.5,9.25],"rotation":0,"texture":"#0","tintindex":0},"down":{"uv":[1.5,9.25,1.0,10.25],"rotation":0,"texture":"#0","tintindex":0}}},{"from":[7.714286,2.75636,7.148085],"to":[8.285714,3.3277884,8.8623705],"rotation":{"angle":0.0,"axis":"y","origin":[9.714286,2.75636,7.148085]},"faces":{"east":{"uv":[8.5,6.5,9.25,6.75],"rotation":0,"texture":"#0","tintindex":0},"south":{"uv":[7.75,7.0,8.0,7.25],"rotation":0,"texture":"#0","tintindex":0},"north":{"uv":[7.75,6.75,8.0,7.0],"rotation":0,"texture":"#0","tintindex":0},"west":{"uv":[9.25,8.5,10.0,8.75],"rotation":0,"texture":"#0","tintindex":0},"up":{"uv":[9.75,7.25,9.5,6.5],"rotation":0,"texture":"#0","tintindex":0},"down":{"uv":[9.75,7.25,9.5,8.0],"rotation":0,"texture":"#0","tintindex":0}}}],"textures":{"0":"modelengine:entity/nm_cassowary_texture"},"display":{"head":{"translation":[0.0,-6.4,0.0],"scale":[4.0,4.0,4.0]}}}