{"elements":[{"from":[5.714286,6.51787,4.3525257],"to":[10.285714,11.089299,11.781097],"rotation":{"angle":0.0,"axis":"y","origin":[8.0,1.3219562,7.7585597]},"faces":{"east":{"uv":[0.0,0.0,3.25,2.0],"rotation":0,"texture":"#0","tintindex":0},"south":{"uv":[5.25,0.0,7.25,2.0],"rotation":0,"texture":"#0","tintindex":0},"north":{"uv":[0.0,4.0,2.0,6.0],"rotation":0,"texture":"#0","tintindex":0},"west":{"uv":[0.0,2.0,3.25,4.0],"rotation":0,"texture":"#0","tintindex":0},"up":{"uv":[5.25,3.25,3.25,0.0],"rotation":0,"texture":"#0","tintindex":0},"down":{"uv":[5.25,3.25,3.25,6.5],"rotation":0,"texture":"#0","tintindex":0}}},{"from":[6.285714,6.1239777,10.977596],"to":[9.714286,10.366836,12.720453],"rotation":{"angle":-22.5,"axis":"x","origin":[8.0,8.366835,10.43474]},"faces":{"east":{"uv":[1.25,6.0,2.0,8.0],"rotation":0,"texture":"#0","tintindex":0},"south":{"uv":[5.25,4.0,6.75,6.0],"rotation":0,"texture":"#0","tintindex":0},"north":{"uv":[5.25,2.0,6.75,4.0],"rotation":0,"texture":"#0","tintindex":0},"west":{"uv":[4.5,6.5,5.25,8.5],"rotation":0,"texture":"#0","tintindex":0},"up":{"uv":[9.0,4.75,7.5,4.0],"rotation":0,"texture":"#0","tintindex":0},"down":{"uv":[9.0,4.75,7.5,5.5],"rotation":0,"texture":"#0","tintindex":0}}}],"textures":{"0":"modelengine:entity/nm_cassowary_texture"},"display":{"head":{"translation":[0.0,-6.4,0.0],"scale":[4.0,4.0,4.0]}}}