{"textures​":{"layer0":"minecraft:item/pale_oak_pressure_plate"},"credit":"Made with Blockbench","\u0074\u0065\u0078\u0074\u0075\u0072\u0065\u0073":{"0":"\u0074\u0077\u0069\u006c\u0069\u0067\u0068\u0074_\u006f\u0066_\u0065\u006e\u0064\u0065\u0072:\u006b\u0065\u0079_0","1":"\u0074\u0077\u0069\u006c\u0069\u0067\u0068\u0074_\u006f\u0066_\u0065\u006e\u0064\u0065\u0072:\u006b\u0065\u0079_1","\u0070\u0061\u0072\u0074\u0069\u0063\u006c\u0065":"#0"},"elements":[{"from":[5.21076,10.85,7.12497],"to":[6.61076,13.45,7.12497],"faces":{"north":{"uv":[0,5,0.69,6.31],"texture":"#1"},"east":{"uv":[0,0,0,1.31],"texture":"#1"},"south":{"uv":[1,5,1.69,6.31],"texture":"#1"},"west":{"uv":[0,0,0,1.31],"texture":"#1"},"up":{"uv":[0.69,0,0,0],"texture":"#1"},"down":{"uv":[0.69,0,0,0],"texture":"#1"}},"rotation":{"origin":[5.61076,12.15,7.12497],"axis":"y","angle":45,"rescale":false}},{"from":[5.32821,11.85,7.40711],"to":[5.32821,14.45,9.80711],"faces":{"north":{"uv":[0,0,0,1.31],"texture":"#1"},"east":{"uv":[2.5,0,3.69,1.31],"texture":"#1"},"south":{"uv":[0,0,0,1.31],"texture":"#1"},"west":{"uv":[2.5,1.5,3.69,2.81],"texture":"#1"},"up":{"uv":[0,1.19,0,0],"texture":"#1"},"down":{"uv":[0,0,0,1.19],"texture":"#1"}}},{"from":[6,10.65,6.475],"to":[9,14.65,6.475],"faces":{"north":{"uv":[9,8,6,4],"texture":"#0"},"east":{"uv":[0,4,0,0],"texture":"#0"},"south":{"uv":[6,8,9,4],"texture":"#0"},"west":{"uv":[0,4,0,0],"texture":"#0"},"up":{"uv":[0,0,0,3],"texture":"#0","rotation":90},"down":{"uv":[0,0,0,3],"texture":"#0","rotation":270}},"rotation":{"origin":[7.5,12.65,6.475],"axis":"y","angle":-45,"rescale":false}},{"from":[6.03532,12.85,9.51422],"to":[6.03532,15.45,11.91422],"faces":{"north":{"uv":[0,0,0,1.31],"texture":"#1"},"east":{"uv":[2.5,3,3.69,4.31],"texture":"#1"},"south":{"uv":[0,0,0,1.31],"texture":"#1"},"west":{"uv":[4,0,5.19,1.31],"texture":"#1"},"up":{"uv":[0,1.19,0,0],"texture":"#1"},"down":{"uv":[0,0,0,1.19],"texture":"#1"}},"rotation":{"origin":[6.03532,14.15,10.51422],"axis":"y","angle":45,"rescale":false}},{"from":[6.31716,9.85,6.41816],"to":[7.21716,12.45,6.41816],"faces":{"north":{"uv":[4,6,4.44,7.31],"texture":"#1"},"east":{"uv":[0,0,0,1.31],"texture":"#1"},"south":{"uv":[4.5,6,4.94,7.31],"texture":"#1"},"west":{"uv":[0,0,0,1.31],"texture":"#1"},"up":{"uv":[0.44,0,0,0],"texture":"#1"},"down":{"uv":[0.44,0,0,0],"texture":"#1"}}},{"from":[6.5,17.25,8.8],"to":[9.5,21.25,8.8],"faces":{"north":{"uv":[9,4,6,8],"texture":"#0"},"east":{"uv":[0,0,0,4],"texture":"#0"},"south":{"uv":[6,4,9,8],"texture":"#0"},"west":{"uv":[0,0,0,4],"texture":"#0"},"up":{"uv":[0,0,0,3],"texture":"#0","rotation":270},"down":{"uv":[0,0,0,3],"texture":"#0","rotation":90}},"rotation":{"origin":[8,19.25,8.8],"axis":"y","angle":-45,"rescale":false}},{"from":[6.825,9.75,7.45],"to":[6.825,11.6,8.55],"faces":{"north":{"uv":[0,0,0,0.94],"texture":"#1"},"east":{"uv":[7,2,7.56,2.94],"texture":"#1"},"south":{"uv":[0,0,0,0.94],"texture":"#1"},"west":{"uv":[7,3,7.56,3.94],"texture":"#1"},"up":{"uv":[0,0.56,0,0],"texture":"#1"},"down":{"uv":[0,0,0,0.56],"texture":"#1"}}},{"from":[6.861,-1.45,7.60555],"to":[6.861,4.55,8.00555],"faces":{"north":{"uv":[0,0,0,3],"texture":"#1"},"east":{"uv":[1,6.5,1.19,9.5],"texture":"#1"},"south":{"uv":[0,0,0,3],"texture":"#1"},"west":{"uv":[1.5,6.5,1.69,9.5],"texture":"#1"},"up":{"uv":[0,0.19,0,0],"texture":"#1"},"down":{"uv":[0,0,0,0.19],"texture":"#1"}},"rotation":{"origin":[8,3.45,8],"axis":"y","angle":45,"rescale":false}},{"from":[6.861,8.25,7.60555],"to":[6.861,10.25,8.00555],"faces":{"north":{"uv":[0,0,0,1],"texture":"#1"},"east":{"uv":[9,1,9.19,2],"texture":"#1"},"south":{"uv":[0,0,0,1],"texture":"#1"},"west":{"uv":[2,9,2.19,10],"texture":"#1"},"up":{"uv":[0,0.19,0,0],"texture":"#1"},"down":{"uv":[0,0,0,0.19],"texture":"#1"}},"rotation":{"origin":[8,7.35,8],"axis":"y","angle":45,"rescale":false}},{"from":[6.875,9.75,7.45],"to":[7.375,11.6,8.55],"faces":{"north":{"uv":[2,5,2.25,5.94],"texture":"#1"},"east":{"uv":[7,0,7.56,0.94],"texture":"#1"},"south":{"uv":[8.5,7.5,8.75,8.44],"texture":"#1"},"west":{"uv":[7,1,7.56,1.94],"texture":"#1"},"up":{"uv":[3.25,9.56,3,9],"texture":"#1"},"down":{"uv":[9.25,3,9,3.56],"texture":"#1"}}},{"from":[6.9539,5.55,8.04298],"to":[6.9539,11.55,8.44298],"faces":{"north":{"uv":[0,0,0,3],"texture":"#1"},"east":{"uv":[6,6,6.19,9],"texture":"#1"},"south":{"uv":[0,0,0,3],"texture":"#1"},"west":{"uv":[0,6.5,0.19,9.5],"texture":"#1"},"up":{"uv":[0,0.19,0,0],"texture":"#1"},"down":{"uv":[0,0,0,0.19],"texture":"#1"}},"rotation":{"origin":[8,7.35,8],"axis":"y","angle":-45,"rescale":false}},{"from":[6.97019,1.55,7.92374],"to":[6.97019,5.55,8.32374],"faces":{"north":{"uv":[0,0,0,2],"texture":"#1"},"east":{"uv":[8,4,8.19,6],"texture":"#1"},"south":{"uv":[0,0,0,2],"texture":"#1"},"west":{"uv":[8,6,8.19,8],"texture":"#1"},"up":{"uv":[0,0.19,0,0],"texture":"#1"},"down":{"uv":[0,0,0,0.19],"texture":"#1"}},"rotation":{"origin":[8,3.45,8],"axis":"y","angle":-45,"rescale":false}},{"from":[7,13.15,7],"to":[9,15.15,9],"faces":{"north":{"uv":[9,0,11,2],"texture":"#0"},"east":{"uv":[11,6,9,8],"texture":"#0"},"south":{"uv":[9,4,11,6],"texture":"#0"},"west":{"uv":[9,6,11,8],"texture":"#0"},"up":{"uv":[12,10,10,8],"texture":"#0"},"down":{"uv":[12,10,10,12],"texture":"#0"}}},{"from":[7,15.15,7],"to":[8,15.9,8],"faces":{"north":{"uv":[12,11,13,11.75],"texture":"#0"},"east":{"uv":[12,12,13,12.75],"texture":"#0"},"south":{"uv":[13,2,14,2.75],"texture":"#0"},"west":{"uv":[13,3,14,3.75],"texture":"#0"},"up":{"uv":[13,8,12,7],"texture":"#0"},"down":{"uv":[13,8,12,9],"texture":"#0"}}},{"from":[7.125,13.91066,7.00711],"to":[7.925,14.43566,7.53211],"faces":{"north":{"uv":[13,9,13.75,9.5],"texture":"#0"},"east":{"uv":[13,13,13.5,13.5],"texture":"#0"},"south":{"uv":[10,13,10.75,13.5],"texture":"#0"},"west":{"uv":[13,13,13.5,13.5],"texture":"#0"},"up":{"uv":[13.75,10.5,13,10],"texture":"#0"},"down":{"uv":[11.75,13,11,13.5],"texture":"#0"}},"rotation":{"origin":[7.4,15.16066,6.75711],"axis":"x","angle":45,"rescale":false}},{"from":[7.125,16.16066,7.00711],"to":[7.925,16.68566,7.53211],"faces":{"north":{"uv":[13,5,13.75,5.5],"texture":"#0"},"east":{"uv":[12,13,12.5,13.5],"texture":"#0"},"south":{"uv":[13,6,13.75,6.5],"texture":"#0"},"west":{"uv":[12,13,12.5,13.5],"texture":"#0"},"up":{"uv":[13.75,7.5,13,7],"texture":"#0"},"down":{"uv":[13.75,8,13,8.5],"texture":"#0"}},"rotation":{"origin":[7.4,17.41066,6.75711],"axis":"x","angle":45,"rescale":false}},{"from":[7.15,14.1,6.05],"to":[7.9,16.35,6.8],"faces":{"north":{"uv":[6,11,6.75,13.25],"texture":"#0"},"east":{"uv":[9,11,9.75,13.25],"texture":"#0"},"south":{"uv":[8,11,8.75,13.25],"texture":"#0"},"west":{"uv":[9,11,9.75,13.25],"texture":"#0"},"up":{"uv":[13.75,4.75,13,4],"texture":"#0"},"down":{"uv":[5.75,13,5,13.75],"texture":"#0"}}},{"from":[7.19069,9,8.21213],"to":[7.69069,11.875,8.81213],"faces":{"north":{"uv":[7,8,7.25,9.44],"texture":"#1"},"east":{"uv":[2,7.5,2.31,8.94],"texture":"#1"},"south":{"uv":[7.5,8,7.75,9.44],"texture":"#1"},"west":{"uv":[2.5,7.5,2.81,8.94],"texture":"#1"},"up":{"uv":[9.75,5.31,9.5,5],"texture":"#1"},"down":{"uv":[5.75,9.5,5.5,9.81],"texture":"#1"}},"rotation":{"origin":[7.44069,10.675,8.76213],"axis":"y","angle":45,"rescale":false}},{"from":[7.19069,9.25,7.18787],"to":[7.69069,12.1,7.78787],"faces":{"north":{"uv":[8,8,8.25,9.44],"texture":"#1"},"east":{"uv":[3,7.5,3.31,8.94],"texture":"#1"},"south":{"uv":[8.5,0,8.75,1.44],"texture":"#1"},"west":{"uv":[3.5,7.5,3.81,8.94],"texture":"#1"},"up":{"uv":[9.75,5.81,9.5,5.5],"texture":"#1"},"down":{"uv":[6.25,9.5,6,9.81],"texture":"#1"}},"rotation":{"origin":[7.44069,10.675,7.23787],"axis":"y","angle":-45,"rescale":false}},{"from":[7.35307,9,8.70377],"to":[7.75307,9.875,9.20377],"faces":{"north":{"uv":[0.5,9.5,0.69,9.94],"texture":"#1"},"east":{"uv":[9,4.5,9.25,4.94],"texture":"#1"},"south":{"uv":[9.5,0.5,9.69,0.94],"texture":"#1"},"west":{"uv":[5,9,5.25,9.44],"texture":"#1"},"up":{"uv":[9.69,7.75,9.5,7.5],"texture":"#1"},"down":{"uv":[8.19,9.5,8,9.75],"texture":"#1"}},"rotation":{"origin":[7.90307,8.675,8.95377],"axis":"y","angle":-22.5,"rescale":false}},{"from":[7.35307,9.25,6.79623],"to":[7.75307,10.1,7.29623],"faces":{"north":{"uv":[1,9.5,1.19,9.94],"texture":"#1"},"east":{"uv":[9,5,9.25,5.44],"texture":"#1"},"south":{"uv":[9.5,1,9.69,1.44],"texture":"#1"},"west":{"uv":[5.5,9,5.75,9.44],"texture":"#1"},"up":{"uv":[9.69,8.25,9.5,8],"texture":"#1"},"down":{"uv":[8.69,9.5,8.5,9.75],"texture":"#1"}},"rotation":{"origin":[7.90307,8.925,7.04623],"axis":"y","angle":22.5,"rescale":false}},{"from":[7.35307,11,8.70377],"to":[7.75307,11.875,9.20377],"faces":{"north":{"uv":[0,9.5,0.19,9.94],"texture":"#1"},"east":{"uv":[9,4,9.25,4.44],"texture":"#1"},"south":{"uv":[9.5,0,9.69,0.44],"texture":"#1"},"west":{"uv":[4.5,9,4.75,9.44],"texture":"#1"},"up":{"uv":[9.69,7.25,9.5,7],"texture":"#1"},"down":{"uv":[7.69,9.5,7.5,9.75],"texture":"#1"}},"rotation":{"origin":[7.90307,10.7,8.95377],"axis":"y","angle":-22.5,"rescale":false}},{"from":[7.35307,11.25,6.79623],"to":[7.75307,12.1,7.29623],"faces":{"north":{"uv":[1.5,9.5,1.69,9.94],"texture":"#1"},"east":{"uv":[9,5.5,9.25,5.94],"texture":"#1"},"south":{"uv":[9.5,1.5,9.69,1.94],"texture":"#1"},"west":{"uv":[6,9,6.25,9.44],"texture":"#1"},"up":{"uv":[9.69,8.75,9.5,8.5],"texture":"#1"},"down":{"uv":[9.19,9.5,9,9.75],"texture":"#1"}},"rotation":{"origin":[7.90307,10.925,7.04623],"axis":"y","angle":22.5,"rescale":false}},{"from":[7.475,16.28388,9.09099],"to":[8.525,17.35888,10.16599],"faces":{"north":{"uv":[12,2,13,3.12],"texture":"#0"},"east":{"uv":[2.12,12,1,13.12],"texture":"#0"},"south":{"uv":[3,12,4,13.12],"texture":"#0"},"west":{"uv":[1,12,2.12,13.12],"texture":"#0"},"up":{"uv":[5,13.12,4,12],"texture":"#0"},"down":{"uv":[13,4,12,5.12],"texture":"#0"}},"rotation":{"origin":[8,18.03388,9.59099],"axis":"x","angle":45,"rescale":false}},{"from":[7.5,9.25,6.3],"to":[7.5,11.85,7.7],"faces":{"north":{"uv":[0,0,0,1.31],"texture":"#1"},"east":{"uv":[5.5,0,6.19,1.31],"texture":"#1"},"south":{"uv":[0,0,0,1.31],"texture":"#1"},"west":{"uv":[5.5,1.5,6.19,2.81],"texture":"#1"},"up":{"uv":[0,0.69,0,0],"texture":"#1"},"down":{"uv":[0,0,0,0.69],"texture":"#1"}},"rotation":{"origin":[7.5,10.55,6.7],"axis":"y","angle":45,"rescale":false}},{"from":[7.5,10.65,4.975],"to":[7.5,14.65,7.975],"faces":{"north":{"uv":[0,4,0,0],"texture":"#0"},"east":{"uv":[9,8,6,4],"texture":"#0"},"south":{"uv":[0,4,0,0],"texture":"#0"},"west":{"uv":[6,8,9,4],"texture":"#0"},"up":{"uv":[0,3,0,0],"texture":"#0"},"down":{"uv":[0,3,0,0],"texture":"#0"}},"rotation":{"origin":[7.5,12.65,6.475],"axis":"y","angle":-45,"rescale":false}},{"from":[7.5,14.4,8],"to":[8.5,17.15,9.5],"faces":{"north":{"uv":[11,0,12,2.75],"texture":"#0"},"east":{"uv":[6,8,7.5,10.75],"texture":"#0"},"south":{"uv":[11,3,12,5.75],"texture":"#0"},"west":{"uv":[8,8,9.5,10.75],"texture":"#0"},"up":{"uv":[12,7.5,11,6],"texture":"#0"},"down":{"uv":[1,12,0,13.5],"texture":"#0"}}},{"from":[7.55,1.0875,7.6875],"to":[8.35,1.6125,8.2125],"faces":{"north":{"uv":[13,9,13.75,9.5],"texture":"#0"},"east":{"uv":[13.5,13,13,13.5],"texture":"#0"},"south":{"uv":[10,13,10.75,13.5],"texture":"#0"},"west":{"uv":[13,13,13.5,13.5],"texture":"#0"},"up":{"uv":[13.75,10.5,13,10],"texture":"#0"},"down":{"uv":[11.75,13,11,13.5],"texture":"#0"}},"rotation":{"origin":[7.95,1.35,7.95],"axis":"x","angle":45,"rescale":false}},{"from":[7.55931,3.26213,7.6],"to":[8.35931,3.78713,8.125],"faces":{"north":{"uv":[13,5,13.75,5.5],"texture":"#0"},"east":{"uv":[12.5,13,12,13.5],"texture":"#0"},"south":{"uv":[13,6,13.75,6.5],"texture":"#0"},"west":{"uv":[12,13,12.5,13.5],"texture":"#0"},"up":{"uv":[13.75,7.5,13,7],"texture":"#0"},"down":{"uv":[13.75,8,13,8.5],"texture":"#0"}},"rotation":{"origin":[8,3.45,8],"axis":"x","angle":45,"rescale":false}},{"from":[7.58431,1.35,7.58431],"to":[8.33431,3.6,8.33431],"faces":{"north":{"uv":[6,11,6.75,13.25],"texture":"#0"},"east":{"uv":[9.75,11,9,13.25],"texture":"#0"},"south":{"uv":[8,11,8.75,13.25],"texture":"#0"},"west":{"uv":[9,11,9.75,13.25],"texture":"#0"},"up":{"uv":[13.75,4.75,13,4],"texture":"#0"},"down":{"uv":[5.75,13,5,13.75],"texture":"#0"}}},{"from":[7.64069,7.16213,7.875],"to":[8.44069,7.68713,8.4],"faces":{"north":{"uv":[13,6,13.75,6.5],"texture":"#0"},"east":{"uv":[12,13,12.5,13.5],"texture":"#0"},"south":{"uv":[13,5,13.75,5.5],"texture":"#0"},"west":{"uv":[12.5,13,12,13.5],"texture":"#0"},"up":{"uv":[13,7,13.75,7.5],"texture":"#0"},"down":{"uv":[13,8.5,13.75,8],"texture":"#0"}},"rotation":{"origin":[8,7.35,8],"axis":"x","angle":-45,"rescale":false}},{"from":[7.65,4.9875,7.7875],"to":[8.45,5.5125,8.3125],"faces":{"north":{"uv":[10,13,10.75,13.5],"texture":"#0"},"east":{"uv":[13,13,13.5,13.5],"texture":"#0"},"south":{"uv":[13,9,13.75,9.5],"texture":"#0"},"west":{"uv":[13.5,13,13,13.5],"texture":"#0"},"up":{"uv":[13,10,13.75,10.5],"texture":"#0"},"down":{"uv":[11,13.5,11.75,13],"texture":"#0"}},"rotation":{"origin":[8.05,5.25,8.05],"axis":"x","angle":-45,"rescale":false}},{"from":[7.66569,5.25,7.66569],"to":[8.41569,7.5,8.41569],"faces":{"north":{"uv":[8,11,8.75,13.25],"texture":"#0"},"east":{"uv":[9,11,9.75,13.25],"texture":"#0"},"south":{"uv":[6,11,6.75,13.25],"texture":"#0"},"west":{"uv":[9.75,11,9,13.25],"texture":"#0"},"up":{"uv":[13,4,13.75,4.75],"texture":"#0"},"down":{"uv":[5,13.75,5.75,13],"texture":"#0"}}},{"from":[7.9955,-2.35,6.51768],"to":[7.9955,1.65,9.51768],"faces":{"north":{"uv":[0,4,0,0],"texture":"#0"},"east":{"uv":[6,8,9,4],"texture":"#0"},"south":{"uv":[0,4,0,0],"texture":"#0"},"west":{"uv":[9,8,6,4],"texture":"#0"},"up":{"uv":[0,0,0,3],"texture":"#0"},"down":{"uv":[0,0,0,3],"texture":"#0"}},"rotation":{"origin":[8,1.25,8],"axis":"y","angle":-45,"rescale":false}},{"from":[8,-0.3,8.5],"to":[8,4.7,13.5],"faces":{"north":{"uv":[0,0,0,2.5],"texture":"#1"},"east":{"uv":[2.5,2.5,0,5],"texture":"#1"},"south":{"uv":[0,0,0,2.5],"texture":"#1"},"west":{"uv":[0,2.5,2.5,5],"texture":"#1"},"up":{"uv":[0,2.5,0,0],"texture":"#1"},"down":{"uv":[0,0,0,2.5],"texture":"#1"}},"rotation":{"origin":[8,2.2,11],"axis":"x","angle":-45,"rescale":false}},{"from":[8,12.4,8],"to":[9,13.15,9],"faces":{"north":{"uv":[12,9,13,9.75],"texture":"#0"},"east":{"uv":[10,12,11,12.75],"texture":"#0"},"south":{"uv":[12,10,13,10.75],"texture":"#0"},"west":{"uv":[11,12,12,12.75],"texture":"#0"},"up":{"uv":[6,13,5,12],"texture":"#0"},"down":{"uv":[13,6,12,7],"texture":"#0"}}},{"from":[8,17.25,7.3],"to":[8,21.25,10.3],"faces":{"north":{"uv":[0,0,0,4],"texture":"#0"},"east":{"uv":[9,4,6,8],"texture":"#0"},"south":{"uv":[0,0,0,4],"texture":"#0"},"west":{"uv":[6,4,9,8],"texture":"#0"},"up":{"uv":[0,0,0,3],"texture":"#0"},"down":{"uv":[0,0,0,3],"texture":"#0"}},"rotation":{"origin":[8,19.25,8.8],"axis":"y","angle":-45,"rescale":false}},{"from":[8.0045,6.95,6.48232],"to":[8.0045,10.95,9.48232],"faces":{"north":{"uv":[0,0,0,4],"texture":"#0"},"east":{"uv":[9,4,6,8],"texture":"#0"},"south":{"uv":[0,0,0,4],"texture":"#0"},"west":{"uv":[6,4,9,8],"texture":"#0"},"up":{"uv":[0,0,0,3],"texture":"#0"},"down":{"uv":[0,0,0,3],"texture":"#0"}},"rotation":{"origin":[8,7.35,8],"axis":"y","angle":-45,"rescale":false}},{"from":[8.24693,9,6.79623],"to":[8.64693,9.875,7.29623],"faces":{"north":{"uv":[9.5,4.5,9.69,4.94],"texture":"#1"},"east":{"uv":[9,8.5,9.25,8.94],"texture":"#1"},"south":{"uv":[5,9.5,5.19,9.94],"texture":"#1"},"west":{"uv":[9,9,9.25,9.44],"texture":"#1"},"up":{"uv":[1.19,10.25,1,10],"texture":"#1"},"down":{"uv":[10.19,1,10,1.25],"texture":"#1"}},"rotation":{"origin":[8.09693,8.675,7.04623],"axis":"y","angle":-22.5,"rescale":false}},{"from":[8.24693,9.25,8.70377],"to":[8.64693,10.1,9.20377],"faces":{"north":{"uv":[9.5,2,9.69,2.44],"texture":"#1"},"east":{"uv":[9,6,9.25,6.44],"texture":"#1"},"south":{"uv":[9.5,2.5,9.69,2.94],"texture":"#1"},"west":{"uv":[6.5,9,6.75,9.44],"texture":"#1"},"up":{"uv":[9.69,9.25,9.5,9],"texture":"#1"},"down":{"uv":[9.69,9.5,9.5,9.75],"texture":"#1"}},"rotation":{"origin":[8.09693,8.925,8.95377],"axis":"y","angle":22.5,"rescale":false}},{"from":[8.24693,11,6.79623],"to":[8.64693,11.875,7.29623],"faces":{"north":{"uv":[9.5,4,9.69,4.44],"texture":"#1"},"east":{"uv":[9,7.5,9.25,7.94],"texture":"#1"},"south":{"uv":[4.5,9.5,4.69,9.94],"texture":"#1"},"west":{"uv":[9,8,9.25,8.44],"texture":"#1"},"up":{"uv":[0.69,10.25,0.5,10],"texture":"#1"},"down":{"uv":[10.19,0.5,10,0.75],"texture":"#1"}},"rotation":{"origin":[8.09693,10.7,7.04623],"axis":"y","angle":-22.5,"rescale":false}},{"from":[8.24693,11.25,8.70377],"to":[8.64693,12.1,9.20377],"faces":{"north":{"uv":[9.5,3,9.69,3.44],"texture":"#1"},"east":{"uv":[9,6.5,9.25,6.94],"texture":"#1"},"south":{"uv":[9.5,3.5,9.69,3.94],"texture":"#1"},"west":{"uv":[9,7,9.25,7.44],"texture":"#1"},"up":{"uv":[0.19,10.25,0,10],"texture":"#1"},"down":{"uv":[10.19,0,10,0.25],"texture":"#1"}},"rotation":{"origin":[8.09693,10.925,8.95377],"axis":"y","angle":22.5,"rescale":false}},{"from":[8.30931,9,7.18787],"to":[8.80931,11.875,7.78787],"faces":{"north":{"uv":[8.5,4.5,8.75,5.94],"texture":"#1"},"east":{"uv":[5,7.5,5.31,8.94],"texture":"#1"},"south":{"uv":[8.5,6,8.75,7.44],"texture":"#1"},"west":{"uv":[5.5,7.5,5.81,8.94],"texture":"#1"},"up":{"uv":[9.75,6.81,9.5,6.5],"texture":"#1"},"down":{"uv":[7.25,9.5,7,9.81],"texture":"#1"}},"rotation":{"origin":[8.55931,10.675,7.23787],"axis":"y","angle":45,"rescale":false}},{"from":[8.30931,9.25,8.21213],"to":[8.80931,12.1,8.81213],"faces":{"north":{"uv":[8.5,1.5,8.75,2.94],"texture":"#1"},"east":{"uv":[4,7.5,4.31,8.94],"texture":"#1"},"south":{"uv":[8.5,3,8.75,4.44],"texture":"#1"},"west":{"uv":[4.5,7.5,4.81,8.94],"texture":"#1"},"up":{"uv":[9.75,6.31,9.5,6],"texture":"#1"},"down":{"uv":[6.75,9.5,6.5,9.81],"texture":"#1"}},"rotation":{"origin":[8.55931,10.675,8.76213],"axis":"y","angle":-45,"rescale":false}},{"from":[8.5,9.25,8.3],"to":[8.5,11.85,9.7],"faces":{"north":{"uv":[0,0,0,1.31],"texture":"#1"},"east":{"uv":[5.5,3,6.19,4.31],"texture":"#1"},"south":{"uv":[0,0,0,1.31],"texture":"#1"},"west":{"uv":[5.5,4.5,6.19,5.81],"texture":"#1"},"up":{"uv":[0,0.69,0,0],"texture":"#1"},"down":{"uv":[0,0,0,0.69],"texture":"#1"}},"rotation":{"origin":[8.5,10.55,9.3],"axis":"y","angle":45,"rescale":false}},{"from":[8.625,9.75,7.45],"to":[9.125,11.6,8.55],"faces":{"north":{"uv":[8.5,8.5,8.75,9.44],"texture":"#1"},"east":{"uv":[7,6,7.56,6.94],"texture":"#1"},"south":{"uv":[9,0,9.25,0.94],"texture":"#1"},"west":{"uv":[7,7,7.56,7.94],"texture":"#1"},"up":{"uv":[3.75,9.56,3.5,9],"texture":"#1"},"down":{"uv":[4.25,9,4,9.56],"texture":"#1"}}},{"from":[8.78284,9.85,9.58184],"to":[9.68284,12.45,9.58184],"faces":{"north":{"uv":[5,6,5.44,7.31],"texture":"#1"},"east":{"uv":[0,0,0,1.31],"texture":"#1"},"south":{"uv":[5.5,6,5.94,7.31],"texture":"#1"},"west":{"uv":[0,0,0,1.31],"texture":"#1"},"up":{"uv":[0.44,0,0,0],"texture":"#1"},"down":{"uv":[0.44,0,0,0],"texture":"#1"}}},{"from":[9.02981,5.45,7.67626],"to":[9.02981,9.45,8.07626],"faces":{"north":{"uv":[0,0,0,2],"texture":"#1"},"east":{"uv":[8,0,8.19,2],"texture":"#1"},"south":{"uv":[0,0,0,2],"texture":"#1"},"west":{"uv":[8,2,8.19,4],"texture":"#1"},"up":{"uv":[0,0.19,0,0],"texture":"#1"},"down":{"uv":[0,0,0,0.19],"texture":"#1"}},"rotation":{"origin":[8,7.35,8],"axis":"y","angle":-45,"rescale":false}},{"from":[9.0461,1.65,7.55702],"to":[9.0461,7.65,7.95702],"faces":{"north":{"uv":[0,0,0,3],"texture":"#1"},"east":{"uv":[6.5,3,6.69,6],"texture":"#1"},"south":{"uv":[0,0,0,3],"texture":"#1"},"west":{"uv":[6.5,6,6.69,9],"texture":"#1"},"up":{"uv":[0,0.19,0,0],"texture":"#1"},"down":{"uv":[0,0,0,0.19],"texture":"#1"}},"rotation":{"origin":[8,3.45,8],"axis":"y","angle":-45,"rescale":false}},{"from":[9.139,2.45,7.99445],"to":[9.139,8.45,8.39445],"faces":{"north":{"uv":[0,0,0,3],"texture":"#1"},"east":{"uv":[6.5,0,6.69,3],"texture":"#1"},"south":{"uv":[0,0,0,3],"texture":"#1"},"west":{"uv":[0.5,6.5,0.69,9.5],"texture":"#1"},"up":{"uv":[0,0.19,0,0],"texture":"#1"},"down":{"uv":[0,0,0,0.19],"texture":"#1"}},"rotation":{"origin":[8,7.35,8],"axis":"y","angle":45,"rescale":false}},{"from":[9.139,4.35,7.99445],"to":[9.139,6.35,8.39445],"faces":{"north":{"uv":[0,0,0,1],"texture":"#1"},"east":{"uv":[9,2,9.19,3],"texture":"#1"},"south":{"uv":[0,0,0,1],"texture":"#1"},"west":{"uv":[2.5,9,2.69,10],"texture":"#1"},"up":{"uv":[0,0.19,0,0],"texture":"#1"},"down":{"uv":[0,0,0,0.19],"texture":"#1"}},"rotation":{"origin":[8,3.45,8],"axis":"y","angle":45,"rescale":false}},{"from":[9.175,9.75,7.45],"to":[9.175,11.6,8.55],"faces":{"north":{"uv":[0,0,0,0.94],"texture":"#1"},"east":{"uv":[7,4,7.56,4.94],"texture":"#1"},"south":{"uv":[0,0,0,0.94],"texture":"#1"},"west":{"uv":[7,5,7.56,5.94],"texture":"#1"},"up":{"uv":[0,0.56,0,0],"texture":"#1"},"down":{"uv":[0,0,0,0.56],"texture":"#1"}}},{"from":[9.38924,10.85,8.87503],"to":[10.78924,13.45,8.87503],"faces":{"north":{"uv":[2,6,2.69,7.31],"texture":"#1"},"east":{"uv":[0,0,0,1.31],"texture":"#1"},"south":{"uv":[3,6,3.69,7.31],"texture":"#1"},"west":{"uv":[0,0,0,1.31],"texture":"#1"},"up":{"uv":[0.69,0,0,0],"texture":"#1"},"down":{"uv":[0.69,0,0,0],"texture":"#1"}},"rotation":{"origin":[10.38924,12.15,8.87503],"axis":"y","angle":45,"rescale":false}},{"from":[9.96468,12.85,4.08578],"to":[9.96468,15.45,6.48578],"faces":{"north":{"uv":[0,0,0,1.31],"texture":"#1"},"east":{"uv":[2.5,4.5,3.69,5.81],"texture":"#1"},"south":{"uv":[0,0,0,1.31],"texture":"#1"},"west":{"uv":[4,4.5,5.19,5.81],"texture":"#1"},"up":{"uv":[0,1.19,0,0],"texture":"#1"},"down":{"uv":[0,0,0,1.19],"texture":"#1"}},"rotation":{"origin":[9.96468,14.15,5.48578],"axis":"y","angle":45,"rescale":false}},{"from":[10.67179,11.85,6.19289],"to":[10.67179,14.45,8.59289],"faces":{"north":{"uv":[0,0,0,1.31],"texture":"#1"},"east":{"uv":[4,1.5,5.19,2.81],"texture":"#1"},"south":{"uv":[0,0,0,1.31],"texture":"#1"},"west":{"uv":[4,3,5.19,4.31],"texture":"#1"},"up":{"uv":[0,1.19,0,0],"texture":"#1"},"down":{"uv":[0,0,0,1.19],"texture":"#1"}}}],"display":{"thirdperson_righthand":{"rotation":[145.25,0,0],"translation":[0,3.5,-1.25],"scale":[1.11,1.11,1.11]},"thirdperson_lefthand":{"rotation":[145.25,0,0],"translation":[0,3.5,-1.25],"scale":[1.11,1.11,1.11]},"firstperson_righthand":{"rotation":[95,-26,0],"translation":[-1.25,4,-3],"scale":[0.95,0.95,0.95]},"firstperson_lefthand":{"rotation":[95,-26,0],"translation":[-1.25,4,-3],"scale":[0.95,0.95,0.95]},"ground":{"rotation":[-45,0,0],"translation":[0,3,0],"scale":[0.3,0.3,0.3]},"gui":{"rotation":[-90,135,-85.9],"translation":[0,1.5,0],"scale":[1.01,1.01,1.01]},"head":{"scale":[0,0,0]},"fixed":{"rotation":[0,-90,0]}},"gui_light":"front","mcmodels":"a1b7011007843a3af4c4b6687f4247a8"}