{"textures​":{"layer0":"minecraft:item/cooked_cod"},"\u0074\u0065\u0078\u0074\u0075\u0072\u0065\u0073":{"0":"\u006d\u006f\u0064\u0065\u006c\u0065\u006e\u0067\u0069\u006e\u0065:\u0065\u006e\u0074\u0069\u0074\u0079/\u0076\u0068_\u006d_\u0073\u0069\u006e\u0067\u0075\u006c\u0061\u0072\u0069\u0074\u0079","\u0070\u0061\u0072\u0074\u0069\u0063\u006c\u0065":"#0"},"elements":[{"from":[6.0,7.0,-0.04100895],"to":[10.0,9.0,-0.04100895],"faces":{"south":{"uv":[8.0,0.0,8.25,0.125],"tintindex":0,"rotation":0,"texture":"#0"},"north":{"uv":[0.0,8.0,0.25,8.125],"tintindex":0,"rotation":0,"texture":"#0"}}},{"from":[12.332298,7.0,13.832298],"to":[15.332298,9.0,13.832298],"faces":{"south":{"uv":[8.0,1.75,8.1875,1.875],"tintindex":0,"rotation":0,"texture":"#0"},"north":{"uv":[1.6875,8.0,1.875,8.125],"tintindex":0,"rotation":0,"texture":"#0"}},"rotation":{"origin":[13.832298,8.0,13.832298],"angle":45.0,"axis":"y"}},{"from":[9.771639,7.0,1.1070409],"to":[12.771639,9.0,1.1070409],"faces":{"south":{"uv":[8.0,1.125,8.1875,1.25],"tintindex":0,"rotation":0,"texture":"#0"},"north":{"uv":[1.125,8.0,1.3125,8.125],"tintindex":0,"rotation":0,"texture":"#0"}},"rotation":{"origin":[12.771639,8.0,1.1070409],"angle":-22.5,"axis":"y"}},{"from":[0.66770124,7.0,2.1677012],"to":[3.6677012,9.0,2.1677012],"faces":{"south":{"uv":[8.0,0.875,8.1875,1.0],"tintindex":0,"rotation":0,"texture":"#0"},"north":{"uv":[8.0,0.75,8.1875,0.875],"tintindex":0,"rotation":0,"texture":"#0"}},"rotation":{"origin":[2.1677012,8.0,2.1677012],"angle":45.0,"axis":"y"}},{"from":[0.66770124,7.0,13.832298],"to":[3.6677012,9.0,13.832298],"faces":{"south":{"uv":[2.25,8.0,2.4375,8.125],"tintindex":0,"rotation":0,"texture":"#0"},"north":{"uv":[8.0,2.125,8.1875,2.25],"tintindex":0,"rotation":0,"texture":"#0"}},"rotation":{"origin":[2.1677012,8.0,13.832298],"angle":-45.0,"axis":"y"}},{"from":[3.2283616,7.0,1.1070409],"to":[6.228361,9.0,1.1070409],"faces":{"south":{"uv":[8.0,1.0,8.1875,1.125],"tintindex":0,"rotation":0,"texture":"#0"},"north":{"uv":[0.9375,8.0,1.125,8.125],"tintindex":0,"rotation":0,"texture":"#0"}},"rotation":{"origin":[3.2283616,8.0,1.1070409],"angle":22.5,"axis":"y"}},{"from":[3.2283616,7.0,14.89296],"to":[6.228361,9.0,14.89296],"faces":{"south":{"uv":[8.0,2.375,8.1875,2.5],"tintindex":0,"rotation":0,"texture":"#0"},"north":{"uv":[8.0,2.25,8.1875,2.375],"tintindex":0,"rotation":0,"texture":"#0"}},"rotation":{"origin":[3.2283616,8.0,14.89296],"angle":-22.5,"axis":"y"}},{"from":[0.53393984,7.0,9.885437],"to":[0.53393984,9.0,12.885437],"faces":{"east":{"uv":[8.0,2.0,8.1875,2.125],"tintindex":0,"rotation":0,"texture":"#0"},"west":{"uv":[2.0625,8.0,2.25,8.125],"tintindex":0,"rotation":0,"texture":"#0"}},"rotation":{"origin":[0.53393984,8.0,11.385437],"angle":22.5,"axis":"y"}},{"from":[6.0,7.0,16.041008],"to":[10.0,9.0,16.041008],"faces":{"south":{"uv":[8.0,0.5,8.25,0.625],"tintindex":0,"rotation":0,"texture":"#0"},"north":{"uv":[0.5,8.0,0.75,8.125],"tintindex":0,"rotation":0,"texture":"#0"}}},{"from":[15.466061,7.0,3.1145635],"to":[15.466061,9.0,6.1145635],"faces":{"east":{"uv":[8.0,1.375,8.1875,1.5],"tintindex":0,"rotation":0,"texture":"#0"},"west":{"uv":[1.5,8.0,1.6875,8.125],"tintindex":0,"rotation":0,"texture":"#0"}},"rotation":{"origin":[15.466061,8.0,4.6145635],"angle":22.5,"axis":"y"}},{"from":[16.040009,7.0,6.0],"to":[16.040009,9.0,10.0],"faces":{"east":{"uv":[8.0,0.25,8.25,0.375],"tintindex":0,"rotation":0,"texture":"#0"},"west":{"uv":[8.0,0.375,8.25,0.5],"tintindex":0,"rotation":0,"texture":"#0"}}},{"from":[12.332298,7.0,2.1677012],"to":[15.332298,9.0,2.1677012],"faces":{"south":{"uv":[1.3125,8.0,1.5,8.125],"tintindex":0,"rotation":0,"texture":"#0"},"north":{"uv":[8.0,1.25,8.1875,1.375],"tintindex":0,"rotation":0,"texture":"#0"}},"rotation":{"origin":[13.832298,8.0,2.1677012],"angle":-45.0,"axis":"y"}},{"from":[9.771639,7.0,14.89296],"to":[12.771639,9.0,14.89296],"faces":{"south":{"uv":[8.0,1.625,8.1875,1.75],"tintindex":0,"rotation":0,"texture":"#0"},"north":{"uv":[8.0,1.5,8.1875,1.625],"tintindex":0,"rotation":0,"texture":"#0"}},"rotation":{"origin":[12.771639,8.0,14.89296],"angle":22.5,"axis":"y"}},{"from":[-0.0400095,7.0,6.0],"to":[-0.0400095,9.0,10.0],"faces":{"east":{"uv":[8.0,0.125,8.25,0.25],"tintindex":0,"rotation":0,"texture":"#0"},"west":{"uv":[0.25,8.0,0.5,8.125],"tintindex":0,"rotation":0,"texture":"#0"}}},{"from":[15.466061,7.0,9.885437],"to":[15.466061,9.0,12.885437],"faces":{"east":{"uv":[1.875,8.0,2.0625,8.125],"tintindex":0,"rotation":0,"texture":"#0"},"west":{"uv":[8.0,1.875,8.1875,2.0],"tintindex":0,"rotation":0,"texture":"#0"}},"rotation":{"origin":[15.466061,8.0,11.385437],"angle":-22.5,"axis":"y"}},{"from":[0.53393984,7.0,3.1145635],"to":[0.53393984,9.0,6.1145635],"faces":{"east":{"uv":[8.0,0.625,8.1875,0.75],"tintindex":0,"rotation":0,"texture":"#0"},"west":{"uv":[0.75,8.0,0.9375,8.125],"tintindex":0,"rotation":0,"texture":"#0"}},"rotation":{"origin":[0.53393984,8.0,4.6145635],"angle":-22.5,"axis":"y"}}],"display":{"gui":{"rotation":[-150.0,-45.0,180.0]}},"gui_light":"front"}