{"textures​":{"layer0":"minecraft:item/mangrove_roots"},"\u0074\u0065\u0078\u0074\u0075\u0072\u0065\u0073":{"0":"\u006d\u006f\u0064\u0065\u006c\u0065\u006e\u0067\u0069\u006e\u0065:\u0065\u006e\u0074\u0069\u0074\u0079/\u0076\u006f\u0069\u0064\u0073\u006c\u0069\u006e\u0067","\u0070\u0061\u0072\u0074\u0069\u0063\u006c\u0065":"#0"},"elements":[{"from":[5.5,5.5,1.0],"to":[10.5,10.5,15.0],"faces":{"east":{"uv":[6.375,11.75,4.625,12.375],"tintindex":0,"rotation":0,"texture":"#0"},"south":{"uv":[9.875,0.0,10.5,0.625],"tintindex":0,"rotation":0,"texture":"#0"},"north":{"uv":[9.75,5.5,10.375,6.125],"tintindex":0,"rotation":0,"texture":"#0"},"west":{"uv":[6.375,11.75,4.625,12.375],"tintindex":0,"rotation":0,"texture":"#0"},"up":{"uv":[7.0,1.75,6.375,0.0],"tintindex":0,"rotation":0,"texture":"#0"},"down":{"uv":[7.0,0.0,6.375,1.75],"tintindex":0,"rotation":0,"texture":"#0"}}},{"from":[5.3,5.3,0.8],"to":[10.7,10.7,15.2],"faces":{"east":{"uv":[2.375,12.75,0.625,12.125],"tintindex":0,"rotation":0,"texture":"#0"},"south":{"uv":[9.875,1.25,10.5,1.875],"tintindex":0,"rotation":0,"texture":"#0"},"north":{"uv":[9.875,0.625,10.5,1.25],"tintindex":0,"rotation":0,"texture":"#0"},"west":{"uv":[2.375,12.125,0.625,12.75],"tintindex":0,"rotation":0,"texture":"#0"},"up":{"uv":[7.5,5.875,6.875,4.125],"tintindex":0,"rotation":0,"texture":"#0"},"down":{"uv":[7.5,4.125,6.875,5.875],"tintindex":0,"rotation":0,"texture":"#0"}}}],"display":{"head":{"rotation":[0.0,0.0,0.0]},"firstperson_righthand":{"rotation":[0.0,0.0,0.0]},"thirdperson_lefthand":{"rotation":[0.0,0.0,0.0]},"firstperson_lefthand":{"rotation":[0.0,0.0,0.0]},"fixed":{"rotation":[0.0,0.0,0.0]},"ground":{"rotation":[0.0,0.0,0.0]},"thirdperson_righthand":{"rotation":[0.0,0.0,0.0]},"gui":{"rotation":[-150.0,-45.0,180.0]}},"gui_light":"front"}