{"textures​":{"layer0":"minecraft:item/stone_axe"},"\u0074\u0065\u0078\u0074\u0075\u0072\u0065\u0073":{"0":"\u006d\u006f\u0064\u0065\u006c\u0065\u006e\u0067\u0069\u006e\u0065:\u0065\u006e\u0074\u0069\u0074\u0079/\u0076\u006f\u0069\u0064\u0073\u006c\u0069\u006e\u0067","\u0070\u0061\u0072\u0074\u0069\u0063\u006c\u0065":"#0"},"elements":[{"from":[6.0,6.0,1.0],"to":[10.0,10.0,15.0],"faces":{"east":{"uv":[6.375,11.125,4.625,11.625],"tintindex":0,"rotation":0,"texture":"#0"},"south":{"uv":[6.0,9.75,5.5,10.25],"tintindex":0,"rotation":0,"texture":"#0"},"north":{"uv":[9.0,7.125,8.5,7.625],"tintindex":0,"rotation":0,"texture":"#0"},"west":{"uv":[4.625,11.125,6.375,11.625],"tintindex":0,"rotation":0,"texture":"#0"},"up":{"uv":[5.5,8.625,6.0,6.875],"tintindex":0,"rotation":0,"texture":"#0"},"down":{"uv":[5.5,6.875,6.0,8.625],"tintindex":0,"rotation":0,"texture":"#0"}}},{"from":[5.8,5.8,0.8],"to":[10.2,10.2,15.2],"faces":{"east":{"uv":[2.375,13.0,0.625,13.5],"tintindex":0,"rotation":0,"texture":"#0"},"south":{"uv":[10.375,2.375,9.875,2.875],"tintindex":0,"rotation":0,"texture":"#0"},"north":{"uv":[10.375,1.875,9.875,2.375],"tintindex":0,"rotation":0,"texture":"#0"},"west":{"uv":[0.625,13.0,2.375,13.5],"tintindex":0,"rotation":0,"texture":"#0"},"up":{"uv":[3.75,8.75,4.25,7.0],"tintindex":0,"rotation":0,"texture":"#0"},"down":{"uv":[3.75,7.0,4.25,8.75],"tintindex":0,"rotation":0,"texture":"#0"}}}],"display":{"head":{"rotation":[0.0,0.0,0.0]},"firstperson_righthand":{"rotation":[0.0,0.0,0.0]},"thirdperson_lefthand":{"rotation":[0.0,0.0,0.0]},"firstperson_lefthand":{"rotation":[0.0,0.0,0.0]},"fixed":{"rotation":[0.0,0.0,0.0]},"ground":{"rotation":[0.0,0.0,0.0]},"thirdperson_righthand":{"rotation":[0.0,0.0,0.0]},"gui":{"rotation":[-150.0,-45.0,180.0]}},"gui_light":"front"}