{"textures​":{"layer0":"minecraft:item/cherry_slab"},"\u0074\u0065\u0078\u0074\u0075\u0072\u0065\u0073":{"0":"\u006d\u006f\u0064\u0065\u006c\u0065\u006e\u0067\u0069\u006e\u0065:\u0065\u006e\u0074\u0069\u0074\u0079/\u0076\u006f\u0069\u0064_\u0068\u0079\u0064\u0072\u0061_\u0073\u006b\u0069\u006e","\u0070\u0061\u0072\u0074\u0069\u0063\u006c\u0065":"#0"},"elements":[{"from":[17.5,7.0,-8.0],"to":[24.0,9.0,24.0],"faces":{"east":{"uv":[0.0,2.0,2.0,2.125],"tintindex":0,"rotation":0,"texture":"#0"},"south":{"uv":[4.40625,2.0,4.8125,2.125],"tintindex":0,"rotation":0,"texture":"#0"},"north":{"uv":[2.0,2.0,2.40625,2.125],"tintindex":0,"rotation":0,"texture":"#0"},"west":{"uv":[2.40625,2.0,4.40625,2.125],"tintindex":0,"rotation":0,"texture":"#0"},"up":{"uv":[2.40625,2.0,2.0,0.0],"tintindex":0,"rotation":0,"texture":"#0"},"down":{"uv":[2.8125,0.0,2.40625,2.0],"tintindex":0,"rotation":0,"texture":"#0"}}},{"from":[-1.5,7.0,17.5],"to":[17.5,9.0,24.0],"faces":{"east":{"uv":[0.0,2.53125,0.40625,2.65625],"tintindex":0,"rotation":0,"texture":"#0"},"south":{"uv":[2.0,2.53125,3.1875,2.65625],"tintindex":0,"rotation":0,"texture":"#0"},"north":{"uv":[0.40625,2.53125,1.59375,2.65625],"tintindex":0,"rotation":0,"texture":"#0"},"west":{"uv":[1.59375,2.53125,2.0,2.65625],"tintindex":0,"rotation":0,"texture":"#0"},"up":{"uv":[1.59375,2.53125,0.40625,2.125],"tintindex":0,"rotation":0,"texture":"#0"},"down":{"uv":[2.78125,2.125,1.59375,2.53125],"tintindex":0,"rotation":0,"texture":"#0"}}},{"from":[-1.5,11.25,26.25],"to":[-10.25,4.75,-10.25],"faces":{"east":{"uv":[6.578125,2.9375,8.859375,3.34375],"tintindex":0,"rotation":0,"texture":"#0"},"south":{"uv":[0.0,8.375,0.546875,8.78125],"tintindex":0,"rotation":0,"texture":"#0"},"north":{"uv":[0.0,8.375,0.546875,8.78125],"tintindex":0,"rotation":0,"texture":"#0"},"west":{"uv":[7.75,5.4375,10.03125,5.84375],"tintindex":0,"rotation":0,"texture":"#0"},"up":{"uv":[6.578125,3.40625,6.03125,1.125],"tintindex":0,"rotation":0,"texture":"#0"},"down":{"uv":[6.578125,3.40625,6.03125,1.125],"tintindex":0,"rotation":0,"texture":"#0"}}},{"from":[17.5,9.75,24.75],"to":[-1.5,6.25,17.5],"faces":{"east":{"uv":[14.046875,8.484375,14.5,8.703125],"tintindex":0,"rotation":0,"texture":"#0"},"south":{"uv":[9.40625,4.78125,10.59375,5.0],"tintindex":0,"rotation":0,"texture":"#0"},"north":{"uv":[9.0,8.5,10.1875,8.71875],"tintindex":0,"rotation":0,"texture":"#0"},"west":{"uv":[14.046875,8.484375,14.5,8.703125],"tintindex":0,"rotation":0,"texture":"#0"},"up":{"uv":[6.375,11.421875,5.1875,10.96875],"tintindex":0,"rotation":0,"texture":"#0"},"down":{"uv":[6.375,11.421875,5.1875,10.96875],"tintindex":0,"rotation":0,"texture":"#0"}}},{"from":[17.5,10.5,25.5],"to":[-1.5,5.5,17.5],"faces":{"east":{"uv":[14.015625,12.96875,14.515625,13.28125],"tintindex":0,"rotation":0,"texture":"#0"},"south":{"uv":[8.734375,12.21875,9.921875,12.53125],"tintindex":0,"rotation":0,"texture":"#0"},"north":{"uv":[12.21875,7.140625,13.40625,7.453125],"tintindex":0,"rotation":0,"texture":"#0"},"west":{"uv":[14.015625,12.96875,14.515625,13.28125],"tintindex":0,"rotation":0,"texture":"#0"},"up":{"uv":[6.734375,10.96875,5.546875,10.46875],"tintindex":0,"rotation":0,"texture":"#0"},"down":{"uv":[6.734375,10.96875,5.546875,10.46875],"tintindex":0,"rotation":0,"texture":"#0"}}},{"from":[17.5,11.5,26.25],"to":[-1.5,5.0,17.5],"faces":{"east":{"uv":[9.65625,3.53125,10.203125,3.9375],"tintindex":0,"rotation":0,"texture":"#0"},"south":{"uv":[11.03125,7.078125,12.21875,7.484375],"tintindex":0,"rotation":0,"texture":"#0"},"north":{"uv":[10.9375,7.53125,12.125,7.9375],"tintindex":0,"rotation":0,"texture":"#0"},"west":{"uv":[9.65625,3.53125,10.203125,3.9375],"tintindex":0,"rotation":0,"texture":"#0"},"up":{"uv":[10.53125,0.546875,9.34375,0.0],"tintindex":0,"rotation":0,"texture":"#0"},"down":{"uv":[10.53125,0.546875,9.34375,0.0],"tintindex":0,"rotation":0,"texture":"#0"}}},{"from":[17.5,10.5,-1.5],"to":[-1.5,5.5,-9.5],"faces":{"east":{"uv":[13.796875,14.0,14.296875,14.3125],"tintindex":0,"rotation":0,"texture":"#0"},"south":{"uv":[12.21875,6.828125,13.40625,7.140625],"tintindex":0,"rotation":0,"texture":"#0"},"north":{"uv":[12.21875,6.515625,13.40625,6.828125],"tintindex":0,"rotation":0,"texture":"#0"},"west":{"uv":[13.796875,14.0,14.296875,14.3125],"tintindex":0,"rotation":0,"texture":"#0"},"up":{"uv":[11.484375,10.5,10.296875,10.0],"tintindex":0,"rotation":0,"texture":"#0"},"down":{"uv":[11.484375,10.5,10.296875,10.0],"tintindex":0,"rotation":0,"texture":"#0"}}},{"from":[-1.5,10.5,25.5],"to":[-9.5,5.5,-9.5],"faces":{"east":{"uv":[8.703125,2.59375,10.890625,2.90625],"tintindex":0,"rotation":0,"texture":"#0"},"south":{"uv":[14.015625,12.65625,14.515625,12.96875],"tintindex":0,"rotation":0,"texture":"#0"},"north":{"uv":[14.015625,12.65625,14.515625,12.96875],"tintindex":0,"rotation":0,"texture":"#0"},"west":{"uv":[8.71875,5.0625,10.90625,5.375],"tintindex":0,"rotation":0,"texture":"#0"},"up":{"uv":[3.421875,8.28125,2.921875,6.09375],"tintindex":0,"rotation":0,"texture":"#0"},"down":{"uv":[3.421875,8.28125,2.921875,6.09375],"tintindex":0,"rotation":0,"texture":"#0"}}},{"from":[17.5,12.0,27.0],"to":[-1.5,4.0,17.5],"faces":{"east":{"uv":[3.765625,12.953125,4.359375,13.453125],"tintindex":0,"rotation":0,"texture":"#0"},"south":{"uv":[10.53125,0.0,11.71875,0.5],"tintindex":0,"rotation":0,"texture":"#0"},"north":{"uv":[8.8125,8.828125,10.0,9.328125],"tintindex":0,"rotation":0,"texture":"#0"},"west":{"uv":[3.765625,12.953125,4.359375,13.453125],"tintindex":0,"rotation":0,"texture":"#0"},"up":{"uv":[10.0,9.375,8.8125,8.78125],"tintindex":0,"rotation":0,"texture":"#0"},"down":{"uv":[10.0,9.375,8.8125,8.78125],"tintindex":0,"rotation":0,"texture":"#0"}}},{"from":[25.5,10.5,25.5],"to":[17.5,5.5,-9.5],"faces":{"east":{"uv":[8.75,7.625,10.9375,7.9375],"tintindex":0,"rotation":0,"texture":"#0"},"south":{"uv":[14.03125,2.546875,14.53125,2.859375],"tintindex":0,"rotation":0,"texture":"#0"},"north":{"uv":[14.03125,2.546875,14.53125,2.859375],"tintindex":0,"rotation":0,"texture":"#0"},"west":{"uv":[8.75,7.625,10.9375,7.9375],"tintindex":0,"rotation":0,"texture":"#0"},"up":{"uv":[3.921875,8.28125,3.421875,6.09375],"tintindex":0,"rotation":0,"texture":"#0"},"down":{"uv":[3.921875,8.28125,3.421875,6.09375],"tintindex":0,"rotation":0,"texture":"#0"}}},{"from":[26.25,11.25,26.25],"to":[17.5,4.75,-10.25],"faces":{"east":{"uv":[7.75,5.84375,10.03125,6.25],"tintindex":0,"rotation":0,"texture":"#0"},"south":{"uv":[13.484375,3.09375,14.03125,3.5],"tintindex":0,"rotation":0,"texture":"#0"},"north":{"uv":[13.484375,3.09375,14.03125,3.5],"tintindex":0,"rotation":0,"texture":"#0"},"west":{"uv":[7.75,5.84375,10.03125,6.25],"tintindex":0,"rotation":0,"texture":"#0"},"up":{"uv":[0.546875,8.375,0.0,6.09375],"tintindex":0,"rotation":0,"texture":"#0"},"down":{"uv":[0.546875,8.375,0.0,6.09375],"tintindex":0,"rotation":0,"texture":"#0"}}},{"from":[17.5,12.0,-1.5],"to":[-1.5,4.0,-11.0],"faces":{"east":{"uv":[12.90625,4.734375,13.5,5.234375],"tintindex":0,"rotation":0,"texture":"#0"},"south":{"uv":[10.296875,10.5,11.484375,11.0],"tintindex":0,"rotation":0,"texture":"#0"},"north":{"uv":[4.0,10.5,5.1875,11.0],"tintindex":0,"rotation":0,"texture":"#0"},"west":{"uv":[12.90625,4.734375,13.5,5.234375],"tintindex":0,"rotation":0,"texture":"#0"},"up":{"uv":[9.953125,1.90625,8.765625,1.3125],"tintindex":0,"rotation":0,"texture":"#0"},"down":{"uv":[9.953125,1.90625,8.765625,1.3125],"tintindex":0,"rotation":0,"texture":"#0"}}},{"from":[-1.5,9.75,24.75],"to":[-8.75,6.25,-8.75],"faces":{"east":{"uv":[11.1875,8.96875,13.28125,9.1875],"tintindex":0,"rotation":0,"texture":"#0"},"south":{"uv":[14.046875,10.78125,14.5,11.0],"tintindex":0,"rotation":0,"texture":"#0"},"north":{"uv":[14.046875,10.78125,14.5,11.0],"tintindex":0,"rotation":0,"texture":"#0"},"west":{"uv":[11.6875,9.1875,13.78125,9.40625],"tintindex":0,"rotation":0,"texture":"#0"},"up":{"uv":[2.625,9.71875,2.171875,7.625],"tintindex":0,"rotation":0,"texture":"#0"},"down":{"uv":[2.625,9.71875,2.171875,7.625],"tintindex":0,"rotation":0,"texture":"#0"}}},{"from":[24.75,9.75,24.75],"to":[17.5,6.25,-8.75],"faces":{"east":{"uv":[11.140625,1.46875,13.234375,1.6875],"tintindex":0,"rotation":0,"texture":"#0"},"south":{"uv":[6.8125,14.046875,7.265625,14.265625],"tintindex":0,"rotation":0,"texture":"#0"},"north":{"uv":[6.8125,14.046875,7.265625,14.265625],"tintindex":0,"rotation":0,"texture":"#0"},"west":{"uv":[11.140625,1.46875,13.234375,1.6875],"tintindex":0,"rotation":0,"texture":"#0"},"up":{"uv":[5.5625,9.3125,5.109375,7.21875],"tintindex":0,"rotation":0,"texture":"#0"},"down":{"uv":[5.5625,9.3125,5.109375,7.21875],"tintindex":0,"rotation":0,"texture":"#0"}}},{"from":[17.5,9.75,-1.5],"to":[-1.5,6.25,-8.75],"faces":{"east":{"uv":[14.046875,11.0,14.5,11.21875],"tintindex":0,"rotation":0,"texture":"#0"},"south":{"uv":[13.09375,4.453125,14.28125,4.671875],"tintindex":0,"rotation":0,"texture":"#0"},"north":{"uv":[13.09375,4.453125,14.28125,4.671875],"tintindex":0,"rotation":0,"texture":"#0"},"west":{"uv":[14.046875,11.0,14.5,11.21875],"tintindex":0,"rotation":0,"texture":"#0"},"up":{"uv":[4.46875,11.453125,3.28125,11.0],"tintindex":0,"rotation":0,"texture":"#0"},"down":{"uv":[4.46875,11.453125,3.28125,11.0],"tintindex":0,"rotation":0,"texture":"#0"}}},{"from":[-8.0,7.0,-8.0],"to":[-1.5,9.0,24.0],"faces":{"east":{"uv":[0.0,2.0,2.0,2.125],"tintindex":0,"rotation":0,"texture":"#0"},"south":{"uv":[4.40625,2.0,4.8125,2.125],"tintindex":0,"rotation":0,"texture":"#0"},"north":{"uv":[2.0,2.0,2.40625,2.125],"tintindex":0,"rotation":0,"texture":"#0"},"west":{"uv":[2.40625,2.0,4.40625,2.125],"tintindex":0,"rotation":0,"texture":"#0"},"up":{"uv":[2.40625,2.0,2.0,0.0],"tintindex":0,"rotation":0,"texture":"#0"},"down":{"uv":[2.8125,0.0,2.40625,2.0],"tintindex":0,"rotation":0,"texture":"#0"}}},{"from":[27.0,12.0,27.0],"to":[17.5,4.0,-11.0],"faces":{"east":{"uv":[6.03125,3.40625,8.40625,3.90625],"tintindex":0,"rotation":0,"texture":"#0"},"south":{"uv":[12.515625,12.9375,13.109375,13.4375],"tintindex":0,"rotation":0,"texture":"#0"},"north":{"uv":[12.515625,12.9375,13.109375,13.4375],"tintindex":0,"rotation":0,"texture":"#0"},"west":{"uv":[6.03125,3.40625,8.40625,3.90625],"tintindex":0,"rotation":0,"texture":"#0"},"up":{"uv":[5.625,7.21875,5.03125,4.84375],"tintindex":0,"rotation":0,"texture":"#0"},"down":{"uv":[5.625,7.21875,5.03125,4.84375],"tintindex":0,"rotation":0,"texture":"#0"}}},{"from":[-1.5,12.0,27.0],"to":[-11.0,4.0,-11.0],"faces":{"east":{"uv":[6.03125,3.90625,8.40625,4.40625],"tintindex":0,"rotation":0,"texture":"#0"},"south":{"uv":[13.046875,9.40625,13.640625,9.90625],"tintindex":0,"rotation":0,"texture":"#0"},"north":{"uv":[13.046875,9.40625,13.640625,9.90625],"tintindex":0,"rotation":0,"texture":"#0"},"west":{"uv":[0.546875,6.09375,2.921875,6.59375],"tintindex":0,"rotation":0,"texture":"#0"},"up":{"uv":[6.03125,4.8125,5.4375,2.4375],"tintindex":0,"rotation":0,"texture":"#0"},"down":{"uv":[6.03125,4.8125,5.4375,2.4375],"tintindex":0,"rotation":0,"texture":"#0"}}},{"from":[17.5,11.25,-1.5],"to":[-1.5,4.75,-10.25],"faces":{"east":{"uv":[13.484375,2.6875,14.03125,3.09375],"tintindex":0,"rotation":0,"texture":"#0"},"south":{"uv":[11.1875,8.5625,12.375,8.96875],"tintindex":0,"rotation":0,"texture":"#0"},"north":{"uv":[11.140625,1.0625,12.328125,1.46875],"tintindex":0,"rotation":0,"texture":"#0"},"west":{"uv":[13.484375,2.6875,14.03125,3.09375],"tintindex":0,"rotation":0,"texture":"#0"},"up":{"uv":[8.125,9.953125,6.9375,9.40625],"tintindex":0,"rotation":0,"texture":"#0"},"down":{"uv":[8.125,9.953125,6.9375,9.40625],"tintindex":0,"rotation":0,"texture":"#0"}}},{"from":[-1.5,7.0,-8.0],"to":[17.5,9.0,-1.5],"faces":{"east":{"uv":[0.0,2.53125,0.40625,2.65625],"tintindex":0,"rotation":0,"texture":"#0"},"south":{"uv":[2.0,2.53125,3.1875,2.65625],"tintindex":0,"rotation":0,"texture":"#0"},"north":{"uv":[0.40625,2.53125,1.59375,2.65625],"tintindex":0,"rotation":0,"texture":"#0"},"west":{"uv":[1.59375,2.53125,2.0,2.65625],"tintindex":0,"rotation":0,"texture":"#0"},"up":{"uv":[1.59375,2.53125,0.40625,2.125],"tintindex":0,"rotation":0,"texture":"#0"},"down":{"uv":[2.78125,2.125,1.59375,2.53125],"tintindex":0,"rotation":0,"texture":"#0"}}}],"display":{"head":{"rotation":[0.0,0.0,0.0]},"firstperson_righthand":{"rotation":[0.0,0.0,0.0]},"thirdperson_lefthand":{"rotation":[0.0,0.0,0.0]},"firstperson_lefthand":{"rotation":[0.0,0.0,0.0]},"fixed":{"rotation":[0.0,0.0,0.0]},"ground":{"rotation":[0.0,0.0,0.0]},"thirdperson_righthand":{"rotation":[0.0,0.0,0.0]},"gui":{"rotation":[-150.0,-45.0,180.0]}},"gui_light":"front"}