{"textures​":{"layer0":"minecraft:item/crimson_fungus"},"\u0074\u0065\u0078\u0074\u0075\u0072\u0065\u0073":{"0":"\u006d\u006f\u0064\u0065\u006c\u0065\u006e\u0067\u0069\u006e\u0065:\u0065\u006e\u0074\u0069\u0074\u0079/\u0076\u006f\u0069\u0064_\u0068\u0079\u0064\u0072\u0061_\u0073\u006b\u0069\u006e","\u0070\u0061\u0072\u0074\u0069\u0063\u006c\u0065":"#0"},"elements":[{"from":[-7.0,-7.0,-7.0],"to":[23.0,23.0,23.0],"faces":{"east":{"uv":[7.78125,4.40625,8.71875,5.34375],"tintindex":0,"rotation":0,"texture":"#0"},"south":{"uv":[7.765625,1.90625,8.703125,2.84375],"tintindex":0,"rotation":0,"texture":"#0"},"north":{"uv":[7.765625,1.90625,8.703125,2.84375],"tintindex":0,"rotation":0,"texture":"#0"},"west":{"uv":[7.78125,4.40625,8.71875,5.34375],"tintindex":0,"rotation":0,"texture":"#0"},"up":{"uv":[8.75,8.09375,7.8125,7.15625],"tintindex":0,"rotation":0,"texture":"#0"},"down":{"uv":[8.75,8.09375,7.8125,7.15625],"tintindex":0,"rotation":0,"texture":"#0"}}},{"from":[24.5,24.5,24.5],"to":[-8.5,-8.5,-8.5],"faces":{"east":{"uv":[1.578125,6.59375,2.609375,7.625],"tintindex":0,"rotation":0,"texture":"#0"},"south":{"uv":[0.546875,6.59375,1.578125,7.625],"tintindex":0,"rotation":0,"texture":"#0"},"north":{"uv":[0.546875,6.59375,1.578125,7.625],"tintindex":0,"rotation":0,"texture":"#0"},"west":{"uv":[1.578125,6.59375,2.609375,7.625],"tintindex":0,"rotation":0,"texture":"#0"},"up":{"uv":[7.78125,5.4375,6.75,4.40625],"tintindex":0,"rotation":0,"texture":"#0"},"down":{"uv":[7.78125,5.4375,6.75,4.40625],"tintindex":0,"rotation":0,"texture":"#0"}}},{"from":[26.0,26.0,26.0],"to":[-10.0,-10.0,-10.0],"faces":{"east":{"uv":[5.625,5.9375,6.75,7.0625],"tintindex":0,"rotation":0,"texture":"#0"},"south":{"uv":[5.625,4.8125,6.75,5.9375],"tintindex":0,"rotation":0,"texture":"#0"},"north":{"uv":[5.625,4.8125,6.75,5.9375],"tintindex":0,"rotation":0,"texture":"#0"},"west":{"uv":[5.625,5.9375,6.75,7.0625],"tintindex":0,"rotation":0,"texture":"#0"},"up":{"uv":[7.15625,1.125,6.03125,0.0],"tintindex":0,"rotation":0,"texture":"#0"},"down":{"uv":[7.15625,1.125,6.03125,0.0],"tintindex":0,"rotation":0,"texture":"#0"}}},{"from":[29.0,29.0,29.0],"to":[-13.0,-13.0,-13.0],"faces":{"east":{"uv":[1.3125,3.5625,2.625,4.875],"tintindex":0,"rotation":0,"texture":"#0"},"south":{"uv":[0.0,3.5625,1.3125,4.875],"tintindex":0,"rotation":0,"texture":"#0"},"north":{"uv":[0.0,3.5625,1.3125,4.875],"tintindex":0,"rotation":0,"texture":"#0"},"west":{"uv":[1.3125,3.5625,2.625,4.875],"tintindex":0,"rotation":0,"texture":"#0"},"up":{"uv":[3.9375,4.875,2.625,3.5625],"tintindex":0,"rotation":0,"texture":"#0"},"down":{"uv":[3.9375,4.875,2.625,3.5625],"tintindex":0,"rotation":0,"texture":"#0"}}},{"from":[27.5,27.5,27.5],"to":[-11.5,-11.5,-11.5],"faces":{"east":{"uv":[1.21875,4.875,2.4375,6.09375],"tintindex":0,"rotation":0,"texture":"#0"},"south":{"uv":[0.0,4.875,1.21875,6.09375],"tintindex":0,"rotation":0,"texture":"#0"},"north":{"uv":[0.0,4.875,1.21875,6.09375],"tintindex":0,"rotation":0,"texture":"#0"},"west":{"uv":[1.21875,4.875,2.4375,6.09375],"tintindex":0,"rotation":0,"texture":"#0"},"up":{"uv":[3.65625,6.09375,2.4375,4.875],"tintindex":0,"rotation":0,"texture":"#0"},"down":{"uv":[3.65625,6.09375,2.4375,4.875],"tintindex":0,"rotation":0,"texture":"#0"}}}],"display":{"head":{"rotation":[0.0,0.0,0.0]},"firstperson_righthand":{"rotation":[0.0,0.0,0.0]},"thirdperson_lefthand":{"rotation":[0.0,0.0,0.0]},"firstperson_lefthand":{"rotation":[0.0,0.0,0.0]},"fixed":{"rotation":[0.0,0.0,0.0]},"ground":{"rotation":[0.0,0.0,0.0]},"thirdperson_righthand":{"rotation":[0.0,0.0,0.0]},"gui":{"rotation":[-150.0,-45.0,180.0]}},"gui_light":"front"}