{"textures​":{"layer0":"minecraft:item/cartography_table"},"\u0074\u0065\u0078\u0074\u0075\u0072\u0065\u0073":{"0":"\u006d\u006f\u0064\u0065\u006c\u0065\u006e\u0067\u0069\u006e\u0065:\u0065\u006e\u0074\u0069\u0074\u0079/\u0076\u006f\u0069\u0064_\u0068\u0079\u0064\u0072\u0061_\u0073\u006b\u0069\u006e","\u0070\u0061\u0072\u0074\u0069\u0063\u006c\u0065":"#0"},"elements":[{"from":[8.4,8.4,-3.8000002],"to":[7.6,7.6,-9.9],"faces":{"east":{"uv":[11.75,4.015625,13.625,4.234375],"tintindex":0,"rotation":0,"texture":"#0"},"south":{"uv":[7.125,14.265625,7.34375,14.484375],"tintindex":0,"rotation":0,"texture":"#0"},"north":{"uv":[6.90625,14.265625,7.125,14.484375],"tintindex":0,"rotation":0,"texture":"#0"},"west":{"uv":[11.75,4.234375,13.625,4.453125],"tintindex":0,"rotation":0,"texture":"#0"},"up":{"uv":[2.640625,13.75,2.421875,11.875],"tintindex":0,"rotation":0,"texture":"#0"},"down":{"uv":[11.390625,11.90625,11.171875,13.78125],"tintindex":0,"rotation":0,"texture":"#0"}}},{"from":[8.4,8.4,8.4],"to":[7.6,7.6,2.2999997],"faces":{"east":{"uv":[11.734375,11.3125,13.609375,11.53125],"tintindex":0,"rotation":0,"texture":"#0"},"south":{"uv":[10.375,14.25,10.59375,14.46875],"tintindex":0,"rotation":0,"texture":"#0"},"north":{"uv":[0.546875,14.25,0.765625,14.46875],"tintindex":0,"rotation":0,"texture":"#0"},"west":{"uv":[11.734375,11.53125,13.609375,11.75],"tintindex":0,"rotation":0,"texture":"#0"},"up":{"uv":[11.953125,13.625,11.734375,11.75],"tintindex":0,"rotation":0,"texture":"#0"},"down":{"uv":[6.875,11.765625,6.65625,13.640625],"tintindex":0,"rotation":0,"texture":"#0"}}},{"from":[8.4,8.4,-9.9],"to":[7.6,7.6,-16.0],"faces":{"east":{"uv":[13.625,4.234375,11.75,4.015625],"tintindex":0,"rotation":0,"texture":"#0"},"south":{"uv":[7.34375,14.484375,7.125,14.265625],"tintindex":0,"rotation":0,"texture":"#0"},"north":{"uv":[7.125,14.484375,6.90625,14.265625],"tintindex":0,"rotation":0,"texture":"#0"},"west":{"uv":[13.625,4.453125,11.75,4.234375],"tintindex":0,"rotation":0,"texture":"#0"},"up":{"uv":[2.640625,13.75,2.421875,11.875],"tintindex":0,"rotation":0,"texture":"#0"},"down":{"uv":[11.390625,13.78125,11.171875,11.90625],"tintindex":0,"rotation":0,"texture":"#0"}}},{"from":[8.4,8.4,2.2999997],"to":[7.6,7.6,-3.8000002],"faces":{"east":{"uv":[11.75,3.578125,13.625,3.796875],"tintindex":0,"rotation":0,"texture":"#0"},"south":{"uv":[6.6875,14.265625,6.90625,14.484375],"tintindex":0,"rotation":0,"texture":"#0"},"north":{"uv":[10.59375,14.25,10.8125,14.46875],"tintindex":0,"rotation":0,"texture":"#0"},"west":{"uv":[11.75,3.796875,13.625,4.015625],"tintindex":0,"rotation":0,"texture":"#0"},"up":{"uv":[7.09375,13.640625,6.875,11.765625],"tintindex":0,"rotation":0,"texture":"#0"},"down":{"uv":[2.421875,11.875,2.203125,13.75],"tintindex":0,"rotation":0,"texture":"#0"}}}],"display":{"head":{"rotation":[0.0,0.0,0.0]},"firstperson_righthand":{"rotation":[0.0,0.0,0.0]},"thirdperson_lefthand":{"rotation":[0.0,0.0,0.0]},"firstperson_lefthand":{"rotation":[0.0,0.0,0.0]},"fixed":{"rotation":[0.0,0.0,0.0]},"ground":{"rotation":[0.0,0.0,0.0]},"thirdperson_righthand":{"rotation":[0.0,0.0,0.0]},"gui":{"rotation":[-150.0,-45.0,180.0]}},"gui_light":"front"}