{"textures​":{"layer0":"minecraft:item/cocoa"},"\u0074\u0065\u0078\u0074\u0075\u0072\u0065\u0073":{"0":"\u006d\u006f\u0064\u0065\u006c\u0065\u006e\u0067\u0069\u006e\u0065:\u0065\u006e\u0074\u0069\u0074\u0079/\u0076\u006f\u0069\u0064_\u0068\u0079\u0064\u0072\u0061_\u0073\u006b\u0069\u006e","\u0070\u0061\u0072\u0074\u0069\u0063\u006c\u0065":"#0"},"elements":[{"from":[7.6666665,7.6666665,2.2380953],"to":[8.333333,8.333333,7.952381],"faces":{"east":{"uv":[11.734375,10.875,13.609375,11.09375],"tintindex":0,"rotation":0,"texture":"#0"},"south":{"uv":[11.734375,13.625,11.953125,13.84375],"tintindex":0,"rotation":0,"texture":"#0"},"north":{"uv":[13.546875,7.59375,13.765625,7.8125],"tintindex":0,"rotation":0,"texture":"#0"},"west":{"uv":[11.734375,11.09375,13.609375,11.3125],"tintindex":0,"rotation":0,"texture":"#0"},"up":{"uv":[2.203125,13.328125,1.984375,11.453125],"tintindex":0,"rotation":0,"texture":"#0"},"down":{"uv":[0.59375,11.53125,0.375,13.40625],"tintindex":0,"rotation":0,"texture":"#0"}}},{"from":[7.6666665,7.6666665,-14.904762],"to":[8.333333,8.333333,-9.190477],"faces":{"east":{"uv":[11.734375,10.875,13.609375,11.09375],"tintindex":0,"rotation":0,"texture":"#0"},"south":{"uv":[11.734375,13.625,11.953125,13.84375],"tintindex":0,"rotation":0,"texture":"#0"},"north":{"uv":[13.546875,7.59375,13.765625,7.8125],"tintindex":0,"rotation":0,"texture":"#0"},"west":{"uv":[11.734375,11.09375,13.609375,11.3125],"tintindex":0,"rotation":0,"texture":"#0"},"up":{"uv":[1.984375,11.453125,2.203125,13.328125],"tintindex":0,"rotation":0,"texture":"#0"},"down":{"uv":[0.375,11.53125,0.59375,13.40625],"tintindex":0,"rotation":0,"texture":"#0"}}},{"from":[7.6666665,7.6666665,-3.4761906],"to":[8.333333,8.333333,2.2380953],"faces":{"east":{"uv":[11.734375,10.875,13.609375,11.09375],"tintindex":0,"rotation":0,"texture":"#0"},"south":{"uv":[11.734375,13.625,11.953125,13.84375],"tintindex":0,"rotation":0,"texture":"#0"},"north":{"uv":[13.546875,7.59375,13.765625,7.8125],"tintindex":0,"rotation":0,"texture":"#0"},"west":{"uv":[11.734375,11.09375,13.609375,11.3125],"tintindex":0,"rotation":0,"texture":"#0"},"up":{"uv":[1.984375,11.453125,2.203125,13.328125],"tintindex":0,"rotation":0,"texture":"#0"},"down":{"uv":[0.375,11.53125,0.59375,13.40625],"tintindex":0,"rotation":0,"texture":"#0"}}},{"from":[7.6666665,7.6666665,-9.190477],"to":[8.333333,8.333333,-3.4761906],"faces":{"east":{"uv":[11.734375,10.875,13.609375,11.09375],"tintindex":0,"rotation":0,"texture":"#0"},"south":{"uv":[11.734375,13.625,11.953125,13.84375],"tintindex":0,"rotation":0,"texture":"#0"},"north":{"uv":[13.546875,7.59375,13.765625,7.8125],"tintindex":0,"rotation":0,"texture":"#0"},"west":{"uv":[11.734375,11.09375,13.609375,11.3125],"tintindex":0,"rotation":0,"texture":"#0"},"up":{"uv":[1.984375,11.453125,2.203125,13.328125],"tintindex":0,"rotation":0,"texture":"#0"},"down":{"uv":[0.375,11.53125,0.59375,13.40625],"tintindex":0,"rotation":0,"texture":"#0"}}}],"display":{"head":{"rotation":[0.0,0.0,0.0]},"firstperson_righthand":{"rotation":[0.0,0.0,0.0]},"thirdperson_lefthand":{"rotation":[0.0,0.0,0.0]},"firstperson_lefthand":{"rotation":[0.0,0.0,0.0]},"fixed":{"rotation":[0.0,0.0,0.0]},"ground":{"rotation":[0.0,0.0,0.0]},"thirdperson_righthand":{"rotation":[0.0,0.0,0.0]},"gui":{"rotation":[-150.0,-45.0,180.0]}},"gui_light":"front"}