{"textures​":{"layer0":"minecraft:item/stone_pressure_plate"},"\u0074\u0065\u0078\u0074\u0075\u0072\u0065\u0073":{"0":"\u006d\u006f\u0064\u0065\u006c\u0065\u006e\u0067\u0069\u006e\u0065:\u0065\u006e\u0074\u0069\u0074\u0079/\u0076\u006f\u0069\u0064_\u0068\u0079\u0064\u0072\u0061_\u0073\u006b\u0069\u006e","\u0070\u0061\u0072\u0074\u0069\u0063\u006c\u0065":"#0"},"elements":[{"from":[4.5,-1.208334,-5.833334],"to":[4.5,4.625,-2.166667],"faces":{"east":{"uv":[13.625,3.5,13.96875,4.046875],"tintindex":0,"rotation":0,"texture":"#0"},"west":{"uv":[11.390625,13.578125,11.734375,14.125],"tintindex":0,"rotation":0,"texture":"#0"}},"rotation":{"origin":[4.5,4.625,-4.0],"angle":-45.0,"axis":"z"}},{"from":[6.333333,12.083334,-4.0],"to":[9.833333,17.916668,-4.0],"faces":{"south":{"uv":[12.0625,13.859375,12.390625,14.40625],"tintindex":0,"rotation":0,"texture":"#0"},"north":{"uv":[11.734375,13.859375,12.0625,14.40625],"tintindex":0,"rotation":0,"texture":"#0"}}},{"from":[8.083333,12.083334,-5.833334],"to":[8.083333,17.916668,-2.166667],"faces":{"east":{"uv":[9.25,10.1875,9.59375,10.734375],"tintindex":0,"rotation":0,"texture":"#0"},"west":{"uv":[0.0,12.65625,0.34375,13.203125],"tintindex":0,"rotation":0,"texture":"#0"}}},{"from":[3.833333,3.833333,-6.833334],"to":[12.166667,12.166667,-1.166667],"faces":{"east":{"uv":[5.421875,12.109375,5.9375,12.875],"tintindex":0,"rotation":0,"texture":"#0"},"south":{"uv":[10.71875,2.90625,11.484375,3.671875],"tintindex":0,"rotation":0,"texture":"#0"},"north":{"uv":[1.546875,10.6875,2.3125,11.453125],"tintindex":0,"rotation":0,"texture":"#0"},"west":{"uv":[12.125,7.484375,12.640625,8.25],"tintindex":0,"rotation":0,"texture":"#0"},"up":{"uv":[12.53125,0.890625,11.765625,0.375],"tintindex":0,"rotation":0,"texture":"#0"},"down":{"uv":[12.84375,6.0,12.078125,6.515625],"tintindex":0,"rotation":0,"texture":"#0"}}},{"from":[9.75,11.375,-4.0],"to":[13.25,17.208334,-4.0],"faces":{"south":{"uv":[13.90625,5.65625,14.234375,6.203125],"tintindex":0,"rotation":0,"texture":"#0"},"north":{"uv":[0.0,13.90625,0.328125,14.453125],"tintindex":0,"rotation":0,"texture":"#0"}},"rotation":{"origin":[11.5,11.375,-4.0],"angle":-45.0,"axis":"z"}},{"from":[4.333333,4.333333,-14.0],"to":[11.666667,11.666667,-2.333334],"faces":{"east":{"uv":[3.875,8.375,4.96875,9.0625],"tintindex":0,"rotation":0,"texture":"#0"},"south":{"uv":[11.484375,2.890625,12.171875,3.578125],"tintindex":0,"rotation":0,"texture":"#0"},"north":{"uv":[8.421875,11.46875,9.109375,12.15625],"tintindex":0,"rotation":0,"texture":"#0"},"west":{"uv":[8.703125,1.90625,9.796875,2.59375],"tintindex":0,"rotation":0,"texture":"#0"},"up":{"uv":[7.625,9.34375,6.9375,8.25],"tintindex":0,"rotation":0,"texture":"#0"},"down":{"uv":[9.40625,3.96875,8.71875,5.0625],"tintindex":0,"rotation":0,"texture":"#0"}}},{"from":[8.0,-1.916667,-5.833334],"to":[8.0,3.9166665,-2.166667],"faces":{"east":{"uv":[13.625,12.109375,13.96875,12.65625],"tintindex":0,"rotation":0,"texture":"#0"},"west":{"uv":[6.46875,13.640625,6.8125,14.1875],"tintindex":0,"rotation":0,"texture":"#0"}}},{"from":[9.75,-1.208334,-4.0],"to":[13.25,4.625,-4.0],"faces":{"south":{"uv":[4.140625,13.921875,4.46875,14.46875],"tintindex":0,"rotation":0,"texture":"#0"},"north":{"uv":[13.90625,6.203125,14.234375,6.75],"tintindex":0,"rotation":0,"texture":"#0"}},"rotation":{"origin":[11.5,4.625,-4.0],"angle":45.0,"axis":"z"}},{"from":[-2.083334,6.083333,-4.0],"to":[3.75,9.916667,-4.0],"faces":{"south":{"uv":[11.953125,13.5,12.5,13.859375],"tintindex":0,"rotation":0,"texture":"#0"},"north":{"uv":[13.5,8.484375,14.046875,8.84375],"tintindex":0,"rotation":0,"texture":"#0"}}},{"from":[-2.083334,8.0,-5.833334],"to":[3.75,8.0,-2.166667],"faces":{"up":{"uv":[14.171875,4.390625,13.625,4.046875],"tintindex":0,"rotation":0,"texture":"#0"},"down":{"uv":[14.1875,9.40625,13.640625,9.75],"tintindex":0,"rotation":0,"texture":"#0"}}},{"from":[12.25,8.0,-5.833334],"to":[18.083334,8.0,-2.166667],"faces":{"up":{"uv":[14.15625,11.5625,13.609375,11.21875],"tintindex":0,"rotation":0,"texture":"#0"},"down":{"uv":[14.15625,13.3125,13.609375,13.65625],"tintindex":0,"rotation":0,"texture":"#0"}}},{"from":[12.25,6.083333,-4.0],"to":[18.083334,9.916667,-4.0],"faces":{"south":{"uv":[5.359375,13.5,5.90625,13.859375],"tintindex":0,"rotation":0,"texture":"#0"},"north":{"uv":[10.03125,5.875,10.578125,6.234375],"tintindex":0,"rotation":0,"texture":"#0"}}},{"from":[4.5,11.375,-5.833334],"to":[4.5,17.208334,-2.166667],"faces":{"east":{"uv":[5.90625,13.234375,6.25,13.78125],"tintindex":0,"rotation":0,"texture":"#0"},"west":{"uv":[11.390625,13.03125,11.734375,13.578125],"tintindex":0,"rotation":0,"texture":"#0"}},"rotation":{"origin":[4.5,11.375,-4.0],"angle":45.0,"axis":"z"}},{"from":[11.5,-1.208334,-5.833334],"to":[11.5,4.625,-2.166667],"faces":{"east":{"uv":[11.390625,13.578125,11.734375,14.125],"tintindex":0,"rotation":0,"texture":"#0"},"west":{"uv":[13.625,3.5,13.96875,4.046875],"tintindex":0,"rotation":0,"texture":"#0"}},"rotation":{"origin":[11.5,4.625,-4.0],"angle":45.0,"axis":"z"}},{"from":[2.75,-1.208334,-4.0],"to":[6.25,4.625,-4.0],"faces":{"south":{"uv":[4.140625,13.921875,4.46875,14.46875],"tintindex":0,"rotation":0,"texture":"#0"},"north":{"uv":[13.90625,6.203125,14.234375,6.75],"tintindex":0,"rotation":0,"texture":"#0"}},"rotation":{"origin":[4.5,4.625,-4.0],"angle":-45.0,"axis":"z"}},{"from":[8.0,9.666667,-14.0],"to":[8.0,17.0,-2.333334],"faces":{"east":{"uv":[8.75,6.25,9.84375,6.9375],"tintindex":0,"rotation":0,"texture":"#0"},"west":{"uv":[8.75,6.9375,9.84375,7.625],"tintindex":0,"rotation":0,"texture":"#0"}}},{"from":[11.5,11.375,-5.833334],"to":[11.5,17.208334,-2.166667],"faces":{"east":{"uv":[11.390625,13.03125,11.734375,13.578125],"tintindex":0,"rotation":0,"texture":"#0"},"west":{"uv":[5.90625,13.234375,6.25,13.78125],"tintindex":0,"rotation":0,"texture":"#0"}},"rotation":{"origin":[11.5,11.375,-4.0],"angle":-45.0,"axis":"z"}},{"from":[6.25,-1.916667,-4.0],"to":[9.75,3.9166665,-4.0],"faces":{"south":{"uv":[8.84375,13.921875,9.171875,14.46875],"tintindex":0,"rotation":0,"texture":"#0"},"north":{"uv":[4.46875,13.921875,4.796875,14.46875],"tintindex":0,"rotation":0,"texture":"#0"}}},{"from":[2.75,11.375,-4.0],"to":[6.25,17.208334,-4.0],"faces":{"south":{"uv":[13.90625,5.65625,14.234375,6.203125],"tintindex":0,"rotation":0,"texture":"#0"},"north":{"uv":[0.0,13.90625,0.328125,14.453125],"tintindex":0,"rotation":0,"texture":"#0"}},"rotation":{"origin":[4.5,11.375,-4.0],"angle":45.0,"axis":"z"}}],"display":{"head":{"rotation":[0.0,0.0,0.0]},"firstperson_righthand":{"rotation":[0.0,0.0,0.0]},"thirdperson_lefthand":{"rotation":[0.0,0.0,0.0]},"firstperson_lefthand":{"rotation":[0.0,0.0,0.0]},"fixed":{"rotation":[0.0,0.0,0.0]},"ground":{"rotation":[0.0,0.0,0.0]},"thirdperson_righthand":{"rotation":[0.0,0.0,0.0]},"gui":{"rotation":[-150.0,-45.0,180.0]}},"gui_light":"front"}