{"textures​":{"layer0":"minecraft:item/bundle"},"\u0074\u0065\u0078\u0074\u0075\u0072\u0065\u0073":{"0":"\u006d\u006f\u0064\u0065\u006c\u0065\u006e\u0067\u0069\u006e\u0065:\u0065\u006e\u0074\u0069\u0074\u0079/\u0076\u006f\u0069\u0064_\u0068\u0079\u0064\u0072\u0061_\u0073\u006b\u0069\u006e","\u0070\u0061\u0072\u0074\u0069\u0063\u006c\u0065":"#0"},"elements":[{"from":[8.0,8.0,5.0],"to":[22.0,14.0,11.0],"faces":{"east":{"uv":[6.625,8.0625,6.4375,8.25],"tintindex":0,"rotation":0,"texture":"#0"},"south":{"uv":[13.203125,1.28125,12.765625,1.46875],"tintindex":0,"rotation":0,"texture":"#0"},"north":{"uv":[12.765625,1.28125,12.328125,1.46875],"tintindex":0,"rotation":0,"texture":"#0"},"west":{"uv":[6.4375,8.0625,6.25,8.25],"tintindex":0,"rotation":0,"texture":"#0"},"up":{"uv":[14.390625,8.140625,13.953125,8.328125],"tintindex":0,"rotation":0,"texture":"#0"},"down":{"uv":[14.5,5.359375,14.0625,5.546875],"tintindex":0,"rotation":0,"texture":"#0"}}}],"display":{"head":{"rotation":[0.0,0.0,0.0]},"firstperson_righthand":{"rotation":[0.0,0.0,0.0]},"thirdperson_lefthand":{"rotation":[0.0,0.0,0.0]},"firstperson_lefthand":{"rotation":[0.0,0.0,0.0]},"fixed":{"rotation":[0.0,0.0,0.0]},"ground":{"rotation":[0.0,0.0,0.0]},"thirdperson_righthand":{"rotation":[0.0,0.0,0.0]},"gui":{"rotation":[-150.0,-45.0,180.0]}},"gui_light":"front"}