{"textures​":{"layer0":"minecraft:item/chiseled_tuff_bricks"},"\u0074\u0065\u0078\u0074\u0075\u0072\u0065\u0073":{"0":"\u006d\u006f\u0064\u0065\u006c\u0065\u006e\u0067\u0069\u006e\u0065:\u0065\u006e\u0074\u0069\u0074\u0079/\u0076\u006f\u0069\u0064_\u0068\u0079\u0064\u0072\u0061_\u0073\u006b\u0069\u006e","\u0070\u0061\u0072\u0074\u0069\u0063\u006c\u0065":"#0"},"elements":[{"from":[2.6666665,2.6666665,6.0],"to":[13.333334,13.333334,31.333334],"faces":{"east":{"uv":[3.1875,2.125,4.375,2.625],"tintindex":0,"rotation":0,"texture":"#0"},"south":{"uv":[1.03125,13.203125,1.53125,13.703125],"tintindex":0,"rotation":0,"texture":"#0"},"north":{"uv":[13.171875,1.6875,13.671875,2.1875],"tintindex":0,"rotation":0,"texture":"#0"},"west":{"uv":[9.84375,7.03125,11.03125,7.53125],"tintindex":0,"rotation":0,"texture":"#0"},"up":{"uv":[5.546875,10.5,5.046875,9.3125],"tintindex":0,"rotation":0,"texture":"#0"},"down":{"uv":[8.03125,9.953125,7.53125,11.140625],"tintindex":0,"rotation":0,"texture":"#0"}}}],"display":{"head":{"rotation":[0.0,0.0,0.0]},"firstperson_righthand":{"rotation":[0.0,0.0,0.0]},"thirdperson_lefthand":{"rotation":[0.0,0.0,0.0]},"firstperson_lefthand":{"rotation":[0.0,0.0,0.0]},"fixed":{"rotation":[0.0,0.0,0.0]},"ground":{"rotation":[0.0,0.0,0.0]},"thirdperson_righthand":{"rotation":[0.0,0.0,0.0]},"gui":{"rotation":[-150.0,-45.0,180.0]}},"gui_light":"front"}