{"model":{"type":"range_dispatch","property":"custom_model_data","index":0,"fallback":{"type":"minecraft:condition","on_false":{"type":"minecraft:model","model":"minecraft:item/fishing_rod"},"on_true":{"type":"minecraft:model","model":"minecraft:item/fishing_rod_cast"},"property":"minecraft:fishing_rod/cast"},"entries":[{"threshold":50000,"model":{"type":"minecraft:condition","on_false":{"type":"model","model":"plny_halloween_pumpkin_set:fishing_rod"},"on_true":{"type":"model","model":"plny_halloween_pumpkin_set:fishing_rod_cast"},"property":"minecraft:fishing_rod/cast"}},{"threshold":50001,"model":{"type":"minecraft:condition","on_false":{"type":"model","model":"nexusset:fishing_rod"},"on_true":{"type":"model","model":"nexusset:fishing_rod_cast"},"property":"minecraft:fishing_rod/cast"}},{"threshold":50002,"model":{"type":"minecraft:condition","on_false":{"type":"model","model":"elitecreatures:pilgrim_assortment/fishing_rod"},"on_true":{"type":"model","model":"elitecreatures:pilgrim_assortment/fishing_rod_cast"},"property":"minecraft:fishing_rod/cast"}},{"threshold":50003,"model":{"type":"minecraft:condition","on_false":{"type":"model","model":"plny_christmas_2025_set:fishing_rod"},"on_true":{"type":"model","model":"plny_christmas_2025_set:fishing_rod_cast"},"property":"minecraft:fishing_rod/cast"}},{"threshold":50004,"model":{"type":"minecraft:condition","on_false":{"type":"model","model":"plny_new_year_2026_set:fishing_rod"},"on_true":{"type":"model","model":"plny_new_year_2026_set:fishing_rod_cast"},"property":"minecraft:fishing_rod/cast"}},{"threshold":50005,"model":{"type":"minecraft:condition","on_false":{"type":"model","model":"item/fishing_rod"},"on_true":{"type":"minecraft:model","model":"minecraft:item/fishing_rod_cast"},"property":"minecraft:fishing_rod/cast"}}]},"oversized_in_gui":true}