{"model":{"type":"range_dispatch","property":"custom_model_data","index":0,"fallback":{"type":"minecraft:model","model":"minecraft:item/netherite_pickaxe"},"entries":[{"threshold":50000,"model":{"type":"model","model":"plny_halloween_pumpkin_set:pickaxe"}},{"threshold":50001,"model":{"type":"model","model":"nexusset:pickaxe"}},{"threshold":50002,"model":{"type":"model","model":"vanilla_sets:item/ia_auto/amethyst_pickaxe"}},{"threshold":50003,"model":{"type":"model","model":"vanilla_sets:item/ia_auto/bone_pickaxe"}},{"threshold":50004,"model":{"type":"model","model":"vanilla_sets:item/ia_auto/crimson_pickaxe"}},{"threshold":50005,"model":{"type":"model","model":"vanilla_sets:item/ia_auto/sculk_pickaxe"}},{"threshold":50006,"model":{"type":"model","model":"vanilla_sets:item/ia_auto/nautilus_pickaxe"}},{"threshold":50007,"model":{"type":"model","model":"elitecreatures:pilgrim_assortment/pickaxe"}},{"threshold":50008,"model":{"type":"model","model":"plny_christmas_2025_set:pickaxe"}},{"threshold":50009,"model":{"type":"model","model":"plny_new_year_2026_set:pickaxe"}},{"threshold":50010,"model":{"type":"model","model":"item/netherite_pickaxe"}}]},"oversized_in_gui":true}