{"model":{"type":"range_dispatch","property":"custom_model_data","index":0,"fallback":{"type":"minecraft:model","model":"minecraft:item/potion","tints":[{"type":"minecraft:potion","default":-13083194}]},"entries":[{"threshold":1700001,"model":{"type":"model","model":"nexusset:wings_cosmeticscore","tints":[{"type":"minecraft:potion","default":-13083194}]}},{"threshold":1700002,"model":{"type":"model","model":"nexusset:wings_cosmeticscore_self","tints":[{"type":"minecraft:potion","default":-13083194}]}},{"threshold":1700003,"model":{"type":"model","model":"nexusset:helmet","tints":[{"type":"minecraft:potion","default":-13083194}]}},{"threshold":1700004,"model":{"type":"model","model":"nexusset:wings_cosmeticscore_self_2","tints":[{"type":"minecraft:potion","default":-13083194}]}},{"threshold":1700005,"model":{"type":"model","model":"nexusset:wings_cosmeticscore_normal_2","tints":[{"type":"minecraft:potion","default":-13083194}]}},{"threshold":9926712,"model":{"type":"model","model":"plny_halloween_pumpkin_set:helmet","tints":[{"type":"minecraft:potion","default":-13083194}]}},{"threshold":9926713,"model":{"type":"model","model":"plny_halloween_pumpkin_set:wings_cosmetic","tints":[{"type":"minecraft:potion","default":-13083194}]}},{"threshold":9926714,"model":{"type":"model","model":"plny_halloween_pumpkin_set:wings_cosmetic_self","tints":[{"type":"minecraft:potion","default":-13083194}]}},{"threshold":9926715,"model":{"type":"model","model":"plny_halloween_pumpkin_set:wings_cosmetic_self_2","tints":[{"type":"minecraft:potion","default":-13083194}]}},{"threshold":9926716,"model":{"type":"model","model":"plny_halloween_pumpkin_set:wings_cosmetic_normal_2","tints":[{"type":"minecraft:potion","default":-13083194}]}},{"threshold":9926736,"model":{"type":"model","model":"plny_christmas_2025_set:helmet","tints":[{"type":"minecraft:potion","default":-13083194}]}},{"threshold":9926737,"model":{"type":"model","model":"plny_christmas_2025_set:wings_cosmetic","tints":[{"type":"minecraft:potion","default":-13083194}]}},{"threshold":9926738,"model":{"type":"model","model":"plny_christmas_2025_set:wings_cosmetic_self","tints":[{"type":"minecraft:potion","default":-13083194}]}},{"threshold":9926739,"model":{"type":"model","model":"plny_christmas_2025_set:wings_cosmetic_self_2","tints":[{"type":"minecraft:potion","default":-13083194}]}},{"threshold":9926740,"model":{"type":"model","model":"plny_christmas_2025_set:wings_cosmetic_normal_2","tints":[{"type":"minecraft:potion","default":-13083194}]}},{"threshold":9926746,"model":{"type":"model","model":"plny_new_year_2026_set:helmet","tints":[{"type":"minecraft:potion","default":-13083194}]}},{"threshold":9926747,"model":{"type":"model","model":"plny_new_year_2026_set:wings_cosmetic","tints":[{"type":"minecraft:potion","default":-13083194}]}},{"threshold":9926748,"model":{"type":"model","model":"plny_new_year_2026_set:wings_cosmetic_self","tints":[{"type":"minecraft:potion","default":-13083194}]}},{"threshold":9926749,"model":{"type":"model","model":"plny_new_year_2026_set:wings_cosmetic_self_2","tints":[{"type":"minecraft:potion","default":-13083194}]}},{"threshold":9926750,"model":{"type":"model","model":"plny_new_year_2026_set:wings_cosmetic_normal_2","tints":[{"type":"minecraft:potion","default":-13083194}]}},{"threshold":9926751,"model":{"type":"model","model":"item/potion","tints":[{"type":"minecraft:potion","default":-13083194}]}}]},"oversized_in_gui":true}