{"model":{"type":"range_dispatch","property":"custom_model_data","index":0,"fallback":{"type":"minecraft:condition","on_false":{"type":"minecraft:special","base":"minecraft:item/shield","model":{"type":"minecraft:shield"}},"on_true":{"type":"minecraft:special","base":"minecraft:item/shield_blocking","model":{"type":"minecraft:shield"}},"property":"minecraft:using_item"},"entries":[{"threshold":50000,"model":{"type":"minecraft:condition","on_false":{"type":"model","base":"minecraft:item/shield","model":"plny_halloween_pumpkin_set:shield"},"on_true":{"type":"model","base":"minecraft:item/shield_blocking","model":"plny_halloween_pumpkin_set:shield_blocking"},"property":"minecraft:using_item"}},{"threshold":50001,"model":{"type":"minecraft:condition","on_false":{"type":"model","base":"minecraft:item/shield","model":"nexusset:shield"},"on_true":{"type":"model","base":"minecraft:item/shield_blocking","model":"nexusset:shield_blocking"},"property":"minecraft:using_item"}},{"threshold":50002,"model":{"type":"minecraft:condition","on_false":{"type":"model","base":"minecraft:item/shield","model":"elitecreatures:pilgrim_assortment/shield"},"on_true":{"type":"model","base":"minecraft:item/shield_blocking","model":"elitecreatures:pilgrim_assortment/shield_blocking"},"property":"minecraft:using_item"}},{"threshold":50003,"model":{"type":"minecraft:condition","on_false":{"type":"model","base":"minecraft:item/shield","model":"plny_christmas_2025_set:shield"},"on_true":{"type":"model","base":"minecraft:item/shield_blocking","model":"plny_christmas_2025_set:shield_blocking"},"property":"minecraft:using_item"}},{"threshold":50004,"model":{"type":"minecraft:condition","on_false":{"type":"model","base":"minecraft:item/shield","model":"plny_new_year_2026_set:shield"},"on_true":{"type":"model","base":"minecraft:item/shield_blocking","model":"plny_new_year_2026_set:shield_blocking"},"property":"minecraft:using_item"}},{"threshold":50005,"model":{"type":"minecraft:condition","on_false":{"type":"model","base":"minecraft:item/shield","model":"item/shield"},"on_true":{"type":"minecraft:special","base":"minecraft:item/shield_blocking","model":{"type":"minecraft:shield"}},"property":"minecraft:using_item"}}]},"oversized_in_gui":true}