{"credit":"MadewithBlockbench","texture_size":[64,64],"textures":{"0":"elitecreatures:christmas_furniture_v1/09_gift_box_texture","particle":"elitecreatures:christmas_furniture_v1/09_gift_box_texture"},"elements":[{"from":[8.38605,5.50686,10.75],"to":[13.03605,6.00686,13.25],"rotation":{"angle":45,"axis":"z","origin":[8,8.95289,12]},"faces":{"north":{"uv":[5.375,4,4.25,4.125],"texture":"#0"},"east":{"uv":[5.875,3.25,5.25,3.375],"texture":"#0"},"south":{"uv":[6.125,2.25,5,2.375],"texture":"#0"},"west":{"uv":[3.875,5.25,3.25,5.375],"texture":"#0"},"up":{"uv":[3,4.125,4.125,3.5],"texture":"#0"},"down":{"uv":[3,4.25,4.125,4.875],"texture":"#0"}}},{"from":[7.94609,6.61426,10.75],"to":[10.44609,7.11426,13.25],"rotation":{"angle":22.5,"axis":"z","origin":[8,8.95289,12]},"faces":{"north":{"uv":[5.875,3.5,5.25,3.625],"texture":"#0"},"east":{"uv":[6.125,1,5.5,1.125],"texture":"#0"},"south":{"uv":[6.125,0.75,5.5,0.875],"texture":"#0"},"west":{"uv":[5.875,3.75,5.25,3.875],"texture":"#0"},"up":{"uv":[5,0.625,5.625,0],"texture":"#0"},"down":{"uv":[0.75,5,1.375,5.625],"texture":"#0"}}},{"from":[10.88331,9.02888,10.75],"to":[11.38331,12.52888,13.25],"rotation":{"angle":-22.5,"axis":"z","origin":[8,8.95289,12]},"faces":{"north":{"uv":[4.375,4.25,4.25,5.125],"texture":"#0"},"east":{"uv":[0.625,5,0,5.875],"texture":"#0"},"south":{"uv":[3.125,5,3,5.875],"texture":"#0"},"west":{"uv":[5.125,3,4.5,3.875],"texture":"#0"},"up":{"uv":[4,5.625,4.125,5],"texture":"#0"},"down":{"uv":[4.25,5.25,4.375,5.875],"texture":"#0"}}},{"from":[11.38331,12.02888,10.75],"to":[12.98331,12.52888,13.25],"rotation":{"angle":-22.5,"axis":"z","origin":[8,8.95289,12]},"faces":{"north":{"uv":[5.875,1.25,5.5,1.375],"texture":"#0"},"east":{"uv":[5.875,3,5.25,3.125],"texture":"#0"},"south":{"uv":[5.875,1.5,5.5,1.625],"texture":"#0"},"west":{"uv":[3.875,5,3.25,5.125],"texture":"#0"},"up":{"uv":[5,1.375,5.375,0.75],"texture":"#0"},"down":{"uv":[5,1.5,5.375,2.125],"texture":"#0"}}},{"from":[2.96395,5.50686,10.75],"to":[7.61395,6.00686,13.25],"rotation":{"angle":-45,"axis":"z","origin":[8,8.95289,12]},"faces":{"north":{"uv":[4.25,4,5.375,4.125],"texture":"#0"},"east":{"uv":[3.25,5.25,3.875,5.375],"texture":"#0"},"south":{"uv":[5,2.25,6.125,2.375],"texture":"#0"},"west":{"uv":[5.25,3.25,5.875,3.375],"texture":"#0"},"up":{"uv":[4.125,4.125,3,3.5],"texture":"#0"},"down":{"uv":[4.125,4.25,3,4.875],"texture":"#0"}}},{"from":[5.55391,6.61426,10.75],"to":[8.05391,7.11426,13.25],"rotation":{"angle":-22.5,"axis":"z","origin":[8,8.95289,12]},"faces":{"north":{"uv":[5.25,3.5,5.875,3.625],"texture":"#0"},"east":{"uv":[5.25,3.75,5.875,3.875],"texture":"#0"},"south":{"uv":[5.5,0.75,6.125,0.875],"texture":"#0"},"west":{"uv":[5.5,1,6.125,1.125],"texture":"#0"},"up":{"uv":[5.625,0.625,5,0],"texture":"#0"},"down":{"uv":[1.375,5,0.75,5.625],"texture":"#0"}}},{"from":[4.61669,9.02888,10.75],"to":[5.11669,12.52888,13.25],"rotation":{"angle":22.5,"axis":"z","origin":[8,8.95289,12]},"faces":{"north":{"uv":[4.25,4.25,4.375,5.125],"texture":"#0"},"east":{"uv":[4.5,3,5.125,3.875],"texture":"#0"},"south":{"uv":[3,5,3.125,5.875],"texture":"#0"},"west":{"uv":[0,5,0.625,5.875],"texture":"#0"},"up":{"uv":[4.125,5.625,4,5],"texture":"#0"},"down":{"uv":[4.375,5.25,4.25,5.875],"texture":"#0"}}},{"from":[3.01669,12.02888,10.75],"to":[4.61669,12.52888,13.25],"rotation":{"angle":22.5,"axis":"z","origin":[8,8.95289,12]},"faces":{"north":{"uv":[5.5,1.25,5.875,1.375],"texture":"#0"},"east":{"uv":[3.25,5,3.875,5.125],"texture":"#0"},"south":{"uv":[5.5,1.5,5.875,1.625],"texture":"#0"},"west":{"uv":[5.25,3,5.875,3.125],"texture":"#0"},"up":{"uv":[5.375,1.375,5,0.75],"texture":"#0"},"down":{"uv":[5.375,1.5,5,2.125],"texture":"#0"}}},{"from":[6.75,5.50686,12.38605],"to":[9.25,6.00686,17.03605],"rotation":{"angle":-45,"axis":"x","origin":[8,8.95289,12]},"faces":{"north":{"uv":[3.875,5.25,3.25,5.375],"texture":"#0"},"east":{"uv":[5.375,4,4.25,4.125],"texture":"#0"},"south":{"uv":[5.875,3.25,5.25,3.375],"texture":"#0"},"west":{"uv":[6.125,2.25,5,2.375],"texture":"#0"},"up":{"uv":[3,4.125,4.125,3.5],"rotation":90,"texture":"#0"},"down":{"uv":[3,4.25,4.125,4.875],"rotation":270,"texture":"#0"}}},{"from":[6.75,6.61426,11.94609],"to":[9.25,7.11426,14.44609],"rotation":{"angle":-22.5,"axis":"x","origin":[8,8.95289,12]},"faces":{"north":{"uv":[5.875,3.75,5.25,3.875],"texture":"#0"},"east":{"uv":[5.875,3.5,5.25,3.625],"texture":"#0"},"south":{"uv":[6.125,1,5.5,1.125],"texture":"#0"},"west":{"uv":[6.125,0.75,5.5,0.875],"texture":"#0"},"up":{"uv":[5,0.625,5.625,0],"rotation":90,"texture":"#0"},"down":{"uv":[0.75,5,1.375,5.625],"rotation":270,"texture":"#0"}}},{"from":[6.75,9.02888,14.88331],"to":[9.25,12.52888,15.38331],"rotation":{"angle":22.5,"axis":"x","origin":[8,8.95289,12]},"faces":{"north":{"uv":[5.125,3,4.5,3.875],"texture":"#0"},"east":{"uv":[4.375,4.25,4.25,5.125],"texture":"#0"},"south":{"uv":[0.625,5,0,5.875],"texture":"#0"},"west":{"uv":[3.125,5,3,5.875],"texture":"#0"},"up":{"uv":[4,5.625,4.125,5],"rotation":90,"texture":"#0"},"down":{"uv":[4.25,5.25,4.375,5.875],"rotation":270,"texture":"#0"}}},{"from":[6.75,12.02888,15.38331],"to":[9.25,12.52888,16.98331],"rotation":{"angle":22.5,"axis":"x","origin":[8,8.95289,12]},"faces":{"north":{"uv":[3.875,5,3.25,5.125],"texture":"#0"},"east":{"uv":[5.875,1.25,5.5,1.375],"texture":"#0"},"south":{"uv":[5.875,3,5.25,3.125],"texture":"#0"},"west":{"uv":[5.875,1.5,5.5,1.625],"texture":"#0"},"up":{"uv":[5,1.375,5.375,0.75],"rotation":90,"texture":"#0"},"down":{"uv":[5,1.5,5.375,2.125],"rotation":270,"texture":"#0"}}},{"from":[6.75,5.50686,6.96395],"to":[9.25,6.00686,11.61395],"rotation":{"angle":45,"axis":"x","origin":[8,8.95289,12]},"faces":{"north":{"uv":[5.25,3.25,5.875,3.375],"texture":"#0"},"east":{"uv":[4.25,4,5.375,4.125],"texture":"#0"},"south":{"uv":[3.25,5.25,3.875,5.375],"texture":"#0"},"west":{"uv":[5,2.25,6.125,2.375],"texture":"#0"},"up":{"uv":[4.125,4.125,3,3.5],"rotation":90,"texture":"#0"},"down":{"uv":[4.125,4.25,3,4.875],"rotation":270,"texture":"#0"}}},{"from":[6.75,6.61426,9.55391],"to":[9.25,7.11426,12.05391],"rotation":{"angle":22.5,"axis":"x","origin":[8,8.95289,12]},"faces":{"north":{"uv":[5.5,1,6.125,1.125],"texture":"#0"},"east":{"uv":[5.25,3.5,5.875,3.625],"texture":"#0"},"south":{"uv":[5.25,3.75,5.875,3.875],"texture":"#0"},"west":{"uv":[5.5,0.75,6.125,0.875],"texture":"#0"},"up":{"uv":[5.625,0.625,5,0],"rotation":90,"texture":"#0"},"down":{"uv":[1.375,5,0.75,5.625],"rotation":270,"texture":"#0"}}},{"from":[6.75,9.02888,8.61669],"to":[9.25,12.52888,9.11669],"rotation":{"angle":-22.5,"axis":"x","origin":[8,8.95289,12]},"faces":{"north":{"uv":[0,5,0.625,5.875],"texture":"#0"},"east":{"uv":[4.25,4.25,4.375,5.125],"texture":"#0"},"south":{"uv":[4.5,3,5.125,3.875],"texture":"#0"},"west":{"uv":[3,5,3.125,5.875],"texture":"#0"},"up":{"uv":[4.125,5.625,4,5],"rotation":90,"texture":"#0"},"down":{"uv":[4.375,5.25,4.25,5.875],"rotation":270,"texture":"#0"}}},{"from":[6.75,12.02888,7.01669],"to":[9.25,12.52888,8.61669],"rotation":{"angle":-22.5,"axis":"x","origin":[8,8.95289,12]},"faces":{"north":{"uv":[5.25,3,5.875,3.125],"texture":"#0"},"east":{"uv":[5.5,1.25,5.875,1.375],"texture":"#0"},"south":{"uv":[3.25,5,3.875,5.125],"texture":"#0"},"west":{"uv":[5.5,1.5,5.875,1.625],"texture":"#0"},"up":{"uv":[5.375,1.375,5,0.75],"rotation":90,"texture":"#0"},"down":{"uv":[5.375,1.5,5,2.125],"rotation":270,"texture":"#0"}}},{"from":[4.75,4.5,8.75],"to":[11.25,7,15.25],"faces":{"north":{"uv":[6.5,0.75,8.125,1.375],"texture":"#0"},"east":{"uv":[6.5,0.75,8.125,1.375],"texture":"#0"},"south":{"uv":[6.5,0.75,8.125,1.375],"texture":"#0"},"west":{"uv":[6.5,0.75,8.125,1.375],"texture":"#0"},"up":{"uv":[1.625,1.625,0,0],"texture":"#0"},"down":{"uv":[1.625,1.75,0,3.375],"texture":"#0"}}},{"from":[5,0,9],"to":[11,4.5,15],"faces":{"north":{"uv":[4.5,4.25,6,5.375],"texture":"#0"},"east":{"uv":[4.5,4.25,6,5.375],"texture":"#0"},"south":{"uv":[4.5,4.25,6,5.375],"texture":"#0"},"west":{"uv":[4.5,4.25,6,5.375],"texture":"#0"},"up":{"uv":[1.5,5,0,3.5],"texture":"#0"},"down":{"uv":[5,0,3.5,1.5],"texture":"#0"}}},{"from":[4.55,4.3,8.55],"to":[11.45,7.2,15.45],"faces":{"north":{"uv":[1.75,7,3.375,7.625],"texture":"#0"},"east":{"uv":[1.75,7,3.375,7.625],"texture":"#0"},"south":{"uv":[1.75,7,3.375,7.625],"texture":"#0"},"west":{"uv":[1.75,7,3.375,7.625],"texture":"#0"},"up":{"uv":[3.375,1.625,1.75,0],"texture":"#0"},"down":{"uv":[3.375,1.75,1.75,3.375],"texture":"#0"}}},{"from":[4.8,-0.2,8.8],"to":[11.2,4.7,15.2],"faces":{"north":{"uv":[1.5,5,3,6.125],"texture":"#0"},"east":{"uv":[1.5,5,3,6.125],"texture":"#0"},"south":{"uv":[1.5,5,3,6.125],"texture":"#0"},"west":{"uv":[1.5,5,3,6.125],"texture":"#0"},"up":{"uv":[3,5,1.5,3.5],"texture":"#0"},"down":{"uv":[5,1.5,3.5,3],"texture":"#0"}}},{"from":[1,0,3],"to":[6,4,8],"rotation":{"angle":45,"axis":"y","origin":[4.5,2,5.5]},"faces":{"north":{"uv":[6,2.5,7.25,3.5],"texture":"#0"},"east":{"uv":[6,2.5,7.25,3.5],"texture":"#0"},"south":{"uv":[6,2.5,7.25,3.5],"texture":"#0"},"west":{"uv":[6,2.5,7.25,3.5],"texture":"#0"},"up":{"uv":[5.75,6.75,4.5,5.5],"texture":"#0"},"down":{"uv":[7,5.5,5.75,6.75],"texture":"#0"}}},{"from":[2.08579,2,4.80711],"to":[4.08579,8,6.80711],"rotation":{"angle":-22.5,"axis":"x","origin":[3.08579,5,6.20711]},"faces":{"north":{"uv":[3.25,5.5,3.75,7],"texture":"#0"},"east":{"uv":[3.25,5.5,3.75,7],"texture":"#0"},"south":{"uv":[3.25,5.5,3.75,7],"texture":"#0"},"west":{"uv":[3.25,5.5,3.75,7],"texture":"#0"},"up":{"uv":[6,2.25,5.5,1.75],"rotation":270,"texture":"#0"},"down":{"uv":[6.25,0,5.75,0.5],"rotation":90,"texture":"#0"}}},{"from":[3.98579,2.84693,5.03755],"to":[5.98579,8.84693,7.03755],"rotation":{"angle":-22.5,"axis":"z","origin":[3.08579,4.84693,5.83755]},"faces":{"north":{"uv":[0.75,5.75,1.25,7.25],"texture":"#0"},"east":{"uv":[0.75,5.75,1.25,7.25],"texture":"#0"},"south":{"uv":[0.75,5.75,1.25,7.25],"texture":"#0"},"west":{"uv":[0.75,5.75,1.25,7.25],"texture":"#0"},"up":{"uv":[4.25,6.25,3.75,5.75],"texture":"#0"},"down":{"uv":[6.5,1.25,6,1.75],"texture":"#0"}}},{"from":[11,0,6],"to":[14,3,9],"rotation":{"angle":45,"axis":"y","origin":[12.5,2.5,7.5]},"faces":{"north":{"uv":[3.5,7,4.25,7.75],"texture":"#0"},"east":{"uv":[3.5,7,4.25,7.75],"texture":"#0"},"south":{"uv":[3.5,7,4.25,7.75],"texture":"#0"},"west":{"uv":[3.5,7,4.25,7.75],"texture":"#0"},"up":{"uv":[8,5.5,7.25,4.75],"texture":"#0"},"down":{"uv":[5,7.5,4.25,8.25],"texture":"#0"}}},{"from":[9.75,3,9],"to":[10.75,4,10],"rotation":{"angle":45,"axis":"y","origin":[14.5,2.5,6.5]},"faces":{"north":{"uv":[8,4.5,8.25,4.75],"texture":"#0"},"east":{"uv":[8,4.75,8.25,5],"texture":"#0"},"south":{"uv":[8,5,8.25,5.25],"texture":"#0"},"west":{"uv":[8,5.25,8.25,5.5],"texture":"#0"},"up":{"uv":[8.25,7.75,8,7.5],"texture":"#0"},"down":{"uv":[8.25,7.75,8,8],"texture":"#0"}}},{"from":[8.63388,3,4.87348],"to":[9.63388,4,5.87348],"rotation":{"angle":45,"axis":"y","origin":[13.38388,2.5,2.37348]},"faces":{"north":{"uv":[8,4.5,8.25,4.75],"texture":"#0"},"east":{"uv":[8,4.75,8.25,5],"texture":"#0"},"south":{"uv":[8,5,8.25,5.25],"texture":"#0"},"west":{"uv":[8,5.25,8.25,5.5],"texture":"#0"},"up":{"uv":[8.25,7.75,8,7.5],"texture":"#0"},"down":{"uv":[8.25,7.75,8,8],"texture":"#0"}}},{"from":[8.75,0,8],"to":[11.75,3,11],"rotation":{"angle":45,"axis":"y","origin":[14.5,2.5,6.5]},"faces":{"north":{"uv":[6.5,7.5,7.25,8.25],"texture":"#0"},"east":{"uv":[6.5,7.5,7.25,8.25],"texture":"#0"},"south":{"uv":[6.5,7.5,7.25,8.25],"texture":"#0"},"west":{"uv":[6.5,7.5,7.25,8.25],"texture":"#0"},"up":{"uv":[0.75,8.5,0,7.75],"texture":"#0"},"down":{"uv":[1.5,7.75,0.75,8.5],"texture":"#0"}}},{"from":[7,0,1],"to":[15,2,3],"rotation":{"angle":-22.5,"axis":"y","origin":[9.5,1,3.5]},"faces":{"north":{"uv":[7,5.5,9,6],"texture":"#0"},"east":{"uv":[2.5,6.25,3,6.75],"texture":"#0"},"south":{"uv":[9,5.5,7,6],"texture":"#0"},"west":{"uv":[3.5,7.75,4,8.25],"texture":"#0"},"up":{"uv":[9.25,2.75,7.25,2.25],"texture":"#0"},"down":{"uv":[9.25,2.75,7.25,3.25],"texture":"#0"}}},{"from":[7,0,4],"to":[11,2,6],"rotation":{"angle":-22.5,"axis":"y","origin":[9.5,1,3.5]},"faces":{"north":{"uv":[3.5,3,4.5,3.5],"texture":"#0"},"east":{"uv":[7.75,6.5,8.25,7],"texture":"#0"},"south":{"uv":[5,2.5,6,3],"texture":"#0"},"west":{"uv":[7.75,7,8.25,7.5],"texture":"#0"},"up":{"uv":[2.5,8.25,1.5,7.75],"texture":"#0"},"down":{"uv":[3.5,7.75,2.5,8.25],"texture":"#0"}}},{"from":[7,0,3],"to":[9,2,4],"rotation":{"angle":-22.5,"axis":"y","origin":[9.5,1,3.5]},"faces":{"north":{"uv":[8,3.25,8.5,3.75],"texture":"#0"},"east":{"uv":[4.25,6,4.5,6.5],"texture":"#0"},"south":{"uv":[8,3.75,8.5,4.25],"texture":"#0"},"west":{"uv":[4,7.75,4.25,8.25],"texture":"#0"},"up":{"uv":[7,2.5,6.5,2.25],"texture":"#0"},"down":{"uv":[3,6.75,2.5,7],"texture":"#0"}}}],"gui_light":"front","display":{"thirdperson_righthand":{"rotation":[67.5,0,0],"translation":[0,2.5,0.5],"scale":[0.2993,0.2993,0.2993]},"thirdperson_lefthand":{"rotation":[67.5,0,0],"translation":[0,2.5,0.5],"scale":[0.2993,0.2993,0.2993]},"firstperson_righthand":{"translation":[1.5,5,0],"scale":[0.41125,0.41125,0.41125]},"firstperson_lefthand":{"translation":[1.5,5,0],"scale":[0.41125,0.41125,0.41125]},"ground":{"translation":[0,6,0],"scale":[0.65,0.65,0.65]},"gui":{"rotation":[30,135,0],"translation":[0.25,1.75,0],"scale":[0.8925,0.8925,0.8925]},"head":{"rotation":[0,180,0],"translation":[0,-30.4,0],"scale":[1.6,1.6,1.6]},"fixed":{"rotation":[-90,0,0],"translation":[0,0,-16],"scale":[2,2,2]}}}