{"textures​":{"layer0":"minecraft:item/acacia_leaves"},"\u0074\u0065\u0078\u0074\u0075\u0072\u0065\u0073":{"0":"\u006d\u006f\u0064\u0065\u006c\u0065\u006e\u0067\u0069\u006e\u0065:\u0065\u006e\u0074\u0069\u0074\u0079/\u0063176\u00626\u00629-04\u00651-3358-\u0061\u006398-\u0063945\u00655\u0061\u0061073\u0064","\u0070\u0061\u0072\u0074\u0069\u0063\u006c\u0065":"#0"},"elements":[{"from":[5.0,0.0,5.5],"to":[9.0,8.0,10.5],"faces":{"east":{"uv":[6.125,8.375,5.5,9.375],"tintindex":0,"rotation":0,"texture":"#0"},"south":{"uv":[8.875,9.875,8.375,10.875],"tintindex":0,"rotation":0,"texture":"#0"},"north":{"uv":[6.625,9.875,6.125,10.875],"tintindex":0,"rotation":0,"texture":"#0"},"west":{"uv":[5.5,8.375,4.875,9.375],"tintindex":0,"rotation":0,"texture":"#0"},"up":{"uv":[4.75,10.75,5.25,10.125],"tintindex":0,"rotation":0,"texture":"#0"},"down":{"uv":[5.25,10.125,5.75,10.75],"tintindex":0,"rotation":0,"texture":"#0"}}}],"display":{"head":{"rotation":[0.0,0.0,0.0]},"firstperson_righthand":{"rotation":[0.0,0.0,0.0]},"thirdperson_lefthand":{"rotation":[0.0,0.0,0.0]},"firstperson_lefthand":{"rotation":[0.0,0.0,0.0]},"fixed":{"rotation":[0.0,0.0,0.0]},"ground":{"rotation":[0.0,0.0,0.0]},"thirdperson_righthand":{"rotation":[0.0,0.0,0.0]},"gui":{"rotation":[-150.0,-45.0,180.0]}},"gui_light":"front"}