{"credit":"Made with Blockbench","textures":{"0":"twilight_of_ender:bow_1_0","1":"twilight_of_ender:bow_1_1"},"elements":[{"from":[4.29499,9.3107,3.42504],"to":[5.01244,9.3107,4.02038],"faces":{"north":{"uv":[0,0,0.12,0],"texture":"#1"},"east":{"uv":[0,0,0.11,0],"texture":"#1"},"south":{"uv":[0,0,0.12,0],"texture":"#1"},"west":{"uv":[0,0,0.11,0],"texture":"#1"},"up":{"uv":[0.75,6.48,0.62,6.38],"texture":"#1"},"down":{"uv":[0.88,6.38,0.75,6.48],"texture":"#1"}},"rotation":{"origin":[4.40184,8.27268,4.1425],"axis":"z","angle":-45,"rescale":false}},{"from":[4.29499,10.7307,4.00263],"to":[5.01244,10.7307,4.59796],"faces":{"north":{"uv":[0,0,0.12,0],"texture":"#1"},"east":{"uv":[0,0,0.11,0],"texture":"#1"},"south":{"uv":[0,0,0.12,0],"texture":"#1"},"west":{"uv":[0,0,0.11,0],"texture":"#1"},"up":{"uv":[6.38,6.36,6.25,6.25],"texture":"#1"},"down":{"uv":[0.12,6.38,0,6.48],"texture":"#1"}},"rotation":{"origin":[4.40184,9.69268,3.88051],"axis":"z","angle":-45,"rescale":false}},{"from":[4.8023,8.55914,3.42504],"to":[5.51976,9.10868,4.02038],"faces":{"north":{"uv":[6.38,5,6.5,5.09],"texture":"#1"},"east":{"uv":[0.88,6.5,0.98,6.59],"texture":"#1"},"south":{"uv":[5.12,6.38,5.25,6.47],"texture":"#1"},"west":{"uv":[6.5,0.88,6.61,0.97],"texture":"#1"},"up":{"uv":[0.5,6.48,0.38,6.38],"texture":"#1"},"down":{"uv":[0.62,6.38,0.5,6.48],"texture":"#1"}},"rotation":{"origin":[4.90916,7.76536,4.1425],"axis":"z","angle":-45,"rescale":false}},{"from":[4.8023,9.97914,4.00263],"to":[5.51976,10.52868,4.59796],"faces":{"north":{"uv":[4.88,6.38,5,6.47],"texture":"#1"},"east":{"uv":[0.75,6.5,0.86,6.59],"texture":"#1"},"south":{"uv":[5,6.38,5.12,6.47],"texture":"#1"},"west":{"uv":[6.5,0.75,6.61,0.84],"texture":"#1"},"up":{"uv":[6.25,6.36,6.12,6.25],"texture":"#1"},"down":{"uv":[6.38,6.12,6.25,6.23],"texture":"#1"}},"rotation":{"origin":[4.90916,9.18536,3.88051],"axis":"z","angle":-45,"rescale":false}},{"from":[4.99595,8.38644,4.08144],"to":[5.34705,8.7528,4.55465],"faces":{"north":{"uv":[5,6.75,5.06,6.81],"texture":"#1"},"east":{"uv":[2.88,6.75,2.95,6.81],"texture":"#1"},"south":{"uv":[6.75,5,6.81,5.06],"texture":"#1"},"west":{"uv":[6.75,2.88,6.83,2.94],"texture":"#1"},"up":{"uv":[3.06,6.83,3,6.75],"texture":"#1"},"down":{"uv":[3.19,6.75,3.12,6.83],"texture":"#1"}},"rotation":{"origin":[4.73645,7.59266,4.67677],"axis":"z","angle":-45,"rescale":false}},{"from":[4.99595,9.80644,3.46835],"to":[5.34705,10.1728,3.94157],"faces":{"north":{"uv":[4.88,6.75,4.94,6.81],"texture":"#1"},"east":{"uv":[2.62,6.75,2.7,6.81],"texture":"#1"},"south":{"uv":[6.75,4.88,6.81,4.94],"texture":"#1"},"west":{"uv":[6.75,2.62,6.83,2.69],"texture":"#1"},"up":{"uv":[2.81,6.83,2.75,6.75],"texture":"#1"},"down":{"uv":[6.81,2.75,6.75,2.83],"texture":"#1"}},"rotation":{"origin":[4.73645,9.01266,3.34623],"axis":"z","angle":-45,"rescale":false}},{"from":[5.03153,8.50037,3.72271],"to":[5.62686,9.21782,3.72271],"faces":{"north":{"uv":[0.88,6.38,0.98,6.5],"texture":"#1"},"east":{"uv":[0,0,0,0.12],"texture":"#1"},"south":{"uv":[1,6.38,1.11,6.5],"texture":"#1"},"west":{"uv":[0,0,0,0.12],"texture":"#1"},"up":{"uv":[0.11,0,0,0],"texture":"#1"},"down":{"uv":[0.11,0,0,0],"texture":"#1"}},"rotation":{"origin":[5.32919,8.8591,3.72271],"axis":"z","angle":45,"rescale":false}},{"from":[5.03153,9.92037,4.30029],"to":[5.62686,10.63782,4.30029],"faces":{"north":{"uv":[0.12,6.38,0.23,6.5],"texture":"#1"},"east":{"uv":[0,0,0,0.12],"texture":"#1"},"south":{"uv":[0.25,6.38,0.36,6.5],"texture":"#1"},"west":{"uv":[0,0,0,0.12],"texture":"#1"},"up":{"uv":[0.11,0,0,0],"texture":"#1"},"down":{"uv":[0.11,0,0,0],"texture":"#1"}},"rotation":{"origin":[5.32919,10.2791,4.30029],"axis":"z","angle":45,"rescale":false}},{"from":[5.63925,7.6445,19.20888],"to":[8.47925,7.6445,23.89488],"faces":{"north":{"uv":[0,0,0.5,0],"texture":"#1"},"east":{"uv":[0,0,0.83,0],"texture":"#1"},"south":{"uv":[0,0,0.5,0],"texture":"#1"},"west":{"uv":[0,0,0.83,0],"texture":"#1"},"up":{"uv":[3.25,3.83,2.75,3],"texture":"#1"},"down":{"uv":[3.25,3,2.75,3.83],"texture":"#1"}},"rotation":{"origin":[6.34925,7.6445,21.76488],"axis":"z","angle":45,"rescale":false}},{"from":[5.63925,10.6265,19.20888],"to":[8.47925,10.6265,23.89488],"faces":{"north":{"uv":[0,0,0.5,0],"texture":"#1"},"east":{"uv":[0,0,0.83,0],"texture":"#1"},"south":{"uv":[0,0,0.5,0],"texture":"#1"},"west":{"uv":[0,0,0.83,0],"texture":"#1"},"up":{"uv":[3.25,3.83,2.75,3],"texture":"#1"},"down":{"uv":[3.25,3,2.75,3.83],"texture":"#1"}},"rotation":{"origin":[6.34925,10.6265,21.76488],"axis":"z","angle":-45,"rescale":false}},{"from":[5.7295,7.72219,3.40978],"to":[6.15692,8.51597,4.63098],"faces":{"north":{"uv":[6.12,6.38,6.2,6.52],"texture":"#1"},"east":{"uv":[0.75,5.88,0.97,6.02],"texture":"#1"},"south":{"uv":[6.38,6.12,6.45,6.27],"texture":"#1"},"west":{"uv":[5.88,0.88,6.09,1.02],"texture":"#1"},"up":{"uv":[3.45,6.47,3.38,6.25],"texture":"#1"},"down":{"uv":[6.33,3.5,6.25,3.72],"texture":"#1"}}},{"from":[5.7295,9.14219,3.39203],"to":[6.15692,9.93597,4.61323],"faces":{"north":{"uv":[5.88,6.38,5.95,6.52],"texture":"#1"},"east":{"uv":[5.75,5.12,5.97,5.27],"texture":"#1"},"south":{"uv":[6.38,5.88,6.45,6.02],"texture":"#1"},"west":{"uv":[5.62,5.75,5.84,5.89],"texture":"#1"},"up":{"uv":[3.33,6.47,3.25,6.25],"texture":"#1"},"down":{"uv":[6.33,3.25,6.25,3.47],"texture":"#1"}}},{"from":[6.01964,10.3425,6.3456],"to":[7.01364,12.1885,6.3456],"faces":{"north":{"uv":[3.25,5.12,3.42,5.45],"texture":"#1"},"east":{"uv":[0,0,0,0.33],"texture":"#1"},"south":{"uv":[3.5,5.12,3.67,5.45],"texture":"#1"},"west":{"uv":[0,0,0,0.33],"texture":"#1"},"up":{"uv":[0.17,0,0,0],"texture":"#1"},"down":{"uv":[0.17,0,0,0],"texture":"#1"}},"rotation":{"origin":[6.30364,11.2655,6.3456],"axis":"y","angle":45,"rescale":false}},{"from":[6.10303,11.0525,6.54592],"to":[6.10303,12.8985,8.24992],"faces":{"north":{"uv":[0,0,0,0.33],"texture":"#1"},"east":{"uv":[4.75,0.75,5.05,1.08],"texture":"#1"},"south":{"uv":[0,0,0,0.33],"texture":"#1"},"west":{"uv":[4.75,1.12,5.05,1.45],"texture":"#1"},"up":{"uv":[0,0.3,0,0],"texture":"#1"},"down":{"uv":[0,0,0,0.3],"texture":"#1"}}},{"from":[6.15692,7.60007,3.28766],"to":[7.04229,8.63809,4.7531],"faces":{"north":{"uv":[5.88,2.12,6.03,2.31],"texture":"#1"},"east":{"uv":[5.38,4,5.64,4.19],"texture":"#1"},"south":{"uv":[5.88,2.38,6.03,2.56],"texture":"#1"},"west":{"uv":[5.38,4.25,5.64,4.44],"texture":"#1"},"up":{"uv":[5.28,5.89,5.12,5.62],"texture":"#1"},"down":{"uv":[5.53,5.62,5.38,5.89],"texture":"#1"}}},{"from":[6.15692,9.02007,3.26991],"to":[7.04229,10.05809,4.73535],"faces":{"north":{"uv":[5.88,1.62,6.03,1.81],"texture":"#1"},"east":{"uv":[5.38,2.75,5.64,2.94],"texture":"#1"},"south":{"uv":[5.88,1.88,6.03,2.06],"texture":"#1"},"west":{"uv":[5.38,3.75,5.64,3.94],"texture":"#1"},"up":{"uv":[5.78,3.52,5.62,3.25],"texture":"#1"},"down":{"uv":[5.03,5.62,4.88,5.89],"texture":"#1"}}},{"from":[6.51255,6.98201,3.13141],"to":[9.48745,10.87991,4.84606],"faces":{"north":{"uv":[2.75,3.88,3.28,4.56],"texture":"#1"},"east":{"uv":[4,4,4.3,4.69],"texture":"#1"},"south":{"uv":[3.38,4,3.91,4.69],"texture":"#1"},"west":{"uv":[4.38,4,4.67,4.69],"texture":"#1"},"up":{"uv":[2.03,4.92,1.5,4.62],"texture":"#1"},"down":{"uv":[2.66,4.62,2.12,4.92],"texture":"#1"}}},{"from":[6.58,10.2005,5.88412],"to":[8.71,13.0405,5.88412],"faces":{"north":{"uv":[9,8,6,4],"texture":"#0"},"east":{"uv":[0,4,0,0],"texture":"#0"},"south":{"uv":[6,8,9,4],"texture":"#0"},"west":{"uv":[0,4,0,0],"texture":"#0"},"up":{"uv":[0,0,0,3],"texture":"#0","rotation":90},"down":{"uv":[0,0,0,3],"texture":"#0","rotation":270}},"rotation":{"origin":[7.645,11.6205,5.88412],"axis":"y","angle":-45,"rescale":false}},{"from":[6.60508,11.7625,8.04197],"to":[6.60508,13.6085,9.74597],"faces":{"north":{"uv":[0,0,0,0.33],"texture":"#1"},"east":{"uv":[4.75,1.5,5.05,1.83],"texture":"#1"},"south":{"uv":[0,0,0,0.33],"texture":"#1"},"west":{"uv":[4.75,1.88,5.05,2.2],"texture":"#1"},"up":{"uv":[0,0.3,0,0],"texture":"#1"},"down":{"uv":[0,0,0,0.3],"texture":"#1"}},"rotation":{"origin":[6.60508,12.6855,8.75197],"axis":"y","angle":45,"rescale":false}},{"from":[6.7575,9.1355,-5.07312],"to":[9.2425,9.1355,-0.28062],"faces":{"north":{"uv":[0,0,0,0.44],"texture":"#1","rotation":90},"east":{"uv":[0,0,0,0.84],"texture":"#1","rotation":270},"south":{"uv":[0,0,0,0.44],"texture":"#1","rotation":270},"west":{"uv":[0,0.84,0,0],"texture":"#1","rotation":270},"up":{"uv":[3.75,3,4.59,3.44],"texture":"#1","rotation":270},"down":{"uv":[3.75,3.5,4.59,3.94],"texture":"#1","rotation":270}},"rotation":{"origin":[8,9.1355,-2.67687],"axis":"z","angle":22.5,"rescale":false}},{"from":[6.80518,9.6325,5.84377],"to":[7.44418,11.4785,5.84377],"faces":{"north":{"uv":[1.88,5.62,1.98,5.95],"texture":"#1"},"east":{"uv":[0,0,0,0.33],"texture":"#1"},"south":{"uv":[5.75,0.88,5.86,1.2],"texture":"#1"},"west":{"uv":[0,0,0,0.33],"texture":"#1"},"up":{"uv":[0.11,0,0,0],"texture":"#1"},"down":{"uv":[0.11,0,0,0],"texture":"#1"}}},{"from":[6.935,14.8865,7.53488],"to":[9.065,17.7265,7.53488],"faces":{"north":{"uv":[9,4,6,8],"texture":"#0"},"east":{"uv":[0,0,0,4],"texture":"#0"},"south":{"uv":[6,4,9,8],"texture":"#0"},"west":{"uv":[0,0,0,4],"texture":"#0"},"up":{"uv":[0,0,0,3],"texture":"#0","rotation":270},"down":{"uv":[0,0,0,3],"texture":"#0","rotation":90}},"rotation":{"origin":[8,16.3065,7.53488],"axis":"y","angle":-45,"rescale":false}},{"from":[7.04505,6.98201,3.84141],"to":[8.95495,15.84991,5.37856],"faces":{"north":{"uv":[1.25,3,1.59,4.56],"texture":"#1"},"east":{"uv":[2,3,2.27,4.56],"texture":"#1"},"south":{"uv":[1.62,3,1.97,4.56],"texture":"#1"},"west":{"uv":[2.38,3,2.64,4.56],"texture":"#1"},"up":{"uv":[5.09,4.39,4.75,4.12],"texture":"#1"},"down":{"uv":[4.59,4.75,4.25,5.02],"texture":"#1"}}},{"from":[7.1125,13.20025,5.36938],"to":[7.645,13.62625,5.68888],"faces":{"north":{"uv":[0.12,6.62,0.22,6.7],"texture":"#1"},"east":{"uv":[4,6.75,4.06,6.83],"texture":"#1"},"south":{"uv":[6.62,0.12,6.72,0.2],"texture":"#1"},"west":{"uv":[6.75,4,6.81,4.08],"texture":"#1"},"up":{"uv":[6.72,4.94,6.62,4.88],"texture":"#1"},"down":{"uv":[5.09,6.62,5,6.69],"texture":"#1"}}},{"from":[7.1125,13.91025,5.36938],"to":[7.645,14.33625,5.68888],"faces":{"north":{"uv":[0,6.62,0.09,6.7],"texture":"#1"},"east":{"uv":[3.88,6.75,3.94,6.83],"texture":"#1"},"south":{"uv":[6.62,0,6.72,0.08],"texture":"#1"},"west":{"uv":[6.75,3.88,6.81,3.95],"texture":"#1"},"up":{"uv":[6.72,4.56,6.62,4.5],"texture":"#1"},"down":{"uv":[4.72,6.62,4.62,6.69],"texture":"#1"}}},{"from":[7.1125,14.62025,5.36938],"to":[7.645,15.04625,5.68888],"faces":{"north":{"uv":[6.5,6.38,6.59,6.45],"texture":"#1"},"east":{"uv":[3.75,6.75,3.81,6.83],"texture":"#1"},"south":{"uv":[6.5,6.5,6.59,6.58],"texture":"#1"},"west":{"uv":[6.75,3.75,6.81,3.83],"texture":"#1"},"up":{"uv":[6.72,4.19,6.62,4.12],"texture":"#1"},"down":{"uv":[4.34,6.62,4.25,6.69],"texture":"#1"}}},{"from":[7.1125,15.33025,5.36938],"to":[7.645,15.75625,5.68888],"faces":{"north":{"uv":[6.5,6.12,6.59,6.2],"texture":"#1"},"east":{"uv":[2.5,6.75,2.56,6.83],"texture":"#1"},"south":{"uv":[6.5,6.25,6.59,6.33],"texture":"#1"},"west":{"uv":[6.75,2.5,6.81,2.58],"texture":"#1"},"up":{"uv":[6.72,3.56,6.62,3.5],"texture":"#1"},"down":{"uv":[3.72,6.62,3.62,6.69],"texture":"#1"}}},{"from":[7.16575,9.5615,6.57638],"to":[7.16575,10.875,7.35738],"faces":{"north":{"uv":[0,0,0,0.23],"texture":"#1"},"east":{"uv":[5.75,3.88,5.89,4.11],"texture":"#1"},"south":{"uv":[0,0,0,0.23],"texture":"#1"},"west":{"uv":[4.12,5.75,4.27,5.98],"texture":"#1"},"up":{"uv":[0,0.14,0,0],"texture":"#1"},"down":{"uv":[0,0,0,0.14],"texture":"#1"}}},{"from":[7.1835,13.059,5.33596],"to":[7.574,13.39625,5.86846],"faces":{"north":{"uv":[5.62,6.75,5.69,6.81],"texture":"#1"},"east":{"uv":[6.62,4.62,6.72,4.69],"texture":"#1"},"south":{"uv":[6.75,5.62,6.81,5.69],"texture":"#1"},"west":{"uv":[4.75,6.62,4.84,6.69],"texture":"#1"},"up":{"uv":[6.69,4.84,6.62,4.75],"texture":"#1"},"down":{"uv":[4.94,6.62,4.88,6.72],"texture":"#1"}},"rotation":{"origin":[8,12.633,6.04596],"axis":"x","angle":22.5,"rescale":false}},{"from":[7.1835,13.769,5.33596],"to":[7.574,14.10625,5.86846],"faces":{"north":{"uv":[5.5,6.75,5.56,6.81],"texture":"#1"},"east":{"uv":[6.62,4.25,6.72,4.31],"texture":"#1"},"south":{"uv":[6.75,5.5,6.81,5.56],"texture":"#1"},"west":{"uv":[4.38,6.62,4.47,6.69],"texture":"#1"},"up":{"uv":[6.69,4.47,6.62,4.38],"texture":"#1"},"down":{"uv":[4.56,6.62,4.5,6.72],"texture":"#1"}},"rotation":{"origin":[8,13.343,6.04596],"axis":"x","angle":22.5,"rescale":false}},{"from":[7.1835,14.479,5.33596],"to":[7.574,14.81625,5.86846],"faces":{"north":{"uv":[5.38,6.75,5.44,6.81],"texture":"#1"},"east":{"uv":[6.62,3.88,6.72,3.94],"texture":"#1"},"south":{"uv":[6.75,5.38,6.81,5.44],"texture":"#1"},"west":{"uv":[4,6.62,4.09,6.69],"texture":"#1"},"up":{"uv":[6.69,4.09,6.62,4],"texture":"#1"},"down":{"uv":[4.19,6.62,4.12,6.72],"texture":"#1"}},"rotation":{"origin":[8,14.053,6.04596],"axis":"x","angle":22.5,"rescale":false}},{"from":[7.1835,15.189,5.33596],"to":[7.574,15.52625,5.86846],"faces":{"north":{"uv":[4.75,6.75,4.81,6.81],"texture":"#1"},"east":{"uv":[6.62,3.62,6.72,3.69],"texture":"#1"},"south":{"uv":[6.75,4.75,6.81,4.81],"texture":"#1"},"west":{"uv":[3.75,6.62,3.84,6.69],"texture":"#1"},"up":{"uv":[6.69,3.84,6.62,3.75],"texture":"#1"},"down":{"uv":[3.94,6.62,3.88,6.72],"texture":"#1"}},"rotation":{"origin":[8,14.763,6.04596],"axis":"x","angle":22.5,"rescale":false}},{"from":[7.20125,9.5615,6.57638],"to":[7.55625,10.875,7.35738],"faces":{"north":{"uv":[6.25,4.25,6.31,4.48],"texture":"#1"},"east":{"uv":[3.25,5.75,3.39,5.98],"texture":"#1"},"south":{"uv":[4.38,6.25,4.44,6.48],"texture":"#1"},"west":{"uv":[5.75,3.62,5.89,3.86],"texture":"#1"},"up":{"uv":[1.69,6.64,1.62,6.5],"texture":"#1"},"down":{"uv":[6.56,1.62,6.5,1.77],"texture":"#1"}}},{"from":[7.22255,6.29936,6.57579],"to":[8.77745,8.24476,8.11294],"faces":{"north":{"uv":[4.75,3.75,5.03,4.09],"texture":"#1"},"east":{"uv":[4.75,4.5,5.02,4.84],"texture":"#1"},"south":{"uv":[3.88,4.75,4.16,5.09],"texture":"#1"},"west":{"uv":[4.62,4.88,4.89,5.22],"texture":"#1"},"up":{"uv":[5.41,1.52,5.12,1.25],"texture":"#1"},"down":{"uv":[5.41,1.62,5.12,1.89],"texture":"#1"}},"rotation":{"origin":[8,0.74006,8.38274],"axis":"x","angle":-22.5,"rescale":false}},{"from":[7.22255,6.87551,1.92441],"to":[8.77745,8.89191,2.92906],"faces":{"north":{"uv":[4.75,0,5.03,0.36],"texture":"#1"},"east":{"uv":[1,5.12,1.17,5.48],"texture":"#1"},"south":{"uv":[4.75,0.38,5.03,0.73],"texture":"#1"},"west":{"uv":[5.12,2,5.3,2.36],"texture":"#1"},"up":{"uv":[5.78,1.92,5.5,1.75],"texture":"#1"},"down":{"uv":[3.53,5.5,3.25,5.67],"texture":"#1"}},"rotation":{"origin":[8,6.99621,3.73136],"axis":"x","angle":22.5,"rescale":false}},{"from":[7.22255,9.28951,2.27941],"to":[8.77745,11.94491,3.28406],"faces":{"north":{"uv":[2.75,4.62,3.03,5.09],"texture":"#1"},"east":{"uv":[2.5,5,2.67,5.47],"texture":"#1"},"south":{"uv":[4.62,3.25,4.91,3.72],"texture":"#1"},"west":{"uv":[5,3.25,5.17,3.72],"texture":"#1"},"up":{"uv":[5.78,1.42,5.5,1.25],"texture":"#1"},"down":{"uv":[5.78,1.5,5.5,1.67],"texture":"#1"}},"rotation":{"origin":[8,9.41021,4.08636],"axis":"x","angle":22.5,"rescale":false}},{"from":[7.29,11.9755,6.25688],"to":[8.71,13.3955,7.67688],"faces":{"north":{"uv":[9,0,11,2],"texture":"#0"},"east":{"uv":[11,6,9,8],"texture":"#0"},"south":{"uv":[9,4,11,6],"texture":"#0"},"west":{"uv":[9,6,11,8],"texture":"#0"},"up":{"uv":[12,10,10,8],"texture":"#0"},"down":{"uv":[12,10,10,12],"texture":"#0"}}},{"from":[7.29,13.3955,6.25688],"to":[8,13.928,6.96688],"faces":{"north":{"uv":[12,11,13,11.75],"texture":"#0"},"east":{"uv":[12,12,13,12.75],"texture":"#0"},"south":{"uv":[13,2,14,2.75],"texture":"#0"},"west":{"uv":[13,3,14,3.75],"texture":"#0"},"up":{"uv":[13,8,12,7],"texture":"#0"},"down":{"uv":[13,8,12,9],"texture":"#0"}}},{"from":[7.37875,12.51557,6.26192],"to":[7.94675,12.88832,6.63467],"faces":{"north":{"uv":[13,9,13.75,9.5],"texture":"#0"},"east":{"uv":[13,13,13.5,13.5],"texture":"#0"},"south":{"uv":[10,13,10.75,13.5],"texture":"#0"},"west":{"uv":[13,13,13.5,13.5],"texture":"#0"},"up":{"uv":[13.75,10.5,13,10],"texture":"#0"},"down":{"uv":[11.75,13,11,13.5],"texture":"#0"}},"rotation":{"origin":[7.574,13.40307,6.08442],"axis":"x","angle":45,"rescale":false}},{"from":[7.37875,14.11307,6.26192],"to":[7.94675,14.48582,6.63467],"faces":{"north":{"uv":[13,5,13.75,5.5],"texture":"#0"},"east":{"uv":[12,13,12.5,13.5],"texture":"#0"},"south":{"uv":[13,6,13.75,6.5],"texture":"#0"},"west":{"uv":[12,13,12.5,13.5],"texture":"#0"},"up":{"uv":[13.75,7.5,13,7],"texture":"#0"},"down":{"uv":[13.75,8,13,8.5],"texture":"#0"}},"rotation":{"origin":[7.574,15.00057,6.08442],"axis":"x","angle":45,"rescale":false}},{"from":[7.3823,3.82754,4.62862],"to":[8.6177,5.77294,5.84627],"faces":{"north":{"uv":[5.12,0,5.34,0.34],"texture":"#1"},"east":{"uv":[5.12,0.38,5.34,0.72],"texture":"#1"},"south":{"uv":[0.5,5.12,0.72,5.47],"texture":"#1"},"west":{"uv":[0.75,5.12,0.97,5.47],"texture":"#1"},"up":{"uv":[4.34,5.72,4.12,5.5],"texture":"#1"},"down":{"uv":[4.59,5.5,4.38,5.72],"texture":"#1"}}},{"from":[7.3965,12.65,5.58238],"to":[7.929,14.2475,6.11488],"faces":{"north":{"uv":[6,11,6.75,13.25],"texture":"#0"},"east":{"uv":[9,11,9.75,13.25],"texture":"#0"},"south":{"uv":[8,11,8.75,13.25],"texture":"#0"},"west":{"uv":[9,11,9.75,13.25],"texture":"#0"},"up":{"uv":[13.75,4.75,13,4],"texture":"#0"},"down":{"uv":[5.75,13,5,13.75],"texture":"#0"}}},{"from":[7.42539,9.029,7.11749],"to":[7.78039,11.07025,7.54349],"faces":{"north":{"uv":[6.12,2.62,6.19,2.98],"texture":"#1"},"east":{"uv":[1.75,5.88,1.83,6.23],"texture":"#1"},"south":{"uv":[2.75,6.12,2.81,6.48],"texture":"#1"},"west":{"uv":[5.88,5.38,5.95,5.73],"texture":"#1"},"up":{"uv":[0.94,6.83,0.88,6.75],"texture":"#1"},"down":{"uv":[6.81,0.88,6.75,0.95],"texture":"#1"}},"rotation":{"origin":[7.60289,10.21825,7.50799],"axis":"y","angle":45,"rescale":false}},{"from":[7.42539,9.2065,6.39026],"to":[7.78039,11.23,6.81626],"faces":{"north":{"uv":[2.88,6.12,2.94,6.48],"texture":"#1"},"east":{"uv":[5.88,5.75,5.95,6.11],"texture":"#1"},"south":{"uv":[6.12,3.25,6.19,3.61],"texture":"#1"},"west":{"uv":[6,0,6.08,0.36],"texture":"#1"},"up":{"uv":[1.06,6.83,1,6.75],"texture":"#1"},"down":{"uv":[6.81,1,6.75,1.08],"texture":"#1"}},"rotation":{"origin":[7.60289,10.21825,6.42576],"axis":"y","angle":-45,"rescale":false}},{"from":[7.432,3.29575,6.39888],"to":[8.568,3.65075,7.53488],"faces":{"north":{"uv":[6.38,2.62,6.58,2.69],"texture":"#1"},"east":{"uv":[6.38,3.25,6.58,3.31],"texture":"#1"},"south":{"uv":[6.38,3.38,6.58,3.44],"texture":"#1"},"west":{"uv":[6.38,3.5,6.58,3.56],"texture":"#1"},"up":{"uv":[5.95,0.58,5.75,0.38],"texture":"#1"},"down":{"uv":[5.95,0.62,5.75,0.83],"texture":"#1"}}},{"from":[7.52075,7.6445,19.20888],"to":[10.36075,7.6445,23.89488],"faces":{"north":{"uv":[0.5,0,0,0],"texture":"#1"},"east":{"uv":[0.83,0,0,0],"texture":"#1"},"south":{"uv":[0.5,0,0,0],"texture":"#1"},"west":{"uv":[0.83,0,0,0],"texture":"#1"},"up":{"uv":[2.75,3.83,3.25,3],"texture":"#1"},"down":{"uv":[2.75,3,3.25,3.83],"texture":"#1"}},"rotation":{"origin":[9.65075,7.6445,21.76488],"axis":"z","angle":-45,"rescale":false}},{"from":[7.52075,10.6265,19.20888],"to":[10.36075,10.6265,23.89488],"faces":{"north":{"uv":[0.5,0,0,0],"texture":"#1"},"east":{"uv":[0.83,0,0,0],"texture":"#1"},"south":{"uv":[0.5,0,0,0],"texture":"#1"},"west":{"uv":[0.83,0,0,0],"texture":"#1"},"up":{"uv":[2.75,3.83,3.25,3],"texture":"#1"},"down":{"uv":[2.75,3,3.25,3.83],"texture":"#1"}},"rotation":{"origin":[9.65075,10.6265,21.76488],"axis":"z","angle":45,"rescale":false}},{"from":[7.5385,4.66522,0.25099],"to":[8.4615,5.23322,0.81899],"faces":{"north":{"uv":[6.25,4.75,6.41,4.84],"texture":"#1"},"east":{"uv":[6.5,1.88,6.59,1.97],"texture":"#1"},"south":{"uv":[6.25,4.88,6.41,4.97],"texture":"#1"},"west":{"uv":[6.5,2,6.59,2.09],"texture":"#1"},"up":{"uv":[5.66,6.34,5.5,6.25],"texture":"#1"},"down":{"uv":[6.41,5.5,6.25,5.59],"texture":"#1"}},"rotation":{"origin":[8,11.38112,6.96688],"axis":"x","angle":-45,"rescale":false}},{"from":[7.54068,9.029,7.46655],"to":[7.82468,9.65025,7.82155],"faces":{"north":{"uv":[0,6.75,0.05,6.86],"texture":"#1"},"east":{"uv":[1.12,6.62,1.19,6.73],"texture":"#1"},"south":{"uv":[6.75,0,6.8,0.11],"texture":"#1"},"west":{"uv":[6.62,1.12,6.69,1.23],"texture":"#1"},"up":{"uv":[6.42,6.81,6.38,6.75],"texture":"#1"},"down":{"uv":[6.8,6.38,6.75,6.44],"texture":"#1"}},"rotation":{"origin":[7.93118,8.79825,7.64405],"axis":"y","angle":-22.5,"rescale":false}},{"from":[7.54068,9.2065,6.1122],"to":[7.82468,9.81,6.4672],"faces":{"north":{"uv":[0.12,6.75,0.17,6.86],"texture":"#1"},"east":{"uv":[6.62,1.25,6.69,1.36],"texture":"#1"},"south":{"uv":[6.75,0.12,6.8,0.23],"texture":"#1"},"west":{"uv":[6.62,1.38,6.69,1.48],"texture":"#1"},"up":{"uv":[6.55,6.81,6.5,6.75],"texture":"#1"},"down":{"uv":[6.8,6.5,6.75,6.56],"texture":"#1"}},"rotation":{"origin":[7.93118,8.97575,6.2897],"axis":"y","angle":22.5,"rescale":false}},{"from":[7.54068,10.449,7.46655],"to":[7.82468,11.07025,7.82155],"faces":{"north":{"uv":[6.62,6.5,6.67,6.61],"texture":"#1"},"east":{"uv":[1,6.62,1.06,6.73],"texture":"#1"},"south":{"uv":[6.62,6.62,6.67,6.73],"texture":"#1"},"west":{"uv":[6.62,1,6.69,1.11],"texture":"#1"},"up":{"uv":[6.3,6.81,6.25,6.75],"texture":"#1"},"down":{"uv":[6.8,6.25,6.75,6.31],"texture":"#1"}},"rotation":{"origin":[7.93118,10.236,7.64405],"axis":"y","angle":-22.5,"rescale":false}},{"from":[7.54068,10.6265,6.1122],"to":[7.82468,11.23,6.4672],"faces":{"north":{"uv":[0.25,6.75,0.3,6.86],"texture":"#1"},"east":{"uv":[1.5,6.62,1.56,6.73],"texture":"#1"},"south":{"uv":[6.75,0.25,6.8,0.36],"texture":"#1"},"west":{"uv":[6.62,1.5,6.69,1.61],"texture":"#1"},"up":{"uv":[6.67,6.81,6.62,6.75],"texture":"#1"},"down":{"uv":[6.8,6.62,6.75,6.69],"texture":"#1"}},"rotation":{"origin":[7.93118,10.39575,6.2897],"axis":"y","angle":22.5,"rescale":false}},{"from":[7.6095,2.30175,6.57638],"to":[8.3905,3.29575,7.35738],"faces":{"north":{"uv":[5.5,6,5.64,6.17],"texture":"#1"},"east":{"uv":[6,5.5,6.14,5.67],"texture":"#1"},"south":{"uv":[6,5.75,6.14,5.92],"texture":"#1"},"west":{"uv":[6,6,6.14,6.17],"texture":"#1"},"up":{"uv":[6.39,0.14,6.25,0],"texture":"#1"},"down":{"uv":[6.39,0.25,6.25,0.39],"texture":"#1"}}},{"from":[7.6095,3.6685,6.57638],"to":[8.3905,5.7275,7.35738],"faces":{"north":{"uv":[5.38,2,5.52,2.36],"texture":"#1"},"east":{"uv":[5.38,2.38,5.52,2.73],"texture":"#1"},"south":{"uv":[2.75,5.38,2.89,5.73],"texture":"#1"},"west":{"uv":[3,5.38,3.14,5.73],"texture":"#1"},"up":{"uv":[6.39,0.64,6.25,0.5],"texture":"#1"},"down":{"uv":[6.39,0.75,6.25,0.89],"texture":"#1"}}},{"from":[7.6095,8.9935,6.57638],"to":[8.3905,11.0525,7.35738],"faces":{"north":{"uv":[0,5.38,0.14,5.73],"texture":"#1"},"east":{"uv":[5.38,0,5.52,0.36],"texture":"#1"},"south":{"uv":[0.25,5.38,0.39,5.73],"texture":"#1"},"west":{"uv":[5.38,0.38,5.52,0.73],"texture":"#1"},"up":{"uv":[6.27,5.14,6.12,5],"texture":"#1"},"down":{"uv":[6.27,5.25,6.12,5.39],"texture":"#1"}}},{"from":[7.62725,14.20055,7.74148],"to":[8.37275,14.9638,8.50473],"faces":{"north":{"uv":[12,2,13,3.12],"texture":"#0"},"east":{"uv":[2.12,12,1,13.12],"texture":"#0"},"south":{"uv":[3,12,4,13.12],"texture":"#0"},"west":{"uv":[1,12,2.12,13.12],"texture":"#0"},"up":{"uv":[5,13.12,4,12],"texture":"#0"},"down":{"uv":[13,4,12,5.12],"texture":"#0"}},"rotation":{"origin":[8,15.44305,8.09648],"axis":"x","angle":45,"rescale":false}},{"from":[7.645,9.2065,5.75988],"to":[7.645,11.0525,6.75388],"faces":{"north":{"uv":[0,0,0,0.33],"texture":"#1"},"east":{"uv":[3.75,5.12,3.92,5.45],"texture":"#1"},"south":{"uv":[0,0,0,0.33],"texture":"#1"},"west":{"uv":[5.12,3.75,5.3,4.08],"texture":"#1"},"up":{"uv":[0,0.17,0,0],"texture":"#1"},"down":{"uv":[0,0,0,0.17],"texture":"#1"}},"rotation":{"origin":[7.645,10.1295,6.04388],"axis":"y","angle":45,"rescale":false}},{"from":[7.645,10.2005,4.81912],"to":[7.645,13.0405,6.94913],"faces":{"north":{"uv":[0,4,0,0],"texture":"#0"},"east":{"uv":[9,8,6,4],"texture":"#0"},"south":{"uv":[0,4,0,0],"texture":"#0"},"west":{"uv":[6,8,9,4],"texture":"#0"},"up":{"uv":[0,3,0,0],"texture":"#0"},"down":{"uv":[0,3,0,0],"texture":"#0"}},"rotation":{"origin":[7.645,11.6205,5.88412],"axis":"y","angle":-45,"rescale":false}},{"from":[7.645,12.863,6.96688],"to":[8.355,14.8155,8.03188],"faces":{"north":{"uv":[11,0,12,2.75],"texture":"#0"},"east":{"uv":[6,8,7.5,10.75],"texture":"#0"},"south":{"uv":[11,3,12,5.75],"texture":"#0"},"west":{"uv":[8,8,9.5,10.75],"texture":"#0"},"up":{"uv":[12,7.5,11,6],"texture":"#0"},"down":{"uv":[1,12,0,13.5],"texture":"#0"}}},{"from":[7.6663,-1.03629,7.4048],"to":[8.3337,-0.33339,9.43895],"faces":{"north":{"uv":[4.88,5.25,5,5.38],"texture":"#1"},"east":{"uv":[5.5,4.88,5.86,5],"texture":"#1"},"south":{"uv":[5.62,1.12,5.75,1.25],"texture":"#1"},"west":{"uv":[5.5,5,5.86,5.12],"texture":"#1"},"up":{"uv":[5.75,1.11,5.62,0.75],"texture":"#1"},"down":{"uv":[1.62,5.62,1.5,5.98],"texture":"#1"}},"rotation":{"origin":[8,-1.35934,6.2475],"axis":"x","angle":45,"rescale":false}},{"from":[7.6663,18.53339,7.4048],"to":[8.3337,19.23629,9.43895],"faces":{"north":{"uv":[4.62,4.75,4.75,4.88],"texture":"#1"},"east":{"uv":[3.38,3.88,3.73,4],"texture":"#1"},"south":{"uv":[4.5,5.12,4.62,5.25],"texture":"#1"},"west":{"uv":[5.38,4.75,5.73,4.88],"texture":"#1"},"up":{"uv":[5.75,0.36,5.62,0],"texture":"#1"},"down":{"uv":[5.75,0.38,5.62,0.73],"texture":"#1"}},"rotation":{"origin":[8,19.55934,6.2475],"axis":"x","angle":-45,"rescale":false}},{"from":[7.6805,5.692,6.64738],"to":[8.3195,7.112,7.28638],"faces":{"north":{"uv":[4.62,3.75,4.73,4],"texture":"#1"},"east":{"uv":[3,6,3.11,6.25],"texture":"#1"},"south":{"uv":[3.12,6,3.23,6.25],"texture":"#1"},"west":{"uv":[3.25,6,3.36,6.25],"texture":"#1"},"up":{"uv":[2.73,6.48,2.62,6.38],"texture":"#1"},"down":{"uv":[6.48,3.62,6.38,3.73],"texture":"#1"}}},{"from":[7.6805,7.85836,6.52226],"to":[8.3195,9.13636,7.16126],"faces":{"north":{"uv":[0.25,6.12,0.36,6.34],"texture":"#1"},"east":{"uv":[6.12,0.25,6.23,0.47],"texture":"#1"},"south":{"uv":[0.38,6.12,0.48,6.34],"texture":"#1"},"west":{"uv":[0.5,6.12,0.61,6.34],"texture":"#1"},"up":{"uv":[6.48,4.11,6.38,4],"texture":"#1"},"down":{"uv":[6.48,4.12,6.38,4.23],"texture":"#1"}},"rotation":{"origin":[8,8.74586,6.84176],"axis":"x","angle":22.5,"rescale":false}},{"from":[7.68405,-2.38586,5.34889],"to":[8.31595,-1.45221,7.79129],"faces":{"north":{"uv":[6.25,1.75,6.36,1.92],"texture":"#1"},"east":{"uv":[5.12,0.75,5.56,0.92],"texture":"#1"},"south":{"uv":[6.25,2,6.36,2.17],"texture":"#1"},"west":{"uv":[5.12,1,5.56,1.17],"texture":"#1"},"up":{"uv":[4.73,5.94,4.62,5.5],"texture":"#1"},"down":{"uv":[4.86,5.5,4.75,5.94],"texture":"#1"}}},{"from":[7.68405,-0.48991,6.74469],"to":[8.31595,0.88749,7.27009],"faces":{"north":{"uv":[6,4.25,6.11,4.5],"texture":"#1"},"east":{"uv":[6.12,2.12,6.22,2.38],"texture":"#1"},"south":{"uv":[4.38,6,4.48,6.25],"texture":"#1"},"west":{"uv":[6.12,2.38,6.22,2.62],"texture":"#1"},"up":{"uv":[6.61,1.34,6.5,1.25],"texture":"#1"},"down":{"uv":[6.61,1.38,6.5,1.47],"texture":"#1"}}},{"from":[7.68405,9.14751,5.32469],"to":[8.31595,10.52491,5.85009],"faces":{"north":{"uv":[6,3.75,6.11,4],"texture":"#1"},"east":{"uv":[0.75,6.12,0.84,6.38],"texture":"#1"},"south":{"uv":[3.88,6,3.98,6.25],"texture":"#1"},"west":{"uv":[6.12,0.75,6.22,1],"texture":"#1"},"up":{"uv":[0.48,6.59,0.38,6.5],"texture":"#1"},"down":{"uv":[6.61,0.38,6.5,0.47],"texture":"#1"}}},{"from":[7.68405,9.14751,8.08366],"to":[8.31595,10.52491,8.60906],"faces":{"north":{"uv":[3.38,6,3.48,6.25],"texture":"#1"},"east":{"uv":[6.12,0.5,6.22,0.75],"texture":"#1"},"south":{"uv":[6,3.5,6.11,3.75],"texture":"#1"},"west":{"uv":[0.62,6.12,0.72,6.38],"texture":"#1"},"up":{"uv":[0.23,6.59,0.12,6.5],"texture":"#1"},"down":{"uv":[6.61,0.12,6.5,0.22],"texture":"#1"}}},{"from":[7.68405,17.31251,6.74469],"to":[8.31595,18.68991,7.27009],"faces":{"north":{"uv":[4,6,4.11,6.25],"texture":"#1"},"east":{"uv":[0.88,6.12,0.97,6.38],"texture":"#1"},"south":{"uv":[6,4,6.11,4.25],"texture":"#1"},"west":{"uv":[1,6.12,1.09,6.38],"texture":"#1"},"up":{"uv":[0.73,6.59,0.62,6.5],"texture":"#1"},"down":{"uv":[6.61,0.62,6.5,0.72],"texture":"#1"}}},{"from":[7.68405,19.65221,5.34889],"to":[8.31595,20.58586,7.79129],"faces":{"north":{"uv":[6.25,1.25,6.36,1.42],"texture":"#1"},"east":{"uv":[5,4.88,5.44,5.05],"texture":"#1"},"south":{"uv":[6.25,1.5,6.36,1.67],"texture":"#1"},"west":{"uv":[0,5.12,0.44,5.3],"texture":"#1"},"up":{"uv":[3.98,5.94,3.88,5.5],"texture":"#1"},"down":{"uv":[4.11,5.5,4,5.94],"texture":"#1"}}},{"from":[7.69825,6.92217,6.33206],"to":[8.30175,8.20017,6.97106],"faces":{"north":{"uv":[5.75,6,5.86,6.22],"texture":"#1"},"east":{"uv":[0,6.12,0.11,6.34],"texture":"#1"},"south":{"uv":[6.12,0,6.23,0.22],"texture":"#1"},"west":{"uv":[0.12,6.12,0.23,6.34],"texture":"#1"},"up":{"uv":[6.48,3.86,6.38,3.75],"texture":"#1"},"down":{"uv":[6.48,3.88,6.38,3.98],"texture":"#1"}},"rotation":{"origin":[8,7.80967,6.65156],"axis":"x","angle":-22.5,"rescale":false}},{"from":[7.7018,-3.19352,3.58363],"to":[8.2982,-1.81612,4.51728],"faces":{"north":{"uv":[4.5,6,4.61,6.25],"texture":"#1"},"east":{"uv":[5.62,2.25,5.8,2.5],"texture":"#1"},"south":{"uv":[6,4.5,6.11,4.75],"texture":"#1"},"west":{"uv":[5.62,2.5,5.8,2.75],"texture":"#1"},"up":{"uv":[1.73,6.42,1.62,6.25],"texture":"#1"},"down":{"uv":[1.86,6.25,1.75,6.42],"texture":"#1"}},"rotation":{"origin":[8,-0.65882,3.49133],"axis":"x","angle":-45,"rescale":false}},{"from":[7.7018,0.25047,5.7322],"to":[8.2982,0.98887,6.2576],"faces":{"north":{"uv":[6.38,2.12,6.48,2.25],"texture":"#1"},"east":{"uv":[6.38,5.38,6.47,5.5],"texture":"#1"},"south":{"uv":[6.38,2.25,6.48,2.38],"texture":"#1"},"west":{"uv":[5.5,6.38,5.59,6.5],"texture":"#1"},"up":{"uv":[1.61,6.59,1.5,6.5],"texture":"#1"},"down":{"uv":[6.61,1.5,6.5,1.59],"texture":"#1"}},"rotation":{"origin":[8,1.79117,5.9949],"axis":"x","angle":-45,"rescale":false}},{"from":[7.7018,9.04613,4.3122],"to":[8.2982,9.78453,4.8376],"faces":{"north":{"uv":[5.88,3.5,5.98,3.62],"texture":"#1"},"east":{"uv":[6.38,4.5,6.47,4.62],"texture":"#1"},"south":{"uv":[6,0.75,6.11,0.88],"texture":"#1"},"west":{"uv":[4.62,6.38,4.72,6.5],"texture":"#1"},"up":{"uv":[0.36,6.59,0.25,6.5],"texture":"#1"},"down":{"uv":[6.61,0.25,6.5,0.34],"texture":"#1"}},"rotation":{"origin":[8,8.24383,4.5749],"axis":"x","angle":45,"rescale":false}},{"from":[7.7018,9.04613,9.09615],"to":[8.2982,9.78453,9.62155],"faces":{"north":{"uv":[5.62,3.62,5.73,3.75],"texture":"#1"},"east":{"uv":[6.38,4.25,6.47,4.38],"texture":"#1"},"south":{"uv":[5.88,2.62,5.98,2.75],"texture":"#1"},"west":{"uv":[6.38,4.38,6.47,4.5],"texture":"#1"},"up":{"uv":[0.11,6.59,0,6.5],"texture":"#1"},"down":{"uv":[6.61,0,6.5,0.09],"texture":"#1"}},"rotation":{"origin":[8,8.24383,9.35885],"axis":"x","angle":-45,"rescale":false}},{"from":[7.7018,17.21113,5.7322],"to":[8.2982,17.94953,6.2576],"faces":{"north":{"uv":[6,4.75,6.11,4.88],"texture":"#1"},"east":{"uv":[6.38,4.62,6.47,4.75],"texture":"#1"},"south":{"uv":[6.12,1.25,6.23,1.38],"texture":"#1"},"west":{"uv":[4.75,6.38,4.84,6.5],"texture":"#1"},"up":{"uv":[0.61,6.59,0.5,6.5],"texture":"#1"},"down":{"uv":[6.61,0.5,6.5,0.59],"texture":"#1"}},"rotation":{"origin":[8,16.40883,5.9949],"axis":"x","angle":45,"rescale":false}},{"from":[7.7018,20.01612,3.58363],"to":[8.2982,21.39352,4.51728],"faces":{"north":{"uv":[4.12,6,4.23,6.25],"texture":"#1"},"east":{"uv":[1.62,5.62,1.8,5.88],"texture":"#1"},"south":{"uv":[4.25,6,4.36,6.25],"texture":"#1"},"west":{"uv":[5.62,2,5.8,2.25],"texture":"#1"},"up":{"uv":[5.98,6.3,5.88,6.12],"texture":"#1"},"down":{"uv":[6.36,1,6.25,1.17],"texture":"#1"}},"rotation":{"origin":[8,18.85882,3.49133],"axis":"x","angle":45,"rescale":false}},{"from":[7.71955,-1.41189,4.37493],"to":[8.28045,0.14301,5.30858],"faces":{"north":{"uv":[5.25,6,5.34,6.28],"texture":"#1"},"east":{"uv":[2.5,5.5,2.67,5.78],"texture":"#1"},"south":{"uv":[5.38,6,5.47,6.28],"texture":"#1"},"west":{"uv":[3.62,5.5,3.8,5.78],"texture":"#1"},"up":{"uv":[4.22,6.42,4.12,6.25],"texture":"#1"},"down":{"uv":[4.34,6.25,4.25,6.42],"texture":"#1"}}},{"from":[7.71955,1.14566,6.39178],"to":[8.28045,1.60006,6.91718],"faces":{"north":{"uv":[0.75,6.62,0.84,6.7],"texture":"#1"},"east":{"uv":[6.62,0.75,6.72,0.83],"texture":"#1"},"south":{"uv":[0.88,6.62,0.97,6.7],"texture":"#1"},"west":{"uv":[6.62,0.88,6.72,0.95],"texture":"#1"},"up":{"uv":[4.47,6.59,4.38,6.5],"texture":"#1"},"down":{"uv":[6.59,4.38,6.5,4.47],"texture":"#1"}},"rotation":{"origin":[8,1.05336,6.65448],"axis":"x","angle":-22.5,"rescale":false}},{"from":[7.71955,8.43494,4.97178],"to":[8.28045,8.88934,5.49718],"faces":{"north":{"uv":[5.38,6.5,5.47,6.58],"texture":"#1"},"east":{"uv":[6.5,5.38,6.59,5.45],"texture":"#1"},"south":{"uv":[5.5,6.5,5.59,6.58],"texture":"#1"},"west":{"uv":[6.5,5.5,6.59,5.58],"texture":"#1"},"up":{"uv":[6.59,2.97,6.5,2.88],"texture":"#1"},"down":{"uv":[3.09,6.5,3,6.59],"texture":"#1"}},"rotation":{"origin":[8,8.98164,5.23448],"axis":"x","angle":22.5,"rescale":false}},{"from":[7.71955,8.43494,8.43658],"to":[8.28045,8.88934,8.96197],"faces":{"north":{"uv":[5.12,6.5,5.22,6.58],"texture":"#1"},"east":{"uv":[6.5,5.12,6.59,5.2],"texture":"#1"},"south":{"uv":[5.25,6.5,5.34,6.58],"texture":"#1"},"west":{"uv":[6.5,5.25,6.59,5.33],"texture":"#1"},"up":{"uv":[6.59,2.22,6.5,2.12],"texture":"#1"},"down":{"uv":[6.59,2.25,6.5,2.34],"texture":"#1"}},"rotation":{"origin":[8,8.98164,8.69928],"axis":"x","angle":-22.5,"rescale":false}},{"from":[7.71955,16.59994,6.39178],"to":[8.28045,17.05434,6.91718],"faces":{"north":{"uv":[6.5,5.62,6.59,5.7],"texture":"#1"},"east":{"uv":[5.75,6.5,5.84,6.58],"texture":"#1"},"south":{"uv":[6.5,5.75,6.59,5.83],"texture":"#1"},"west":{"uv":[6.5,5.88,6.59,5.95],"texture":"#1"},"up":{"uv":[4.22,6.59,4.12,6.5],"texture":"#1"},"down":{"uv":[6.59,4.12,6.5,4.22],"texture":"#1"}},"rotation":{"origin":[8,17.14664,6.65448],"axis":"x","angle":22.5,"rescale":false}},{"from":[7.71955,18.05699,4.37493],"to":[8.28045,19.61189,5.30858],"faces":{"north":{"uv":[4.88,6,4.97,6.28],"texture":"#1"},"east":{"uv":[0.75,5.5,0.92,5.78],"texture":"#1"},"south":{"uv":[5,6,5.09,6.28],"texture":"#1"},"west":{"uv":[1,5.5,1.17,5.78],"texture":"#1"},"up":{"uv":[4.09,6.42,4,6.25],"texture":"#1"},"down":{"uv":[6.34,4,6.25,4.17],"texture":"#1"}}},{"from":[7.7373,0.94039,3.51527],"to":[8.2627,2.03379,5.07017],"faces":{"north":{"uv":[3,6.25,3.09,6.44],"texture":"#1"},"east":{"uv":[5.25,3.5,5.53,3.69],"texture":"#1"},"south":{"uv":[3.12,6.25,3.22,6.44],"texture":"#1"},"west":{"uv":[4.5,5.25,4.78,5.44],"texture":"#1"},"up":{"uv":[5.22,6.28,5.12,6],"texture":"#1"},"down":{"uv":[6.09,5.12,6,5.41],"texture":"#1"}},"rotation":{"origin":[8,2.12609,6.22747],"axis":"x","angle":-45,"rescale":false}},{"from":[7.7373,1.45791,6.20256],"to":[8.2627,1.98332,6.72796],"faces":{"north":{"uv":[4.5,6.5,4.59,6.59],"texture":"#1"},"east":{"uv":[6.5,4.5,6.59,4.59],"texture":"#1"},"south":{"uv":[4.62,6.5,4.72,6.59],"texture":"#1"},"west":{"uv":[6.5,4.62,6.59,4.72],"texture":"#1"},"up":{"uv":[4.84,6.59,4.75,6.5],"texture":"#1"},"down":{"uv":[6.59,4.75,6.5,4.84],"texture":"#1"}}},{"from":[7.7373,8.05168,4.78256],"to":[8.2627,8.57709,5.30796],"faces":{"north":{"uv":[3.12,6.5,3.22,6.59],"texture":"#1"},"east":{"uv":[3.25,6.5,3.34,6.59],"texture":"#1"},"south":{"uv":[3.38,6.5,3.47,6.59],"texture":"#1"},"west":{"uv":[3.5,6.5,3.59,6.59],"texture":"#1"},"up":{"uv":[3.72,6.59,3.62,6.5],"texture":"#1"},"down":{"uv":[6.59,3.62,6.5,3.72],"texture":"#1"}}},{"from":[7.7373,8.05168,8.62579],"to":[8.2627,8.57709,9.15119],"faces":{"north":{"uv":[6.5,2.38,6.59,2.47],"texture":"#1"},"east":{"uv":[6.5,2.5,6.59,2.59],"texture":"#1"},"south":{"uv":[2.62,6.5,2.72,6.59],"texture":"#1"},"west":{"uv":[2.75,6.5,2.84,6.59],"texture":"#1"},"up":{"uv":[6.59,2.84,6.5,2.75],"texture":"#1"},"down":{"uv":[2.97,6.5,2.88,6.59],"texture":"#1"}}},{"from":[7.7373,16.16621,3.51527],"to":[8.2627,17.25961,5.07017],"faces":{"north":{"uv":[6.25,2.25,6.34,2.44],"texture":"#1"},"east":{"uv":[5,5.12,5.28,5.31],"texture":"#1"},"south":{"uv":[6.25,2.5,6.34,2.69],"texture":"#1"},"west":{"uv":[5.25,3.25,5.53,3.44],"texture":"#1"},"up":{"uv":[4.72,6.28,4.62,6],"texture":"#1"},"down":{"uv":[4.84,6,4.75,6.28],"texture":"#1"}},"rotation":{"origin":[8,16.07391,6.22747],"axis":"x","angle":45,"rescale":false}},{"from":[7.7373,16.21668,6.20256],"to":[8.2627,16.74209,6.72796],"faces":{"north":{"uv":[3.75,6.5,3.84,6.59],"texture":"#1"},"east":{"uv":[6.5,3.75,6.59,3.84],"texture":"#1"},"south":{"uv":[3.88,6.5,3.97,6.59],"texture":"#1"},"west":{"uv":[6.5,3.88,6.59,3.97],"texture":"#1"},"up":{"uv":[4.09,6.59,4,6.5],"texture":"#1"},"down":{"uv":[6.59,4,6.5,4.09],"texture":"#1"}}},{"from":[7.75505,-0.20591,5.47441],"to":[8.24495,1.24249,6.76306],"faces":{"north":{"uv":[2.5,6.12,2.59,6.38],"texture":"#1"},"east":{"uv":[2.75,5.12,2.98,5.38],"texture":"#1"},"south":{"uv":[2.62,6.12,2.72,6.38],"texture":"#1"},"west":{"uv":[3,5.12,3.23,5.38],"texture":"#1"},"up":{"uv":[6.22,4.73,6.12,4.5],"texture":"#1"},"down":{"uv":[6.22,4.75,6.12,4.98],"texture":"#1"}}},{"from":[7.75505,8.36651,9.00666],"to":[8.24495,8.85641,10.79231],"faces":{"north":{"uv":[4.25,6.5,4.34,6.59],"texture":"#1"},"east":{"uv":[5.88,1.38,6.19,1.47],"texture":"#1"},"south":{"uv":[6.5,4.25,6.59,4.34],"texture":"#1"},"west":{"uv":[5.88,1.5,6.19,1.59],"texture":"#1"},"up":{"uv":[3.59,6.06,3.5,5.75],"texture":"#1"},"down":{"uv":[1.72,5.88,1.62,6.19],"texture":"#1"}}},{"from":[7.75505,9.14751,8.59841],"to":[8.24495,9.92141,10.02906],"faces":{"north":{"uv":[6.38,2.38,6.47,2.52],"texture":"#1"},"east":{"uv":[5.75,2.75,6,2.89],"texture":"#1"},"south":{"uv":[2.5,6.38,2.59,6.52],"texture":"#1"},"west":{"uv":[3,5.75,3.25,5.89],"texture":"#1"},"up":{"uv":[6.22,1.25,6.12,1],"texture":"#1"},"down":{"uv":[1.22,6.12,1.12,6.38],"texture":"#1"}}},{"from":[7.75505,16.95751,5.47441],"to":[8.24495,18.40591,6.76306],"faces":{"north":{"uv":[6.12,1.62,6.22,1.88],"texture":"#1"},"east":{"uv":[5.12,2.38,5.36,2.62],"texture":"#1"},"south":{"uv":[6.12,1.88,6.22,2.12],"texture":"#1"},"west":{"uv":[5.12,2.62,5.36,2.88],"texture":"#1"},"up":{"uv":[6.22,4.23,6.12,4],"texture":"#1"},"down":{"uv":[6.22,4.25,6.12,4.48],"texture":"#1"}}},{"from":[7.7728,8.42066,8.51983],"to":[8.2272,8.98156,9.54223],"faces":{"north":{"uv":[6,6.5,6.08,6.59],"texture":"#1"},"east":{"uv":[6.25,2.75,6.44,2.84],"texture":"#1"},"south":{"uv":[6.5,6,6.58,6.09],"texture":"#1"},"west":{"uv":[6.25,2.88,6.44,2.97],"texture":"#1"},"up":{"uv":[6.33,5.81,6.25,5.62],"texture":"#1"},"down":{"uv":[5.83,6.25,5.75,6.44],"texture":"#1"}},"rotation":{"origin":[8,7.61836,10.39778],"axis":"x","angle":45,"rescale":false}},{"from":[7.7728,8.83936,10.32009],"to":[8.2272,9.18726,10.75674],"faces":{"north":{"uv":[1.5,6.75,1.58,6.81],"texture":"#1"},"east":{"uv":[6.75,1.5,6.83,1.56],"texture":"#1"},"south":{"uv":[1.62,6.75,1.7,6.81],"texture":"#1"},"west":{"uv":[6.75,1.62,6.83,1.69],"texture":"#1"},"up":{"uv":[6.7,3.33,6.62,3.25],"texture":"#1"},"down":{"uv":[3.45,6.62,3.38,6.7],"texture":"#1"}}},{"from":[7.79055,6.91191,9.56708],"to":[8.20945,10.41931,10.34098],"faces":{"north":{"uv":[0.5,5.5,0.58,6.12],"texture":"#1"},"east":{"uv":[1.5,5,1.64,5.62],"texture":"#1"},"south":{"uv":[0.62,5.5,0.7,6.12],"texture":"#1"},"west":{"uv":[1.75,5,1.89,5.62],"texture":"#1"},"up":{"uv":[5.7,6.52,5.62,6.38],"texture":"#1"},"down":{"uv":[6.45,5.62,6.38,5.77],"texture":"#1"}}},{"from":[7.8083,5.12235,8.50557],"to":[8.1917,5.701,9.77647],"faces":{"north":{"uv":[6.62,2.62,6.69,2.73],"texture":"#1"},"east":{"uv":[3.12,4.62,3.34,4.73],"texture":"#1"},"south":{"uv":[2.75,6.62,2.81,6.73],"texture":"#1"},"west":{"uv":[5.12,2.88,5.34,2.98],"texture":"#1"},"up":{"uv":[6.31,6.09,6.25,5.88],"texture":"#1"},"down":{"uv":[6.06,6.25,6,6.47],"texture":"#1"}},"rotation":{"origin":[8,6.69855,7.89852],"axis":"x","angle":-45,"rescale":false}},{"from":[7.8083,5.53151,8.09641],"to":[8.1917,6.11016,8.56856],"faces":{"north":{"uv":[6.62,2.75,6.69,2.86],"texture":"#1"},"east":{"uv":[5,6.5,5.08,6.61],"texture":"#1"},"south":{"uv":[2.88,6.62,2.94,6.73],"texture":"#1"},"west":{"uv":[6.5,5,6.58,5.11],"texture":"#1"},"up":{"uv":[6.81,2.33,6.75,2.25],"texture":"#1"},"down":{"uv":[6.81,2.38,6.75,2.45],"texture":"#1"}},"rotation":{"origin":[8,7.10771,7.48936],"axis":"x","angle":-45,"rescale":false}},{"from":[7.8083,10.67256,9.93399],"to":[8.1917,11.09146,10.54814],"faces":{"north":{"uv":[1.75,6.75,1.81,6.83],"texture":"#1"},"east":{"uv":[4.88,6.5,4.98,6.58],"texture":"#1"},"south":{"uv":[6.75,1.75,6.81,1.83],"texture":"#1"},"west":{"uv":[6.5,4.88,6.61,4.95],"texture":"#1"},"up":{"uv":[6.69,2.61,6.62,2.5],"texture":"#1"},"down":{"uv":[2.69,6.62,2.62,6.73],"texture":"#1"}},"rotation":{"origin":[8,11.37901,9.09619],"axis":"x","angle":22.5,"rescale":false}},{"from":[7.82605,6.83159,8.62398],"to":[8.17395,7.41024,8.95413],"faces":{"north":{"uv":[6.62,2.88,6.69,2.98],"texture":"#1"},"east":{"uv":[3,6.62,3.06,6.73],"texture":"#1"},"south":{"uv":[3.12,6.62,3.19,6.73],"texture":"#1"},"west":{"uv":[3.25,6.62,3.31,6.73],"texture":"#1"},"up":{"uv":[4.69,6.81,4.62,6.75],"texture":"#1"},"down":{"uv":[6.81,4.62,6.75,4.69],"texture":"#1"}}},{"from":[7.82605,11.17824,10.5761],"to":[8.17395,11.59714,10.97725],"faces":{"north":{"uv":[1.88,6.75,1.94,6.83],"texture":"#1"},"east":{"uv":[6.62,3.38,6.7,3.45],"texture":"#1"},"south":{"uv":[6.75,1.88,6.81,1.95],"texture":"#1"},"west":{"uv":[3.5,6.62,3.58,6.7],"texture":"#1"},"up":{"uv":[6.81,2.08,6.75,2],"texture":"#1"},"down":{"uv":[6.81,2.12,6.75,2.2],"texture":"#1"}},"rotation":{"origin":[8,11.88469,9.6673],"axis":"x","angle":45,"rescale":false}},{"from":[7.85942,8.99492,-3.3748],"to":[8.14058,9.27608,20.91855],"faces":{"north":{"uv":[6.88,0.38,6.92,0.42],"texture":"#1"},"east":{"uv":[4.62,3,8.91,3.05],"texture":"#1"},"south":{"uv":[0.5,6.88,0.55,6.92],"texture":"#1"},"west":{"uv":[4.62,3.12,8.91,3.17],"texture":"#1"},"up":{"uv":[1.3,8.91,1.25,4.62],"texture":"#1"},"down":{"uv":[1.42,4.62,1.38,8.91],"texture":"#1"}}},{"from":[8,-7.159,3.41688],"to":[8,1.361,16.90688],"faces":{"north":{"uv":[0,0,0,1.5],"texture":"#1"},"east":{"uv":[2.38,0,4.75,1.5],"texture":"#1"},"south":{"uv":[0,0,0,1.5],"texture":"#1"},"west":{"uv":[2.38,1.5,4.75,3],"texture":"#1"},"up":{"uv":[0,2.38,0,0],"texture":"#1"},"down":{"uv":[0,0,0,2.38],"texture":"#1"}}},{"from":[8,-5.79225,16.00163],"to":[8,10.11775,16.17913],"faces":{"north":{"uv":[0,0,0,2.62],"texture":"#1"},"east":{"uv":[2,5,2.03,7.62],"texture":"#1"},"south":{"uv":[0,0,0,2.62],"texture":"#1"},"west":{"uv":[2.12,5,2.16,7.62],"texture":"#1"},"up":{"uv":[0,0.03,0,0],"texture":"#1"},"down":{"uv":[0,0,0,0.03],"texture":"#1"}},"rotation":{"origin":[8,-5.88225,16.12588],"axis":"x","angle":22.5,"rescale":false}},{"from":[8,0.509,0.57688],"to":[8,12.579,4.12688],"faces":{"north":{"uv":[0,0,0,2.12],"texture":"#1"},"east":{"uv":[0,3,0.62,5.12],"texture":"#1"},"south":{"uv":[0,0,0,2.12],"texture":"#1"},"west":{"uv":[0.62,3,1.25,5.12],"texture":"#1"},"up":{"uv":[0,0.62,0,0],"texture":"#1"},"down":{"uv":[0,0,0,0.62],"texture":"#1"}}},{"from":[8,7.893,-5.07312],"to":[8,10.378,-0.28062],"faces":{"north":{"uv":[0,0,0,0.44],"texture":"#1"},"east":{"uv":[3.75,3,4.59,3.44],"texture":"#1"},"south":{"uv":[0,0,0,0.44],"texture":"#1"},"west":{"uv":[3.75,3.5,4.59,3.94],"texture":"#1"},"up":{"uv":[0,0.84,0,0],"texture":"#1"},"down":{"uv":[0,0,0,0.84],"texture":"#1"}}},{"from":[8,8.11775,16.00163],"to":[8,24.02775,16.17913],"faces":{"north":{"uv":[0,0,0,2.62],"texture":"#1"},"east":{"uv":[2.25,5,2.28,7.62],"texture":"#1"},"south":{"uv":[0,0,0,2.62],"texture":"#1"},"west":{"uv":[2.38,5,2.41,7.62],"texture":"#1"},"up":{"uv":[0,0.03,0,0],"texture":"#1"},"down":{"uv":[0,0,0,0.03],"texture":"#1"}},"rotation":{"origin":[8,24.11775,16.12588],"axis":"x","angle":-22.5,"rescale":false}},{"from":[8,11.443,6.96688],"to":[8.71,11.9755,7.67688],"faces":{"north":{"uv":[12,9,13,9.75],"texture":"#0"},"east":{"uv":[10,12,11,12.75],"texture":"#0"},"south":{"uv":[12,10,13,10.75],"texture":"#0"},"west":{"uv":[11,12,12,12.75],"texture":"#0"},"up":{"uv":[6,13,5,12],"texture":"#0"},"down":{"uv":[13,6,12,7],"texture":"#0"}}},{"from":[8,14.8865,6.46988],"to":[8,17.7265,8.59988],"faces":{"north":{"uv":[0,0,0,4],"texture":"#0"},"east":{"uv":[9,4,6,8],"texture":"#0"},"south":{"uv":[0,0,0,4],"texture":"#0"},"west":{"uv":[6,4,9,8],"texture":"#0"},"up":{"uv":[0,0,0,3],"texture":"#0"},"down":{"uv":[0,0,0,3],"texture":"#0"}},"rotation":{"origin":[8,16.3065,7.53488],"axis":"y","angle":-45,"rescale":false}},{"from":[8,16.839,3.41688],"to":[8,25.359,16.90688],"faces":{"north":{"uv":[0,0,0,1.5],"texture":"#1"},"east":{"uv":[0,0,2.38,1.5],"texture":"#1"},"south":{"uv":[0,0,0,1.5],"texture":"#1"},"west":{"uv":[0,1.5,2.38,3],"texture":"#1"},"up":{"uv":[0,2.38,0,0],"texture":"#1"},"down":{"uv":[0,0,0,2.38],"texture":"#1"}}},{"from":[8.17532,9.029,6.1122],"to":[8.45932,9.65025,6.4672],"faces":{"north":{"uv":[0.75,6.75,0.8,6.86],"texture":"#1"},"east":{"uv":[6.62,2.38,6.69,2.48],"texture":"#1"},"south":{"uv":[6.75,0.75,6.8,0.86],"texture":"#1"},"west":{"uv":[2.5,6.62,2.56,6.73],"texture":"#1"},"up":{"uv":[6.92,0.31,6.88,0.25],"texture":"#1"},"down":{"uv":[0.42,6.88,0.38,6.94],"texture":"#1"}},"rotation":{"origin":[8.06882,8.79825,6.2897],"axis":"y","angle":-22.5,"rescale":false}},{"from":[8.17532,9.2065,7.46655],"to":[8.45932,9.81,7.82155],"faces":{"north":{"uv":[0.38,6.75,0.42,6.86],"texture":"#1"},"east":{"uv":[6.62,1.62,6.69,1.73],"texture":"#1"},"south":{"uv":[6.75,0.38,6.8,0.48],"texture":"#1"},"west":{"uv":[6.62,1.75,6.69,1.86],"texture":"#1"},"up":{"uv":[6.8,6.81,6.75,6.75],"texture":"#1"},"down":{"uv":[0.05,6.88,0,6.94],"texture":"#1"}},"rotation":{"origin":[8.06882,8.97575,7.64405],"axis":"y","angle":22.5,"rescale":false}},{"from":[8.17532,10.449,6.1122],"to":[8.45932,11.07025,6.4672],"faces":{"north":{"uv":[0.62,6.75,0.67,6.86],"texture":"#1"},"east":{"uv":[6.62,2.12,6.69,2.23],"texture":"#1"},"south":{"uv":[6.75,0.62,6.8,0.73],"texture":"#1"},"west":{"uv":[6.62,2.25,6.69,2.36],"texture":"#1"},"up":{"uv":[6.92,0.19,6.88,0.12],"texture":"#1"},"down":{"uv":[0.3,6.88,0.25,6.94],"texture":"#1"}},"rotation":{"origin":[8.06882,10.236,6.2897],"axis":"y","angle":-22.5,"rescale":false}},{"from":[8.17532,10.6265,7.46655],"to":[8.45932,11.23,7.82155],"faces":{"north":{"uv":[0.5,6.75,0.55,6.86],"texture":"#1"},"east":{"uv":[6.62,1.88,6.69,1.98],"texture":"#1"},"south":{"uv":[6.75,0.5,6.8,0.61],"texture":"#1"},"west":{"uv":[6.62,2,6.69,2.11],"texture":"#1"},"up":{"uv":[6.92,0.06,6.88,0],"texture":"#1"},"down":{"uv":[0.17,6.88,0.12,6.94],"texture":"#1"}},"rotation":{"origin":[8.06882,10.39575,7.64405],"axis":"y","angle":22.5,"rescale":false}},{"from":[8.21961,9.029,6.39026],"to":[8.57461,11.07025,6.81626],"faces":{"north":{"uv":[6.12,3.62,6.19,3.98],"texture":"#1"},"east":{"uv":[1.88,6,1.95,6.36],"texture":"#1"},"south":{"uv":[3.75,6.12,3.81,6.48],"texture":"#1"},"west":{"uv":[6,2.62,6.08,2.98],"texture":"#1"},"up":{"uv":[6.81,1.33,6.75,1.25],"texture":"#1"},"down":{"uv":[6.81,1.38,6.75,1.45],"texture":"#1"}},"rotation":{"origin":[8.39711,10.21825,6.42576],"axis":"y","angle":45,"rescale":false}},{"from":[8.21961,9.2065,7.11749],"to":[8.57461,11.23,7.54349],"faces":{"north":{"uv":[3.5,6.12,3.56,6.48],"texture":"#1"},"east":{"uv":[6,0.38,6.08,0.73],"texture":"#1"},"south":{"uv":[3.62,6.12,3.69,6.48],"texture":"#1"},"west":{"uv":[1.5,6,1.58,6.36],"texture":"#1"},"up":{"uv":[1.19,6.83,1.12,6.75],"texture":"#1"},"down":{"uv":[6.81,1.12,6.75,1.2],"texture":"#1"}},"rotation":{"origin":[8.39711,10.21825,7.50799],"axis":"y","angle":-45,"rescale":false}},{"from":[8.355,9.2065,7.17988],"to":[8.355,11.0525,8.17387],"faces":{"north":{"uv":[0,0,0,0.33],"texture":"#1"},"east":{"uv":[4,5.12,4.17,5.45],"texture":"#1"},"south":{"uv":[0,0,0,0.33],"texture":"#1"},"west":{"uv":[5.12,4.12,5.3,4.45],"texture":"#1"},"up":{"uv":[0,0.17,0,0],"texture":"#1"},"down":{"uv":[0,0,0,0.17],"texture":"#1"}},"rotation":{"origin":[8.355,10.1295,7.88988],"axis":"y","angle":45,"rescale":false}},{"from":[8.355,13.20025,5.36938],"to":[8.8875,13.62625,5.68888],"faces":{"north":{"uv":[0.25,6.62,0.34,6.7],"texture":"#1"},"east":{"uv":[4.12,6.75,4.19,6.83],"texture":"#1"},"south":{"uv":[6.62,0.25,6.72,0.33],"texture":"#1"},"west":{"uv":[6.75,4.12,6.81,4.2],"texture":"#1"},"up":{"uv":[6.72,5.31,6.62,5.25],"texture":"#1"},"down":{"uv":[5.47,6.62,5.38,6.69],"texture":"#1"}}},{"from":[8.355,13.91025,5.36938],"to":[8.8875,14.33625,5.68888],"faces":{"north":{"uv":[0.38,6.62,0.47,6.7],"texture":"#1"},"east":{"uv":[4.25,6.75,4.31,6.83],"texture":"#1"},"south":{"uv":[6.62,0.38,6.72,0.45],"texture":"#1"},"west":{"uv":[6.75,4.25,6.81,4.33],"texture":"#1"},"up":{"uv":[6.72,5.69,6.62,5.62],"texture":"#1"},"down":{"uv":[5.84,6.62,5.75,6.69],"texture":"#1"}}},{"from":[8.355,14.62025,5.36938],"to":[8.8875,15.04625,5.68888],"faces":{"north":{"uv":[0.5,6.62,0.59,6.7],"texture":"#1"},"east":{"uv":[4.38,6.75,4.44,6.83],"texture":"#1"},"south":{"uv":[6.62,0.5,6.72,0.58],"texture":"#1"},"west":{"uv":[6.75,4.38,6.81,4.45],"texture":"#1"},"up":{"uv":[6.72,5.81,6.62,5.75],"texture":"#1"},"down":{"uv":[5.97,6.62,5.88,6.69],"texture":"#1"}}},{"from":[8.355,15.33025,5.36938],"to":[8.8875,15.75625,5.68888],"faces":{"north":{"uv":[0.62,6.62,0.72,6.7],"texture":"#1"},"east":{"uv":[4.5,6.75,4.56,6.83],"texture":"#1"},"south":{"uv":[6.62,0.62,6.72,0.7],"texture":"#1"},"west":{"uv":[6.75,4.5,6.81,4.58],"texture":"#1"},"up":{"uv":[6.72,6.44,6.62,6.38],"texture":"#1"},"down":{"uv":[6.59,6.62,6.5,6.69],"texture":"#1"}}},{"from":[8.426,13.059,5.33596],"to":[8.8165,13.39625,5.86846],"faces":{"north":{"uv":[5.75,6.75,5.81,6.81],"texture":"#1"},"east":{"uv":[6.62,5,6.72,5.06],"texture":"#1"},"south":{"uv":[6.75,5.75,6.81,5.81],"texture":"#1"},"west":{"uv":[5.12,6.62,5.22,6.69],"texture":"#1"},"up":{"uv":[6.69,5.22,6.62,5.12],"texture":"#1"},"down":{"uv":[5.31,6.62,5.25,6.72],"texture":"#1"}},"rotation":{"origin":[8,12.633,6.04596],"axis":"x","angle":22.5,"rescale":false}},{"from":[8.426,13.769,5.33596],"to":[8.8165,14.10625,5.86846],"faces":{"north":{"uv":[5.88,6.75,5.94,6.81],"texture":"#1"},"east":{"uv":[6.62,5.38,6.72,5.44],"texture":"#1"},"south":{"uv":[6.75,5.88,6.81,5.94],"texture":"#1"},"west":{"uv":[5.5,6.62,5.59,6.69],"texture":"#1"},"up":{"uv":[6.69,5.59,6.62,5.5],"texture":"#1"},"down":{"uv":[5.69,6.62,5.62,6.72],"texture":"#1"}},"rotation":{"origin":[8,13.343,6.04596],"axis":"x","angle":22.5,"rescale":false}},{"from":[8.426,14.479,5.33596],"to":[8.8165,14.81625,5.86846],"faces":{"north":{"uv":[6,6.75,6.06,6.81],"texture":"#1"},"east":{"uv":[6.62,5.88,6.72,5.94],"texture":"#1"},"south":{"uv":[6.75,6,6.81,6.06],"texture":"#1"},"west":{"uv":[6,6.62,6.09,6.69],"texture":"#1"},"up":{"uv":[6.69,6.09,6.62,6],"texture":"#1"},"down":{"uv":[6.19,6.62,6.12,6.72],"texture":"#1"}},"rotation":{"origin":[8,14.053,6.04596],"axis":"x","angle":22.5,"rescale":false}},{"from":[8.426,15.189,5.33596],"to":[8.8165,15.52625,5.86846],"faces":{"north":{"uv":[6.12,6.75,6.19,6.81],"texture":"#1"},"east":{"uv":[6.62,6.12,6.72,6.19],"texture":"#1"},"south":{"uv":[6.75,6.12,6.81,6.19],"texture":"#1"},"west":{"uv":[6.25,6.62,6.34,6.69],"texture":"#1"},"up":{"uv":[6.69,6.34,6.62,6.25],"texture":"#1"},"down":{"uv":[6.44,6.62,6.38,6.72],"texture":"#1"}},"rotation":{"origin":[8,14.763,6.04596],"axis":"x","angle":22.5,"rescale":false}},{"from":[8.44375,9.5615,6.57638],"to":[8.79875,10.875,7.35738],"faces":{"north":{"uv":[4.5,6.25,4.56,6.48],"texture":"#1"},"east":{"uv":[5.75,4.38,5.89,4.61],"texture":"#1"},"south":{"uv":[6.25,4.5,6.31,4.73],"texture":"#1"},"west":{"uv":[5.75,4.62,5.89,4.86],"texture":"#1"},"up":{"uv":[1.81,6.64,1.75,6.5],"texture":"#1"},"down":{"uv":[1.94,6.5,1.88,6.64],"texture":"#1"}}},{"from":[8.55582,9.6325,8.08998],"to":[9.19482,11.4785,8.08998],"faces":{"north":{"uv":[2.75,5.75,2.86,6.08],"texture":"#1"},"east":{"uv":[0,0,0,0.33],"texture":"#1"},"south":{"uv":[2.88,5.75,2.98,6.08],"texture":"#1"},"west":{"uv":[0,0,0,0.33],"texture":"#1"},"up":{"uv":[0.11,0,0,0],"texture":"#1"},"down":{"uv":[0.11,0,0,0],"texture":"#1"}}},{"from":[8.83425,9.5615,6.57638],"to":[8.83425,10.875,7.35738],"faces":{"north":{"uv":[0,0,0,0.23],"texture":"#1"},"east":{"uv":[5.75,4.12,5.89,4.36],"texture":"#1"},"south":{"uv":[0,0,0,0.23],"texture":"#1"},"west":{"uv":[4.38,5.75,4.52,5.98],"texture":"#1"},"up":{"uv":[0,0.14,0,0],"texture":"#1"},"down":{"uv":[0,0,0,0.14],"texture":"#1"}}},{"from":[8.95771,7.60007,3.28766],"to":[9.84308,8.63809,4.7531],"faces":{"north":{"uv":[3.62,5.88,3.78,6.06],"texture":"#1"},"east":{"uv":[5.38,5.12,5.64,5.31],"texture":"#1"},"south":{"uv":[5.88,4.88,6.03,5.06],"texture":"#1"},"west":{"uv":[5.25,5.38,5.52,5.56],"texture":"#1"},"up":{"uv":[5.91,0.27,5.75,0],"texture":"#1"},"down":{"uv":[0.41,5.75,0.25,6.02],"texture":"#1"}}},{"from":[8.95771,9.02007,3.26991],"to":[9.84308,10.05809,4.73535],"faces":{"north":{"uv":[2.5,5.88,2.66,6.06],"texture":"#1"},"east":{"uv":[5.38,4.5,5.64,4.69],"texture":"#1"},"south":{"uv":[5.88,3.25,6.03,3.44],"texture":"#1"},"west":{"uv":[4.88,5.38,5.14,5.56],"texture":"#1"},"up":{"uv":[5.78,5.64,5.62,5.38],"texture":"#1"},"down":{"uv":[0.16,5.75,0,6.02],"texture":"#1"}}},{"from":[8.98636,10.3425,7.58815],"to":[9.98036,12.1885,7.58815],"faces":{"north":{"uv":[4.25,5.12,4.42,5.45],"texture":"#1"},"east":{"uv":[0,0,0,0.33],"texture":"#1"},"south":{"uv":[5.12,4.5,5.3,4.83],"texture":"#1"},"west":{"uv":[0,0,0,0.33],"texture":"#1"},"up":{"uv":[0.17,0,0,0],"texture":"#1"},"down":{"uv":[0.17,0,0,0],"texture":"#1"}},"rotation":{"origin":[9.69636,11.2655,7.58815],"axis":"y","angle":45,"rescale":false}},{"from":[9.39492,11.7625,4.18778],"to":[9.39492,13.6085,5.89178],"faces":{"north":{"uv":[0,0,0,0.33],"texture":"#1"},"east":{"uv":[3.12,4.75,3.42,5.08],"texture":"#1"},"south":{"uv":[0,0,0,0.33],"texture":"#1"},"west":{"uv":[3.5,4.75,3.8,5.08],"texture":"#1"},"up":{"uv":[0,0.3,0,0],"texture":"#1"},"down":{"uv":[0,0,0,0.3],"texture":"#1"}},"rotation":{"origin":[9.39492,12.6855,5.18178],"axis":"y","angle":45,"rescale":false}},{"from":[9.84308,7.72219,3.40978],"to":[10.2705,8.51597,4.63098],"faces":{"north":{"uv":[6.25,6.38,6.33,6.52],"texture":"#1"},"east":{"uv":[1,5.88,1.22,6.02],"texture":"#1"},"south":{"uv":[6.38,6.38,6.45,6.52],"texture":"#1"},"west":{"uv":[5.88,1.12,6.09,1.27],"texture":"#1"},"up":{"uv":[6.33,3.97,6.25,3.75],"texture":"#1"},"down":{"uv":[3.95,6.25,3.88,6.47],"texture":"#1"}}},{"from":[9.84308,9.14219,3.39203],"to":[10.2705,9.93597,4.61323],"faces":{"north":{"uv":[5.95,6.38,5.88,6.52],"texture":"#1"},"east":{"uv":[5.84,5.75,5.62,5.89],"texture":"#1"},"south":{"uv":[6.45,5.88,6.38,6.02],"texture":"#1"},"west":{"uv":[5.97,5.12,5.75,5.27],"texture":"#1"},"up":{"uv":[3.25,6.47,3.33,6.25],"texture":"#1"},"down":{"uv":[6.25,3.25,6.33,3.47],"texture":"#1"}}},{"from":[9.89697,11.0525,5.68383],"to":[9.89697,12.8985,7.38783],"faces":{"north":{"uv":[0,0,0,0.33],"texture":"#1"},"east":{"uv":[4.75,2.25,5.05,2.58],"texture":"#1"},"south":{"uv":[0,0,0,0.33],"texture":"#1"},"west":{"uv":[4.75,2.62,5.05,2.95],"texture":"#1"},"up":{"uv":[0,0.3,0,0],"texture":"#1"},"down":{"uv":[0,0,0,0.3],"texture":"#1"}}},{"from":[10.37314,8.50037,3.72271],"to":[10.96847,9.21782,3.72271],"faces":{"north":{"uv":[6.38,1.5,6.48,1.62],"texture":"#1"},"east":{"uv":[0,0,0,0.12],"texture":"#1"},"south":{"uv":[6.38,1.62,6.48,1.75],"texture":"#1"},"west":{"uv":[0,0,0,0.12],"texture":"#1"},"up":{"uv":[0.11,0,0,0],"texture":"#1"},"down":{"uv":[0.11,0,0,0],"texture":"#1"}},"rotation":{"origin":[10.67081,8.8591,3.72271],"axis":"z","angle":-45,"rescale":false}},{"from":[10.37314,9.92037,4.30029],"to":[10.96847,10.63782,4.30029],"faces":{"north":{"uv":[6.38,1.38,6.48,1.5],"texture":"#1"},"east":{"uv":[0,0,0,0.12],"texture":"#1"},"south":{"uv":[1.5,6.38,1.61,6.5],"texture":"#1"},"west":{"uv":[0,0,0,0.12],"texture":"#1"},"up":{"uv":[0.11,0,0,0],"texture":"#1"},"down":{"uv":[0.11,0,0,0],"texture":"#1"}},"rotation":{"origin":[10.67081,10.2791,4.30029],"axis":"z","angle":-45,"rescale":false}},{"from":[10.48024,8.55914,3.42504],"to":[11.1977,9.10868,4.02038],"faces":{"north":{"uv":[6.38,5.25,6.5,5.34],"texture":"#1"},"east":{"uv":[1.12,6.5,1.23,6.59],"texture":"#1"},"south":{"uv":[5.38,6.38,5.5,6.47],"texture":"#1"},"west":{"uv":[6.5,1.12,6.61,1.22],"texture":"#1"},"up":{"uv":[6.5,1.98,6.38,1.88],"texture":"#1"},"down":{"uv":[6.5,2,6.38,2.11],"texture":"#1"}},"rotation":{"origin":[11.09084,7.76536,4.1425],"axis":"z","angle":45,"rescale":false}},{"from":[10.48024,9.97914,4.00263],"to":[11.1977,10.52868,4.59796],"faces":{"north":{"uv":[6.38,5.12,6.5,5.22],"texture":"#1"},"east":{"uv":[1,6.5,1.11,6.59],"texture":"#1"},"south":{"uv":[5.25,6.38,5.38,6.47],"texture":"#1"},"west":{"uv":[6.5,1,6.61,1.09],"texture":"#1"},"up":{"uv":[6.5,1.11,6.38,1],"texture":"#1"},"down":{"uv":[1.25,6.38,1.12,6.48],"texture":"#1"}},"rotation":{"origin":[11.09084,9.18536,3.88051],"axis":"z","angle":45,"rescale":false}},{"from":[10.65295,8.38644,4.08144],"to":[11.00405,8.7528,4.55465],"faces":{"north":{"uv":[5.25,6.75,5.31,6.81],"texture":"#1"},"east":{"uv":[3.5,6.75,3.58,6.81],"texture":"#1"},"south":{"uv":[6.75,5.25,6.81,5.31],"texture":"#1"},"west":{"uv":[6.75,3.5,6.83,3.56],"texture":"#1"},"up":{"uv":[3.69,6.83,3.62,6.75],"texture":"#1"},"down":{"uv":[6.81,3.62,6.75,3.7],"texture":"#1"}},"rotation":{"origin":[11.26355,7.59266,4.67677],"axis":"z","angle":45,"rescale":false}},{"from":[10.65295,9.80644,3.46835],"to":[11.00405,10.1728,3.94157],"faces":{"north":{"uv":[5.12,6.75,5.19,6.81],"texture":"#1"},"east":{"uv":[3.25,6.75,3.33,6.81],"texture":"#1"},"south":{"uv":[6.75,5.12,6.81,5.19],"texture":"#1"},"west":{"uv":[6.75,3.25,6.83,3.31],"texture":"#1"},"up":{"uv":[3.44,6.83,3.38,6.75],"texture":"#1"},"down":{"uv":[6.81,3.38,6.75,3.45],"texture":"#1"}},"rotation":{"origin":[11.26355,9.01266,3.34623],"axis":"z","angle":45,"rescale":false}},{"from":[10.98756,9.3107,3.42504],"to":[11.70501,9.3107,4.02038],"faces":{"north":{"uv":[0,0,0.12,0],"texture":"#1"},"east":{"uv":[0,0,0.11,0],"texture":"#1"},"south":{"uv":[0,0,0.12,0],"texture":"#1"},"west":{"uv":[0,0,0.11,0],"texture":"#1"},"up":{"uv":[6.5,1.86,6.38,1.75],"texture":"#1"},"down":{"uv":[2,6.38,1.88,6.48],"texture":"#1"}},"rotation":{"origin":[11.59816,8.27268,4.1425],"axis":"z","angle":45,"rescale":false}},{"from":[10.98756,10.7307,4.00263],"to":[11.70501,10.7307,4.59796],"faces":{"north":{"uv":[0,0,0.12,0],"texture":"#1"},"east":{"uv":[0,0,0.11,0],"texture":"#1"},"south":{"uv":[0,0,0.12,0],"texture":"#1"},"west":{"uv":[0,0,0.11,0],"texture":"#1"},"up":{"uv":[6.5,1.23,6.38,1.12],"texture":"#1"},"down":{"uv":[6.5,1.25,6.38,1.36],"texture":"#1"}},"rotation":{"origin":[11.59816,9.69268,3.88051],"axis":"z","angle":45,"rescale":false}}],"display":{"thirdperson_righthand":{"translation":[0,-0.75,1],"scale":[0.89,0.89,0.89]},"thirdperson_lefthand":{"translation":[0,-0.75,1],"scale":[0.89,0.89,0.89]},"firstperson_righthand":{"rotation":[23,21,0],"translation":[-0.5,3.75,0],"scale":[0.55,0.55,0.55]},"firstperson_lefthand":{"rotation":[23,-24,0],"translation":[0.5,3.75,0],"scale":[0.55,0.55,0.55]},"ground":{"rotation":[-45,0,0],"translation":[0,3,0],"scale":[0.3,0.3,0.3]},"gui":{"rotation":[-102,135,91],"translation":[-2.25,1.5,0],"scale":[0.64,0.64,0.64]},"head":{"scale":[0,0,0]},"fixed":{"rotation":[0,-90,0],"translation":[0,0,-1.75]}},"gui_light":"front","mcmodels":"a1b7011007843a3af4c4b6687f4247a8"}