{"textures​":{"layer0":"minecraft:item/chiseled_tuff"},"credit":"Made with Blockbench","\u0074\u0065\u0078\u0074\u0075\u0072\u0065\u0073":{"0":"\u0074\u0077\u0069\u006c\u0069\u0067\u0068\u0074_\u006f\u0066_\u0065\u006e\u0064\u0065\u0072:\u0074\u0072\u0069\u0064\u0065\u006e\u0074_0","1":"\u0074\u0077\u0069\u006c\u0069\u0067\u0068\u0074_\u006f\u0066_\u0065\u006e\u0064\u0065\u0072:\u0074\u0072\u0069\u0064\u0065\u006e\u0074_1","\u0070\u0061\u0072\u0074\u0069\u0063\u006c\u0065":"#0"},"elements":[{"from":[5.21076,10.85,7.12497],"to":[6.61076,13.45,7.12497],"faces":{"north":{"uv":[4.5,3,4.84,3.66],"texture":"#1"},"east":{"uv":[0,0,0,0.66],"texture":"#1"},"south":{"uv":[3.5,4.5,3.84,5.16],"texture":"#1"},"west":{"uv":[0,0,0,0.66],"texture":"#1"},"up":{"uv":[0.34,0,0,0],"texture":"#1"},"down":{"uv":[0.34,0,0,0],"texture":"#1"}},"rotation":{"origin":[5.61076,12.15,7.12497],"axis":"y","angle":45,"rescale":false}},{"from":[5.32821,11.85,7.40711],"to":[5.32821,14.45,9.80711],"faces":{"north":{"uv":[0,0,0,0.66],"texture":"#1"},"east":{"uv":[3.5,3,4.09,3.66],"texture":"#1"},"south":{"uv":[0,0,0,0.66],"texture":"#1"},"west":{"uv":[3.5,3.75,4.09,4.41],"texture":"#1"},"up":{"uv":[0,0.59,0,0],"texture":"#1"},"down":{"uv":[0,0,0,0.59],"texture":"#1"}}},{"from":[6,10.65,6.475],"to":[9,14.65,6.475],"faces":{"north":{"uv":[9,8,6,4],"texture":"#0"},"east":{"uv":[0,4,0,0],"texture":"#0"},"south":{"uv":[6,8,9,4],"texture":"#0"},"west":{"uv":[0,4,0,0],"texture":"#0"},"up":{"uv":[0,0,0,3],"texture":"#0","rotation":90},"down":{"uv":[0,0,0,3],"texture":"#0","rotation":270}},"rotation":{"origin":[7.5,12.65,6.475],"axis":"y","angle":-45,"rescale":false}},{"from":[6.03532,12.85,9.51422],"to":[6.03532,15.45,11.91422],"faces":{"north":{"uv":[0,0,0,0.66],"texture":"#1"},"east":{"uv":[4,0,4.59,0.66],"texture":"#1"},"south":{"uv":[0,0,0,0.66],"texture":"#1"},"west":{"uv":[4,0.75,4.59,1.41],"texture":"#1"},"up":{"uv":[0,0.59,0,0],"texture":"#1"},"down":{"uv":[0,0,0,0.59],"texture":"#1"}},"rotation":{"origin":[6.03532,14.15,10.51422],"axis":"y","angle":45,"rescale":false}},{"from":[6.31716,9.85,6.41816],"to":[7.21716,12.45,6.41816],"faces":{"north":{"uv":[4.25,5.5,4.47,6.16],"texture":"#1"},"east":{"uv":[0,0,0,0.66],"texture":"#1"},"south":{"uv":[5.5,5,5.72,5.66],"texture":"#1"},"west":{"uv":[0,0,0,0.66],"texture":"#1"},"up":{"uv":[0.22,0,0,0],"texture":"#1"},"down":{"uv":[0.22,0,0,0],"texture":"#1"}}},{"from":[6.5,17.25,8.8],"to":[9.5,21.25,8.8],"faces":{"north":{"uv":[9,4,6,8],"texture":"#0"},"east":{"uv":[0,0,0,4],"texture":"#0"},"south":{"uv":[6,4,9,8],"texture":"#0"},"west":{"uv":[0,0,0,4],"texture":"#0"},"up":{"uv":[0,0,0,3],"texture":"#0","rotation":270},"down":{"uv":[0,0,0,3],"texture":"#0","rotation":90}},"rotation":{"origin":[8,19.25,8.8],"axis":"y","angle":-45,"rescale":false}},{"from":[6.825,9.75,7.45],"to":[6.825,11.6,8.55],"faces":{"north":{"uv":[0,0,0,0.47],"texture":"#1"},"east":{"uv":[5.75,3.25,6.03,3.72],"texture":"#1"},"south":{"uv":[0,0,0,0.47],"texture":"#1"},"west":{"uv":[5.75,5,6.03,5.47],"texture":"#1"},"up":{"uv":[0,0.28,0,0],"texture":"#1"},"down":{"uv":[0,0,0,0.28],"texture":"#1"}}},{"from":[6.861,17.95,9.00555],"to":[6.861,23.95,9.40555],"faces":{"north":{"uv":[0,0,0,1.5],"texture":"#1"},"east":{"uv":[0.75,5.75,0.84,7.25],"texture":"#1"},"south":{"uv":[0,0,0,1.5],"texture":"#1"},"west":{"uv":[5.75,0.75,5.84,2.25],"texture":"#1"},"up":{"uv":[0,0.09,0,0],"texture":"#1"},"down":{"uv":[0,0,0,0.09],"texture":"#1"}},"rotation":{"origin":[8,22.85,9.4],"axis":"y","angle":45,"rescale":false}},{"from":[6.875,9.75,7.45],"to":[7.375,11.6,8.55],"faces":{"north":{"uv":[7,2.5,7.12,2.97],"texture":"#1"},"east":{"uv":[2.5,5.75,2.78,6.22],"texture":"#1"},"south":{"uv":[2.75,7,2.88,7.47],"texture":"#1"},"west":{"uv":[5.75,2.75,6.03,3.22],"texture":"#1"},"up":{"uv":[2.62,7.78,2.5,7.5],"texture":"#1"},"down":{"uv":[7.62,2.5,7.5,2.78],"texture":"#1"}}},{"from":[6.97019,20.95,9.32374],"to":[6.97019,24.95,9.72374],"faces":{"north":{"uv":[0,0,0,1],"texture":"#1"},"east":{"uv":[6.5,6.25,6.59,7.25],"texture":"#1"},"south":{"uv":[0,0,0,1],"texture":"#1"},"west":{"uv":[6.75,0,6.84,1],"texture":"#1"},"up":{"uv":[0,0.09,0,0],"texture":"#1"},"down":{"uv":[0,0,0,0.09],"texture":"#1"}},"rotation":{"origin":[8,22.85,9.4],"axis":"y","angle":-45,"rescale":false}},{"from":[7,13.15,7],"to":[9,15.15,9],"faces":{"north":{"uv":[9,0,11,2],"texture":"#0"},"east":{"uv":[11,6,9,8],"texture":"#0"},"south":{"uv":[9,4,11,6],"texture":"#0"},"west":{"uv":[9,6,11,8],"texture":"#0"},"up":{"uv":[12,10,10,8],"texture":"#0"},"down":{"uv":[12,10,10,12],"texture":"#0"}}},{"from":[7,15.15,7],"to":[8,15.9,8],"faces":{"north":{"uv":[12,11,13,11.75],"texture":"#0"},"east":{"uv":[12,12,13,12.75],"texture":"#0"},"south":{"uv":[13,2,14,2.75],"texture":"#0"},"west":{"uv":[13,3,14,3.75],"texture":"#0"},"up":{"uv":[13,8,12,7],"texture":"#0"},"down":{"uv":[13,8,12,9],"texture":"#0"}}},{"from":[7.125,13.91066,7.00711],"to":[7.925,14.43566,7.53211],"faces":{"north":{"uv":[13,9,13.75,9.5],"texture":"#0"},"east":{"uv":[13,13,13.5,13.5],"texture":"#0"},"south":{"uv":[10,13,10.75,13.5],"texture":"#0"},"west":{"uv":[13,13,13.5,13.5],"texture":"#0"},"up":{"uv":[13.75,10.5,13,10],"texture":"#0"},"down":{"uv":[11.75,13,11,13.5],"texture":"#0"}},"rotation":{"origin":[7.4,15.16066,6.75711],"axis":"x","angle":45,"rescale":false}},{"from":[7.125,16.16066,7.00711],"to":[7.925,16.68566,7.53211],"faces":{"north":{"uv":[13,5,13.75,5.5],"texture":"#0"},"east":{"uv":[12,13,12.5,13.5],"texture":"#0"},"south":{"uv":[13,6,13.75,6.5],"texture":"#0"},"west":{"uv":[12,13,12.5,13.5],"texture":"#0"},"up":{"uv":[13.75,7.5,13,7],"texture":"#0"},"down":{"uv":[13.75,8,13,8.5],"texture":"#0"}},"rotation":{"origin":[7.4,17.41066,6.75711],"axis":"x","angle":45,"rescale":false}},{"from":[7.15,14.1,6.05],"to":[7.9,16.35,6.8],"faces":{"north":{"uv":[6,11,6.75,13.25],"texture":"#0"},"east":{"uv":[9,11,9.75,13.25],"texture":"#0"},"south":{"uv":[8,11,8.75,13.25],"texture":"#0"},"west":{"uv":[9,11,9.75,13.25],"texture":"#0"},"up":{"uv":[13.75,4.75,13,4],"texture":"#0"},"down":{"uv":[5.75,13,5,13.75],"texture":"#0"}}},{"from":[7.19069,9,8.21213],"to":[7.69069,11.875,8.81213],"faces":{"north":{"uv":[1.25,6.75,1.38,7.47],"texture":"#1"},"east":{"uv":[2.75,6.25,2.91,6.97],"texture":"#1"},"south":{"uv":[6.75,2.75,6.88,3.47],"texture":"#1"},"west":{"uv":[6.25,3,6.41,3.72],"texture":"#1"},"up":{"uv":[7.88,7.41,7.75,7.25],"texture":"#1"},"down":{"uv":[7.62,7.75,7.5,7.91],"texture":"#1"}},"rotation":{"origin":[7.44069,10.675,8.76213],"axis":"y","angle":45,"rescale":false}},{"from":[7.19069,9.25,7.18787],"to":[7.69069,12.1,7.78787],"faces":{"north":{"uv":[6.75,3.5,6.88,4.22],"texture":"#1"},"east":{"uv":[6.25,3.75,6.41,4.47],"texture":"#1"},"south":{"uv":[6.75,4.25,6.88,4.97],"texture":"#1"},"west":{"uv":[4,6.25,4.16,6.97],"texture":"#1"},"up":{"uv":[7.88,7.66,7.75,7.5],"texture":"#1"},"down":{"uv":[7.88,7.75,7.75,7.91],"texture":"#1"}},"rotation":{"origin":[7.44069,10.675,7.23787],"axis":"y","angle":-45,"rescale":false}},{"from":[7.2,-14.25,7.2],"to":[8.8,-13.75,8.8],"faces":{"north":{"uv":[7,7,7.41,7.12],"texture":"#1"},"east":{"uv":[0,7.25,0.41,7.38],"texture":"#1"},"south":{"uv":[0.5,7.25,0.91,7.38],"texture":"#1"},"west":{"uv":[7.25,2,7.66,2.12],"texture":"#1"},"up":{"uv":[5.91,4.41,5.5,4],"texture":"#1"},"down":{"uv":[5.91,4.5,5.5,4.91],"texture":"#1"}}},{"from":[7.35,-12.32117,-1.459],"to":[8.65,-11.52117,-0.659],"faces":{"north":{"uv":[3.25,7,3.56,7.19],"texture":"#1"},"east":{"uv":[7.5,3,7.69,3.19],"texture":"#1"},"south":{"uv":[7,3.5,7.31,3.69],"texture":"#1"},"west":{"uv":[3.25,7.5,3.44,7.69],"texture":"#1"},"up":{"uv":[4.06,7.19,3.75,7],"texture":"#1"},"down":{"uv":[7.31,3.75,7,3.94],"texture":"#1"}},"rotation":{"origin":[8,-2.86216,8],"axis":"x","angle":-45,"rescale":false}},{"from":[7.35307,9,8.70377],"to":[7.75307,9.875,9.20377],"faces":{"north":{"uv":[7.75,5.5,7.84,5.72],"texture":"#1"},"east":{"uv":[1,7.75,1.12,7.97],"texture":"#1"},"south":{"uv":[5.75,7.75,5.84,7.97],"texture":"#1"},"west":{"uv":[7.75,1,7.88,1.22],"texture":"#1"},"up":{"uv":[2.59,8.12,2.5,8],"texture":"#1"},"down":{"uv":[8.09,2.5,8,2.62],"texture":"#1"}},"rotation":{"origin":[7.90307,8.675,8.95377],"axis":"y","angle":-22.5,"rescale":false}},{"from":[7.35307,9.25,6.79623],"to":[7.75307,10.1,7.29623],"faces":{"north":{"uv":[7.75,5.75,7.84,5.97],"texture":"#1"},"east":{"uv":[1.25,7.75,1.38,7.97],"texture":"#1"},"south":{"uv":[6,7.75,6.09,7.97],"texture":"#1"},"west":{"uv":[7.75,1.25,7.88,1.47],"texture":"#1"},"up":{"uv":[2.84,8.12,2.75,8],"texture":"#1"},"down":{"uv":[8.09,2.75,8,2.88],"texture":"#1"}},"rotation":{"origin":[7.90307,8.925,7.04623],"axis":"y","angle":22.5,"rescale":false}},{"from":[7.35307,11,8.70377],"to":[7.75307,11.875,9.20377],"faces":{"north":{"uv":[7.75,5.25,7.84,5.47],"texture":"#1"},"east":{"uv":[0.75,7.75,0.88,7.97],"texture":"#1"},"south":{"uv":[5.5,7.75,5.59,7.97],"texture":"#1"},"west":{"uv":[7.75,0.75,7.88,0.97],"texture":"#1"},"up":{"uv":[2.34,8.12,2.25,8],"texture":"#1"},"down":{"uv":[8.09,2.25,8,2.38],"texture":"#1"}},"rotation":{"origin":[7.90307,10.7,8.95377],"axis":"y","angle":-22.5,"rescale":false}},{"from":[7.35307,11.25,6.79623],"to":[7.75307,12.1,7.29623],"faces":{"north":{"uv":[7.75,6,7.84,6.22],"texture":"#1"},"east":{"uv":[1.5,7.75,1.62,7.97],"texture":"#1"},"south":{"uv":[6.25,7.75,6.34,7.97],"texture":"#1"},"west":{"uv":[7.75,1.5,7.88,1.72],"texture":"#1"},"up":{"uv":[3.09,8.12,3,8],"texture":"#1"},"down":{"uv":[8.09,3,8,3.12],"texture":"#1"}},"rotation":{"origin":[7.90307,10.925,7.04623],"axis":"y","angle":22.5,"rescale":false}},{"from":[7.45,-15.65,7.45],"to":[8.55,-14.25,8.55],"faces":{"north":{"uv":[1.5,6.5,1.78,6.84],"texture":"#1"},"east":{"uv":[6.5,1.5,6.78,1.84],"texture":"#1"},"south":{"uv":[2,6.5,2.28,6.84],"texture":"#1"},"west":{"uv":[6.5,2.25,6.78,2.59],"texture":"#1"},"up":{"uv":[7.28,1.28,7,1],"texture":"#1"},"down":{"uv":[1.78,7,1.5,7.28],"texture":"#1"}}},{"from":[7.45,-6.55,7.45],"to":[8.55,-3.65,8.55],"faces":{"north":{"uv":[5.25,1.5,5.53,2.22],"texture":"#1"},"east":{"uv":[5.25,2.25,5.53,2.97],"texture":"#1"},"south":{"uv":[3.5,5.25,3.78,5.97],"texture":"#1"},"west":{"uv":[4.5,5.25,4.78,5.97],"texture":"#1"},"up":{"uv":[7.28,1.78,7,1.5],"texture":"#1"},"down":{"uv":[2.28,7,2,7.28],"texture":"#1"}}},{"from":[7.45,0.9,7.45],"to":[8.55,3.8,8.55],"faces":{"north":{"uv":[5,3.75,5.28,4.47],"texture":"#1"},"east":{"uv":[5,4.5,5.28,5.22],"texture":"#1"},"south":{"uv":[5.25,0,5.53,0.72],"texture":"#1"},"west":{"uv":[5.25,0.75,5.53,1.47],"texture":"#1"},"up":{"uv":[7.28,0.28,7,0],"texture":"#1"},"down":{"uv":[7.28,0.5,7,0.78],"texture":"#1"}}},{"from":[7.45,8.95,7.45],"to":[8.55,11.85,8.55],"faces":{"north":{"uv":[0,5,0.28,5.72],"texture":"#1"},"east":{"uv":[0.5,5,0.78,5.72],"texture":"#1"},"south":{"uv":[1,5,1.28,5.72],"texture":"#1"},"west":{"uv":[5,3,5.28,3.72],"texture":"#1"},"up":{"uv":[7.03,6.28,6.75,6],"texture":"#1"},"down":{"uv":[7.03,6.5,6.75,6.78],"texture":"#1"}}},{"from":[7.475,16.28388,9.09099],"to":[8.525,17.35888,10.16599],"faces":{"north":{"uv":[12,2,13,3.12],"texture":"#0"},"east":{"uv":[2.12,12,1,13.12],"texture":"#0"},"south":{"uv":[3,12,4,13.12],"texture":"#0"},"west":{"uv":[1,12,2.12,13.12],"texture":"#0"},"up":{"uv":[5,13.12,4,12],"texture":"#0"},"down":{"uv":[13,4,12,5.12],"texture":"#0"}},"rotation":{"origin":[8,18.03388,9.59099],"axis":"x","angle":45,"rescale":false}},{"from":[7.5,-10.65,7.5],"to":[8.5,-8.6,8.5],"faces":{"north":{"uv":[6,3.75,6.25,4.25],"texture":"#1"},"east":{"uv":[6,4.25,6.25,4.75],"texture":"#1"},"south":{"uv":[4.5,6,4.75,6.5],"texture":"#1"},"west":{"uv":[4.75,6,5,6.5],"texture":"#1"},"up":{"uv":[6.5,4.75,6.25,4.5],"texture":"#1"},"down":{"uv":[6.5,6.75,6.25,7],"texture":"#1"}}},{"from":[7.5,-8.6,7.5],"to":[8.5,-6.55,8.5],"faces":{"north":{"uv":[6,5.5,6.25,6],"texture":"#1"},"east":{"uv":[6,6,6.25,6.5],"texture":"#1"},"south":{"uv":[1,6.25,1.25,6.75],"texture":"#1"},"west":{"uv":[1.25,6.25,1.5,6.75],"texture":"#1"},"up":{"uv":[0.25,7.25,0,7],"texture":"#1"},"down":{"uv":[2.75,7,2.5,7.25],"texture":"#1"}}},{"from":[7.5,3.8,7.5],"to":[8.5,5.85,8.5],"faces":{"north":{"uv":[4,5.75,4.25,6.25],"texture":"#1"},"east":{"uv":[6,1.5,6.25,2],"texture":"#1"},"south":{"uv":[3.5,6,3.75,6.5],"texture":"#1"},"west":{"uv":[3.75,6,4,6.5],"texture":"#1"},"up":{"uv":[6,4,5.75,3.75],"texture":"#1"},"down":{"uv":[6,5.5,5.75,5.75],"texture":"#1"}}},{"from":[7.5,9.25,6.3],"to":[7.5,11.85,7.7],"faces":{"north":{"uv":[0,0,0,0.66],"texture":"#1"},"east":{"uv":[4.5,3.75,4.84,4.41],"texture":"#1"},"south":{"uv":[0,0,0,0.66],"texture":"#1"},"west":{"uv":[4.5,4.5,4.84,5.16],"texture":"#1"},"up":{"uv":[0,0.34,0,0],"texture":"#1"},"down":{"uv":[0,0,0,0.34],"texture":"#1"}},"rotation":{"origin":[7.5,10.55,6.7],"axis":"y","angle":45,"rescale":false}},{"from":[7.5,10.65,4.975],"to":[7.5,14.65,7.975],"faces":{"north":{"uv":[0,4,0,0],"texture":"#0"},"east":{"uv":[9,8,6,4],"texture":"#0"},"south":{"uv":[0,4,0,0],"texture":"#0"},"west":{"uv":[6,8,9,4],"texture":"#0"},"up":{"uv":[0,3,0,0],"texture":"#0"},"down":{"uv":[0,3,0,0],"texture":"#0"}},"rotation":{"origin":[7.5,12.65,6.475],"axis":"y","angle":-45,"rescale":false}},{"from":[7.5,14.4,8],"to":[8.5,17.15,9.5],"faces":{"north":{"uv":[11,0,12,2.75],"texture":"#0"},"east":{"uv":[6,8,7.5,10.75],"texture":"#0"},"south":{"uv":[11,3,12,5.75],"texture":"#0"},"west":{"uv":[8,8,9.5,10.75],"texture":"#0"},"up":{"uv":[12,7.5,11,6],"texture":"#0"},"down":{"uv":[1,12,0,13.5],"texture":"#0"}}},{"from":[7.55,-13.75,7.55],"to":[8.45,-10.65,8.45],"faces":{"north":{"uv":[2.25,5.5,2.47,6.28],"texture":"#1"},"east":{"uv":[3,5.5,3.22,6.28],"texture":"#1"},"south":{"uv":[5.5,3,5.72,3.78],"texture":"#1"},"west":{"uv":[3.25,5.5,3.47,6.28],"texture":"#1"},"up":{"uv":[7.47,4.22,7.25,4],"texture":"#1"},"down":{"uv":[7.47,4.25,7.25,4.47],"texture":"#1"}}},{"from":[7.55,-3.7,7.55],"to":[8.45,-1.7,8.45],"faces":{"north":{"uv":[6.25,1.5,6.47,2],"texture":"#1"},"east":{"uv":[5.75,6.25,5.97,6.75],"texture":"#1"},"south":{"uv":[6.25,5.75,6.47,6.25],"texture":"#1"},"west":{"uv":[6.25,6.25,6.47,6.75],"texture":"#1"},"up":{"uv":[1.22,7.47,1,7.25],"texture":"#1"},"down":{"uv":[2.72,7.25,2.5,7.47],"texture":"#1"}}},{"from":[7.55,-0.64879,7.37378],"to":[8.45,1.15121,8.27378],"faces":{"north":{"uv":[3.5,6.5,3.72,6.94],"texture":"#1"},"east":{"uv":[3.75,6.5,3.97,6.94],"texture":"#1"},"south":{"uv":[6.5,3.75,6.72,4.19],"texture":"#1"},"west":{"uv":[6.5,4.25,6.72,4.69],"texture":"#1"},"up":{"uv":[7.47,3.22,7.25,3],"texture":"#1"},"down":{"uv":[3.47,7.25,3.25,7.47],"texture":"#1"}},"rotation":{"origin":[8,0.60121,7.82378],"axis":"x","angle":22.5,"rescale":false}},{"from":[7.55,5.85,7.55],"to":[8.45,8.95,8.45],"faces":{"north":{"uv":[5.25,5.25,5.47,6.03],"texture":"#1"},"east":{"uv":[1.5,5.5,1.72,6.28],"texture":"#1"},"south":{"uv":[1.75,5.5,1.97,6.28],"texture":"#1"},"west":{"uv":[2,5.5,2.22,6.28],"texture":"#1"},"up":{"uv":[7.47,3.47,7.25,3.25],"texture":"#1"},"down":{"uv":[3.72,7.25,3.5,7.47],"texture":"#1"}}},{"from":[7.55,20.4875,9.0875],"to":[8.35,21.0125,9.6125],"faces":{"north":{"uv":[13,9,13.75,9.5],"texture":"#0"},"east":{"uv":[13.5,13,13,13.5],"texture":"#0"},"south":{"uv":[10,13,10.75,13.5],"texture":"#0"},"west":{"uv":[13,13,13.5,13.5],"texture":"#0"},"up":{"uv":[13.75,10.5,13,10],"texture":"#0"},"down":{"uv":[11.75,13,11,13.5],"texture":"#0"}},"rotation":{"origin":[7.95,20.75,9.35],"axis":"x","angle":45,"rescale":false}},{"from":[7.555,9.16692,9.57293],"to":[8.445,11.10692,10.31293],"faces":{"north":{"uv":[6.5,0.5,6.72,1],"texture":"#1"},"east":{"uv":[6.5,5.75,6.69,6.25],"texture":"#1"},"south":{"uv":[6.5,1,6.72,1.5],"texture":"#1"},"west":{"uv":[6,6.5,6.19,7],"texture":"#1"},"up":{"uv":[2.47,7.69,2.25,7.5],"texture":"#1"},"down":{"uv":[7.72,2.25,7.5,2.44],"texture":"#1"}}},{"from":[7.555,19.16692,7.48707],"to":[8.445,21.10692,8.22707],"faces":{"north":{"uv":[0,6.5,0.22,7],"texture":"#1"},"east":{"uv":[5,6.5,5.19,7],"texture":"#1"},"south":{"uv":[6.5,0,6.72,0.5],"texture":"#1"},"west":{"uv":[6.5,5.25,6.69,5.75],"texture":"#1"},"up":{"uv":[7.72,0.94,7.5,0.75],"texture":"#1"},"down":{"uv":[1.22,7.5,1,7.69],"texture":"#1"}}},{"from":[7.55931,22.66213,9],"to":[8.35931,23.18713,9.525],"faces":{"north":{"uv":[13,5,13.75,5.5],"texture":"#0"},"east":{"uv":[12.5,13,12,13.5],"texture":"#0"},"south":{"uv":[13,6,13.75,6.5],"texture":"#0"},"west":{"uv":[12,13,12.5,13.5],"texture":"#0"},"up":{"uv":[13.75,7.5,13,7],"texture":"#0"},"down":{"uv":[13.75,8,13,8.5],"texture":"#0"}},"rotation":{"origin":[8,22.85,9.4],"axis":"x","angle":45,"rescale":false}},{"from":[7.575,-1.96736,7.1059],"to":[8.425,-0.16736,8.0059],"faces":{"north":{"uv":[6.5,2.75,6.72,3.19],"texture":"#1"},"east":{"uv":[3,6.5,3.22,6.94],"texture":"#1"},"south":{"uv":[3.25,6.5,3.47,6.94],"texture":"#1"},"west":{"uv":[6.5,3.25,6.72,3.69],"texture":"#1"},"up":{"uv":[7.47,2.72,7.25,2.5],"texture":"#1"},"down":{"uv":[7.47,2.75,7.25,2.97],"texture":"#1"}},"rotation":{"origin":[8,-0.71736,7.5559],"axis":"x","angle":-22.5,"rescale":false}},{"from":[7.58,9.02413,10.99898],"to":[8.42,10.06413,11.73898],"faces":{"north":{"uv":[7,5.25,7.22,5.5],"texture":"#1"},"east":{"uv":[7.25,5,7.44,5.25],"texture":"#1"},"south":{"uv":[5.5,7,5.72,7.25],"texture":"#1"},"west":{"uv":[5.25,7.25,5.44,7.5],"texture":"#1"},"up":{"uv":[7.72,1.94,7.5,1.75],"texture":"#1"},"down":{"uv":[2.22,7.5,2,7.69],"texture":"#1"}},"rotation":{"origin":[8,7.89413,11.36898],"axis":"x","angle":-45,"rescale":false}},{"from":[7.58,19.02413,6.06102],"to":[8.42,20.06413,6.80102],"faces":{"north":{"uv":[7,5,7.22,5.25],"texture":"#1"},"east":{"uv":[7.25,4.5,7.44,4.75],"texture":"#1"},"south":{"uv":[5.25,7,5.47,7.25],"texture":"#1"},"west":{"uv":[7.25,4.75,7.44,5],"texture":"#1"},"up":{"uv":[7.72,0.69,7.5,0.5],"texture":"#1"},"down":{"uv":[0.97,7.5,0.75,7.69],"texture":"#1"}},"rotation":{"origin":[8,17.89413,6.43102],"axis":"x","angle":45,"rescale":false}},{"from":[7.58431,20.75,8.98431],"to":[8.33431,23,9.73431],"faces":{"north":{"uv":[6,11,6.75,13.25],"texture":"#0"},"east":{"uv":[9.75,11,9,13.25],"texture":"#0"},"south":{"uv":[8,11,8.75,13.25],"texture":"#0"},"west":{"uv":[9,11,9.75,13.25],"texture":"#0"},"up":{"uv":[13.75,4.75,13,4],"texture":"#0"},"down":{"uv":[5.75,13,5,13.75],"texture":"#0"}}},{"from":[7.605,8.1633,10.07],"to":[8.395,8.8033,10.81],"faces":{"north":{"uv":[7.5,7,7.69,7.16],"texture":"#1"},"east":{"uv":[7.25,7.5,7.44,7.66],"texture":"#1"},"south":{"uv":[7.5,7.5,7.69,7.66],"texture":"#1"},"west":{"uv":[7.75,0,7.94,0.16],"texture":"#1"},"up":{"uv":[7.69,4.44,7.5,4.25],"texture":"#1"},"down":{"uv":[4.69,7.5,4.5,7.69],"texture":"#1"}},"rotation":{"origin":[8,8.9333,10.44],"axis":"x","angle":-22.5,"rescale":false}},{"from":[7.605,18.1633,6.99],"to":[8.395,18.8033,7.73],"faces":{"north":{"uv":[6.25,7.5,6.44,7.66],"texture":"#1"},"east":{"uv":[7.5,6.25,7.69,6.41],"texture":"#1"},"south":{"uv":[7.5,6.5,7.69,6.66],"texture":"#1"},"west":{"uv":[6.75,7.5,6.94,7.66],"texture":"#1"},"up":{"uv":[7.69,3.44,7.5,3.25],"texture":"#1"},"down":{"uv":[3.69,7.5,3.5,7.69],"texture":"#1"}},"rotation":{"origin":[8,18.9333,7.36],"axis":"x","angle":22.5,"rescale":false}},{"from":[7.63,7.6235,10.3365],"to":[8.37,8.3635,11.0765],"faces":{"north":{"uv":[7.5,4.5,7.69,4.69],"texture":"#1"},"east":{"uv":[4.75,7.5,4.94,7.69],"texture":"#1"},"south":{"uv":[7.5,4.75,7.69,4.94],"texture":"#1"},"west":{"uv":[5,7.5,5.19,7.69],"texture":"#1"},"up":{"uv":[7.69,5.19,7.5,5],"texture":"#1"},"down":{"uv":[5.44,7.5,5.25,7.69],"texture":"#1"}}},{"from":[7.63,17.6235,6.7235],"to":[8.37,18.3635,7.4635],"faces":{"north":{"uv":[7.5,3.5,7.69,3.69],"texture":"#1"},"east":{"uv":[3.75,7.5,3.94,7.69],"texture":"#1"},"south":{"uv":[7.5,3.75,7.69,3.94],"texture":"#1"},"west":{"uv":[4,7.5,4.19,7.69],"texture":"#1"},"up":{"uv":[7.69,4.19,7.5,4],"texture":"#1"},"down":{"uv":[4.44,7.5,4.25,7.69],"texture":"#1"}}},{"from":[7.63,23.90531,8.85735],"to":[8.37,24.74531,9.69735],"faces":{"north":{"uv":[7.5,1.25,7.69,1.47],"texture":"#1"},"east":{"uv":[3.75,7.25,3.97,7.47],"texture":"#1"},"south":{"uv":[1.5,7.5,1.69,7.72],"texture":"#1"},"west":{"uv":[4,7.25,4.22,7.47],"texture":"#1"},"up":{"uv":[7.69,1.72,7.5,1.5],"texture":"#1"},"down":{"uv":[1.94,7.5,1.75,7.72],"texture":"#1"}},"rotation":{"origin":[8,26.91281,9.45235],"axis":"x","angle":45,"rescale":false}},{"from":[7.655,8.06692,10.87293],"to":[8.345,8.75692,13.38793],"faces":{"north":{"uv":[7.5,5.25,7.69,5.44],"texture":"#1"},"east":{"uv":[6,2,6.62,2.19],"texture":"#1"},"south":{"uv":[7.5,5.5,7.69,5.69],"texture":"#1"},"west":{"uv":[6,4.75,6.62,4.94],"texture":"#1"},"up":{"uv":[6.44,2.88,6.25,2.25],"texture":"#1"},"down":{"uv":[2.69,6.25,2.5,6.88],"texture":"#1"}}},{"from":[7.655,9.16692,10.29793],"to":[8.345,10.25692,12.31293],"faces":{"north":{"uv":[6.25,7,6.44,7.28],"texture":"#1"},"east":{"uv":[1,5.75,1.5,6.03],"texture":"#1"},"south":{"uv":[6.75,7,6.94,7.28],"texture":"#1"},"west":{"uv":[5.75,2.25,6.25,2.53],"texture":"#1"},"up":{"uv":[1.19,7.25,1,6.75],"texture":"#1"},"down":{"uv":[6.94,1,6.75,1.5],"texture":"#1"}}},{"from":[7.655,17.59192,5.755],"to":[8.345,22.60692,6.595],"faces":{"north":{"uv":[4.44,4.25,4.25,5.5],"texture":"#1"},"east":{"uv":[3.22,4.25,3,5.5],"texture":"#1"},"south":{"uv":[3.44,4.25,3.25,5.5],"texture":"#1"},"west":{"uv":[4.47,3,4.25,4.25],"texture":"#1"},"up":{"uv":[7.69,1,7.5,1.22],"texture":"#1"},"down":{"uv":[1.44,7.72,1.25,7.5],"texture":"#1"}}},{"from":[7.655,19.19192,6.905],"to":[8.345,25.20692,8.095],"faces":{"north":{"uv":[2.5,4.25,2.69,5.75],"texture":"#1"},"east":{"uv":[3.5,0,3.81,1.5],"texture":"#1"},"south":{"uv":[2.75,4.25,2.94,5.75],"texture":"#1"},"west":{"uv":[3.5,1.5,3.81,3],"texture":"#1"},"up":{"uv":[7.19,4.31,7,4],"texture":"#1"},"down":{"uv":[4.44,7,4.25,7.31],"texture":"#1"}}},{"from":[7.68,8.14319,10.18726],"to":[8.32,8.93319,11.62726],"faces":{"north":{"uv":[7.75,0.25,7.91,0.44],"texture":"#1"},"east":{"uv":[6.75,2,7.12,2.19],"texture":"#1"},"south":{"uv":[7.75,0.5,7.91,0.69],"texture":"#1"},"west":{"uv":[7,2.25,7.38,2.44],"texture":"#1"},"up":{"uv":[7.16,4.88,7,4.5],"texture":"#1"},"down":{"uv":[5.16,7,5,7.38],"texture":"#1"}},"rotation":{"origin":[8,7.01319,12.83226],"axis":"x","angle":45,"rescale":false}},{"from":[7.68,8.7329,12.72284],"to":[8.32,9.2229,13.33784],"faces":{"north":{"uv":[0.5,8,0.66,8.12],"texture":"#1"},"east":{"uv":[8,0.5,8.16,0.62],"texture":"#1"},"south":{"uv":[0.75,8,0.91,8.12],"texture":"#1"},"west":{"uv":[8,0.75,8.16,0.88],"texture":"#1"},"up":{"uv":[7.91,4.91,7.75,4.75],"texture":"#1"},"down":{"uv":[5.16,7.75,5,7.91],"texture":"#1"}}},{"from":[7.68,16.62736,5.68854],"to":[8.32,17.76736,6.27854],"faces":{"north":{"uv":[6.66,7.25,6.5,7.53],"texture":"#1"},"east":{"uv":[7.41,6.25,7.25,6.53],"texture":"#1"},"south":{"uv":[7.41,5.75,7.25,6.03],"texture":"#1"},"west":{"uv":[7.16,7.25,7,7.53],"texture":"#1"},"up":{"uv":[7.91,4.25,7.75,4.41],"texture":"#1"},"down":{"uv":[4.66,7.91,4.5,7.75],"texture":"#1"}},"rotation":{"origin":[8,17.75986,5.93354],"axis":"x","angle":-45,"rescale":false}},{"from":[7.68,22.59476,5.76004],"to":[8.32,23.18476,6.90004],"faces":{"north":{"uv":[4.91,7.75,4.75,7.91],"texture":"#1"},"east":{"uv":[7.53,6.75,7.25,6.91],"texture":"#1"},"south":{"uv":[7.91,4.5,7.75,4.66],"texture":"#1"},"west":{"uv":[7.53,7.25,7.25,7.41],"texture":"#1"},"up":{"uv":[0.16,7.5,0,7.78],"texture":"#1"},"down":{"uv":[7.66,0.28,7.5,0],"texture":"#1"}},"rotation":{"origin":[8,22.88976,6.45504],"axis":"x","angle":-45,"rescale":false}},{"from":[7.705,6.01819,11.66226],"to":[8.295,10.95819,12.75226],"faces":{"north":{"uv":[4,4.5,4.16,5.75],"texture":"#1"},"east":{"uv":[1.5,4.25,1.78,5.5],"texture":"#1"},"south":{"uv":[5,5.25,5.16,6.5],"texture":"#1"},"west":{"uv":[2,4.25,2.28,5.5],"texture":"#1"},"up":{"uv":[0.41,7.78,0.25,7.5],"texture":"#1"},"down":{"uv":[0.66,7.5,0.5,7.78],"texture":"#1"}}},{"from":[7.73,3.49767,10.16718],"to":[8.27,4.31267,11.95718],"faces":{"north":{"uv":[7.75,3.25,7.88,3.47],"texture":"#1"},"east":{"uv":[4.5,6.5,4.94,6.72],"texture":"#1"},"south":{"uv":[3.5,7.75,3.62,7.97],"texture":"#1"},"west":{"uv":[6.5,5,6.94,5.22],"texture":"#1"},"up":{"uv":[7.12,5.94,7,5.5],"texture":"#1"},"down":{"uv":[6.12,7,6,7.44],"texture":"#1"}},"rotation":{"origin":[8,5.71767,9.31218],"axis":"x","angle":-45,"rescale":false}},{"from":[7.73,4.07396,9.59089],"to":[8.27,4.88896,10.25589],"faces":{"north":{"uv":[7.75,3.5,7.88,3.72],"texture":"#1"},"east":{"uv":[6,7.5,6.16,7.72],"texture":"#1"},"south":{"uv":[3.75,7.75,3.88,7.97],"texture":"#1"},"west":{"uv":[7.5,6,7.66,6.22],"texture":"#1"},"up":{"uv":[1.88,8.16,1.75,8],"texture":"#1"},"down":{"uv":[8.12,1.75,8,1.91],"texture":"#1"}},"rotation":{"origin":[8,6.29396,8.73589],"axis":"x","angle":-45,"rescale":false}},{"from":[7.73,11.31488,12.17904],"to":[8.27,11.90488,13.04404],"faces":{"north":{"uv":[1,8,1.12,8.16],"texture":"#1"},"east":{"uv":[5.75,7.5,5.97,7.66],"texture":"#1"},"south":{"uv":[8,1,8.12,1.16],"texture":"#1"},"west":{"uv":[7.5,5.75,7.72,5.91],"texture":"#1"},"up":{"uv":[7.88,3.22,7.75,3],"texture":"#1"},"down":{"uv":[3.38,7.75,3.25,7.97],"texture":"#1"}},"rotation":{"origin":[8,12.30988,10.99904],"axis":"x","angle":22.5,"rescale":false}},{"from":[7.755,5.90505,10.33395],"to":[8.245,6.72005,10.79895],"faces":{"north":{"uv":[7.75,3.75,7.88,3.97],"texture":"#1"},"east":{"uv":[4,7.75,4.12,7.97],"texture":"#1"},"south":{"uv":[7.75,4,7.88,4.22],"texture":"#1"},"west":{"uv":[4.25,7.75,4.38,7.97],"texture":"#1"},"up":{"uv":[2.12,8.12,2,8],"texture":"#1"},"down":{"uv":[8.12,2,8,2.12],"texture":"#1"}}},{"from":[7.755,12.0271,13.08342],"to":[8.245,12.6171,13.64842],"faces":{"north":{"uv":[1.25,8,1.38,8.16],"texture":"#1"},"east":{"uv":[7.75,5,7.91,5.16],"texture":"#1"},"south":{"uv":[8,1.25,8.12,1.41],"texture":"#1"},"west":{"uv":[5.25,7.75,5.41,7.91],"texture":"#1"},"up":{"uv":[1.62,8.16,1.5,8],"texture":"#1"},"down":{"uv":[8.12,1.5,8,1.66],"texture":"#1"}},"rotation":{"origin":[8,13.0221,11.80342],"axis":"x","angle":45,"rescale":false}},{"from":[7.9955,22.45,7.91768],"to":[7.9955,26.45,10.91768],"faces":{"north":{"uv":[0,0,0,4],"texture":"#0"},"east":{"uv":[6,4,9,8],"texture":"#0"},"south":{"uv":[0,0,0,4],"texture":"#0"},"west":{"uv":[9,4,6,8],"texture":"#0"},"up":{"uv":[0,3,0,0],"texture":"#0"},"down":{"uv":[0,3,0,0],"texture":"#0"}},"rotation":{"origin":[8,22.85,9.4],"axis":"y","angle":-45,"rescale":false}},{"from":[8,12.4,8],"to":[9,13.15,9],"faces":{"north":{"uv":[12,9,13,9.75],"texture":"#0"},"east":{"uv":[10,12,11,12.75],"texture":"#0"},"south":{"uv":[12,10,13,10.75],"texture":"#0"},"west":{"uv":[11,12,12,12.75],"texture":"#0"},"up":{"uv":[6,13,5,12],"texture":"#0"},"down":{"uv":[13,6,12,7],"texture":"#0"}}},{"from":[8,15,2.5],"to":[8,32,9.5],"faces":{"north":{"uv":[0,0,0,4.25],"texture":"#1"},"east":{"uv":[0,0,1.75,4.25],"texture":"#1"},"south":{"uv":[0,0,0,4.25],"texture":"#1"},"west":{"uv":[1.75,0,3.5,4.25],"texture":"#1"},"up":{"uv":[0,1.75,0,0],"texture":"#1"},"down":{"uv":[0,0,0,1.75],"texture":"#1"}}},{"from":[8,17.25,7.3],"to":[8,21.25,10.3],"faces":{"north":{"uv":[0,0,0,4],"texture":"#0"},"east":{"uv":[9,4,6,8],"texture":"#0"},"south":{"uv":[0,0,0,4],"texture":"#0"},"west":{"uv":[6,4,9,8],"texture":"#0"},"up":{"uv":[0,0,0,3],"texture":"#0"},"down":{"uv":[0,0,0,3],"texture":"#0"}},"rotation":{"origin":[8,19.25,8.8],"axis":"y","angle":-45,"rescale":false}},{"from":[8.24693,9,6.79623],"to":[8.64693,9.875,7.29623],"faces":{"north":{"uv":[7.75,7,7.84,7.22],"texture":"#1"},"east":{"uv":[7.75,2.5,7.88,2.72],"texture":"#1"},"south":{"uv":[7.25,7.75,7.34,7.97],"texture":"#1"},"west":{"uv":[7.75,2.75,7.88,2.97],"texture":"#1"},"up":{"uv":[4.09,8.12,4,8],"texture":"#1"},"down":{"uv":[8.09,4,8,4.12],"texture":"#1"}},"rotation":{"origin":[8.09693,8.675,7.04623],"axis":"y","angle":-22.5,"rescale":false}},{"from":[8.24693,9.25,8.70377],"to":[8.64693,10.1,9.20377],"faces":{"north":{"uv":[7.75,6.25,7.84,6.47],"texture":"#1"},"east":{"uv":[1.75,7.75,1.88,7.97],"texture":"#1"},"south":{"uv":[6.5,7.75,6.59,7.97],"texture":"#1"},"west":{"uv":[7.75,1.75,7.88,1.97],"texture":"#1"},"up":{"uv":[3.34,8.12,3.25,8],"texture":"#1"},"down":{"uv":[8.09,3.25,8,3.38],"texture":"#1"}},"rotation":{"origin":[8.09693,8.925,8.95377],"axis":"y","angle":22.5,"rescale":false}},{"from":[8.24693,11,6.79623],"to":[8.64693,11.875,7.29623],"faces":{"north":{"uv":[7.75,6.75,7.84,6.97],"texture":"#1"},"east":{"uv":[2.25,7.75,2.38,7.97],"texture":"#1"},"south":{"uv":[7,7.75,7.09,7.97],"texture":"#1"},"west":{"uv":[7.75,2.25,7.88,2.47],"texture":"#1"},"up":{"uv":[3.84,8.12,3.75,8],"texture":"#1"},"down":{"uv":[8.09,3.75,8,3.88],"texture":"#1"}},"rotation":{"origin":[8.09693,10.7,7.04623],"axis":"y","angle":-22.5,"rescale":false}},{"from":[8.24693,11.25,8.70377],"to":[8.64693,12.1,9.20377],"faces":{"north":{"uv":[7.75,6.5,7.84,6.72],"texture":"#1"},"east":{"uv":[2,7.75,2.12,7.97],"texture":"#1"},"south":{"uv":[6.75,7.75,6.84,7.97],"texture":"#1"},"west":{"uv":[7.75,2,7.88,2.22],"texture":"#1"},"up":{"uv":[3.59,8.12,3.5,8],"texture":"#1"},"down":{"uv":[8.09,3.5,8,3.62],"texture":"#1"}},"rotation":{"origin":[8.09693,10.925,8.95377],"axis":"y","angle":22.5,"rescale":false}},{"from":[8.30931,9,7.18787],"to":[8.80931,11.875,7.78787],"faces":{"north":{"uv":[6.75,5.25,6.88,5.97],"texture":"#1"},"east":{"uv":[5.25,6.25,5.41,6.97],"texture":"#1"},"south":{"uv":[5.75,6.75,5.88,7.47],"texture":"#1"},"west":{"uv":[5.5,6.25,5.66,6.97],"texture":"#1"},"up":{"uv":[0.38,8.16,0.25,8],"texture":"#1"},"down":{"uv":[8.12,0.25,8,0.41],"texture":"#1"}},"rotation":{"origin":[8.55931,10.675,7.23787],"axis":"y","angle":45,"rescale":false}},{"from":[8.30931,9.25,8.21213],"to":[8.80931,12.1,8.81213],"faces":{"north":{"uv":[4.5,6.75,4.62,7.47],"texture":"#1"},"east":{"uv":[4.25,6.25,4.41,6.97],"texture":"#1"},"south":{"uv":[4.75,6.75,4.88,7.47],"texture":"#1"},"west":{"uv":[6.25,5,6.41,5.72],"texture":"#1"},"up":{"uv":[0.12,8.16,0,8],"texture":"#1"},"down":{"uv":[8.12,0,8,0.16],"texture":"#1"}},"rotation":{"origin":[8.55931,10.675,8.76213],"axis":"y","angle":-45,"rescale":false}},{"from":[8.5,9.25,8.3],"to":[8.5,11.85,9.7],"faces":{"north":{"uv":[0,0,0,0.66],"texture":"#1"},"east":{"uv":[4.75,0,5.09,0.66],"texture":"#1"},"south":{"uv":[0,0,0,0.66],"texture":"#1"},"west":{"uv":[4.75,0.75,5.09,1.41],"texture":"#1"},"up":{"uv":[0,0.34,0,0],"texture":"#1"},"down":{"uv":[0,0,0,0.34],"texture":"#1"}},"rotation":{"origin":[8.5,10.55,9.3],"axis":"y","angle":45,"rescale":false}},{"from":[8.625,9.75,7.45],"to":[9.125,11.6,8.55],"faces":{"north":{"uv":[3,7,3.12,7.47],"texture":"#1"},"east":{"uv":[6,0.5,6.28,0.97],"texture":"#1"},"south":{"uv":[7,3,7.12,3.47],"texture":"#1"},"west":{"uv":[6,1,6.28,1.47],"texture":"#1"},"up":{"uv":[2.88,7.78,2.75,7.5],"texture":"#1"},"down":{"uv":[3.12,7.5,3,7.78],"texture":"#1"}}},{"from":[8.78284,9.85,9.58184],"to":[9.68284,12.45,9.58184],"faces":{"north":{"uv":[0,5.75,0.22,6.41],"texture":"#1"},"east":{"uv":[0,0,0,0.66],"texture":"#1"},"south":{"uv":[5.75,0,5.97,0.66],"texture":"#1"},"west":{"uv":[0,0,0,0.66],"texture":"#1"},"up":{"uv":[0.22,0,0,0],"texture":"#1"},"down":{"uv":[0.22,0,0,0],"texture":"#1"}}},{"from":[9.0461,21.05,8.95702],"to":[9.0461,27.05,9.35702],"faces":{"north":{"uv":[0,0,0,1.5],"texture":"#1"},"east":{"uv":[0.25,5.75,0.34,7.25],"texture":"#1"},"south":{"uv":[0,0,0,1.5],"texture":"#1"},"west":{"uv":[0.5,5.75,0.59,7.25],"texture":"#1"},"up":{"uv":[0,0.09,0,0],"texture":"#1"},"down":{"uv":[0,0,0,0.09],"texture":"#1"}},"rotation":{"origin":[8,22.85,9.4],"axis":"y","angle":-45,"rescale":false}},{"from":[9.139,23.75,9.39445],"to":[9.139,25.75,9.79445],"faces":{"north":{"uv":[0,0,0,0.5],"texture":"#1"},"east":{"uv":[7.25,5.25,7.34,5.75],"texture":"#1"},"south":{"uv":[0,0,0,0.5],"texture":"#1"},"west":{"uv":[5.5,7.25,5.59,7.75],"texture":"#1"},"up":{"uv":[0,0.09,0,0],"texture":"#1"},"down":{"uv":[0,0,0,0.09],"texture":"#1"}},"rotation":{"origin":[8,22.85,9.4],"axis":"y","angle":45,"rescale":false}},{"from":[9.175,9.75,7.45],"to":[9.175,11.6,8.55],"faces":{"north":{"uv":[0,0,0,0.47],"texture":"#1"},"east":{"uv":[5.5,5.75,5.78,6.22],"texture":"#1"},"south":{"uv":[0,0,0,0.47],"texture":"#1"},"west":{"uv":[6,0,6.28,0.47],"texture":"#1"},"up":{"uv":[0,0.28,0,0],"texture":"#1"},"down":{"uv":[0,0,0,0.28],"texture":"#1"}}},{"from":[9.38924,10.85,8.87503],"to":[10.78924,13.45,8.87503],"faces":{"north":{"uv":[4.75,1.5,5.09,2.16],"texture":"#1"},"east":{"uv":[0,0,0,0.66],"texture":"#1"},"south":{"uv":[4.75,2.25,5.09,2.91],"texture":"#1"},"west":{"uv":[0,0,0,0.66],"texture":"#1"},"up":{"uv":[0.34,0,0,0],"texture":"#1"},"down":{"uv":[0.34,0,0,0],"texture":"#1"}},"rotation":{"origin":[10.38924,12.15,8.87503],"axis":"y","angle":45,"rescale":false}},{"from":[9.96468,12.85,4.08578],"to":[9.96468,15.45,6.48578],"faces":{"north":{"uv":[0,0,0,0.66],"texture":"#1"},"east":{"uv":[0,4.25,0.59,4.91],"texture":"#1"},"south":{"uv":[0,0,0,0.66],"texture":"#1"},"west":{"uv":[0.75,4.25,1.34,4.91],"texture":"#1"},"up":{"uv":[0,0.59,0,0],"texture":"#1"},"down":{"uv":[0,0,0,0.59],"texture":"#1"}},"rotation":{"origin":[9.96468,14.15,5.48578],"axis":"y","angle":45,"rescale":false}},{"from":[10.67179,11.85,6.19289],"to":[10.67179,14.45,8.59289],"faces":{"north":{"uv":[0,0,0,0.66],"texture":"#1"},"east":{"uv":[4,1.5,4.59,2.16],"texture":"#1"},"south":{"uv":[0,0,0,0.66],"texture":"#1"},"west":{"uv":[4,2.25,4.59,2.91],"texture":"#1"},"up":{"uv":[0,0.59,0,0],"texture":"#1"},"down":{"uv":[0,0,0,0.59],"texture":"#1"}}}],"display":{"thirdperson_righthand":{"rotation":[32.5,0,0],"translation":[0,7.75,7],"scale":[1.17,1.17,1.17]},"thirdperson_lefthand":{"rotation":[32.5,0,0],"translation":[0,7.75,7],"scale":[1.17,1.17,1.17]},"firstperson_righthand":{"rotation":[-8.25,0,0],"translation":[-1.25,3.25,1.25],"scale":[0.66,0.66,0.66]},"firstperson_lefthand":{"rotation":[-8.25,0,0],"translation":[-1.25,3.25,1.25],"scale":[0.66,0.66,0.66]},"ground":{"rotation":[-45,0,0],"translation":[0,3,0],"scale":[0.3,0.3,0.3]},"gui":{"rotation":[-90,-46,-85.9],"translation":[1,1.75,0],"scale":[0.59,0.59,0.59]},"head":{"scale":[0,0,0]},"fixed":{"rotation":[0,-90,0]}},"gui_light":"front","mcmodels":"a1b7011007843a3af4c4b6687f4247a8"}