{"elements":[{"from":[-2.110178,6.9311266,5.085506],"to":[8.547388,8.246257,13.039061],"rotation":{"angle":0.0,"axis":"y","origin":[-0.13407707,9.627291,8.0]},"faces":{"east":{"uv":[11.4375,7.875,10.5625,8.125],"rotation":0,"texture":"#0","tintindex":0},"south":{"uv":[9.9375,7.625,11.3125,7.875],"rotation":0,"texture":"#0","tintindex":0},"north":{"uv":[11.3125,1.875,10.0625,2.125],"rotation":0,"texture":"#0","tintindex":0},"west":{"uv":[5.5625,10.5625,6.4375,10.8125],"rotation":0,"texture":"#0","tintindex":0},"up":{"uv":[9.9375,9.4375,8.5625,8.5625],"rotation":0,"texture":"#0","tintindex":0},"down":{"uv":[8.6875,0.625,9.9375,1.5],"rotation":0,"texture":"#0","tintindex":0}}}],"textures":{"0":"modelengine:entity/whaleshark"},"display":{"head":{"translation":[0.0,-6.4,0.0],"scale":[4.0,4.0,4.0]}}}