{"elements":[{"from":[7.5771427,-2.148572,4.6171427],"to":[11.805715,9.691429,11.382857],"rotation":{"angle":0.0,"axis":"y","origin":[12.651429,7.1542854,14.765715]},"faces":{"east":{"uv":[7.5,5.625,6.5,7.375],"rotation":0,"texture":"#0","tintindex":0},"south":{"uv":[6.875,7.5,6.25,9.25],"rotation":0,"texture":"#0","tintindex":0},"north":{"uv":[6.125,6.875,5.5,8.625],"rotation":0,"texture":"#0","tintindex":0},"west":{"uv":[7.5,1.25,6.5,3.0],"rotation":0,"texture":"#0","tintindex":0},"up":{"uv":[2.875,9.625,3.5,8.625],"rotation":0,"texture":"#0","tintindex":0},"down":{"uv":[5.25,8.75,5.875,9.75],"rotation":0,"texture":"#0","tintindex":0}}}],"textures":{"0":"modelengine:entity/ender_hammerhead"},"display":{"head":{"translation":[0.0,-6.4,0.0],"scale":[4.0,4.0,4.0]}}}