{"textures":{"0":"modelengine:entity/ender_hammerhead"},"elements":[{"from":[8.399885,11.097326,4.8123074],"to":[9.879885,14.797327,10.732307],"faces":{"east":{"uv":[0.625,8.5,1.625,9.125],"tintindex":-2,"rotation":0,"texture":"#0"},"south":{"uv":[9.75,4.25,10.0,4.875],"tintindex":-2,"rotation":0,"texture":"#0"},"north":{"uv":[7.25,4.875,7.5,5.5],"tintindex":-2,"rotation":0,"texture":"#0"},"west":{"uv":[1.75,8.625,2.75,9.25],"tintindex":-2,"rotation":0,"texture":"#0"},"up":{"uv":[0.875,10.875,0.625,9.875],"tintindex":-2,"rotation":0,"texture":"#0"},"down":{"uv":[1.25,9.875,1.0,10.875],"tintindex":-2,"rotation":0,"texture":"#0"}}},{"from":[2.4798846,5.917327,-7.027693],"to":[15.799885,11.097326,10.732307],"faces":{"east":{"uv":[0.0,3.125,3.0,4.0],"tintindex":-2,"rotation":0,"texture":"#0"},"south":{"uv":[2.375,5.625,4.625,6.5],"tintindex":-2,"rotation":0,"texture":"#0"},"north":{"uv":[0.0,5.625,2.25,6.5],"tintindex":-2,"rotation":0,"texture":"#0"},"west":{"uv":[3.125,3.125,6.125,4.0],"tintindex":-2,"rotation":0,"texture":"#0"},"up":{"uv":[2.25,3.0,0.0,0.0],"tintindex":-2,"rotation":0,"texture":"#0"},"down":{"uv":[4.625,0.0,2.375,3.0],"tintindex":-2,"rotation":0,"texture":"#0"}}},{"from":[8.399885,11.097326,-5.5476923],"to":[9.879885,17.017328,3.3323078],"faces":{"east":{"uv":[2.25,6.625,3.75,7.625],"tintindex":-2,"rotation":0,"texture":"#0"},"south":{"uv":[3.25,9.75,3.5,10.75],"tintindex":-2,"rotation":0,"texture":"#0"},"north":{"uv":[2.875,9.75,3.125,10.75],"tintindex":-2,"rotation":0,"texture":"#0"},"west":{"uv":[3.875,6.875,5.375,7.875],"tintindex":-2,"rotation":0,"texture":"#0"},"up":{"uv":[2.375,10.875,2.125,9.375],"tintindex":-2,"rotation":0,"texture":"#0"},"down":{"uv":[2.75,9.375,2.5,10.875],"tintindex":-2,"rotation":0,"texture":"#0"}}}],"display":{"gui":{"rotation":[30,225,0]}}}