{"credit":"Polygony Creation Co.,Ltd.","texture_size":[48,48],"textures":{"0":"summer_furniture_set:ice_bucket","particle":"summer_furniture_set:ice_bucket"},"elements":[{"from":[1,0,3],"to":[15,7,13],"rotation":{"angle":0,"axis":"y","origin":[0,0,4]},"faces":{"north":{"uv":[4.66667,7.33333,9.33333,9.66667],"texture":"#0"},"east":{"uv":[4.66667,9.66667,8,12],"texture":"#0"},"south":{"uv":[9.33333,7.33333,14,9.66667],"texture":"#0"},"west":{"uv":[8,9.66667,11.33333,12],"texture":"#0"},"down":{"uv":[4.66667,7.33333,0,10.66667],"texture":"#0"}}},{"from":[0.5,7,2.5],"to":[15.5,8,13.5],"rotation":{"angle":0,"axis":"x","origin":[8.5,7,13.5]},"faces":{"north":{"uv":[10,4.66667,15,5],"texture":"#0"},"east":{"uv":[10,5.33333,13.66667,5.66667],"texture":"#0"},"west":{"uv":[10,5.66667,13.66667,6],"texture":"#0"},"up":{"uv":[5,3.66667,0,0],"texture":"#0"},"down":{"uv":[5,3.66667,0,7.33333],"texture":"#0"}}},{"from":[0.5,7,13.5],"to":[15.5,8,24.5],"rotation":{"angle":45,"axis":"x","origin":[8.5,8,13.5]},"faces":{"east":{"uv":[10,6,13.66667,6.33333],"texture":"#0"},"south":{"uv":[10,5,15,5.33333],"texture":"#0"},"west":{"uv":[10,6.33333,13.66667,6.66667],"texture":"#0"},"up":{"uv":[10,3.66667,5,0],"texture":"#0"},"down":{"uv":[10,3.66667,5,7.33333],"texture":"#0"}}},{"from":[15,2.5,6],"to":[16,5.5,9],"rotation":{"angle":0,"axis":"y","origin":[16,2.5,6]},"faces":{"north":{"uv":[11.66667,10.66667,12,11.66667],"texture":"#0"},"east":{"uv":[3.66667,10.66667,4.66667,11.66667],"texture":"#0"},"south":{"uv":[11.66667,11.66667,12,12.66667],"texture":"#0"},"up":{"uv":[5,13,4.66667,12],"texture":"#0"},"down":{"uv":[5.33333,12,5,13],"texture":"#0"}}},{"from":[0,2.5,6],"to":[1,5.5,9],"rotation":{"angle":0,"axis":"y","origin":[0,2.5,6]},"faces":{"north":{"uv":[12,10.66667,11.66667,11.66667],"texture":"#0"},"south":{"uv":[12,11.66667,11.66667,12.66667],"texture":"#0"},"west":{"uv":[4.66667,10.66667,3.66667,11.66667],"texture":"#0"},"up":{"uv":[4.66667,13,5,12],"texture":"#0"},"down":{"uv":[5,12,5.33333,13],"texture":"#0"}}},{"from":[16,0.7,-0.5],"to":[17,2.7,8.5],"rotation":{"angle":-22.5,"axis":"x","origin":[8,1.7,2]},"faces":{"north":{"uv":[11.33333,6.66667,11.66667,7.33333],"texture":"#0"},"east":{"uv":[10,1.33333,13,2],"texture":"#0"},"south":{"uv":[11.66667,6.66667,12,7.33333],"texture":"#0"},"west":{"uv":[10,2,13,2.66667],"texture":"#0"},"up":{"uv":[11.66667,12.66667,11.33333,9.66667],"texture":"#0"},"down":{"uv":[3,11.66667,2.66667,14.66667],"texture":"#0"}}},{"from":[0,0.7,-0.5],"to":[16,2.7,0.5],"rotation":{"angle":-22.5,"axis":"x","origin":[8,1.7,2]},"faces":{"north":{"uv":[10,0,15.33333,0.66667],"texture":"#0"},"south":{"uv":[10,0.66667,15.33333,1.33333],"texture":"#0"},"up":{"uv":[15.33333,4.33333,10,4],"texture":"#0"},"down":{"uv":[15.33333,4.33333,10,4.66667],"texture":"#0"}}},{"from":[-1,0.7,-0.5],"to":[0,2.7,8.5],"rotation":{"angle":-22.5,"axis":"x","origin":[8,1.7,2]},"faces":{"north":{"uv":[6.66667,12,7,12.66667],"texture":"#0"},"east":{"uv":[10,2.66667,13,3.33333],"texture":"#0"},"south":{"uv":[12,6.66667,12.33333,7.33333],"texture":"#0"},"west":{"uv":[10,3.33333,13,4],"texture":"#0"},"up":{"uv":[3.33333,14.66667,3,11.66667],"texture":"#0"},"down":{"uv":[3.66667,11.66667,3.33333,14.66667],"texture":"#0"}}},{"from":[12,7,6],"to":[14,9,8],"rotation":{"angle":-22.5,"axis":"z","origin":[13,8,7]},"faces":{"north":{"uv":[7,12.33333,7.66667,13],"rotation":90,"texture":"#0"},"east":{"uv":[10.33333,12.33333,9.66667,13],"rotation":270,"texture":"#0"},"south":{"uv":[9,12.33333,9.66667,13],"rotation":270,"texture":"#0"},"west":{"uv":[9,13,8.33333,12.33333],"rotation":270,"texture":"#0"},"up":{"uv":[7.66667,12.33333,8.33333,13],"rotation":270,"texture":"#0"},"down":{"uv":[10.33333,12.33333,11,13],"rotation":270,"texture":"#0"}}},{"from":[3,7,6],"to":[5,9,8],"rotation":{"angle":22.5,"axis":"z","origin":[4,8,7]},"faces":{"north":{"uv":[7,12.33333,7.66667,13],"texture":"#0"},"east":{"uv":[7.66667,12.33333,8.33333,13],"texture":"#0"},"south":{"uv":[9,12.33333,9.66667,13],"texture":"#0"},"west":{"uv":[10.33333,12.33333,11,13],"texture":"#0"},"up":{"uv":[9,13,8.33333,12.33333],"texture":"#0"},"down":{"uv":[10.33333,12.33333,9.66667,13],"texture":"#0"}}},{"from":[6,7,4],"to":[8,9,6],"rotation":{"angle":22.5,"axis":"z","origin":[7,8,5]},"faces":{"north":{"uv":[7,12.33333,7.66667,13],"texture":"#0"},"east":{"uv":[7.66667,12.33333,8.33333,13],"texture":"#0"},"south":{"uv":[9,12.33333,9.66667,13],"texture":"#0"},"west":{"uv":[10.33333,12.33333,11,13],"texture":"#0"},"up":{"uv":[9,13,8.33333,12.33333],"texture":"#0"},"down":{"uv":[10.33333,12.33333,9.66667,13],"texture":"#0"}}},{"from":[9,7,9],"to":[11,9,11],"rotation":{"angle":-22.5,"axis":"x","origin":[10,8,10]},"faces":{"north":{"uv":[7,12.33333,7.66667,13],"texture":"#0"},"east":{"uv":[7.66667,12.33333,8.33333,13],"texture":"#0"},"south":{"uv":[9,12.33333,9.66667,13],"texture":"#0"},"west":{"uv":[10.33333,12.33333,11,13],"texture":"#0"},"up":{"uv":[9,13,8.33333,12.33333],"texture":"#0"},"down":{"uv":[10.33333,12.33333,9.66667,13],"texture":"#0"}}},{"from":[11,7,9],"to":[13,9,11],"rotation":{"angle":22.5,"axis":"z","origin":[12,8,10]},"faces":{"north":{"uv":[7,12.33333,7.66667,13],"texture":"#0"},"east":{"uv":[7.66667,12.33333,8.33333,13],"texture":"#0"},"south":{"uv":[9,12.33333,9.66667,13],"texture":"#0"},"west":{"uv":[10.33333,12.33333,11,13],"texture":"#0"},"up":{"uv":[9,13,8.33333,12.33333],"texture":"#0"},"down":{"uv":[10.33333,12.33333,9.66667,13],"texture":"#0"}}},{"from":[3,7,9],"to":[5,9,11],"rotation":{"angle":-22.5,"axis":"z","origin":[4,8,10]},"faces":{"north":{"uv":[7,12.33333,7.66667,13],"texture":"#0"},"east":{"uv":[7.66667,12.33333,8.33333,13],"texture":"#0"},"south":{"uv":[9,12.33333,9.66667,13],"texture":"#0"},"west":{"uv":[10.33333,12.33333,11,13],"texture":"#0"},"up":{"uv":[9,13,8.33333,12.33333],"texture":"#0"},"down":{"uv":[10.33333,12.33333,9.66667,13],"texture":"#0"}}},{"from":[5.25,8.25,5.75],"to":[10.25,10.25,7.75],"rotation":{"angle":-22.5,"axis":"z","origin":[5.75,9.25,6.75]},"faces":{"north":{"uv":[0,10.66667,0.66667,12.33333],"rotation":90,"texture":"#0"},"east":{"uv":[11.33333,6.66667,10.66667,7.33333],"rotation":270,"texture":"#0"},"south":{"uv":[1.33333,10.66667,2,12.33333],"rotation":270,"texture":"#0"},"west":{"uv":[10.66667,7.33333,10,6.66667],"rotation":270,"texture":"#0"},"up":{"uv":[0.66667,10.66667,1.33333,12.33333],"rotation":270,"texture":"#0"},"down":{"uv":[2,10.66667,2.66667,12.33333],"rotation":270,"texture":"#0"}}},{"from":[2.25,8.75,6.25],"to":[5.25,9.75,7.25],"rotation":{"angle":-22.5,"axis":"z","origin":[5.75,9.25,6.75]},"faces":{"north":{"uv":[5.33333,12,5.66667,13],"rotation":90,"texture":"#0"},"south":{"uv":[6,12,6.33333,13],"rotation":270,"texture":"#0"},"west":{"uv":[9.33333,12.33333,9,12],"rotation":270,"texture":"#0"},"up":{"uv":[5.66667,12,6,13],"rotation":270,"texture":"#0"},"down":{"uv":[6.33333,12,6.66667,13],"rotation":270,"texture":"#0"}}},{"from":[3.75,8.25,8.75],"to":[8.75,10.25,10.75],"rotation":{"angle":22.5,"axis":"z","origin":[8.25,9.25,9.75]},"faces":{"north":{"uv":[0,12.33333,0.66667,10.66667],"rotation":90,"texture":"#0"},"east":{"uv":[10.66667,6.66667,10,7.33333],"rotation":270,"texture":"#0"},"south":{"uv":[1.33333,12.33333,2,10.66667],"rotation":270,"texture":"#0"},"west":{"uv":[11.33333,7.33333,10.66667,6.66667],"rotation":270,"texture":"#0"},"up":{"uv":[0.66667,12.33333,1.33333,10.66667],"rotation":270,"texture":"#0"},"down":{"uv":[2,12.33333,2.66667,10.66667],"rotation":270,"texture":"#0"}}},{"from":[8.75,8.75,9.25],"to":[11.75,9.75,10.25],"rotation":{"angle":22.5,"axis":"z","origin":[8.25,9.25,9.75]},"faces":{"north":{"uv":[5.33333,13,5.66667,12],"rotation":90,"texture":"#0"},"east":{"uv":[9.33333,12,9,12.33333],"rotation":270,"texture":"#0"},"south":{"uv":[6,13,6.33333,12],"rotation":270,"texture":"#0"},"up":{"uv":[5.66667,13,6,12],"rotation":270,"texture":"#0"},"down":{"uv":[6.33333,13,6.66667,12],"rotation":270,"texture":"#0"}}}],"gui_light":"front","display":{"thirdperson_righthand":{"rotation":[55.25,180,0],"translation":[0,5.5,3.25],"scale":[0.7,0.7,0.7]},"thirdperson_lefthand":{"rotation":[55.25,180,0],"translation":[0,5.5,3.25],"scale":[0.7,0.7,0.7]},"firstperson_righthand":{"rotation":[15,180,0],"translation":[1.75,4.75,0],"scale":[0.63086,0.63086,0.63086]},"firstperson_lefthand":{"rotation":[15,180,0],"translation":[1.75,4.75,0],"scale":[0.63086,0.63086,0.63086]},"ground":{"translation":[0,5,0],"scale":[0.7,0.7,0.7]},"gui":{"rotation":[25,135,0],"translation":[-0.5,2.75,0],"scale":[0.7,0.7,0.7]},"head":{"rotation":[0,180,0],"translation":[0,-29.75,0],"scale":[1.6,1.6,1.6]},"fixed":{"rotation":[-90,0,0],"translation":[0,0,-16],"scale":[2,2,2]}}}