{"credit":"Polygony Creation Co.,Ltd.","textures":{"1":"summer_furniture_set:light","2":"summer_furniture_set:light_fx","particle":"summer_furniture_set:light_fx"},"elements":[{"from":[5,0,5],"to":[11,2,11],"rotation":{"angle":0,"axis":"y","origin":[6,0,6]},"faces":{"north":{"uv":[0,6,3,7],"texture":"#1"},"east":{"uv":[5,6,8,7],"texture":"#1"},"south":{"uv":[0,7,3,8],"texture":"#1"},"west":{"uv":[7,0,10,1],"texture":"#1"},"up":{"uv":[3,3,0,0],"texture":"#1"},"down":{"uv":[3,3,0,6],"texture":"#1"}}},{"from":[6,2,6],"to":[10,3,10],"rotation":{"angle":0,"axis":"y","origin":[6,2,6]},"faces":{"north":{"uv":[8,6.5,10,7],"texture":"#1"},"east":{"uv":[8.5,4,10.5,4.5],"texture":"#1"},"south":{"uv":[8.5,4.5,10.5,5],"texture":"#1"},"west":{"uv":[8.5,5,10.5,5.5],"texture":"#1"},"up":{"uv":[7,2,5,0],"texture":"#1"}}},{"from":[6,21,6],"to":[10,22,10],"rotation":{"angle":0,"axis":"y","origin":[6,21,6]},"faces":{"north":{"uv":[0,9,2,9.5],"texture":"#1"},"east":{"uv":[9,7,11,7.5],"texture":"#1"},"south":{"uv":[9,7.5,11,8],"texture":"#1"},"west":{"uv":[9,8,11,8.5],"texture":"#1"},"up":{"uv":[7,4,5,2],"texture":"#1"},"down":{"uv":[7,4,5,6],"texture":"#1"}}},{"from":[5,28,5],"to":[11,29,11],"rotation":{"angle":0,"axis":"y","origin":[6,28,6]},"faces":{"north":{"uv":[0,9,2,9.5],"texture":"#1"},"east":{"uv":[9,7,11,7.5],"texture":"#1"},"south":{"uv":[9,7.5,11,8],"texture":"#1"},"west":{"uv":[9,8,11,8.5],"texture":"#1"},"up":{"uv":[7,4,5,2],"texture":"#1"},"down":{"uv":[7,4,5,6],"texture":"#1"}}},{"from":[6.5,22,6.5],"to":[9.5,23,9.5],"rotation":{"angle":0,"axis":"y","origin":[5.5,22,6.5]},"faces":{"north":{"uv":[9.5,1,11,1.5],"texture":"#1"},"east":{"uv":[9.5,1.5,11,2],"texture":"#1"},"south":{"uv":[9.5,2,11,2.5],"texture":"#1"},"west":{"uv":[9.5,2.5,11,3],"texture":"#1"},"up":{"uv":[6,8.5,4.5,7],"texture":"#1"}}},{"from":[6.5,29,6.5],"to":[9.5,30,9.5],"rotation":{"angle":0,"axis":"y","origin":[5.5,29,6.5]},"faces":{"north":{"uv":[9.5,1,11,1.5],"texture":"#1"},"east":{"uv":[9.5,1.5,11,2],"texture":"#1"},"south":{"uv":[9.5,2,11,2.5],"texture":"#1"},"west":{"uv":[9.5,2.5,11,3],"texture":"#1"},"up":{"uv":[6,8.5,4.5,7],"texture":"#1"}}},{"from":[6.5,3,6.5],"to":[9.5,5,9.5],"rotation":{"angle":0,"axis":"y","origin":[6.5,3,6.5]},"faces":{"north":{"uv":[6,7,7.5,8],"texture":"#1"},"east":{"uv":[7.5,7,9,8],"texture":"#1"},"south":{"uv":[0,8,1.5,9],"texture":"#1"},"west":{"uv":[8,1,9.5,2],"texture":"#1"},"up":{"uv":[4.5,8.5,3,7],"texture":"#1"}}},{"from":[6.5,19,6.5],"to":[9.5,21,9.5],"rotation":{"angle":0,"axis":"y","origin":[6.5,19,6.5]},"faces":{"north":{"uv":[1.5,8,3,9],"texture":"#1"},"east":{"uv":[8,2,9.5,3],"texture":"#1"},"south":{"uv":[8,3,9.5,4],"texture":"#1"},"west":{"uv":[8,5.5,9.5,6.5],"texture":"#1"},"down":{"uv":[8.5,4,7,5.5],"texture":"#1"}}},{"from":[7,5,7],"to":[9,19,9],"rotation":{"angle":0,"axis":"y","origin":[6,5,7]},"faces":{"north":{"uv":[3,0,4,7],"texture":"#1"},"east":{"uv":[4,0,5,7],"texture":"#1"},"south":{"uv":[3,0,4,7],"texture":"#1"},"west":{"uv":[4,0,5,7],"texture":"#1"}}},{"from":[7,20.25,5.5],"to":[9,23.25,7.5],"rotation":{"angle":-22.5,"axis":"x","origin":[8,20.25,5.5]},"faces":{"north":{"uv":[6,8,7,9.5],"texture":"#1"},"east":{"uv":[7,8,8,9.5],"texture":"#1"},"south":{"uv":[8,8,9,9.5],"texture":"#1"},"west":{"uv":[3,8.5,4,10],"texture":"#1"},"up":{"uv":[3,10,2,9],"texture":"#1"},"down":{"uv":[10,8.5,9,9.5],"texture":"#1"}}},{"from":[7,20.25,8.5],"to":[9,23.25,10.5],"rotation":{"angle":22.5,"axis":"x","origin":[8,20.25,10.5]},"faces":{"north":{"uv":[8,8,9,9.5],"texture":"#1"},"east":{"uv":[3,8.5,4,10],"texture":"#1"},"south":{"uv":[6,8,7,9.5],"texture":"#1"},"west":{"uv":[7,8,8,9.5],"texture":"#1"},"up":{"uv":[1,10.5,0,9.5],"texture":"#1"},"down":{"uv":[2,9.5,1,10.5],"texture":"#1"}}},{"from":[8.98648,21.34133,7],"to":[10.98648,24.34133,9],"rotation":{"angle":-22.5,"axis":"z","origin":[8,22.0185,8]},"faces":{"north":{"uv":[3,8.5,4,10],"texture":"#1"},"east":{"uv":[6,8,7,9.5],"texture":"#1"},"south":{"uv":[7,8,8,9.5],"texture":"#1"},"west":{"uv":[8,8,9,9.5],"texture":"#1"},"up":{"uv":[3,9,2,10],"texture":"#1"},"down":{"uv":[10,8.5,9,9.5],"texture":"#1"}}},{"from":[5.01352,21.34133,7],"to":[7.01352,24.34133,9],"rotation":{"angle":22.5,"axis":"z","origin":[8,22.0185,8]},"faces":{"north":{"uv":[7,8,8,9.5],"texture":"#1"},"east":{"uv":[8,8,9,9.5],"texture":"#1"},"south":{"uv":[3,8.5,4,10],"texture":"#1"},"west":{"uv":[6,8,7,9.5],"texture":"#1"},"up":{"uv":[1,9.5,0,10.5],"texture":"#1"},"down":{"uv":[2,9.5,1,10.5],"texture":"#1"}}},{"from":[9,22,6],"to":[10,28,7],"rotation":{"angle":0,"axis":"y","origin":[9,22,6]},"faces":{"north":{"uv":[4,8.5,4.5,11.5],"texture":"#1"},"east":{"uv":[4.5,8.5,5,11.5],"texture":"#1"},"south":{"uv":[5,8.5,5.5,11.5],"texture":"#1"},"west":{"uv":[5.5,8.5,6,11.5],"texture":"#1"}}},{"from":[9,22,9],"to":[10,28,10],"rotation":{"angle":0,"axis":"y","origin":[9,22,10]},"faces":{"north":{"uv":[5.5,8.5,5,11.5],"texture":"#1"},"east":{"uv":[5,8.5,4.5,11.5],"texture":"#1"},"south":{"uv":[4.5,8.5,4,11.5],"texture":"#1"},"west":{"uv":[6,8.5,5.5,11.5],"texture":"#1"}}},{"from":[7,22,6.5],"to":[9,28,6.5],"rotation":{"angle":0,"axis":"y","origin":[8,22,6.5]},"faces":{"north":{"uv":[7,1,8,4],"texture":"#1"},"east":{"uv":[0,0,0,3],"texture":"#1"},"west":{"uv":[0,0,0,3],"texture":"#1"}}},{"from":[9.749,22,7],"to":[9.749,28,9],"rotation":{"angle":0,"axis":"y","origin":[9.749,25,8]},"faces":{"north":{"uv":[0,0,0,3],"texture":"#1"},"east":{"uv":[7,1,8,4],"texture":"#1"},"south":{"uv":[0,0,0,3],"texture":"#1"}}},{"from":[6,22,6],"to":[7,28,7],"rotation":{"angle":0,"axis":"y","origin":[7,22,6]},"faces":{"north":{"uv":[4.5,8.5,4,11.5],"texture":"#1"},"east":{"uv":[6,8.5,5.5,11.5],"texture":"#1"},"south":{"uv":[5.5,8.5,5,11.5],"texture":"#1"},"west":{"uv":[5,8.5,4.5,11.5],"texture":"#1"}}},{"from":[6,22,9],"to":[7,28,10],"rotation":{"angle":0,"axis":"y","origin":[7,22,10]},"faces":{"north":{"uv":[5,8.5,5.5,11.5],"texture":"#1"},"east":{"uv":[5.5,8.5,6,11.5],"texture":"#1"},"south":{"uv":[4,8.5,4.5,11.5],"texture":"#1"},"west":{"uv":[4.5,8.5,5,11.5],"texture":"#1"}}},{"from":[6.251,22,7],"to":[6.251,28,9],"rotation":{"angle":0,"axis":"y","origin":[6.251,25,8]},"faces":{"north":{"uv":[0,0,0,3],"texture":"#1"},"south":{"uv":[0,0,0,3],"texture":"#1"},"west":{"uv":[7,1,8,4],"texture":"#1"}}},{"from":[7,22,9.5],"to":[9,28,9.5],"rotation":{"angle":0,"axis":"y","origin":[8,22,9.5]},"faces":{"east":{"uv":[0,0,0,3],"texture":"#1"},"south":{"uv":[7,1,8,4],"texture":"#1"},"west":{"uv":[0,0,0,3],"texture":"#1"}}},{"from":[7.5,23,7.5],"to":[8.5,28,8.5],"rotation":{"angle":0,"axis":"y","origin":[6.5,24,6.5]},"faces":{"north":{"uv":[0,0,1,5],"texture":"#2"},"east":{"uv":[1,0,2,5],"texture":"#2"},"south":{"uv":[2,0,3,5],"texture":"#2"},"west":{"uv":[3,0,4,5],"texture":"#2"}}}],"gui_light":"front","display":{"thirdperson_righthand":{"rotation":[55.25,0,0],"translation":[0,5.5,3.25],"scale":[0.7,0.7,0.7]},"thirdperson_lefthand":{"rotation":[55.25,0,0],"translation":[0,5.5,3.25],"scale":[0.7,0.7,0.7]},"firstperson_righthand":{"rotation":[-16.25,0,0],"translation":[1.75,4.75,0],"scale":[0.63086,0.63086,0.63086]},"firstperson_lefthand":{"rotation":[-16.25,0,0],"translation":[1.75,4.75,0],"scale":[0.63086,0.63086,0.63086]},"ground":{"translation":[0,5,0],"scale":[0.7,0.7,0.7]},"gui":{"rotation":[25,135,0],"translation":[0,-4,0],"scale":[0.7,0.7,0.7]},"head":{"rotation":[0,180,0],"translation":[0,-29.75,0],"scale":[1.6,1.6,1.6]},"fixed":{"rotation":[-90,0,0],"translation":[0,0,-16],"scale":[2,2,2]}}}