{"credit":"Polygony Creation Co.,Ltd.","texture_size":[64,64],"textures":{"1":"summer_furniture_set:long_table_2"},"elements":[{"from":[-14,0.9,1.9],"to":[-12,13,3.9],"rotation":{"angle":0,"axis":"y","origin":[0,8.25,7.9]},"faces":{"north":{"uv":[8,5,8.5,7.75],"texture":"#1"},"east":{"uv":[6.75,8,7.25,10.75],"texture":"#1"},"south":{"uv":[7.25,8,7.75,10.75],"texture":"#1"},"west":{"uv":[7.75,8,8.25,10.75],"texture":"#1"}}},{"from":[-16,14,-0.1],"to":[16,16,15.9],"rotation":{"angle":0,"axis":"y","origin":[0,8.25,7.9]},"faces":{"north":{"uv":[8,1.5,16,2],"texture":"#1"},"east":{"uv":[8,4,12,4.5],"texture":"#1"},"south":{"uv":[8,2,16,2.5],"texture":"#1"},"west":{"uv":[8,4.5,12,5],"texture":"#1"},"up":{"uv":[8,4,0,0],"texture":"#1"},"down":{"uv":[8,4,0,8],"texture":"#1"}}},{"from":[-14.5,0,1.4],"to":[-11.5,1,4.4],"rotation":{"angle":0,"axis":"y","origin":[0,7.25,7.9]},"faces":{"north":{"uv":[9,10.5,9.75,10.75],"texture":"#1"},"east":{"uv":[2.5,10.75,3.25,11],"texture":"#1"},"south":{"uv":[10.75,2.5,11.5,2.75],"texture":"#1"},"west":{"uv":[10.75,2.75,11.5,3],"texture":"#1"},"up":{"uv":[3.25,10.75,2.5,10],"texture":"#1"},"down":{"uv":[10.75,2.5,10,3.25],"texture":"#1"}}},{"from":[-14.5,13,1.4],"to":[-11.5,14,4.4],"rotation":{"angle":0,"axis":"y","origin":[0,8.25,7.9]},"faces":{"north":{"uv":[10.75,3,11.5,3.25],"texture":"#1"},"east":{"uv":[3.25,10.75,4,11],"texture":"#1"},"south":{"uv":[10.75,3.25,11.5,3.5],"texture":"#1"},"west":{"uv":[10.75,3.5,11.5,3.75],"texture":"#1"},"up":{"uv":[4,10.75,3.25,10],"texture":"#1"},"down":{"uv":[10.75,3.25,10,4],"texture":"#1"}}},{"from":[11.5,13,1.4],"to":[14.5,14,4.4],"rotation":{"angle":0,"axis":"y","origin":[0,8.25,7.9]},"faces":{"north":{"uv":[10.75,3.75,11.5,4],"texture":"#1"},"east":{"uv":[4,10.75,4.75,11],"texture":"#1"},"south":{"uv":[4.75,10.75,5.5,11],"texture":"#1"},"west":{"uv":[10.75,5,11.5,5.25],"texture":"#1"},"up":{"uv":[4.75,10.75,4,10],"texture":"#1"},"down":{"uv":[5.5,10,4.75,10.75],"texture":"#1"}}},{"from":[12,0.9,1.9],"to":[14,13,3.9],"rotation":{"angle":0,"axis":"y","origin":[0,8.25,7.9]},"faces":{"north":{"uv":[8.25,7.75,8.75,10.5],"texture":"#1"},"east":{"uv":[8.5,5,9,7.75],"texture":"#1"},"south":{"uv":[8.75,7.75,9.25,10.5],"texture":"#1"},"west":{"uv":[9,5,9.5,7.75],"texture":"#1"}}},{"from":[11.5,0,1.4],"to":[14.5,1,4.4],"rotation":{"angle":0,"axis":"y","origin":[0,7.25,7.9]},"faces":{"north":{"uv":[10.75,5.25,11.5,5.5],"texture":"#1"},"east":{"uv":[5.5,10.75,6.25,11],"texture":"#1"},"south":{"uv":[10.75,5.5,11.5,5.75],"texture":"#1"},"west":{"uv":[10.75,5.75,11.5,6],"texture":"#1"},"up":{"uv":[10.75,5.75,10,5],"texture":"#1"},"down":{"uv":[6.25,10,5.5,10.75],"texture":"#1"}}},{"from":[11.5,13,11.4],"to":[14.5,14,14.4],"rotation":{"angle":0,"axis":"y","origin":[0,8.25,7.9]},"faces":{"north":{"uv":[10.75,6,11.5,6.25],"texture":"#1"},"east":{"uv":[6.25,10.75,7,11],"texture":"#1"},"south":{"uv":[10.75,6.25,11.5,6.5],"texture":"#1"},"west":{"uv":[10.75,6.5,11.5,6.75],"texture":"#1"},"up":{"uv":[10.75,6.5,10,5.75],"texture":"#1"},"down":{"uv":[10.75,6.5,10,7.25],"texture":"#1"}}},{"from":[12,0.9,11.9],"to":[14,13,13.9],"rotation":{"angle":0,"axis":"y","origin":[0,8.25,7.9]},"faces":{"north":{"uv":[9.25,7.75,9.75,10.5],"texture":"#1"},"east":{"uv":[9.5,5,10,7.75],"texture":"#1"},"south":{"uv":[9.75,7.75,10.25,10.5],"texture":"#1"},"west":{"uv":[0,10,0.5,12.75],"texture":"#1"}}},{"from":[11.5,0,11.4],"to":[14.5,1,14.4],"rotation":{"angle":0,"axis":"y","origin":[0,7.25,7.9]},"faces":{"north":{"uv":[10.75,6.75,11.5,7],"texture":"#1"},"east":{"uv":[7,10.75,7.75,11],"texture":"#1"},"south":{"uv":[10.75,7,11.5,7.25],"texture":"#1"},"west":{"uv":[9,10.75,9.75,11],"texture":"#1"},"up":{"uv":[11,8,10.25,7.25],"texture":"#1"},"down":{"uv":[11,8,10.25,8.75],"texture":"#1"}}},{"from":[-14.5,13,11.4],"to":[-11.5,14,14.4],"rotation":{"angle":0,"axis":"y","origin":[0,8.25,7.9]},"faces":{"north":{"uv":[2.5,11,3.25,11.25],"texture":"#1"},"east":{"uv":[3.25,11,4,11.25],"texture":"#1"},"south":{"uv":[4,11,4.75,11.25],"texture":"#1"},"west":{"uv":[4.75,11,5.5,11.25],"texture":"#1"},"up":{"uv":[11,9.5,10.25,8.75],"texture":"#1"},"down":{"uv":[11,9.5,10.25,10.25],"texture":"#1"}}},{"from":[-14,0.9,11.9],"to":[-12,13,13.9],"rotation":{"angle":0,"axis":"y","origin":[0,8.25,7.9]},"faces":{"north":{"uv":[0.5,10,1,12.75],"texture":"#1"},"east":{"uv":[1,10,1.5,12.75],"texture":"#1"},"south":{"uv":[1.5,10,2,12.75],"texture":"#1"},"west":{"uv":[2,10,2.5,12.75],"texture":"#1"}}},{"from":[-14.5,0,11.4],"to":[-11.5,1,14.4],"rotation":{"angle":0,"axis":"y","origin":[0,7.25,7.9]},"faces":{"north":{"uv":[5.5,11,6.25,11.25],"texture":"#1"},"east":{"uv":[6.25,11,7,11.25],"texture":"#1"},"south":{"uv":[7,11,7.75,11.25],"texture":"#1"},"west":{"uv":[11,7.25,11.75,7.5],"texture":"#1"},"up":{"uv":[11,11,10.25,10.25],"texture":"#1"},"down":{"uv":[9,10.5,8.25,11.25],"texture":"#1"}}},{"from":[-12,8,2.9],"to":[12,14,2.9],"rotation":{"angle":0,"axis":"y","origin":[0,8.25,7.9]},"faces":{"north":{"uv":[7,11.5,13,13],"texture":"#1"},"south":{"uv":[7,11.5,13,13],"texture":"#1"}}},{"from":[-12,8,12.9],"to":[12,14,12.9],"rotation":{"angle":0,"axis":"y","origin":[0,8.25,7.9]},"faces":{"north":{"uv":[13,11.5,7,13],"texture":"#1"},"south":{"uv":[13,11.5,7,13],"texture":"#1"}}},{"from":[-13,8,3.9],"to":[-13,14,11.9],"rotation":{"angle":0,"axis":"y","origin":[0,8.25,7.9]},"faces":{"east":{"uv":[9,13.5,7,15],"texture":"#1"},"west":{"uv":[7,13.5,9,15],"texture":"#1"}}},{"from":[13,8,3.9],"to":[13,14,11.9],"rotation":{"angle":0,"axis":"y","origin":[0,8.25,7.9]},"faces":{"east":{"uv":[9,13.5,7,15],"texture":"#1"},"west":{"uv":[7,13.5,9,15],"texture":"#1"}}}],"gui_light":"front","display":{"thirdperson_righthand":{"rotation":[89.75,90,0],"translation":[0,3.25,-2.5],"scale":[0.5,0.5,0.5]},"thirdperson_lefthand":{"rotation":[89.75,90,0],"translation":[0,3.25,-2.5],"scale":[0.5,0.5,0.5]},"firstperson_righthand":{"rotation":[35.25,90,0],"translation":[0.75,3.5,3.25],"scale":[0.3,0.3,0.3]},"firstperson_lefthand":{"rotation":[35.25,90,0],"translation":[0.75,3.5,3.25],"scale":[0.3,0.3,0.3]},"ground":{"translation":[0,5,5],"scale":[0.7,0.7,0.7]},"gui":{"rotation":[29.56,56.99,-2.53],"translation":[1.5,1.25,0],"scale":[0.6,0.6,0.6]},"head":{"translation":[25.5,-30.5,0],"scale":[1.6,1.6,1.6]},"fixed":{"rotation":[-90,90,0],"translation":[0,0,-16.25],"scale":[2,2,2]}}}