{"textures​":{"layer0":"minecraft:item/polished_basalt"},"credit":"Made with Blockbench","texture_size":[128,128],"\u0074\u0065\u0078\u0074\u0075\u0072\u0065\u0073":{"2":"\u0063\u0072\u0061\u0074\u0065\u0073_\u0065\u0078\u0070\u0061\u006e\u0073\u0069\u006f\u006e:\u0063\u006f\u006d\u006d\u006f\u006e_\u0063\u0072\u0061\u0074\u0065","\u0070\u0061\u0072\u0074\u0069\u0063\u006c\u0065":"\u0063\u0072\u0061\u0074\u0065\u0073_\u0065\u0078\u0070\u0061\u006e\u0073\u0069\u006f\u006e:\u0063\u006f\u006d\u006d\u006f\u006e_\u0063\u0072\u0061\u0074\u0065"},"elements":[{"from":[-4,12,0],"to":[20,20,17],"rotation":{"angle":0,"axis":"y","origin":[8,0,8]},"faces":{"north":{"uv":[7.5,0,10.5,1],"texture":"#2"},"east":{"uv":[7.5,4.25,9.625,5.25],"texture":"#2"},"south":{"uv":[7.5,1,10.5,2],"texture":"#2"},"west":{"uv":[3,8.5,5.125,9.5],"texture":"#2"},"up":{"uv":[9,7.375,6,5.25],"texture":"#2"},"down":{"uv":[3,7.375,0,9.5],"texture":"#2"}}},{"from":[-7,11,-2],"to":[23,14,19],"rotation":{"angle":0,"axis":"y","origin":[8,0,8]},"faces":{"north":{"uv":[5.125,8.5,8.875,8.875],"texture":"#2"},"east":{"uv":[9,5.25,11.625,5.625],"texture":"#2"},"south":{"uv":[5.125,8.875,8.875,9.25],"texture":"#2"},"west":{"uv":[9,5.625,11.625,6],"texture":"#2"},"up":{"uv":[3.75,2.625,0,0],"texture":"#2"},"down":{"uv":[3.75,2.625,0,5.25],"texture":"#2"}}},{"from":[6,8,-3],"to":[10,15,0],"rotation":{"angle":22.5,"axis":"x","origin":[8,14,0]},"faces":{"north":{"uv":[9.5,9.25,10,10.125],"texture":"#2"},"east":{"uv":[1.5,10.75,1.875,11.625],"texture":"#2"},"south":{"uv":[9.625,2,10.125,2.875],"texture":"#2"},"west":{"uv":[1.875,10.75,2.25,11.625],"texture":"#2"},"up":{"uv":[10.125,5.125,9.625,4.75],"texture":"#2"},"down":{"uv":[10,10.125,9.5,10.5],"texture":"#2"}}},{"from":[24.3,7,15.5],"to":[27.3,17,18.5],"rotation":{"angle":22.5,"axis":"z","origin":[8,-1,7.5]},"faces":{"north":{"uv":[8.375,9.25,8.75,10.5],"texture":"#2"},"east":{"uv":[8.75,9.25,9.125,10.5],"texture":"#2"},"south":{"uv":[9.125,9.25,9.5,10.5],"texture":"#2"},"west":{"uv":[0,9.5,0.375,10.75],"texture":"#2"},"up":{"uv":[11.5,0.375,11.125,0],"texture":"#2"},"down":{"uv":[11.5,0.375,11.125,0.75],"texture":"#2"}}},{"from":[24.3,7,-1.5],"to":[27.3,17,1.5],"rotation":{"angle":22.5,"axis":"z","origin":[8,-1,7.5]},"faces":{"north":{"uv":[0.375,9.5,0.75,10.75],"texture":"#2"},"east":{"uv":[0.75,9.5,1.125,10.75],"texture":"#2"},"south":{"uv":[1.125,9.5,1.5,10.75],"texture":"#2"},"west":{"uv":[1.5,9.5,1.875,10.75],"texture":"#2"},"up":{"uv":[11.5,1.125,11.125,0.75],"texture":"#2"},"down":{"uv":[11.5,1.125,11.125,1.5],"texture":"#2"}}},{"from":[24.3,13,1.5],"to":[27.3,17,15.5],"rotation":{"angle":22.5,"axis":"z","origin":[8,-1,7.5]},"faces":{"north":{"uv":[10.625,9.875,11,10.375],"texture":"#2"},"east":{"uv":[9,6.75,10.75,7.25],"texture":"#2"},"south":{"uv":[10.875,4.5,11.25,5],"texture":"#2"},"west":{"uv":[9,7.25,10.75,7.75],"texture":"#2"},"up":{"uv":[7.25,11,6.875,9.25],"texture":"#2"},"down":{"uv":[7.625,9.25,7.25,11],"texture":"#2"}}},{"from":[-11.2,7,-1.5],"to":[-8.2,17,1.5],"rotation":{"angle":-22.5,"axis":"z","origin":[8,-1,7.5]},"faces":{"north":{"uv":[3.375,9.5,3.75,10.75],"texture":"#2"},"east":{"uv":[3.75,9.5,4.125,10.75],"texture":"#2"},"south":{"uv":[4.125,9.5,4.5,10.75],"texture":"#2"},"west":{"uv":[4.5,9.5,4.875,10.75],"texture":"#2"},"up":{"uv":[9.75,11.5,9.375,11.125],"texture":"#2"},"down":{"uv":[10.125,11.125,9.75,11.5],"texture":"#2"}}},{"from":[-11.2,7,15.5],"to":[-8.2,17,18.5],"rotation":{"angle":-22.5,"axis":"z","origin":[8,-1,7.5]},"faces":{"north":{"uv":[1.875,9.5,2.25,10.75],"texture":"#2"},"east":{"uv":[2.25,9.5,2.625,10.75],"texture":"#2"},"south":{"uv":[2.625,9.5,3,10.75],"texture":"#2"},"west":{"uv":[3,9.5,3.375,10.75],"texture":"#2"},"up":{"uv":[9,11.5,8.625,11.125],"texture":"#2"},"down":{"uv":[9.375,11.125,9,11.5],"texture":"#2"}}},{"from":[24.1,14.8,-1.7],"to":[27.5,17.2,1.7],"rotation":{"angle":22.5,"axis":"z","origin":[8,-1,7.5]},"faces":{"north":{"uv":[9,8.25,9.375,8.5],"texture":"#2"},"east":{"uv":[9.375,8.25,9.75,8.5],"texture":"#2"},"south":{"uv":[9.75,8.25,10.125,8.5],"texture":"#2"},"west":{"uv":[10.125,8.25,10.5,8.5],"texture":"#2"},"up":{"uv":[5.25,11.375,4.875,11],"texture":"#2"},"down":{"uv":[5.625,11,5.25,11.375],"texture":"#2"}}},{"from":[24.1,14.8,15.3],"to":[27.5,17.2,18.7],"rotation":{"angle":22.5,"axis":"z","origin":[8,-1,7.5]},"faces":{"north":{"uv":[10.875,5,11.25,5.25],"texture":"#2"},"east":{"uv":[11.125,8.25,11.5,8.5],"texture":"#2"},"south":{"uv":[10.125,11.125,10.5,11.375],"texture":"#2"},"west":{"uv":[10.5,11.125,10.875,11.375],"texture":"#2"},"up":{"uv":[6,11.375,5.625,11],"texture":"#2"},"down":{"uv":[6.375,11,6,11.375],"texture":"#2"}}},{"from":[-11.4,14.8,15.3],"to":[-8,17.2,18.7],"rotation":{"angle":-22.5,"axis":"z","origin":[8,-1,7.5]},"faces":{"north":{"uv":[11.25,1.875,11.625,2.125],"texture":"#2"},"east":{"uv":[11.25,2.125,11.625,2.375],"texture":"#2"},"south":{"uv":[11.25,2.375,11.625,2.625],"texture":"#2"},"west":{"uv":[11.25,2.625,11.625,2.875],"texture":"#2"},"up":{"uv":[6.75,11.375,6.375,11],"texture":"#2"},"down":{"uv":[7.125,11,6.75,11.375],"texture":"#2"}}},{"from":[-11.4,14.8,-1.7],"to":[-8,17.2,1.7],"rotation":{"angle":-22.5,"axis":"z","origin":[8,-1,7.5]},"faces":{"north":{"uv":[11.25,2.875,11.625,3.125],"texture":"#2"},"east":{"uv":[11.25,3.125,11.625,3.375],"texture":"#2"},"south":{"uv":[11.25,3.375,11.625,3.625],"texture":"#2"},"west":{"uv":[11.25,3.625,11.625,3.875],"texture":"#2"},"up":{"uv":[7.5,11.375,7.125,11],"texture":"#2"},"down":{"uv":[7.875,11,7.5,11.375],"texture":"#2"}}},{"from":[-11.2,13,1.5],"to":[-8.2,17,15.5],"rotation":{"angle":-22.5,"axis":"z","origin":[8,-1,7.5]},"faces":{"north":{"uv":[10.875,10.375,11.25,10.875],"texture":"#2"},"east":{"uv":[9,7.75,10.75,8.25],"texture":"#2"},"south":{"uv":[10.875,10.875,11.25,11.375],"texture":"#2"},"west":{"uv":[5.125,9.25,6.875,9.75],"texture":"#2"},"up":{"uv":[8,11,7.625,9.25],"texture":"#2"},"down":{"uv":[8.375,9.25,8,11],"texture":"#2"}}},{"from":[-4,3,0],"to":[20,12,17],"rotation":{"angle":0,"axis":"y","origin":[8,0,8]},"faces":{"north":{"uv":[3,7.375,6,8.5],"texture":"#2"},"east":{"uv":[7.5,2,9.625,3.125],"texture":"#2"},"south":{"uv":[6,7.375,9,8.5],"texture":"#2"},"west":{"uv":[7.5,3.125,9.625,4.25],"texture":"#2"},"up":{"uv":[3,7.375,0,5.25],"texture":"#2"},"down":{"uv":[6,5.25,3,7.375],"texture":"#2"}}},{"from":[-7,1,-2],"to":[23,4,19],"rotation":{"angle":0,"axis":"y","origin":[8,0,8]},"faces":{"north":{"uv":[8.875,8.5,12.625,8.875],"texture":"#2"},"east":{"uv":[9,6,11.625,6.375],"texture":"#2"},"south":{"uv":[8.875,8.875,12.625,9.25],"texture":"#2"},"west":{"uv":[9,6.375,11.625,6.75],"texture":"#2"},"up":{"uv":[7.5,2.625,3.75,0],"texture":"#2"},"down":{"uv":[7.5,2.625,3.75,5.25],"texture":"#2"}}},{"from":[19,4,-1],"to":[22,11,2],"rotation":{"angle":0,"axis":"y","origin":[8,0,8]},"faces":{"north":{"uv":[0,10.75,0.375,11.625],"texture":"#2"},"east":{"uv":[0.375,10.75,0.75,11.625],"texture":"#2"},"south":{"uv":[0.75,10.75,1.125,11.625],"texture":"#2"},"west":{"uv":[1.125,10.75,1.5,11.625],"texture":"#2"},"up":{"uv":[8.25,11.375,7.875,11],"texture":"#2"},"down":{"uv":[11.375,9.875,11,10.25],"texture":"#2"}}},{"from":[19,4,15],"to":[22,11,18],"rotation":{"angle":0,"axis":"y","origin":[8,0,8]},"faces":{"north":{"uv":[2.25,10.75,2.625,11.625],"texture":"#2"},"east":{"uv":[2.625,10.75,3,11.625],"texture":"#2"},"south":{"uv":[3,10.75,3.375,11.625],"texture":"#2"},"west":{"uv":[3.375,10.75,3.75,11.625],"texture":"#2"},"up":{"uv":[11.5,1.875,11.125,1.5],"texture":"#2"},"down":{"uv":[11.5,6.75,11.125,7.125],"texture":"#2"}}},{"from":[-6,4,-1],"to":[-3,11,2],"rotation":{"angle":0,"axis":"y","origin":[8,0,8]},"faces":{"north":{"uv":[10.75,7.625,11.125,8.5],"texture":"#2"},"east":{"uv":[10.875,1.875,11.25,2.75],"texture":"#2"},"south":{"uv":[10.875,2.75,11.25,3.625],"texture":"#2"},"west":{"uv":[10.875,3.625,11.25,4.5],"texture":"#2"},"up":{"uv":[11.5,8.25,11.125,7.875],"texture":"#2"},"down":{"uv":[8.625,11.125,8.25,11.5],"texture":"#2"}}},{"from":[-6,4,15],"to":[-3,11,18],"rotation":{"angle":0,"axis":"y","origin":[8,0,8]},"faces":{"north":{"uv":[3.75,10.75,4.125,11.625],"texture":"#2"},"east":{"uv":[4.125,10.75,4.5,11.625],"texture":"#2"},"south":{"uv":[4.5,10.75,4.875,11.625],"texture":"#2"},"west":{"uv":[10.75,6.75,11.125,7.625],"texture":"#2"},"up":{"uv":[11.5,7.5,11.125,7.125],"texture":"#2"},"down":{"uv":[11.5,7.5,11.125,7.875],"texture":"#2"}}},{"from":[16,-8,-1],"to":[21,-3,4],"rotation":{"angle":22.5,"axis":"z","origin":[8,0,8]},"faces":{"north":{"uv":[9.625,2.875,10.25,3.5],"texture":"#2"},"east":{"uv":[9.625,3.5,10.25,4.125],"texture":"#2"},"south":{"uv":[9.625,4.125,10.25,4.75],"texture":"#2"},"west":{"uv":[4.875,9.75,5.5,10.375],"texture":"#2"},"up":{"uv":[6.125,10.375,5.5,9.75],"texture":"#2"},"down":{"uv":[6.75,9.75,6.125,10.375],"texture":"#2"}}},{"from":[-5,-8.1,-1],"to":[0,-3.1,4],"rotation":{"angle":-22.5,"axis":"z","origin":[8,0,8]},"faces":{"north":{"uv":[10,9.25,10.625,9.875],"texture":"#2"},"east":{"uv":[10,9.875,10.625,10.5],"texture":"#2"},"south":{"uv":[10.125,2,10.75,2.625],"texture":"#2"},"west":{"uv":[10.25,2.625,10.875,3.25],"texture":"#2"},"up":{"uv":[10.875,3.875,10.25,3.25],"texture":"#2"},"down":{"uv":[10.875,3.875,10.25,4.5],"texture":"#2"}}},{"from":[-5,-8.1,13],"to":[0,-3.1,18],"rotation":{"angle":-22.5,"axis":"z","origin":[8,0,22]},"faces":{"north":{"uv":[10.5,1.25,11.125,1.875],"texture":"#2"},"east":{"uv":[8.375,10.5,9,11.125],"texture":"#2"},"south":{"uv":[9,10.5,9.625,11.125],"texture":"#2"},"west":{"uv":[9.625,10.5,10.25,11.125],"texture":"#2"},"up":{"uv":[10.875,11.125,10.25,10.5],"texture":"#2"},"down":{"uv":[11.25,9.25,10.625,9.875],"texture":"#2"}}},{"from":[16,-8,13],"to":[21,-3,18],"rotation":{"angle":22.5,"axis":"z","origin":[8,0,22]},"faces":{"north":{"uv":[10.25,4.5,10.875,5.125],"texture":"#2"},"east":{"uv":[4.875,10.375,5.5,11],"texture":"#2"},"south":{"uv":[5.5,10.375,6.125,11],"texture":"#2"},"west":{"uv":[6.125,10.375,6.75,11],"texture":"#2"},"up":{"uv":[11.125,0.625,10.5,0],"texture":"#2"},"down":{"uv":[11.125,0.625,10.5,1.25],"texture":"#2"}}}],"display":{"thirdperson_righthand":{"rotation":[40,40,0],"scale":[0.2,0.2,0.2]},"thirdperson_lefthand":{"rotation":[40,40,0],"scale":[0.2,0.2,0.2]},"firstperson_righthand":{"scale":[0.4,0.4,0.4]},"firstperson_lefthand":{"scale":[0.4,0.4,0.4]},"ground":{"scale":[0.3,0.3,0.3]},"gui":{"rotation":[27,-148,0],"translation":[0.5,0,0],"scale":[0.35,0.35,0.35]},"head":{"translation":[0,-21.25,0],"scale":[1.75,1.75,1.75]},"fixed":{"rotation":[-90,0,0],"translation":[0,0,-20.75],"scale":[2,2,2]}}}