{"textures​":{"layer0":"minecraft:item/silverfish_spawn_egg"},"credit":"Made with Blockbench","texture_size":[128,128],"\u0074\u0065\u0078\u0074\u0075\u0072\u0065\u0073":{"1":"\u0063\u0072\u0061\u0074\u0065\u0073_\u0065\u0078\u0070\u0061\u006e\u0073\u0069\u006f\u006e:\u0070\u0065\u0074_\u0063\u0072\u0061\u0074\u0065","\u0070\u0061\u0072\u0074\u0069\u0063\u006c\u0065":"\u0063\u0072\u0061\u0074\u0065\u0073_\u0065\u0078\u0070\u0061\u006e\u0073\u0069\u006f\u006e:\u0070\u0065\u0074_\u0063\u0072\u0061\u0074\u0065"},"elements":[{"from":[-2.2,-6.2,-0.2],"to":[18.2,7.2,17.2],"rotation":{"angle":0,"axis":"y","origin":[8,0,8]},"faces":{"north":{"uv":[8.25,4.25,10.75,5.875],"texture":"#1"},"east":{"uv":[10.25,9.125,12.375,10.75],"texture":"#1"},"south":{"uv":[8.25,5.875,10.75,7.5],"texture":"#1"},"west":{"uv":[7.5,10.625,9.625,12.25],"texture":"#1"},"up":{"uv":[5.25,9.75,2.75,7.625],"texture":"#1"},"down":{"uv":[2.5,8.125,0,10.25],"texture":"#1"}}},{"from":[-2,-6,0],"to":[18,7,17],"rotation":{"angle":0,"axis":"y","origin":[8,0,8]},"faces":{"north":{"uv":[8.25,7.5,10.75,9.125],"texture":"#1"},"east":{"uv":[10.75,0,12.875,1.625],"texture":"#1"},"south":{"uv":[5.25,8.5,7.75,10.125],"texture":"#1"},"west":{"uv":[10.75,1.625,12.875,3.25],"texture":"#1"},"up":{"uv":[10.75,2.125,8.25,0],"texture":"#1"},"down":{"uv":[10.75,2.125,8.25,4.25],"texture":"#1"}}},{"from":[-3,-11,-2],"to":[19,-6,19],"rotation":{"angle":0,"axis":"y","origin":[8,0,8]},"faces":{"north":{"uv":[10.75,7.75,13.5,8.375],"texture":"#1"},"east":{"uv":[2.5,11.625,5.125,12.25],"texture":"#1"},"south":{"uv":[10.75,8.375,13.5,9],"texture":"#1"},"west":{"uv":[11.75,10.75,14.375,11.375],"texture":"#1"},"up":{"uv":[5.75,2.625,3,0],"texture":"#1"},"down":{"uv":[5.75,2.625,3,5.25],"texture":"#1"}}},{"from":[-4,-13,-3],"to":[20,-11,20],"rotation":{"angle":0,"axis":"y","origin":[8,0,8]},"faces":{"north":{"uv":[7.5,12.25,10.5,12.5],"texture":"#1"},"east":{"uv":[12.375,9.25,15.25,9.5],"texture":"#1"},"south":{"uv":[12.375,9,15.375,9.25],"texture":"#1"},"west":{"uv":[12.375,9.5,15.25,9.75],"texture":"#1"},"up":{"uv":[3,2.875,0,0],"texture":"#1"},"down":{"uv":[3,2.875,0,5.75],"texture":"#1"}}},{"from":[5,4,-2],"to":[11,12,0],"rotation":{"angle":0,"axis":"y","origin":[8,-12,8]},"faces":{"north":{"uv":[3.75,12.25,4.5,13.25],"texture":"#1"},"east":{"uv":[2.75,5.75,3,6.75],"texture":"#1"},"south":{"uv":[10.5,12.25,11.25,13.25],"texture":"#1"},"west":{"uv":[2.5,8.125,2.75,9.125],"texture":"#1"},"up":{"uv":[2.125,12,1.375,11.75],"texture":"#1"},"down":{"uv":[2.125,12,1.375,12.25],"texture":"#1"}}},{"from":[-3,7,-1],"to":[19,10,18],"rotation":{"angle":0,"axis":"y","origin":[8,-12,8]},"faces":{"north":{"uv":[11.75,11.375,14.5,11.75],"texture":"#1"},"east":{"uv":[2.5,11.25,4.875,11.625],"texture":"#1"},"south":{"uv":[11.75,11.75,14.5,12.125],"texture":"#1"},"west":{"uv":[5.125,11.625,7.5,12],"texture":"#1"},"up":{"uv":[5.75,7.625,3,5.25],"texture":"#1"},"down":{"uv":[2.75,5.75,0,8.125],"texture":"#1"}}},{"from":[-2.2,7.6,-0.2],"to":[18.2,20,17.2],"rotation":{"angle":0,"axis":"y","origin":[8,-12,8]},"faces":{"north":{"uv":[5,10.125,7.5,11.625],"texture":"#1"},"east":{"uv":[10.75,6.25,12.875,7.75],"texture":"#1"},"south":{"uv":[0,10.25,2.5,11.75],"texture":"#1"},"west":{"uv":[9.625,10.75,11.75,12.25],"texture":"#1"},"up":{"uv":[8.25,6.375,5.75,4.25],"texture":"#1"},"down":{"uv":[8.25,6.375,5.75,8.5],"texture":"#1"}}},{"from":[-2,8,0],"to":[18,20,17],"rotation":{"angle":0,"axis":"y","origin":[8,-12,8]},"faces":{"north":{"uv":[7.75,9.125,10.25,10.625],"texture":"#1"},"east":{"uv":[10.75,3.25,12.875,4.75],"texture":"#1"},"south":{"uv":[2.5,9.75,5,11.25],"texture":"#1"},"west":{"uv":[10.75,4.75,12.875,6.25],"texture":"#1"},"up":{"uv":[8.25,2.125,5.75,0],"texture":"#1"},"down":{"uv":[8.25,2.125,5.75,4.25],"texture":"#1"}}},{"from":[6,20,7.4],"to":[10,25,9.4],"rotation":{"angle":0,"axis":"y","origin":[8,-12,8]},"faces":{"north":{"uv":[5.25,7.625,5.75,8.25],"texture":"#1"},"east":{"uv":[2.75,6.75,3,7.375],"texture":"#1"},"south":{"uv":[7.75,8.5,8.25,9.125],"texture":"#1"},"west":{"uv":[2.5,9.125,2.75,9.75],"texture":"#1"},"up":{"uv":[5.75,8.5,5.25,8.25],"texture":"#1"},"down":{"uv":[12.875,10.5,12.375,10.75],"texture":"#1"}}},{"from":[-5,21,8],"to":[6,26,11],"rotation":{"angle":-22.5,"axis":"z","origin":[8,23,8]},"faces":{"north":{"uv":[0,11.75,1.375,12.375],"rotation":180,"texture":"#1"},"east":{"uv":[4.875,12.625,5.25,13.25],"rotation":180,"texture":"#1"},"south":{"uv":[5.125,12,6.5,12.625],"rotation":180,"texture":"#1"},"west":{"uv":[0.75,12.375,1.125,13],"rotation":180,"texture":"#1"},"up":{"uv":[13.75,10.125,12.375,10.5],"rotation":180,"texture":"#1"},"down":{"uv":[13.75,10.125,12.375,9.75],"rotation":180,"texture":"#1"}}},{"from":[10,21,8],"to":[21,26,11],"rotation":{"angle":22.5,"axis":"z","origin":[8,23,8]},"faces":{"north":{"uv":[11.75,12.125,13.125,12.75],"texture":"#1"},"east":{"uv":[5.25,12.625,5.625,13.25],"texture":"#1"},"south":{"uv":[1.375,12.25,2.75,12.875],"texture":"#1"},"west":{"uv":[5.625,12.625,6,13.25],"texture":"#1"},"up":{"uv":[8.875,12.875,7.5,12.5],"texture":"#1"},"down":{"uv":[10.25,12.5,8.875,12.875],"texture":"#1"}}},{"from":[2.5,20,-5],"to":[6.5,23,8],"rotation":{"angle":22.5,"axis":"y","origin":[6.5,20,7]},"faces":{"north":{"uv":[2.5,12.25,2.125,11.75],"rotation":270,"texture":"#1"},"east":{"uv":[4.5,12.25,4.875,13.875],"rotation":90,"texture":"#1"},"south":{"uv":[6.375,12.625,6,13.125],"rotation":270,"texture":"#1"},"west":{"uv":[11.25,12.25,11.625,13.875],"rotation":270,"texture":"#1"},"up":{"uv":[6.5,12,7,13.625],"texture":"#1"},"down":{"uv":[7,12,7.5,13.625],"rotation":180,"texture":"#1"}}},{"from":[2.5,20,-5],"to":[5.5,23,-1],"rotation":{"angle":22.5,"axis":"y","origin":[6.5,20,7]},"faces":{"north":{"uv":[2.25,13.25,1.875,12.875],"rotation":270,"texture":"#1"},"east":{"uv":[11.625,12.75,12,13.25],"rotation":90,"texture":"#1"},"south":{"uv":[13.25,2,12.875,2.375],"rotation":270,"texture":"#1"},"west":{"uv":[12.375,12.75,12.75,13.25],"rotation":270,"texture":"#1"},"up":{"uv":[12,12.75,12.375,13.25],"texture":"#1"},"down":{"uv":[12.75,12.75,13.125,13.25],"rotation":180,"texture":"#1"}}},{"from":[9.5,20,-5],"to":[13.5,23,8],"rotation":{"angle":-22.5,"axis":"y","origin":[6.5,20,7]},"faces":{"north":{"uv":[2.5,12.25,2.125,11.75],"rotation":90,"texture":"#1"},"east":{"uv":[11.25,12.25,11.625,13.875],"rotation":90,"texture":"#1"},"south":{"uv":[6.375,12.625,6,13.125],"rotation":90,"texture":"#1"},"west":{"uv":[4.5,12.25,4.875,13.875],"rotation":270,"texture":"#1"},"up":{"uv":[7,12,7.5,13.625],"texture":"#1"},"down":{"uv":[6.5,12,7,13.625],"rotation":180,"texture":"#1"}}},{"from":[10.5,20,-5],"to":[13.5,23,-1],"rotation":{"angle":-22.5,"axis":"y","origin":[6.5,20,7]},"faces":{"north":{"uv":[2.25,13.25,1.875,12.875],"rotation":90,"texture":"#1"},"east":{"uv":[12.375,12.75,12.75,13.25],"rotation":90,"texture":"#1"},"south":{"uv":[13.25,2,12.875,2.375],"rotation":90,"texture":"#1"},"west":{"uv":[11.625,12.75,12,13.25],"rotation":270,"texture":"#1"},"up":{"uv":[12.75,12.75,13.125,13.25],"texture":"#1"},"down":{"uv":[12,12.75,12.375,13.25],"rotation":180,"texture":"#1"}}}],"display":{"thirdperson_righthand":{"rotation":[40,40,0],"scale":[0.2,0.2,0.2]},"thirdperson_lefthand":{"rotation":[40,40,0],"scale":[0.2,0.2,0.2]},"firstperson_righthand":{"scale":[0.4,0.4,0.4]},"firstperson_lefthand":{"scale":[0.4,0.4,0.4]},"ground":{"scale":[0.3,0.3,0.3]},"gui":{"rotation":[0,-145,0],"scale":[0.35,0.35,0.35]},"head":{"translation":[0,-6.25,0],"scale":[1.75,1.75,1.75]},"fixed":{"rotation":[-90,0,0],"translation":[0,0,-41.75],"scale":[2,2,2]}}}