{"textures​":{"layer0":"minecraft:item/blast_furnace"},"credit":"Made with Blockbench","texture_size":[128,128],"\u0074\u0065\u0078\u0074\u0075\u0072\u0065\u0073":{"2":"\u0063\u0072\u0061\u0074\u0065\u0073_\u0065\u0078\u0070\u0061\u006e\u0073\u0069\u006f\u006e:\u0072\u0061\u0072\u0065_\u0063\u0072\u0061\u0074\u0065","\u0070\u0061\u0072\u0074\u0069\u0063\u006c\u0065":"\u0063\u0072\u0061\u0074\u0065\u0073_\u0065\u0078\u0070\u0061\u006e\u0073\u0069\u006f\u006e:\u0072\u0061\u0072\u0065_\u0063\u0072\u0061\u0074\u0065"},"elements":[{"from":[-4,0,0],"to":[20,8,17],"rotation":{"angle":0,"axis":"y","origin":[8,0,8]},"faces":{"north":{"uv":[7.5,4.25,10.5,5.25],"texture":"#2"},"east":{"uv":[6,10.375,8.125,11.375],"texture":"#2"},"south":{"uv":[9,5.25,12,6.25],"texture":"#2"},"west":{"uv":[0,10.5,2.125,11.5],"texture":"#2"},"up":{"uv":[3,7.375,0,5.25],"texture":"#2"},"down":{"uv":[6,5.25,3,7.375],"texture":"#2"}}},{"from":[-4.1,-0.1,-0.1],"to":[20.1,8.1,17.1],"rotation":{"angle":0,"axis":"y","origin":[8,0,8]},"faces":{"north":{"uv":[9,8.25,12,9.25],"texture":"#2"},"east":{"uv":[10.5,2,12.625,3],"texture":"#2"},"south":{"uv":[9,9.25,12,10.25],"texture":"#2"},"west":{"uv":[2.125,10.5,4.25,11.5],"texture":"#2"},"up":{"uv":[6,9.5,3,7.375],"texture":"#2"},"down":{"uv":[9,7.375,6,9.5],"texture":"#2"}}},{"from":[-7,6,-2],"to":[23,9,19],"rotation":{"angle":0,"axis":"y","origin":[8,0,8]},"faces":{"north":{"uv":[11,10.25,14.75,10.625],"texture":"#2"},"east":{"uv":[8.125,11.125,10.75,11.5],"texture":"#2"},"south":{"uv":[11,10.625,14.75,11],"texture":"#2"},"west":{"uv":[10.75,11.375,13.375,11.75],"texture":"#2"},"up":{"uv":[3.75,2.625,0,0],"texture":"#2"},"down":{"uv":[3.75,2.625,0,5.25],"texture":"#2"}}},{"from":[4,8,0],"to":[12,13,2],"rotation":{"angle":-22.5,"axis":"x","origin":[8,0,8]},"faces":{"north":{"uv":[12,8.75,13,9.375],"texture":"#2"},"east":{"uv":[8.125,10.375,8.375,11],"texture":"#2"},"south":{"uv":[12,9.375,13,10],"texture":"#2"},"west":{"uv":[9.75,13.375,10,14],"texture":"#2"},"up":{"uv":[11.5,5.25,10.5,5],"texture":"#2"},"down":{"uv":[3.625,11.5,2.625,11.75],"texture":"#2"}}},{"from":[14,11,-1],"to":[18,21,3],"rotation":{"angle":-22.5,"axis":"z","origin":[8,0,8]},"faces":{"north":{"uv":[10.125,11.875,10.625,13.125],"texture":"#2"},"east":{"uv":[12,5,12.5,6.25],"texture":"#2"},"south":{"uv":[12,6.25,12.5,7.5],"texture":"#2"},"west":{"uv":[12,7.5,12.5,8.75],"texture":"#2"},"up":{"uv":[12.625,13.5,12.125,13],"texture":"#2"},"down":{"uv":[13.125,13,12.625,13.5],"texture":"#2"}}},{"from":[14,11,14.75],"to":[18,21,18.75],"rotation":{"angle":-22.5,"axis":"z","origin":[8,0,8]},"faces":{"north":{"uv":[2.5,12.125,3,13.375],"texture":"#2"},"east":{"uv":[3,12.125,3.5,13.375],"texture":"#2"},"south":{"uv":[3.5,12.125,4,13.375],"texture":"#2"},"west":{"uv":[4,12.125,4.5,13.375],"texture":"#2"},"up":{"uv":[10.625,13.625,10.125,13.125],"texture":"#2"},"down":{"uv":[13.625,11.75,13.125,12.25],"texture":"#2"}}},{"from":[13.9,20.9,-1.1],"to":[18.1,23.1,3.1],"rotation":{"angle":-22.5,"axis":"z","origin":[8,0,8]},"faces":{"north":{"uv":[3.625,11.5,4.125,11.75],"texture":"#2"},"east":{"uv":[11.5,5,12,5.25],"texture":"#2"},"south":{"uv":[12,10,12.5,10.25],"texture":"#2"},"west":{"uv":[12.5,10,13,10.25],"texture":"#2"},"up":{"uv":[13.625,0.5,13.125,0],"texture":"#2"},"down":{"uv":[13.625,0.5,13.125,1],"texture":"#2"}}},{"from":[14,17,3],"to":[18,21,14.75],"rotation":{"angle":-22.5,"axis":"z","origin":[8,0,8]},"faces":{"north":{"uv":[1,13.125,1.5,13.625],"texture":"#2"},"east":{"uv":[4.25,10.5,5.75,11],"texture":"#2"},"south":{"uv":[13.125,1,13.625,1.5],"texture":"#2"},"west":{"uv":[10.625,11.75,12.125,12.25],"texture":"#2"},"up":{"uv":[0.5,13.375,0,11.875],"texture":"#2"},"down":{"uv":[1,11.875,0.5,13.375],"texture":"#2"}}},{"from":[-2,11,14.75],"to":[2,21,18.75],"rotation":{"angle":22.5,"axis":"z","origin":[8,0,8]},"faces":{"north":{"uv":[6.5,12.125,7,13.375],"texture":"#2"},"east":{"uv":[7,12.125,7.5,13.375],"texture":"#2"},"south":{"uv":[12.125,11.75,12.625,13],"texture":"#2"},"west":{"uv":[10.625,12.25,11.125,13.5],"texture":"#2"},"up":{"uv":[13.875,2.5,13.375,2],"texture":"#2"},"down":{"uv":[3,13.375,2.5,13.875],"texture":"#2"}}},{"from":[-2,11,-1],"to":[2,21,3],"rotation":{"angle":22.5,"axis":"z","origin":[8,0,8]},"faces":{"north":{"uv":[4.5,12.125,5,13.375],"texture":"#2"},"east":{"uv":[5,12.125,5.5,13.375],"texture":"#2"},"south":{"uv":[5.5,12.125,6,13.375],"texture":"#2"},"west":{"uv":[6,12.125,6.5,13.375],"texture":"#2"},"up":{"uv":[1,13.875,0.5,13.375],"texture":"#2"},"down":{"uv":[13.875,1.5,13.375,2],"texture":"#2"}}},{"from":[-2,17,3],"to":[2,21,14.75],"rotation":{"angle":22.5,"axis":"z","origin":[8,0,8]},"faces":{"north":{"uv":[13.125,13.25,13.625,13.75],"texture":"#2"},"east":{"uv":[1,11.875,2.5,12.375],"texture":"#2"},"south":{"uv":[0,13.375,0.5,13.875],"texture":"#2"},"west":{"uv":[7.625,11.875,9.125,12.375],"texture":"#2"},"up":{"uv":[9.625,13.375,9.125,11.875],"texture":"#2"},"down":{"uv":[10.125,11.875,9.625,13.375],"texture":"#2"}}},{"from":[-2.1,20.9,-1.1],"to":[2.1,23.1,3.1],"rotation":{"angle":22.5,"axis":"z","origin":[8,0,8]},"faces":{"north":{"uv":[13.375,11.375,13.875,11.625],"texture":"#2"},"east":{"uv":[13.5,5,14,5.25],"texture":"#2"},"south":{"uv":[13.5,5.25,14,5.5],"texture":"#2"},"west":{"uv":[13.5,5.5,14,5.75],"texture":"#2"},"up":{"uv":[13.625,12.75,13.125,12.25],"texture":"#2"},"down":{"uv":[13.625,12.75,13.125,13.25],"texture":"#2"}}},{"from":[-2.1,20.9,14.9],"to":[2.1,23.1,19.1],"rotation":{"angle":22.5,"axis":"z","origin":[8,0,8]},"faces":{"north":{"uv":[13.5,6.75,14,7],"texture":"#2"},"east":{"uv":[13.5,7,14,7.25],"texture":"#2"},"south":{"uv":[13.5,7.25,14,7.5],"texture":"#2"},"west":{"uv":[13.5,7.5,14,7.75],"texture":"#2"},"up":{"uv":[13.875,3.5,13.375,3],"texture":"#2"},"down":{"uv":[4,13.375,3.5,13.875],"texture":"#2"}}},{"from":[13.9,20.9,14.9],"to":[18.1,23.1,19.1],"rotation":{"angle":-22.5,"axis":"z","origin":[8,0,8]},"faces":{"north":{"uv":[13.5,5.75,14,6],"texture":"#2"},"east":{"uv":[13.5,6,14,6.25],"texture":"#2"},"south":{"uv":[13.5,6.25,14,6.5],"texture":"#2"},"west":{"uv":[13.5,6.5,14,6.75],"texture":"#2"},"up":{"uv":[13.875,3,13.375,2.5],"texture":"#2"},"down":{"uv":[3.5,13.375,3,13.875],"texture":"#2"}}},{"from":[-3,15,5],"to":[19,18,12],"rotation":{"angle":0,"axis":"y","origin":[8,20,8]},"faces":{"north":{"uv":[2.625,11.75,5.125,12.125],"texture":"#2"},"east":{"uv":[4.25,11,5.125,11.375],"texture":"#2"},"south":{"uv":[5.125,11.75,7.625,12.125],"texture":"#2"},"west":{"uv":[5.125,11,6,11.375],"texture":"#2"},"up":{"uv":[8.5,10.375,6,9.5],"texture":"#2"},"down":{"uv":[11,10.25,8.5,11.125],"texture":"#2"}}},{"from":[5,20,7.3],"to":[7,28,9.3],"rotation":{"angle":22.5,"axis":"x","origin":[8,20,8]},"faces":{"north":{"uv":[1.5,13.125,1.75,14.125],"texture":"#2"},"east":{"uv":[13.125,1.5,13.375,2.5],"texture":"#2"},"south":{"uv":[1.75,13.125,2,14.125],"texture":"#2"},"west":{"uv":[2,13.125,2.25,14.125],"texture":"#2"},"up":{"uv":[11,11.375,10.75,11.125],"texture":"#2"},"down":{"uv":[9,13.125,8.75,13.375],"texture":"#2"}}},{"from":[7,26.1,7.6],"to":[9,28.1,9.6],"rotation":{"angle":22.5,"axis":"x","origin":[8,21,8]},"faces":{"north":{"uv":[13.5,9,13.75,9.25],"texture":"#2"},"east":{"uv":[13.5,9.25,13.75,9.5],"texture":"#2"},"south":{"uv":[13.5,9.5,13.75,9.75],"texture":"#2"},"west":{"uv":[13.5,9.75,13.75,10],"texture":"#2"},"up":{"uv":[13.75,10.25,13.5,10],"texture":"#2"},"down":{"uv":[10.875,13.5,10.625,13.75],"texture":"#2"}}},{"from":[9,20,7.3],"to":[11,28,9.3],"rotation":{"angle":22.5,"axis":"x","origin":[8,20,8]},"faces":{"north":{"uv":[2.25,13.125,2.5,14.125],"texture":"#2"},"east":{"uv":[13.125,2.5,13.375,3.5],"texture":"#2"},"south":{"uv":[13.125,3.5,13.375,4.5],"texture":"#2"},"west":{"uv":[7.5,13.125,7.75,14.125],"texture":"#2"},"up":{"uv":[13.75,8.75,13.5,8.5],"texture":"#2"},"down":{"uv":[13.75,8.75,13.5,9],"texture":"#2"}}},{"from":[7,18,7.3],"to":[9,21,9.3],"rotation":{"angle":0,"axis":"y","origin":[8,0,8]},"faces":{"north":{"uv":[5.75,10.5,6,10.875],"texture":"#2"},"east":{"uv":[12.625,4.625,12.875,5],"texture":"#2"},"south":{"uv":[13.5,7.75,13.75,8.125],"texture":"#2"},"west":{"uv":[13.5,8.125,13.75,8.5],"texture":"#2"},"up":{"uv":[11.125,13.75,10.875,13.5],"texture":"#2"},"down":{"uv":[11.375,13.5,11.125,13.75],"texture":"#2"}}},{"from":[-4,8,0],"to":[20,16,17],"rotation":{"angle":0,"axis":"y","origin":[8,0,8]},"faces":{"north":{"uv":[9,6.25,12,7.25],"texture":"#2"},"east":{"uv":[10.5,0,12.625,1],"texture":"#2"},"south":{"uv":[9,7.25,12,8.25],"texture":"#2"},"west":{"uv":[10.5,1,12.625,2],"texture":"#2"},"up":{"uv":[9,7.375,6,5.25],"texture":"#2"},"down":{"uv":[3,7.375,0,9.5],"texture":"#2"}}},{"from":[-4.1,7.9,-0.1],"to":[20.1,16.1,17.1],"rotation":{"angle":0,"axis":"y","origin":[8,0,8]},"faces":{"north":{"uv":[0,9.5,3,10.5],"texture":"#2"},"east":{"uv":[10.5,3,12.625,4],"texture":"#2"},"south":{"uv":[3,9.5,6,10.5],"texture":"#2"},"west":{"uv":[10.5,4,12.625,5],"texture":"#2"},"up":{"uv":[10.5,2.125,7.5,0],"texture":"#2"},"down":{"uv":[10.5,2.125,7.5,4.25],"texture":"#2"}}},{"from":[-7,-2,-2],"to":[23,1,19],"rotation":{"angle":0,"axis":"y","origin":[8,0,8]},"faces":{"north":{"uv":[11,11,14.75,11.375],"texture":"#2"},"east":{"uv":[0,11.5,2.625,11.875],"texture":"#2"},"south":{"uv":[4.25,11.375,8,11.75],"texture":"#2"},"west":{"uv":[8,11.5,10.625,11.875],"texture":"#2"},"up":{"uv":[7.5,2.625,3.75,0],"texture":"#2"},"down":{"uv":[7.5,2.625,3.75,5.25],"texture":"#2"}}},{"from":[16,-11,-1],"to":[20,-5,3],"rotation":{"angle":22.5,"axis":"z","origin":[8,0,8]},"faces":{"north":{"uv":[8.5,9.5,9,10.25],"texture":"#2"},"east":{"uv":[11.125,12.25,11.625,13],"texture":"#2"},"south":{"uv":[11.625,12.25,12.125,13],"texture":"#2"},"west":{"uv":[1,12.375,1.5,13.125],"texture":"#2"},"up":{"uv":[11.625,13.5,11.125,13],"texture":"#2"},"down":{"uv":[12.125,13,11.625,13.5],"texture":"#2"}}},{"from":[16,-11,14],"to":[20,-5,18],"rotation":{"angle":22.5,"axis":"z","origin":[8,0,8]},"faces":{"north":{"uv":[1.5,12.375,2,13.125],"texture":"#2"},"east":{"uv":[2,12.375,2.5,13.125],"texture":"#2"},"south":{"uv":[7.5,12.375,8,13.125],"texture":"#2"},"west":{"uv":[8,12.375,8.5,13.125],"texture":"#2"},"up":{"uv":[13.875,4,13.375,3.5],"texture":"#2"},"down":{"uv":[4.5,13.375,4,13.875],"texture":"#2"}}},{"from":[-4,-11,14],"to":[0,-5,18],"rotation":{"angle":-22.5,"axis":"z","origin":[8,0,8]},"faces":{"north":{"uv":[12.5,7.25,13,8],"texture":"#2"},"east":{"uv":[12.5,8,13,8.75],"texture":"#2"},"south":{"uv":[12.625,0,13.125,0.75],"texture":"#2"},"west":{"uv":[12.625,0.75,13.125,1.5],"texture":"#2"},"up":{"uv":[5.5,13.875,5,13.375],"texture":"#2"},"down":{"uv":[6,13.375,5.5,13.875],"texture":"#2"}}},{"from":[-4,-11,-1],"to":[0,-5,3],"rotation":{"angle":-22.5,"axis":"z","origin":[8,0,8]},"faces":{"north":{"uv":[8.5,12.375,9,13.125],"texture":"#2"},"east":{"uv":[12.5,5,13,5.75],"texture":"#2"},"south":{"uv":[12.5,5.75,13,6.5],"texture":"#2"},"west":{"uv":[12.5,6.5,13,7.25],"texture":"#2"},"up":{"uv":[13.875,4.5,13.375,4],"texture":"#2"},"down":{"uv":[5,13.375,4.5,13.875],"texture":"#2"}}},{"from":[18,1,-1],"to":[22,6,3],"rotation":{"angle":0,"axis":"y","origin":[8,0,8]},"faces":{"north":{"uv":[12.625,1.5,13.125,2.125],"texture":"#2"},"east":{"uv":[12.625,2.125,13.125,2.75],"texture":"#2"},"south":{"uv":[12.625,2.75,13.125,3.375],"texture":"#2"},"west":{"uv":[12.625,3.375,13.125,4],"texture":"#2"},"up":{"uv":[8.25,13.625,7.75,13.125],"texture":"#2"},"down":{"uv":[8.75,13.125,8.25,13.625],"texture":"#2"}}},{"from":[18,1,14],"to":[22,6,18],"rotation":{"angle":0,"axis":"y","origin":[8,0,8]},"faces":{"north":{"uv":[12.625,4,13.125,4.625],"texture":"#2"},"east":{"uv":[12.625,11.75,13.125,12.375],"texture":"#2"},"south":{"uv":[12.625,12.375,13.125,13],"texture":"#2"},"west":{"uv":[13,4.625,13.5,5.25],"texture":"#2"},"up":{"uv":[6.5,13.875,6,13.375],"texture":"#2"},"down":{"uv":[7,13.375,6.5,13.875],"texture":"#2"}}},{"from":[-6,1,14],"to":[-2,6,18],"rotation":{"angle":0,"axis":"y","origin":[8,0,8]},"faces":{"north":{"uv":[13,7.75,13.5,8.375],"texture":"#2"},"east":{"uv":[13,8.375,13.5,9],"texture":"#2"},"south":{"uv":[13,9,13.5,9.625],"texture":"#2"},"west":{"uv":[13,9.625,13.5,10.25],"texture":"#2"},"up":{"uv":[9.75,13.875,9.25,13.375],"texture":"#2"},"down":{"uv":[14,4.5,13.5,5],"texture":"#2"}}},{"from":[-6,1,-1],"to":[-2,6,3],"rotation":{"angle":0,"axis":"y","origin":[8,0,8]},"faces":{"north":{"uv":[13,5.25,13.5,5.875],"texture":"#2"},"east":{"uv":[13,5.875,13.5,6.5],"texture":"#2"},"south":{"uv":[13,6.5,13.5,7.125],"texture":"#2"},"west":{"uv":[13,7.125,13.5,7.75],"texture":"#2"},"up":{"uv":[7.5,13.875,7,13.375],"texture":"#2"},"down":{"uv":[9.25,13.375,8.75,13.875],"texture":"#2"}}}],"display":{"thirdperson_righthand":{"rotation":[40,40,0],"scale":[0.2,0.2,0.2]},"thirdperson_lefthand":{"rotation":[40,40,0],"scale":[0.2,0.2,0.2]},"firstperson_righthand":{"scale":[0.4,0.4,0.4]},"firstperson_lefthand":{"scale":[0.4,0.4,0.4]},"ground":{"scale":[0.3,0.3,0.3]},"gui":{"rotation":[21,-145,0],"translation":[0.25,0,0],"scale":[0.35,0.35,0.35]},"head":{"translation":[0,-16.75,0],"scale":[1.75,1.75,1.75]},"fixed":{"rotation":[-90,0,0],"translation":[0,0,-25],"scale":[2,2,2]}}}