{"textures​":{"layer0":"minecraft:item/flowering_azalea_leaves"},"\u0074\u0065\u0078\u0074\u0075\u0072\u0065\u0073":{"1":"\u0062\u006c\u006f\u0063\u006b/\u0066\u0069\u0072\u0065_1","\u0070\u0061\u0072\u0074\u0069\u0063\u006c\u0065":"#1"},"elements":[{"from":[0.0,8.0,8.0],"to":[16.0,24.0,8.0],"faces":{"south":{"uv":[0.0,0.0,16.0,16.0],"tintindex":0,"rotation":0,"texture":"#1"},"north":{"uv":[0.0,0.0,16.0,16.0],"tintindex":0,"rotation":0,"texture":"#1"}}}],"display":{"gui":{"rotation":[-150.0,-45.0,180.0]}},"gui_light":"front"}