{"textures​":{"layer0":"minecraft:item/dark_oak_wall_hanging_sign"},"credit":"Made with Blockbench","texture_size":[32,32],"\u0074\u0065\u0078\u0074\u0075\u0072\u0065\u0073":{"1":"\u0068\u0061\u0074\u0073_\u0065\u0078\u0070\u0061\u006e\u0073\u0069\u006f\u006e:\u0061\u006d\u006f\u006e\u0067\u0075\u0073_\u0068\u0065\u0061\u0064","\u0070\u0061\u0072\u0074\u0069\u0063\u006c\u0065":"\u0068\u0061\u0074\u0073_\u0065\u0078\u0070\u0061\u006e\u0073\u0069\u006f\u006e:\u0061\u006d\u006f\u006e\u0067\u0075\u0073_\u0068\u0065\u0061\u0064"},"elements":[{"from":[3.5,0,3.5],"to":[12.5,9,10.5],"faces":{"north":{"uv":[0,0,4.5,4.5],"texture":"#1","tintindex":0},"east":{"uv":[4.5,0,8,4.5],"texture":"#1","tintindex":0},"south":{"uv":[0,4.5,4.5,9],"texture":"#1","tintindex":0},"west":{"uv":[4.5,4.5,8,9],"texture":"#1","tintindex":0},"up":{"uv":[12.5,3.5,8,0],"texture":"#1","tintindex":0},"down":{"uv":[12.5,3.5,8,7],"texture":"#1","tintindex":0}}},{"from":[4.5,3,2.5],"to":[11.5,8,3.5],"faces":{"north":{"uv":[3.5,9,7,11.5],"texture":"#1"},"east":{"uv":[6.5,11.5,7,14],"texture":"#1"},"south":{"uv":[7,9.5,10.5,12],"texture":"#1"},"west":{"uv":[3,12,3.5,14.5],"texture":"#1"},"up":{"uv":[6.5,12,3,11.5],"texture":"#1"},"down":{"uv":[15,7,11.5,7.5],"texture":"#1"}}},{"from":[4.5,1,10.5],"to":[11.5,6,13.5],"faces":{"north":{"uv":[8,7,11.5,9.5],"texture":"#1","tintindex":0},"east":{"uv":[0,11.5,1.5,14],"texture":"#1","tintindex":0},"south":{"uv":[0,9,3.5,11.5],"texture":"#1","tintindex":0},"west":{"uv":[1.5,11.5,3,14],"texture":"#1","tintindex":0},"up":{"uv":[14,11,10.5,9.5],"texture":"#1","tintindex":0},"down":{"uv":[14,11,10.5,12.5],"texture":"#1","tintindex":0}}}],"display":{"thirdperson_righthand":{"rotation":[40,40,0],"scale":[0.7,0.7,0.7]},"thirdperson_lefthand":{"rotation":[40,40,0],"scale":[0.7,0.7,0.7]},"firstperson_righthand":{"rotation":[0,122,0],"translation":[6.7,0,-7],"scale":[0.7,0.7,0.7]},"firstperson_lefthand":{"rotation":[0,122,0],"translation":[6.75,0,-7],"scale":[0.7,0.7,0.7]},"ground":{"scale":[0.7,0.7,0.6]},"gui":{"rotation":[38,-143,0],"translation":[0,3.25,0]},"head":{"translation":[0,10.25,1.75],"scale":[2.2,2.2,2.2]}},"gui_light":"front"}