{"textures​":{"2":"\u0068\u0061\u0074\u0073_\u0065\u0078\u0070\u0061\u006e\u0073\u0069\u006f\u006e:\u0062\u0061\u0073\u0065\u0062\u0061\u006c\u006c_\u0063\u0061\u0070","\u0070\u0061\u0072\u0074\u0069\u0063\u006c\u0065":"\u0068\u0061\u0074\u0073_\u0065\u0078\u0070\u0061\u006e\u0073\u0069\u006f\u006e:\u0062\u0061\u0073\u0065\u0062\u0061\u006c\u006c_\u0063\u0061\u0070"},"credit":"Made with Blockbench","texture_size":[32,32],"\u0074\u0065\u0078\u0074\u0075\u0072\u0065\u0073":{"2":"\u0068\u0061\u0074\u0073_\u0065\u0078\u0070\u0061\u006e\u0073\u0069\u006f\u006e:\u0062\u0061\u0073\u0065\u0062\u0061\u006c\u006c_\u0063\u0061\u0070","\u0070\u0061\u0072\u0074\u0069\u0063\u006c\u0065":"\u0068\u0061\u0074\u0073_\u0065\u0078\u0070\u0061\u006e\u0073\u0069\u006f\u006e:\u0062\u0061\u0073\u0065\u0062\u0061\u006c\u006c_\u0063\u0061\u0070"},"elements":[{"from":[6,1,1],"to":[10,1,7],"rotation":{"angle":0,"axis":"y","origin":[-1,0,1]},"faces":{"north":{"uv":[0,0,2,0],"texture":"#2"},"east":{"uv":[0,0,3,0],"texture":"#2"},"south":{"uv":[0,0,2,0],"texture":"#2"},"west":{"uv":[0,0,3,0],"texture":"#2"},"up":{"uv":[2,11,0,8],"texture":"#2","tintindex":0},"down":{"uv":[10,0,8,3],"texture":"#2","tintindex":0}}},{"from":[10,0.5,1],"to":[12,0.5,7],"rotation":{"angle":-22.5,"axis":"z","origin":[11,1,4]},"faces":{"north":{"uv":[0,0,1,0],"texture":"#2"},"east":{"uv":[0,0,3,0],"texture":"#2"},"south":{"uv":[0,0,1,0],"texture":"#2"},"west":{"uv":[0,0,3,0],"texture":"#2"},"up":{"uv":[3,11,2,8],"texture":"#2","tintindex":0},"down":{"uv":[4,8,3,11],"texture":"#2","tintindex":0}}},{"from":[4,0.5,1],"to":[6,0.5,7],"rotation":{"angle":22.5,"axis":"z","origin":[5,1,4]},"faces":{"north":{"uv":[0,0,1,0],"texture":"#2"},"east":{"uv":[0,0,3,0],"texture":"#2"},"south":{"uv":[0,0,1,0],"texture":"#2"},"west":{"uv":[0,0,3,0],"texture":"#2"},"up":{"uv":[9,6,8,3],"texture":"#2","tintindex":0},"down":{"uv":[5,8,4,11],"texture":"#2","tintindex":0}}},{"from":[4,0,7],"to":[12,4,15],"rotation":{"angle":0,"axis":"y","origin":[-1,0,1]},"faces":{"north":{"uv":[4,0,8,2],"texture":"#2","tintindex":0},"east":{"uv":[4,2,8,4],"texture":"#2","tintindex":0},"south":{"uv":[4,4,8,6],"texture":"#2","tintindex":0},"west":{"uv":[4,6,8,8],"texture":"#2","tintindex":0},"up":{"uv":[4,4,0,0],"texture":"#2","tintindex":0},"down":{"uv":[4,4,0,8],"texture":"#2","tintindex":0}}},{"from":[7,4.25,10],"to":[9,4.25,12],"rotation":{"angle":0,"axis":"y","origin":[-1,0,1]},"faces":{"north":{"uv":[0,0,1,0],"texture":"#2"},"east":{"uv":[0,0,1,0],"texture":"#2"},"south":{"uv":[0,0,1,0],"texture":"#2"},"west":{"uv":[0,0,1,0],"texture":"#2"},"up":{"uv":[6,9,5,8],"texture":"#2","tintindex":0},"down":{"uv":[7,8,6,9],"texture":"#2","tintindex":0}}}],"display":{"thirdperson_righthand":{"rotation":[40,40,0],"translation":[0,3.5,0],"scale":[0.5,0.5,0.5]},"thirdperson_lefthand":{"rotation":[40,40,0],"translation":[0,3.5,0],"scale":[0.5,0.5,0.5]},"firstperson_righthand":{"rotation":[0,117,0],"translation":[5.7,1.2,-7],"scale":[0.7,0.7,0.7]},"firstperson_lefthand":{"rotation":[0,117,0],"translation":[5.75,1.25,-7],"scale":[0.7,0.7,0.7]},"ground":{"scale":[0.6,0.6,0.6]},"gui":{"rotation":[38,-152,0],"translation":[1.25,4.25,0]},"head":{"rotation":[6,0,0],"translation":[0,16.5,-4.75],"scale":[1.95,1.95,1.95]}},"gui_light":"front"}