{"textures​":{"layer0":"minecraft:item/red_stained_glass_pane"},"credit":"Made with Blockbench","texture_size":[64,64],"\u0074\u0065\u0078\u0074\u0075\u0072\u0065\u0073":{"0":"\u0068\u0061\u0074\u0073_\u0065\u0078\u0070\u0061\u006e\u0073\u0069\u006f\u006e:\u0066\u0065\u0064\u006f\u0072\u0061","\u0070\u0061\u0072\u0074\u0069\u0063\u006c\u0065":"\u0068\u0061\u0074\u0073_\u0065\u0078\u0070\u0061\u006e\u0073\u0069\u006f\u006e:\u0066\u0065\u0064\u006f\u0072\u0061"},"elements":[{"from":[4,0,4],"to":[12,6,12],"faces":{"north":{"uv":[6.5,3.5,8.5,5],"texture":"#0"},"east":{"uv":[6.75,5,8.75,6.5],"texture":"#0"},"south":{"uv":[6.75,6.5,8.75,8],"texture":"#0"},"west":{"uv":[7,0,9,1.5],"texture":"#0"},"up":{"uv":[6.5,5.5,4.5,3.5],"texture":"#0"},"down":{"uv":[7,0,5,2],"texture":"#0"}}},{"from":[13,0.5,1],"to":[15.25,0.5,15],"rotation":{"angle":22.5,"axis":"z","origin":[14,0,8]},"faces":{"north":{"uv":[0,0,0.5,0],"texture":"#0"},"east":{"uv":[0,0,3.5,0],"texture":"#0"},"south":{"uv":[0,0,0.5,0],"texture":"#0"},"west":{"uv":[0,0,3.5,0],"texture":"#0"},"up":{"uv":[5,10.5,4.5,7],"texture":"#0"},"down":{"uv":[5.5,7,5,10.5],"texture":"#0"}}},{"from":[0.75,0.5,1],"to":[3,0.5,15],"rotation":{"angle":-22.5,"axis":"z","origin":[2,0,8]},"faces":{"north":{"uv":[0,0,0.5,0],"texture":"#0"},"east":{"uv":[0,0,3.5,0],"texture":"#0"},"south":{"uv":[0,0,0.5,0],"texture":"#0"},"west":{"uv":[0,0,3.5,0],"texture":"#0"},"up":{"uv":[6,10.5,5.5,7],"texture":"#0"},"down":{"uv":[6.5,7,6,10.5],"texture":"#0"}}},{"from":[3,0,1],"to":[13,0,15],"faces":{"north":{"uv":[0,0,2.5,0],"texture":"#0"},"east":{"uv":[0,0,3.5,0],"texture":"#0"},"south":{"uv":[0,0,2.5,0],"texture":"#0"},"west":{"uv":[0,0,3.5,0],"texture":"#0"},"up":{"uv":[2.5,3.5,0,0],"texture":"#0"},"down":{"uv":[5,0,2.5,3.5],"texture":"#0"}}},{"from":[3.5,0,3.5],"to":[12.5,6,12.5],"faces":{"north":{"uv":[5,2,7.25,3.5],"texture":"#0","tintindex":0},"east":{"uv":[4.5,5.5,6.75,7],"texture":"#0","tintindex":0},"south":{"uv":[0,5.75,2.25,7.25],"texture":"#0","tintindex":0},"west":{"uv":[2.25,5.75,4.5,7.25],"texture":"#0","tintindex":0},"up":{"uv":[2.25,5.75,0,3.5],"texture":"#0"},"down":{"uv":[4.5,3.5,2.25,5.75],"texture":"#0"}}}],"display":{"thirdperson_righthand":{"rotation":[40,40,0],"scale":[0.5,0.5,0.5]},"thirdperson_lefthand":{"rotation":[40,40,0],"scale":[0.5,0.5,0.5]},"firstperson_righthand":{"rotation":[0,128,0],"translation":[7.2,1.5,-6.5],"scale":[0.7,0.7,0.7]},"firstperson_lefthand":{"rotation":[0,128,0],"translation":[7.25,1.5,-6.5],"scale":[0.7,0.7,0.7]},"ground":{"translation":[0,2,0],"scale":[0.7,0.7,0.7]},"gui":{"rotation":[32,28,0],"translation":[0.25,4.25,0],"scale":[0.9,0.9,0.9]},"head":{"rotation":[4,0,0],"translation":[0.5,18.5,1],"scale":[2,2,2]}},"gui_light":"front"}