{"textures​":{"layer0":"minecraft:item/mossy_stone_brick_stairs"},"credit":"Made with Blockbench","texture_size":[64,64],"\u0074\u0065\u0078\u0074\u0075\u0072\u0065\u0073":{"2":"\u0068\u0061\u0074\u0073_\u0065\u0078\u0070\u0061\u006e\u0073\u0069\u006f\u006e:\u0075\u0066\u006f_\u0068\u0061\u0074","\u0070\u0061\u0072\u0074\u0069\u0063\u006c\u0065":"\u0068\u0061\u0074\u0073_\u0065\u0078\u0070\u0061\u006e\u0073\u0069\u006f\u006e:\u0075\u0066\u006f_\u0068\u0061\u0074"},"elements":[{"from":[1.5,0,1.5],"to":[14.5,4,14.5],"faces":{"north":{"uv":[6.5,5.5,9.75,6.5],"texture":"#2"},"east":{"uv":[6,6.5,9.25,7.5],"texture":"#2"},"south":{"uv":[6,7.5,9.25,8.5],"texture":"#2"},"west":{"uv":[2,8.25,5.25,9.25],"texture":"#2"},"up":{"uv":[3.25,3.25,0,0],"texture":"#2"},"down":{"uv":[3.25,3.25,0,6.5],"texture":"#2"}}},{"from":[4,4,4],"to":[12,11,12],"faces":{"north":{"uv":[2,6.5,4,8.25],"texture":"#2"},"east":{"uv":[6.5,2,8.5,3.75],"texture":"#2"},"south":{"uv":[6.5,3.75,8.5,5.5],"texture":"#2"},"west":{"uv":[4,6.5,6,8.25],"texture":"#2"},"up":{"uv":[2,8.5,0,6.5],"texture":"#2"},"down":{"uv":[8.5,0,6.5,2],"texture":"#2"}}},{"from":[5.5,2,5.5],"to":[10.5,7,10.5],"rotation":{"angle":0,"axis":"y","origin":[0,-2,0.5]},"faces":{"north":{"uv":[0,8.5,1.25,9.75],"texture":"#2"},"east":{"uv":[8.5,4,9.75,5.25],"texture":"#2"},"south":{"uv":[5.25,8.5,6.5,9.75],"texture":"#2"},"west":{"uv":[6.5,8.5,7.75,9.75],"texture":"#2"},"up":{"uv":[9,9.75,7.75,8.5],"texture":"#2"},"down":{"uv":[10.25,8.5,9,9.75],"texture":"#2"}}},{"from":[2,4,13],"to":[3,9,13],"faces":{"north":{"uv":[5,9.25,5.25,10.5],"texture":"#2"},"east":{"uv":[0,0,0,1.25],"texture":"#2"},"south":{"uv":[5.25,9.75,5.5,11],"texture":"#2"},"west":{"uv":[0,0,0,1.25],"texture":"#2"},"up":{"uv":[0.25,0,0,0],"texture":"#2"},"down":{"uv":[0.25,0,0,0],"texture":"#2"}}},{"from":[2,4,13],"to":[3,9,13],"faces":{"north":{"uv":[9.75,5.25,10,6.5],"texture":"#2","tintindex":0},"east":{"uv":[0,0,0,1.25],"texture":"#2"},"south":{"uv":[5.5,9.75,5.75,11],"texture":"#2","tintindex":0},"west":{"uv":[0,0,0,1.25],"texture":"#2"},"up":{"uv":[0.25,0,0,0],"texture":"#2"},"down":{"uv":[0.25,0,0,0],"texture":"#2"}}},{"from":[1.5,0,1.5],"to":[14.5,4,14.5],"faces":{"north":{"uv":[8.5,0,11.75,1],"texture":"#2","tintindex":0},"east":{"uv":[8.5,1,11.75,2],"texture":"#2","tintindex":0},"south":{"uv":[8.5,2,11.75,3],"texture":"#2","tintindex":0},"west":{"uv":[8.5,3,11.75,4],"texture":"#2","tintindex":0},"up":{"uv":[6.5,3.25,3.25,0],"texture":"#2"},"down":{"uv":[6.5,3.25,3.25,6.5],"texture":"#2","tintindex":0}}},{"from":[5,9.75,8.5],"to":[6,11.75,8.5],"rotation":{"angle":-22.5,"axis":"z","origin":[0,-2,0.5]},"faces":{"north":{"uv":[1.75,8.5,2,9],"texture":"#2","tintindex":0},"east":{"uv":[0,0,0,0.5],"texture":"#2"},"south":{"uv":[10,5.25,10.25,5.75],"texture":"#2","tintindex":0},"west":{"uv":[0,0,0,0.5],"texture":"#2"},"up":{"uv":[0.25,0,0,0],"texture":"#2"},"down":{"uv":[0.25,0,0,0],"texture":"#2"}}},{"from":[4.5,11.75,7.5],"to":[6.5,13.75,9.5],"rotation":{"angle":-22.5,"axis":"z","origin":[0,-2,0.5]},"faces":{"north":{"uv":[1.25,8.5,1.75,9],"texture":"#2","tintindex":0},"east":{"uv":[9.25,7.75,9.75,8.25],"texture":"#2","tintindex":0},"south":{"uv":[5.75,9.75,6.25,10.25],"texture":"#2","tintindex":0},"west":{"uv":[6.25,9.75,6.75,10.25],"texture":"#2","tintindex":0},"up":{"uv":[7.25,10.25,6.75,9.75],"texture":"#2","tintindex":0},"down":{"uv":[7.75,9.75,7.25,10.25],"texture":"#2","tintindex":0}}},{"from":[8.75,3.75,8.5],"to":[9.75,5.75,8.5],"rotation":{"angle":22.5,"axis":"z","origin":[0,-2,0.5]},"faces":{"north":{"uv":[10,5.75,10.25,6.25],"texture":"#2","tintindex":0},"east":{"uv":[0,0,0,0.5],"texture":"#2"},"south":{"uv":[10.25,5.25,10.5,5.75],"texture":"#2","tintindex":0},"west":{"uv":[0,0,0,0.5],"texture":"#2"},"up":{"uv":[0.25,0,0,0],"texture":"#2"},"down":{"uv":[0.25,0,0,0],"texture":"#2"}}},{"from":[8.25,5.75,7.5],"to":[10.25,7.75,9.5],"rotation":{"angle":22.5,"axis":"z","origin":[0,-2,0.5]},"faces":{"north":{"uv":[7.75,9.75,8.25,10.25],"texture":"#2","tintindex":0},"east":{"uv":[9.75,7.75,10.25,8.25],"texture":"#2","tintindex":0},"south":{"uv":[8.25,9.75,8.75,10.25],"texture":"#2","tintindex":0},"west":{"uv":[8.75,9.75,9.25,10.25],"texture":"#2","tintindex":0},"up":{"uv":[9.75,10.25,9.25,9.75],"texture":"#2","tintindex":0},"down":{"uv":[10.25,9.75,9.75,10.25],"texture":"#2","tintindex":0}}},{"from":[5.5,2,5.5],"to":[10.5,7,10.5],"rotation":{"angle":0,"axis":"y","origin":[0,-2,0.5]},"faces":{"north":{"uv":[1.25,9.25,2.5,10.5],"texture":"#2","tintindex":0},"east":{"uv":[2.5,9.25,3.75,10.5],"texture":"#2","tintindex":0},"south":{"uv":[3.75,9.25,5,10.5],"texture":"#2","tintindex":0},"west":{"uv":[9.25,6.5,10.5,7.75],"texture":"#2","tintindex":0},"up":{"uv":[1.25,11,0,9.75],"texture":"#2","tintindex":0},"down":{"uv":[11,4,9.75,5.25],"texture":"#2","tintindex":0}}}],"display":{"thirdperson_righthand":{"rotation":[40,40,0],"scale":[0.5,0.5,0.5]},"thirdperson_lefthand":{"rotation":[40,40,0],"scale":[0.5,0.5,0.5]},"firstperson_righthand":{"rotation":[0,131,0],"translation":[7.25,1.25,-7],"scale":[0.6,0.6,0.6]},"firstperson_lefthand":{"rotation":[0,131,0],"translation":[7.25,1.25,-7],"scale":[0.6,0.6,0.6]},"ground":{"scale":[0.5,0.5,0.5]},"gui":{"rotation":[37,-146,0],"translation":[0.25,2.75,0],"scale":[0.75,0.75,0.75]},"head":{"rotation":[8,0,0],"translation":[0,17.75,1.5],"scale":[1.85,1.85,1.85]}},"gui_light":"front"}