{"model":{"type":"range_dispatch","property":"custom_model_data","index":0,"fallback":{"type":"minecraft:model","model":"minecraft:item/potion","tints":[{"type":"minecraft:potion","default":-13083194}]},"entries":[{"threshold":1700001,"model":{"type":"model","model":"nexusset:wings_cosmeticscore","tints":[{"type":"minecraft:potion","default":-13083194}]}},{"threshold":1700002,"model":{"type":"model","model":"nexusset:wings_cosmeticscore_self","tints":[{"type":"minecraft:potion","default":-13083194}]}},{"threshold":1700003,"model":{"type":"model","model":"nexusset:helmet","tints":[{"type":"minecraft:potion","default":-13083194}]}},{"threshold":1700004,"model":{"type":"model","model":"nexusset:wings_cosmeticscore_self_2","tints":[{"type":"minecraft:potion","default":-13083194}]}},{"threshold":1700005,"model":{"type":"model","model":"nexusset:wings_cosmeticscore_normal_2","tints":[{"type":"minecraft:potion","default":-13083194}]}},{"threshold":9926712,"model":{"type":"model","model":"plny_halloween_pumpkin_set:helmet","tints":[{"type":"minecraft:potion","default":-13083194}]}},{"threshold":9926713,"model":{"type":"model","model":"plny_halloween_pumpkin_set:wings_cosmetic","tints":[{"type":"minecraft:potion","default":-13083194}]}},{"threshold":9926714,"model":{"type":"model","model":"plny_halloween_pumpkin_set:wings_cosmetic_self","tints":[{"type":"minecraft:potion","default":-13083194}]}},{"threshold":9926715,"model":{"type":"model","model":"plny_halloween_pumpkin_set:wings_cosmetic_self_2","tints":[{"type":"minecraft:potion","default":-13083194}]}},{"threshold":9926716,"model":{"type":"model","model":"plny_halloween_pumpkin_set:wings_cosmetic_normal_2","tints":[{"type":"minecraft:potion","default":-13083194}]}},{"threshold":9926717,"model":{"type":"model","model":"item/potion","tints":[{"type":"minecraft:potion","default":-13083194}]}}]},"oversized_in_gui":true}