{"textures​":{"0":"\u006d\u006f\u0064\u0065\u006c\u0065\u006e\u0067\u0069\u006e\u0065:\u0065\u006e\u0074\u0069\u0074\u0079/\u0076\u0068_\u006d_\u006d\u0065\u0074\u0065\u006f\u0072","\u0070\u0061\u0072\u0074\u0069\u0063\u006c\u0065":"#0"},"\u0074\u0065\u0078\u0074\u0075\u0072\u0065\u0073":{"0":"\u006d\u006f\u0064\u0065\u006c\u0065\u006e\u0067\u0069\u006e\u0065:\u0065\u006e\u0074\u0069\u0074\u0079/\u0076\u0068_\u006d_\u006d\u0065\u0074\u0065\u006f\u0072","\u0070\u0061\u0072\u0074\u0069\u0063\u006c\u0065":"#0"},"elements":[{"from":[13.0,13.0,13.0],"to":[3.0,3.0,3.0],"faces":{"east":{"uv":[2.0,14.0,4.0,16.0],"tintindex":0,"rotation":0,"texture":"#0"},"south":{"uv":[14.0,2.0,16.0,4.0],"tintindex":0,"rotation":0,"texture":"#0"},"north":{"uv":[14.0,0.0,16.0,2.0],"tintindex":0,"rotation":0,"texture":"#0"},"west":{"uv":[4.0,14.0,6.0,16.0],"tintindex":0,"rotation":0,"texture":"#0"},"up":{"uv":[16.0,6.0,14.0,4.0],"tintindex":0,"rotation":0,"texture":"#0"},"down":{"uv":[8.0,14.0,6.0,16.0],"tintindex":0,"rotation":0,"texture":"#0"}}}],"display":{"head":{"rotation":[0.0,0.0,0.0]},"firstperson_righthand":{"rotation":[0.0,0.0,0.0]},"thirdperson_lefthand":{"rotation":[0.0,0.0,0.0]},"firstperson_lefthand":{"rotation":[0.0,0.0,0.0]},"fixed":{"rotation":[0.0,0.0,0.0]},"ground":{"rotation":[0.0,0.0,0.0]},"thirdperson_righthand":{"rotation":[0.0,0.0,0.0]},"gui":{"rotation":[-150.0,-45.0,180.0]}},"gui_light":"front"}