{"credit":"Made with Blockbench","texture_size":[12,12],"textures":{"1":"demon_edgeset:animations/animation_2","2":"demon_edgeset:backpack","particle":"demon_edgeset:backpack"},"elements":[{"from":[5.5,-14,7],"to":[10.5,-10.5,10.5],"rotation":{"angle":0,"axis":"y","origin":[4,-14,12]},"faces":{"north":{"uv":[0,0,3.63636,2.54545],"texture":"#2","tintindex":0},"east":{"uv":[0,5.09091,2.54545,7.63636],"texture":"#2","tintindex":0},"south":{"uv":[0,2.54545,3.63636,5.09091],"texture":"#2","tintindex":0},"west":{"uv":[2.54545,5.09091,5.09091,7.63636],"texture":"#2","tintindex":0},"up":{"uv":[7.27273,2.54545,3.63636,0],"texture":"#2","tintindex":0},"down":{"uv":[7.27273,2.54545,3.63636,5.09091],"texture":"#2","tintindex":0}}},{"from":[6,-10.5,7],"to":[10,-7.5,10],"rotation":{"angle":0,"axis":"y","origin":[4,-14,12]},"faces":{"north":{"uv":[7.27273,2.18182,10.18182,4.36364],"texture":"#2","tintindex":0},"east":{"uv":[2.90909,7.63636,5.09091,9.81818],"texture":"#2","tintindex":0},"south":{"uv":[5.09091,7.27273,8,9.45455],"texture":"#2","tintindex":0},"west":{"uv":[8,7.27273,10.18182,9.45455],"texture":"#2","tintindex":0},"up":{"uv":[2.90909,9.81818,0,7.63636],"texture":"#2","tintindex":0}}},{"from":[5.875,-7.5,7.375],"to":[10.125,-7.25,10.25],"rotation":{"angle":0,"axis":"y","origin":[4,-14,12]},"faces":{"north":{"uv":[12.72727,6.90909,15.81818,7.09091],"texture":"#2","tintindex":0},"east":{"uv":[13.45455,8,15.54545,8.18182],"texture":"#2","tintindex":0},"south":{"uv":[12.72727,11.63636,15.81818,11.81818],"texture":"#2","tintindex":0},"west":{"uv":[13.45455,8.36364,15.54545,8.54545],"texture":"#2","tintindex":0},"up":{"uv":[8.18182,7.18182,5.09091,5.09091],"texture":"#2","tintindex":0},"down":{"uv":[10.36364,0,7.27273,2.09091],"texture":"#2","tintindex":0}}},{"from":[5.875,-8.375,10],"to":[10.125,-7.5,10.25],"rotation":{"angle":0,"axis":"y","origin":[4,-14,12]},"faces":{"north":{"uv":[10.18182,7.27273,13.27273,7.90909],"texture":"#2","tintindex":0},"east":{"uv":[14.54545,1.09091,14.72727,1.72727],"texture":"#2","tintindex":0},"south":{"uv":[10.18182,8,13.27273,8.63636],"texture":"#2","tintindex":0},"west":{"uv":[14.54545,1.81818,14.72727,2.45455],"texture":"#2","tintindex":0},"down":{"uv":[15.81818,12,12.72727,12.18182],"texture":"#2","tintindex":0}}},{"from":[6.25,-7.75,4.75],"to":[7,-7.5,7],"rotation":{"angle":0,"axis":"y","origin":[6,-7.75,7]},"faces":{"north":{"uv":[14.18182,13.45455,14.72727,13.63636],"texture":"#2","tintindex":0},"east":{"uv":[13.81818,2.54545,15.45455,2.72727],"texture":"#2","tintindex":0},"west":{"uv":[13.81818,6.54545,15.45455,6.72727],"texture":"#2","tintindex":0},"up":{"uv":[3.45455,13.63636,2.90909,12],"texture":"#2","tintindex":0},"down":{"uv":[12.54545,10.54545,12,12.18182],"texture":"#2","tintindex":0}}},{"from":[6.25,-12.25,4.75],"to":[7,-12,7],"rotation":{"angle":0,"axis":"y","origin":[6,-7.75,7]},"faces":{"north":{"uv":[2.18182,14.54545,2.72727,14.72727],"texture":"#2","tintindex":0},"east":{"uv":[12,13.81818,13.63636,14],"texture":"#2","tintindex":0},"west":{"uv":[13.81818,12.36364,15.45455,12.54545],"texture":"#2","tintindex":0},"up":{"uv":[12.90909,3.45455,12.36364,1.81818],"texture":"#2","tintindex":0},"down":{"uv":[9.27273,12.36364,8.72727,14],"texture":"#2","tintindex":0}}},{"from":[6.25,-12,4.75],"to":[7,-7.75,5],"rotation":{"angle":0,"axis":"y","origin":[6,-7.75,7]},"faces":{"north":{"uv":[9.45455,10.54545,10,13.63636],"texture":"#2","tintindex":0},"east":{"uv":[7.63636,12.72727,7.81818,15.81818],"texture":"#2","tintindex":0},"south":{"uv":[10.18182,10.54545,10.72727,13.63636],"texture":"#2","tintindex":0},"west":{"uv":[11.63636,12.72727,11.81818,15.81818],"texture":"#2","tintindex":0}}},{"from":[9,-7.75,4.75],"to":[9.75,-7.5,7],"rotation":{"angle":0,"axis":"y","origin":[10,-7.75,7]},"faces":{"north":{"uv":[14.72727,13.45455,14.18182,13.63636],"texture":"#2","tintindex":0},"east":{"uv":[15.45455,6.54545,13.81818,6.72727],"texture":"#2","tintindex":0},"west":{"uv":[15.45455,2.54545,13.81818,2.72727],"texture":"#2","tintindex":0},"up":{"uv":[2.90909,13.63636,3.45455,12],"texture":"#2","tintindex":0},"down":{"uv":[12,10.54545,12.54545,12.18182],"texture":"#2","tintindex":0}}},{"from":[9,-12.25,4.75],"to":[9.75,-12,7],"rotation":{"angle":0,"axis":"y","origin":[10,-7.75,7]},"faces":{"north":{"uv":[2.72727,14.54545,2.18182,14.72727],"texture":"#2","tintindex":0},"east":{"uv":[15.45455,12.36364,13.81818,12.54545],"texture":"#2","tintindex":0},"west":{"uv":[13.63636,13.81818,12,14],"texture":"#2","tintindex":0},"up":{"uv":[12.36364,3.45455,12.90909,1.81818],"texture":"#2","tintindex":0},"down":{"uv":[8.72727,12.36364,9.27273,14],"texture":"#2","tintindex":0}}},{"from":[9,-12,4.75],"to":[9.75,-7.75,5],"rotation":{"angle":0,"axis":"y","origin":[10,-7.75,7]},"faces":{"north":{"uv":[10,10.54545,9.45455,13.63636],"texture":"#2","tintindex":0},"east":{"uv":[11.81818,12.72727,11.63636,15.81818],"texture":"#2","tintindex":0},"south":{"uv":[10.72727,10.54545,10.18182,13.63636],"texture":"#2","tintindex":0},"west":{"uv":[7.81818,12.72727,7.63636,15.81818],"texture":"#2","tintindex":0}}},{"from":[4.5,-13.5,7.5],"to":[5.5,-12,9.5],"rotation":{"angle":0,"axis":"y","origin":[4,-14,4]},"faces":{"north":{"uv":[3.63636,12.72727,4.36364,13.81818],"texture":"#2","tintindex":0},"south":{"uv":[12.72727,3.63636,13.45455,4.72727],"texture":"#2","tintindex":0},"west":{"uv":[10.54545,0,12,1.09091],"texture":"#2","tintindex":0},"down":{"uv":[9.45455,10.90909,8.72727,12.36364],"texture":"#2","tintindex":0}}},{"from":[4.25,-12,7.375],"to":[5.5,-11.75,9.625],"rotation":{"angle":0,"axis":"y","origin":[4,-14,4]},"faces":{"north":{"uv":[14.18182,9.45455,15.09091,9.63636],"texture":"#2","tintindex":0},"south":{"uv":[14.18182,9.81818,15.09091,10],"texture":"#2","tintindex":0},"west":{"uv":[13.81818,12.72727,15.45455,12.90909],"texture":"#2","tintindex":0},"up":{"uv":[0.90909,12.54545,0,10.90909],"texture":"#2","tintindex":0},"down":{"uv":[2,10.90909,1.09091,12.54545],"texture":"#2","tintindex":0}}},{"from":[4.25,-12.625,7.375],"to":[4.5,-12,9.625],"rotation":{"angle":0,"axis":"y","origin":[4,-14,4]},"faces":{"north":{"uv":[14.54545,8.72727,14.72727,9.18182],"texture":"#2","tintindex":0},"east":{"uv":[12.72727,1.09091,14.36364,1.54545],"texture":"#2","tintindex":0},"south":{"uv":[9.45455,14.54545,9.63636,15],"texture":"#2","tintindex":0},"west":{"uv":[5.81818,12.72727,7.45455,13.18182],"texture":"#2","tintindex":0},"down":{"uv":[7.45455,13.45455,7.27273,15.09091],"texture":"#2","tintindex":0}}},{"from":[4.125,-12.75,8.25],"to":[4.5,-12.25,8.75],"rotation":{"angle":0,"axis":"y","origin":[4.5,-13.5,9]},"faces":{"north":{"uv":[2.90909,14.54545,3.18182,14.90909],"texture":"#2","tintindex":0},"south":{"uv":[3.27273,14.54545,3.54545,14.90909],"texture":"#2","tintindex":0},"west":{"uv":[12.36364,3.63636,12.72727,4],"texture":"#2","tintindex":0},"up":{"uv":[3.90909,14.90909,3.63636,14.54545],"texture":"#2","tintindex":0},"down":{"uv":[4.27273,14.54545,4,14.90909],"texture":"#2","tintindex":0}}},{"from":[10.5,-13.5,7.5],"to":[11.5,-12,9.5],"rotation":{"angle":0,"axis":"y","origin":[12,-14,4]},"faces":{"north":{"uv":[4.36364,12.72727,3.63636,13.81818],"texture":"#2","tintindex":0},"east":{"uv":[12,0,10.54545,1.09091],"texture":"#2","tintindex":0},"south":{"uv":[13.45455,3.63636,12.72727,4.72727],"texture":"#2","tintindex":0},"down":{"uv":[8.72727,10.90909,9.45455,12.36364],"texture":"#2","tintindex":0}}},{"from":[10.5,-12,7.375],"to":[11.75,-11.75,9.625],"rotation":{"angle":0,"axis":"y","origin":[12,-14,4]},"faces":{"north":{"uv":[15.09091,9.45455,14.18182,9.63636],"texture":"#2","tintindex":0},"east":{"uv":[15.45455,12.72727,13.81818,12.90909],"texture":"#2","tintindex":0},"south":{"uv":[15.09091,9.81818,14.18182,10],"texture":"#2","tintindex":0},"up":{"uv":[0,12.54545,0.90909,10.90909],"texture":"#2","tintindex":0},"down":{"uv":[1.09091,10.90909,2,12.54545],"texture":"#2","tintindex":0}}},{"from":[11.5,-12.625,7.375],"to":[11.75,-12,9.625],"rotation":{"angle":0,"axis":"y","origin":[12,-14,4]},"faces":{"north":{"uv":[14.72727,8.72727,14.54545,9.18182],"texture":"#2","tintindex":0},"east":{"uv":[7.45455,12.72727,5.81818,13.18182],"texture":"#2","tintindex":0},"south":{"uv":[9.63636,14.54545,9.45455,15],"texture":"#2","tintindex":0},"west":{"uv":[14.36364,1.09091,12.72727,1.54545],"texture":"#2","tintindex":0},"down":{"uv":[7.27273,13.45455,7.45455,15.09091],"texture":"#2","tintindex":0}}},{"from":[11.5,-12.75,8.25],"to":[11.875,-12.25,8.75],"rotation":{"angle":0,"axis":"y","origin":[11.5,-13.5,9]},"faces":{"north":{"uv":[3.18182,14.54545,2.90909,14.90909],"texture":"#2","tintindex":0},"east":{"uv":[12.72727,3.63636,12.36364,4],"texture":"#2","tintindex":0},"south":{"uv":[3.54545,14.54545,3.27273,14.90909],"texture":"#2","tintindex":0},"up":{"uv":[3.63636,14.90909,3.90909,14.54545],"texture":"#2","tintindex":0},"down":{"uv":[4,14.54545,4.27273,14.90909],"texture":"#2","tintindex":0}}},{"from":[6.5,-13.5,10.5],"to":[9.5,-12,11.5],"rotation":{"angle":0,"axis":"y","origin":[6.125,-12.3125,10.61875]},"faces":{"east":{"uv":[4.36364,12.72727,5.09091,13.81818],"texture":"#2","tintindex":0},"south":{"uv":[9.45455,9.45455,11.63636,10.54545],"texture":"#2","tintindex":0},"west":{"uv":[12.72727,4.72727,13.45455,5.81818],"texture":"#2","tintindex":0},"down":{"uv":[12.36364,8.72727,10.18182,9.45455],"texture":"#2","tintindex":0}}},{"from":[6.375,-12,10.5],"to":[9.625,-11.75,11.75],"rotation":{"angle":0,"axis":"y","origin":[6.125,-12.3125,10.61875]},"faces":{"east":{"uv":[14.18182,10.18182,15.09091,10.36364],"texture":"#2","tintindex":0},"south":{"uv":[13.45455,5.09091,15.81818,5.27273],"texture":"#2","tintindex":0},"west":{"uv":[14.18182,10.54545,15.09091,10.72727],"texture":"#2","tintindex":0},"up":{"uv":[2.36364,10.72727,0,9.81818],"texture":"#2","tintindex":0},"down":{"uv":[4.90909,9.81818,2.54545,10.72727],"texture":"#2","tintindex":0}}},{"from":[6.375,-12.625,11.5],"to":[9.625,-12,11.75],"rotation":{"angle":0,"axis":"y","origin":[6.125,-12.3125,10.61875]},"faces":{"north":{"uv":[3.63636,10.90909,6,11.36364],"texture":"#2","tintindex":0},"east":{"uv":[9.81818,14.54545,10,15],"texture":"#2","tintindex":0},"south":{"uv":[6.18182,10.90909,8.54545,11.36364],"texture":"#2","tintindex":0},"west":{"uv":[10.18182,14.54545,10.36364,15],"texture":"#2","tintindex":0},"down":{"uv":[15.81818,5.45455,13.45455,5.63636],"texture":"#2","tintindex":0}}},{"from":[7.75,-12.75,11.5],"to":[8.25,-12.25,11.875],"rotation":{"angle":0,"axis":"y","origin":[6.125,-12.3125,10.61875]},"faces":{"east":{"uv":[4.36364,14.54545,4.63636,14.90909],"texture":"#2","tintindex":0},"south":{"uv":[12.36364,4,12.72727,4.36364],"texture":"#2","tintindex":0},"west":{"uv":[4.72727,14.54545,5,14.90909],"texture":"#2","tintindex":0},"up":{"uv":[6.18182,14.81818,5.81818,14.54545],"texture":"#2","tintindex":0},"down":{"uv":[14.90909,5.81818,14.54545,6.09091],"texture":"#2","tintindex":0}}},{"from":[6.625,-14,11.735],"to":[7.25,-12.625,11.75],"rotation":{"angle":0,"axis":"y","origin":[3.75,-14,3.985]},"faces":{"north":{"uv":[13.54545,5.81818,13.09091,6.81818],"texture":"#2","tintindex":0},"south":{"uv":[13.09091,5.81818,13.54545,6.81818],"texture":"#2","tintindex":0}}},{"from":[6.5,-10,10],"to":[9.5,-9,11],"rotation":{"angle":0,"axis":"y","origin":[6.5,-14,4]},"faces":{"south":{"uv":[10.54545,1.09091,12.72727,1.81818],"texture":"#2","tintindex":0},"up":{"uv":[12.72727,5.09091,10.54545,4.36364],"texture":"#2","tintindex":0},"down":{"uv":[12.72727,5.09091,10.54545,5.81818],"texture":"#2","tintindex":0}}},{"from":[9.5,-10.125,9.875],"to":[11,-8.875,11.125],"rotation":{"angle":0,"axis":"x","origin":[8,-13.5,4.5]},"faces":{"north":{"uv":[10.90909,10.54545,12,11.45455],"texture":"#2","tintindex":0},"east":{"uv":[12,5.81818,12.90909,6.72727],"texture":"#2","tintindex":0},"south":{"uv":[3.63636,11.63636,4.72727,12.54545],"texture":"#2","tintindex":0},"west":{"uv":[12,12.36364,12.90909,13.27273],"texture":"#2","tintindex":0},"up":{"uv":[5.81818,12.54545,4.72727,11.63636],"texture":"#2","tintindex":0},"down":{"uv":[6.90909,11.63636,5.81818,12.54545],"texture":"#2","tintindex":0}}},{"from":[5,-10.125,9.875],"to":[6.5,-8.875,11.125],"rotation":{"angle":0,"axis":"x","origin":[8,-13.5,4.5]},"faces":{"north":{"uv":[6.90909,11.63636,8,12.54545],"texture":"#2","tintindex":0},"east":{"uv":[0,12.72727,0.90909,13.63636],"texture":"#2","tintindex":0},"south":{"uv":[11.63636,9.45455,12.72727,10.36364],"texture":"#2","tintindex":0},"west":{"uv":[1.09091,12.72727,2,13.63636],"texture":"#2","tintindex":0},"up":{"uv":[12,12.54545,10.90909,11.63636],"texture":"#2","tintindex":0},"down":{"uv":[13.09091,0,12,0.90909],"texture":"#2","tintindex":0}}},{"from":[6.625,-10.125,10.125],"to":[7.25,-8.875,11.125],"rotation":{"angle":0,"axis":"y","origin":[3.75,-14,4]},"faces":{"east":{"uv":[12.72727,9.45455,13.45455,10.36364],"texture":"#2","tintindex":0},"south":{"uv":[6.54545,13.45455,7,14.36364],"texture":"#2","tintindex":0},"west":{"uv":[12.72727,10.54545,13.45455,11.45455],"texture":"#2","tintindex":0},"up":{"uv":[14.27273,2.54545,13.81818,1.81818],"texture":"#2","tintindex":0},"down":{"uv":[3.36364,13.81818,2.90909,14.54545],"texture":"#2","tintindex":0}}},{"from":[6.625,-8.5,7.625],"to":[7.25,-7.125,10.375],"rotation":{"angle":0,"axis":"y","origin":[3.75,-14,4]},"faces":{"east":{"uv":[10.18182,2.18182,12.18182,3.18182],"texture":"#2","tintindex":0},"south":{"uv":[13.09091,12.36364,13.54545,13.36364],"texture":"#2","tintindex":0},"west":{"uv":[10.18182,3.27273,12.18182,4.27273],"texture":"#2","tintindex":0},"up":{"uv":[8.45455,13.63636,8,11.63636],"texture":"#2","tintindex":0},"down":{"uv":[2.63636,12,2.18182,14],"texture":"#2","tintindex":0}}},{"from":[7.625,-7.25,7.875],"to":[8.375,-6,9.875],"rotation":{"angle":0,"axis":"z","origin":[8.5625,-6.875,9.21875]},"faces":{"north":{"uv":[13.09091,0,13.63636,0.90909],"texture":"#2","tintindex":0},"east":{"uv":[10.54545,5.81818,12,6.72727],"texture":"#2","tintindex":0},"south":{"uv":[13.09091,1.81818,13.63636,2.72727],"texture":"#2","tintindex":0},"west":{"uv":[2.18182,10.90909,3.63636,11.81818],"texture":"#2","tintindex":0},"up":{"uv":[5.63636,14.18182,5.09091,12.72727],"texture":"#2","tintindex":0}}},{"from":[6.625,-11.75,10],"to":[7.25,-10.375,10.625],"rotation":{"angle":0,"axis":"y","origin":[3.75,-14,4]},"faces":{"east":{"uv":[13.45455,2.90909,13.90909,3.90909],"texture":"#2","tintindex":0},"south":{"uv":[13.45455,4,13.90909,5],"texture":"#2","tintindex":0},"west":{"uv":[5.81818,13.45455,6.27273,14.45455],"texture":"#2","tintindex":0},"up":{"uv":[14.63636,4.81818,14.18182,4.36364],"texture":"#2","tintindex":0}}},{"from":[6.625,-10.375,10],"to":[7.25,-8.5,10.125],"rotation":{"angle":0,"axis":"y","origin":[3.75,-12.625,4]},"faces":{"east":{"uv":[13.09091,14.18182,13.18182,15.54545],"texture":"#2","tintindex":0},"south":{"uv":[10.90909,12.72727,11.36364,14.09091],"texture":"#2","tintindex":0},"west":{"uv":[13.45455,14.18182,13.54545,15.54545],"texture":"#2","tintindex":0}}},{"from":[6.6875,-6.875,8.125],"to":[9.3125,-6.375,9.5],"rotation":{"angle":0,"axis":"z","origin":[8,-6.625,9.21875]},"faces":{"north":{"uv":[12.36364,9.09091,14.27273,9.45455],"texture":"#2","tintindex":0},"east":{"uv":[10.54545,1.81818,11.54545,2.18182],"texture":"#2","tintindex":0},"west":{"uv":[13.81818,0.72727,14.81818,1.09091],"texture":"#2","tintindex":0}}},{"from":[6.5625,-6.375,8],"to":[9.4375,-6.125,9.75],"rotation":{"angle":0,"axis":"z","origin":[8,-6.625,9.21875]},"faces":{"north":{"uv":[12,13.45455,14.09091,13.63636],"texture":"#2","tintindex":0},"east":{"uv":[13.81818,13.09091,15.09091,13.27273],"texture":"#2","tintindex":0},"south":{"uv":[0,13.81818,2.09091,14],"texture":"#2","tintindex":0},"west":{"uv":[14.18182,2.90909,15.45455,3.09091],"texture":"#2","tintindex":0},"up":{"uv":[10.45455,5.63636,8.36364,4.36364],"texture":"#2","tintindex":0},"down":{"uv":[10.45455,5.81818,8.36364,7.09091],"texture":"#2","tintindex":0}}},{"from":[6.5625,-6.875,9.5],"to":[9.4375,-6.375,9.75],"rotation":{"angle":0,"axis":"z","origin":[8,-6.625,9.21875]},"faces":{"north":{"uv":[10.54545,6.90909,12.63636,7.27273],"texture":"#2","tintindex":0},"east":{"uv":[10.90909,14.54545,11.09091,14.90909],"texture":"#2","tintindex":0},"south":{"uv":[12.36364,8.72727,14.45455,9.09091],"texture":"#2","tintindex":0},"west":{"uv":[14.54545,10.90909,14.72727,11.27273],"texture":"#2","tintindex":0}}},{"from":[6.5625,-7.125,8],"to":[9.4375,-6.875,9.75],"rotation":{"angle":0,"axis":"z","origin":[8,-6.625,9.21875]},"faces":{"north":{"uv":[13.81818,0,15.90909,0.18182],"texture":"#2","tintindex":0},"east":{"uv":[14.18182,3.27273,15.45455,3.45455],"texture":"#2","tintindex":0},"south":{"uv":[13.81818,0.36364,15.90909,0.54545],"texture":"#2","tintindex":0},"west":{"uv":[14.18182,3.63636,15.45455,3.81818],"texture":"#2","tintindex":0},"up":{"uv":[7.18182,10.72727,5.09091,9.45455],"texture":"#2","tintindex":0},"down":{"uv":[9.36364,9.45455,7.27273,10.72727],"texture":"#2","tintindex":0}}},{"from":[6.5,-7.5,7.125],"to":[7.375,-7,7.625],"rotation":{"angle":0,"axis":"y","origin":[6.25,-7.375,7.125]},"faces":{"north":{"uv":[11.63636,1.81818,12.27273,2.18182],"texture":"#2","tintindex":0},"east":{"uv":[13.09091,2.90909,13.45455,3.27273],"texture":"#2","tintindex":0},"south":{"uv":[2.18182,14.18182,2.81818,14.54545],"texture":"#2","tintindex":0},"west":{"uv":[13.09091,3.27273,13.45455,3.63636],"texture":"#2","tintindex":0},"up":{"uv":[14.81818,4.36364,14.18182,4],"texture":"#2","tintindex":0}}},{"from":[8.75,-14,11.735],"to":[9.375,-12.625,11.75],"rotation":{"angle":0,"axis":"y","origin":[12.25,-14,3.985]},"faces":{"north":{"uv":[13.09091,5.81818,13.54545,6.81818],"texture":"#2","tintindex":0},"south":{"uv":[13.54545,5.81818,13.09091,6.81818],"texture":"#2","tintindex":0}}},{"from":[8.75,-11.75,10],"to":[9.375,-10.375,10.625],"rotation":{"angle":0,"axis":"y","origin":[12.25,-14,4]},"faces":{"east":{"uv":[6.27273,13.45455,5.81818,14.45455],"texture":"#2","tintindex":0},"south":{"uv":[13.90909,4,13.45455,5],"texture":"#2","tintindex":0},"west":{"uv":[13.90909,2.90909,13.45455,3.90909],"texture":"#2","tintindex":0},"up":{"uv":[14.18182,4.81818,14.63636,4.36364],"texture":"#2","tintindex":0}}},{"from":[8.75,-10.375,10],"to":[9.375,-8.5,10.125],"rotation":{"angle":0,"axis":"y","origin":[12.25,-12.625,4]},"faces":{"east":{"uv":[13.54545,14.18182,13.45455,15.54545],"texture":"#2","tintindex":0},"south":{"uv":[11.36364,12.72727,10.90909,14.09091],"texture":"#2","tintindex":0},"west":{"uv":[13.18182,14.18182,13.09091,15.54545],"texture":"#2","tintindex":0}}},{"from":[8.75,-8.5,7.625],"to":[9.375,-7.125,10.375],"rotation":{"angle":0,"axis":"y","origin":[12.25,-14,4]},"faces":{"east":{"uv":[12.18182,3.27273,10.18182,4.27273],"texture":"#2","tintindex":0},"south":{"uv":[13.54545,12.36364,13.09091,13.36364],"texture":"#2","tintindex":0},"west":{"uv":[12.18182,2.18182,10.18182,3.18182],"texture":"#2","tintindex":0},"up":{"uv":[8,13.63636,8.45455,11.63636],"texture":"#2","tintindex":0},"down":{"uv":[2.18182,12,2.63636,14],"texture":"#2","tintindex":0}}},{"from":[8.625,-7.5,7.125],"to":[9.5,-7,7.625],"rotation":{"angle":0,"axis":"y","origin":[9.75,-7.375,7.125]},"faces":{"north":{"uv":[12.27273,1.81818,11.63636,2.18182],"texture":"#2","tintindex":0},"east":{"uv":[13.45455,3.27273,13.09091,3.63636],"texture":"#2","tintindex":0},"south":{"uv":[2.81818,14.18182,2.18182,14.54545],"texture":"#2","tintindex":0},"west":{"uv":[13.45455,2.90909,13.09091,3.27273],"texture":"#2","tintindex":0},"up":{"uv":[14.18182,4.36364,14.81818,4],"texture":"#2","tintindex":0}}},{"from":[8.75,-10.125,10.125],"to":[9.375,-8.875,11.125],"rotation":{"angle":0,"axis":"y","origin":[12.25,-14,4]},"faces":{"east":{"uv":[13.45455,10.54545,12.72727,11.45455],"texture":"#2","tintindex":0},"south":{"uv":[7,13.45455,6.54545,14.36364],"texture":"#2","tintindex":0},"west":{"uv":[13.45455,9.45455,12.72727,10.36364],"texture":"#2","tintindex":0},"up":{"uv":[13.81818,2.54545,14.27273,1.81818],"texture":"#2","tintindex":0},"down":{"uv":[2.90909,13.81818,3.36364,14.54545],"texture":"#2","tintindex":0}}},{"from":[7.75,-8.625,10],"to":[8.25,-8.125,10.375],"rotation":{"angle":45,"axis":"z","origin":[8,-8.375,10.75]},"faces":{"north":{"uv":[10.90909,14.18182,11.27273,14.54545],"texture":"#2","tintindex":0},"east":{"uv":[6.18182,14.54545,6.45455,14.90909],"texture":"#2","tintindex":0},"south":{"uv":[14.18182,10.90909,14.54545,11.27273],"texture":"#2","tintindex":0},"west":{"uv":[14.54545,6.18182,14.81818,6.54545],"texture":"#2","tintindex":0},"up":{"uv":[6.90909,14.81818,6.54545,14.54545],"texture":"#2","tintindex":0},"down":{"uv":[7.27273,14.54545,6.90909,14.81818],"texture":"#2","tintindex":0}}},{"from":[4.54987,-8.77281,8.1875],"to":[5.79987,-8.14781,8.8125],"rotation":{"angle":22.5,"axis":"z","origin":[5.17487,-8.77281,8.5625]},"faces":{"north":{"uv":[7.27273,4.36364,8.18182,4.81818],"texture":"#2","tintindex":0},"south":{"uv":[13.45455,7.27273,14.36364,7.72727],"texture":"#2","tintindex":0},"up":{"uv":[13.90909,10.36364,13.45455,9.45455],"rotation":270,"texture":"#2","tintindex":0},"down":{"uv":[13.90909,10.54545,13.45455,11.45455],"rotation":90,"texture":"#2","tintindex":0}}},{"from":[4.54646,-9.12617,8.18725],"to":[5.17146,-8.12617,8.81275],"rotation":{"angle":-22.5,"axis":"z","origin":[5.17146,-7.62617,8.56275]},"faces":{"north":{"uv":[4.36364,13.81818,4.81818,14.54545],"texture":"#2","tintindex":0},"east":{"uv":[13.81818,5.81818,14.27273,6.54545],"texture":"#2","tintindex":0},"south":{"uv":[8,13.81818,8.45455,14.54545],"texture":"#2","tintindex":0},"west":{"uv":[3.63636,13.81818,4.09091,14.54545],"texture":"#2","tintindex":0},"up":{"uv":[5.54545,14.63636,5.09091,14.18182],"rotation":270,"texture":"#2","tintindex":0},"down":{"uv":[9.18182,14.18182,8.72727,14.63636],"rotation":90,"texture":"#2","tintindex":0}}},{"from":[4.45466,-8.10047,8.25616],"to":[4.94216,-7.54297,8.74385],"rotation":{"angle":0,"axis":"y","origin":[5.14216,-7.63797,8.54885]},"faces":{"north":{"uv":[14.18182,11.27273,14.54545,11.63636],"texture":"#2","tintindex":0},"east":{"uv":[12,14.18182,12.36364,14.54545],"texture":"#2","tintindex":0},"south":{"uv":[12.36364,14.18182,12.72727,14.54545],"texture":"#2","tintindex":0},"west":{"uv":[11.27273,14.18182,11.63636,14.54545],"texture":"#2","tintindex":0},"up":{"uv":[13.09091,14.54545,12.72727,14.18182],"rotation":270,"texture":"#2","tintindex":0}}},{"from":[4.37078,-7.6054,8.3098],"to":[4.75104,-7.07305,8.6902],"rotation":{"angle":22.5,"axis":"z","origin":[4.69841,-7.20172,8.5]},"faces":{"north":{"uv":[14.54545,7.63636,14.81818,8],"texture":"#2","tintindex":0},"east":{"uv":[8,14.54545,8.27273,14.90909],"texture":"#2","tintindex":0},"south":{"uv":[8.36364,14.54545,8.63636,14.90909],"texture":"#2","tintindex":0},"west":{"uv":[14.54545,7.27273,14.81818,7.63636],"texture":"#2","tintindex":0},"up":{"uv":[10.81818,14.81818,10.54545,14.54545],"rotation":270,"texture":"#2","tintindex":0}}},{"from":[4.21017,-7.19592,8.36496],"to":[4.48015,-6.81795,8.63505],"rotation":{"angle":45,"axis":"z","origin":[4.43266,-6.91943,8.5]},"faces":{"north":{"uv":[14.54545,11.27273,14.72727,11.54545],"texture":"#2","tintindex":0},"east":{"uv":[12,14.54545,12.18182,14.81818],"texture":"#2","tintindex":0},"south":{"uv":[12.36364,14.54545,12.54545,14.81818],"texture":"#2","tintindex":0},"west":{"uv":[11.27273,14.54545,11.45455,14.81818],"texture":"#2","tintindex":0},"up":{"uv":[12.90909,14.72727,12.72727,14.54545],"rotation":270,"texture":"#2","tintindex":0}}},{"from":[5.25,-8.75,8.125],"to":[6,-8,8.875],"rotation":{"angle":0,"axis":"y","origin":[5.5,-8.625,8.75]},"faces":{"north":{"uv":[10.18182,13.81818,10.72727,14.36364],"texture":"#2","tintindex":0},"east":{"uv":[13.81818,13.81818,14.36364,14.36364],"texture":"#2","tintindex":0},"south":{"uv":[0,14.18182,0.54545,14.72727],"texture":"#2","tintindex":0},"west":{"uv":[9.45455,13.81818,10,14.36364],"texture":"#2","tintindex":0},"up":{"uv":[1.27273,14.72727,0.72727,14.18182],"rotation":270,"texture":"#2","tintindex":0},"down":{"uv":[2,14.18182,1.45455,14.72727],"rotation":90,"texture":"#2","tintindex":0}}},{"from":[10.20014,-8.77281,8.1875],"to":[11.45014,-8.14781,8.8125],"rotation":{"angle":-22.5,"axis":"z","origin":[10.82514,-8.77281,8.5625]},"faces":{"north":{"uv":[8.18182,4.36364,7.27273,4.81818],"texture":"#2","tintindex":0},"south":{"uv":[14.36364,7.27273,13.45455,7.72727],"texture":"#2","tintindex":0},"up":{"uv":[13.90909,9.45455,13.45455,10.36364],"rotation":270,"texture":"#2","tintindex":0},"down":{"uv":[13.90909,11.45455,13.45455,10.54545],"rotation":90,"texture":"#2","tintindex":0}}},{"from":[10.82853,-9.12617,8.18725],"to":[11.45353,-8.12617,8.81275],"rotation":{"angle":22.5,"axis":"z","origin":[10.82853,-7.62617,8.56275]},"faces":{"north":{"uv":[4.81818,13.81818,4.36364,14.54545],"texture":"#2","tintindex":0},"east":{"uv":[4.09091,13.81818,3.63636,14.54545],"texture":"#2","tintindex":0},"south":{"uv":[8.45455,13.81818,8,14.54545],"texture":"#2","tintindex":0},"west":{"uv":[14.27273,5.81818,13.81818,6.54545],"texture":"#2","tintindex":0},"up":{"uv":[5.54545,14.18182,5.09091,14.63636],"rotation":270,"texture":"#2","tintindex":0},"down":{"uv":[9.18182,14.63636,8.72727,14.18182],"rotation":90,"texture":"#2","tintindex":0}}},{"from":[11.05784,-8.10047,8.25616],"to":[11.54534,-7.54297,8.74385],"rotation":{"angle":0,"axis":"y","origin":[10.85784,-7.63797,8.54885]},"faces":{"north":{"uv":[14.54545,11.27273,14.18182,11.63636],"texture":"#2","tintindex":0},"east":{"uv":[11.63636,14.18182,11.27273,14.54545],"texture":"#2","tintindex":0},"south":{"uv":[12.72727,14.18182,12.36364,14.54545],"texture":"#2","tintindex":0},"west":{"uv":[12.36364,14.18182,12,14.54545],"texture":"#2","tintindex":0},"up":{"uv":[13.09091,14.18182,12.72727,14.54545],"rotation":270,"texture":"#2","tintindex":0}}},{"from":[11.24897,-7.6054,8.3098],"to":[11.62922,-7.07305,8.6902],"rotation":{"angle":-22.5,"axis":"z","origin":[11.30159,-7.20172,8.5]},"faces":{"north":{"uv":[14.81818,7.63636,14.54545,8],"texture":"#2","tintindex":0},"east":{"uv":[14.81818,7.27273,14.54545,7.63636],"texture":"#2","tintindex":0},"south":{"uv":[8.63636,14.54545,8.36364,14.90909],"texture":"#2","tintindex":0},"west":{"uv":[8.27273,14.54545,8,14.90909],"texture":"#2","tintindex":0},"up":{"uv":[10.81818,14.54545,10.54545,14.81818],"rotation":270,"texture":"#2","tintindex":0}}},{"from":[11.51986,-7.19592,8.36496],"to":[11.78984,-6.81795,8.63505],"rotation":{"angle":-45,"axis":"z","origin":[11.56735,-6.91943,8.5]},"faces":{"north":{"uv":[14.72727,11.27273,14.54545,11.54545],"texture":"#2","tintindex":0},"east":{"uv":[11.45455,14.54545,11.27273,14.81818],"texture":"#2","tintindex":0},"south":{"uv":[12.54545,14.54545,12.36364,14.81818],"texture":"#2","tintindex":0},"west":{"uv":[12.18182,14.54545,12,14.81818],"texture":"#2","tintindex":0},"up":{"uv":[12.90909,14.54545,12.72727,14.72727],"rotation":270,"texture":"#2","tintindex":0}}},{"from":[10,-8.75,8.125],"to":[10.75,-8,8.875],"rotation":{"angle":0,"axis":"y","origin":[10.5,-8.625,8.75]},"faces":{"north":{"uv":[10.72727,13.81818,10.18182,14.36364],"texture":"#2","tintindex":0},"east":{"uv":[10,13.81818,9.45455,14.36364],"texture":"#2","tintindex":0},"south":{"uv":[0.54545,14.18182,0,14.72727],"texture":"#2","tintindex":0},"west":{"uv":[14.36364,13.81818,13.81818,14.36364],"texture":"#2","tintindex":0},"up":{"uv":[1.27273,14.18182,0.72727,14.72727],"rotation":270,"texture":"#2","tintindex":0},"down":{"uv":[2,14.72727,1.45455,14.18182],"rotation":90,"texture":"#2","tintindex":0}}},{"from":[5.5,-6.26969,8.87281],"to":[10.5,-3.7697,8.88781],"rotation":{"angle":0,"axis":"x","origin":[8,-6.26969,8.88031]},"faces":{"north":{"uv":[14.66667,1.33333,1.33333,8],"texture":"#1","tintindex":0},"south":{"uv":[1.33333,1.33333,14.66667,8],"texture":"#1","tintindex":0}}},{"from":[5.37142,-5.49332,6.375],"to":[7.87142,-5.47831,11.375],"rotation":{"angle":-45,"axis":"z","origin":[6.62142,-5.48581,8.875]},"faces":{"up":{"uv":[1.33333,8,14.66667,14.66667],"rotation":90,"texture":"#1","tintindex":0},"down":{"uv":[14.66667,8,1.33333,14.66667],"rotation":90,"texture":"#1","tintindex":0}}},{"from":[8.12858,-5.49332,6.375],"to":[10.62858,-5.47831,11.375],"rotation":{"angle":45,"axis":"z","origin":[9.37858,-5.48581,8.875]},"faces":{"up":{"uv":[1.33333,14.66667,14.66667,8],"rotation":90,"texture":"#1","tintindex":0},"down":{"uv":[14.66667,14.66667,1.33333,8],"rotation":90,"texture":"#1","tintindex":0}}}],"gui_light":"front","display":{"thirdperson_righthand":{"rotation":[-121.5,0,-180],"translation":[0,-1.25,-2.75],"scale":[0.7,0.7,0.7]},"thirdperson_lefthand":{"rotation":[68,0,0],"translation":[-5.5,-6.75,9]},"firstperson_righthand":{"rotation":[-18.5,0,0],"translation":[4.75,3.75,-5.5]},"firstperson_lefthand":{"rotation":[-18.5,0,0],"translation":[4.75,3.75,-5.5],"scale":[0,0,0]},"ground":{"rotation":[-45,0,0],"translation":[0,5,0],"scale":[0.7,0.7,0.7]},"gui":{"rotation":[0,-31,0],"translation":[0.5,36.25,0],"scale":[2,2,2]},"head":{"translation":[0,-49.75,6.5],"scale":[3.2,3.2,3.2]},"fixed":{"rotation":[-90,180,0],"translation":[0,0,-16.5],"scale":[2,2,2]}}}