{"credit":"Made with Blockbench","texture_size":[12,12],"textures":{"1":"demon_edgeset:animations/animation_2","2":"demon_edgeset:backpack","particle":"demon_edgeset:backpack"},"elements":[{"from":[3,0,6],"to":[13,7,13],"rotation":{"angle":0,"axis":"y","origin":[0,0,16]},"faces":{"north":{"uv":[0,0,3.63636,2.54545],"texture":"#2","tintindex":0},"east":{"uv":[0,5.09091,2.54545,7.63636],"texture":"#2","tintindex":0},"south":{"uv":[0,2.54545,3.63636,5.09091],"texture":"#2","tintindex":0},"west":{"uv":[2.54545,5.09091,5.09091,7.63636],"texture":"#2","tintindex":0},"up":{"uv":[7.27273,2.54545,3.63636,0],"texture":"#2","tintindex":0},"down":{"uv":[7.27273,2.54545,3.63636,5.09091],"texture":"#2","tintindex":0}}},{"from":[4,7,6],"to":[12,13,12],"rotation":{"angle":0,"axis":"y","origin":[0,0,16]},"faces":{"north":{"uv":[7.27273,2.18182,10.18182,4.36364],"texture":"#2","tintindex":0},"east":{"uv":[2.90909,7.63636,5.09091,9.81818],"texture":"#2","tintindex":0},"south":{"uv":[5.09091,7.27273,8,9.45455],"texture":"#2","tintindex":0},"west":{"uv":[8,7.27273,10.18182,9.45455],"texture":"#2","tintindex":0},"up":{"uv":[2.90909,9.81818,0,7.63636],"texture":"#2","tintindex":0}}},{"from":[3.75,13,6.75],"to":[12.25,13.5,12.5],"rotation":{"angle":0,"axis":"y","origin":[0,0,16]},"faces":{"north":{"uv":[12.72727,6.90909,15.81818,7.09091],"texture":"#2","tintindex":0},"east":{"uv":[13.45455,8,15.54545,8.18182],"texture":"#2","tintindex":0},"south":{"uv":[12.72727,11.63636,15.81818,11.81818],"texture":"#2","tintindex":0},"west":{"uv":[13.45455,8.36364,15.54545,8.54545],"texture":"#2","tintindex":0},"up":{"uv":[8.18182,7.18182,5.09091,5.09091],"texture":"#2","tintindex":0},"down":{"uv":[10.36364,0,7.27273,2.09091],"texture":"#2","tintindex":0}}},{"from":[3.75,11.25,12],"to":[12.25,13,12.5],"rotation":{"angle":0,"axis":"y","origin":[0,0,16]},"faces":{"north":{"uv":[10.18182,7.27273,13.27273,7.90909],"texture":"#2","tintindex":0},"east":{"uv":[14.54545,1.09091,14.72727,1.72727],"texture":"#2","tintindex":0},"south":{"uv":[10.18182,8,13.27273,8.63636],"texture":"#2","tintindex":0},"west":{"uv":[14.54545,1.81818,14.72727,2.45455],"texture":"#2","tintindex":0},"down":{"uv":[15.81818,12,12.72727,12.18182],"texture":"#2","tintindex":0}}},{"from":[4.5,12.5,1.5],"to":[6,13,6],"rotation":{"angle":0,"axis":"y","origin":[4,12.5,6]},"faces":{"north":{"uv":[14.18182,13.45455,14.72727,13.63636],"texture":"#2","tintindex":0},"east":{"uv":[13.81818,2.54545,15.45455,2.72727],"texture":"#2","tintindex":0},"west":{"uv":[13.81818,6.54545,15.45455,6.72727],"texture":"#2","tintindex":0},"up":{"uv":[3.45455,13.63636,2.90909,12],"texture":"#2","tintindex":0},"down":{"uv":[12.54545,10.54545,12,12.18182],"texture":"#2","tintindex":0}}},{"from":[4.5,3.5,1.5],"to":[6,4,6],"rotation":{"angle":0,"axis":"y","origin":[4,12.5,6]},"faces":{"north":{"uv":[2.18182,14.54545,2.72727,14.72727],"texture":"#2","tintindex":0},"east":{"uv":[12,13.81818,13.63636,14],"texture":"#2","tintindex":0},"west":{"uv":[13.81818,12.36364,15.45455,12.54545],"texture":"#2","tintindex":0},"up":{"uv":[12.90909,3.45455,12.36364,1.81818],"texture":"#2","tintindex":0},"down":{"uv":[9.27273,12.36364,8.72727,14],"texture":"#2","tintindex":0}}},{"from":[4.5,4,1.5],"to":[6,12.5,2],"rotation":{"angle":0,"axis":"y","origin":[4,12.5,6]},"faces":{"north":{"uv":[9.45455,10.54545,10,13.63636],"texture":"#2","tintindex":0},"east":{"uv":[7.63636,12.72727,7.81818,15.81818],"texture":"#2","tintindex":0},"south":{"uv":[10.18182,10.54545,10.72727,13.63636],"texture":"#2","tintindex":0},"west":{"uv":[11.63636,12.72727,11.81818,15.81818],"texture":"#2","tintindex":0}}},{"from":[10,12.5,1.5],"to":[11.5,13,6],"rotation":{"angle":0,"axis":"y","origin":[12,12.5,6]},"faces":{"north":{"uv":[14.72727,13.45455,14.18182,13.63636],"texture":"#2","tintindex":0},"east":{"uv":[15.45455,6.54545,13.81818,6.72727],"texture":"#2","tintindex":0},"west":{"uv":[15.45455,2.54545,13.81818,2.72727],"texture":"#2","tintindex":0},"up":{"uv":[2.90909,13.63636,3.45455,12],"texture":"#2","tintindex":0},"down":{"uv":[12,10.54545,12.54545,12.18182],"texture":"#2","tintindex":0}}},{"from":[10,3.5,1.5],"to":[11.5,4,6],"rotation":{"angle":0,"axis":"y","origin":[12,12.5,6]},"faces":{"north":{"uv":[2.72727,14.54545,2.18182,14.72727],"texture":"#2","tintindex":0},"east":{"uv":[15.45455,12.36364,13.81818,12.54545],"texture":"#2","tintindex":0},"west":{"uv":[13.63636,13.81818,12,14],"texture":"#2","tintindex":0},"up":{"uv":[12.36364,3.45455,12.90909,1.81818],"texture":"#2","tintindex":0},"down":{"uv":[8.72727,12.36364,9.27273,14],"texture":"#2","tintindex":0}}},{"from":[10,4,1.5],"to":[11.5,12.5,2],"rotation":{"angle":0,"axis":"y","origin":[12,12.5,6]},"faces":{"north":{"uv":[10,10.54545,9.45455,13.63636],"texture":"#2","tintindex":0},"east":{"uv":[11.81818,12.72727,11.63636,15.81818],"texture":"#2","tintindex":0},"south":{"uv":[10.72727,10.54545,10.18182,13.63636],"texture":"#2","tintindex":0},"west":{"uv":[7.81818,12.72727,7.63636,15.81818],"texture":"#2","tintindex":0}}},{"from":[1,1,7],"to":[3,4,11],"faces":{"north":{"uv":[3.63636,12.72727,4.36364,13.81818],"texture":"#2","tintindex":0},"south":{"uv":[12.72727,3.63636,13.45455,4.72727],"texture":"#2","tintindex":0},"west":{"uv":[10.54545,0,12,1.09091],"texture":"#2","tintindex":0},"down":{"uv":[9.45455,10.90909,8.72727,12.36364],"texture":"#2","tintindex":0}}},{"from":[0.5,4,6.75],"to":[3,4.5,11.25],"faces":{"north":{"uv":[14.18182,9.45455,15.09091,9.63636],"texture":"#2","tintindex":0},"south":{"uv":[14.18182,9.81818,15.09091,10],"texture":"#2","tintindex":0},"west":{"uv":[13.81818,12.72727,15.45455,12.90909],"texture":"#2","tintindex":0},"up":{"uv":[0.90909,12.54545,0,10.90909],"texture":"#2","tintindex":0},"down":{"uv":[2,10.90909,1.09091,12.54545],"texture":"#2","tintindex":0}}},{"from":[0.5,2.75,6.75],"to":[1,4,11.25],"faces":{"north":{"uv":[14.54545,8.72727,14.72727,9.18182],"texture":"#2","tintindex":0},"east":{"uv":[12.72727,1.09091,14.36364,1.54545],"texture":"#2","tintindex":0},"south":{"uv":[9.45455,14.54545,9.63636,15],"texture":"#2","tintindex":0},"west":{"uv":[5.81818,12.72727,7.45455,13.18182],"texture":"#2","tintindex":0},"down":{"uv":[7.45455,13.45455,7.27273,15.09091],"texture":"#2","tintindex":0}}},{"from":[0.25,2.5,8.5],"to":[1,3.5,9.5],"rotation":{"angle":0,"axis":"y","origin":[1,1,10]},"faces":{"north":{"uv":[2.90909,14.54545,3.18182,14.90909],"texture":"#2","tintindex":0},"south":{"uv":[3.27273,14.54545,3.54545,14.90909],"texture":"#2","tintindex":0},"west":{"uv":[12.36364,3.63636,12.72727,4],"texture":"#2","tintindex":0},"up":{"uv":[3.90909,14.90909,3.63636,14.54545],"texture":"#2","tintindex":0},"down":{"uv":[4.27273,14.54545,4,14.90909],"texture":"#2","tintindex":0}}},{"from":[13,1,7],"to":[15,4,11],"rotation":{"angle":0,"axis":"y","origin":[16,0,0]},"faces":{"north":{"uv":[4.36364,12.72727,3.63636,13.81818],"texture":"#2","tintindex":0},"east":{"uv":[12,0,10.54545,1.09091],"texture":"#2","tintindex":0},"south":{"uv":[13.45455,3.63636,12.72727,4.72727],"texture":"#2","tintindex":0},"down":{"uv":[8.72727,10.90909,9.45455,12.36364],"texture":"#2","tintindex":0}}},{"from":[13,4,6.75],"to":[15.5,4.5,11.25],"rotation":{"angle":0,"axis":"y","origin":[16,0,0]},"faces":{"north":{"uv":[15.09091,9.45455,14.18182,9.63636],"texture":"#2","tintindex":0},"east":{"uv":[15.45455,12.72727,13.81818,12.90909],"texture":"#2","tintindex":0},"south":{"uv":[15.09091,9.81818,14.18182,10],"texture":"#2","tintindex":0},"up":{"uv":[0,12.54545,0.90909,10.90909],"texture":"#2","tintindex":0},"down":{"uv":[1.09091,10.90909,2,12.54545],"texture":"#2","tintindex":0}}},{"from":[15,2.75,6.75],"to":[15.5,4,11.25],"rotation":{"angle":0,"axis":"y","origin":[16,0,0]},"faces":{"north":{"uv":[14.72727,8.72727,14.54545,9.18182],"texture":"#2","tintindex":0},"east":{"uv":[7.45455,12.72727,5.81818,13.18182],"texture":"#2","tintindex":0},"south":{"uv":[9.63636,14.54545,9.45455,15],"texture":"#2","tintindex":0},"west":{"uv":[14.36364,1.09091,12.72727,1.54545],"texture":"#2","tintindex":0},"down":{"uv":[7.27273,13.45455,7.45455,15.09091],"texture":"#2","tintindex":0}}},{"from":[15,2.5,8.5],"to":[15.75,3.5,9.5],"rotation":{"angle":0,"axis":"y","origin":[15,1,10]},"faces":{"north":{"uv":[3.18182,14.54545,2.90909,14.90909],"texture":"#2","tintindex":0},"east":{"uv":[12.72727,3.63636,12.36364,4],"texture":"#2","tintindex":0},"south":{"uv":[3.54545,14.54545,3.27273,14.90909],"texture":"#2","tintindex":0},"up":{"uv":[3.63636,14.90909,3.90909,14.54545],"texture":"#2","tintindex":0},"down":{"uv":[4,14.54545,4.27273,14.90909],"texture":"#2","tintindex":0}}},{"from":[5,1,13],"to":[11,4,15],"rotation":{"angle":0,"axis":"y","origin":[4.25,3.375,13.2375]},"faces":{"east":{"uv":[4.36364,12.72727,5.09091,13.81818],"texture":"#2","tintindex":0},"south":{"uv":[9.45455,9.45455,11.63636,10.54545],"texture":"#2","tintindex":0},"west":{"uv":[12.72727,4.72727,13.45455,5.81818],"texture":"#2","tintindex":0},"down":{"uv":[12.36364,8.72727,10.18182,9.45455],"texture":"#2","tintindex":0}}},{"from":[4.75,4,13],"to":[11.25,4.5,15.5],"rotation":{"angle":0,"axis":"y","origin":[4.25,3.375,13.2375]},"faces":{"east":{"uv":[14.18182,10.18182,15.09091,10.36364],"texture":"#2","tintindex":0},"south":{"uv":[13.45455,5.09091,15.81818,5.27273],"texture":"#2","tintindex":0},"west":{"uv":[14.18182,10.54545,15.09091,10.72727],"texture":"#2","tintindex":0},"up":{"uv":[2.36364,10.72727,0,9.81818],"texture":"#2","tintindex":0},"down":{"uv":[4.90909,9.81818,2.54545,10.72727],"texture":"#2","tintindex":0}}},{"from":[4.75,2.75,15],"to":[11.25,4,15.5],"rotation":{"angle":0,"axis":"y","origin":[4.25,3.375,13.2375]},"faces":{"north":{"uv":[3.63636,10.90909,6,11.36364],"texture":"#2","tintindex":0},"east":{"uv":[9.81818,14.54545,10,15],"texture":"#2","tintindex":0},"south":{"uv":[6.18182,10.90909,8.54545,11.36364],"texture":"#2","tintindex":0},"west":{"uv":[10.18182,14.54545,10.36364,15],"texture":"#2","tintindex":0},"down":{"uv":[15.81818,5.45455,13.45455,5.63636],"texture":"#2","tintindex":0}}},{"from":[7.5,2.5,15],"to":[8.5,3.5,15.75],"rotation":{"angle":0,"axis":"y","origin":[4.25,3.375,13.2375]},"faces":{"east":{"uv":[4.36364,14.54545,4.63636,14.90909],"texture":"#2","tintindex":0},"south":{"uv":[12.36364,4,12.72727,4.36364],"texture":"#2","tintindex":0},"west":{"uv":[4.72727,14.54545,5,14.90909],"texture":"#2","tintindex":0},"up":{"uv":[6.18182,14.81818,5.81818,14.54545],"texture":"#2","tintindex":0},"down":{"uv":[14.90909,5.81818,14.54545,6.09091],"texture":"#2","tintindex":0}}},{"from":[5.25,0,15.47],"to":[6.5,2.75,15.5],"rotation":{"angle":0,"axis":"y","origin":[-0.5,0,-0.03]},"faces":{"north":{"uv":[13.54545,5.81818,13.09091,6.81818],"texture":"#2","tintindex":0},"south":{"uv":[13.09091,5.81818,13.54545,6.81818],"texture":"#2","tintindex":0}}},{"from":[5,8,12],"to":[11,10,14],"rotation":{"angle":0,"axis":"y","origin":[5,0,0]},"faces":{"south":{"uv":[10.54545,1.09091,12.72727,1.81818],"texture":"#2","tintindex":0},"up":{"uv":[12.72727,5.09091,10.54545,4.36364],"texture":"#2","tintindex":0},"down":{"uv":[12.72727,5.09091,10.54545,5.81818],"texture":"#2","tintindex":0}}},{"from":[11,7.75,11.75],"to":[14,10.25,14.25],"rotation":{"angle":0,"axis":"x","origin":[8,1,1]},"faces":{"north":{"uv":[10.90909,10.54545,12,11.45455],"texture":"#2","tintindex":0},"east":{"uv":[12,5.81818,12.90909,6.72727],"texture":"#2","tintindex":0},"south":{"uv":[3.63636,11.63636,4.72727,12.54545],"texture":"#2","tintindex":0},"west":{"uv":[12,12.36364,12.90909,13.27273],"texture":"#2","tintindex":0},"up":{"uv":[5.81818,12.54545,4.72727,11.63636],"texture":"#2","tintindex":0},"down":{"uv":[6.90909,11.63636,5.81818,12.54545],"texture":"#2","tintindex":0}}},{"from":[2,7.75,11.75],"to":[5,10.25,14.25],"rotation":{"angle":0,"axis":"x","origin":[8,1,1]},"faces":{"north":{"uv":[6.90909,11.63636,8,12.54545],"texture":"#2","tintindex":0},"east":{"uv":[0,12.72727,0.90909,13.63636],"texture":"#2","tintindex":0},"south":{"uv":[11.63636,9.45455,12.72727,10.36364],"texture":"#2","tintindex":0},"west":{"uv":[1.09091,12.72727,2,13.63636],"texture":"#2","tintindex":0},"up":{"uv":[12,12.54545,10.90909,11.63636],"texture":"#2","tintindex":0},"down":{"uv":[13.09091,0,12,0.90909],"texture":"#2","tintindex":0}}},{"from":[5.25,7.75,12.25],"to":[6.5,10.25,14.25],"rotation":{"angle":0,"axis":"y","origin":[-0.5,0,0]},"faces":{"east":{"uv":[12.72727,9.45455,13.45455,10.36364],"texture":"#2","tintindex":0},"south":{"uv":[6.54545,13.45455,7,14.36364],"texture":"#2","tintindex":0},"west":{"uv":[12.72727,10.54545,13.45455,11.45455],"texture":"#2","tintindex":0},"up":{"uv":[14.27273,2.54545,13.81818,1.81818],"texture":"#2","tintindex":0},"down":{"uv":[3.36364,13.81818,2.90909,14.54545],"texture":"#2","tintindex":0}}},{"from":[5.25,11,7.25],"to":[6.5,13.75,12.75],"rotation":{"angle":0,"axis":"y","origin":[-0.5,0,0]},"faces":{"east":{"uv":[10.18182,2.18182,12.18182,3.18182],"texture":"#2","tintindex":0},"south":{"uv":[13.09091,12.36364,13.54545,13.36364],"texture":"#2","tintindex":0},"west":{"uv":[10.18182,3.27273,12.18182,4.27273],"texture":"#2","tintindex":0},"up":{"uv":[8.45455,13.63636,8,11.63636],"texture":"#2","tintindex":0},"down":{"uv":[2.63636,12,2.18182,14],"texture":"#2","tintindex":0}}},{"from":[7.25,13.5,7.75],"to":[8.75,16,11.75],"rotation":{"angle":0,"axis":"z","origin":[9.125,14.25,10.4375]},"faces":{"north":{"uv":[13.09091,0,13.63636,0.90909],"texture":"#2","tintindex":0},"east":{"uv":[10.54545,5.81818,12,6.72727],"texture":"#2","tintindex":0},"south":{"uv":[13.09091,1.81818,13.63636,2.72727],"texture":"#2","tintindex":0},"west":{"uv":[2.18182,10.90909,3.63636,11.81818],"texture":"#2","tintindex":0},"up":{"uv":[5.63636,14.18182,5.09091,12.72727],"texture":"#2","tintindex":0}}},{"from":[5.25,4.5,12],"to":[6.5,7.25,13.25],"rotation":{"angle":0,"axis":"y","origin":[-0.5,0,0]},"faces":{"east":{"uv":[13.45455,2.90909,13.90909,3.90909],"texture":"#2","tintindex":0},"south":{"uv":[13.45455,4,13.90909,5],"texture":"#2","tintindex":0},"west":{"uv":[5.81818,13.45455,6.27273,14.45455],"texture":"#2","tintindex":0},"up":{"uv":[14.63636,4.81818,14.18182,4.36364],"texture":"#2","tintindex":0}}},{"from":[5.25,7.25,12],"to":[6.5,11,12.25],"rotation":{"angle":0,"axis":"y","origin":[-0.5,2.75,0]},"faces":{"east":{"uv":[13.09091,14.18182,13.18182,15.54545],"texture":"#2","tintindex":0},"south":{"uv":[10.90909,12.72727,11.36364,14.09091],"texture":"#2","tintindex":0},"west":{"uv":[13.45455,14.18182,13.54545,15.54545],"texture":"#2","tintindex":0}}},{"from":[5.375,14.25,8.25],"to":[10.625,15.25,11],"rotation":{"angle":0,"axis":"z","origin":[8,14.75,10.4375]},"faces":{"north":{"uv":[12.36364,9.09091,14.27273,9.45455],"texture":"#2","tintindex":0},"east":{"uv":[10.54545,1.81818,11.54545,2.18182],"texture":"#2","tintindex":0},"west":{"uv":[13.81818,0.72727,14.81818,1.09091],"texture":"#2","tintindex":0}}},{"from":[5.125,15.25,8],"to":[10.875,15.75,11.5],"rotation":{"angle":0,"axis":"z","origin":[8,14.75,10.4375]},"faces":{"north":{"uv":[12,13.45455,14.09091,13.63636],"texture":"#2","tintindex":0},"east":{"uv":[13.81818,13.09091,15.09091,13.27273],"texture":"#2","tintindex":0},"south":{"uv":[0,13.81818,2.09091,14],"texture":"#2","tintindex":0},"west":{"uv":[14.18182,2.90909,15.45455,3.09091],"texture":"#2","tintindex":0},"up":{"uv":[10.45455,5.63636,8.36364,4.36364],"texture":"#2","tintindex":0},"down":{"uv":[10.45455,5.81818,8.36364,7.09091],"texture":"#2","tintindex":0}}},{"from":[5.125,14.25,11],"to":[10.875,15.25,11.5],"rotation":{"angle":0,"axis":"z","origin":[8,14.75,10.4375]},"faces":{"north":{"uv":[10.54545,6.90909,12.63636,7.27273],"texture":"#2","tintindex":0},"east":{"uv":[10.90909,14.54545,11.09091,14.90909],"texture":"#2","tintindex":0},"south":{"uv":[12.36364,8.72727,14.45455,9.09091],"texture":"#2","tintindex":0},"west":{"uv":[14.54545,10.90909,14.72727,11.27273],"texture":"#2","tintindex":0}}},{"from":[5.125,13.75,8],"to":[10.875,14.25,11.5],"rotation":{"angle":0,"axis":"z","origin":[8,14.75,10.4375]},"faces":{"north":{"uv":[13.81818,0,15.90909,0.18182],"texture":"#2","tintindex":0},"east":{"uv":[14.18182,3.27273,15.45455,3.45455],"texture":"#2","tintindex":0},"south":{"uv":[13.81818,0.36364,15.90909,0.54545],"texture":"#2","tintindex":0},"west":{"uv":[14.18182,3.63636,15.45455,3.81818],"texture":"#2","tintindex":0},"up":{"uv":[7.18182,10.72727,5.09091,9.45455],"texture":"#2","tintindex":0},"down":{"uv":[9.36364,9.45455,7.27273,10.72727],"texture":"#2","tintindex":0}}},{"from":[5,13,6.25],"to":[6.75,14,7.25],"rotation":{"angle":0,"axis":"y","origin":[4.5,13.25,6.25]},"faces":{"north":{"uv":[11.63636,1.81818,12.27273,2.18182],"texture":"#2","tintindex":0},"east":{"uv":[13.09091,2.90909,13.45455,3.27273],"texture":"#2","tintindex":0},"south":{"uv":[2.18182,14.18182,2.81818,14.54545],"texture":"#2","tintindex":0},"west":{"uv":[13.09091,3.27273,13.45455,3.63636],"texture":"#2","tintindex":0},"up":{"uv":[14.81818,4.36364,14.18182,4],"texture":"#2","tintindex":0}}},{"from":[9.5,0,15.47],"to":[10.75,2.75,15.5],"rotation":{"angle":0,"axis":"y","origin":[16.5,0,-0.03]},"faces":{"north":{"uv":[13.09091,5.81818,13.54545,6.81818],"texture":"#2","tintindex":0},"south":{"uv":[13.54545,5.81818,13.09091,6.81818],"texture":"#2","tintindex":0}}},{"from":[9.5,4.5,12],"to":[10.75,7.25,13.25],"rotation":{"angle":0,"axis":"y","origin":[16.5,0,0]},"faces":{"east":{"uv":[6.27273,13.45455,5.81818,14.45455],"texture":"#2","tintindex":0},"south":{"uv":[13.90909,4,13.45455,5],"texture":"#2","tintindex":0},"west":{"uv":[13.90909,2.90909,13.45455,3.90909],"texture":"#2","tintindex":0},"up":{"uv":[14.18182,4.81818,14.63636,4.36364],"texture":"#2","tintindex":0}}},{"from":[9.5,7.25,12],"to":[10.75,11,12.25],"rotation":{"angle":0,"axis":"y","origin":[16.5,2.75,0]},"faces":{"east":{"uv":[13.54545,14.18182,13.45455,15.54545],"texture":"#2","tintindex":0},"south":{"uv":[11.36364,12.72727,10.90909,14.09091],"texture":"#2","tintindex":0},"west":{"uv":[13.18182,14.18182,13.09091,15.54545],"texture":"#2","tintindex":0}}},{"from":[9.5,11,7.25],"to":[10.75,13.75,12.75],"rotation":{"angle":0,"axis":"y","origin":[16.5,0,0]},"faces":{"east":{"uv":[12.18182,3.27273,10.18182,4.27273],"texture":"#2","tintindex":0},"south":{"uv":[13.54545,12.36364,13.09091,13.36364],"texture":"#2","tintindex":0},"west":{"uv":[12.18182,2.18182,10.18182,3.18182],"texture":"#2","tintindex":0},"up":{"uv":[8,13.63636,8.45455,11.63636],"texture":"#2","tintindex":0},"down":{"uv":[2.18182,12,2.63636,14],"texture":"#2","tintindex":0}}},{"from":[9.25,13,6.25],"to":[11,14,7.25],"rotation":{"angle":0,"axis":"y","origin":[11.5,13.25,6.25]},"faces":{"north":{"uv":[12.27273,1.81818,11.63636,2.18182],"texture":"#2","tintindex":0},"east":{"uv":[13.45455,3.27273,13.09091,3.63636],"texture":"#2","tintindex":0},"south":{"uv":[2.81818,14.18182,2.18182,14.54545],"texture":"#2","tintindex":0},"west":{"uv":[13.45455,2.90909,13.09091,3.27273],"texture":"#2","tintindex":0},"up":{"uv":[14.18182,4.36364,14.81818,4],"texture":"#2","tintindex":0}}},{"from":[9.5,7.75,12.25],"to":[10.75,10.25,14.25],"rotation":{"angle":0,"axis":"y","origin":[16.5,0,0]},"faces":{"east":{"uv":[13.45455,10.54545,12.72727,11.45455],"texture":"#2","tintindex":0},"south":{"uv":[7,13.45455,6.54545,14.36364],"texture":"#2","tintindex":0},"west":{"uv":[13.45455,9.45455,12.72727,10.36364],"texture":"#2","tintindex":0},"up":{"uv":[13.81818,2.54545,14.27273,1.81818],"texture":"#2","tintindex":0},"down":{"uv":[2.90909,13.81818,3.36364,14.54545],"texture":"#2","tintindex":0}}},{"from":[7.5,10.75,12],"to":[8.5,11.75,12.75],"rotation":{"angle":45,"axis":"z","origin":[8,11.25,13.5]},"faces":{"north":{"uv":[10.90909,14.18182,11.27273,14.54545],"texture":"#2","tintindex":0},"east":{"uv":[6.18182,14.54545,6.45455,14.90909],"texture":"#2","tintindex":0},"south":{"uv":[14.18182,10.90909,14.54545,11.27273],"texture":"#2","tintindex":0},"west":{"uv":[14.54545,6.18182,14.81818,6.54545],"texture":"#2","tintindex":0},"up":{"uv":[6.90909,14.81818,6.54545,14.54545],"texture":"#2","tintindex":0},"down":{"uv":[7.27273,14.54545,6.90909,14.81818],"texture":"#2","tintindex":0}}},{"from":[1.09973,10.45437,8.375],"to":[3.59973,11.70437,9.625],"rotation":{"angle":22.5,"axis":"z","origin":[2.34973,10.45437,9.125]},"faces":{"north":{"uv":[7.27273,4.36364,8.18182,4.81818],"texture":"#2","tintindex":0},"south":{"uv":[13.45455,7.27273,14.36364,7.72727],"texture":"#2","tintindex":0},"up":{"uv":[13.90909,10.36364,13.45455,9.45455],"rotation":270,"texture":"#2","tintindex":0},"down":{"uv":[13.90909,10.54545,13.45455,11.45455],"rotation":90,"texture":"#2","tintindex":0}}},{"from":[1.09293,9.74765,8.3745],"to":[2.34293,11.74765,9.6255],"rotation":{"angle":-22.5,"axis":"z","origin":[2.34293,12.74765,9.1255]},"faces":{"north":{"uv":[4.36364,13.81818,4.81818,14.54545],"texture":"#2","tintindex":0},"east":{"uv":[13.81818,5.81818,14.27273,6.54545],"texture":"#2","tintindex":0},"south":{"uv":[8,13.81818,8.45455,14.54545],"texture":"#2","tintindex":0},"west":{"uv":[3.63636,13.81818,4.09091,14.54545],"texture":"#2","tintindex":0},"up":{"uv":[5.54545,14.63636,5.09091,14.18182],"rotation":270,"texture":"#2","tintindex":0},"down":{"uv":[9.18182,14.18182,8.72727,14.63636],"rotation":90,"texture":"#2","tintindex":0}}},{"from":[0.90932,11.79905,8.51231],"to":[1.88432,12.91405,9.4877],"rotation":{"angle":0,"axis":"y","origin":[2.28432,12.72405,9.0977]},"faces":{"north":{"uv":[14.18182,11.27273,14.54545,11.63636],"texture":"#2","tintindex":0},"east":{"uv":[12,14.18182,12.36364,14.54545],"texture":"#2","tintindex":0},"south":{"uv":[12.36364,14.18182,12.72727,14.54545],"texture":"#2","tintindex":0},"west":{"uv":[11.27273,14.18182,11.63636,14.54545],"texture":"#2","tintindex":0},"up":{"uv":[13.09091,14.54545,12.72727,14.18182],"rotation":270,"texture":"#2","tintindex":0}}},{"from":[0.74157,12.7892,8.6196],"to":[1.50207,13.8539,9.3804],"rotation":{"angle":22.5,"axis":"z","origin":[1.39682,13.59655,9]},"faces":{"north":{"uv":[14.54545,7.63636,14.81818,8],"texture":"#2","tintindex":0},"east":{"uv":[8,14.54545,8.27273,14.90909],"texture":"#2","tintindex":0},"south":{"uv":[8.36364,14.54545,8.63636,14.90909],"texture":"#2","tintindex":0},"west":{"uv":[14.54545,7.27273,14.81818,7.63636],"texture":"#2","tintindex":0},"up":{"uv":[10.81818,14.81818,10.54545,14.54545],"rotation":270,"texture":"#2","tintindex":0}}},{"from":[0.42033,13.60816,8.72991],"to":[0.96029,14.3641,9.27009],"rotation":{"angle":45,"axis":"z","origin":[0.86531,14.16113,9]},"faces":{"north":{"uv":[14.54545,11.27273,14.72727,11.54545],"texture":"#2","tintindex":0},"east":{"uv":[12,14.54545,12.18182,14.81818],"texture":"#2","tintindex":0},"south":{"uv":[12.36364,14.54545,12.54545,14.81818],"texture":"#2","tintindex":0},"west":{"uv":[11.27273,14.54545,11.45455,14.81818],"texture":"#2","tintindex":0},"up":{"uv":[12.90909,14.72727,12.72727,14.54545],"rotation":270,"texture":"#2","tintindex":0}}},{"from":[2.5,10.5,8.25],"to":[4,12,9.75],"rotation":{"angle":0,"axis":"y","origin":[3,10.75,9.5]},"faces":{"north":{"uv":[10.18182,13.81818,10.72727,14.36364],"texture":"#2","tintindex":0},"east":{"uv":[13.81818,13.81818,14.36364,14.36364],"texture":"#2","tintindex":0},"south":{"uv":[0,14.18182,0.54545,14.72727],"texture":"#2","tintindex":0},"west":{"uv":[9.45455,13.81818,10,14.36364],"texture":"#2","tintindex":0},"up":{"uv":[1.27273,14.72727,0.72727,14.18182],"rotation":270,"texture":"#2","tintindex":0},"down":{"uv":[2,14.18182,1.45455,14.72727],"rotation":90,"texture":"#2","tintindex":0}}},{"from":[12.40027,10.45437,8.375],"to":[14.90027,11.70437,9.625],"rotation":{"angle":-22.5,"axis":"z","origin":[13.65027,10.45437,9.125]},"faces":{"north":{"uv":[8.18182,4.36364,7.27273,4.81818],"texture":"#2","tintindex":0},"south":{"uv":[14.36364,7.27273,13.45455,7.72727],"texture":"#2","tintindex":0},"up":{"uv":[13.90909,9.45455,13.45455,10.36364],"rotation":270,"texture":"#2","tintindex":0},"down":{"uv":[13.90909,11.45455,13.45455,10.54545],"rotation":90,"texture":"#2","tintindex":0}}},{"from":[13.65707,9.74765,8.3745],"to":[14.90707,11.74765,9.6255],"rotation":{"angle":22.5,"axis":"z","origin":[13.65707,12.74765,9.1255]},"faces":{"north":{"uv":[4.81818,13.81818,4.36364,14.54545],"texture":"#2","tintindex":0},"east":{"uv":[4.09091,13.81818,3.63636,14.54545],"texture":"#2","tintindex":0},"south":{"uv":[8.45455,13.81818,8,14.54545],"texture":"#2","tintindex":0},"west":{"uv":[14.27273,5.81818,13.81818,6.54545],"texture":"#2","tintindex":0},"up":{"uv":[5.54545,14.18182,5.09091,14.63636],"rotation":270,"texture":"#2","tintindex":0},"down":{"uv":[9.18182,14.63636,8.72727,14.18182],"rotation":90,"texture":"#2","tintindex":0}}},{"from":[14.11568,11.79905,8.51231],"to":[15.09068,12.91405,9.4877],"rotation":{"angle":0,"axis":"y","origin":[13.71568,12.72405,9.0977]},"faces":{"north":{"uv":[14.54545,11.27273,14.18182,11.63636],"texture":"#2","tintindex":0},"east":{"uv":[11.63636,14.18182,11.27273,14.54545],"texture":"#2","tintindex":0},"south":{"uv":[12.72727,14.18182,12.36364,14.54545],"texture":"#2","tintindex":0},"west":{"uv":[12.36364,14.18182,12,14.54545],"texture":"#2","tintindex":0},"up":{"uv":[13.09091,14.18182,12.72727,14.54545],"rotation":270,"texture":"#2","tintindex":0}}},{"from":[14.49793,12.7892,8.6196],"to":[15.25843,13.8539,9.3804],"rotation":{"angle":-22.5,"axis":"z","origin":[14.60318,13.59655,9]},"faces":{"north":{"uv":[14.81818,7.63636,14.54545,8],"texture":"#2","tintindex":0},"east":{"uv":[14.81818,7.27273,14.54545,7.63636],"texture":"#2","tintindex":0},"south":{"uv":[8.63636,14.54545,8.36364,14.90909],"texture":"#2","tintindex":0},"west":{"uv":[8.27273,14.54545,8,14.90909],"texture":"#2","tintindex":0},"up":{"uv":[10.81818,14.54545,10.54545,14.81818],"rotation":270,"texture":"#2","tintindex":0}}},{"from":[15.03971,13.60816,8.72991],"to":[15.57967,14.3641,9.27009],"rotation":{"angle":-45,"axis":"z","origin":[15.13469,14.16113,9]},"faces":{"north":{"uv":[14.72727,11.27273,14.54545,11.54545],"texture":"#2","tintindex":0},"east":{"uv":[11.45455,14.54545,11.27273,14.81818],"texture":"#2","tintindex":0},"south":{"uv":[12.54545,14.54545,12.36364,14.81818],"texture":"#2","tintindex":0},"west":{"uv":[12.18182,14.54545,12,14.81818],"texture":"#2","tintindex":0},"up":{"uv":[12.90909,14.54545,12.72727,14.72727],"rotation":270,"texture":"#2","tintindex":0}}},{"from":[12,10.5,8.25],"to":[13.5,12,9.75],"rotation":{"angle":0,"axis":"y","origin":[13,10.75,9.5]},"faces":{"north":{"uv":[10.72727,13.81818,10.18182,14.36364],"texture":"#2","tintindex":0},"east":{"uv":[10,13.81818,9.45455,14.36364],"texture":"#2","tintindex":0},"south":{"uv":[0.54545,14.18182,0,14.72727],"texture":"#2","tintindex":0},"west":{"uv":[14.36364,13.81818,13.81818,14.36364],"texture":"#2","tintindex":0},"up":{"uv":[1.27273,14.18182,0.72727,14.72727],"rotation":270,"texture":"#2","tintindex":0},"down":{"uv":[2,14.72727,1.45455,14.18182],"rotation":90,"texture":"#2","tintindex":0}}},{"from":[3,15.46061,9.74561],"to":[13,20.46061,9.77561],"rotation":{"angle":0,"axis":"x","origin":[8,15.46061,9.76061]},"faces":{"north":{"uv":[14.66667,1.33333,1.33333,8],"texture":"#1","tintindex":0},"south":{"uv":[1.33333,1.33333,14.66667,8],"texture":"#1","tintindex":0}}},{"from":[2.74284,17.01337,4.75],"to":[7.74284,17.04337,14.75],"rotation":{"angle":-45,"axis":"z","origin":[5.24284,17.02837,9.75]},"faces":{"up":{"uv":[1.33333,8,14.66667,14.66667],"rotation":90,"texture":"#1","tintindex":0},"down":{"uv":[14.66667,8,1.33333,14.66667],"rotation":90,"texture":"#1","tintindex":0}}},{"from":[8.25716,17.01337,4.75],"to":[13.25716,17.04337,14.75],"rotation":{"angle":45,"axis":"z","origin":[10.75716,17.02837,9.75]},"faces":{"up":{"uv":[1.33333,14.66667,14.66667,8],"rotation":90,"texture":"#1","tintindex":0},"down":{"uv":[14.66667,14.66667,1.33333,8],"rotation":90,"texture":"#1","tintindex":0}}}],"gui_light":"front","display":{"thirdperson_righthand":{"rotation":[-121.5,0,-180],"translation":[0,-1.25,-2.75],"scale":[0.7,0.7,0.7]},"thirdperson_lefthand":{"rotation":[68,0,0],"translation":[-5.5,-6.75,9]},"firstperson_righthand":{"rotation":[-18.5,0,0],"translation":[4.75,3.75,-5.5]},"firstperson_lefthand":{"rotation":[-18.5,0,0],"translation":[4.75,3.75,-5.5],"scale":[0,0,0]},"ground":{"rotation":[-45,0,0],"translation":[0,5,0],"scale":[0.7,0.7,0.7]},"gui":{"rotation":[0,-31,0],"translation":[0.5,0,0]},"head":{"translation":[0,-61.25,6.5],"scale":[1.6,1.6,1.6]},"fixed":{"rotation":[-90,180,0],"translation":[0,0,-16.5],"scale":[2,2,2]}}}