{"credit":"Made with Blockbench","texture_size":[12,12],"textures":{"1":"demon_edgeset:animations/animation_2","2":"demon_edgeset:fishing_rod","particle":"demon_edgeset:fishing_rod"},"elements":[{"from":[7.25,1.75,7.25],"to":[8.75,2.25,8.75],"rotation":{"angle":45,"axis":"y","origin":[8,2.5,8]},"faces":{"north":{"uv":[14,8,15,8.33333],"texture":"#2"},"east":{"uv":[14,8.66667,15,9],"texture":"#2"},"south":{"uv":[9.33333,14,10.33333,14.33333],"texture":"#2"},"west":{"uv":[14,9.33333,15,9.66667],"texture":"#2"},"up":{"uv":[2.33333,11,1.33333,10],"texture":"#2"},"down":{"uv":[11,1.33333,10,2.33333],"texture":"#2"}}},{"from":[7.25,2.5,7.25],"to":[8.75,3,8.75],"rotation":{"angle":45,"axis":"y","origin":[8,2.25,8]},"faces":{"north":{"uv":[14,10,15,10.33333],"texture":"#2"},"east":{"uv":[10.66667,14,11.66667,14.33333],"texture":"#2"},"south":{"uv":[14,10.66667,15,11],"texture":"#2"},"west":{"uv":[12,14,13,14.33333],"texture":"#2"},"up":{"uv":[3.66667,11,2.66667,10],"texture":"#2"},"down":{"uv":[11,2.66667,10,3.66667],"texture":"#2"}}},{"from":[7.25,7.15,7.25],"to":[8.75,7.65,8.75],"rotation":{"angle":45,"axis":"y","origin":[8,6.9,8]},"faces":{"north":{"uv":[14,12,15,12.33333],"texture":"#2"},"east":{"uv":[13.33333,14,14.33333,14.33333],"texture":"#2"},"south":{"uv":[14,13.33333,15,13.66667],"texture":"#2"},"west":{"uv":[0,14.66667,1,15],"texture":"#2"},"up":{"uv":[5,11,4,10],"texture":"#2"},"down":{"uv":[11,4,10,5],"texture":"#2"}}},{"from":[7.25,6.4,7.25],"to":[8.75,6.9,8.75],"rotation":{"angle":45,"axis":"y","origin":[8,7.15,8]},"faces":{"north":{"uv":[14.66667,0,15.66667,0.33333],"texture":"#2"},"east":{"uv":[14.66667,0.66667,15.66667,1],"texture":"#2"},"south":{"uv":[1.33333,14.66667,2.33333,15],"texture":"#2"},"west":{"uv":[14.66667,1.33333,15.66667,1.66667],"texture":"#2"},"up":{"uv":[11,6.33333,10,5.33333],"texture":"#2"},"down":{"uv":[11,6.66667,10,7.66667],"texture":"#2"}}},{"from":[7.25,-0.15,7.7],"to":[8.75,1.45,9.3],"rotation":{"angle":-45,"axis":"x","origin":[7.5,0.15,8]},"faces":{"north":{"uv":[10,8,11,9],"texture":"#2"},"east":{"uv":[10,9.33333,11,10.33333],"texture":"#2"},"south":{"uv":[7.33333,10.66667,8.33333,11.66667],"texture":"#2"},"west":{"uv":[8.66667,10.66667,9.66667,11.66667],"texture":"#2"},"up":{"uv":[11,11.66667,10,10.66667],"texture":"#2"},"down":{"uv":[1,11.33333,0,12.33333],"texture":"#2"}}},{"from":[7,0.1,7.95],"to":[9,1.2,9.05],"rotation":{"angle":-45,"axis":"x","origin":[7.5,0.15,8]},"faces":{"north":{"uv":[11.33333,8,12.66667,8.66667],"texture":"#2"},"east":{"uv":[9.33333,8.66667,10,9.33333],"texture":"#2"},"south":{"uv":[11.33333,8.66667,12.66667,9.33333],"texture":"#2"},"west":{"uv":[6.66667,12.66667,7.33333,13.33333],"texture":"#2"},"up":{"uv":[12.66667,10,11.33333,9.33333],"texture":"#2"},"down":{"uv":[12.66667,10,11.33333,10.66667],"texture":"#2"}}},{"from":[7.25,7.45,7.7],"to":[8.75,10.05,10.3],"rotation":{"angle":-45,"axis":"x","origin":[7.5,7.75,8]},"faces":{"north":{"uv":[0,6.66667,1,8.33333],"texture":"#2"},"east":{"uv":[1.33333,0,3,1.66667],"texture":"#2"},"south":{"uv":[1.33333,6.66667,2.33333,8.33333],"texture":"#2"},"west":{"uv":[1.33333,2,3,3.66667],"texture":"#2"},"up":{"uv":[3.66667,8.33333,2.66667,6.66667],"texture":"#2"},"down":{"uv":[5,6.66667,4,8.33333],"texture":"#2"}}},{"from":[7,7.95,8.2],"to":[9,9.55,9.8],"rotation":{"angle":-45,"axis":"x","origin":[7.5,7.75,8]},"faces":{"north":{"uv":[1.33333,8.66667,2.66667,9.66667],"texture":"#2"},"east":{"uv":[11.33333,0,12.33333,1],"texture":"#2"},"south":{"uv":[2.66667,8.66667,4,9.66667],"texture":"#2"},"west":{"uv":[1.33333,11.33333,2.33333,12.33333],"texture":"#2"},"up":{"uv":[10,3.66667,8.66667,2.66667],"texture":"#2"},"down":{"uv":[5.33333,8.66667,4,9.66667],"texture":"#2"}}},{"from":[7.29289,0.75,8],"to":[8.29289,3.25,9],"rotation":{"angle":45,"axis":"y","origin":[7.29289,0.75,8]},"faces":{"north":{"uv":[5.33333,9.33333,6,11],"texture":"#2"},"east":{"uv":[6,9.33333,6.66667,11],"texture":"#2"},"south":{"uv":[6.66667,9.33333,7.33333,11],"texture":"#2"},"west":{"uv":[9.33333,6.66667,10,8.33333],"texture":"#2"},"up":{"uv":[13.33333,13.33333,12.66667,12.66667],"texture":"#2"},"down":{"uv":[3.33333,13.33333,2.66667,14],"texture":"#2"}}},{"from":[7.39289,3.25,8.1],"to":[8.19289,6.15,8.9],"rotation":{"angle":45,"axis":"y","origin":[7.29289,3.25,8]},"faces":{"north":{"uv":[11.33333,1.33333,11.83333,3.33333],"texture":"#2"},"east":{"uv":[2.66667,11.33333,3.16667,13.33333],"texture":"#2"},"south":{"uv":[3.33333,11.33333,3.83333,13.33333],"texture":"#2"},"west":{"uv":[11.33333,3.33333,11.83333,5.33333],"texture":"#2"}}},{"from":[7.29289,6.15,8],"to":[8.29289,8.15,9],"rotation":{"angle":45,"axis":"y","origin":[7.29289,0.65,8]},"faces":{"north":{"uv":[6.66667,11.33333,7.33333,12.66667],"texture":"#2"},"east":{"uv":[11.33333,10.66667,12,12],"texture":"#2"},"south":{"uv":[12,1.33333,12.66667,2.66667],"texture":"#2"},"west":{"uv":[12,2.66667,12.66667,4],"texture":"#2"},"up":{"uv":[4,14,3.33333,13.33333],"texture":"#2"},"down":{"uv":[4.66667,13.33333,4,14],"texture":"#2"}}},{"from":[8,8.45711,6],"to":[9,9.45711,10],"rotation":{"angle":45,"axis":"z","origin":[8,8.45711,3]},"faces":{"north":{"uv":[4.66667,13.33333,5.33333,14],"texture":"#2"},"east":{"uv":[4.66667,2.66667,7.33333,3.33333],"texture":"#2"},"south":{"uv":[5.33333,13.33333,6,14],"texture":"#2"},"west":{"uv":[4.66667,3.33333,7.33333,4],"texture":"#2"},"up":{"uv":[3.33333,6.66667,2.66667,4],"texture":"#2"},"down":{"uv":[5.33333,4,4.66667,6.66667],"texture":"#2"}}},{"from":[8,8.45711,3.6],"to":[9,9.45711,4.6],"rotation":{"angle":45,"axis":"z","origin":[8,8.45711,4.4]},"faces":{"north":{"uv":[13.33333,5.33333,14,6],"texture":"#2"},"east":{"uv":[6,13.33333,6.66667,14],"texture":"#2"},"south":{"uv":[6.66667,13.33333,7.33333,14],"texture":"#2"},"west":{"uv":[13.33333,6.66667,14,7.33333],"texture":"#2"},"up":{"uv":[8,14,7.33333,13.33333],"texture":"#2"},"down":{"uv":[14,7.33333,13.33333,8],"texture":"#2"}}},{"from":[8.2,8.65711,4.6],"to":[8.8,9.25711,6],"rotation":{"angle":45,"axis":"z","origin":[8,8.45711,4.4]},"faces":{"east":{"uv":[14.66667,2,15.66667,2.33333],"texture":"#2"},"west":{"uv":[14.66667,2.66667,15.66667,3],"texture":"#2"},"up":{"uv":[15,4.33333,14.66667,3.33333],"texture":"#2"},"down":{"uv":[4.33333,14.66667,4,15.66667],"texture":"#2"}}},{"from":[7.985,8.78921,2.1],"to":[8.015,9.53921,3.6],"rotation":{"angle":-45,"axis":"z","origin":[8,9.16421,2.85]},"faces":{"east":{"uv":[13.66667,12,12.66667,12.5],"texture":"#2"},"west":{"uv":[12.66667,12,13.66667,12.5],"texture":"#2"}}},{"from":[7.985,8.78921,2.1],"to":[8.015,9.53921,3.6],"rotation":{"angle":45,"axis":"z","origin":[8,9.16421,2.85]},"faces":{"east":{"uv":[13.66667,12,12.66667,12.5],"texture":"#2"},"west":{"uv":[12.66667,12,13.66667,12.5],"texture":"#2"}}},{"from":[7.625,9.20437,6.34973],"to":[8.375,10.45437,7.59973],"rotation":{"angle":-22.5,"axis":"x","origin":[7.875,9.20437,6.34973]},"faces":{"north":{"uv":[14,2,14.5,2.83333],"texture":"#2"},"east":{"uv":[7.33333,12,8.16667,12.83333],"texture":"#2"},"west":{"uv":[8.66667,12,9.5,12.83333],"texture":"#2"},"up":{"uv":[3.16667,14.83333,2.66667,14],"texture":"#2"}}},{"from":[7.625,9.20437,8.40027],"to":[8.375,10.45437,9.65027],"rotation":{"angle":22.5,"axis":"x","origin":[7.875,9.20437,9.65027]},"faces":{"east":{"uv":[10,12,10.83333,12.83333],"texture":"#2"},"south":{"uv":[3.33333,14,3.83333,14.83333],"texture":"#2"},"west":{"uv":[12,10.66667,12.83333,11.5],"texture":"#2"},"up":{"uv":[14.5,4.16667,14,3.33333],"texture":"#2"}}},{"from":[7.375,7.70437,5.09973],"to":[8.625,8.95437,7.59973],"rotation":{"angle":-22.5,"axis":"x","origin":[7.875,7.70437,6.34973]},"faces":{"east":{"uv":[6,1.33333,7.66667,2.16667],"texture":"#2"},"west":{"uv":[7.33333,0,9,0.83333],"texture":"#2"},"up":{"uv":[8.16667,4.33333,7.33333,2.66667],"texture":"#2"},"down":{"uv":[8.16667,4.66667,7.33333,6.33333],"texture":"#2"}}},{"from":[7.3745,6.99765,5.09293],"to":[8.6255,8.99765,6.34293],"rotation":{"angle":22.5,"axis":"x","origin":[7.8745,9.99765,6.34293]},"faces":{"north":{"uv":[7.33333,9.33333,8.16667,10.66667],"texture":"#2"},"east":{"uv":[8.66667,9.33333,9.5,10.66667],"texture":"#2"},"south":{"uv":[0,10,0.83333,11.33333],"texture":"#2"},"west":{"uv":[10,0,10.83333,1.33333],"texture":"#2"},"up":{"uv":[12.16667,12.83333,11.33333,12],"texture":"#2"},"down":{"uv":[0.83333,12.66667,0,13.5],"texture":"#2"}}},{"from":[7.5123,9.04905,4.90932],"to":[8.48769,10.16405,5.88432],"rotation":{"angle":0,"axis":"y","origin":[7.9023,9.97405,6.28432]},"faces":{"north":{"uv":[8,13.33333,8.66667,14],"texture":"#2"},"east":{"uv":[8.66667,13.33333,9.33333,14],"texture":"#2"},"south":{"uv":[9.33333,13.33333,10,14],"texture":"#2"},"west":{"uv":[10,13.33333,10.66667,14],"texture":"#2"},"up":{"uv":[11.33333,14,10.66667,13.33333],"texture":"#2"}}},{"from":[7.6196,10.0392,4.74157],"to":[8.3804,11.1039,5.50207],"rotation":{"angle":-22.5,"axis":"x","origin":[8,10.84655,5.39682]},"faces":{"north":{"uv":[4.66667,14.66667,5.16667,15.33333],"texture":"#2"},"east":{"uv":[5.33333,14.66667,5.83333,15.33333],"texture":"#2"},"south":{"uv":[6,14.66667,6.5,15.33333],"texture":"#2"},"west":{"uv":[14.66667,6,15.16667,6.66667],"texture":"#2"},"up":{"uv":[7.16667,15.16667,6.66667,14.66667],"texture":"#2"}}},{"from":[7.72991,10.85816,4.42033],"to":[8.27009,11.6141,4.96029],"rotation":{"angle":-45,"axis":"x","origin":[8,11.41113,4.86531]},"faces":{"north":{"uv":[8.66667,14.66667,9,15.16667],"texture":"#2"},"east":{"uv":[9.33333,14.66667,9.66667,15.16667],"texture":"#2"},"south":{"uv":[10,14.66667,10.33333,15.16667],"texture":"#2"},"west":{"uv":[10.66667,14.66667,11,15.16667],"texture":"#2"},"up":{"uv":[11.66667,15,11.33333,14.66667],"texture":"#2"}}},{"from":[8,8.45711,11.4],"to":[9,9.45711,12.4],"rotation":{"angle":45,"axis":"z","origin":[8,8.45711,11.6]},"faces":{"north":{"uv":[7.33333,13.33333,6.66667,14],"texture":"#2"},"east":{"uv":[6.66667,13.33333,6,14],"texture":"#2"},"south":{"uv":[14,5.33333,13.33333,6],"texture":"#2"},"west":{"uv":[14,6.66667,13.33333,7.33333],"texture":"#2"},"up":{"uv":[8,13.33333,7.33333,14],"texture":"#2"},"down":{"uv":[14,8,13.33333,7.33333],"texture":"#2"}}},{"from":[8.2,8.65711,10],"to":[8.8,9.25711,11.4],"rotation":{"angle":45,"axis":"z","origin":[8,8.45711,11.6]},"faces":{"east":{"uv":[15.66667,2,14.66667,2.33333],"texture":"#2"},"west":{"uv":[15.66667,2.66667,14.66667,3],"texture":"#2"},"up":{"uv":[15,3.33333,14.66667,4.33333],"texture":"#2"},"down":{"uv":[4.33333,15.66667,4,14.66667],"texture":"#2"}}},{"from":[7.985,8.78921,12.4],"to":[8.015,9.53921,13.9],"rotation":{"angle":-45,"axis":"z","origin":[8,9.16421,13.15]},"faces":{"east":{"uv":[12.66667,12,13.66667,12.5],"texture":"#2"},"west":{"uv":[13.66667,12,12.66667,12.5],"texture":"#2"}}},{"from":[7.375,7.70437,8.40027],"to":[8.625,8.95437,10.90027],"rotation":{"angle":22.5,"axis":"x","origin":[7.875,7.70437,9.65027]},"faces":{"east":{"uv":[7.66667,1.33333,6,2.16667],"texture":"#2"},"west":{"uv":[9,0,7.33333,0.83333],"texture":"#2"},"up":{"uv":[8.16667,2.66667,7.33333,4.33333],"texture":"#2"},"down":{"uv":[8.16667,6.33333,7.33333,4.66667],"texture":"#2"}}},{"from":[7.3745,6.99765,9.65707],"to":[8.6255,8.99765,10.90707],"rotation":{"angle":-22.5,"axis":"x","origin":[7.8745,9.99765,9.65707]},"faces":{"north":{"uv":[0.83333,10,0,11.33333],"texture":"#2"},"east":{"uv":[9.5,9.33333,8.66667,10.66667],"texture":"#2"},"south":{"uv":[8.16667,9.33333,7.33333,10.66667],"texture":"#2"},"west":{"uv":[10.83333,0,10,1.33333],"texture":"#2"},"up":{"uv":[12.16667,12,11.33333,12.83333],"texture":"#2"},"down":{"uv":[0.83333,13.5,0,12.66667],"texture":"#2"}}},{"from":[7.5123,9.04905,10.11568],"to":[8.48769,10.16405,11.09068],"rotation":{"angle":0,"axis":"y","origin":[7.9023,9.97405,9.71568]},"faces":{"north":{"uv":[10,13.33333,9.33333,14],"texture":"#2"},"east":{"uv":[9.33333,13.33333,8.66667,14],"texture":"#2"},"south":{"uv":[8.66667,13.33333,8,14],"texture":"#2"},"west":{"uv":[10.66667,13.33333,10,14],"texture":"#2"},"up":{"uv":[11.33333,13.33333,10.66667,14],"texture":"#2"}}},{"from":[7.6196,10.0392,10.49793],"to":[8.3804,11.1039,11.25843],"rotation":{"angle":22.5,"axis":"x","origin":[8,10.84655,10.60318]},"faces":{"north":{"uv":[6.5,14.66667,6,15.33333],"texture":"#2"},"east":{"uv":[5.83333,14.66667,5.33333,15.33333],"texture":"#2"},"south":{"uv":[5.16667,14.66667,4.66667,15.33333],"texture":"#2"},"west":{"uv":[15.16667,6,14.66667,6.66667],"texture":"#2"},"up":{"uv":[7.16667,14.66667,6.66667,15.16667],"texture":"#2"}}},{"from":[7.72991,10.85816,11.03971],"to":[8.27009,11.6141,11.57967],"rotation":{"angle":45,"axis":"x","origin":[8,11.41113,11.13469]},"faces":{"north":{"uv":[10.33333,14.66667,10,15.16667],"texture":"#2"},"east":{"uv":[9.66667,14.66667,9.33333,15.16667],"texture":"#2"},"south":{"uv":[9,14.66667,8.66667,15.16667],"texture":"#2"},"west":{"uv":[11,14.66667,10.66667,15.16667],"texture":"#2"},"up":{"uv":[11.66667,14.66667,11.33333,15],"texture":"#2"}}},{"from":[7.985,8.78921,12.4],"to":[8.015,9.53921,13.9],"rotation":{"angle":45,"axis":"z","origin":[8,9.16421,13.15]},"faces":{"east":{"uv":[12.66667,12,13.66667,12.5],"texture":"#2"},"west":{"uv":[13.66667,12,12.66667,12.5],"texture":"#2"}}},{"from":[7.5,9.33579,8],"to":[8.5,11.33579,10],"rotation":{"angle":-45,"axis":"x","origin":[7.5,9.33579,8]},"faces":{"north":{"uv":[4,12,4.66667,13.33333],"texture":"#2"},"east":{"uv":[3.33333,5.33333,4.66667,6.66667],"texture":"#2"},"south":{"uv":[12,4,12.66667,5.33333],"texture":"#2"},"west":{"uv":[5.33333,4,6.66667,5.33333],"texture":"#2"},"up":{"uv":[5.33333,13.33333,4.66667,12],"texture":"#2"},"down":{"uv":[6,12,5.33333,13.33333],"texture":"#2"}}},{"from":[8.1,0.25,6.6],"to":[8.9,1.05,9.4],"rotation":{"angle":45,"axis":"z","origin":[8,0.15,7.5]},"faces":{"north":{"uv":[7.33333,14.66667,7.83333,15.16667],"texture":"#2"},"east":{"uv":[4,11.33333,5.83333,11.83333],"texture":"#2"},"south":{"uv":[8,14.66667,8.5,15.16667],"texture":"#2"},"west":{"uv":[11.33333,5.33333,13.16667,5.83333],"texture":"#2"},"up":{"uv":[6.5,13.16667,6,11.33333],"texture":"#2"},"down":{"uv":[11.83333,6,11.33333,7.83333],"texture":"#2"}}},{"from":[8,0.22279,5.1],"to":[8.03,1.47279,6.6],"rotation":{"angle":-45,"axis":"z","origin":[8.015,0.84779,5.85]},"faces":{"east":{"uv":[13,6.66667,12,7.5],"texture":"#2"},"west":{"uv":[12,6.66667,13,7.5],"texture":"#2"}}},{"from":[8,0.22279,5.1],"to":[8.03,1.47279,6.6],"rotation":{"angle":45,"axis":"z","origin":[8.015,0.84779,5.85]},"faces":{"east":{"uv":[13,6.66667,12,7.5],"texture":"#2"},"west":{"uv":[12,6.66667,13,7.5],"texture":"#2"}}},{"from":[8,0.22279,9.4],"to":[8.03,1.47279,10.9],"rotation":{"angle":-45,"axis":"z","origin":[8.015,0.84779,10.15]},"faces":{"east":{"uv":[12,6.66667,13,7.5],"texture":"#2"},"west":{"uv":[13,6.66667,12,7.5],"texture":"#2"}}},{"from":[8,0.22279,9.4],"to":[8.03,1.47279,10.9],"rotation":{"angle":45,"axis":"z","origin":[8.015,0.84779,10.15]},"faces":{"east":{"uv":[12,6.66667,13,7.5],"texture":"#2"},"west":{"uv":[13,6.66667,12,7.5],"texture":"#2"}}},{"from":[7.11612,10,8],"to":[8.36612,13.5,9.25],"rotation":{"angle":45,"axis":"y","origin":[7.11612,10,8]},"faces":{"north":{"uv":[3.33333,0,4.16667,2.33333],"texture":"#2"},"east":{"uv":[3.33333,2.66667,4.16667,5],"texture":"#2"},"south":{"uv":[1.33333,4,2.16667,6.33333],"texture":"#2"},"west":{"uv":[4.66667,0,5.5,2.33333],"texture":"#2"},"up":{"uv":[13.5,0.83333,12.66667,0],"texture":"#2"}}},{"from":[7.11612,13.5,8.07322],"to":[8.11612,17,9.07322],"rotation":{"angle":45,"axis":"y","origin":[7.11612,13.5,7.82322]},"faces":{"north":{"uv":[6.66667,4,7.33333,6.33333],"texture":"#2"},"east":{"uv":[5.33333,6.66667,6,9],"texture":"#2"},"south":{"uv":[6,6.66667,6.66667,9],"texture":"#2"},"west":{"uv":[6.66667,6.66667,7.33333,9],"texture":"#2"},"up":{"uv":[14,11.33333,13.33333,10.66667],"texture":"#2"}}},{"from":[7.18934,17,8.32322],"to":[7.93934,20.5,9.07322],"rotation":{"angle":45,"axis":"y","origin":[6.93934,17,7.82322]},"faces":{"north":{"uv":[8.66667,4,9.16667,6.33333],"texture":"#2"},"east":{"uv":[8.66667,6.66667,9.16667,9],"texture":"#2"},"south":{"uv":[9.33333,0,9.83333,2.33333],"texture":"#2"},"west":{"uv":[9.33333,4,9.83333,6.33333],"texture":"#2"}}},{"from":[7.41,19.66561,8],"to":[8.59,20.84561,9.18],"rotation":{"angle":-45,"axis":"x","origin":[7.41,19.66561,8]},"faces":{"north":{"uv":[1.33333,12.66667,2.16667,13.5],"texture":"#2"},"east":{"uv":[12.66667,1.33333,13.5,2.16667],"texture":"#2"},"south":{"uv":[12.66667,2.66667,13.5,3.5],"texture":"#2"},"west":{"uv":[12.66667,4,13.5,4.83333],"texture":"#2"},"up":{"uv":[13.5,8.83333,12.66667,8],"texture":"#2"},"down":{"uv":[13.5,9.33333,12.66667,10.16667],"texture":"#2"}}},{"from":[8,12.5,6.25],"to":[10,13,8.25],"rotation":{"angle":-45,"axis":"y","origin":[8,12.5,6.25]},"faces":{"north":{"uv":[11.33333,13.33333,12.66667,13.66667],"texture":"#2"},"east":{"uv":[13.33333,11.33333,14.66667,11.66667],"texture":"#2"},"south":{"uv":[12.66667,13.33333,14,13.66667],"texture":"#2"},"west":{"uv":[13.33333,12.66667,14.66667,13],"texture":"#2"},"up":{"uv":[6.66667,6.66667,5.33333,5.33333],"texture":"#2"},"down":{"uv":[7.33333,0,6,1.33333],"texture":"#2"}}},{"from":[8.25,16.25,6.35],"to":[10,16.75,8.1],"rotation":{"angle":-45,"axis":"y","origin":[8,16.25,6.1]},"faces":{"north":{"uv":[4,14,5.16667,14.33333],"texture":"#2"},"east":{"uv":[14,4.66667,15.16667,5],"texture":"#2"},"south":{"uv":[5.33333,14,6.5,14.33333],"texture":"#2"},"west":{"uv":[14,5.33333,15.16667,5.66667],"texture":"#2"},"up":{"uv":[8.5,7.83333,7.33333,6.66667],"texture":"#2"},"down":{"uv":[9.16667,1.33333,8,2.5],"texture":"#2"}}},{"from":[8.25,19.25,6.35],"to":[10,19.75,8.1],"rotation":{"angle":-45,"axis":"y","origin":[8,19.25,6.1]},"faces":{"north":{"uv":[6.66667,14,7.83333,14.33333],"texture":"#2"},"east":{"uv":[14,6.66667,15.16667,7],"texture":"#2"},"south":{"uv":[14,7.33333,15.16667,7.66667],"texture":"#2"},"west":{"uv":[8,14,9.16667,14.33333],"texture":"#2"},"up":{"uv":[8.5,9.16667,7.33333,8],"texture":"#2"},"down":{"uv":[1.16667,8.66667,0,9.83333],"texture":"#2"}}},{"from":[7.995,10.83757,6.02623],"to":[8.005,20.33757,7.52623],"rotation":{"angle":0,"axis":"y","origin":[7.995,10.83757,4.52623]},"faces":{"east":{"uv":[1,0,0,6.33333],"texture":"#2"},"west":{"uv":[0,0,1,6.33333],"texture":"#2"}}},{"from":[7.985,15.90381,5.27653],"to":[8.015,16.40381,9.27653],"rotation":{"angle":-45,"axis":"x","origin":[7.985,15.90381,3.27653]},"faces":{"east":{"uv":[14.66667,6,12,6.33333],"texture":"#2"},"west":{"uv":[12,6,14.66667,6.33333],"texture":"#2"}}},{"from":[7.985,15.78769,3.55686],"to":[8.015,16.78769,4.55686],"rotation":{"angle":45,"axis":"x","origin":[7.985,16.78769,3.80686]},"faces":{"east":{"uv":[2.66667,14,2,14.66667],"texture":"#2"},"west":{"uv":[2,14,2.66667,14.66667],"texture":"#2"}}},{"from":[7.5,16.36091,3.98363],"to":[8.5,17.36091,4.98363],"rotation":{"angle":-45,"axis":"x","origin":[7.5,16.61091,3.98363]},"faces":{"north":{"uv":[0,14,0.66667,14.66667],"texture":"#2"},"east":{"uv":[14,0,14.66667,0.66667],"texture":"#2"},"south":{"uv":[0.66667,14,1.33333,14.66667],"texture":"#2"},"west":{"uv":[14,0.66667,14.66667,1.33333],"texture":"#2"},"up":{"uv":[2,14.66667,1.33333,14],"texture":"#2"},"down":{"uv":[14.66667,1.33333,14,2],"texture":"#2"}}},{"from":[7.1,4.325,3],"to":[7.1,14.325,13],"rotation":{"angle":0,"axis":"z","origin":[7.1,9.325,8]},"faces":{"west":{"uv":[1.33333,1.33333,14.66667,14.66667],"texture":"#1"}}},{"from":[8.9,4.325,3],"to":[8.9,14.325,13],"rotation":{"angle":0,"axis":"z","origin":[8.9,9.325,8]},"faces":{"east":{"uv":[14.66667,1.33333,1.33333,14.66667],"texture":"#1"}}}],"gui_light":"front","display":{"thirdperson_righthand":{"translation":[0,1.75,1]},"thirdperson_lefthand":{"translation":[0,1.75,1]},"firstperson_righthand":{"rotation":[5,0,0],"translation":[2.25,1.25,-0.5]},"firstperson_lefthand":{"rotation":[5,0,0],"translation":[2.25,1.25,-0.5]},"ground":{"rotation":[-45,0,0],"translation":[0,5,0],"scale":[0.7,0.7,0.7]},"gui":{"rotation":[-90,45,90],"translation":[1.75,-1.75,0]},"head":{"rotation":[0,-90,0]},"fixed":{"rotation":[0,-90,0],"translation":[0,0,-1],"scale":[2,2,2]}}}