{"credit":"Made with Blockbench","textures":{"1":"demon_edgeset:animations/wings_animation_1","2":"demon_edgeset:wings","particle":"demon_edgeset:animations/wings_animation_1"},"elements":[{"from":[5.7,5.72728,5.15293],"to":[8.3,8.32728,6.65293],"rotation":{"angle":-45,"axis":"z","origin":[8,6.02728,5.40293]},"faces":{"north":{"uv":[0,3,2.5,5.5],"texture":"#2"},"east":{"uv":[0,6,1.5,8.5],"texture":"#2"},"south":{"uv":[0,0,2.5,2.5],"texture":"#2"},"west":{"uv":[2,6,3.5,8.5],"texture":"#2"},"up":{"uv":[5.5,8.5,4,6],"rotation":90,"texture":"#2"},"down":{"uv":[7.5,6,6,8.5],"rotation":270,"texture":"#2"}}},{"from":[6.2,6.22728,4.90293],"to":[7.8,7.82728,6.90293],"rotation":{"angle":-45,"axis":"z","origin":[8,6.02728,5.40293]},"faces":{"north":{"uv":[10,8,11.5,9.5],"texture":"#2"},"east":{"uv":[0,9,2,10.5],"texture":"#2"},"south":{"uv":[8,10,9.5,11.5],"texture":"#2"},"west":{"uv":[2,9,4,10.5],"texture":"#2"},"up":{"uv":[6,10.5,4,9],"rotation":90,"texture":"#2"},"down":{"uv":[8,9,6,10.5],"rotation":270,"texture":"#2"}}},{"from":[6,6.73439,5.90293],"to":[10,7.73439,6.90293],"rotation":{"angle":-45,"axis":"x","origin":[13,6.73439,5.90293]},"faces":{"north":{"uv":[3,1,7,2],"texture":"#2"},"east":{"uv":[12,5,13,6],"texture":"#2"},"south":{"uv":[3,0,7,1],"texture":"#2"},"west":{"uv":[12,6,13,7],"texture":"#2"},"up":{"uv":[4,6,3,2],"rotation":90,"texture":"#2"},"down":{"uv":[5,2,4,6],"rotation":270,"texture":"#2"}}},{"from":[11.4,6.73439,5.90293],"to":[12.4,7.73439,6.90293],"rotation":{"angle":-45,"axis":"x","origin":[11.6,6.73439,5.90293]},"faces":{"north":{"uv":[9,12,10,13],"texture":"#2"},"east":{"uv":[12,7,13,8],"texture":"#2"},"south":{"uv":[8,12,9,13],"texture":"#2"},"west":{"uv":[12,8,13,9],"texture":"#2"},"up":{"uv":[13,10,12,9],"rotation":90,"texture":"#2"},"down":{"uv":[11,12,10,13],"rotation":270,"texture":"#2"}}},{"from":[10,6.93439,6.10293],"to":[11.4,7.53439,6.70293],"rotation":{"angle":-45,"axis":"x","origin":[11.6,6.73439,5.90293]},"faces":{"north":{"uv":[13,7,14.5,7.5],"texture":"#2"},"south":{"uv":[6,13,7.5,13.5],"texture":"#2"},"up":{"uv":[8.5,14.5,8,13],"rotation":90,"texture":"#2"},"down":{"uv":[13.5,8,13,9.5],"rotation":270,"texture":"#2"}}},{"from":[12.4,7.06649,5.88793],"to":[13.9,7.81649,5.91793],"rotation":{"angle":45,"axis":"x","origin":[13.15,7.44149,5.90293]},"faces":{"north":{"uv":[12,4,13.5,4.75],"texture":"#2"},"south":{"uv":[13.5,4,12,4.75],"texture":"#2"}}},{"from":[12.4,7.06649,5.88793],"to":[13.9,7.81649,5.91793],"rotation":{"angle":-45,"axis":"x","origin":[13.15,7.44149,5.90293]},"faces":{"north":{"uv":[12,4,13.5,4.75],"texture":"#2"},"south":{"uv":[13.5,4,12,4.75],"texture":"#2"}}},{"from":[8.40027,7.48165,5.52793],"to":[9.65027,8.73165,6.27793],"rotation":{"angle":-22.5,"axis":"z","origin":[9.65027,7.48165,5.77793]},"faces":{"north":{"uv":[4,11,5.25,12.25],"texture":"#2"},"east":{"uv":[3,13,3.75,14.25],"texture":"#2"},"south":{"uv":[2,11,3.25,12.25],"texture":"#2"},"up":{"uv":[4.75,14.25,4,13],"rotation":90,"texture":"#2"}}},{"from":[6.34973,7.48165,5.52793],"to":[7.59973,8.73165,6.27793],"rotation":{"angle":22.5,"axis":"z","origin":[6.34973,7.48165,5.77793]},"faces":{"north":{"uv":[11,10,12.25,11.25],"texture":"#2"},"south":{"uv":[6,11,7.25,12.25],"texture":"#2"},"west":{"uv":[5,13,5.75,14.25],"texture":"#2"},"up":{"uv":[13.75,6.25,13,5],"rotation":90,"texture":"#2"}}},{"from":[8.40027,5.98165,5.27793],"to":[10.90027,7.23165,6.52793],"rotation":{"angle":-22.5,"axis":"z","origin":[9.65027,5.98165,5.77793]},"faces":{"north":{"uv":[7,2,9.5,3.25],"texture":"#2"},"south":{"uv":[7,0,9.5,1.25],"texture":"#2"},"up":{"uv":[9.25,6.5,8,4],"rotation":90,"texture":"#2"},"down":{"uv":[9.25,7,8,9.5],"rotation":270,"texture":"#2"}}},{"from":[9.65707,5.27493,5.27743],"to":[10.90707,7.27493,6.52843],"rotation":{"angle":22.5,"axis":"z","origin":[9.65707,8.27493,5.77743]},"faces":{"north":{"uv":[10,6,11.25,8],"texture":"#2"},"east":{"uv":[10,0,11.25,2],"texture":"#2"},"south":{"uv":[10,2,11.25,4],"texture":"#2"},"west":{"uv":[10,4,11.25,6],"texture":"#2"},"up":{"uv":[13.25,1.25,12,0],"rotation":90,"texture":"#2"},"down":{"uv":[13.25,2,12,3.25],"rotation":270,"texture":"#2"}}},{"from":[10.11568,7.32633,5.41523],"to":[11.09068,8.44133,6.39062],"rotation":{"angle":0,"axis":"y","origin":[9.71568,8.25133,5.80523]},"faces":{"north":{"uv":[1,13,2,14],"texture":"#2"},"east":{"uv":[11,12,12,13],"texture":"#2"},"south":{"uv":[12,12,13,13],"texture":"#2"},"west":{"uv":[0,13,1,14],"texture":"#2"},"up":{"uv":[3,14,2,13],"rotation":90,"texture":"#2"}}},{"from":[10.49793,8.31648,5.52253],"to":[11.25843,9.38118,6.28333],"rotation":{"angle":-22.5,"axis":"z","origin":[10.60318,9.12383,5.90293]},"faces":{"north":{"uv":[11,13,11.75,14],"texture":"#2"},"east":{"uv":[9,13,9.75,14],"texture":"#2"},"south":{"uv":[10,13,10.75,14],"texture":"#2"},"west":{"uv":[13,10,13.75,11],"texture":"#2"},"up":{"uv":[13.75,11.75,13,11],"rotation":90,"texture":"#2"}}},{"from":[11.03971,9.13544,5.63284],"to":[11.57967,9.89138,6.17302],"rotation":{"angle":-45,"axis":"z","origin":[11.13469,9.68841,5.90293]},"faces":{"north":{"uv":[0,14,0.5,14.75],"texture":"#2"},"east":{"uv":[12,13,12.5,13.75],"texture":"#2"},"south":{"uv":[13,12,13.5,12.75],"texture":"#2"},"west":{"uv":[13,13,13.5,13.75],"texture":"#2"},"up":{"uv":[14.5,0.5,14,0],"rotation":90,"texture":"#2"}}},{"from":[2.1,7.06649,5.88793],"to":[3.6,7.81649,5.91793],"rotation":{"angle":-45,"axis":"x","origin":[2.85,7.44149,5.90293]},"faces":{"north":{"uv":[13.5,4,12,4.75],"texture":"#2"},"south":{"uv":[12,4,13.5,4.75],"texture":"#2"}}},{"from":[2.1,7.06649,5.88793],"to":[3.6,7.81649,5.91793],"rotation":{"angle":45,"axis":"x","origin":[2.85,7.44149,5.90293]},"faces":{"north":{"uv":[13.5,4,12,4.75],"texture":"#2"},"south":{"uv":[12,4,13.5,4.75],"texture":"#2"}}},{"from":[3.6,6.73439,5.90293],"to":[4.6,7.73439,6.90293],"rotation":{"angle":-45,"axis":"x","origin":[4.4,6.73439,5.90293]},"faces":{"north":{"uv":[10,12,9,13],"texture":"#2"},"east":{"uv":[13,8,12,9],"texture":"#2"},"south":{"uv":[9,12,8,13],"texture":"#2"},"west":{"uv":[13,7,12,8],"texture":"#2"},"up":{"uv":[13,9,12,10],"rotation":90,"texture":"#2"},"down":{"uv":[11,13,10,12],"rotation":270,"texture":"#2"}}},{"from":[4.6,6.93439,6.10293],"to":[6,7.53439,6.70293],"rotation":{"angle":-45,"axis":"x","origin":[4.4,6.73439,5.90293]},"faces":{"north":{"uv":[14.5,7,13,7.5],"texture":"#2"},"south":{"uv":[7.5,13,6,13.5],"texture":"#2"},"up":{"uv":[8.5,13,8,14.5],"rotation":90,"texture":"#2"},"down":{"uv":[13.5,9.5,13,8],"rotation":270,"texture":"#2"}}},{"from":[4.42033,9.13544,5.63284],"to":[4.96029,9.89138,6.17302],"rotation":{"angle":45,"axis":"z","origin":[4.86531,9.68841,5.90293]},"faces":{"north":{"uv":[0.5,14,0,14.75],"texture":"#2"},"east":{"uv":[13.5,13,13,13.75],"texture":"#2"},"south":{"uv":[13.5,12,13,12.75],"texture":"#2"},"west":{"uv":[12.5,13,12,13.75],"texture":"#2"},"up":{"uv":[14.5,0,14,0.5],"rotation":90,"texture":"#2"}}},{"from":[4.74157,8.31648,5.52253],"to":[5.50207,9.38118,6.28333],"rotation":{"angle":22.5,"axis":"z","origin":[5.39682,9.12383,5.90293]},"faces":{"north":{"uv":[11.75,13,11,14],"texture":"#2"},"east":{"uv":[13.75,10,13,11],"texture":"#2"},"south":{"uv":[10.75,13,10,14],"texture":"#2"},"west":{"uv":[9.75,13,9,14],"texture":"#2"},"up":{"uv":[13.75,11,13,11.75],"rotation":90,"texture":"#2"}}},{"from":[4.90932,7.32633,5.41523],"to":[5.88432,8.44133,6.39062],"rotation":{"angle":0,"axis":"y","origin":[6.28432,8.25133,5.80523]},"faces":{"north":{"uv":[2,13,1,14],"texture":"#2"},"east":{"uv":[1,13,0,14],"texture":"#2"},"south":{"uv":[13,12,12,13],"texture":"#2"},"west":{"uv":[12,12,11,13],"texture":"#2"},"up":{"uv":[3,13,2,14],"rotation":90,"texture":"#2"}}},{"from":[5.09293,5.27493,5.27743],"to":[6.34293,7.27493,6.52843],"rotation":{"angle":-22.5,"axis":"z","origin":[6.34293,8.27493,5.77743]},"faces":{"north":{"uv":[11.25,6,10,8],"texture":"#2"},"east":{"uv":[11.25,4,10,6],"texture":"#2"},"south":{"uv":[11.25,2,10,4],"texture":"#2"},"west":{"uv":[11.25,0,10,2],"texture":"#2"},"up":{"uv":[13.25,0,12,1.25],"rotation":90,"texture":"#2"},"down":{"uv":[13.25,3.25,12,2],"rotation":270,"texture":"#2"}}},{"from":[5.09973,5.98165,5.27793],"to":[7.59973,7.23165,6.52793],"rotation":{"angle":22.5,"axis":"z","origin":[6.34973,5.98165,5.77793]},"faces":{"north":{"uv":[9.5,2,7,3.25],"texture":"#2"},"south":{"uv":[9.5,0,7,1.25],"texture":"#2"},"up":{"uv":[9.25,4,8,6.5],"rotation":90,"texture":"#2"},"down":{"uv":[9.25,9.5,8,7],"rotation":270,"texture":"#2"}}},{"from":[6,7.61307,5.40293],"to":[8,9.61307,6.40293],"rotation":{"angle":-45,"axis":"z","origin":[8,7.61307,5.40293]},"faces":{"north":{"uv":[5,4,7,6],"texture":"#2"},"east":{"uv":[7,4,8,6],"texture":"#2"},"south":{"uv":[5,2,7,4],"texture":"#2"},"west":{"uv":[10,10,11,12],"texture":"#2"},"up":{"uv":[1,13,0,11],"rotation":90,"texture":"#2"},"down":{"uv":[2,11,1,13],"rotation":270,"texture":"#2"}}},{"from":[10.75,0.5,6.65293],"to":[30.75,16.5,6.65293],"rotation":{"angle":-22.5,"axis":"y","origin":[11.75,-3.5,6.65293]},"faces":{"north":{"uv":[0,0,16,12.8],"texture":"#1"},"south":{"uv":[16,0,0,12.8],"texture":"#1"}}},{"from":[-14.75,0.5,6.65293],"to":[5.25,16.5,6.65293],"rotation":{"angle":22.5,"axis":"y","origin":[4.25,-3.5,6.65293]},"faces":{"north":{"uv":[16,0,0,12.8],"texture":"#1"},"south":{"uv":[0,0,16,12.8],"texture":"#1"}}}],"gui_light":"front","display":{"thirdperson_righthand":{"rotation":[-131,0,-180],"translation":[0,2.25,0],"scale":[0.7,0.7,0.7]},"thirdperson_lefthand":{"rotation":[69.25,0,0],"translation":[-5.5,-10.75,11.25],"scale":[1.6,1.6,1.6]},"firstperson_righthand":{"rotation":[159.75,0,180],"translation":[2.25,1.25,-0.25],"scale":[0.66016,0.66016,0.66016]},"firstperson_lefthand":{"rotation":[5,0,0],"translation":[2.25,1.25,-0.5],"scale":[0,0,0]},"ground":{"rotation":[-45,0,0],"translation":[0,5,0],"scale":[0.7,0.7,0.7]},"gui":{"rotation":[0,180,0],"translation":[0,-0.5,0],"scale":[0.46367,0.46367,0.46367]},"head":{"translation":[0,-13.5,11.75],"scale":[2,2,2]},"fixed":{"rotation":[0,-180,0],"translation":[0,0,-6],"scale":[2,2,2]}}}