{"credit":"Made with Blockbench","textures":{"1":"demon_edgeset:animations/wings_animation_1","2":"demon_edgeset:wings","particle":"demon_edgeset:animations/wings_animation_1"},"elements":[{"from":[6.85,-11.13636,6.57647],"to":[8.15,-9.83636,7.32647],"rotation":{"angle":-45,"axis":"z","origin":[8,-10.98636,6.70147]},"faces":{"north":{"uv":[0,3,2.5,5.5],"texture":"#2","tintindex":0},"east":{"uv":[0,6,1.5,8.5],"texture":"#2","tintindex":0},"south":{"uv":[0,0,2.5,2.5],"texture":"#2","tintindex":0},"west":{"uv":[2,6,3.5,8.5],"texture":"#2","tintindex":0},"up":{"uv":[5.5,8.5,4,6],"rotation":90,"texture":"#2","tintindex":0},"down":{"uv":[7.5,6,6,8.5],"rotation":270,"texture":"#2","tintindex":0}}},{"from":[7.1,-10.88636,6.45147],"to":[7.9,-10.08636,7.45147],"rotation":{"angle":-45,"axis":"z","origin":[8,-10.98636,6.70147]},"faces":{"north":{"uv":[10,8,11.5,9.5],"texture":"#2","tintindex":0},"east":{"uv":[0,9,2,10.5],"texture":"#2","tintindex":0},"south":{"uv":[8,10,9.5,11.5],"texture":"#2","tintindex":0},"west":{"uv":[2,9,4,10.5],"texture":"#2","tintindex":0},"up":{"uv":[6,10.5,4,9],"rotation":90,"texture":"#2","tintindex":0},"down":{"uv":[8,9,6,10.5],"rotation":270,"texture":"#2","tintindex":0}}},{"from":[7,-10.6328,6.95147],"to":[9,-10.1328,7.45147],"rotation":{"angle":-45,"axis":"x","origin":[10.5,-10.6328,6.95147]},"faces":{"north":{"uv":[3,1,7,2],"texture":"#2","tintindex":0},"east":{"uv":[12,5,13,6],"texture":"#2","tintindex":0},"south":{"uv":[3,0,7,1],"texture":"#2","tintindex":0},"west":{"uv":[12,6,13,7],"texture":"#2","tintindex":0},"up":{"uv":[4,6,3,2],"rotation":90,"texture":"#2","tintindex":0},"down":{"uv":[5,2,4,6],"rotation":270,"texture":"#2","tintindex":0}}},{"from":[9.7,-10.6328,6.95147],"to":[10.2,-10.1328,7.45147],"rotation":{"angle":-45,"axis":"x","origin":[9.8,-10.6328,6.95147]},"faces":{"north":{"uv":[9,12,10,13],"texture":"#2","tintindex":0},"east":{"uv":[12,7,13,8],"texture":"#2","tintindex":0},"south":{"uv":[8,12,9,13],"texture":"#2","tintindex":0},"west":{"uv":[12,8,13,9],"texture":"#2","tintindex":0},"up":{"uv":[13,10,12,9],"rotation":90,"texture":"#2","tintindex":0},"down":{"uv":[11,12,10,13],"rotation":270,"texture":"#2","tintindex":0}}},{"from":[9,-10.5328,7.05147],"to":[9.7,-10.2328,7.35147],"rotation":{"angle":-45,"axis":"x","origin":[9.8,-10.6328,6.95147]},"faces":{"north":{"uv":[13,7,14.5,7.5],"texture":"#2","tintindex":0},"south":{"uv":[6,13,7.5,13.5],"texture":"#2","tintindex":0},"up":{"uv":[8.5,14.5,8,13],"rotation":90,"texture":"#2","tintindex":0},"down":{"uv":[13.5,8,13,9.5],"rotation":270,"texture":"#2","tintindex":0}}},{"from":[10.2,-10.46675,6.94397],"to":[10.95,-10.09175,6.95897],"rotation":{"angle":45,"axis":"x","origin":[10.575,-10.27925,6.95147]},"faces":{"north":{"uv":[12,4,13.5,4.75],"texture":"#2","tintindex":0},"south":{"uv":[13.5,4,12,4.75],"texture":"#2","tintindex":0}}},{"from":[10.2,-10.46675,6.94397],"to":[10.95,-10.09175,6.95897],"rotation":{"angle":-45,"axis":"x","origin":[10.575,-10.27925,6.95147]},"faces":{"north":{"uv":[12,4,13.5,4.75],"texture":"#2","tintindex":0},"south":{"uv":[13.5,4,12,4.75],"texture":"#2","tintindex":0}}},{"from":[8.20014,-10.25917,6.76397],"to":[8.82514,-9.63417,7.13897],"rotation":{"angle":-22.5,"axis":"z","origin":[8.82514,-10.25917,6.88897]},"faces":{"north":{"uv":[4,11,5.25,12.25],"texture":"#2","tintindex":0},"east":{"uv":[3,13,3.75,14.25],"texture":"#2","tintindex":0},"south":{"uv":[2,11,3.25,12.25],"texture":"#2","tintindex":0},"up":{"uv":[4.75,14.25,4,13],"rotation":90,"texture":"#2","tintindex":0}}},{"from":[7.17487,-10.25917,6.76397],"to":[7.79987,-9.63417,7.13897],"rotation":{"angle":22.5,"axis":"z","origin":[7.17487,-10.25917,6.88897]},"faces":{"north":{"uv":[11,10,12.25,11.25],"texture":"#2","tintindex":0},"south":{"uv":[6,11,7.25,12.25],"texture":"#2","tintindex":0},"west":{"uv":[5,13,5.75,14.25],"texture":"#2","tintindex":0},"up":{"uv":[13.75,6.25,13,5],"rotation":90,"texture":"#2","tintindex":0}}},{"from":[8.20014,-11.00917,6.63897],"to":[9.45014,-10.38417,7.26397],"rotation":{"angle":-22.5,"axis":"z","origin":[8.82514,-11.00917,6.88897]},"faces":{"north":{"uv":[7,2,9.5,3.25],"texture":"#2","tintindex":0},"south":{"uv":[7,0,9.5,1.25],"texture":"#2","tintindex":0},"up":{"uv":[9.25,6.5,8,4],"rotation":90,"texture":"#2","tintindex":0},"down":{"uv":[9.25,7,8,9.5],"rotation":270,"texture":"#2","tintindex":0}}},{"from":[8.82853,-11.36253,6.63872],"to":[9.45353,-10.36253,7.26422],"rotation":{"angle":22.5,"axis":"z","origin":[8.82853,-9.86254,6.88872]},"faces":{"north":{"uv":[10,6,11.25,8],"texture":"#2","tintindex":0},"east":{"uv":[10,0,11.25,2],"texture":"#2","tintindex":0},"south":{"uv":[10,2,11.25,4],"texture":"#2","tintindex":0},"west":{"uv":[10,4,11.25,6],"texture":"#2","tintindex":0},"up":{"uv":[13.25,1.25,12,0],"rotation":90,"texture":"#2","tintindex":0},"down":{"uv":[13.25,2,12,3.25],"rotation":270,"texture":"#2","tintindex":0}}},{"from":[9.05784,-10.33684,6.70762],"to":[9.54534,-9.77933,7.19531],"rotation":{"angle":0,"axis":"y","origin":[8.85784,-9.87433,6.90262]},"faces":{"north":{"uv":[1,13,2,14],"texture":"#2","tintindex":0},"east":{"uv":[11,12,12,13],"texture":"#2","tintindex":0},"south":{"uv":[12,12,13,13],"texture":"#2","tintindex":0},"west":{"uv":[0,13,1,14],"texture":"#2","tintindex":0},"up":{"uv":[3,14,2,13],"rotation":90,"texture":"#2","tintindex":0}}},{"from":[9.24897,-9.84176,6.76127],"to":[9.62922,-9.30941,7.14167],"rotation":{"angle":-22.5,"axis":"z","origin":[9.30159,-9.43809,6.95147]},"faces":{"north":{"uv":[11,13,11.75,14],"texture":"#2","tintindex":0},"east":{"uv":[9,13,9.75,14],"texture":"#2","tintindex":0},"south":{"uv":[10,13,10.75,14],"texture":"#2","tintindex":0},"west":{"uv":[13,10,13.75,11],"texture":"#2","tintindex":0},"up":{"uv":[13.75,11.75,13,11],"rotation":90,"texture":"#2","tintindex":0}}},{"from":[9.51986,-9.43228,6.81642],"to":[9.78984,-9.05431,7.08651],"rotation":{"angle":-45,"axis":"z","origin":[9.56735,-9.1558,6.95147]},"faces":{"north":{"uv":[0,14,0.5,14.75],"texture":"#2","tintindex":0},"east":{"uv":[12,13,12.5,13.75],"texture":"#2","tintindex":0},"south":{"uv":[13,12,13.5,12.75],"texture":"#2","tintindex":0},"west":{"uv":[13,13,13.5,13.75],"texture":"#2","tintindex":0},"up":{"uv":[14.5,0.5,14,0],"rotation":90,"texture":"#2","tintindex":0}}},{"from":[5.05,-10.46675,6.94397],"to":[5.8,-10.09175,6.95897],"rotation":{"angle":-45,"axis":"x","origin":[5.425,-10.27925,6.95147]},"faces":{"north":{"uv":[13.5,4,12,4.75],"texture":"#2","tintindex":0},"south":{"uv":[12,4,13.5,4.75],"texture":"#2","tintindex":0}}},{"from":[5.05,-10.46675,6.94397],"to":[5.8,-10.09175,6.95897],"rotation":{"angle":45,"axis":"x","origin":[5.425,-10.27925,6.95147]},"faces":{"north":{"uv":[13.5,4,12,4.75],"texture":"#2","tintindex":0},"south":{"uv":[12,4,13.5,4.75],"texture":"#2","tintindex":0}}},{"from":[5.8,-10.6328,6.95147],"to":[6.3,-10.1328,7.45147],"rotation":{"angle":-45,"axis":"x","origin":[6.2,-10.6328,6.95147]},"faces":{"north":{"uv":[10,12,9,13],"texture":"#2","tintindex":0},"east":{"uv":[13,8,12,9],"texture":"#2","tintindex":0},"south":{"uv":[9,12,8,13],"texture":"#2","tintindex":0},"west":{"uv":[13,7,12,8],"texture":"#2","tintindex":0},"up":{"uv":[13,9,12,10],"rotation":90,"texture":"#2","tintindex":0},"down":{"uv":[11,13,10,12],"rotation":270,"texture":"#2","tintindex":0}}},{"from":[6.3,-10.5328,7.05147],"to":[7,-10.2328,7.35147],"rotation":{"angle":-45,"axis":"x","origin":[6.2,-10.6328,6.95147]},"faces":{"north":{"uv":[14.5,7,13,7.5],"texture":"#2","tintindex":0},"south":{"uv":[7.5,13,6,13.5],"texture":"#2","tintindex":0},"up":{"uv":[8.5,13,8,14.5],"rotation":90,"texture":"#2","tintindex":0},"down":{"uv":[13.5,9.5,13,8],"rotation":270,"texture":"#2","tintindex":0}}},{"from":[6.21017,-9.43228,6.81642],"to":[6.48015,-9.05431,7.08651],"rotation":{"angle":45,"axis":"z","origin":[6.43266,-9.1558,6.95147]},"faces":{"north":{"uv":[0.5,14,0,14.75],"texture":"#2","tintindex":0},"east":{"uv":[13.5,13,13,13.75],"texture":"#2","tintindex":0},"south":{"uv":[13.5,12,13,12.75],"texture":"#2","tintindex":0},"west":{"uv":[12.5,13,12,13.75],"texture":"#2","tintindex":0},"up":{"uv":[14.5,0,14,0.5],"rotation":90,"texture":"#2","tintindex":0}}},{"from":[6.37079,-9.84176,6.76127],"to":[6.75104,-9.30941,7.14167],"rotation":{"angle":22.5,"axis":"z","origin":[6.69841,-9.43809,6.95147]},"faces":{"north":{"uv":[11.75,13,11,14],"texture":"#2","tintindex":0},"east":{"uv":[13.75,10,13,11],"texture":"#2","tintindex":0},"south":{"uv":[10.75,13,10,14],"texture":"#2","tintindex":0},"west":{"uv":[9.75,13,9,14],"texture":"#2","tintindex":0},"up":{"uv":[13.75,11,13,11.75],"rotation":90,"texture":"#2","tintindex":0}}},{"from":[6.45466,-10.33684,6.70762],"to":[6.94216,-9.77933,7.19531],"rotation":{"angle":0,"axis":"y","origin":[7.14216,-9.87433,6.90262]},"faces":{"north":{"uv":[2,13,1,14],"texture":"#2","tintindex":0},"east":{"uv":[1,13,0,14],"texture":"#2","tintindex":0},"south":{"uv":[13,12,12,13],"texture":"#2","tintindex":0},"west":{"uv":[12,12,11,13],"texture":"#2","tintindex":0},"up":{"uv":[3,13,2,14],"rotation":90,"texture":"#2","tintindex":0}}},{"from":[6.54647,-11.36253,6.63872],"to":[7.17147,-10.36253,7.26422],"rotation":{"angle":-22.5,"axis":"z","origin":[7.17147,-9.86254,6.88872]},"faces":{"north":{"uv":[11.25,6,10,8],"texture":"#2","tintindex":0},"east":{"uv":[11.25,4,10,6],"texture":"#2","tintindex":0},"south":{"uv":[11.25,2,10,4],"texture":"#2","tintindex":0},"west":{"uv":[11.25,0,10,2],"texture":"#2","tintindex":0},"up":{"uv":[13.25,0,12,1.25],"rotation":90,"texture":"#2","tintindex":0},"down":{"uv":[13.25,3.25,12,2],"rotation":270,"texture":"#2","tintindex":0}}},{"from":[6.54987,-11.00917,6.63897],"to":[7.79987,-10.38417,7.26397],"rotation":{"angle":22.5,"axis":"z","origin":[7.17487,-11.00917,6.88897]},"faces":{"north":{"uv":[9.5,2,7,3.25],"texture":"#2","tintindex":0},"south":{"uv":[9.5,0,7,1.25],"texture":"#2","tintindex":0},"up":{"uv":[9.25,4,8,6.5],"rotation":90,"texture":"#2","tintindex":0},"down":{"uv":[9.25,9.5,8,7],"rotation":270,"texture":"#2","tintindex":0}}},{"from":[7,-10.19346,6.70147],"to":[8,-9.19346,7.20147],"rotation":{"angle":-45,"axis":"z","origin":[8,-10.19346,6.70147]},"faces":{"north":{"uv":[5,4,7,6],"texture":"#2","tintindex":0},"east":{"uv":[7,4,8,6],"texture":"#2","tintindex":0},"south":{"uv":[5,2,7,4],"texture":"#2","tintindex":0},"west":{"uv":[10,10,11,12],"texture":"#2","tintindex":0},"up":{"uv":[1,13,0,11],"rotation":90,"texture":"#2","tintindex":0},"down":{"uv":[2,11,1,13],"rotation":270,"texture":"#2","tintindex":0}}},{"from":[9.375,-13.75,7.32647],"to":[19.375,-5.75,7.32647],"rotation":{"angle":-22.5,"axis":"y","origin":[9.875,-15.75,7.32647]},"faces":{"north":{"uv":[0,0,16,12.8],"texture":"#1","tintindex":0},"south":{"uv":[16,0,0,12.8],"texture":"#1","tintindex":0}}},{"from":[-3.375,-13.75,7.32647],"to":[6.625,-5.75,7.32647],"rotation":{"angle":22.5,"axis":"y","origin":[6.125,-15.75,7.32647]},"faces":{"north":{"uv":[16,0,0,12.8],"texture":"#1","tintindex":0},"south":{"uv":[0,0,16,12.8],"texture":"#1","tintindex":0}}}],"gui_light":"front","display":{"thirdperson_righthand":{"rotation":[-131,0,-180],"translation":[0,2.25,0],"scale":[0.7,0.7,0.7]},"thirdperson_lefthand":{"rotation":[69.25,0,0],"translation":[-5.5,-10.75,11.25],"scale":[1.6,1.6,1.6]},"firstperson_righthand":{"rotation":[159.75,0,180],"translation":[2.25,1.25,-0.25],"scale":[0.66016,0.66016,0.66016]},"firstperson_lefthand":{"rotation":[5,0,0],"translation":[2.25,1.25,-0.5],"scale":[0,0,0]},"ground":{"rotation":[-45,0,0],"translation":[0,5,0],"scale":[0.7,0.7,0.7]},"gui":{"rotation":[0,180,0],"translation":[0,16.25,0],"scale":[0.93,0.93,0.93]},"head":{"translation":[0,-32,11.75],"scale":[4,4,4]},"fixed":{"rotation":[0,-180,0],"translation":[0,0,-6],"scale":[2,2,2]}}}