{"parent​":"minecraft:item/nether_brick_slab","textures​":{"\u006c\u0061\u0079\u0065\u00720":"\u0069\u0074\u0065\u006d/\u0063\u0072\u006f\u0073\u0073\u0062\u006f\u0077_\u0073\u0074\u0061\u006e\u0064\u0062\u0079"},"\u0070\u0061\u0072\u0065\u006e\u0074":"\u0069\u0074\u0065\u006d/\u0067\u0065\u006e\u0065\u0072\u0061\u0074\u0065\u0064","\u0074\u0065\u0078\u0074\u0075\u0072\u0065\u0073":{"\u006c\u0061\u0079\u0065\u00720":"\u0069\u0074\u0065\u006d/\u0063\u0072\u006f\u0073\u0073\u0062\u006f\u0077_\u0073\u0074\u0061\u006e\u0064\u0062\u0079"},"display":{"thirdperson_righthand":{"rotation":[-90,0,-60],"translation":[2,0.1,-3],"scale":[0.9,0.9,0.9]},"thirdperson_lefthand":{"rotation":[-90,0,30],"translation":[2,0.1,-3],"scale":[0.9,0.9,0.9]},"firstperson_righthand":{"rotation":[-90,0,-55],"translation":[1.13,3.2,1.13],"scale":[0.68,0.68,0.68]},"firstperson_lefthand":{"rotation":[-90,0,35],"translation":[1.13,3.2,1.13],"scale":[0.68,0.68,0.68]}},"overrides":[{"predicate":{"pulling":1},"model":"item/crossbow_pulling_0"},{"predicate":{"pulling":1,"pull":0.58},"model":"item/crossbow_pulling_1"},{"predicate":{"pulling":1,"pull":1.0},"model":"item/crossbow_pulling_2"},{"predicate":{"charged":1},"model":"item/crossbow_arrow"},{"predicate":{"charged":1,"firework":1},"model":"item/crossbow_firework"},{"predicate":{"custom_model_data":10015},"model":"plny_spectral_corsair:crossbow"},{"predicate":{"pulling":1,"custom_model_data":10015},"model":"plny_spectral_corsair:crossbow_0"},{"predicate":{"pulling":1,"pull":0.58,"custom_model_data":10015},"model":"plny_spectral_corsair:crossbow_1"},{"predicate":{"pulling":1,"pull":1.0,"custom_model_data":10015},"model":"plny_spectral_corsair:crossbow_2"},{"predicate":{"charged":1,"custom_model_data":10015},"model":"plny_spectral_corsair:crossbow_charged"},{"predicate":{"charged":1,"firework":1,"custom_model_data":10015},"model":"plny_spectral_corsair:crossbow_firework"},{"predicate":{"custom_model_data":23323},"model":"twilight_of_ender:crossbow"},{"predicate":{"pulling":1,"custom_model_data":23323},"model":"twilight_of_ender:crossbow_0"},{"predicate":{"pulling":1,"pull":0.58,"custom_model_data":23323},"model":"twilight_of_ender:crossbow_1"},{"predicate":{"pulling":1,"pull":1.0,"custom_model_data":23323},"model":"twilight_of_ender:crossbow_2"},{"predicate":{"charged":1,"custom_model_data":23323},"model":"twilight_of_ender:crossbow_charged"},{"predicate":{"charged":1,"firework":1,"custom_model_data":23323},"model":"twilight_of_ender:crossbow_firework"},{"predicate":{"custom_model_data":23324},"model":"item/crossbow"}],"gui_light":"front"}