{"parent​":"minecraft:item/mossy_cobblestone_stairs","textures​":{"\u006c\u0061\u0079\u0065\u00720":"\u006d\u0069\u006e\u0065\u0063\u0072\u0061\u0066\u0074:\u0069\u0074\u0065\u006d/\u0070\u0061\u0070\u0065\u0072"},"\u0070\u0061\u0072\u0065\u006e\u0074":"\u006d\u0069\u006e\u0065\u0063\u0072\u0061\u0066\u0074:\u0069\u0074\u0065\u006d/\u0067\u0065\u006e\u0065\u0072\u0061\u0074\u0065\u0064","\u0074\u0065\u0078\u0074\u0075\u0072\u0065\u0073":{"\u006c\u0061\u0079\u0065\u00720":"\u006d\u0069\u006e\u0065\u0063\u0072\u0061\u0066\u0074:\u0069\u0074\u0065\u006d/\u0070\u0061\u0070\u0065\u0072"},"overrides":[{"predicate":{"custom_model_data":10000},"model":"_iainternal:item/ia_auto/icon_left_blue"},{"predicate":{"custom_model_data":10001},"model":"_iainternal:item/ia_auto/icon_right_blue"},{"predicate":{"custom_model_data":10002},"model":"_iainternal:item/ia_auto/icon_search"},{"predicate":{"custom_model_data":10003},"model":"_iainternal:item/ia_auto/icon_cancel"},{"predicate":{"custom_model_data":10004},"model":"_iainternal:item/ia_auto/icon_arrow_chest"},{"predicate":{"custom_model_data":10005},"model":"_iainternal:item/ia_auto/icon_back_orange"},{"predicate":{"custom_model_data":10006},"model":"_iainternal:item/ia_auto/icon_next_orange"},{"predicate":{"custom_model_data":10020},"model":"hats_expansion:cardboard_box"},{"predicate":{"custom_model_data":10021},"model":"hats_expansion:hard_hat"},{"predicate":{"custom_model_data":10027},"model":"plny_spectral_corsair:chest"},{"predicate":{"custom_model_data":10028},"model":"plny_spectral_corsair:key"},{"predicate":{"custom_model_data":10029},"model":"plny_spectral_corsair:pirate_hat"},{"predicate":{"custom_model_data":10030},"model":"plny_spectral_corsair:wings"},{"predicate":{"custom_model_data":10396},"model":"crates1:lvl1_key"},{"predicate":{"custom_model_data":10397},"model":"crates1:lvl1_crate"},{"predicate":{"custom_model_data":10398},"model":"crates1:lvl2_key"},{"predicate":{"custom_model_data":10399},"model":"crates1:lvl2_crate"},{"predicate":{"custom_model_data":10400},"model":"crates1:lvl3_key"},{"predicate":{"custom_model_data":10401},"model":"crates1:lvl3_crate"},{"predicate":{"custom_model_data":10402},"model":"crates1:lvl4_key"},{"predicate":{"custom_model_data":10403},"model":"crates1:lvl4_crate"},{"predicate":{"custom_model_data":10404},"model":"crates_expansion:common_crate"},{"predicate":{"custom_model_data":10405},"model":"crates_expansion:rare_crate"},{"predicate":{"custom_model_data":10406},"model":"crates_expansion:legendary_crate"},{"predicate":{"custom_model_data":10407},"model":"crates_expansion:cosmetic_crate"},{"predicate":{"custom_model_data":10408},"model":"crates_expansion:furniture_crate"},{"predicate":{"custom_model_data":10409},"model":"crates_expansion:pet_crate"},{"predicate":{"custom_model_data":10415},"model":"summer_furniture_set:accessorie_1"},{"predicate":{"custom_model_data":10416},"model":"summer_furniture_set:accessorie_2"},{"predicate":{"custom_model_data":10417},"model":"summer_furniture_set:accessorie_3"},{"predicate":{"custom_model_data":10418},"model":"summer_furniture_set:accessorie_4"},{"predicate":{"custom_model_data":10419},"model":"summer_furniture_set:beach_bed_1"},{"predicate":{"custom_model_data":10420},"model":"summer_furniture_set:beach_bed_2"},{"predicate":{"custom_model_data":10421},"model":"summer_furniture_set:beach_toys"},{"predicate":{"custom_model_data":10422},"model":"summer_furniture_set:chair_1"},{"predicate":{"custom_model_data":10423},"model":"summer_furniture_set:chair_2"},{"predicate":{"custom_model_data":10424},"model":"summer_furniture_set:coconut_tree_1"},{"predicate":{"custom_model_data":10425},"model":"summer_furniture_set:coconut_tree_2"},{"predicate":{"custom_model_data":10426},"model":"summer_furniture_set:coconut_tree_3"},{"predicate":{"custom_model_data":10427},"model":"summer_furniture_set:coconut_tree_4"},{"predicate":{"custom_model_data":10428},"model":"summer_furniture_set:counter_1"},{"predicate":{"custom_model_data":10429},"model":"summer_furniture_set:counter_2"},{"predicate":{"custom_model_data":10430},"model":"summer_furniture_set:dry_grass_roof"},{"predicate":{"custom_model_data":10431},"model":"summer_furniture_set:dry_grass_roof_angle"},{"predicate":{"custom_model_data":10432},"model":"summer_furniture_set:ice_bucket"},{"predicate":{"custom_model_data":10433},"model":"summer_furniture_set:light"},{"predicate":{"custom_model_data":10434},"model":"summer_furniture_set:long_shelf_1"},{"predicate":{"custom_model_data":10435},"model":"summer_furniture_set:long_shelf_2"},{"predicate":{"custom_model_data":10436},"model":"summer_furniture_set:long_table_1"},{"predicate":{"custom_model_data":10437},"model":"summer_furniture_set:long_table_2"},{"predicate":{"custom_model_data":10438},"model":"summer_furniture_set:long_table_3"},{"predicate":{"custom_model_data":10439},"model":"summer_furniture_set:long_table_4"},{"predicate":{"custom_model_data":10440},"model":"summer_furniture_set:plant_1"},{"predicate":{"custom_model_data":10441},"model":"summer_furniture_set:plant_2"},{"predicate":{"custom_model_data":10442},"model":"summer_furniture_set:sand_castle"},{"predicate":{"custom_model_data":10443},"model":"summer_furniture_set:shelf"},{"predicate":{"custom_model_data":10444},"model":"summer_furniture_set:small_table_1"},{"predicate":{"custom_model_data":10445},"model":"summer_furniture_set:small_table_2"},{"predicate":{"custom_model_data":10446},"model":"summer_furniture_set:small_table_3"},{"predicate":{"custom_model_data":10447},"model":"summer_furniture_set:surfboard_1"},{"predicate":{"custom_model_data":10448},"model":"summer_furniture_set:surfboard_2"},{"predicate":{"custom_model_data":10449},"model":"summer_furniture_set:surfboard_3"},{"predicate":{"custom_model_data":10450},"model":"summer_furniture_set:surfboard_stand"},{"predicate":{"custom_model_data":10451},"model":"summer_furniture_set:swimming_ring_stand"},{"predicate":{"custom_model_data":10452},"model":"summer_furniture_set:table_1"},{"predicate":{"custom_model_data":10453},"model":"summer_furniture_set:table_2"},{"predicate":{"custom_model_data":10454},"model":"summer_furniture_set:umbrella_1"},{"predicate":{"custom_model_data":10455},"model":"summer_furniture_set:umbrella_2"},{"predicate":{"custom_model_data":10456},"model":"summer_furniture_set:umbrella_3"},{"predicate":{"custom_model_data":10457},"model":"summer_furniture_set:umbrella_4"},{"predicate":{"custom_model_data":10473},"model":"minerals_pack:item/ia_auto/mythril_ore"},{"predicate":{"custom_model_data":10474},"model":"minerals_pack:item/ia_auto/mythril_ore_deepslate"},{"predicate":{"custom_model_data":10475},"model":"minerals_pack:item/ia_auto/raw_mythril_block"},{"predicate":{"custom_model_data":10476},"model":"minerals_pack:item/ia_auto/mythril_block"},{"predicate":{"custom_model_data":10477},"model":"minerals_pack:item/ia_auto/malachite_ore"},{"predicate":{"custom_model_data":10478},"model":"minerals_pack:item/ia_auto/malachite_ore_deepslate"},{"predicate":{"custom_model_data":10479},"model":"minerals_pack:item/ia_auto/raw_malachite_block"},{"predicate":{"custom_model_data":10480},"model":"minerals_pack:item/ia_auto/malachite_block"},{"predicate":{"custom_model_data":10481},"model":"minerals_pack:item/ia_auto/amethyst_ore"},{"predicate":{"custom_model_data":10482},"model":"minerals_pack:item/ia_auto/amethyst_ore_deepslate"},{"predicate":{"custom_model_data":10483},"model":"minerals_pack:item/ia_auto/raw_amethyst_block"},{"predicate":{"custom_model_data":10484},"model":"minerals_pack:item/ia_auto/amethyst_block"},{"predicate":{"custom_model_data":10485},"model":"minerals_pack:item/ia_auto/amber_ore"},{"predicate":{"custom_model_data":10486},"model":"minerals_pack:item/ia_auto/amber_ore_deepslate"},{"predicate":{"custom_model_data":10487},"model":"minerals_pack:item/ia_auto/raw_amber_block"},{"predicate":{"custom_model_data":10488},"model":"minerals_pack:item/ia_auto/amber_block"},{"predicate":{"custom_model_data":10489},"model":"minerals_pack:item/ia_auto/ruby_ore"},{"predicate":{"custom_model_data":10490},"model":"minerals_pack:item/ia_auto/ruby_ore_deepslate"},{"predicate":{"custom_model_data":10491},"model":"minerals_pack:item/ia_auto/raw_ruby_block"},{"predicate":{"custom_model_data":10492},"model":"minerals_pack:item/ia_auto/ruby_block"},{"predicate":{"custom_model_data":10493},"model":"minerals_pack:item/ia_auto/jade_ore"},{"predicate":{"custom_model_data":10494},"model":"minerals_pack:item/ia_auto/jade_ore_deepslate"},{"predicate":{"custom_model_data":10495},"model":"minerals_pack:item/ia_auto/raw_jade_block"},{"predicate":{"custom_model_data":10496},"model":"minerals_pack:item/ia_auto/jade_block"},{"predicate":{"custom_model_data":10497},"model":"minerals_pack:item/ia_auto/silver_ore"},{"predicate":{"custom_model_data":10498},"model":"minerals_pack:item/ia_auto/silver_ore_deepslate"},{"predicate":{"custom_model_data":10499},"model":"minerals_pack:item/ia_auto/raw_silver_block"},{"predicate":{"custom_model_data":10500},"model":"minerals_pack:item/ia_auto/silver_block"},{"predicate":{"custom_model_data":10501},"model":"minerals_pack:item/ia_auto/iridium_ore"},{"predicate":{"custom_model_data":10502},"model":"minerals_pack:item/ia_auto/iridium_ore_deepslate"},{"predicate":{"custom_model_data":10503},"model":"minerals_pack:item/ia_auto/raw_iridium_block"},{"predicate":{"custom_model_data":10504},"model":"minerals_pack:item/ia_auto/iridium_block"},{"predicate":{"custom_model_data":10505},"model":"minerals_pack:item/ia_auto/mythril_nugget"},{"predicate":{"custom_model_data":10506},"model":"minerals_pack:item/ia_auto/raw_mythril"},{"predicate":{"custom_model_data":10507},"model":"minerals_pack:item/ia_auto/mythril_ingot"},{"predicate":{"custom_model_data":10508},"model":"minerals_pack:item/ia_auto/malachite_nugget"},{"predicate":{"custom_model_data":10509},"model":"minerals_pack:item/ia_auto/malachite"},{"predicate":{"custom_model_data":10510},"model":"minerals_pack:item/ia_auto/malachite_ingot"},{"predicate":{"custom_model_data":10511},"model":"minerals_pack:item/ia_auto/amethyst_nugget"},{"predicate":{"custom_model_data":10512},"model":"minerals_pack:item/ia_auto/amethyst"},{"predicate":{"custom_model_data":10513},"model":"minerals_pack:item/ia_auto/amethyst_ingot"},{"predicate":{"custom_model_data":10514},"model":"minerals_pack:item/ia_auto/amber_nugget"},{"predicate":{"custom_model_data":10515},"model":"minerals_pack:item/ia_auto/amber"},{"predicate":{"custom_model_data":10516},"model":"minerals_pack:item/ia_auto/amber_ingot"},{"predicate":{"custom_model_data":10517},"model":"minerals_pack:item/ia_auto/ruby_nugget"},{"predicate":{"custom_model_data":10518},"model":"minerals_pack:item/ia_auto/ruby"},{"predicate":{"custom_model_data":10519},"model":"minerals_pack:item/ia_auto/ruby_ingot"},{"predicate":{"custom_model_data":10520},"model":"minerals_pack:item/ia_auto/jade_nugget"},{"predicate":{"custom_model_data":10521},"model":"minerals_pack:item/ia_auto/raw_jade"},{"predicate":{"custom_model_data":10522},"model":"minerals_pack:item/ia_auto/jade_ingot"},{"predicate":{"custom_model_data":10523},"model":"minerals_pack:item/ia_auto/silver_nugget"},{"predicate":{"custom_model_data":10524},"model":"minerals_pack:item/ia_auto/silver"},{"predicate":{"custom_model_data":10525},"model":"minerals_pack:item/ia_auto/silver_ingot"},{"predicate":{"custom_model_data":10526},"model":"minerals_pack:item/ia_auto/iridium_nugget"},{"predicate":{"custom_model_data":10527},"model":"minerals_pack:item/ia_auto/raw_iridium"},{"predicate":{"custom_model_data":10528},"model":"minerals_pack:item/ia_auto/iridium_ingot"},{"predicate":{"custom_model_data":19191},"model":"twilight_of_ender:wing"},{"predicate":{"custom_model_data":19508},"model":"twilight_of_ender:hat"},{"predicate":{"custom_model_data":20086},"model":"twilight_of_ender:chest"},{"predicate":{"custom_model_data":24813},"model":"twilight_of_ender:key"},{"predicate":{"custom_model_data":100000},"model":"nightmarket:item/ia_auto/nothing"},{"predicate":{"custom_model_data":100001},"model":"nightmarket:item/ia_auto/check_mark"},{"predicate":{"custom_model_data":100002},"model":"nightmarket:item/ia_auto/locked_common"},{"predicate":{"custom_model_data":100003},"model":"nightmarket:item/ia_auto/locked_uncommon"},{"predicate":{"custom_model_data":100004},"model":"nightmarket:item/ia_auto/locked_rare"},{"predicate":{"custom_model_data":100005},"model":"nightmarket:item/ia_auto/locked_epic"},{"predicate":{"custom_model_data":100006},"model":"nightmarket:item/ia_auto/locked_legendary"},{"predicate":{"custom_model_data":100007},"model":"nightmarket:item/ia_auto/locked_mythical"},{"predicate":{"custom_model_data":100008},"model":"nightmarket:item/ia_auto/reroll_icon"},{"predicate":{"custom_model_data":100009},"model":"item/paper"}]}