{"credit":"Made with Blockbench","texture_size":[128,128],"textures":{"0":"elitecreatures:christmas_holiday_2023/christmas_chest","particle":"elitecreatures:christmas_holiday_2023/christmas_chest"},"elements":[{"from":[8.41342,13.5,2.3806],"to":[11.41342,19.5,14.3806],"rotation":{"angle":22.5,"axis":"y","origin":[8,8,13]},"faces":{"north":{"uv":[1.625,7.375,2,8.125],"texture":"#0"},"south":{"uv":[1.625,7.375,2,8.125],"texture":"#0"},"up":{"uv":[1.125,8.375,0.75,6.875],"texture":"#0"}}},{"from":[-4.07442,18.83932,6],"to":[20.07558,20.83932,10],"rotation":{"angle":0,"axis":"y","origin":[8,8,13]},"faces":{"north":{"uv":[9,4.125,6,4.375],"texture":"#0"},"south":{"uv":[9,4.125,6,4.375],"texture":"#0"},"up":{"uv":[5.5,2.625,8.5,2.125],"texture":"#0"}}},{"from":[11.41342,19.5,14.3806],"to":[8.41342,13.5,2.3806],"rotation":{"angle":22.5,"axis":"y","origin":[8,8,13]},"faces":{"north":{"uv":[1.625,8.125,2,7.375],"texture":"#0"},"south":{"uv":[1.625,8.125,2,7.375],"texture":"#0"},"down":{"uv":[0.75,8.375,1.125,6.875],"texture":"#0"}}},{"from":[4.58658,13.5,2.3806],"to":[7.58658,19.5,14.3806],"rotation":{"angle":-22.5,"axis":"y","origin":[8,8,13]},"faces":{"north":{"uv":[2,7.375,1.625,8.125],"texture":"#0"},"south":{"uv":[2,7.375,1.625,8.125],"texture":"#0"},"up":{"uv":[0.75,8.375,1.125,6.875],"texture":"#0"}}},{"from":[7.58658,19.5,14.3806],"to":[4.58658,13.5,2.3806],"rotation":{"angle":-22.5,"axis":"y","origin":[8,8,13]},"faces":{"north":{"uv":[2,8.125,1.625,7.375],"texture":"#0"},"south":{"uv":[2,8.125,1.625,7.375],"texture":"#0"},"down":{"uv":[1.125,8.375,0.75,6.875],"texture":"#0"}}},{"from":[-4,8,-1],"to":[20,11,17],"rotation":{"angle":0,"axis":"y","origin":[8,8,13]},"faces":{"north":{"uv":[2.25,5.75,5.25,6.125],"texture":"#0"},"east":{"uv":[6,3.75,8.25,4.125],"texture":"#0"},"south":{"uv":[2,7.625,5,8],"texture":"#0"},"west":{"uv":[6,3.75,8.25,4.125],"texture":"#0"},"up":{"uv":[3,2.25,0,0],"texture":"#0"},"down":{"uv":[3,2.25,0,4.5],"texture":"#0"}}},{"from":[-2.24299,13.48311,1],"to":[1.75701,24.48311,15],"rotation":{"angle":22.5,"axis":"z","origin":[8,8,13]},"faces":{"north":{"uv":[1.625,6,2.125,7.375],"texture":"#0"},"east":{"uv":[5.25,4.75,7,6.125],"texture":"#0"},"south":{"uv":[2.125,6,1.625,7.375],"texture":"#0"},"west":{"uv":[5.5,0,7.25,1.375],"texture":"#0"},"up":{"uv":[1.625,7.75,1.125,6],"texture":"#0"}}},{"from":[-4,11,3],"to":[20,19,13],"rotation":{"angle":0,"axis":"y","origin":[8,8,13]},"faces":{"north":{"uv":[2.25,4.75,5.25,5.75],"texture":"#0"},"south":{"uv":[2.25,4.75,5.25,5.75],"texture":"#0"},"up":{"uv":[6,4.75,3,3.5],"texture":"#0"}}},{"from":[-4.89949,6,0.10051],"to":[1.10051,12,6.10051],"rotation":{"angle":-45,"axis":"y","origin":[8,8,13]},"faces":{"north":{"uv":[2.125,6.125,2.875,6.875],"texture":"#0"},"east":{"uv":[2.875,6.125,3.625,6.875],"texture":"#0"},"south":{"uv":[3.625,6.125,4.375,6.875],"texture":"#0"},"west":{"uv":[4.375,6.125,5.125,6.875],"texture":"#0"},"up":{"uv":[5.875,6.875,5.125,6.125],"texture":"#0"},"down":{"uv":[6.625,6.125,5.875,6.875],"texture":"#0"}}},{"from":[-8.86018,19.69059,6],"to":[0.13982,26.69059,10],"rotation":{"angle":-22.5,"axis":"z","origin":[8.5,8,13]},"faces":{"north":{"uv":[0,6,1.125,6.875],"texture":"#0"},"east":{"uv":[6.375,7.125,6.875,8],"texture":"#0"},"south":{"uv":[1.125,6,0,6.875],"texture":"#0"},"west":{"uv":[6.875,7.125,7.375,8],"texture":"#0"},"up":{"uv":[7.75,6.625,6.625,6.125],"texture":"#0"},"down":{"uv":[7.75,6.625,6.625,7.125],"texture":"#0"}}},{"from":[0.13982,26.69059,10],"to":[-8.86018,19.69059,6],"rotation":{"angle":-22.5,"axis":"z","origin":[8.5,8,13]},"faces":{"north":{"uv":[1.125,6.875,0,6],"texture":"#0"},"east":{"uv":[6.875,8,7.375,7.125],"texture":"#0"},"south":{"uv":[0,6.875,1.125,6],"texture":"#0"},"west":{"uv":[6.375,8,6.875,7.125],"texture":"#0"},"up":{"uv":[6.625,6.625,7.75,7.125],"texture":"#0"},"down":{"uv":[6.625,6.625,7.75,6.125],"texture":"#0"}}},{"from":[15.86018,19.69059,6],"to":[24.86018,26.69059,10],"rotation":{"angle":22.5,"axis":"z","origin":[7.5,8,13]},"faces":{"north":{"uv":[1.125,6,0,6.875],"texture":"#0"},"east":{"uv":[7.375,7.125,6.875,8],"texture":"#0"},"south":{"uv":[0,6,1.125,6.875],"texture":"#0"},"west":{"uv":[6.875,7.125,6.375,8],"texture":"#0"},"up":{"uv":[6.625,6.625,7.75,6.125],"texture":"#0"},"down":{"uv":[6.625,6.625,7.75,7.125],"texture":"#0"}}},{"from":[24.86018,26.69059,10],"to":[15.86018,19.69059,6],"rotation":{"angle":22.5,"axis":"z","origin":[7.5,8,13]},"faces":{"north":{"uv":[0,6.875,1.125,6],"texture":"#0"},"east":{"uv":[6.875,8,6.375,7.125],"texture":"#0"},"south":{"uv":[1.125,6.875,0,6],"texture":"#0"},"west":{"uv":[7.375,8,6.875,7.125],"texture":"#0"},"up":{"uv":[7.75,6.625,6.625,7.125],"texture":"#0"},"down":{"uv":[7.75,6.625,6.625,6.125],"texture":"#0"}}},{"from":[1.46447,19,6.46447],"to":[7.46447,25,12.46447],"rotation":{"angle":-45,"axis":"y","origin":[8,8,13]},"faces":{"north":{"uv":[0,6.875,0.75,7.625],"texture":"#0"},"east":{"uv":[2.125,6.875,2.875,7.625],"texture":"#0"},"south":{"uv":[2.875,6.875,3.625,7.625],"texture":"#0"},"west":{"uv":[3.625,6.875,4.375,7.625],"texture":"#0"},"up":{"uv":[5.125,7.625,4.375,6.875],"texture":"#0"}}},{"from":[-1.24299,21.48311,12],"to":[-2.24299,13.48311,4],"rotation":{"angle":22.5,"axis":"z","origin":[8,8,13]},"faces":{"north":{"uv":[2.125,7.375,2,6.375],"texture":"#0"},"south":{"uv":[1.75,7.375,1.625,6.375],"texture":"#0"},"west":{"uv":[8,1,9,0],"texture":"#0"},"up":{"uv":[1.125,7.75,1.625,6],"texture":"#0"},"down":{"uv":[5.875,0.25,6.875,0.375],"rotation":90,"texture":"#0"}}},{"from":[18.24299,21.48311,12],"to":[17.24299,13.48311,4],"rotation":{"angle":-22.5,"axis":"z","origin":[8,8,13]},"faces":{"north":{"uv":[2,7.375,2.125,6.375],"texture":"#0"},"east":{"uv":[9,1,8,0],"texture":"#0"},"south":{"uv":[1.625,7.375,1.75,6.375],"texture":"#0"},"up":{"uv":[1.625,7.75,1.125,6],"texture":"#0"},"down":{"uv":[5.875,0.375,6.875,0.25],"rotation":90,"texture":"#0"}}},{"from":[14.24299,13.48311,1],"to":[18.24299,24.48311,15],"rotation":{"angle":-22.5,"axis":"z","origin":[8,8,13]},"faces":{"north":{"uv":[2.125,6,1.625,7.375],"texture":"#0"},"east":{"uv":[7.25,0,5.5,1.375],"texture":"#0"},"south":{"uv":[1.625,6,2.125,7.375],"texture":"#0"},"west":{"uv":[7,4.75,5.25,6.125],"texture":"#0"},"up":{"uv":[1.125,7.75,1.625,6],"texture":"#0"}}},{"from":[-6.06827,2,0.85896],"to":[7.93173,16,0.90896],"rotation":{"angle":-22.5,"axis":"y","origin":[8,8,13]},"faces":{"north":{"uv":[7.75,4.375,9.25,5.75],"texture":"#0"},"south":{"uv":[9.25,4.375,7.75,5.75],"texture":"#0"}}},{"from":[8.06827,2,0.85896],"to":[22.06827,16,0.90896],"rotation":{"angle":22.5,"axis":"y","origin":[8,8,13]},"faces":{"north":{"uv":[9.25,4.375,7.75,5.75],"texture":"#0"},"south":{"uv":[7.75,4.375,9.25,5.75],"texture":"#0"}}},{"from":[3.56491,-2.41382,-2.2],"to":[6.56491,8.58618,-2.15],"rotation":{"angle":-22.5,"axis":"z","origin":[8,8,13]},"faces":{"north":{"uv":[7.25,0,7.625,1.375],"texture":"#0"},"south":{"uv":[7.25,0,7.625,1.375],"texture":"#0"}}},{"from":[9.43509,-2.41382,-2.2],"to":[12.43509,8.58618,-2.15],"rotation":{"angle":22.5,"axis":"z","origin":[8,8,13]},"faces":{"north":{"uv":[7.625,0,7.25,1.375],"texture":"#0"},"south":{"uv":[7.625,0,7.25,1.375],"texture":"#0"}}},{"from":[15,-2,12],"to":[20,4,17],"rotation":{"angle":0,"axis":"y","origin":[16,-1,16]},"faces":{"north":{"uv":[7,2.625,7.625,3.375],"texture":"#0"},"east":{"uv":[7,4.75,7.625,5.5],"texture":"#0"},"south":{"uv":[5.125,6.875,5.75,7.625],"texture":"#0"},"west":{"uv":[5.75,6.875,6.375,7.625],"texture":"#0"},"up":{"uv":[7,5.5,7.625,6.125],"texture":"#0"},"down":{"uv":[7.375,7.75,8,7.125],"texture":"#0"}}},{"from":[-2,-1,1],"to":[18,2,15],"faces":{"north":{"uv":[6,3.375,8.5,3.75],"texture":"#0"},"east":{"uv":[6,4.375,7.75,4.75],"texture":"#0"},"south":{"uv":[6,3.375,8.5,3.75],"texture":"#0"},"west":{"uv":[6,4.375,7.75,4.75],"texture":"#0"},"up":{"uv":[5.5,1.75,3,0],"texture":"#0"},"down":{"uv":[5.5,1.75,3,3.5],"texture":"#0"}}},{"from":[-1,2,2],"to":[17,8,14],"faces":{"north":{"uv":[5.5,1.375,7.75,2.125],"texture":"#0"},"east":{"uv":[5.5,2.625,7,3.375],"texture":"#0"},"south":{"uv":[5.5,1.375,7.75,2.125],"texture":"#0"},"west":{"uv":[5.5,2.625,7,3.375],"texture":"#0"},"up":{"uv":[2.25,6,0,4.5],"texture":"#0"}}},{"from":[-4,-2,-1],"to":[1,4,4],"rotation":{"angle":0,"axis":"y","origin":[0,-1,0]},"faces":{"north":{"uv":[5.125,6.875,5.75,7.625],"texture":"#0"},"east":{"uv":[5.75,6.875,6.375,7.625],"texture":"#0"},"south":{"uv":[7,2.625,7.625,3.375],"texture":"#0"},"west":{"uv":[7,4.75,7.625,5.5],"texture":"#0"},"up":{"uv":[7.625,6.125,7,5.5],"texture":"#0"},"down":{"uv":[8,7.125,7.375,7.75],"texture":"#0"}}},{"from":[-2,4,1],"to":[1,8,4],"rotation":{"angle":0,"axis":"y","origin":[0,-1,0]},"faces":{"north":{"uv":[0,7.625,0.375,8.125],"texture":"#0"},"east":{"uv":[7.625,0,8,0.5],"texture":"#0"},"south":{"uv":[0.375,7.625,0.75,8.125],"texture":"#0"},"west":{"uv":[7.625,0.5,8,1],"texture":"#0"},"up":{"uv":[8,1.375,7.625,1],"texture":"#0"}}},{"from":[15,-2,-1],"to":[20,4,4],"rotation":{"angle":0,"axis":"y","origin":[16,-1,0]},"faces":{"north":{"uv":[5.75,6.875,5.125,7.625],"texture":"#0"},"east":{"uv":[7.625,4.75,7,5.5],"texture":"#0"},"south":{"uv":[7.625,2.625,7,3.375],"texture":"#0"},"west":{"uv":[6.375,6.875,5.75,7.625],"texture":"#0"},"up":{"uv":[7,6.125,7.625,5.5],"texture":"#0"},"down":{"uv":[7.375,7.125,8,7.75],"texture":"#0"}}},{"from":[15,4,1],"to":[18,8,4],"rotation":{"angle":0,"axis":"y","origin":[16,-1,0]},"faces":{"north":{"uv":[0.375,7.625,0,8.125],"texture":"#0"},"east":{"uv":[8,0.5,7.625,1],"texture":"#0"},"south":{"uv":[0.75,7.625,0.375,8.125],"texture":"#0"},"west":{"uv":[8,0,7.625,0.5],"texture":"#0"},"up":{"uv":[7.625,1.375,8,1],"texture":"#0"}}},{"from":[15,4,12],"to":[18,8,15],"rotation":{"angle":0,"axis":"y","origin":[16,-1,16]},"faces":{"north":{"uv":[0.375,7.625,0.75,8.125],"texture":"#0"},"east":{"uv":[7.625,0.5,8,1],"texture":"#0"},"south":{"uv":[0,7.625,0.375,8.125],"texture":"#0"},"west":{"uv":[7.625,0,8,0.5],"texture":"#0"},"up":{"uv":[7.625,1,8,1.375],"texture":"#0"}}},{"from":[-2,4,12],"to":[1,8,15],"rotation":{"angle":0,"axis":"y","origin":[0,-1,16]},"faces":{"north":{"uv":[0.75,7.625,0.375,8.125],"texture":"#0"},"east":{"uv":[8,0,7.625,0.5],"texture":"#0"},"south":{"uv":[0.375,7.625,0,8.125],"texture":"#0"},"west":{"uv":[8,0.5,7.625,1],"texture":"#0"},"up":{"uv":[8,1,7.625,1.375],"texture":"#0"}}},{"from":[-4,-2,12],"to":[1,4,17],"rotation":{"angle":0,"axis":"y","origin":[0,-1,16]},"faces":{"north":{"uv":[7.625,2.625,7,3.375],"texture":"#0"},"east":{"uv":[6.375,6.875,5.75,7.625],"texture":"#0"},"south":{"uv":[5.75,6.875,5.125,7.625],"texture":"#0"},"west":{"uv":[7.625,4.75,7,5.5],"texture":"#0"},"up":{"uv":[7.625,5.5,7,6.125],"texture":"#0"},"down":{"uv":[8,7.75,7.375,7.125],"texture":"#0"}}}],"gui_light":"front","display":{"thirdperson_righthand":{"rotation":[60.75,0,0],"scale":[0.42773,0.42773,0.42773]},"thirdperson_lefthand":{"rotation":[60.75,0,0],"scale":[0.42773,0.42773,0.42773]},"firstperson_righthand":{"rotation":[19,137,-6],"translation":[15,-5.5,-19],"scale":[0.80469,0.80469,0.80469]},"firstperson_lefthand":{"rotation":[19,137,-6],"translation":[15,-5.5,-19],"scale":[0.80469,0.80469,0.80469]},"ground":{"translation":[0,0.25,0],"scale":[0.54492,0.54492,0.54492]},"gui":{"rotation":[16,159,0],"translation":[0,-2,0],"scale":[0.39844,0.39844,0.39844]},"head":{"translation":[0,-31.5,-0.75],"scale":[1.15625,1.15625,1.15625]},"fixed":{"rotation":[-90,0,0],"translation":[0,0,-9.75],"scale":[1.36328,1.36328,1.36328]}}}