{"textures":{"0":"modelengine:entity/dolphin"},"elements":[{"from":[8.783237,6.9960003,15.097844],"to":[10.886759,7.932508,18.851822],"faces":{"east":{"uv":[9.0,7.625,9.5,7.75],"tintindex":-2,"rotation":0,"texture":"#0"},"south":{"uv":[3.375,9.125,3.625,9.25],"tintindex":-2,"rotation":0,"texture":"#0"},"north":{"uv":[2.125,9.125,2.375,9.25],"tintindex":-2,"rotation":0,"texture":"#0"},"west":{"uv":[9.0,7.75,9.5,7.875],"tintindex":-2,"rotation":0,"texture":"#0"},"up":{"uv":[1.875,3.75,1.625,3.25],"tintindex":-2,"rotation":0,"texture":"#0"},"down":{"uv":[3.375,3.75,3.125,4.25],"tintindex":-2,"rotation":0,"texture":"#0"}},"rotation":{"origin":[24.615618,-1.0255404,-5.824628],"angle":-22.5,"axis":"y"}},{"from":[0.36265516,6.9960003,-13.369389],"to":[3.6973777,7.932508,-4.690609],"faces":{"east":{"uv":[8.625,6.125,9.6875,6.25],"tintindex":-2,"rotation":0,"texture":"#0"},"south":{"uv":[9.0,8.0,9.4375,8.125],"tintindex":-2,"rotation":0,"texture":"#0"},"north":{"uv":[9.0,7.875,9.4375,8.0],"tintindex":-2,"rotation":0,"texture":"#0"},"west":{"uv":[8.625,8.625,9.6875,8.75],"tintindex":-2,"rotation":0,"texture":"#0"},"up":{"uv":[3.9375,8.5625,3.5,7.5],"tintindex":-2,"rotation":0,"texture":"#0"},"down":{"uv":[5.3125,7.875,4.875,8.9375],"tintindex":-2,"rotation":0,"texture":"#0"}},"rotation":{"origin":[24.813437,-1.0255404,-4.743059],"angle":45.0,"axis":"y"}},{"from":[1.4243884,7.046,6.446518],"to":[7.22151,7.9825077,10.200497],"faces":{"east":{"uv":[7.5,9.0,8.0,9.125],"tintindex":-2,"rotation":0,"texture":"#0"},"south":{"uv":[8.875,2.125,9.625,2.25],"tintindex":-2,"rotation":0,"texture":"#0"},"north":{"uv":[8.875,2.0,9.625,2.125],"tintindex":-2,"rotation":0,"texture":"#0"},"west":{"uv":[9.0,7.5,9.5,7.625],"tintindex":-2,"rotation":0,"texture":"#0"},"up":{"uv":[2.75,8.625,2.0,8.125],"tintindex":-2,"rotation":0,"texture":"#0"},"down":{"uv":[8.875,2.0,8.125,2.5],"tintindex":-2,"rotation":0,"texture":"#0"}}},{"from":[5.784658,7.095036,-3.0980759],"to":[11.58178,8.031544,6.811903],"faces":{"east":{"uv":[8.125,6.75,9.375,6.875],"tintindex":-2,"rotation":0,"texture":"#0"},"south":{"uv":[8.625,8.75,9.375,8.875],"tintindex":-2,"rotation":0,"texture":"#0"},"north":{"uv":[8.75,3.625,9.5,3.75],"tintindex":-2,"rotation":0,"texture":"#0"},"west":{"uv":[8.125,6.875,9.375,7.0],"tintindex":-2,"rotation":0,"texture":"#0"},"up":{"uv":[7.5,4.25,6.75,3.0],"tintindex":-2,"rotation":0,"texture":"#0"},"down":{"uv":[4.875,6.75,4.125,8.0],"tintindex":-2,"rotation":0,"texture":"#0"}},"rotation":{"origin":[22.84824,-1.0255404,5.5282516],"angle":22.5,"axis":"y"}}],"display":{"gui":{"rotation":[30,225,0]}}}