{"elements":[{"from":[5.8828573,5.8828573,5.8828573],"to":[10.117143,10.117143,10.117143],"rotation":{"angle":0.0,"axis":"y","origin":[8.0,8.0,8.0]},"faces":{"east":{"uv":[6.75,3.5,3.5,6.75],"rotation":0,"texture":"#0","tintindex":0},"south":{"uv":[3.5,0.0,6.75,3.25],"rotation":0,"texture":"#0","tintindex":0},"north":{"uv":[0.0,0.0,3.25,3.25],"rotation":0,"texture":"#0","tintindex":0},"west":{"uv":[3.5,3.5,6.75,6.75],"rotation":0,"texture":"#0","tintindex":0},"up":{"uv":[3.25,10.25,0.0,7.0],"rotation":0,"texture":"#0","tintindex":0},"down":{"uv":[10.25,0.0,7.0,3.25],"rotation":0,"texture":"#0","tintindex":0}}}],"textures":{"0":"modelengine:entity/ender_slime"},"display":{"head":{"translation":[0.0,-6.4,0.0],"scale":[4.0,4.0,4.0]}}}