{"textures​":{"layer0":"minecraft:item/ender_pearl"},"credit":"Made with Blockbench by yungwilder","texture_size":[32,32],"\u0074\u0065\u0078\u0074\u0075\u0072\u0065\u0073":{"1":"\u0065\u006e\u0064\u0065\u0072\u0064\u0072\u0061\u0067\u006f\u006e\u0073\u0065\u0074:\u0065\u006e\u0064\u0065\u0072_\u0064\u0075\u0073\u0074_\u0061\u006e\u0069\u006d\u0061\u0074\u0069\u006f\u006e","3":"\u0065\u006e\u0064\u0065\u0072\u0064\u0072\u0061\u0067\u006f\u006e\u0073\u0065\u0074:\u0065\u006e\u0064\u0065\u0072\u0064\u0072\u0061\u0067\u006f\u006e_\u0066\u0069\u0073\u0068\u0069\u006e\u0067_\u0072\u006f\u0064","\u0070\u0061\u0072\u0074\u0069\u0063\u006c\u0065":"\u0065\u006e\u0064\u0065\u0072\u0064\u0072\u0061\u0067\u006f\u006e\u0073\u0065\u0074:\u0065\u006e\u0064\u0065\u0072\u0064\u0072\u0061\u0067\u006f\u006e_\u0073\u0077\u006f\u0072\u0064"},"elements":[{"from":[-0.5619,14.33931,8.00937],"to":[0.4381,24.33931,8.00937],"rotation":{"angle":0,"axis":"y","origin":[6.62664,19.93992,8.00937]},"faces":{"north":{"uv":[8.5,0,9,5],"texture":"#3"},"east":{"uv":[0,0,0,5],"texture":"#3"},"south":{"uv":[9,0,9.5,5],"texture":"#3"},"west":{"uv":[0,0,0,5],"texture":"#3"},"up":{"uv":[0.5,0,0,0],"texture":"#3"},"down":{"uv":[0.5,0,0,0],"texture":"#3"}}},{"from":[5.94851,13.6218,8.00937],"to":[6.94851,26.6218,8.00937],"rotation":{"angle":45,"axis":"z","origin":[6.44851,17.6218,7.00937]},"faces":{"north":{"uv":[8,0,8.5,6.5],"texture":"#3"},"east":{"uv":[0,0,0,6.5],"texture":"#3"},"south":{"uv":[4,8,4.5,14.5],"texture":"#3"},"west":{"uv":[0,0,0,6.5],"texture":"#3"},"up":{"uv":[0.5,0,0,0],"texture":"#3"},"down":{"uv":[0.5,0,0,0],"texture":"#3"}}},{"from":[10.60808,10.04238,7.07187],"to":[12.60808,18.04238,8.94687],"rotation":{"angle":-22.5,"axis":"z","origin":[6.67917,19.10061,8.00937]},"faces":{"north":{"uv":[4,0,5,4],"texture":"#3"},"east":{"uv":[4,4,5,8],"texture":"#3"},"south":{"uv":[5,0,6,4],"texture":"#3"},"west":{"uv":[5,4,6,8],"texture":"#3"},"up":{"uv":[11,5.5,10,4.5],"texture":"#3"},"down":{"uv":[11,5.5,10,6.5],"texture":"#3"}}},{"from":[9.60808,10.04238,8.00937],"to":[10.60808,18.04238,8.00937],"rotation":{"angle":-22.5,"axis":"z","origin":[6.67917,19.10061,8.00937]},"faces":{"north":{"uv":[6.5,10,7,14],"texture":"#3"},"east":{"uv":[0,0,0,4],"texture":"#3"},"south":{"uv":[7,10,7.5,14],"texture":"#3"},"west":{"uv":[0,0,0,4],"texture":"#3"},"up":{"uv":[0.5,0,0,0],"texture":"#3"},"down":{"uv":[0.5,0,0,0],"texture":"#3"}}},{"from":[8.60808,14.04238,7.13437],"to":[10.60808,15.04238,8.88437],"rotation":{"angle":-22.5,"axis":"z","origin":[6.67917,19.10061,8.00937]},"faces":{"north":{"uv":[10,7.5,11,8],"texture":"#3"},"east":{"uv":[12,9.5,13,10],"texture":"#3"},"south":{"uv":[12.5,9,13.5,9.5],"texture":"#3"},"west":{"uv":[9.5,12.5,10.5,13],"texture":"#3"},"up":{"uv":[1,13,0,12],"texture":"#3"},"down":{"uv":[13,0,12,1],"texture":"#3"}}},{"from":[4.38046,22.04725,7.07187],"to":[6.38046,24.04725,8.94687],"rotation":{"angle":22.5,"axis":"z","origin":[6.45271,20.34602,8.00937]},"faces":{"north":{"uv":[10,6.5,11,7.5],"texture":"#3"},"east":{"uv":[9,10.5,10,11.5],"texture":"#3"},"south":{"uv":[10,10.5,11,11.5],"texture":"#3"},"west":{"uv":[0,11,1,12],"texture":"#3"},"up":{"uv":[12,1,11,0],"texture":"#3"},"down":{"uv":[2,11,1,12],"texture":"#3"}}},{"from":[5.38046,24.04725,7.50937],"to":[6.38046,27.04725,8.50937],"rotation":{"angle":22.5,"axis":"z","origin":[6.45271,20.34602,8.00937]},"faces":{"north":{"uv":[7.5,12,8,13.5],"texture":"#3"},"east":{"uv":[8,12,8.5,13.5],"texture":"#3"},"south":{"uv":[12,8,12.5,9.5],"texture":"#3"},"west":{"uv":[11,12,11.5,13.5],"texture":"#3"},"up":{"uv":[10,5,9.5,4.5],"texture":"#3"},"down":{"uv":[11,12.5,10.5,13],"texture":"#3"}}},{"from":[7.31796,14.92225,7.07187],"to":[9.31796,16.92225,8.94687],"rotation":{"angle":22.5,"axis":"z","origin":[6.45271,20.34602,8.00937]},"faces":{"north":{"uv":[11,1,12,2],"texture":"#3"},"east":{"uv":[2,11,3,12],"texture":"#3"},"south":{"uv":[11,2,12,3],"texture":"#3"},"west":{"uv":[3,11,4,12],"texture":"#3"},"up":{"uv":[12,4,11,3],"texture":"#3"},"down":{"uv":[12,4,11,5],"texture":"#3"}}},{"from":[8.31796,16.92225,7.50937],"to":[9.31796,18.92225,8.50937],"rotation":{"angle":22.5,"axis":"z","origin":[6.45271,20.34602,8.00937]},"faces":{"north":{"uv":[11.5,12,12,13],"texture":"#3"},"east":{"uv":[12,12,12.5,13],"texture":"#3"},"south":{"uv":[12.5,8,13,9],"texture":"#3"},"west":{"uv":[9,12.5,9.5,13.5],"texture":"#3"},"up":{"uv":[13.5,1,13,0.5],"texture":"#3"},"down":{"uv":[1.5,13,1,13.5],"texture":"#3"}}},{"from":[5.63049,19.88957,7.07187],"to":[7.63049,21.88957,8.94687],"rotation":{"angle":0,"axis":"z","origin":[6.45271,20.34602,8.00937]},"faces":{"north":{"uv":[4.5,11,5.5,12],"texture":"#3"},"east":{"uv":[11,5,12,6],"texture":"#3"},"south":{"uv":[5.5,11,6.5,12],"texture":"#3"},"west":{"uv":[11,6,12,7],"texture":"#3"},"up":{"uv":[12,8,11,7],"texture":"#3"},"down":{"uv":[8.5,11,7.5,12],"texture":"#3"}}},{"from":[6.63049,21.88957,7.50937],"to":[7.63049,25.88957,8.50937],"rotation":{"angle":0,"axis":"z","origin":[6.45271,20.34602,8.00937]},"faces":{"north":{"uv":[11,8,11.5,10],"texture":"#3"},"east":{"uv":[8.5,11,9,13],"texture":"#3"},"south":{"uv":[11,10,11.5,12],"texture":"#3"},"west":{"uv":[11.5,8,12,10],"texture":"#3"},"up":{"uv":[13.5,1.5,13,1],"texture":"#3"},"down":{"uv":[2,13,1.5,13.5],"texture":"#3"}}},{"from":[5.02342,13.42267,7.00937],"to":[7.02342,26.42267,9.00937],"rotation":{"angle":45,"axis":"z","origin":[6.45271,20.34602,8.00937]},"faces":{"north":{"uv":[0,0,1,6.5],"texture":"#3"},"east":{"uv":[1,0,2,6.5],"texture":"#3"},"south":{"uv":[2,0,3,6.5],"texture":"#3"},"west":{"uv":[3,0,4,6.5],"texture":"#3"},"up":{"uv":[10,12.5,9,11.5],"texture":"#3"},"down":{"uv":[11,11.5,10,12.5],"texture":"#3"}}},{"from":[3.02342,17.42267,7.00937],"to":[5.02342,18.42267,9.00937],"rotation":{"angle":45,"axis":"z","origin":[6.45271,20.34602,8.00937]},"faces":{"north":{"uv":[12.5,10,13.5,10.5],"texture":"#3"},"east":{"uv":[12.5,10.5,13.5,11],"texture":"#3"},"south":{"uv":[12.5,11,13.5,11.5],"texture":"#3"},"west":{"uv":[12.5,11.5,13.5,12],"texture":"#3"},"up":{"uv":[2,13,1,12],"texture":"#3"},"down":{"uv":[13,1,12,2],"texture":"#3"}}},{"from":[3.02342,24.42267,7.00937],"to":[5.02342,25.42267,9.00937],"rotation":{"angle":45,"axis":"z","origin":[6.45271,20.34602,8.00937]},"faces":{"north":{"uv":[12.5,12,13.5,12.5],"texture":"#3"},"east":{"uv":[12.5,12.5,13.5,13],"texture":"#3"},"south":{"uv":[0,13,1,13.5],"texture":"#3"},"west":{"uv":[13,0,14,0.5],"texture":"#3"},"up":{"uv":[3,13,2,12],"texture":"#3"},"down":{"uv":[13,2,12,3],"texture":"#3"}}},{"from":[5.99063,8,6.00937],"to":[9.99063,10,10.00937],"rotation":{"angle":0,"axis":"y","origin":[-0.00937,0,0.00937]},"faces":{"north":{"uv":[9,9.5,11,10.5],"texture":"#3"},"east":{"uv":[0,10,2,11],"texture":"#3"},"south":{"uv":[2,10,4,11],"texture":"#3"},"west":{"uv":[4.5,10,6.5,11],"texture":"#3"},"up":{"uv":[8,2,6,0],"texture":"#3"},"down":{"uv":[8,2,6,4],"texture":"#3"}}},{"from":[-1.00937,12.5,7.00937],"to":[0.99063,14.5,9.00937],"rotation":{"angle":0,"axis":"y","origin":[-0.00937,0,0.00937]},"faces":{"north":{"uv":[3,12,4,13],"texture":"#3"},"east":{"uv":[12,3,13,4],"texture":"#3"},"south":{"uv":[12,4,13,5],"texture":"#3"},"west":{"uv":[4.5,12,5.5,13],"texture":"#3"},"up":{"uv":[13,6,12,5],"texture":"#3"},"down":{"uv":[6.5,12,5.5,13],"texture":"#3"}}},{"from":[-0.50937,10.5,8.00937],"to":[1.49063,12.5,8.00937],"rotation":{"angle":0,"axis":"y","origin":[-0.00937,0,0.00937]},"faces":{"north":{"uv":[12,6,13,7],"texture":"#3"},"east":{"uv":[0,0,0,1],"texture":"#3"},"south":{"uv":[12,7,13,8],"texture":"#3"},"west":{"uv":[0,0,0,1],"texture":"#3"},"up":{"uv":[1,0,0,0],"texture":"#3"},"down":{"uv":[1,0,0,0],"texture":"#3"}}},{"from":[6.97038,11.21804,8.00937],"to":[12.97038,25.21804,8.00937],"rotation":{"angle":45,"axis":"z","origin":[5.67917,17.10061,8.00937]},"faces":{"north":{"uv":[6,2,0,16],"texture":"#1"},"east":{"uv":[0,0,0.5,0.5],"texture":"#missing"},"south":{"uv":[0,2,6,16],"texture":"#1"},"west":{"uv":[0,0,0.5,0.5],"texture":"#missing"},"up":{"uv":[0,0,0.5,0.5],"texture":"#missing"},"down":{"uv":[0,0,0.5,0.5],"texture":"#missing"}}},{"from":[6.99063,1,7.00937],"to":[8.99063,8,9.00937],"rotation":{"angle":0,"axis":"y","origin":[7.99063,0,8.00937]},"faces":{"north":{"uv":[0,6.5,1,10],"texture":"#3"},"east":{"uv":[1,6.5,2,10],"texture":"#3"},"south":{"uv":[2,6.5,3,10],"texture":"#3"},"west":{"uv":[3,6.5,4,10],"texture":"#3"},"up":{"uv":[12.5,11,11.5,10],"texture":"#3"},"down":{"uv":[12.5,11,11.5,12],"texture":"#3"}}},{"from":[10.99063,6,6.50937],"to":[14.99063,10,9.50937],"rotation":{"angle":45,"axis":"z","origin":[7.99063,0,8.00937]},"faces":{"north":{"uv":[6,4,8,6],"texture":"#3"},"east":{"uv":[4.5,8,6,10],"texture":"#3"},"south":{"uv":[6,6,8,8],"texture":"#3"},"west":{"uv":[6,8,7.5,10],"texture":"#3"},"up":{"uv":[10,8,8,6.5],"texture":"#3"},"down":{"uv":[9.5,8,7.5,9.5],"texture":"#3"}}},{"from":[6.49063,-1.5,6.75937],"to":[9.49063,1.5,9.25937],"rotation":{"angle":45,"axis":"z","origin":[7.99063,0,8.00937]},"faces":{"north":{"uv":[8.5,5,10,6.5],"texture":"#3"},"east":{"uv":[9.5,0,11,1.5],"texture":"#3"},"south":{"uv":[9.5,1.5,11,3],"texture":"#3"},"west":{"uv":[9.5,3,11,4.5],"texture":"#3"},"up":{"uv":[9,11,7.5,9.5],"texture":"#3"},"down":{"uv":[11,8,9.5,9.5],"texture":"#3"}}}],"gui_light":"front","display":{"thirdperson_righthand":{"rotation":[0,-90,0],"translation":[0,1.5,1.5]},"thirdperson_lefthand":{"rotation":[0,90,0],"translation":[0,1.5,1.5]},"firstperson_righthand":{"rotation":[-15,-90,0],"translation":[0,1.5,0],"scale":[0.7,0.7,0.7]},"firstperson_lefthand":{"rotation":[-15,90,0],"translation":[0,1.5,0],"scale":[0.7,0.7,0.7]},"ground":{"rotation":[-45,0,0],"scale":[0.45,0.45,0.45]},"gui":{"rotation":[20,160,30],"translation":[-3,-1.5,0],"scale":[0.7,0.7,0.7]},"head":{"rotation":[-180,0,100],"translation":[4.5,9,0]},"fixed":{"rotation":[0,0,35],"translation":[4.5,-2.5,-1],"scale":[0.85,0.85,0.85]}}}