{"model":{"type":"range_dispatch","property":"custom_model_data","index":0,"fallback":{"type":"minecraft:model","model":"minecraft:item/netherite_sword"},"entries":[{"threshold":10011,"model":{"type":"model","model":"nexusset:greatsword"}},{"threshold":10012,"model":{"type":"model","model":"nexusset:hammer"}},{"threshold":10013,"model":{"type":"model","model":"nexusset:scythe"}},{"threshold":10014,"model":{"type":"model","model":"nexusset:spear"}},{"threshold":10015,"model":{"type":"model","model":"nexusset:staff"}},{"threshold":10016,"model":{"type":"model","model":"nexusset:sword"}},{"threshold":10017,"model":{"type":"model","model":"nexusset:trident"}},{"threshold":10018,"model":{"type":"model","model":"plny_halloween_pumpkin_set:hammer"}},{"threshold":10020,"model":{"type":"model","model":"plny_halloween_pumpkin_set:scythe"}},{"threshold":10021,"model":{"type":"model","model":"plny_halloween_pumpkin_set:spear"}},{"threshold":10022,"model":{"type":"model","model":"plny_halloween_pumpkin_set:staff"}},{"threshold":10023,"model":{"type":"model","model":"plny_halloween_pumpkin_set:sword"}},{"threshold":10024,"model":{"type":"model","model":"plny_halloween_pumpkin_set:trident"}},{"threshold":10155,"model":{"type":"model","model":"saturnstudio:lightsaber_1"}},{"threshold":10156,"model":{"type":"model","model":"saturnstudio:lightsaber_2"}},{"threshold":10157,"model":{"type":"model","model":"saturnstudio:lightsaber_3"}},{"threshold":10158,"model":{"type":"model","model":"saturnstudio:lightsaber_4"}},{"threshold":10159,"model":{"type":"model","model":"saturnstudio:lightsaber_5"}},{"threshold":10160,"model":{"type":"model","model":"saturnstudio:lightsaber_6"}},{"threshold":10161,"model":{"type":"model","model":"vanilla_sets:item/ia_auto/sculk_sword"}},{"threshold":10162,"model":{"type":"model","model":"vanilla_sets:item/ia_auto/crimson_sword"}},{"threshold":10163,"model":{"type":"model","model":"vanilla_sets:item/ia_auto/amethyst_sword"}},{"threshold":10164,"model":{"type":"model","model":"vanilla_sets:item/ia_auto/bone_sword"}},{"threshold":10165,"model":{"type":"model","model":"vanilla_sets:item/ia_auto/nautilus_sword"}},{"threshold":10176,"model":{"type":"model","model":"plny_spectral_corsair:hammer"}},{"threshold":10177,"model":{"type":"model","model":"plny_spectral_corsair:mace"}},{"threshold":10178,"model":{"type":"model","model":"plny_spectral_corsair:scythe"}},{"threshold":10179,"model":{"type":"model","model":"plny_spectral_corsair:spear"}},{"threshold":10180,"model":{"type":"model","model":"plny_spectral_corsair:staff"}},{"threshold":10181,"model":{"type":"model","model":"plny_spectral_corsair:sword"}},{"threshold":10182,"model":{"type":"model","model":"plny_spectral_corsair:trident"}},{"threshold":17752,"model":{"type":"model","model":"twilight_of_ender:spear"}},{"threshold":17999,"model":{"type":"model","model":"twilight_of_ender:staff"}},{"threshold":20516,"model":{"type":"model","model":"twilight_of_ender:hammer"}},{"threshold":20822,"model":{"type":"model","model":"twilight_of_ender:trident"}},{"threshold":20993,"model":{"type":"model","model":"twilight_of_ender:sword"}},{"threshold":21406,"model":{"type":"model","model":"twilight_of_ender:dagger"}},{"threshold":21530,"model":{"type":"model","model":"twilight_of_ender:rapier_sword"}},{"threshold":23058,"model":{"type":"model","model":"twilight_of_ender:scythe"}},{"threshold":23059,"model":{"type":"model","model":"item/netherite_sword"}}]},"oversized_in_gui":true}