{"model":{"type":"range_dispatch","property":"custom_model_data","index":0,"fallback":{"type":"minecraft:model","model":"minecraft:item/sugar"},"entries":[{"threshold":10000,"model":{"type":"model","model":"crates_expansion:item/ia_auto/common_key"}},{"threshold":10001,"model":{"type":"model","model":"crates_expansion:item/ia_auto/rare_key"}},{"threshold":10002,"model":{"type":"model","model":"crates_expansion:item/ia_auto/legendary_key"}},{"threshold":10003,"model":{"type":"model","model":"crates_expansion:item/ia_auto/cosmetic_key"}},{"threshold":10004,"model":{"type":"model","model":"crates_expansion:item/ia_auto/furniture_key"}},{"threshold":10005,"model":{"type":"model","model":"crates_expansion:item/ia_auto/pet_key"}},{"threshold":10006,"model":{"type":"model","model":"item/sugar"}}]},"oversized_in_gui":true}