{"credit":"MadewithBlockbench","textures":{"0":"elitecreatures:easterbunny_animated_weapon_set_v2/texture","1":"elitecreatures:easterbunny_animated_weapon_set_v2/eff_01","2":"elitecreatures:easterbunny_animated_weapon_set_v2/eff_02","4":"elitecreatures:easterbunny_animated_weapon_set_v2/wings","particle":"elitecreatures:easterbunny_animated_weapon_set_v2/texture"},"elements":[{"from":[7.36,6.68558,6.6411],"to":[8.64,7.96558,7.9211],"rotation":{"angle":45,"axis":"x","origin":[8,8,11.36377]},"faces":{"north":{"uv":[8.75,6,8,6.75],"texture":"#0"},"east":{"uv":[6.25,8,5.5,8.75],"texture":"#0"},"south":{"uv":[8.75,5,8,5.75],"texture":"#0"},"west":{"uv":[9.25,0,8.5,0.75],"texture":"#0"},"up":{"uv":[4.25,8.5,3.5,9.25],"texture":"#0"},"down":{"uv":[7.25,9.25,6.5,8.5],"texture":"#0"}}},{"from":[7.552,7.69738,6.15949],"to":[8.448,9.61738,8.07949],"rotation":{"angle":45,"axis":"x","origin":[8,8,11.36377]},"faces":{"north":{"uv":[5,6.5,4.5,7.75],"texture":"#0"},"east":{"uv":[4.75,2,3.5,3.25],"texture":"#0"},"south":{"uv":[7,2,6.5,3.25],"texture":"#0"},"west":{"uv":[4.75,3.5,3.5,4.75],"texture":"#0"},"up":{"uv":[7,4.5,6.5,5.75],"texture":"#0"},"down":{"uv":[5.5,7.75,5,6.5],"texture":"#0"}}},{"from":[7.552,12.45448,9.89096],"to":[8.448,14.37448,11.81096],"rotation":{"angle":-45,"axis":"x","origin":[8,8,11.36377]},"faces":{"north":{"uv":[6.5,6.5,6,7.75],"texture":"#0"},"east":{"uv":[6.25,2,5,3.25],"texture":"#0"},"south":{"uv":[6,6.5,5.5,7.75],"texture":"#0"},"west":{"uv":[4.75,5,3.5,6.25],"texture":"#0"},"up":{"uv":[7,6,6.5,7.25],"texture":"#0"},"down":{"uv":[7.5,1.25,7,0],"texture":"#0"}}},{"from":[7.2,10.57,7.2],"to":[8.8,12.17,8.8],"rotation":{"angle":0,"axis":"y","origin":[8,8,11.36377]},"faces":{"north":{"uv":[6.5,0,5.5,1],"texture":"#0"},"east":{"uv":[6,4.5,5,5.5],"texture":"#0"},"south":{"uv":[6,3.5,5,4.5],"texture":"#0"},"west":{"uv":[6.5,1,5.5,2],"texture":"#0"},"up":{"uv":[6,5.5,5,6.5],"texture":"#0"},"down":{"uv":[7,4.5,6,3.5],"texture":"#0"}}},{"from":[7.04,12.46493,11.07161],"to":[8.96,12.94493,11.55161],"rotation":{"angle":-45,"axis":"x","origin":[8,8,11.36377]},"faces":{"north":{"uv":[13.25,1.5,12,1.75],"texture":"#0"},"east":{"uv":[12.25,9,12,9.25],"texture":"#0"},"south":{"uv":[13.25,1,12,1.25],"texture":"#0"},"west":{"uv":[9.75,12,9.5,12.25],"texture":"#0"},"up":{"uv":[13.25,2,12,2.25],"texture":"#0"},"down":{"uv":[13.25,2.75,12,2.5],"texture":"#0"}}},{"from":[7.52,12.17,8.16],"to":[8.48,13.77,8.8],"rotation":{"angle":0,"axis":"y","origin":[8,8,11.36377]},"faces":{"north":{"uv":[7.625,2.5,7,3.5],"texture":"#0"},"east":{"uv":[11.875,6,11.5,7],"texture":"#0"},"south":{"uv":[7.625,1.5,7,2.5],"texture":"#0"},"west":{"uv":[6.875,11.5,6.5,12.5],"texture":"#0"},"up":{"uv":[12.625,4,12,4.375],"texture":"#0"},"down":{"uv":[5.125,12.375,4.5,12],"texture":"#0"}}},{"from":[7.52,12.17,7.2],"to":[8.48,12.97,7.84],"rotation":{"angle":0,"axis":"y","origin":[8,8,11.36377]},"faces":{"north":{"uv":[12.625,3.5,12,4],"texture":"#0"},"east":{"uv":[7.875,12,7.5,12.5],"texture":"#0"},"south":{"uv":[12.625,3,12,3.5],"texture":"#0"},"west":{"uv":[8.875,12,8.5,12.5],"texture":"#0"},"up":{"uv":[12.625,4.5,12,4.875],"texture":"#0"},"down":{"uv":[12.625,5.375,12,5],"texture":"#0"}}},{"from":[7.2,12.97,7.2],"to":[8.8,13.61,7.84],"rotation":{"angle":0,"axis":"y","origin":[8,8,11.36377]},"faces":{"north":{"uv":[12.5,7,11.5,7.375],"texture":"#0"},"east":{"uv":[12.375,8.5,12,8.875],"texture":"#0"},"south":{"uv":[8,11.5,7,11.875],"texture":"#0"},"west":{"uv":[9.375,12,9,12.375],"texture":"#0"},"up":{"uv":[12.5,7.5,11.5,7.875],"texture":"#0"},"down":{"uv":[12.5,8.375,11.5,8],"texture":"#0"}}},{"from":[7.9,9.58594,8.57625],"to":[7.9,12.78594,11.77625],"rotation":{"angle":22.5,"axis":"x","origin":[7.9,8,11.5]},"faces":{"north":{"uv":[0,0,0,2],"texture":"#0"},"east":{"uv":[3.5,0,5.5,2],"texture":"#0"},"south":{"uv":[0,0,0,2],"texture":"#0"},"west":{"uv":[5.5,0,3.5,2],"texture":"#0"},"up":{"uv":[0,0,0,2],"texture":"#0"},"down":{"uv":[0,2,0,0],"texture":"#0"}}},{"from":[8.1,9.58594,8.57625],"to":[8.1,12.78594,11.77625],"rotation":{"angle":22.5,"axis":"x","origin":[8.1,8,11.5]},"faces":{"north":{"uv":[0,0,0,2],"texture":"#0"},"east":{"uv":[3.5,0,5.5,2],"texture":"#0"},"south":{"uv":[0,0,0,2],"texture":"#0"},"west":{"uv":[5.5,0,3.5,2],"texture":"#0"},"up":{"uv":[0,0,0,2],"texture":"#0"},"down":{"uv":[0,2,0,0],"texture":"#0"}}},{"from":[7.8,9.01702,9.98412],"to":[7.8,12.21702,13.18412],"rotation":{"angle":-22.5,"axis":"x","origin":[8,8,11.5]},"faces":{"north":{"uv":[0,2,0,0],"texture":"#2"},"east":{"uv":[0.94118,0,0,0.94118],"rotation":90,"texture":"#2"},"south":{"uv":[0,0,0,2],"rotation":180,"texture":"#2"},"west":{"uv":[0,0,16,16],"rotation":270,"texture":"#2"},"up":{"uv":[0,0,0,2],"texture":"#2"},"down":{"uv":[0,0,0,2],"rotation":180,"texture":"#2"}}},{"from":[8.2,9.01702,9.98412],"to":[8.2,12.21702,13.18412],"rotation":{"angle":-22.5,"axis":"x","origin":[8,8,11.5]},"faces":{"north":{"uv":[0,2,0,0],"texture":"#2"},"east":{"uv":[0,16,16,0],"rotation":270,"texture":"#2"},"south":{"uv":[0,0,0,2],"rotation":180,"texture":"#2"},"west":{"uv":[0.94118,0.94118,0,0],"rotation":90,"texture":"#2"},"up":{"uv":[0,0,0,2],"texture":"#2"},"down":{"uv":[0,0,0,2],"rotation":180,"texture":"#2"}}},{"from":[7.448,12.68649,11.08787],"to":[8.552,13.64649,12.04787],"rotation":{"angle":-22.5,"axis":"x","origin":[8,8,11.5]},"faces":{"north":{"uv":[3.5,10.5,4.125,11.125],"texture":"#0"},"east":{"uv":[10.5,6,11.125,6.625],"texture":"#0"},"south":{"uv":[6.5,10.5,7.125,11.125],"texture":"#0"},"west":{"uv":[10.5,7,11.125,7.625],"texture":"#0"},"up":{"uv":[8.125,11.125,7.5,10.5],"texture":"#0"},"down":{"uv":[11.125,8,10.5,8.625],"texture":"#0"}}},{"from":[7.488,10.29523,7.291],"to":[8.512,11.25523,8.251],"rotation":{"angle":45,"axis":"x","origin":[8,8,11.5]},"faces":{"north":{"uv":[11,4,11.625,4.625],"texture":"#0"},"east":{"uv":[4.5,11,5.125,11.625],"texture":"#0"},"south":{"uv":[11,5,11.625,5.625],"texture":"#0"},"west":{"uv":[5.5,11,6.125,11.625],"texture":"#0"},"up":{"uv":[9.125,11.625,8.5,11],"texture":"#0"},"down":{"uv":[10.125,11,9.5,11.625],"texture":"#0"}}},{"from":[7.648,10.07123,7.451],"to":[8.352,11.47923,8.091],"rotation":{"angle":45,"axis":"x","origin":[8,8,11.5]},"faces":{"north":{"uv":[10,10,10.5,10.875],"texture":"#0"},"east":{"uv":[11.5,11.5,11.875,12.375],"texture":"#0"},"south":{"uv":[10.5,0,11,0.875],"texture":"#0"},"west":{"uv":[12,0,12.375,0.875],"texture":"#0"},"up":{"uv":[12.5,6.875,12,6.5],"texture":"#0"},"down":{"uv":[7.5,12,7,12.375],"texture":"#0"}}},{"from":[7.608,12.46249,11.24787],"to":[8.392,13.87049,11.88787],"rotation":{"angle":-22.5,"axis":"x","origin":[8,8,11.5]},"faces":{"north":{"uv":[10,6,10.5,6.875],"texture":"#0"},"east":{"uv":[8,11.5,8.375,12.375],"texture":"#0"},"south":{"uv":[8.5,10,9,10.875],"texture":"#0"},"west":{"uv":[11.5,8.5,11.875,9.375],"texture":"#0"},"up":{"uv":[6,12.375,5.5,12],"texture":"#0"},"down":{"uv":[12.5,5.5,12,5.875],"texture":"#0"}}},{"from":[7.528,10.23288,9.2096],"to":[8.472,11.19288,10.1696],"rotation":{"angle":22.5,"axis":"x","origin":[8,8,11.5]},"faces":{"north":{"uv":[11,2,11.625,2.625],"texture":"#0"},"east":{"uv":[11.125,10.625,10.5,10],"rotation":270,"texture":"#0"},"south":{"uv":[11,3.625,11.625,3],"rotation":180,"texture":"#0"},"west":{"uv":[11.625,1.625,11,1],"rotation":90,"texture":"#0"},"up":{"uv":[11.625,0.625,11,0],"rotation":180,"texture":"#0"},"down":{"uv":[11.125,9.625,10.5,9],"texture":"#0"}}},{"from":[7.688,10.39288,8.9856],"to":[8.312,11.03288,10.3936],"rotation":{"angle":22.5,"axis":"x","origin":[8,8,11.5]},"faces":{"north":{"uv":[6,12,6.5,12.375],"texture":"#0"},"east":{"uv":[11.875,10.375,11.5,9.5],"rotation":270,"texture":"#0"},"south":{"uv":[12,6.375,12.5,6],"rotation":180,"texture":"#0"},"west":{"uv":[11.875,11.375,11.5,10.5],"rotation":90,"texture":"#0"},"up":{"uv":[10,10.875,9.5,10],"rotation":180,"texture":"#0"},"down":{"uv":[9.5,10.875,9,10],"texture":"#0"}}},{"from":[7.488,11.30171,10.70633],"to":[8.512,12.58171,11.98633],"rotation":{"angle":-22.5,"axis":"x","origin":[8,8,11.35282]},"faces":{"north":{"uv":[9.125,9,8.5,9.75],"texture":"#0"},"east":{"uv":[9.25,8,8.5,8.75],"texture":"#0"},"south":{"uv":[9.625,6,9,6.75],"texture":"#0"},"west":{"uv":[9.75,1,9,1.75],"texture":"#0"},"up":{"uv":[10.125,0,9.5,0.75],"texture":"#0"},"down":{"uv":[4.125,10.25,3.5,9.5],"texture":"#0"}}},{"from":[7.9,9.58594,4.22375],"to":[7.9,12.78594,7.42375],"rotation":{"angle":-22.5,"axis":"x","origin":[7.9,8,4.5]},"faces":{"north":{"uv":[0,0,0,2],"texture":"#0"},"east":{"uv":[5.5,0,3.5,2],"texture":"#0"},"south":{"uv":[0,0,0,2],"texture":"#0"},"west":{"uv":[3.5,0,5.5,2],"texture":"#0"},"up":{"uv":[0,2,0,0],"texture":"#0"},"down":{"uv":[0,0,0,2],"texture":"#0"}}},{"from":[8.1,9.58594,4.22375],"to":[8.1,12.78594,7.42375],"rotation":{"angle":-22.5,"axis":"x","origin":[8.1,8,4.5]},"faces":{"north":{"uv":[0,0,0,2],"texture":"#0"},"east":{"uv":[5.5,0,3.5,2],"texture":"#0"},"south":{"uv":[0,0,0,2],"texture":"#0"},"west":{"uv":[3.5,0,5.5,2],"texture":"#0"},"up":{"uv":[0,2,0,0],"texture":"#0"},"down":{"uv":[0,0,0,2],"texture":"#0"}}},{"from":[8,8.23281,-13.68846],"to":[8,28.43281,6.51154],"rotation":{"angle":0,"axis":"x","origin":[8,18.33281,-3.58846]},"faces":{"north":{"uv":[0,0,0,2],"texture":"#4"},"east":{"uv":[16,0,0,16],"texture":"#4"},"south":{"uv":[0,0,0,2],"texture":"#4"},"west":{"uv":[0,0,16,16],"texture":"#4"},"up":{"uv":[0,2,0,0],"texture":"#4"},"down":{"uv":[0,0,0,2],"texture":"#4"}}},{"from":[8,8.23281,9.48846],"to":[8,28.43281,29.68846],"rotation":{"angle":0,"axis":"x","origin":[8,18.33281,19.58846]},"faces":{"north":{"uv":[0,0,0,2],"texture":"#4"},"east":{"uv":[0,0,16,16],"texture":"#4"},"south":{"uv":[0,0,0,2],"texture":"#4"},"west":{"uv":[16,0,0,16],"texture":"#4"},"up":{"uv":[0,0,0,2],"texture":"#4"},"down":{"uv":[0,2,0,0],"texture":"#4"}}},{"from":[7.8,9.01702,2.81588],"to":[7.8,12.21702,6.01588],"rotation":{"angle":22.5,"axis":"x","origin":[8,8,4.5]},"faces":{"north":{"uv":[0,0,0,2],"rotation":180,"texture":"#2"},"east":{"uv":[0.94118,0.94118,0,0],"rotation":90,"texture":"#2"},"south":{"uv":[0,2,0,0],"texture":"#2"},"west":{"uv":[0,16,16,0],"rotation":270,"texture":"#2"},"up":{"uv":[0,2,0,0],"texture":"#2"},"down":{"uv":[0,2,0,0],"rotation":180,"texture":"#2"}}},{"from":[7.8,11.85,2.57377],"to":[7.8,15.05,5.77377],"rotation":{"angle":-45,"axis":"x","origin":[7.8,13.45,4.17377]},"faces":{"north":{"uv":[0,2,0,0],"texture":"#2"},"east":{"uv":[0.94118,0.94118,0,0],"texture":"#2"},"south":{"uv":[0,2,0,0],"texture":"#2"},"west":{"uv":[0,16,16,0],"texture":"#2"},"up":{"uv":[0,0,0,2],"texture":"#2"},"down":{"uv":[0,2,0,0],"texture":"#2"}}},{"from":[7.8,14.8,0.57377],"to":[7.8,18,3.77377],"rotation":{"angle":-22.5,"axis":"x","origin":[7.8,16.4,2.17377]},"faces":{"north":{"uv":[0,2,0,0],"texture":"#2"},"east":{"uv":[0.94118,0.94118,0,0],"texture":"#2"},"south":{"uv":[0,2,0,0],"texture":"#2"},"west":{"uv":[0,16,16,0],"texture":"#2"},"up":{"uv":[0,0,0,2],"texture":"#2"},"down":{"uv":[0,2,0,0],"texture":"#2"}}},{"from":[7.8,16.8,-0.92623],"to":[7.8,20,2.27377],"rotation":{"angle":45,"axis":"x","origin":[7.8,18.4,0.67377]},"faces":{"north":{"uv":[0,0,0,2],"rotation":180,"texture":"#2"},"east":{"uv":[0.94118,0.94118,0,0],"rotation":90,"texture":"#2"},"south":{"uv":[0,2,0,0],"texture":"#2"},"west":{"uv":[0,16,16,0],"rotation":270,"texture":"#2"},"up":{"uv":[0,2,0,0],"texture":"#2"},"down":{"uv":[0,2,0,0],"rotation":180,"texture":"#2"}}},{"from":[7.8,18.2,-3.07623],"to":[7.8,21.4,0.12377],"rotation":{"angle":22.5,"axis":"x","origin":[7.8,19.8,-1.47623]},"faces":{"north":{"uv":[0,0,0,2],"rotation":180,"texture":"#2"},"east":{"uv":[0.94118,0.94118,0,0],"rotation":90,"texture":"#2"},"south":{"uv":[0,2,0,0],"texture":"#2"},"west":{"uv":[0,16,16,0],"rotation":270,"texture":"#2"},"up":{"uv":[0,2,0,0],"texture":"#2"},"down":{"uv":[0,2,0,0],"rotation":180,"texture":"#2"}}},{"from":[7.8,19.55,-5.97623],"to":[7.8,22.75,-2.77623],"rotation":{"angle":22.5,"axis":"x","origin":[7.8,21.15,-4.37623]},"faces":{"north":{"uv":[0,0,0,2],"rotation":180,"texture":"#2"},"east":{"uv":[0.94118,0.94118,0,0],"rotation":90,"texture":"#2"},"south":{"uv":[0,2,0,0],"texture":"#2"},"west":{"uv":[0,16,16,0],"rotation":270,"texture":"#2"},"up":{"uv":[0,2,0,0],"texture":"#2"},"down":{"uv":[0,2,0,0],"rotation":180,"texture":"#2"}}},{"from":[7.8,11.85,10.22623],"to":[7.8,15.05,13.42623],"rotation":{"angle":45,"axis":"x","origin":[7.8,13.45,11.82623]},"faces":{"north":{"uv":[0,2,0,0],"texture":"#2"},"east":{"uv":[0,0.94118,0.94118,0],"texture":"#2"},"south":{"uv":[0,2,0,0],"texture":"#2"},"west":{"uv":[16,16,0,0],"texture":"#2"},"up":{"uv":[0,2,0,0],"texture":"#2"},"down":{"uv":[0,0,0,2],"texture":"#2"}}},{"from":[7.8,14.8,12.22623],"to":[7.8,18,15.42623],"rotation":{"angle":22.5,"axis":"x","origin":[7.8,16.4,13.82623]},"faces":{"north":{"uv":[0,2,0,0],"texture":"#2"},"east":{"uv":[0,0.94118,0.94118,0],"texture":"#2"},"south":{"uv":[0,2,0,0],"texture":"#2"},"west":{"uv":[16,16,0,0],"texture":"#2"},"up":{"uv":[0,2,0,0],"texture":"#2"},"down":{"uv":[0,0,0,2],"texture":"#2"}}},{"from":[7.8,16.8,13.72623],"to":[7.8,20,16.92623],"rotation":{"angle":-45,"axis":"x","origin":[7.8,18.4,15.32623]},"faces":{"north":{"uv":[0,2,0,0],"texture":"#2"},"east":{"uv":[0.94118,0,0,0.94118],"rotation":90,"texture":"#2"},"south":{"uv":[0,0,0,2],"rotation":180,"texture":"#2"},"west":{"uv":[0,0,16,16],"rotation":270,"texture":"#2"},"up":{"uv":[0,0,0,2],"texture":"#2"},"down":{"uv":[0,0,0,2],"rotation":180,"texture":"#2"}}},{"from":[7.8,18.2,15.87623],"to":[7.8,21.4,19.07623],"rotation":{"angle":-22.5,"axis":"x","origin":[7.8,19.8,17.47623]},"faces":{"north":{"uv":[0,2,0,0],"texture":"#2"},"east":{"uv":[0.94118,0,0,0.94118],"rotation":90,"texture":"#2"},"south":{"uv":[0,0,0,2],"rotation":180,"texture":"#2"},"west":{"uv":[0,0,16,16],"rotation":270,"texture":"#2"},"up":{"uv":[0,0,0,2],"texture":"#2"},"down":{"uv":[0,0,0,2],"rotation":180,"texture":"#2"}}},{"from":[7.8,19.55,18.77623],"to":[7.8,22.75,21.97623],"rotation":{"angle":-22.5,"axis":"x","origin":[7.8,21.15,20.37623]},"faces":{"north":{"uv":[0,2,0,0],"texture":"#2"},"east":{"uv":[0.94118,0,0,0.94118],"rotation":90,"texture":"#2"},"south":{"uv":[0,0,0,2],"rotation":180,"texture":"#2"},"west":{"uv":[0,0,16,16],"rotation":270,"texture":"#2"},"up":{"uv":[0,0,0,2],"texture":"#2"},"down":{"uv":[0,0,0,2],"rotation":180,"texture":"#2"}}},{"from":[8.2,9.01702,2.81588],"to":[8.2,12.21702,6.01588],"rotation":{"angle":22.5,"axis":"x","origin":[8,8,4.5]},"faces":{"north":{"uv":[0,0,0,2],"rotation":180,"texture":"#2"},"east":{"uv":[0,0,16,16],"rotation":270,"texture":"#2"},"south":{"uv":[0,2,0,0],"texture":"#2"},"west":{"uv":[0.94118,0,0,0.94118],"rotation":90,"texture":"#2"},"up":{"uv":[0,2,0,0],"texture":"#2"},"down":{"uv":[0,2,0,0],"rotation":180,"texture":"#2"}}},{"from":[7.448,12.68649,3.95213],"to":[8.552,13.64649,4.91213],"rotation":{"angle":22.5,"axis":"x","origin":[8,8,4.5]},"faces":{"north":{"uv":[7.125,10.5,6.5,11.125],"texture":"#0"},"east":{"uv":[11.125,6,10.5,6.625],"texture":"#0"},"south":{"uv":[4.125,10.5,3.5,11.125],"texture":"#0"},"west":{"uv":[11.125,7,10.5,7.625],"texture":"#0"},"up":{"uv":[8.125,10.5,7.5,11.125],"texture":"#0"},"down":{"uv":[11.125,8.625,10.5,8],"texture":"#0"}}},{"from":[7.488,10.29523,7.749],"to":[8.512,11.25523,8.709],"rotation":{"angle":-45,"axis":"x","origin":[8,8,4.5]},"faces":{"north":{"uv":[11.625,5,11,5.625],"texture":"#0"},"east":{"uv":[5.125,11,4.5,11.625],"texture":"#0"},"south":{"uv":[11.625,4,11,4.625],"texture":"#0"},"west":{"uv":[6.125,11,5.5,11.625],"texture":"#0"},"up":{"uv":[9.125,11,8.5,11.625],"texture":"#0"},"down":{"uv":[10.125,11.625,9.5,11],"texture":"#0"}}},{"from":[7.648,10.07123,7.909],"to":[8.352,11.47923,8.549],"rotation":{"angle":-45,"axis":"x","origin":[8,8,4.5]},"faces":{"north":{"uv":[11,0,10.5,0.875],"texture":"#0"},"east":{"uv":[11.875,11.5,11.5,12.375],"texture":"#0"},"south":{"uv":[10.5,10,10,10.875],"texture":"#0"},"west":{"uv":[12.375,0,12,0.875],"texture":"#0"},"up":{"uv":[12.5,6.5,12,6.875],"texture":"#0"},"down":{"uv":[7.5,12.375,7,12],"texture":"#0"}}},{"from":[7.608,12.46249,4.11213],"to":[8.392,13.87049,4.75213],"rotation":{"angle":22.5,"axis":"x","origin":[8,8,4.5]},"faces":{"north":{"uv":[9,10,8.5,10.875],"texture":"#0"},"east":{"uv":[8.375,11.5,8,12.375],"texture":"#0"},"south":{"uv":[10.5,6,10,6.875],"texture":"#0"},"west":{"uv":[11.875,8.5,11.5,9.375],"texture":"#0"},"up":{"uv":[6,12,5.5,12.375],"texture":"#0"},"down":{"uv":[12.5,5.875,12,5.5],"texture":"#0"}}},{"from":[7.528,10.23288,5.8304],"to":[8.472,11.19288,6.7904],"rotation":{"angle":-22.5,"axis":"x","origin":[8,8,4.5]},"faces":{"north":{"uv":[11.625,3.625,11,3],"rotation":180,"texture":"#0"},"east":{"uv":[11.125,10,10.5,10.625],"rotation":270,"texture":"#0"},"south":{"uv":[11.625,2,11,2.625],"texture":"#0"},"west":{"uv":[11.625,1,11,1.625],"rotation":90,"texture":"#0"},"up":{"uv":[11.625,0,11,0.625],"rotation":180,"texture":"#0"},"down":{"uv":[11.125,9,10.5,9.625],"texture":"#0"}}},{"from":[7.688,10.39288,5.6064],"to":[8.312,11.03288,7.0144],"rotation":{"angle":-22.5,"axis":"x","origin":[8,8,4.5]},"faces":{"north":{"uv":[12.5,6.375,12,6],"rotation":180,"texture":"#0"},"east":{"uv":[11.875,9.5,11.5,10.375],"rotation":270,"texture":"#0"},"south":{"uv":[6.5,12,6,12.375],"texture":"#0"},"west":{"uv":[11.875,10.5,11.5,11.375],"rotation":90,"texture":"#0"},"up":{"uv":[10,10,9.5,10.875],"rotation":180,"texture":"#0"},"down":{"uv":[9.5,10,9,10.875],"texture":"#0"}}},{"from":[7.488,11.30171,4.01367],"to":[8.512,12.58171,5.29367],"rotation":{"angle":22.5,"axis":"x","origin":[8,8,4.64718]},"faces":{"north":{"uv":[9,6,9.625,6.75],"texture":"#0"},"east":{"uv":[8.5,8,9.25,8.75],"texture":"#0"},"south":{"uv":[8.5,9,9.125,9.75],"texture":"#0"},"west":{"uv":[9,1,9.75,1.75],"texture":"#0"},"up":{"uv":[10.125,0.75,9.5,0],"texture":"#0"},"down":{"uv":[4.125,9.5,3.5,10.25],"texture":"#0"}}},{"from":[7.9,12.69,2.8],"to":[7.9,15.09,5.2],"rotation":{"angle":0,"axis":"x","origin":[7.9,13.89,4]},"faces":{"north":{"uv":[0,0,0,2],"rotation":180,"texture":"#1"},"east":{"uv":[16,0,0,16],"rotation":180,"texture":"#1"},"south":{"uv":[0,0,0,2],"rotation":180,"texture":"#1"},"west":{"uv":[0,0,16,16],"rotation":180,"texture":"#1"},"up":{"uv":[0,0,0,2],"rotation":180,"texture":"#1"},"down":{"uv":[0,2,0,0],"rotation":180,"texture":"#1"}}},{"from":[7.9,15.69,-6.2],"to":[7.9,18.09,-3.8],"rotation":{"angle":0,"axis":"x","origin":[7.9,16.89,-5]},"faces":{"north":{"uv":[0,0,0,2],"rotation":180,"texture":"#1"},"east":{"uv":[16,0,0,16],"rotation":180,"texture":"#1"},"south":{"uv":[0,0,0,2],"rotation":180,"texture":"#1"},"west":{"uv":[0,0,16,16],"rotation":180,"texture":"#1"},"up":{"uv":[0,0,0,2],"rotation":180,"texture":"#1"},"down":{"uv":[0,2,0,0],"rotation":180,"texture":"#1"}}},{"from":[7.9,15.69,19.8],"to":[7.9,18.09,22.2],"rotation":{"angle":0,"axis":"x","origin":[7.9,16.89,21]},"faces":{"north":{"uv":[0,0,0,2],"rotation":180,"texture":"#1"},"east":{"uv":[0,0,16,16],"rotation":180,"texture":"#1"},"south":{"uv":[0,0,0,2],"rotation":180,"texture":"#1"},"west":{"uv":[16,0,0,16],"rotation":180,"texture":"#1"},"up":{"uv":[0,2,0,0],"rotation":180,"texture":"#1"},"down":{"uv":[0,0,0,2],"rotation":180,"texture":"#1"}}},{"from":[7.9,12.69,10.8],"to":[7.9,15.09,13.2],"rotation":{"angle":0,"axis":"x","origin":[7.9,13.89,12]},"faces":{"north":{"uv":[0,0,0,2],"rotation":180,"texture":"#1"},"east":{"uv":[0,0,16,16],"rotation":180,"texture":"#1"},"south":{"uv":[0,0,0,2],"rotation":180,"texture":"#1"},"west":{"uv":[16,0,0,16],"rotation":180,"texture":"#1"},"up":{"uv":[0,2,0,0],"rotation":180,"texture":"#1"},"down":{"uv":[0,0,0,2],"rotation":180,"texture":"#1"}}},{"from":[8.1,12.69,2.8],"to":[8.1,15.09,5.2],"rotation":{"angle":0,"axis":"x","origin":[8.1,13.89,4]},"faces":{"north":{"uv":[0,0,0,2],"rotation":180,"texture":"#1"},"east":{"uv":[16,0,0,16],"rotation":180,"texture":"#1"},"south":{"uv":[0,0,0,2],"rotation":180,"texture":"#1"},"west":{"uv":[0,0,16,16],"rotation":180,"texture":"#1"},"up":{"uv":[0,0,0,2],"rotation":180,"texture":"#1"},"down":{"uv":[0,2,0,0],"rotation":180,"texture":"#1"}}},{"from":[8.1,12.69,10.8],"to":[8.1,15.09,13.2],"rotation":{"angle":0,"axis":"x","origin":[8.1,13.89,12]},"faces":{"north":{"uv":[0,0,0,2],"rotation":180,"texture":"#1"},"east":{"uv":[0,0,16,16],"rotation":180,"texture":"#1"},"south":{"uv":[0,0,0,2],"rotation":180,"texture":"#1"},"west":{"uv":[16,0,0,16],"rotation":180,"texture":"#1"},"up":{"uv":[0,2,0,0],"rotation":180,"texture":"#1"},"down":{"uv":[0,0,0,2],"rotation":180,"texture":"#1"}}}],"gui_light":"front","display":{"thirdperson_righthand":{"rotation":[67.5,90,0],"translation":[0,-0.5,-1.5],"scale":[0.44,0.44,0.44]},"thirdperson_lefthand":{"rotation":[67.5,90,0],"translation":[-6,-7.75,3.5],"scale":[1.55,1.55,1.55]},"firstperson_righthand":{"rotation":[0,90,0],"translation":[2,0.25,0],"scale":[0.6,0.6,0.59609]},"firstperson_lefthand":{"rotation":[1.21,54.83,-28.25],"scale":[0,0,0]},"ground":{"translation":[-0.25,0,0],"scale":[0.8,0.8,0.8]},"gui":{"rotation":[0,90,0],"translation":[0,-3.5,0],"scale":[0.35969,0.35969,0.35969]},"head":{"rotation":[-180,90,-180],"translation":[0,-56.5,4],"scale":[1.74609,1.74609,1.74609]},"fixed":{"rotation":[0,90,0],"translation":[0,-11,-0.1],"scale":[2.6,2.6,2.6]}}}