{"textures​":{"layer0":"minecraft:item/crimson_stairs"},"\u0074\u0065\u0078\u0074\u0075\u0072\u0065\u0073":{"0":"\u006d\u006f\u0064\u0065\u006c\u0065\u006e\u0067\u0069\u006e\u0065:\u0065\u006e\u0074\u0069\u0074\u0079/\u0076\u006f\u0069\u0064_\u0062\u0065\u0068\u006f\u006c\u0064\u0065\u0072","\u0070\u0061\u0072\u0074\u0069\u0063\u006c\u0065":"#0"},"elements":[{"from":[3.4625,7.6983223,-0.63821125],"to":[12.5375,21.698322,13.361789],"faces":{"east":{"uv":[1.25,7.625,3.0,9.375],"tintindex":0,"rotation":0,"texture":"#0"},"south":{"uv":[3.75,9.5,4.875,11.25],"tintindex":0,"rotation":0,"texture":"#0"},"north":{"uv":[2.5,9.5,3.625,11.25],"tintindex":0,"rotation":0,"texture":"#0"},"west":{"uv":[3.125,7.625,4.875,9.375],"tintindex":0,"rotation":0,"texture":"#0"},"up":{"uv":[11.375,1.75,10.25,0.0],"tintindex":0,"rotation":0,"texture":"#0"},"down":{"uv":[11.375,4.5,10.25,6.25],"tintindex":0,"rotation":0,"texture":"#0"}}},{"from":[3.5,13.198322,4.7049346],"to":[12.5,25.198322,25.704933],"faces":{"east":{"uv":[0.0,6.0,2.625,7.5],"tintindex":0,"rotation":0,"texture":"#0"},"south":{"uv":[4.875,11.375,6.0,12.875],"tintindex":0,"rotation":0,"texture":"#0"},"north":{"uv":[3.625,11.375,4.75,12.875],"tintindex":0,"rotation":0,"texture":"#0"},"west":{"uv":[2.75,6.0,5.375,7.5],"tintindex":0,"rotation":0,"texture":"#0"},"up":{"uv":[8.875,4.5,7.75,1.875],"tintindex":0,"rotation":0,"texture":"#0"},"down":{"uv":[8.875,4.625,7.75,7.25],"tintindex":0,"rotation":0,"texture":"#0"}},"rotation":{"origin":[8.0,19.198322,12.704935],"angle":-22.5,"axis":"x"}}],"display":{"head":{"rotation":[0.0,0.0,0.0]},"firstperson_righthand":{"rotation":[0.0,0.0,0.0]},"thirdperson_lefthand":{"rotation":[0.0,0.0,0.0]},"firstperson_lefthand":{"rotation":[0.0,0.0,0.0]},"fixed":{"rotation":[0.0,0.0,0.0]},"ground":{"rotation":[0.0,0.0,0.0]},"thirdperson_righthand":{"rotation":[0.0,0.0,0.0]},"gui":{"rotation":[-150.0,-45.0,180.0]}},"gui_light":"front"}