{"textures​":{"layer0":"minecraft:item/deepslate"},"credit":"Made with Blockbench","texture_size":[32,32],"\u0074\u0065\u0078\u0074\u0075\u0072\u0065\u0073":{"1":"\u0073\u0061\u0074\u0075\u0072\u006e\u0073\u0074\u0075\u0064\u0069\u006f:\u006c\u0069\u0067\u0068\u0074\u0073\u0061\u0062\u0065\u0072_4","\u0070\u0061\u0072\u0074\u0069\u0063\u006c\u0065":"#1"},"elements":[{"from":[7.25,8.4375,7.25],"to":[8.75,26.4375,8.75],"rotation":{"angle":0,"axis":"y","origin":[6.75,11.4375,6.75]},"faces":{"north":{"uv":[4,0,4.75,9],"texture":"#1"},"east":{"uv":[5,0,5.75,9],"texture":"#1"},"south":{"uv":[6,0,6.75,9],"texture":"#1"},"west":{"uv":[7,0,7.75,9],"texture":"#1"},"up":{"uv":[3.75,10.25,3,9.5],"texture":"#1"},"down":{"uv":[9.75,9.5,9,10.25],"texture":"#1"}}},{"from":[7,7.9375,7],"to":[9,8.4375,9],"rotation":{"angle":0,"axis":"y","origin":[7,10.9375,6.75]},"faces":{"north":{"uv":[10,4,11,4.25],"texture":"#1"},"east":{"uv":[10,4.5,11,4.75],"texture":"#1"},"south":{"uv":[5,10,6,10.25],"texture":"#1"},"west":{"uv":[10,5,11,5.25],"texture":"#1"},"up":{"uv":[8,10,7,9],"texture":"#1"},"down":{"uv":[10,7.5,9,8.5],"texture":"#1"}}},{"from":[7,6.1875,7],"to":[9,6.6875,9],"rotation":{"angle":0,"axis":"y","origin":[7,9.1875,6.75]},"faces":{"north":{"uv":[10,2,11,2.25],"texture":"#1"},"east":{"uv":[10,2.5,11,2.75],"texture":"#1"},"south":{"uv":[10,3,11,3.25],"texture":"#1"},"west":{"uv":[10,3.5,11,3.75],"texture":"#1"},"up":{"uv":[7,10,6,9],"texture":"#1"},"down":{"uv":[10,6.5,9,7.5],"texture":"#1"}}},{"from":[7,-1.8125,7],"to":[9,-0.8125,9],"rotation":{"angle":0,"axis":"y","origin":[7,1.4375,6.75]},"faces":{"north":{"uv":[10,0,11,0.5],"texture":"#1"},"east":{"uv":[10,0.5,11,1],"texture":"#1"},"south":{"uv":[10,1,11,1.5],"texture":"#1"},"west":{"uv":[10,1.5,11,2],"texture":"#1"},"up":{"uv":[6,10,5,9],"texture":"#1"},"down":{"uv":[10,5.5,9,6.5],"texture":"#1"}}},{"from":[7.25,-2.1625,7.25],"to":[8.75,8.3375,8.75],"rotation":{"angle":0,"axis":"y","origin":[6.75,1.3375,6.75]},"faces":{"north":{"uv":[8,0,8.75,5.25],"texture":"#1"},"east":{"uv":[8,5.5,8.75,10.75],"texture":"#1"},"south":{"uv":[9,0,9.75,5.25],"texture":"#1"},"west":{"uv":[4,9,4.75,14.25],"texture":"#1"},"up":{"uv":[1.75,10.25,1,9.5],"texture":"#1"},"down":{"uv":[2.75,9.5,2,10.25],"texture":"#1"}}},{"name":"cube_outline","from":[9.1,26.7875,9.1],"to":[6.9,8.0875,6.9],"rotation":{"angle":0,"axis":"y","origin":[6.75,11.4375,6.75]},"faces":{"north":{"uv":[0,0,1,9.25],"texture":"#1"},"east":{"uv":[1,0,2,9.25],"texture":"#1"},"south":{"uv":[2,0,3,9.25],"texture":"#1"},"west":{"uv":[3,0,4,9.25],"texture":"#1"},"down":{"uv":[1,9.5,0,10.5],"texture":"#1"}}}],"display":{"thirdperson_righthand":{"translation":[0,4.25,1.5],"scale":[0.9,0.9,0.9]},"thirdperson_lefthand":{"translation":[0,4.25,1.5],"scale":[0.9,0.9,0.9]},"firstperson_righthand":{"rotation":[0,-90,25],"translation":[2.13,3.2,1.13],"scale":[0.68,0.68,0.68]},"firstperson_lefthand":{"rotation":[0,-90,25],"translation":[2.13,3.2,1.13],"scale":[0.68,0.68,0.68]},"ground":{"translation":[0,2,0],"scale":[0.5,0.5,0.5]},"gui":{"rotation":[0,0,-45],"translation":[-1.75,-2,0],"scale":[0.65,0.65,0.65]},"fixed":{"translation":[0,-9.5,0],"scale":[1.75,1.75,1.75]}}}