{"textures​":{"layer0":"minecraft:item/cooked_chicken"},"credit":"Made with Blockbench","texture_size":[128,128],"\u0074\u0065\u0078\u0074\u0075\u0072\u0065\u0073":{"0":"\u0065\u006c\u0069\u0074\u0065\u0063\u0072\u0065\u0061\u0074\u0075\u0072\u0065\u0073:\u0070\u0069\u006c\u0067\u0072\u0069\u006d_\u0061\u0073\u0073\u006f\u0072\u0074\u006d\u0065\u006e\u0074/\u0070\u0069\u006c\u0067\u0072\u0069\u006d_\u0063\u0068\u0065\u0073\u0074","\u0070\u0061\u0072\u0074\u0069\u0063\u006c\u0065":"\u0065\u006c\u0069\u0074\u0065\u0063\u0072\u0065\u0061\u0074\u0075\u0072\u0065\u0073:\u0070\u0069\u006c\u0067\u0072\u0069\u006d_\u0061\u0073\u0073\u006f\u0072\u0074\u006d\u0065\u006e\u0074/\u0070\u0069\u006c\u0067\u0072\u0069\u006d_\u0063\u0068\u0065\u0073\u0074"},"elements":[{"from":[-4.6758,2.87287,5],"to":[-2.6758,6.87287,11],"rotation":{"angle":-22.5,"axis":"z","origin":[8,10,14]},"faces":{"north":{"uv":[4.75,6.125,5,6.625],"texture":"#0"},"east":{"uv":[6.5,1.25,7.25,1.75],"texture":"#0"},"south":{"uv":[7,3.125,7.25,3.625],"texture":"#0"},"west":{"uv":[6.25,6.5,7,7],"texture":"#0"},"up":{"uv":[3.75,7.5,3.5,6.75],"texture":"#0"},"down":{"uv":[4,6.875,3.75,7.625],"texture":"#0"}}},{"from":[-4,10,-1],"to":[20,13,17],"rotation":{"angle":0,"axis":"y","origin":[8,10,14]},"faces":{"north":{"uv":[5.5,2.375,8.5,2.75],"texture":"#0"},"east":{"uv":[5.5,4.5,7.75,4.875],"texture":"#0"},"south":{"uv":[0,8.375,3,8.75],"texture":"#0"},"west":{"uv":[5.5,4.5,7.75,4.875],"texture":"#0"},"up":{"uv":[3,2.25,0,0],"texture":"#0"},"down":{"uv":[3,2.25,0,4.5],"texture":"#0"}}},{"from":[-1.24299,15.83311,0],"to":[1.75701,21.83311,3],"rotation":{"angle":22.5,"axis":"z","origin":[8,10,14]},"faces":{"north":{"uv":[1.25,6.625,1.625,7.375],"texture":"#0"},"east":{"uv":[4.75,6.625,5.125,7.375],"texture":"#0"},"south":{"uv":[5.125,6.625,5.5,7.375],"texture":"#0"},"west":{"uv":[5.5,6.625,5.875,7.375],"texture":"#0"}}},{"from":[-1.24299,21.83311,0],"to":[1.75701,24.83311,16],"rotation":{"angle":22.5,"axis":"z","origin":[8,10,14]},"faces":{"north":{"uv":[4,6.875,4.375,7.25],"texture":"#0"},"east":{"uv":[5.5,4.875,7.5,5.25],"texture":"#0"},"south":{"uv":[4.375,6.875,4.75,7.25],"texture":"#0"},"west":{"uv":[5.75,0,7.75,0.375],"texture":"#0"},"up":{"uv":[0.375,8,0,6],"texture":"#0"},"down":{"uv":[0.75,6,0.375,8],"texture":"#0"}}},{"from":[5,13.04265,-0.17846],"to":[11,19.04265,3.82154],"rotation":{"angle":-22.5,"axis":"x","origin":[8,10,14]},"faces":{"north":{"uv":[2.25,4.5,3,5.25],"texture":"#0"},"east":{"uv":[3.75,6.125,4.25,6.875],"texture":"#0"},"south":{"uv":[5.75,0.75,6.5,1.5],"texture":"#0"},"west":{"uv":[4.25,6.125,4.75,6.875],"texture":"#0"},"up":{"uv":[7,6.5,6.25,6],"texture":"#0"},"down":{"uv":[7.25,0.75,6.5,1.25],"texture":"#0"}}},{"from":[14.24299,15.83311,0],"to":[17.24299,21.83311,3],"rotation":{"angle":-22.5,"axis":"z","origin":[8,10,14]},"faces":{"north":{"uv":[1.625,6.625,1.25,7.375],"texture":"#0"},"east":{"uv":[5.875,6.625,5.5,7.375],"texture":"#0"},"south":{"uv":[5.5,6.625,5.125,7.375],"texture":"#0"},"west":{"uv":[5.125,6.625,4.75,7.375],"texture":"#0"}}},{"from":[-3,13,1],"to":[19,20,15],"rotation":{"angle":0,"axis":"y","origin":[8,10,14]},"faces":{"north":{"uv":[2.25,5.25,5,6.125],"texture":"#0"},"south":{"uv":[0.75,7.5,3.5,8.375],"texture":"#0"},"up":{"uv":[5.75,1.75,3,0],"texture":"#0"}}},{"from":[-3.5,20,5],"to":[19.5,21.3,11],"rotation":{"angle":0,"axis":"y","origin":[8,10,14]},"faces":{"north":{"uv":[6.75,3.75,9.625,3.875],"texture":"#0"},"south":{"uv":[6.75,3.875,9.625,4],"texture":"#0"},"up":{"uv":[7.875,6,5,5.25],"texture":"#0"}}},{"from":[14.24299,21.83311,0],"to":[17.24299,24.83311,16],"rotation":{"angle":-22.5,"axis":"z","origin":[8,10,14]},"faces":{"north":{"uv":[4.375,6.875,4,7.25],"texture":"#0"},"east":{"uv":[7.75,0,5.75,0.375],"texture":"#0"},"south":{"uv":[4.75,6.875,4.375,7.25],"texture":"#0"},"west":{"uv":[7.5,4.875,5.5,5.25],"texture":"#0"},"up":{"uv":[0,8,0.375,6],"texture":"#0"},"down":{"uv":[0.375,6,0.75,8],"texture":"#0"}}},{"from":[18.6758,2.87287,5],"to":[20.6758,6.87287,11],"rotation":{"angle":22.5,"axis":"z","origin":[8,10,14]},"faces":{"north":{"uv":[5,6.125,4.75,6.625],"texture":"#0"},"east":{"uv":[7,6.5,6.25,7],"texture":"#0"},"south":{"uv":[7.25,3.125,7,3.625],"texture":"#0"},"west":{"uv":[7.25,1.25,6.5,1.75],"texture":"#0"},"up":{"uv":[3.5,7.5,3.75,6.75],"texture":"#0"},"down":{"uv":[3.75,6.875,4,7.625],"texture":"#0"}}},{"from":[14.24299,15.83311,13],"to":[17.24299,21.83311,16],"rotation":{"angle":-22.5,"axis":"z","origin":[8,10,14]},"faces":{"north":{"uv":[5.125,6.625,5.5,7.375],"texture":"#0"},"east":{"uv":[5.5,6.625,5.875,7.375],"texture":"#0"},"south":{"uv":[1.25,6.625,1.625,7.375],"texture":"#0"},"west":{"uv":[4.75,6.625,5.125,7.375],"texture":"#0"}}},{"from":[-1.24299,15.83311,13],"to":[1.75701,21.83311,16],"rotation":{"angle":22.5,"axis":"z","origin":[8,10,14]},"faces":{"north":{"uv":[5.5,6.625,5.125,7.375],"texture":"#0"},"east":{"uv":[5.125,6.625,4.75,7.375],"texture":"#0"},"south":{"uv":[1.625,6.625,1.25,7.375],"texture":"#0"},"west":{"uv":[5.875,6.625,5.5,7.375],"texture":"#0"}}},{"from":[16.24299,15.83311,3],"to":[16.24299,21.83311,13],"rotation":{"angle":-22.5,"axis":"z","origin":[8,10,14]},"faces":{"east":{"uv":[6.75,3.75,5.5,4.5],"texture":"#0"}}},{"from":[-0.24299,15.83311,3],"to":[-0.24299,21.83311,13],"rotation":{"angle":22.5,"axis":"z","origin":[8,10,14]},"faces":{"west":{"uv":[5.5,3.75,6.75,4.5],"texture":"#0"}}},{"from":[2,1,-0.1],"to":[6,10,-0.05],"rotation":{"angle":0,"axis":"y","origin":[8,10,14]},"faces":{"north":{"uv":[0.75,6,1.25,7.125],"texture":"#0"},"south":{"uv":[0.75,6,1.25,7.125],"texture":"#0"}}},{"from":[10,1,-0.1],"to":[14,10,-0.05],"rotation":{"angle":0,"axis":"y","origin":[8,10,14]},"faces":{"north":{"uv":[0.75,6,1.25,7.125],"texture":"#0"},"south":{"uv":[0.75,6,1.25,7.125],"texture":"#0"}}},{"from":[5.45253,14.60237,0],"to":[8.45253,20.60237,0.05],"rotation":{"angle":22.5,"axis":"z","origin":[8,10,14]},"faces":{"north":{"uv":[5.875,6.625,6.25,7.375],"texture":"#0"},"south":{"uv":[5.875,6.625,6.25,7.375],"texture":"#0"}}},{"from":[-6.45309,10.8,1.29642],"to":[-0.45309,13.8,1.34642],"rotation":{"angle":-22.5,"axis":"y","origin":[8,10,14]},"faces":{"north":{"uv":[1.625,6.75,2.375,7.125],"texture":"#0"},"south":{"uv":[2.375,6.75,1.625,7.125],"texture":"#0"}}},{"from":[7.54747,14.60237,0],"to":[10.54747,20.60237,0.05],"rotation":{"angle":-22.5,"axis":"z","origin":[8,10,14]},"faces":{"north":{"uv":[6.25,6.625,5.875,7.375],"texture":"#0"},"south":{"uv":[6.25,6.625,5.875,7.375],"texture":"#0"}}},{"from":[16.45309,10.8,1.29642],"to":[22.45309,13.8,1.34642],"rotation":{"angle":22.5,"axis":"y","origin":[8,10,14]},"faces":{"north":{"uv":[2.375,6.75,1.625,7.125],"texture":"#0"},"south":{"uv":[1.625,6.75,2.375,7.125],"texture":"#0"}}},{"from":[-2,2,1],"to":[18,5,15],"rotation":{"angle":0,"axis":"y","origin":[0,1,0]},"faces":{"north":{"uv":[5.5,2.75,8,3.125],"texture":"#0"},"east":{"uv":[5.75,0.375,7.5,0.75],"texture":"#0"},"south":{"uv":[5.5,2.75,8,3.125],"texture":"#0"},"west":{"uv":[5.75,0.375,7.5,0.75],"texture":"#0"},"up":{"uv":[5.5,3.5,3,1.75],"texture":"#0"},"down":{"uv":[5.5,3.5,3,5.25],"texture":"#0"}}},{"from":[-1,5,2],"to":[17,10,14],"rotation":{"angle":0,"axis":"y","origin":[0,1,0]},"faces":{"north":{"uv":[5.5,1.75,7.75,2.375],"texture":"#0"},"east":{"uv":[5.5,3.125,7,3.75],"texture":"#0"},"south":{"uv":[5.5,1.75,7.75,2.375],"texture":"#0"},"west":{"uv":[5.5,3.125,7,3.75],"texture":"#0"},"up":{"uv":[2.25,6,0,4.5],"texture":"#0"}}},{"from":[-4.6,-0.2,0],"to":[0.4,4.8,5],"rotation":{"angle":-22.5,"axis":"z","origin":[0.3,-0.2,0]},"faces":{"north":{"uv":[1.25,6,1.875,6.625],"texture":"#0"},"east":{"uv":[5,6,5.625,6.625],"texture":"#0"},"south":{"uv":[5.625,6,6.25,6.625],"texture":"#0"},"west":{"uv":[1.875,6.125,2.5,6.75],"texture":"#0"},"up":{"uv":[3.125,6.75,2.5,6.125],"texture":"#0"},"down":{"uv":[3.75,6.125,3.125,6.75],"texture":"#0"}}},{"from":[-4.6,-0.2,11],"to":[0.4,4.8,16],"rotation":{"angle":-22.5,"axis":"z","origin":[0.3,-0.2,16]},"faces":{"north":{"uv":[6.25,6,5.625,6.625],"texture":"#0"},"east":{"uv":[5.625,6,5,6.625],"texture":"#0"},"south":{"uv":[1.875,6,1.25,6.625],"texture":"#0"},"west":{"uv":[2.5,6.125,1.875,6.75],"texture":"#0"},"up":{"uv":[3.125,6.125,2.5,6.75],"texture":"#0"},"down":{"uv":[3.75,6.75,3.125,6.125],"texture":"#0"}}},{"from":[15.6,-0.2,0],"to":[20.6,4.8,5],"rotation":{"angle":22.5,"axis":"z","origin":[15.7,-0.2,0]},"faces":{"north":{"uv":[1.875,6,1.25,6.625],"texture":"#0"},"east":{"uv":[2.5,6.125,1.875,6.75],"texture":"#0"},"south":{"uv":[6.25,6,5.625,6.625],"texture":"#0"},"west":{"uv":[5.625,6,5,6.625],"texture":"#0"},"up":{"uv":[2.5,6.75,3.125,6.125],"texture":"#0"},"down":{"uv":[3.125,6.125,3.75,6.75],"texture":"#0"}}},{"from":[15.6,-0.2,11],"to":[20.6,4.8,16],"rotation":{"angle":22.5,"axis":"z","origin":[15.7,-0.2,16]},"faces":{"north":{"uv":[5.625,6,6.25,6.625],"texture":"#0"},"east":{"uv":[1.875,6.125,2.5,6.75],"texture":"#0"},"south":{"uv":[1.25,6,1.875,6.625],"texture":"#0"},"west":{"uv":[5,6,5.625,6.625],"texture":"#0"},"up":{"uv":[2.5,6.125,3.125,6.75],"texture":"#0"},"down":{"uv":[3.125,6.75,3.75,6.125],"texture":"#0"}}}],"gui_light":"front","display":{"thirdperson_righthand":{"rotation":[60.75,0,0],"scale":[0.42773,0.42773,0.42773]},"thirdperson_lefthand":{"rotation":[60.75,0,0],"scale":[0.42773,0.42773,0.42773]},"firstperson_righthand":{"rotation":[-1,156,-6],"translation":[8.75,-3.75,-14.5],"scale":[0.80469,0.80469,0.80469]},"firstperson_lefthand":{"rotation":[-1,156,-6],"translation":[8.75,-3.75,-14.5],"scale":[0.80469,0.80469,0.80469]},"ground":{"translation":[0,0.25,0],"scale":[0.54492,0.54492,0.54492]},"gui":{"rotation":[16,159,0],"translation":[0,-1.25,0],"scale":[0.39844,0.39844,0.39844]},"head":{"translation":[0,-33.75,-0.75],"scale":[1.15625,1.15625,1.15625]},"fixed":{"rotation":[-90,0,0],"translation":[0,0,-9.75],"scale":[1.36328,1.36328,1.36328]}},"mcmodels":"f2351d9627ce4cac843e30f99dfafb0b"}