{"textures​":{"layer0":"minecraft:item/green_wall_banner"},"credit":"Made with Blockbench","texture_size":[32,32],"\u0074\u0065\u0078\u0074\u0075\u0072\u0065\u0073":{"0":"\u0065\u006c\u0069\u0074\u0065\u0063\u0072\u0065\u0061\u0074\u0075\u0072\u0065\u0073:\u0070\u0069\u006c\u0067\u0072\u0069\u006d_\u0061\u0073\u0073\u006f\u0072\u0074\u006d\u0065\u006e\u0074/\u0070\u0069\u006c\u0067\u0072\u0069\u006d_\u0066\u0069\u0073\u0068\u0069\u006e\u0067_\u0072\u006f\u0064","\u0070\u0061\u0072\u0074\u0069\u0063\u006c\u0065":"\u0065\u006c\u0069\u0074\u0065\u0063\u0072\u0065\u0061\u0074\u0075\u0072\u0065\u0073:\u0070\u0069\u006c\u0067\u0072\u0069\u006d_\u0061\u0073\u0073\u006f\u0072\u0074\u006d\u0065\u006e\u0074/\u0070\u0069\u006c\u0067\u0072\u0069\u006d_\u0066\u0069\u0073\u0068\u0069\u006e\u0067_\u0072\u006f\u0064"},"elements":[{"from":[5.83622,0,9.04398],"to":[5.88622,3,15.04398],"rotation":{"angle":45,"axis":"y","origin":[8,13.99253,8]},"faces":{"east":{"uv":[9.5,1.5,6.5,3],"texture":"#0"},"west":{"uv":[6.5,1.5,9.5,3],"texture":"#0"}}},{"from":[5.17282,0.96352,12.63056],"to":[8.17282,2.96352,15.63056],"rotation":{"angle":22.5,"axis":"x","origin":[8,13.99253,8]},"faces":{"north":{"uv":[12,5.5,13.5,6.5],"texture":"#0"},"east":{"uv":[12,5.5,13.5,6.5],"texture":"#0"},"south":{"uv":[12,5.5,13.5,6.5],"texture":"#0"},"west":{"uv":[12,5.5,13.5,6.5],"texture":"#0"},"up":{"uv":[11,3,9.5,1.5],"rotation":270,"texture":"#0"}}},{"from":[5.15282,-1.4796,1.1978],"to":[8.19282,1.5204,4.1978],"rotation":{"angle":-22.5,"axis":"x","origin":[8,13.99253,8]},"faces":{"north":{"uv":[9.5,3,11,4.5],"texture":"#0"},"east":{"uv":[3.5,9.5,2,11],"texture":"#0"},"south":{"uv":[9.5,8.5,11,10],"texture":"#0"},"west":{"uv":[2,9.5,3.5,11],"texture":"#0"},"up":{"uv":[11,11.5,9.5,10],"rotation":270,"texture":"#0"},"down":{"uv":[12,4.5,10.5,6],"rotation":90,"texture":"#0"}}},{"from":[7.17282,2.7372,1.50244],"to":[7.22282,5.7372,7.50244],"rotation":{"angle":-45,"axis":"x","origin":[8,13.99253,8]},"faces":{"east":{"uv":[9.5,3,6.5,4.5],"texture":"#0"},"west":{"uv":[6.5,3,9.5,4.5],"texture":"#0"}}},{"from":[5.67282,1,8.30359],"to":[7.67282,6,10.30359],"rotation":{"angle":0,"axis":"y","origin":[8,13.99253,8]},"faces":{"north":{"uv":[0,9.5,1,12],"texture":"#0"},"east":{"uv":[9.5,8.5,8.5,11],"texture":"#0"},"south":{"uv":[1,9.5,2,12],"texture":"#0"},"west":{"uv":[8.5,8.5,9.5,11],"texture":"#0"}}},{"from":[5.65282,5.72685,5.06963],"to":[7.69282,9.72685,7.06963],"rotation":{"angle":-22.5,"axis":"x","origin":[8,13.99253,8]},"faces":{"north":{"uv":[8,11,9,13],"texture":"#0"},"east":{"uv":[12,7.5,11,9.5],"texture":"#0"},"south":{"uv":[11,9.5,12,11.5],"texture":"#0"},"west":{"uv":[11,7.5,12,9.5],"texture":"#0"}}},{"from":[4.65282,8.93015,5.07509],"to":[8.65282,10.93015,9.07509],"rotation":{"angle":0,"axis":"y","origin":[8,13.99253,8]},"faces":{"north":{"uv":[9,11.5,11,12.5],"texture":"#0"},"east":{"uv":[13.5,0,11.5,1],"texture":"#0"},"south":{"uv":[11,11.5,13,12.5],"texture":"#0"},"west":{"uv":[11.5,0,13.5,1],"texture":"#0"},"up":{"uv":[8.5,6.5,6.5,4.5],"rotation":270,"texture":"#0"},"down":{"uv":[8.5,6.5,6.5,8.5],"rotation":90,"texture":"#0"}}},{"from":[5.1005,13.93015,7.0057],"to":[9.1005,15.93015,11.0057],"rotation":{"angle":-45,"axis":"y","origin":[8,13.99253,8]},"faces":{"north":{"uv":[5.5,12,7.5,13],"texture":"#0"},"east":{"uv":[5.5,12,7.5,13],"texture":"#0"},"south":{"uv":[5.5,12,7.5,13],"texture":"#0"},"west":{"uv":[5.5,12,7.5,13],"texture":"#0"},"up":{"uv":[8.5,10.5,6.5,8.5],"rotation":270,"texture":"#0"},"down":{"uv":[10.5,6.5,8.5,8.5],"rotation":90,"texture":"#0"}}},{"from":[5.1005,20.93015,7.0057],"to":[9.1005,22.93015,11.0057],"rotation":{"angle":-45,"axis":"y","origin":[8,13.99253,8]},"faces":{"north":{"uv":[5.5,12,7.5,13],"texture":"#0"},"east":{"uv":[5.5,12,7.5,13],"texture":"#0"},"south":{"uv":[5.5,12,7.5,13],"texture":"#0"},"west":{"uv":[5.5,12,7.5,13],"texture":"#0"},"up":{"uv":[8.5,10.5,6.5,8.5],"rotation":270,"texture":"#0"},"down":{"uv":[10.5,6.5,8.5,8.5],"rotation":90,"texture":"#0"}}},{"from":[5.1005,27.93015,7.0057],"to":[9.1005,29.93015,11.0057],"rotation":{"angle":-45,"axis":"y","origin":[8,13.99253,8]},"faces":{"north":{"uv":[5.5,12,7.5,13],"texture":"#0"},"east":{"uv":[5.5,12,7.5,13],"texture":"#0"},"south":{"uv":[5.5,12,7.5,13],"texture":"#0"},"west":{"uv":[5.5,12,7.5,13],"texture":"#0"},"up":{"uv":[8.5,10.5,6.5,8.5],"rotation":270,"texture":"#0"},"down":{"uv":[10.5,6.5,8.5,8.5],"rotation":90,"texture":"#0"}}},{"from":[5.15282,6.46432,6.20843],"to":[8.15282,10.46432,10.20843],"rotation":{"angle":45,"axis":"x","origin":[8,13.99253,8]},"faces":{"north":{"uv":[0,12,1.5,14],"texture":"#0"},"east":{"uv":[10.5,4.5,8.5,6.5],"texture":"#0"},"south":{"uv":[0,14,1.5,16],"texture":"#0"},"west":{"uv":[8.5,4.5,10.5,6.5],"texture":"#0"},"up":{"uv":[3.5,14.5,1.5,13],"rotation":270,"texture":"#0"},"down":{"uv":[3.5,14.5,1.5,16],"rotation":90,"texture":"#0"}}},{"from":[5.65282,10.93015,7.07509],"to":[7.65282,31.93015,9.07509],"rotation":{"angle":0,"axis":"y","origin":[8,13.99253,8]},"faces":{"north":{"uv":[4.5,1.5,5.5,12],"texture":"#0"},"east":{"uv":[4.5,1.5,3.5,12],"texture":"#0"},"south":{"uv":[5.5,1.5,6.5,12],"texture":"#0"},"west":{"uv":[3.5,1.5,4.5,12],"texture":"#0"},"up":{"uv":[13,7.5,12,6.5],"rotation":270,"texture":"#0"},"down":{"uv":[13,7.5,12,8.5],"rotation":90,"texture":"#0"}}},{"from":[6.65282,9.93015,0.07509],"to":[6.70282,28.93015,7.07509],"rotation":{"angle":0,"axis":"y","origin":[8,13.99253,8]},"faces":{"east":{"uv":[3.5,0,0,9.5],"texture":"#0"},"west":{"uv":[0,0,3.5,9.5],"texture":"#0"}}}],"gui_light":"front","display":{"thirdperson_righthand":{"translation":[0,0,0.75],"scale":[0.72266,0.72266,0.72266]},"thirdperson_lefthand":{"translation":[0,0,0.75],"scale":[0.72266,0.72266,0.72266]},"firstperson_righthand":{"rotation":[-42.44,-9.32,-8.42],"translation":[-0.5,1.75,2.25],"scale":[0.41055,0.41055,0.41055]},"firstperson_lefthand":{"rotation":[-42.44,-9.32,-8.42],"translation":[-0.5,1.75,2.25],"scale":[0.41055,0.41055,0.41055]},"ground":{"rotation":[0,0,80],"translation":[-0.25,-1.5,0],"scale":[0.45352,0.45352,0.45352]},"gui":{"rotation":[88,126,-92],"translation":[1.5,-3,-1.5],"scale":[0.4707,0.4707,0.4707]},"head":{"rotation":[-77.97,-13.17,-87.22],"translation":[-3.75,8.5,1.75],"scale":[0.6,0.6,0.6]},"fixed":{"rotation":[-90,-45,-90],"translation":[-4.25,-5.25,-1.5],"scale":[1.11563,1.11563,1.11563]}},"mcmodels":"f2351d9627ce4cac843e30f99dfafb0b"}