{"textures​":{"0":"\u0065\u006c\u0069\u0074\u0065\u0063\u0072\u0065\u0061\u0074\u0075\u0072\u0065\u0073:\u0070\u0069\u006c\u0067\u0072\u0069\u006d_\u0061\u0073\u0073\u006f\u0072\u0074\u006d\u0065\u006e\u0074/\u0070\u0069\u006c\u0067\u0072\u0069\u006d_\u0073\u0068\u0069\u0065\u006c\u0064","\u0070\u0061\u0072\u0074\u0069\u0063\u006c\u0065":"\u0065\u006c\u0069\u0074\u0065\u0063\u0072\u0065\u0061\u0074\u0075\u0072\u0065\u0073:\u0070\u0069\u006c\u0067\u0072\u0069\u006d_\u0061\u0073\u0073\u006f\u0072\u0074\u006d\u0065\u006e\u0074/\u0070\u0069\u006c\u0067\u0072\u0069\u006d_\u0073\u0068\u0069\u0065\u006c\u0064"},"credit":"Made with Blockbench","texture_size":[64,64],"\u0074\u0065\u0078\u0074\u0075\u0072\u0065\u0073":{"0":"\u0065\u006c\u0069\u0074\u0065\u0063\u0072\u0065\u0061\u0074\u0075\u0072\u0065\u0073:\u0070\u0069\u006c\u0067\u0072\u0069\u006d_\u0061\u0073\u0073\u006f\u0072\u0074\u006d\u0065\u006e\u0074/\u0070\u0069\u006c\u0067\u0072\u0069\u006d_\u0073\u0068\u0069\u0065\u006c\u0064","\u0070\u0061\u0072\u0074\u0069\u0063\u006c\u0065":"\u0065\u006c\u0069\u0074\u0065\u0063\u0072\u0065\u0061\u0074\u0075\u0072\u0065\u0073:\u0070\u0069\u006c\u0067\u0072\u0069\u006d_\u0061\u0073\u0073\u006f\u0072\u0074\u006d\u0065\u006e\u0074/\u0070\u0069\u006c\u0067\u0072\u0069\u006d_\u0073\u0068\u0069\u0065\u006c\u0064"},"elements":[{"from":[13,1.98,7],"to":[17,17.98,9],"rotation":{"angle":-45,"axis":"y","origin":[13,2,7]},"faces":{"north":{"uv":[0,4,1,8],"texture":"#0"},"east":{"uv":[5.5,1.5,6,5.5],"texture":"#0"},"south":{"uv":[1,4,2,8],"texture":"#0"},"up":{"uv":[7.75,3.5,6.75,3],"texture":"#0"},"down":{"uv":[7.75,3.5,6.75,4],"texture":"#0"}}},{"from":[-1,1.98,7],"to":[3,17.98,9],"rotation":{"angle":45,"axis":"y","origin":[3,2,7]},"faces":{"north":{"uv":[1,4,0,8],"texture":"#0"},"south":{"uv":[2,4,1,8],"texture":"#0"},"west":{"uv":[6,1.5,5.5,5.5],"texture":"#0"},"up":{"uv":[6.75,3.5,7.75,3],"texture":"#0"},"down":{"uv":[6.75,3.5,7.75,4],"texture":"#0"}}},{"from":[6.5,6,9],"to":[9.5,12,15],"faces":{"east":{"uv":[5,0,6.5,1.5],"texture":"#0"},"south":{"uv":[4.25,5.75,5,7.25],"texture":"#0"},"west":{"uv":[6.5,0,5,1.5],"texture":"#0"},"up":{"uv":[6.75,3.5,6,2],"texture":"#0"},"down":{"uv":[6.75,3.5,6,5],"texture":"#0"}}},{"from":[9.5,11,14],"to":[6.5,7,9],"rotation":{"angle":0,"axis":"y","origin":[16,16,16]},"faces":{"north":{"uv":[4.25,7,5,6],"texture":"#0"},"up":{"uv":[6,3.75,6.75,5],"texture":"#0"},"down":{"uv":[6,3.5,6.75,2.25],"texture":"#0"}}},{"from":[3,2,7],"to":[13,18,9],"faces":{"north":{"uv":[0,0,2.5,4],"texture":"#0"},"south":{"uv":[2.5,0,5,4],"texture":"#0"},"up":{"uv":[8.5,2,6,1.5],"texture":"#0"}}},{"from":[3,-5.07,6.98],"to":[10.07,2,9.02],"rotation":{"angle":45,"axis":"z","origin":[3,2,7]},"faces":{"north":{"uv":[2,4,3.75,5.75],"texture":"#0"},"south":{"uv":[3.75,4,5.5,5.75],"texture":"#0"},"west":{"uv":[5,1.5,5.5,3.25],"texture":"#0"},"down":{"uv":[7.75,5,6,5.5],"texture":"#0"}}},{"from":[5.5,6.5,5],"to":[10.5,11.5,7],"rotation":{"angle":45,"axis":"z","origin":[8,9,6]},"faces":{"north":{"uv":[3,5.75,4.25,7],"texture":"#0"},"east":{"uv":[5,5.75,5.5,7],"texture":"#0"},"west":{"uv":[6.5,5.5,7,6.75],"texture":"#0"},"up":{"uv":[8,2.5,6.75,2],"texture":"#0"},"down":{"uv":[8,2.5,6.75,3],"texture":"#0"}}},{"from":[6,-0.5,6],"to":[10,7.5,6.05],"faces":{"north":{"uv":[5.5,5.5,6.5,7.5],"texture":"#0"},"south":{"uv":[5.5,5.5,6.5,7.5],"texture":"#0"}}},{"from":[8.15,16.5194,23.76342],"to":[8.2,19.5194,29.76342],"rotation":{"angle":45,"axis":"y","origin":[-5.35,-2.9,10.6]},"faces":{"east":{"uv":[6.5,0,8,0.75],"texture":"#0"},"west":{"uv":[8,0,6.5,0.75],"texture":"#0"}}},{"from":[20.51342,-1.2806,9.05],"to":[26.51342,1.7194,9.1],"rotation":{"angle":45,"axis":"z","origin":[-5.35,-2.9,10.6]},"faces":{"north":{"uv":[6.5,0.75,8,1.5],"texture":"#0"},"south":{"uv":[8,0.75,6.5,1.5],"texture":"#0"}}},{"from":[-10.61342,-1.2806,9.05],"to":[-4.61342,1.7194,9.1],"rotation":{"angle":-45,"axis":"z","origin":[21.35,-2.9,10.6]},"faces":{"north":{"uv":[8,0.75,6.5,1.5],"texture":"#0"},"south":{"uv":[6.5,0.75,8,1.5],"texture":"#0"}}},{"from":[-4.61342,-4.7806,6.05],"to":[1.38658,-1.7806,6.1],"rotation":{"angle":-45,"axis":"z","origin":[21.35,-2.9,10.6]},"faces":{"north":{"uv":[8,0,6.5,0.75],"texture":"#0"},"south":{"uv":[6.5,0,8,0.75],"texture":"#0"}}},{"from":[7.8,16.5194,23.76342],"to":[7.85,19.5194,29.76342],"rotation":{"angle":-45,"axis":"y","origin":[21.35,-2.9,10.6]},"faces":{"east":{"uv":[6.5,0,8,0.75],"texture":"#0"},"west":{"uv":[8,0,6.5,0.75],"texture":"#0"}}},{"from":[1.9,7.5,7],"to":[7.9,10.5,7.05],"rotation":{"angle":-22.5,"axis":"y","origin":[9,16,0]},"faces":{"north":{"uv":[8,0.75,6.5,1.5],"texture":"#0"},"south":{"uv":[6.5,0.75,8,1.5],"texture":"#0"}}},{"from":[14.61342,-4.7806,6.05],"to":[20.61342,-1.7806,6.1],"rotation":{"angle":45,"axis":"z","origin":[-5.35,-2.9,10.6]},"faces":{"north":{"uv":[6.5,0,8,0.75],"texture":"#0"},"south":{"uv":[8,0,6.5,0.75],"texture":"#0"}}},{"from":[8.1,7.5,7],"to":[14.1,10.5,7.05],"rotation":{"angle":22.5,"axis":"y","origin":[7,16,0]},"faces":{"north":{"uv":[6.5,0.75,8,1.5],"texture":"#0"},"south":{"uv":[8,0.75,6.5,1.5],"texture":"#0"}}}],"gui_light":"front","display":{"thirdperson_righthand":{"rotation":[45,-45,0],"translation":[4.5,0,-3],"scale":[0.7,0.7,0.7]},"thirdperson_lefthand":{"rotation":[45,-45,0],"translation":[4.5,0,-3],"scale":[0.7,0.7,0.7]},"firstperson_righthand":{"rotation":[5.25,0,12.25],"translation":[-3.25,-2,-4.75],"scale":[0.93398,0.93398,0.93398]},"firstperson_lefthand":{"rotation":[5.25,0,12.25],"translation":[-3.25,-2,-4.75],"scale":[0.93398,0.93398,0.93398]},"ground":{"rotation":[78,0,0],"translation":[0,3.75,0],"scale":[0.6,0.6,0.6]},"gui":{"rotation":[17,158,0],"translation":[-0.75,-1.25,-1.5],"scale":[0.5918,0.5918,0.5918]},"head":{"rotation":[0,0,-34],"translation":[0,13.5,-0.5],"scale":[0.72695,0.72695,0.72695]},"fixed":{"translation":[0.25,-2,-4.25],"scale":[1.54141,1.54141,1.54141]}},"mcmodels":"f2351d9627ce4cac843e30f99dfafb0b"}