{"textures​":{"0":"\u006d\u006f\u0064\u0065\u006c\u0065\u006e\u0067\u0069\u006e\u0065:\u0065\u006e\u0074\u0069\u0074\u0079/4\u0064\u00641\u00660\u00636-72\u00659-3\u00622\u0066-\u0061218-\u006417\u0062698\u0062\u0065\u0061\u00644","\u0070\u0061\u0072\u0074\u0069\u0063\u006c\u0065":"#0"},"\u0074\u0065\u0078\u0074\u0075\u0072\u0065\u0073":{"0":"\u006d\u006f\u0064\u0065\u006c\u0065\u006e\u0067\u0069\u006e\u0065:\u0065\u006e\u0074\u0069\u0074\u0079/4\u0064\u00641\u00660\u00636-72\u00659-3\u00622\u0066-\u0061218-\u006417\u0062698\u0062\u0065\u0061\u00644","\u0070\u0061\u0072\u0074\u0069\u0063\u006c\u0065":"#0"},"elements":[{"from":[5.3,5.8,-2.7],"to":[10.7,10.2,8.7],"faces":{"east":{"uv":[8.625,2.0,10.0,2.5],"tintindex":0,"rotation":0,"texture":"#0"},"south":{"uv":[10.75,1.0,11.375,1.5],"tintindex":0,"rotation":0,"texture":"#0"},"north":{"uv":[10.75,0.5,11.375,1.0],"tintindex":0,"rotation":0,"texture":"#0"},"west":{"uv":[8.625,2.5,10.0,3.0],"tintindex":0,"rotation":0,"texture":"#0"},"up":{"uv":[6.125,8.75,5.5,7.375],"tintindex":0,"rotation":0,"texture":"#0"},"down":{"uv":[6.75,7.375,6.125,8.75],"tintindex":0,"rotation":0,"texture":"#0"}}},{"from":[7.0,4.0,-14.5],"to":[9.0,8.0,-12.5],"faces":{"east":{"uv":[5.75,11.125,6.0,11.625],"tintindex":0,"rotation":0,"texture":"#0"},"south":{"uv":[7.25,11.125,7.5,11.625],"tintindex":0,"rotation":0,"texture":"#0"},"north":{"uv":[1.125,10.25,1.375,10.75],"tintindex":0,"rotation":0,"texture":"#0"},"west":{"uv":[7.5,11.125,7.75,11.625],"tintindex":0,"rotation":0,"texture":"#0"},"up":{"uv":[6.125,4.5,5.875,4.25],"tintindex":0,"rotation":0,"texture":"#0"},"down":{"uv":[6.375,4.25,6.125,4.5],"tintindex":0,"rotation":0,"texture":"#0"}}},{"from":[5.5,6.0,-2.5],"to":[10.5,10.0,8.5],"faces":{"east":{"uv":[2.875,8.625,4.25,9.125],"tintindex":0,"rotation":0,"texture":"#0"},"south":{"uv":[10.75,2.0,11.375,2.5],"tintindex":0,"rotation":0,"texture":"#0"},"north":{"uv":[10.75,1.5,11.375,2.0],"tintindex":0,"rotation":0,"texture":"#0"},"west":{"uv":[8.625,3.0,10.0,3.5],"tintindex":0,"rotation":0,"texture":"#0"},"up":{"uv":[8.125,6.75,7.5,5.375],"tintindex":0,"rotation":0,"texture":"#0"},"down":{"uv":[8.5,6.75,7.875,8.125],"tintindex":0,"rotation":0,"texture":"#0"}}},{"from":[7.0,8.0,-14.5],"to":[9.0,11.0,4.5],"faces":{"east":{"uv":[6.25,2.375,8.625,2.75],"tintindex":0,"rotation":0,"texture":"#0"},"south":{"uv":[2.875,11.25,3.125,11.625],"tintindex":0,"rotation":0,"texture":"#0"},"north":{"uv":[2.625,11.25,2.875,11.625],"tintindex":0,"rotation":0,"texture":"#0"},"west":{"uv":[6.25,2.75,8.625,3.125],"tintindex":0,"rotation":0,"texture":"#0"},"up":{"uv":[1.625,11.125,1.375,8.75],"tintindex":0,"rotation":0,"texture":"#0"},"down":{"uv":[1.875,8.75,1.625,11.125],"tintindex":0,"rotation":0,"texture":"#0"}}}],"display":{"head":{"rotation":[0.0,0.0,0.0]},"firstperson_righthand":{"rotation":[0.0,0.0,0.0]},"thirdperson_lefthand":{"rotation":[0.0,0.0,0.0]},"firstperson_lefthand":{"rotation":[0.0,0.0,0.0]},"fixed":{"rotation":[0.0,0.0,0.0]},"ground":{"rotation":[0.0,0.0,0.0]},"thirdperson_righthand":{"rotation":[0.0,0.0,0.0]},"gui":{"rotation":[-150.0,-45.0,180.0]}},"gui_light":"front"}