{"textures​":{"0":"\u0074\u0077\u0069\u006c\u0069\u0067\u0068\u0074_\u006f\u0066_\u0065\u006e\u0064\u0065\u0072:\u0064\u0061\u0067\u0067\u0065\u0072_0","1":"\u0074\u0077\u0069\u006c\u0069\u0067\u0068\u0074_\u006f\u0066_\u0065\u006e\u0064\u0065\u0072:\u0064\u0061\u0067\u0067\u0065\u0072_1","\u0070\u0061\u0072\u0074\u0069\u0063\u006c\u0065":"#0"},"credit":"Made with Blockbench","\u0074\u0065\u0078\u0074\u0075\u0072\u0065\u0073":{"0":"\u0074\u0077\u0069\u006c\u0069\u0067\u0068\u0074_\u006f\u0066_\u0065\u006e\u0064\u0065\u0072:\u0064\u0061\u0067\u0067\u0065\u0072_0","1":"\u0074\u0077\u0069\u006c\u0069\u0067\u0068\u0074_\u006f\u0066_\u0065\u006e\u0064\u0065\u0072:\u0064\u0061\u0067\u0067\u0065\u0072_1","\u0070\u0061\u0072\u0074\u0069\u0063\u006c\u0065":"#0"},"elements":[{"from":[5.21076,4.8,7.12497],"to":[6.61076,7.4,7.12497],"faces":{"north":{"uv":[9,4.5,9.69,5.81],"texture":"#0"},"east":{"uv":[0,0,0,1.31],"texture":"#0"},"south":{"uv":[9,6,9.69,7.31],"texture":"#0"},"west":{"uv":[0,0,0,1.31],"texture":"#0"},"up":{"uv":[0.69,0,0,0],"texture":"#0"},"down":{"uv":[0,0,0.69,0],"texture":"#0"}},"rotation":{"origin":[5.61076,6.1,7.12497],"axis":"y","angle":45,"rescale":false}},{"from":[5.32821,5.8,7.40711],"to":[5.32821,8.4,9.80711],"faces":{"north":{"uv":[0,0,0,1.31],"texture":"#0"},"east":{"uv":[7.5,0,8.69,1.31],"texture":"#0"},"south":{"uv":[0,0,0,1.31],"texture":"#0"},"west":{"uv":[7.5,1.5,8.69,2.81],"texture":"#0"},"up":{"uv":[0,1.19,0,0],"texture":"#0"},"down":{"uv":[0,0,0,1.19],"texture":"#0"}}},{"from":[6,4.6,6.475],"to":[9,8.6,6.475],"faces":{"north":{"uv":[9,8,6,4],"texture":"#1"},"east":{"uv":[0,4,0,0],"texture":"#1"},"south":{"uv":[6,8,9,4],"texture":"#1"},"west":{"uv":[0,4,0,0],"texture":"#1"},"up":{"uv":[0,0,0,3],"texture":"#1","rotation":90},"down":{"uv":[0,0,0,3],"texture":"#1","rotation":270}},"rotation":{"origin":[7.5,6.6,6.475],"axis":"y","angle":-45,"rescale":false}},{"from":[6.03532,6.8,9.51422],"to":[6.03532,9.4,11.91422],"faces":{"north":{"uv":[0,0,0,1.31],"texture":"#0"},"east":{"uv":[7.5,3,8.69,4.31],"texture":"#0"},"south":{"uv":[0,0,0,1.31],"texture":"#0"},"west":{"uv":[7.5,4.5,8.69,5.81],"texture":"#0"},"up":{"uv":[0,0,0,1.19],"texture":"#0"},"down":{"uv":[0,0,0,1.19],"texture":"#0"}},"rotation":{"origin":[6.03532,8.1,10.51422],"axis":"y","angle":45,"rescale":false}},{"from":[6.31716,3.8,6.41816],"to":[7.21716,6.4,6.41816],"faces":{"north":{"uv":[11,1.5,11.44,2.81],"texture":"#0"},"east":{"uv":[0,0,0,1.31],"texture":"#0"},"south":{"uv":[11,3,11.44,4.31],"texture":"#0"},"west":{"uv":[0,0,0,1.31],"texture":"#0"},"up":{"uv":[0.44,0,0,0],"texture":"#0"},"down":{"uv":[0,0,0.44,0],"texture":"#0"}}},{"from":[6.5,11.2,8.8],"to":[9.5,15.2,8.8],"faces":{"north":{"uv":[9,4,6,8],"texture":"#1"},"east":{"uv":[0,0,0,4],"texture":"#1"},"south":{"uv":[6,4,9,8],"texture":"#1"},"west":{"uv":[0,0,0,4],"texture":"#1"},"up":{"uv":[0,0,0,3],"texture":"#1","rotation":270},"down":{"uv":[0,0,0,3],"texture":"#1","rotation":90}},"rotation":{"origin":[8,13.2,8.8],"axis":"y","angle":-45,"rescale":false}},{"from":[6.825,3.7,7.45],"to":[6.825,5.55,8.55],"faces":{"north":{"uv":[0,0,0,0.94],"texture":"#0"},"east":{"uv":[11.5,3.5,12.06,4.44],"texture":"#0"},"south":{"uv":[0,0,0,0.94],"texture":"#0"},"west":{"uv":[11.5,4.5,12.06,5.44],"texture":"#0"},"up":{"uv":[0,0.56,0,0],"texture":"#0"},"down":{"uv":[0,0,0,0.56],"texture":"#0"}}},{"from":[6.875,3.7,7.45],"to":[7.375,5.55,8.55],"faces":{"north":{"uv":[8,13.5,8.25,14.44],"texture":"#0"},"east":{"uv":[11.5,1.5,12.06,2.44],"texture":"#0"},"south":{"uv":[13.5,8.5,13.75,9.44],"texture":"#0"},"west":{"uv":[11.5,2.5,12.06,3.44],"texture":"#0"},"up":{"uv":[5.25,15.06,5,14.5],"texture":"#0"},"down":{"uv":[14.75,5,14.5,5.56],"texture":"#0"}}},{"from":[7,7.1,7],"to":[9,9.1,9],"faces":{"north":{"uv":[9,0,11,2],"texture":"#1"},"east":{"uv":[11,6,9,8],"texture":"#1"},"south":{"uv":[9,4,11,6],"texture":"#1"},"west":{"uv":[9,6,11,8],"texture":"#1"},"up":{"uv":[12,10,10,8],"texture":"#1"},"down":{"uv":[12,10,10,12],"texture":"#1"}}},{"from":[7,9.1,7],"to":[8,9.85,8],"faces":{"north":{"uv":[12,11,13,11.75],"texture":"#1"},"east":{"uv":[12,12,13,12.75],"texture":"#1"},"south":{"uv":[13,2,14,2.75],"texture":"#1"},"west":{"uv":[13,3,14,3.75],"texture":"#1"},"up":{"uv":[13,8,12,7],"texture":"#1"},"down":{"uv":[13,8,12,9],"texture":"#1"}}},{"from":[7.125,7.86066,7.00711],"to":[7.925,8.38566,7.53211],"faces":{"north":{"uv":[13,9,13.75,9.5],"texture":"#1"},"east":{"uv":[13,13,13.5,13.5],"texture":"#1"},"south":{"uv":[10,13,10.75,13.5],"texture":"#1"},"west":{"uv":[13,13,13.5,13.5],"texture":"#1"},"up":{"uv":[13.75,10.5,13,10],"texture":"#1"},"down":{"uv":[11.75,13,11,13.5],"texture":"#1"}},"rotation":{"origin":[7.4,9.11066,6.75711],"axis":"x","angle":45,"rescale":false}},{"from":[7.125,10.11066,7.00711],"to":[7.925,10.63566,7.53211],"faces":{"north":{"uv":[13,5,13.75,5.5],"texture":"#1"},"east":{"uv":[12,13,12.5,13.5],"texture":"#1"},"south":{"uv":[13,6,13.75,6.5],"texture":"#1"},"west":{"uv":[12,13,12.5,13.5],"texture":"#1"},"up":{"uv":[13.75,7.5,13,7],"texture":"#1"},"down":{"uv":[13.75,8,13,8.5],"texture":"#1"}},"rotation":{"origin":[7.4,11.36066,6.75711],"axis":"x","angle":45,"rescale":false}},{"from":[7.15,8.05,6.05],"to":[7.9,10.3,6.8],"faces":{"north":{"uv":[6,11,6.75,13.25],"texture":"#1"},"east":{"uv":[9,11,9.75,13.25],"texture":"#1"},"south":{"uv":[8,11,8.75,13.25],"texture":"#1"},"west":{"uv":[9,11,9.75,13.25],"texture":"#1"},"up":{"uv":[13.75,4.75,13,4],"texture":"#1"},"down":{"uv":[5.75,13,5,13.75],"texture":"#1"}}},{"from":[7.19069,2.95,8.21213],"to":[7.69069,5.825,8.81213],"faces":{"north":{"uv":[3.5,13,3.75,14.44],"texture":"#0"},"east":{"uv":[12,9.5,12.31,10.94],"texture":"#0"},"south":{"uv":[4,13,4.25,14.44],"texture":"#0"},"west":{"uv":[10.5,12,10.81,13.44],"texture":"#0"},"up":{"uv":[11.75,15.31,11.5,15],"texture":"#0"},"down":{"uv":[15.25,11.5,15,11.81],"texture":"#0"}},"rotation":{"origin":[7.44069,4.625,8.76213],"axis":"y","angle":45,"rescale":false}},{"from":[7.19069,3.2,7.18787],"to":[7.69069,6.05,7.78787],"faces":{"north":{"uv":[4.5,13,4.75,14.44],"texture":"#0"},"east":{"uv":[12,11,12.31,12.44],"texture":"#0"},"south":{"uv":[5,13,5.25,14.44],"texture":"#0"},"west":{"uv":[11.5,12,11.81,13.44],"texture":"#0"},"up":{"uv":[12.25,15.31,12,15],"texture":"#0"},"down":{"uv":[15.25,12,15,12.31],"texture":"#0"}},"rotation":{"origin":[7.44069,4.625,7.23787],"axis":"y","angle":-45,"rescale":false}},{"from":[7.2,-2.2,7.2],"to":[8.8,-1.7,8.8],"faces":{"north":{"uv":[14,6.5,14.81,6.75],"texture":"#0"},"east":{"uv":[14,7,14.81,7.25],"texture":"#0"},"south":{"uv":[14,7.5,14.81,7.75],"texture":"#0"},"west":{"uv":[14,8,14.81,8.25],"texture":"#0"},"up":{"uv":[9.81,11.31,9,10.5],"texture":"#0"},"down":{"uv":[11.31,9,10.5,9.81],"texture":"#0"}}},{"from":[7.35,-0.27117,-1.459],"to":[8.65,0.52883,-0.659],"faces":{"north":{"uv":[13.5,9.5,14.12,9.88],"texture":"#0"},"east":{"uv":[14.5,6,14.88,6.38],"texture":"#0"},"south":{"uv":[13.5,10.5,14.12,10.88],"texture":"#0"},"west":{"uv":[7,14.5,7.38,14.88],"texture":"#0"},"up":{"uv":[14.12,11.38,13.5,11],"texture":"#0"},"down":{"uv":[12.12,13.5,11.5,13.88],"texture":"#0"}},"rotation":{"origin":[8,9.18784,8],"axis":"x","angle":-45,"rescale":false}},{"from":[7.35307,2.95,8.70377],"to":[7.75307,3.825,9.20377],"faces":{"north":{"uv":[8,15,8.19,15.44],"texture":"#0"},"east":{"uv":[15,0.5,15.25,0.94],"texture":"#0"},"south":{"uv":[15,8,15.19,8.44],"texture":"#0"},"west":{"uv":[1,15,1.25,15.44],"texture":"#0"},"up":{"uv":[15.19,15.25,15,15],"texture":"#0"},"down":{"uv":[0.19,15.5,0,15.75],"texture":"#0"}},"rotation":{"origin":[7.90307,2.625,8.95377],"axis":"y","angle":-22.5,"rescale":false}},{"from":[7.35307,3.2,6.79623],"to":[7.75307,4.05,7.29623],"faces":{"north":{"uv":[8.5,15,8.69,15.44],"texture":"#0"},"east":{"uv":[1.5,15,1.75,15.44],"texture":"#0"},"south":{"uv":[15,8.5,15.19,8.94],"texture":"#0"},"west":{"uv":[2,15,2.25,15.44],"texture":"#0"},"up":{"uv":[15.69,0.25,15.5,0],"texture":"#0"},"down":{"uv":[0.69,15.5,0.5,15.75],"texture":"#0"}},"rotation":{"origin":[7.90307,2.875,7.04623],"axis":"y","angle":22.5,"rescale":false}},{"from":[7.35307,4.95,8.70377],"to":[7.75307,5.825,9.20377],"faces":{"north":{"uv":[7.5,15,7.69,15.44],"texture":"#0"},"east":{"uv":[15,0,15.25,0.44],"texture":"#0"},"south":{"uv":[15,7.5,15.19,7.94],"texture":"#0"},"west":{"uv":[0.5,15,0.75,15.44],"texture":"#0"},"up":{"uv":[14.69,15.25,14.5,15],"texture":"#0"},"down":{"uv":[15.19,14.5,15,14.75],"texture":"#0"}},"rotation":{"origin":[7.90307,4.65,8.95377],"axis":"y","angle":-22.5,"rescale":false}},{"from":[7.35307,5.2,6.79623],"to":[7.75307,6.05,7.29623],"faces":{"north":{"uv":[9,15,9.19,15.44],"texture":"#0"},"east":{"uv":[15,2,15.25,2.44],"texture":"#0"},"south":{"uv":[15,9,15.19,9.44],"texture":"#0"},"west":{"uv":[2.5,15,2.75,15.44],"texture":"#0"},"up":{"uv":[15.69,0.75,15.5,0.5],"texture":"#0"},"down":{"uv":[1.19,15.5,1,15.75],"texture":"#0"}},"rotation":{"origin":[7.90307,4.875,7.04623],"axis":"y","angle":22.5,"rescale":false}},{"from":[7.45,-3.6,7.45],"to":[8.55,-2.2,8.55],"faces":{"north":{"uv":[12.5,10.5,13.06,11.19],"texture":"#0"},"east":{"uv":[12.5,11.5,13.06,12.19],"texture":"#0"},"south":{"uv":[12,12.5,12.56,13.19],"texture":"#0"},"west":{"uv":[0,13,0.56,13.69],"texture":"#0"},"up":{"uv":[14.06,1.56,13.5,1],"texture":"#0"},"down":{"uv":[14.06,2,13.5,2.56],"texture":"#0"}}},{"from":[7.45,2.9,7.45],"to":[8.55,5.8,8.55],"faces":{"north":{"uv":[10,3,10.56,4.44],"texture":"#0"},"east":{"uv":[10,4.5,10.56,5.94],"texture":"#0"},"south":{"uv":[10,6,10.56,7.44],"texture":"#0"},"west":{"uv":[10,7.5,10.56,8.94],"texture":"#0"},"up":{"uv":[13.56,13.06,13,12.5],"texture":"#0"},"down":{"uv":[14.06,0,13.5,0.56],"texture":"#0"}}},{"from":[7.455,16.00056,8.82798],"to":[8.545,16.74056,9.41798],"faces":{"north":{"uv":[14,3,14.56,3.38],"texture":"#0"},"east":{"uv":[14.5,14.5,14.81,14.88],"texture":"#0"},"south":{"uv":[14,3.5,14.56,3.88],"texture":"#0"},"west":{"uv":[0,15,0.31,15.38],"texture":"#0"},"up":{"uv":[15.06,1.31,14.5,1],"texture":"#0"},"down":{"uv":[15.06,1.5,14.5,1.81],"texture":"#0"}}},{"from":[7.475,10.23388,9.09099],"to":[8.525,11.30888,10.16599],"faces":{"north":{"uv":[12,2,13,3.12],"texture":"#1"},"east":{"uv":[2.12,12,1,13.12],"texture":"#1"},"south":{"uv":[3,12,4,13.12],"texture":"#1"},"west":{"uv":[1,12,2.12,13.12],"texture":"#1"},"up":{"uv":[5,13.12,4,12],"texture":"#1"},"down":{"uv":[13,4,12,5.12],"texture":"#1"}},"rotation":{"origin":[8,11.98388,9.59099],"axis":"x","angle":45,"rescale":false}},{"from":[7.48,14.95233,7.96301],"to":[8.52,16.79233,8.70301],"faces":{"north":{"uv":[9.5,11.5,10,12.44],"texture":"#0"},"east":{"uv":[13,9,13.38,9.94],"texture":"#0"},"south":{"uv":[11.5,9.5,12,10.44],"texture":"#0"},"west":{"uv":[11,13,11.38,13.94],"texture":"#0"},"up":{"uv":[14.5,12.88,14,12.5],"texture":"#0"},"down":{"uv":[14.5,13,14,13.38],"texture":"#0"}},"rotation":{"origin":[8,15.72233,8.33301],"axis":"x","angle":45,"rescale":false}},{"from":[7.5,3.2,6.3],"to":[7.5,5.8,7.7],"faces":{"north":{"uv":[0,0,0,1.31],"texture":"#0"},"east":{"uv":[7.5,9,8.19,10.31],"texture":"#0"},"south":{"uv":[0,0,0,1.31],"texture":"#0"},"west":{"uv":[9,7.5,9.69,8.81],"texture":"#0"},"up":{"uv":[0,0.69,0,0],"texture":"#0"},"down":{"uv":[0,0,0,0.69],"texture":"#0"}},"rotation":{"origin":[7.5,4.5,6.7],"axis":"y","angle":45,"rescale":false}},{"from":[7.5,4.6,4.975],"to":[7.5,8.6,7.975],"faces":{"north":{"uv":[0,4,0,0],"texture":"#1"},"east":{"uv":[9,8,6,4],"texture":"#1"},"south":{"uv":[0,4,0,0],"texture":"#1"},"west":{"uv":[6,8,9,4],"texture":"#1"},"up":{"uv":[0,3,0,0],"texture":"#1"},"down":{"uv":[0,3,0,0],"texture":"#1"}},"rotation":{"origin":[7.5,6.6,6.475],"axis":"y","angle":-45,"rescale":false}},{"from":[7.5,8.35,8],"to":[8.5,11.1,9.5],"faces":{"north":{"uv":[11,0,12,2.75],"texture":"#1"},"east":{"uv":[6,8,7.5,10.75],"texture":"#1"},"south":{"uv":[11,3,12,5.75],"texture":"#1"},"west":{"uv":[8,8,9.5,10.75],"texture":"#1"},"up":{"uv":[12,7.5,11,6],"texture":"#1"},"down":{"uv":[1,12,0,13.5],"texture":"#1"}}},{"from":[7.505,14.648,7.54849],"to":[8.495,15.288,8.28849],"faces":{"north":{"uv":[4.5,14.5,5,14.81],"texture":"#0"},"east":{"uv":[14,14.5,14.38,14.81],"texture":"#0"},"south":{"uv":[14.5,4.5,15,4.81],"texture":"#0"},"west":{"uv":[14.5,14,14.88,14.31],"texture":"#0"},"up":{"uv":[12.5,14.38,12,14],"texture":"#0"},"down":{"uv":[14.5,12,14,12.38],"texture":"#0"}},"rotation":{"origin":[8,15.418,7.91849],"axis":"x","angle":22.5,"rescale":false}},{"from":[7.53,13.0082,7.28199],"to":[8.47,14.8482,8.02199],"faces":{"north":{"uv":[7,9.5,7.5,10.44],"texture":"#0"},"east":{"uv":[7.5,13,7.88,13.94],"texture":"#0"},"south":{"uv":[9,11.5,9.5,12.44],"texture":"#0"},"west":{"uv":[13,8,13.38,8.94],"texture":"#0"},"up":{"uv":[12,14.38,11.5,14],"texture":"#0"},"down":{"uv":[14.5,11.5,14,11.88],"texture":"#0"}}},{"from":[7.55,-1.7,7.55],"to":[8.45,0.3,8.45],"faces":{"north":{"uv":[6,12.5,6.44,13.5],"texture":"#0"},"east":{"uv":[12.5,7,12.94,8],"texture":"#0"},"south":{"uv":[8,12.5,8.44,13.5],"texture":"#0"},"west":{"uv":[12.5,8,12.94,9],"texture":"#0"},"up":{"uv":[7.94,14.44,7.5,14],"texture":"#0"},"down":{"uv":[8.94,14,8.5,14.44],"texture":"#0"}}},{"from":[7.55,1.35121,7.37378],"to":[8.45,3.15121,8.27378],"faces":{"north":{"uv":[1.5,13,1.94,13.88],"texture":"#0"},"east":{"uv":[2,13,2.44,13.88],"texture":"#0"},"south":{"uv":[13,2,13.44,2.88],"texture":"#0"},"west":{"uv":[2.5,13,2.94,13.88],"texture":"#0"},"up":{"uv":[14.44,9.44,14,9],"texture":"#0"},"down":{"uv":[9.94,14,9.5,14.44],"texture":"#0"}},"rotation":{"origin":[8,2.60121,7.82378],"axis":"x","angle":22.5,"rescale":false}},{"from":[7.555,12.4999,7.3599],"to":[8.445,13.1399,8.0999],"faces":{"north":{"uv":[12,14.5,12.44,14.81],"texture":"#0"},"east":{"uv":[13.5,14.5,13.88,14.81],"texture":"#0"},"south":{"uv":[14.5,12,14.94,12.31],"texture":"#0"},"west":{"uv":[14.5,13.5,14.88,13.81],"texture":"#0"},"up":{"uv":[14.94,2.88,14.5,2.5],"texture":"#0"},"down":{"uv":[3.94,14.5,3.5,14.88],"texture":"#0"}},"rotation":{"origin":[8,13.2699,7.7299],"axis":"x","angle":22.5,"rescale":false}},{"from":[7.575,0.03264,7.1059],"to":[8.425,1.83264,8.0059],"faces":{"north":{"uv":[10,12.5,10.44,13.38],"texture":"#0"},"east":{"uv":[13,0,13.44,0.88],"texture":"#0"},"south":{"uv":[1,13,1.44,13.88],"texture":"#0"},"west":{"uv":[13,1,13.44,1.88],"texture":"#0"},"up":{"uv":[14.44,8.94,14,8.5],"texture":"#0"},"down":{"uv":[9.44,14,9,14.44],"texture":"#0"}},"rotation":{"origin":[8,1.28264,7.5559],"axis":"x","angle":-22.5,"rescale":false}},{"from":[7.58,12.27413,5.61102],"to":[8.42,13.31413,6.35102],"faces":{"north":{"uv":[12,1,12.44,1.5],"texture":"#0"},"east":{"uv":[14,10,14.38,10.5],"texture":"#0"},"south":{"uv":[2,14,2.44,14.5],"texture":"#0"},"west":{"uv":[11,14,11.38,14.5],"texture":"#0"},"up":{"uv":[2.44,14.88,2,14.5],"texture":"#0"},"down":{"uv":[14.94,2,14.5,2.38],"texture":"#0"}},"rotation":{"origin":[8,11.14413,5.98102],"axis":"x","angle":45,"rescale":false}},{"from":[7.605,11.4133,6.54],"to":[8.395,12.0533,7.28],"faces":{"north":{"uv":[12.5,14.5,12.88,14.81],"texture":"#0"},"east":{"uv":[14.5,12.5,14.88,12.81],"texture":"#0"},"south":{"uv":[13,14.5,13.38,14.81],"texture":"#0"},"west":{"uv":[14.5,13,14.88,13.31],"texture":"#0"},"up":{"uv":[8.88,14.88,8.5,14.5],"texture":"#0"},"down":{"uv":[14.88,8.5,14.5,8.88],"texture":"#0"}},"rotation":{"origin":[8,12.1833,6.91],"axis":"x","angle":22.5,"rescale":false}},{"from":[7.625,10.82816,7.46529],"to":[8.375,11.62816,8.91529],"faces":{"north":{"uv":[10.5,14.5,10.88,14.88],"texture":"#0"},"east":{"uv":[13,10,13.75,10.38],"texture":"#0"},"south":{"uv":[14.5,10.5,14.88,10.88],"texture":"#0"},"west":{"uv":[13.5,6,14.25,6.38],"texture":"#0"},"up":{"uv":[13.88,7.25,13.5,6.5],"texture":"#0"},"down":{"uv":[13.88,7.5,13.5,8.25],"texture":"#0"}},"rotation":{"origin":[8,10.27816,5.64029],"axis":"x","angle":-45,"rescale":false}},{"from":[7.625,18.14844,8.11945],"to":[8.375,19.74844,9.19445],"faces":{"north":{"uv":[13.5,3,13.88,3.81],"texture":"#0"},"east":{"uv":[12,0,12.56,0.81],"texture":"#0"},"south":{"uv":[13.5,4,13.88,4.81],"texture":"#0"},"west":{"uv":[7,12,7.56,12.81],"texture":"#0"},"up":{"uv":[2.88,14.56,2.5,14],"texture":"#0"},"down":{"uv":[14.38,4,14,4.56],"texture":"#0"}},"rotation":{"origin":[8,17.37344,8.69445],"axis":"x","angle":-45,"rescale":false}},{"from":[7.63,10.8735,6.2735],"to":[8.37,11.6135,7.0135],"faces":{"north":{"uv":[9,14.5,9.38,14.88],"texture":"#0"},"east":{"uv":[14.5,9,14.88,9.38],"texture":"#0"},"south":{"uv":[9.5,14.5,9.88,14.88],"texture":"#0"},"west":{"uv":[14.5,9.5,14.88,9.88],"texture":"#0"},"up":{"uv":[10.38,14.88,10,14.5],"texture":"#0"},"down":{"uv":[14.88,10,14.5,10.38],"texture":"#0"}}},{"from":[7.65,12.7,7],"to":[8.35,15.775,7.85],"faces":{"north":{"uv":[10,10.5,10.38,12.06],"texture":"#0"},"east":{"uv":[8,10.5,8.44,12.06],"texture":"#0"},"south":{"uv":[10.5,10,10.88,11.56],"texture":"#0"},"west":{"uv":[8.5,10.5,8.94,12.06],"texture":"#0"},"up":{"uv":[4.38,14.94,4,14.5],"texture":"#0"},"down":{"uv":[14.88,4,14.5,4.44],"texture":"#0"}}},{"from":[7.65,15.775,7],"to":[8.35,18.275,8.5],"faces":{"north":{"uv":[11.5,10.5,11.88,11.75],"texture":"#0"},"east":{"uv":[9,1.5,9.75,2.75],"texture":"#0"},"south":{"uv":[11,11.5,11.38,12.75],"texture":"#0"},"west":{"uv":[9,3,9.75,4.25],"texture":"#0"},"up":{"uv":[13.88,5.75,13.5,5],"texture":"#0"},"down":{"uv":[6.38,13.5,6,14.25],"texture":"#0"}}},{"from":[8,6,3],"to":[8,32,9],"faces":{"north":{"uv":[0,0,0,13],"texture":"#0"},"east":{"uv":[6,0,3,13],"texture":"#0"},"south":{"uv":[0,0,0,13],"texture":"#0"},"west":{"uv":[3,0,6,13],"texture":"#0"},"up":{"uv":[0,3,0,0],"texture":"#0"},"down":{"uv":[0,0,0,3],"texture":"#0"}}},{"from":[8,6.35,8],"to":[9,7.1,9],"faces":{"north":{"uv":[12,9,13,9.75],"texture":"#1"},"east":{"uv":[10,12,11,12.75],"texture":"#1"},"south":{"uv":[12,10,13,10.75],"texture":"#1"},"west":{"uv":[11,12,12,12.75],"texture":"#1"},"up":{"uv":[6,13,5,12],"texture":"#1"},"down":{"uv":[13,6,12,7],"texture":"#1"}}},{"from":[8,11.2,7.3],"to":[8,15.2,10.3],"faces":{"north":{"uv":[0,0,0,4],"texture":"#1"},"east":{"uv":[9,4,6,8],"texture":"#1"},"south":{"uv":[0,0,0,4],"texture":"#1"},"west":{"uv":[6,4,9,8],"texture":"#1"},"up":{"uv":[0,0,0,3],"texture":"#1"},"down":{"uv":[0,0,0,3],"texture":"#1"}},"rotation":{"origin":[8,13.2,8.8],"axis":"y","angle":-45,"rescale":false}},{"from":[8.24693,2.95,6.79623],"to":[8.64693,3.825,7.29623],"faces":{"north":{"uv":[11,15,11.19,15.44],"texture":"#0"},"east":{"uv":[15,4,15.25,4.44],"texture":"#0"},"south":{"uv":[15,11,15.19,11.44],"texture":"#0"},"west":{"uv":[4.5,15,4.75,15.44],"texture":"#0"},"up":{"uv":[15.69,2.75,15.5,2.5],"texture":"#0"},"down":{"uv":[3.19,15.5,3,15.75],"texture":"#0"}},"rotation":{"origin":[8.09693,2.625,7.04623],"axis":"y","angle":-22.5,"rescale":false}},{"from":[8.24693,3.2,8.70377],"to":[8.64693,4.05,9.20377],"faces":{"north":{"uv":[9.5,15,9.69,15.44],"texture":"#0"},"east":{"uv":[15,2.5,15.25,2.94],"texture":"#0"},"south":{"uv":[15,9.5,15.19,9.94],"texture":"#0"},"west":{"uv":[3,15,3.25,15.44],"texture":"#0"},"up":{"uv":[15.69,1.25,15.5,1],"texture":"#0"},"down":{"uv":[1.69,15.5,1.5,15.75],"texture":"#0"}},"rotation":{"origin":[8.09693,2.875,8.95377],"axis":"y","angle":22.5,"rescale":false}},{"from":[8.24693,4.95,6.79623],"to":[8.64693,5.825,7.29623],"faces":{"north":{"uv":[10.5,15,10.69,15.44],"texture":"#0"},"east":{"uv":[15,3.5,15.25,3.94],"texture":"#0"},"south":{"uv":[15,10.5,15.19,10.94],"texture":"#0"},"west":{"uv":[4,15,4.25,15.44],"texture":"#0"},"up":{"uv":[15.69,2.25,15.5,2],"texture":"#0"},"down":{"uv":[2.69,15.5,2.5,15.75],"texture":"#0"}},"rotation":{"origin":[8.09693,4.65,7.04623],"axis":"y","angle":-22.5,"rescale":false}},{"from":[8.24693,5.2,8.70377],"to":[8.64693,6.05,9.20377],"faces":{"north":{"uv":[10,15,10.19,15.44],"texture":"#0"},"east":{"uv":[15,3,15.25,3.44],"texture":"#0"},"south":{"uv":[15,10,15.19,10.44],"texture":"#0"},"west":{"uv":[3.5,15,3.75,15.44],"texture":"#0"},"up":{"uv":[15.69,1.75,15.5,1.5],"texture":"#0"},"down":{"uv":[2.19,15.5,2,15.75],"texture":"#0"}},"rotation":{"origin":[8.09693,4.875,8.95377],"axis":"y","angle":22.5,"rescale":false}},{"from":[8.30931,2.95,7.18787],"to":[8.80931,5.825,7.78787],"faces":{"north":{"uv":[13,6.5,13.25,7.94],"texture":"#0"},"east":{"uv":[12.5,4,12.81,5.44],"texture":"#0"},"south":{"uv":[7,13,7.25,14.44],"texture":"#0"},"west":{"uv":[12.5,5.5,12.81,6.94],"texture":"#0"},"up":{"uv":[13.25,15.31,13,15],"texture":"#0"},"down":{"uv":[15.25,13,15,13.31],"texture":"#0"}},"rotation":{"origin":[8.55931,4.625,7.23787],"axis":"y","angle":45,"rescale":false}},{"from":[8.30931,3.2,8.21213],"to":[8.80931,6.05,8.81213],"faces":{"north":{"uv":[13,5,13.25,6.44],"texture":"#0"},"east":{"uv":[12.5,1,12.81,2.44],"texture":"#0"},"south":{"uv":[5.5,13,5.75,14.44],"texture":"#0"},"west":{"uv":[12.5,2.5,12.81,3.94],"texture":"#0"},"up":{"uv":[12.75,15.31,12.5,15],"texture":"#0"},"down":{"uv":[15.25,12.5,15,12.81],"texture":"#0"}},"rotation":{"origin":[8.55931,4.625,8.76213],"axis":"y","angle":-45,"rescale":false}},{"from":[8.5,3.2,8.3],"to":[8.5,5.8,9.7],"faces":{"north":{"uv":[0,0,0,1.31],"texture":"#0"},"east":{"uv":[8.5,9,9.19,10.31],"texture":"#0"},"south":{"uv":[0,0,0,1.31],"texture":"#0"},"west":{"uv":[6,9.5,6.69,10.81],"texture":"#0"},"up":{"uv":[0,0,0,0.69],"texture":"#0"},"down":{"uv":[0,0,0,0.69],"texture":"#0"}},"rotation":{"origin":[8.5,4.5,9.3],"axis":"y","angle":45,"rescale":false}},{"from":[8.625,3.7,7.45],"to":[9.125,5.55,8.55],"faces":{"north":{"uv":[10,13.5,10.25,14.44],"texture":"#0"},"east":{"uv":[11.5,7.5,12.06,8.44],"texture":"#0"},"south":{"uv":[10.5,13.5,10.75,14.44],"texture":"#0"},"west":{"uv":[11.5,8.5,12.06,9.44],"texture":"#0"},"up":{"uv":[5.75,15.06,5.5,14.5],"texture":"#0"},"down":{"uv":[6.25,14.5,6,15.06],"texture":"#0"}}},{"from":[8.78284,3.8,9.58184],"to":[9.68284,6.4,9.58184],"faces":{"north":{"uv":[11,4.5,11.44,5.81],"texture":"#0"},"east":{"uv":[0,0,0,1.31],"texture":"#0"},"south":{"uv":[6,11,6.44,12.31],"texture":"#0"},"west":{"uv":[0,0,0,1.31],"texture":"#0"},"up":{"uv":[0,0,0.44,0],"texture":"#0"},"down":{"uv":[0,0,0.44,0],"texture":"#0"}}},{"from":[9.175,3.7,7.45],"to":[9.175,5.55,8.55],"faces":{"north":{"uv":[0,0,0,0.94],"texture":"#0"},"east":{"uv":[11.5,5.5,12.06,6.44],"texture":"#0"},"south":{"uv":[0,0,0,0.94],"texture":"#0"},"west":{"uv":[11.5,6.5,12.06,7.44],"texture":"#0"},"up":{"uv":[0,0,0,0.56],"texture":"#0"},"down":{"uv":[0,0,0,0.56],"texture":"#0"}}},{"from":[9.38924,4.8,8.87503],"to":[10.78924,7.4,8.87503],"faces":{"north":{"uv":[9.5,9,10.19,10.31],"texture":"#0"},"east":{"uv":[0,0,0,1.31],"texture":"#0"},"south":{"uv":[10,1.5,10.69,2.81],"texture":"#0"},"west":{"uv":[0,0,0,1.31],"texture":"#0"},"up":{"uv":[0,0,0.69,0],"texture":"#0"},"down":{"uv":[0,0,0.69,0],"texture":"#0"}},"rotation":{"origin":[10.38924,6.1,8.87503],"axis":"y","angle":45,"rescale":false}},{"from":[9.96468,6.8,4.08578],"to":[9.96468,9.4,6.48578],"faces":{"north":{"uv":[0,0,0,1.31],"texture":"#0"},"east":{"uv":[6,8,7.19,9.31],"texture":"#0"},"south":{"uv":[0,0,0,1.31],"texture":"#0"},"west":{"uv":[9,0,10.19,1.31],"texture":"#0"},"up":{"uv":[0,0,0,1.19],"texture":"#0"},"down":{"uv":[0,0,0,1.19],"texture":"#0"}},"rotation":{"origin":[9.96468,8.1,5.48578],"axis":"y","angle":45,"rescale":false}},{"from":[10.67179,5.8,6.19289],"to":[10.67179,8.4,8.59289],"faces":{"north":{"uv":[0,0,0,1.31],"texture":"#0"},"east":{"uv":[7.5,6,8.69,7.31],"texture":"#0"},"south":{"uv":[0,0,0,1.31],"texture":"#0"},"west":{"uv":[7.5,7.5,8.69,8.81],"texture":"#0"},"up":{"uv":[0,0,0,1.19],"texture":"#0"},"down":{"uv":[0,0,0,1.19],"texture":"#0"}}}],"display":{"thirdperson_righthand":{"rotation":[14.05,1.21,-0.74],"translation":[0,6.25,4.25],"scale":[1.17,1.17,1.17]},"thirdperson_lefthand":{"rotation":[14.05,1.21,-0.74],"translation":[0,6.25,4.25],"scale":[1.17,1.17,1.17]},"firstperson_righthand":{"rotation":[-8.25,0,0],"translation":[-1.25,3.25,1.25],"scale":[0.66,0.66,0.66]},"firstperson_lefthand":{"rotation":[-8.25,0,0],"translation":[-1.25,3.25,1.25],"scale":[0.66,0.66,0.66]},"ground":{"rotation":[-45,0,0],"translation":[0,3,0],"scale":[0.3,0.3,0.3]},"gui":{"rotation":[-90,-46,-85.9],"translation":[-2,-1.75,0],"scale":[0.76,0.76,0.76]},"head":{"scale":[0,0,0]},"fixed":{"rotation":[0,-90,0]}},"gui_light":"front","mcmodels":"a1b7011007843a3af4c4b6687f4247a8"}