{"textures​":{"layer0":"minecraft:item/crimson_button"},"credit":"Made with Blockbench","\u0074\u0065\u0078\u0074\u0075\u0072\u0065\u0073":{"0":"\u0074\u0077\u0069\u006c\u0069\u0067\u0068\u0074_\u006f\u0066_\u0065\u006e\u0064\u0065\u0072:\u0073\u0063\u0079\u0074\u0068\u0065_0","1":"\u0074\u0077\u0069\u006c\u0069\u0067\u0068\u0074_\u006f\u0066_\u0065\u006e\u0064\u0065\u0072:\u0073\u0063\u0079\u0074\u0068\u0065_1","\u0070\u0061\u0072\u0074\u0069\u0063\u006c\u0065":"#0"},"elements":[{"from":[4.25065,12.20156,2.1],"to":[5.42565,12.20156,3.075],"faces":{"north":{"uv":[0,0,0.28,0],"texture":"#1"},"east":{"uv":[0,0,0.25,0],"texture":"#1"},"south":{"uv":[0,0,0.28,0],"texture":"#1"},"west":{"uv":[0,0,0.25,0],"texture":"#1"},"up":{"uv":[9.03,2.75,8.75,2.5],"texture":"#1"},"down":{"uv":[3.03,8.75,2.75,9],"texture":"#1"}},"rotation":{"origin":[4.42565,10.50156,1.9],"axis":"z","angle":-45,"rescale":false}},{"from":[5.0815,10.97071,2.1],"to":[6.2565,11.87071,3.075],"faces":{"north":{"uv":[8.75,5.5,9.03,5.72],"texture":"#1"},"east":{"uv":[5.25,9,5.5,9.22],"texture":"#1"},"south":{"uv":[5.75,8.75,6.03,8.97],"texture":"#1"},"west":{"uv":[9,5.25,9.25,5.47],"texture":"#1"},"up":{"uv":[2.53,9,2.25,8.75],"texture":"#1"},"down":{"uv":[9.03,2.25,8.75,2.5],"texture":"#1"}},"rotation":{"origin":[5.2565,9.67071,1.9],"axis":"z","angle":-45,"rescale":false}},{"from":[5.21076,10.85,7.12497],"to":[6.61076,13.45,7.12497],"faces":{"north":{"uv":[6.25,1,6.59,1.66],"texture":"#1"},"east":{"uv":[0,0,0,0.66],"texture":"#1"},"south":{"uv":[6.25,1.75,6.59,2.41],"texture":"#1"},"west":{"uv":[0,0,0,0.66],"texture":"#1"},"up":{"uv":[0.34,0,0,0],"texture":"#1"},"down":{"uv":[0.34,0,0,0],"texture":"#1"}},"rotation":{"origin":[5.61076,12.15,7.12497],"axis":"y","angle":45,"rescale":false}},{"from":[5.32821,11.85,7.40711],"to":[5.32821,14.45,9.80711],"faces":{"north":{"uv":[0,0,0,0.66],"texture":"#1"},"east":{"uv":[3.75,5,4.34,5.66],"texture":"#1"},"south":{"uv":[0,0,0,0.66],"texture":"#1"},"west":{"uv":[4.5,5,5.09,5.66],"texture":"#1"},"up":{"uv":[0,0.59,0,0],"texture":"#1"},"down":{"uv":[0,0,0,0.59],"texture":"#1"}}},{"from":[5.39865,10.68787,1.225],"to":[5.97365,11.28787,2],"faces":{"north":{"uv":[8,9.5,8.16,9.66],"texture":"#1"},"east":{"uv":[2.75,9.5,2.94,9.66],"texture":"#1"},"south":{"uv":[9.5,8,9.66,8.16],"texture":"#1"},"west":{"uv":[9.5,2.75,9.69,2.91],"texture":"#1"},"up":{"uv":[3.16,9.69,3,9.5],"texture":"#1"},"down":{"uv":[9.66,3,9.5,3.19],"texture":"#1"}},"rotation":{"origin":[4.97365,9.38787,1.025],"axis":"z","angle":-45,"rescale":false}},{"from":[5.45691,10.87446,2.5875],"to":[6.43191,12.04946,2.5875],"faces":{"north":{"uv":[8.75,2.75,9,3.03],"texture":"#1"},"east":{"uv":[0,0,0,0.28],"texture":"#1"},"south":{"uv":[3.25,8.75,3.5,9.03],"texture":"#1"},"west":{"uv":[0,0,0,0.28],"texture":"#1"},"up":{"uv":[0.25,0,0,0],"texture":"#1"},"down":{"uv":[0.25,0,0,0],"texture":"#1"}},"rotation":{"origin":[5.94441,11.46196,2.5875],"axis":"z","angle":45,"rescale":false}},{"from":[6,10.65,6.475],"to":[9,14.65,6.475],"faces":{"north":{"uv":[9,8,6,4],"texture":"#0"},"east":{"uv":[0,4,0,0],"texture":"#0"},"south":{"uv":[6,8,9,4],"texture":"#0"},"west":{"uv":[0,4,0,0],"texture":"#0"},"up":{"uv":[0,0,0,3],"texture":"#0","rotation":90},"down":{"uv":[0,0,0,3],"texture":"#0","rotation":270}},"rotation":{"origin":[7.5,12.65,6.475],"axis":"y","angle":-45,"rescale":false}},{"from":[6.03532,12.85,9.51422],"to":[6.03532,15.45,11.91422],"faces":{"north":{"uv":[0,0,0,0.66],"texture":"#1"},"east":{"uv":[1.75,5.25,2.34,5.91],"texture":"#1"},"south":{"uv":[0,0,0,0.66],"texture":"#1"},"west":{"uv":[2.5,5.25,3.09,5.91],"texture":"#1"},"up":{"uv":[0,0.59,0,0],"texture":"#1"},"down":{"uv":[0,0,0,0.59],"texture":"#1"}},"rotation":{"origin":[6.03532,14.15,10.51422],"axis":"y","angle":45,"rescale":false}},{"from":[6.31716,9.85,6.41816],"to":[7.21716,12.45,6.41816],"faces":{"north":{"uv":[7.25,6.25,7.47,6.91],"texture":"#1"},"east":{"uv":[0,0,0,0.66],"texture":"#1"},"south":{"uv":[6.5,7.25,6.72,7.91],"texture":"#1"},"west":{"uv":[0,0,0,0.66],"texture":"#1"},"up":{"uv":[0.22,0,0,0],"texture":"#1"},"down":{"uv":[0.22,0,0,0],"texture":"#1"}}},{"from":[6.5,17.25,8.8],"to":[9.5,21.25,8.8],"faces":{"north":{"uv":[9,4,6,8],"texture":"#0"},"east":{"uv":[0,0,0,4],"texture":"#0"},"south":{"uv":[6,4,9,8],"texture":"#0"},"west":{"uv":[0,0,0,4],"texture":"#0"},"up":{"uv":[0,0,0,3],"texture":"#0","rotation":270},"down":{"uv":[0,0,0,3],"texture":"#0","rotation":90}},"rotation":{"origin":[8,19.25,8.8],"axis":"y","angle":-45,"rescale":false}},{"from":[6.6,9.6,1.1],"to":[7.3,10.9,3.1],"faces":{"north":{"uv":[3,9,3.19,9.31],"texture":"#1"},"east":{"uv":[7.25,3.75,7.75,4.06],"texture":"#1"},"south":{"uv":[9,3.25,9.19,3.56],"texture":"#1"},"west":{"uv":[4,7.25,4.5,7.56],"texture":"#1"},"up":{"uv":[6.44,8.75,6.25,8.25],"texture":"#1"},"down":{"uv":[8.44,6.25,8.25,6.75],"texture":"#1"}}},{"from":[6.825,9.75,7.45],"to":[6.825,11.6,8.55],"faces":{"north":{"uv":[0,0,0,0.47],"texture":"#1"},"east":{"uv":[2.25,7.75,2.53,8.22],"texture":"#1"},"south":{"uv":[0,0,0,0.47],"texture":"#1"},"west":{"uv":[3.25,7.75,3.53,8.22],"texture":"#1"},"up":{"uv":[0,0.28,0,0],"texture":"#1"},"down":{"uv":[0,0,0,0.28],"texture":"#1"}}},{"from":[6.861,17.55,7.99445],"to":[6.861,23.55,8.39445],"faces":{"north":{"uv":[0,0,0,1.5],"texture":"#1"},"east":{"uv":[7.5,6.25,7.59,7.75],"texture":"#1"},"south":{"uv":[0,0,0,1.5],"texture":"#1"},"west":{"uv":[7.75,0,7.84,1.5],"texture":"#1"},"up":{"uv":[0,0.09,0,0],"texture":"#1"},"down":{"uv":[0,0,0,0.09],"texture":"#1"}},"rotation":{"origin":[8,22.45,8],"axis":"y","angle":-45,"rescale":false}},{"from":[6.875,9.75,7.45],"to":[7.375,11.6,8.55],"faces":{"north":{"uv":[6.25,8.75,6.38,9.22],"texture":"#1"},"east":{"uv":[7.75,1.5,8.03,1.97],"texture":"#1"},"south":{"uv":[6.5,8.75,6.62,9.22],"texture":"#1"},"west":{"uv":[1.75,7.75,2.03,8.22],"texture":"#1"},"up":{"uv":[9.38,5.78,9.25,5.5],"texture":"#1"},"down":{"uv":[5.88,9.25,5.75,9.53],"texture":"#1"}}},{"from":[6.97019,20.55,7.67626],"to":[6.97019,24.55,8.07626],"faces":{"north":{"uv":[0,0,0,1],"texture":"#1"},"east":{"uv":[8.25,5.25,8.34,6.25],"texture":"#1"},"south":{"uv":[0,0,0,1],"texture":"#1"},"west":{"uv":[5.5,8.25,5.59,9.25],"texture":"#1"},"up":{"uv":[0,0.09,0,0],"texture":"#1"},"down":{"uv":[0,0,0,0.09],"texture":"#1"}},"rotation":{"origin":[8,22.45,8],"axis":"y","angle":45,"rescale":false}},{"from":[7,13.15,7],"to":[9,15.15,9],"faces":{"north":{"uv":[9,0,11,2],"texture":"#0"},"east":{"uv":[11,6,9,8],"texture":"#0"},"south":{"uv":[9,4,11,6],"texture":"#0"},"west":{"uv":[9,6,11,8],"texture":"#0"},"up":{"uv":[12,10,10,8],"texture":"#0"},"down":{"uv":[12,10,10,12],"texture":"#0"}}},{"from":[7,15.15,7],"to":[8,15.9,8],"faces":{"north":{"uv":[12,11,13,11.75],"texture":"#0"},"east":{"uv":[12,12,13,12.75],"texture":"#0"},"south":{"uv":[13,2,14,2.75],"texture":"#0"},"west":{"uv":[13,3,14,3.75],"texture":"#0"},"up":{"uv":[13,8,12,7],"texture":"#0"},"down":{"uv":[13,8,12,9],"texture":"#0"}}},{"from":[7.125,13.91066,7.00711],"to":[7.925,14.43566,7.53211],"faces":{"north":{"uv":[13,9,13.75,9.5],"texture":"#0"},"east":{"uv":[13,13,13.5,13.5],"texture":"#0"},"south":{"uv":[10,13,10.75,13.5],"texture":"#0"},"west":{"uv":[13,13,13.5,13.5],"texture":"#0"},"up":{"uv":[13.75,10.5,13,10],"texture":"#0"},"down":{"uv":[11.75,13,11,13.5],"texture":"#0"}},"rotation":{"origin":[7.4,15.16066,6.75711],"axis":"x","angle":45,"rescale":false}},{"from":[7.125,16.16066,7.00711],"to":[7.925,16.68566,7.53211],"faces":{"north":{"uv":[13,5,13.75,5.5],"texture":"#0"},"east":{"uv":[12,13,12.5,13.5],"texture":"#0"},"south":{"uv":[13,6,13.75,6.5],"texture":"#0"},"west":{"uv":[12,13,12.5,13.5],"texture":"#0"},"up":{"uv":[13.75,7.5,13,7],"texture":"#0"},"down":{"uv":[13.75,8,13,8.5],"texture":"#0"}},"rotation":{"origin":[7.4,17.41066,6.75711],"axis":"x","angle":45,"rescale":false}},{"from":[7.15,14.1,6.05],"to":[7.9,16.35,6.8],"faces":{"north":{"uv":[6,11,6.75,13.25],"texture":"#0"},"east":{"uv":[9,11,9.75,13.25],"texture":"#0"},"south":{"uv":[8,11,8.75,13.25],"texture":"#0"},"west":{"uv":[9,11,9.75,13.25],"texture":"#0"},"up":{"uv":[13.75,4.75,13,4],"texture":"#0"},"down":{"uv":[5.75,13,5,13.75],"texture":"#0"}}},{"from":[7.19069,9,8.21213],"to":[7.69069,11.875,8.81213],"faces":{"north":{"uv":[7.5,8.25,7.62,8.97],"texture":"#1"},"east":{"uv":[3,8,3.16,8.72],"texture":"#1"},"south":{"uv":[7.75,8.25,7.88,8.97],"texture":"#1"},"west":{"uv":[8,4.75,8.16,5.47],"texture":"#1"},"up":{"uv":[9.88,2.16,9.75,2],"texture":"#1"},"down":{"uv":[2.38,9.75,2.25,9.91],"texture":"#1"}},"rotation":{"origin":[7.44069,10.675,8.76213],"axis":"y","angle":45,"rescale":false}},{"from":[7.19069,9.25,7.18787],"to":[7.69069,12.1,7.78787],"faces":{"north":{"uv":[8.25,7.75,8.38,8.47],"texture":"#1"},"east":{"uv":[8,5.5,8.16,6.22],"texture":"#1"},"south":{"uv":[8,8.25,8.12,8.97],"texture":"#1"},"west":{"uv":[8,6.25,8.16,6.97],"texture":"#1"},"up":{"uv":[9.88,2.41,9.75,2.25],"texture":"#1"},"down":{"uv":[2.62,9.75,2.5,9.91],"texture":"#1"}},"rotation":{"origin":[7.44069,10.675,7.23787],"axis":"y","angle":-45,"rescale":false}},{"from":[7.2,-14.25,7.2],"to":[8.8,-13.75,8.8],"faces":{"north":{"uv":[7.75,9,8.16,9.12],"texture":"#1"},"east":{"uv":[9,7.75,9.41,7.88],"texture":"#1"},"south":{"uv":[9,8,9.41,8.12],"texture":"#1"},"west":{"uv":[8.25,9,8.66,9.12],"texture":"#1"},"up":{"uv":[3.66,5.66,3.25,5.25],"texture":"#1"},"down":{"uv":[6.66,4.25,6.25,4.66],"texture":"#1"}}},{"from":[7.3,9.4,0.9],"to":[8.75,11.1,3.3],"faces":{"north":{"uv":[1.75,7.25,2.12,7.69],"texture":"#1"},"east":{"uv":[6.25,0,6.84,0.44],"texture":"#1"},"south":{"uv":[7.25,1.75,7.62,2.19],"texture":"#1"},"west":{"uv":[6.25,0.5,6.84,0.94],"texture":"#1"},"up":{"uv":[4.12,7.09,3.75,6.5],"texture":"#1"},"down":{"uv":[4.62,6.5,4.25,7.09],"texture":"#1"}}},{"from":[7.35,-12.32117,-1.459],"to":[8.65,-11.52117,-0.659],"faces":{"north":{"uv":[8.75,8.5,9.06,8.69],"texture":"#1"},"east":{"uv":[6.25,9.25,6.44,9.44],"texture":"#1"},"south":{"uv":[8.75,8.75,9.06,8.94],"texture":"#1"},"west":{"uv":[6.5,9.25,6.69,9.44],"texture":"#1"},"up":{"uv":[1.06,9.19,0.75,9],"texture":"#1"},"down":{"uv":[9.31,1,9,1.19],"texture":"#1"}},"rotation":{"origin":[8,-2.86216,8],"axis":"x","angle":-45,"rescale":false}},{"from":[7.35307,9,8.70377],"to":[7.75307,9.875,9.20377],"faces":{"north":{"uv":[9.5,9.5,9.59,9.72],"texture":"#1"},"east":{"uv":[4.25,9.5,4.38,9.72],"texture":"#1"},"south":{"uv":[0,9.75,0.09,9.97],"texture":"#1"},"west":{"uv":[9.5,4.25,9.62,4.47],"texture":"#1"},"up":{"uv":[9.84,5.12,9.75,5],"texture":"#1"},"down":{"uv":[5.34,9.75,5.25,9.88],"texture":"#1"}},"rotation":{"origin":[7.90307,8.675,8.95377],"axis":"y","angle":-22.5,"rescale":false}},{"from":[7.35307,9.25,6.79623],"to":[7.75307,10.1,7.29623],"faces":{"north":{"uv":[9.75,0,9.84,0.22],"texture":"#1"},"east":{"uv":[4.5,9.5,4.62,9.72],"texture":"#1"},"south":{"uv":[0.25,9.75,0.34,9.97],"texture":"#1"},"west":{"uv":[9.5,4.5,9.62,4.72],"texture":"#1"},"up":{"uv":[9.84,5.38,9.75,5.25],"texture":"#1"},"down":{"uv":[5.59,9.75,5.5,9.88],"texture":"#1"}},"rotation":{"origin":[7.90307,8.925,7.04623],"axis":"y","angle":22.5,"rescale":false}},{"from":[7.35307,11,8.70377],"to":[7.75307,11.875,9.20377],"faces":{"north":{"uv":[9.25,9.5,9.34,9.72],"texture":"#1"},"east":{"uv":[4,9.5,4.12,9.72],"texture":"#1"},"south":{"uv":[9.5,9.25,9.59,9.47],"texture":"#1"},"west":{"uv":[9.5,4,9.62,4.22],"texture":"#1"},"up":{"uv":[9.84,4.88,9.75,4.75],"texture":"#1"},"down":{"uv":[5.09,9.75,5,9.88],"texture":"#1"}},"rotation":{"origin":[7.90307,10.7,8.95377],"axis":"y","angle":-22.5,"rescale":false}},{"from":[7.35307,11.25,6.79623],"to":[7.75307,12.1,7.29623],"faces":{"north":{"uv":[9.75,0.25,9.84,0.47],"texture":"#1"},"east":{"uv":[4.75,9.5,4.88,9.72],"texture":"#1"},"south":{"uv":[0.5,9.75,0.59,9.97],"texture":"#1"},"west":{"uv":[9.5,4.75,9.62,4.97],"texture":"#1"},"up":{"uv":[9.84,5.62,9.75,5.5],"texture":"#1"},"down":{"uv":[5.84,9.75,5.75,9.88],"texture":"#1"}},"rotation":{"origin":[7.90307,10.925,7.04623],"axis":"y","angle":22.5,"rescale":false}},{"from":[7.45,-15.65,7.45],"to":[8.55,-14.25,8.55],"faces":{"north":{"uv":[2,8.25,2.28,8.59],"texture":"#1"},"east":{"uv":[8.25,2.25,8.53,2.59],"texture":"#1"},"south":{"uv":[8.25,2.75,8.53,3.09],"texture":"#1"},"west":{"uv":[3.25,8.25,3.53,8.59],"texture":"#1"},"up":{"uv":[8.53,8.78,8.25,8.5],"texture":"#1"},"down":{"uv":[0.28,8.75,0,9.03],"texture":"#1"}}},{"from":[7.45,-6.55,7.45],"to":[8.55,-3.65,8.55],"faces":{"north":{"uv":[7,2.5,7.28,3.22],"texture":"#1"},"east":{"uv":[4.75,7,5.03,7.72],"texture":"#1"},"south":{"uv":[7,4.75,7.28,5.47],"texture":"#1"},"west":{"uv":[5.25,7,5.53,7.72],"texture":"#1"},"up":{"uv":[9.03,0.28,8.75,0],"texture":"#1"},"down":{"uv":[9.03,0.5,8.75,0.78],"texture":"#1"}}},{"from":[7.45,0.9,7.45],"to":[8.55,3.8,8.55],"faces":{"north":{"uv":[6.75,4,7.03,4.72],"texture":"#1"},"east":{"uv":[6.75,5.75,7.03,6.47],"texture":"#1"},"south":{"uv":[6.75,6.5,7.03,7.22],"texture":"#1"},"west":{"uv":[7,0,7.28,0.72],"texture":"#1"},"up":{"uv":[8.78,7.53,8.5,7.25],"texture":"#1"},"down":{"uv":[8.78,7.75,8.5,8.03],"texture":"#1"}}},{"from":[7.45,8.95,7.45],"to":[8.55,11.85,8.55],"faces":{"north":{"uv":[6.25,6.5,6.53,7.22],"texture":"#1"},"east":{"uv":[6.75,1,7.03,1.72],"texture":"#1"},"south":{"uv":[6.75,1.75,7.03,2.47],"texture":"#1"},"west":{"uv":[6.75,3.25,7.03,3.97],"texture":"#1"},"up":{"uv":[8.78,6.53,8.5,6.25],"texture":"#1"},"down":{"uv":[8.78,6.75,8.5,7.03],"texture":"#1"}}},{"from":[7.475,16.28388,9.09099],"to":[8.525,17.35888,10.16599],"faces":{"north":{"uv":[12,2,13,3.12],"texture":"#0"},"east":{"uv":[2.12,12,1,13.12],"texture":"#0"},"south":{"uv":[3,12,4,13.12],"texture":"#0"},"west":{"uv":[1,12,2.12,13.12],"texture":"#0"},"up":{"uv":[5,13.12,4,12],"texture":"#0"},"down":{"uv":[13,4,12,5.12],"texture":"#0"}},"rotation":{"origin":[8,18.03388,9.59099],"axis":"x","angle":45,"rescale":false}},{"from":[7.5,-10.65,7.5],"to":[8.5,-8.6,8.5],"faces":{"north":{"uv":[7.75,5.75,8,6.25],"texture":"#1"},"east":{"uv":[7.75,6.25,8,6.75],"texture":"#1"},"south":{"uv":[7.75,6.75,8,7.25],"texture":"#1"},"west":{"uv":[7.75,7.25,8,7.75],"texture":"#1"},"up":{"uv":[7.25,1,7,0.75],"texture":"#1"},"down":{"uv":[7.75,1.5,7.5,1.75],"texture":"#1"}}},{"from":[7.5,-8.6,7.5],"to":[8.5,-6.55,8.5],"faces":{"north":{"uv":[7.5,7.75,7.75,8.25],"texture":"#1"},"east":{"uv":[7.75,7.75,8,8.25],"texture":"#1"},"south":{"uv":[8,0,8.25,0.5],"texture":"#1"},"west":{"uv":[8,0.5,8.25,1],"texture":"#1"},"up":{"uv":[7.75,5.5,7.5,5.25],"texture":"#1"},"down":{"uv":[9,5.25,8.75,5.5],"texture":"#1"}}},{"from":[7.5,3.8,7.5],"to":[8.5,5.85,8.5],"faces":{"north":{"uv":[4.25,7.75,4.5,8.25],"texture":"#1"},"east":{"uv":[5.25,7.75,5.5,8.25],"texture":"#1"},"south":{"uv":[7.75,5.25,8,5.75],"texture":"#1"},"west":{"uv":[5.5,7.75,5.75,8.25],"texture":"#1"},"up":{"uv":[6.5,2.75,6.25,2.5],"texture":"#1"},"down":{"uv":[6.75,3.25,6.5,3.5],"texture":"#1"}}},{"from":[7.5,9.25,6.3],"to":[7.5,11.85,7.7],"faces":{"north":{"uv":[0,0,0,0.66],"texture":"#1"},"east":{"uv":[6.25,3.5,6.59,4.16],"texture":"#1"},"south":{"uv":[0,0,0,0.66],"texture":"#1"},"west":{"uv":[4.75,6.25,5.09,6.91],"texture":"#1"},"up":{"uv":[0,0.34,0,0],"texture":"#1"},"down":{"uv":[0,0,0,0.34],"texture":"#1"}},"rotation":{"origin":[7.5,10.55,6.7],"axis":"y","angle":45,"rescale":false}},{"from":[7.5,10.65,4.975],"to":[7.5,14.65,7.975],"faces":{"north":{"uv":[0,4,0,0],"texture":"#0"},"east":{"uv":[9,8,6,4],"texture":"#0"},"south":{"uv":[0,4,0,0],"texture":"#0"},"west":{"uv":[6,8,9,4],"texture":"#0"},"up":{"uv":[0,3,0,0],"texture":"#0"},"down":{"uv":[0,3,0,0],"texture":"#0"}},"rotation":{"origin":[7.5,12.65,6.475],"axis":"y","angle":-45,"rescale":false}},{"from":[7.5,14.4,8],"to":[8.5,17.15,9.5],"faces":{"north":{"uv":[11,0,12,2.75],"texture":"#0"},"east":{"uv":[6,8,7.5,10.75],"texture":"#0"},"south":{"uv":[11,3,12,5.75],"texture":"#0"},"west":{"uv":[8,8,9.5,10.75],"texture":"#0"},"up":{"uv":[12,7.5,11,6],"texture":"#0"},"down":{"uv":[1,12,0,13.5],"texture":"#0"}}},{"from":[7.55,-13.75,7.55],"to":[8.45,-10.65,8.45],"faces":{"north":{"uv":[7.25,0.75,7.47,1.53],"texture":"#1"},"east":{"uv":[1,7.25,1.22,8.03],"texture":"#1"},"south":{"uv":[1.25,7.25,1.47,8.03],"texture":"#1"},"west":{"uv":[1.5,7.25,1.72,8.03],"texture":"#1"},"up":{"uv":[1.22,9.47,1,9.25],"texture":"#1"},"down":{"uv":[9.47,1.25,9.25,1.47],"texture":"#1"}}},{"from":[7.55,-3.7,7.55],"to":[8.45,-1.7,8.45],"faces":{"north":{"uv":[8,1,8.22,1.5],"texture":"#1"},"east":{"uv":[8,3.25,8.22,3.75],"texture":"#1"},"south":{"uv":[8,7.75,8.22,8.25],"texture":"#1"},"west":{"uv":[0,8.25,0.22,8.75],"texture":"#1"},"up":{"uv":[9.22,8.47,9,8.25],"texture":"#1"},"down":{"uv":[8.97,9,8.75,9.22],"texture":"#1"}}},{"from":[7.55,-0.64879,7.37378],"to":[8.45,1.15121,8.27378],"faces":{"north":{"uv":[4,8.25,4.22,8.69],"texture":"#1"},"east":{"uv":[4.25,8.25,4.47,8.69],"texture":"#1"},"south":{"uv":[8.25,4.25,8.47,4.69],"texture":"#1"},"west":{"uv":[4.5,8.25,4.72,8.69],"texture":"#1"},"up":{"uv":[9.47,0.22,9.25,0],"texture":"#1"},"down":{"uv":[0.47,9.25,0.25,9.47],"texture":"#1"}},"rotation":{"origin":[8,0.60121,7.82378],"axis":"x","angle":22.5,"rescale":false}},{"from":[7.55,5.85,7.55],"to":[8.45,8.95,8.45],"faces":{"north":{"uv":[0,7.25,0.22,8.03],"texture":"#1"},"east":{"uv":[0.25,7.25,0.47,8.03],"texture":"#1"},"south":{"uv":[0.5,7.25,0.72,8.03],"texture":"#1"},"west":{"uv":[0.75,7.25,0.97,8.03],"texture":"#1"},"up":{"uv":[9.47,0.47,9.25,0.25],"texture":"#1"},"down":{"uv":[9.47,0.5,9.25,0.72],"texture":"#1"}}},{"from":[7.55,20.0875,7.7875],"to":[8.35,20.6125,8.3125],"faces":{"north":{"uv":[10.75,13,10,13.5],"texture":"#0"},"east":{"uv":[13,13,13.5,13.5],"texture":"#0"},"south":{"uv":[13.75,9,13,9.5],"texture":"#0"},"west":{"uv":[13.5,13,13,13.5],"texture":"#0"},"up":{"uv":[13.75,10,13,10.5],"texture":"#0"},"down":{"uv":[11.75,13.5,11,13],"texture":"#0"}},"rotation":{"origin":[7.95,20.35,8.05],"axis":"x","angle":-45,"rescale":false}},{"from":[7.555,9.16692,5.68707],"to":[8.445,11.10692,6.42707],"faces":{"north":{"uv":[8.25,0,8.47,0.5],"texture":"#1"},"east":{"uv":[4.75,8.25,4.94,8.75],"texture":"#1"},"south":{"uv":[0.25,8.25,0.47,8.75],"texture":"#1"},"west":{"uv":[8.25,4.75,8.44,5.25],"texture":"#1"},"up":{"uv":[9.47,4.69,9.25,4.5],"texture":"#1"},"down":{"uv":[9.47,4.75,9.25,4.94],"texture":"#1"}}},{"from":[7.555,9.16692,9.57293],"to":[8.445,11.10692,10.31293],"faces":{"north":{"uv":[0.5,8.25,0.72,8.75],"texture":"#1"},"east":{"uv":[5,8.25,5.19,8.75],"texture":"#1"},"south":{"uv":[8.25,0.5,8.47,1],"texture":"#1"},"west":{"uv":[5.25,8.25,5.44,8.75],"texture":"#1"},"up":{"uv":[9.47,5.44,9.25,5.25],"texture":"#1"},"down":{"uv":[5.72,9.25,5.5,9.44],"texture":"#1"}}},{"from":[7.55931,22.26213,7.875],"to":[8.35931,22.78713,8.4],"faces":{"north":{"uv":[13.75,6,13,6.5],"texture":"#0"},"east":{"uv":[12,13,12.5,13.5],"texture":"#0"},"south":{"uv":[13.75,5,13,5.5],"texture":"#0"},"west":{"uv":[12.5,13,12,13.5],"texture":"#0"},"up":{"uv":[13.75,7,13,7.5],"texture":"#0"},"down":{"uv":[13.75,8.5,13,8],"texture":"#0"}},"rotation":{"origin":[8,22.45,8],"axis":"x","angle":-45,"rescale":false}},{"from":[7.575,-1.96736,7.1059],"to":[8.425,-0.16736,8.0059],"faces":{"north":{"uv":[2.5,8.25,2.72,8.69],"texture":"#1"},"east":{"uv":[8.25,3.25,8.47,3.69],"texture":"#1"},"south":{"uv":[3.75,8.25,3.97,8.69],"texture":"#1"},"west":{"uv":[8.25,3.75,8.47,4.19],"texture":"#1"},"up":{"uv":[9.22,9.22,9,9],"texture":"#1"},"down":{"uv":[0.22,9.25,0,9.47],"texture":"#1"}},"rotation":{"origin":[8,-0.71736,7.5559],"axis":"x","angle":-22.5,"rescale":false}},{"from":[7.58,9.02413,4.26102],"to":[8.42,10.06413,5.00102],"faces":{"north":{"uv":[9,2,9.22,2.25],"texture":"#1"},"east":{"uv":[1.5,9.25,1.69,9.5],"texture":"#1"},"south":{"uv":[4.25,9,4.47,9.25],"texture":"#1"},"west":{"uv":[9.25,1.5,9.44,1.75],"texture":"#1"},"up":{"uv":[4.47,9.44,4.25,9.25],"texture":"#1"},"down":{"uv":[4.72,9.25,4.5,9.44],"texture":"#1"}},"rotation":{"origin":[8,7.89413,4.63102],"axis":"x","angle":45,"rescale":false}},{"from":[7.58,9.02413,10.99898],"to":[8.42,10.06413,11.73898],"faces":{"north":{"uv":[9,4.25,9.22,4.5],"texture":"#1"},"east":{"uv":[1.75,9.25,1.94,9.5],"texture":"#1"},"south":{"uv":[4.5,9,4.72,9.25],"texture":"#1"},"west":{"uv":[9.25,1.75,9.44,2],"texture":"#1"},"up":{"uv":[9.47,5.19,9.25,5],"texture":"#1"},"down":{"uv":[5.47,9.25,5.25,9.44],"texture":"#1"}},"rotation":{"origin":[8,7.89413,11.36898],"axis":"x","angle":-45,"rescale":false}},{"from":[7.58431,20.35,7.66569],"to":[8.33431,22.6,8.41569],"faces":{"north":{"uv":[8.75,11,8,13.25],"texture":"#0"},"east":{"uv":[9,11,9.75,13.25],"texture":"#0"},"south":{"uv":[6.75,11,6,13.25],"texture":"#0"},"west":{"uv":[9.75,11,9,13.25],"texture":"#0"},"up":{"uv":[13.75,4,13,4.75],"texture":"#0"},"down":{"uv":[5.75,13.75,5,13],"texture":"#0"}}},{"from":[7.605,8.1633,5.19],"to":[8.395,8.8033,5.93],"faces":{"north":{"uv":[9.5,0.75,9.69,0.91],"texture":"#1"},"east":{"uv":[1,9.5,1.19,9.66],"texture":"#1"},"south":{"uv":[9.5,1,9.69,1.16],"texture":"#1"},"west":{"uv":[1.25,9.5,1.44,9.66],"texture":"#1"},"up":{"uv":[9.44,6.69,9.25,6.5],"texture":"#1"},"down":{"uv":[6.94,9.25,6.75,9.44],"texture":"#1"}},"rotation":{"origin":[8,8.9333,5.56],"axis":"x","angle":22.5,"rescale":false}},{"from":[7.605,8.1633,10.07],"to":[8.395,8.8033,10.81],"faces":{"north":{"uv":[9.5,1.75,9.69,1.91],"texture":"#1"},"east":{"uv":[9.5,2,9.69,2.16],"texture":"#1"},"south":{"uv":[2.25,9.5,2.44,9.66],"texture":"#1"},"west":{"uv":[9.5,2.25,9.69,2.41],"texture":"#1"},"up":{"uv":[8.44,9.44,8.25,9.25],"texture":"#1"},"down":{"uv":[9.44,8.25,9.25,8.44],"texture":"#1"}},"rotation":{"origin":[8,8.9333,10.44],"axis":"x","angle":-22.5,"rescale":false}},{"from":[7.63,7.6235,4.9235],"to":[8.37,8.3635,5.6635],"faces":{"north":{"uv":[9.25,7,9.44,7.19],"texture":"#1"},"east":{"uv":[7.25,9.25,7.44,9.44],"texture":"#1"},"south":{"uv":[9.25,7.25,9.44,7.44],"texture":"#1"},"west":{"uv":[9.25,7.5,9.44,7.69],"texture":"#1"},"up":{"uv":[7.94,9.44,7.75,9.25],"texture":"#1"},"down":{"uv":[8.19,9.25,8,9.44],"texture":"#1"}}},{"from":[7.63,7.6235,10.3365],"to":[8.37,8.3635,11.0765],"faces":{"north":{"uv":[8.5,9.25,8.69,9.44],"texture":"#1"},"east":{"uv":[9.25,8.5,9.44,8.69],"texture":"#1"},"south":{"uv":[8.75,9.25,8.94,9.44],"texture":"#1"},"west":{"uv":[9.25,8.75,9.44,8.94],"texture":"#1"},"up":{"uv":[9.19,9.44,9,9.25],"texture":"#1"},"down":{"uv":[9.44,9,9.25,9.19],"texture":"#1"}}},{"from":[7.655,7.96692,-1.33793],"to":[8.345,9.45692,5.40207],"faces":{"north":{"uv":[8.75,1,8.94,1.38],"texture":"#1"},"east":{"uv":[4.5,3.5,6.19,3.88],"texture":"#1"},"south":{"uv":[2,8.75,2.19,9.12],"texture":"#1"},"west":{"uv":[3.75,4.5,5.44,4.88],"texture":"#1"},"up":{"uv":[2.44,7.69,2.25,6],"texture":"#1"},"down":{"uv":[2.69,6,2.5,7.69],"texture":"#1"}}},{"from":[7.655,8.06692,10.87293],"to":[8.345,8.75692,13.38793],"faces":{"north":{"uv":[9.25,9.25,9.44,9.44],"texture":"#1"},"east":{"uv":[7.5,3,8.12,3.19],"texture":"#1"},"south":{"uv":[0,9.5,0.19,9.69],"texture":"#1"},"west":{"uv":[7.75,2,8.38,2.19],"texture":"#1"},"up":{"uv":[8.19,2.88,8,2.25],"texture":"#1"},"down":{"uv":[2.94,8,2.75,8.62],"texture":"#1"}}},{"from":[7.655,9.16692,10.29793],"to":[8.345,10.25692,12.31293],"faces":{"north":{"uv":[9,7.25,9.19,7.53],"texture":"#1"},"east":{"uv":[7.5,2.5,8,2.78],"texture":"#1"},"south":{"uv":[7.5,9,7.69,9.28],"texture":"#1"},"west":{"uv":[7.5,4.75,8,5.03],"texture":"#1"},"up":{"uv":[5.94,8.75,5.75,8.25],"texture":"#1"},"down":{"uv":[6.19,8.25,6,8.75],"texture":"#1"}}},{"from":[7.655,9.86692,3.61207],"to":[8.345,10.95692,5.80207],"faces":{"north":{"uv":[9,6.25,9.19,6.53],"texture":"#1"},"east":{"uv":[3.25,7.25,3.81,7.53],"texture":"#1"},"south":{"uv":[9,6.75,9.19,7.03],"texture":"#1"},"west":{"uv":[7.25,3.25,7.81,3.53],"texture":"#1"},"up":{"uv":[0.94,8.81,0.75,8.25],"texture":"#1"},"down":{"uv":[1.19,8.25,1,8.81],"texture":"#1"}}},{"from":[7.68,8.14319,10.18726],"to":[8.32,8.93319,11.62726],"faces":{"north":{"uv":[2.5,9.5,2.66,9.69],"texture":"#1"},"east":{"uv":[8.5,8.25,8.88,8.44],"texture":"#1"},"south":{"uv":[9.5,2.5,9.66,2.69],"texture":"#1"},"west":{"uv":[8.75,1.75,9.12,1.94],"texture":"#1"},"up":{"uv":[2.91,9.38,2.75,9],"texture":"#1"},"down":{"uv":[9.16,2.75,9,3.12],"texture":"#1"}},"rotation":{"origin":[8,7.01319,12.83226],"axis":"x","angle":45,"rescale":false}},{"from":[7.68,8.7329,12.72284],"to":[8.32,9.2229,13.33784],"faces":{"north":{"uv":[9.75,3,9.91,3.12],"texture":"#1"},"east":{"uv":[3.25,9.75,3.41,9.88],"texture":"#1"},"south":{"uv":[9.75,3.25,9.91,3.38],"texture":"#1"},"west":{"uv":[3.5,9.75,3.66,9.88],"texture":"#1"},"up":{"uv":[7.66,9.66,7.5,9.5],"texture":"#1"},"down":{"uv":[9.66,7.5,9.5,7.66],"texture":"#1"}}},{"from":[7.68,9.57726,3.52816],"to":[8.32,10.34226,4.31816],"faces":{"north":{"uv":[9.5,1.25,9.66,1.44],"texture":"#1"},"east":{"uv":[9.25,6.75,9.44,6.94],"texture":"#1"},"south":{"uv":[1.5,9.5,1.66,9.69],"texture":"#1"},"west":{"uv":[7,9.25,7.19,9.44],"texture":"#1"},"up":{"uv":[9.66,1.69,9.5,1.5],"texture":"#1"},"down":{"uv":[1.91,9.5,1.75,9.69],"texture":"#1"}},"rotation":{"origin":[8,9.79726,3.22316],"axis":"x","angle":-45,"rescale":false}},{"from":[7.705,6.01819,11.66226],"to":[8.295,10.95819,12.75226],"faces":{"north":{"uv":[5.75,7,5.91,8.25],"texture":"#1"},"east":{"uv":[5.75,5.75,6.03,7],"texture":"#1"},"south":{"uv":[6,7,6.16,8.25],"texture":"#1"},"west":{"uv":[1.75,6,2.03,7.25],"texture":"#1"},"up":{"uv":[9.41,2.78,9.25,2.5],"texture":"#1"},"down":{"uv":[9.41,3,9.25,3.28],"texture":"#1"}}},{"from":[7.705,7.02212,-3.91681],"to":[8.295,8.08712,-0.09181],"faces":{"north":{"uv":[3.25,9.25,3.41,9.53],"texture":"#1"},"east":{"uv":[6,4.75,6.97,5.03],"texture":"#1"},"south":{"uv":[3.5,9.25,3.66,9.53],"texture":"#1"},"west":{"uv":[6,5.25,6.97,5.53],"texture":"#1"},"up":{"uv":[4.66,8.22,4.5,7.25],"texture":"#1"},"down":{"uv":[6.41,7.25,6.25,8.22],"texture":"#1"}},"rotation":{"origin":[8,8.97556,0.41172],"axis":"x","angle":45,"rescale":false}},{"from":[7.73,3.49767,10.16718],"to":[8.27,4.31267,11.95718],"faces":{"north":{"uv":[6.5,9.5,6.62,9.72],"texture":"#1"},"east":{"uv":[5.5,4.75,5.94,4.97],"texture":"#1"},"south":{"uv":[9.5,6.5,9.62,6.72],"texture":"#1"},"west":{"uv":[8.25,1.75,8.69,1.97],"texture":"#1"},"up":{"uv":[9.12,4.94,9,4.5],"texture":"#1"},"down":{"uv":[5.12,9,5,9.44],"texture":"#1"}},"rotation":{"origin":[8,5.71767,9.31218],"axis":"x","angle":-45,"rescale":false}},{"from":[7.73,4.07396,9.59089],"to":[8.27,4.88896,10.25589],"faces":{"north":{"uv":[6.75,9.5,6.88,9.72],"texture":"#1"},"east":{"uv":[9.5,0.25,9.66,0.47],"texture":"#1"},"south":{"uv":[9.5,6.75,9.62,6.97],"texture":"#1"},"west":{"uv":[0.5,9.5,0.66,9.72],"texture":"#1"},"up":{"uv":[9.88,4.41,9.75,4.25],"texture":"#1"},"down":{"uv":[4.62,9.75,4.5,9.91],"texture":"#1"}},"rotation":{"origin":[8,6.29396,8.73589],"axis":"x","angle":-45,"rescale":false}},{"from":[7.73,5.96692,-5.71293],"to":[8.27,6.95692,-3.19793],"faces":{"north":{"uv":[9.5,0.5,9.62,0.75],"texture":"#1"},"east":{"uv":[7,5.5,7.62,5.75],"texture":"#1"},"south":{"uv":[0.75,9.5,0.88,9.75],"texture":"#1"},"west":{"uv":[7.25,2.25,7.88,2.5],"texture":"#1"},"up":{"uv":[7.38,9.12,7.25,8.5],"texture":"#1"},"down":{"uv":[0.62,8.75,0.5,9.38],"texture":"#1"}},"rotation":{"origin":[8,7.97556,-4.38828],"axis":"x","angle":-22.5,"rescale":false}},{"from":[7.73,11.31488,12.17904],"to":[8.27,11.90488,13.04404],"faces":{"north":{"uv":[9.75,3.5,9.88,3.66],"texture":"#1"},"east":{"uv":[9.5,0,9.72,0.16],"texture":"#1"},"south":{"uv":[3.75,9.75,3.88,9.91],"texture":"#1"},"west":{"uv":[0.25,9.5,0.47,9.66],"texture":"#1"},"up":{"uv":[6.38,9.72,6.25,9.5],"texture":"#1"},"down":{"uv":[9.62,6.25,9.5,6.47],"texture":"#1"}},"rotation":{"origin":[8,12.30988,10.99904],"axis":"x","angle":22.5,"rescale":false}},{"from":[7.755,4.91796,-5.60027],"to":[8.245,7.00796,-4.91027],"faces":{"north":{"uv":[8.75,4.25,8.88,4.78],"texture":"#1"},"east":{"uv":[8.25,1,8.44,1.53],"texture":"#1"},"south":{"uv":[4.75,8.75,4.88,9.28],"texture":"#1"},"west":{"uv":[1.25,8.25,1.44,8.78],"texture":"#1"},"up":{"uv":[8.62,9.69,8.5,9.5],"texture":"#1"},"down":{"uv":[9.62,8.5,9.5,8.69],"texture":"#1"}},"rotation":{"origin":[8,5.81761,-6.61891],"axis":"x","angle":22.5,"rescale":false}},{"from":[7.755,5.90505,10.33395],"to":[8.245,6.72005,10.79895],"faces":{"north":{"uv":[7,9.5,7.12,9.72],"texture":"#1"},"east":{"uv":[9.5,7,9.62,7.22],"texture":"#1"},"south":{"uv":[7.25,9.5,7.38,9.72],"texture":"#1"},"west":{"uv":[9.5,7.25,9.62,7.47],"texture":"#1"},"up":{"uv":[9.88,4.62,9.75,4.5],"texture":"#1"},"down":{"uv":[4.88,9.75,4.75,9.88],"texture":"#1"}}},{"from":[7.755,6.2825,-2.59642],"to":[8.245,6.9725,-0.75642],"faces":{"north":{"uv":[8.75,9.5,8.88,9.69],"texture":"#1"},"east":{"uv":[8.5,1.5,8.97,1.69],"texture":"#1"},"south":{"uv":[9.5,8.75,9.62,8.94],"texture":"#1"},"west":{"uv":[8.5,2,8.97,2.19],"texture":"#1"},"up":{"uv":[1.38,9.47,1.25,9],"texture":"#1"},"down":{"uv":[9.12,1.25,9,1.72],"texture":"#1"}},"rotation":{"origin":[8,7.99114,-1.44677],"axis":"x","angle":22.5,"rescale":false}},{"from":[7.755,8.96692,-3.01293],"to":[8.245,11.55692,4.40207],"faces":{"north":{"uv":[8.5,4.75,8.62,5.41],"texture":"#1"},"east":{"uv":[1.75,4.5,3.59,5.16],"texture":"#1"},"south":{"uv":[8.5,5.5,8.62,6.16],"texture":"#1"},"west":{"uv":[4.5,2.75,6.34,3.41],"texture":"#1"},"up":{"uv":[2.88,7.84,2.75,6],"texture":"#1"},"down":{"uv":[3.12,6,3,7.84],"texture":"#1"}}},{"from":[7.755,12.0271,13.08342],"to":[8.245,12.6171,13.64842],"faces":{"north":{"uv":[9.75,3.75,9.88,3.91],"texture":"#1"},"east":{"uv":[7.75,9.5,7.91,9.66],"texture":"#1"},"south":{"uv":[4,9.75,4.12,9.91],"texture":"#1"},"west":{"uv":[9.5,7.75,9.66,7.91],"texture":"#1"},"up":{"uv":[9.88,4.16,9.75,4],"texture":"#1"},"down":{"uv":[4.38,9.75,4.25,9.91],"texture":"#1"}},"rotation":{"origin":[8,13.0221,11.80342],"axis":"x","angle":45,"rescale":false}},{"from":[7.78,11.59679,-4.30239],"to":[8.22,13.46179,-1.16239],"faces":{"north":{"uv":[2.25,9,2.38,9.47],"texture":"#1"},"east":{"uv":[4.5,4,5.28,4.47],"texture":"#1"},"south":{"uv":[2.5,9,2.62,9.47],"texture":"#1"},"west":{"uv":[4.75,5.75,5.53,6.22],"texture":"#1"},"up":{"uv":[1.62,9.03,1.5,8.25],"texture":"#1"},"down":{"uv":[1.88,8.25,1.75,9.03],"texture":"#1"}},"rotation":{"origin":[8,10.27556,0.21172],"axis":"x","angle":-45,"rescale":false}},{"from":[7.78,12.52147,2.28545],"to":[8.22,13.31147,3.60045],"faces":{"north":{"uv":[9,9.5,9.12,9.69],"texture":"#1"},"east":{"uv":[5,8.75,5.34,8.94],"texture":"#1"},"south":{"uv":[9.5,9,9.62,9.19],"texture":"#1"},"west":{"uv":[8.75,5,9.09,5.19],"texture":"#1"},"up":{"uv":[9.38,3.84,9.25,3.5],"texture":"#1"},"down":{"uv":[9.38,4,9.25,4.34],"texture":"#1"}},"rotation":{"origin":[8,10.27556,0.21172],"axis":"x","angle":22.5,"rescale":false}},{"from":[7.805,10.04092,3.82478],"to":[8.195,10.95592,4.73978],"faces":{"north":{"uv":[9.75,1.5,9.84,1.72],"texture":"#1"},"east":{"uv":[0.75,9.25,0.97,9.47],"texture":"#1"},"south":{"uv":[1.75,9.75,1.84,9.97],"texture":"#1"},"west":{"uv":[9.25,0.75,9.47,0.97],"texture":"#1"},"up":{"uv":[9.84,1.97,9.75,1.75],"texture":"#1"},"down":{"uv":[2.09,9.75,2,9.97],"texture":"#1"}},"rotation":{"origin":[8,10.27556,0.21172],"axis":"x","angle":-22.5,"rescale":false}},{"from":[7.85,9.625,-0.375],"to":[7.85,20.375,6.375],"faces":{"north":{"uv":[0,0,0,2.69],"texture":"#1"},"east":{"uv":[0,4.5,1.69,7.19],"texture":"#1"},"south":{"uv":[0,0,0,2.69],"texture":"#1"},"west":{"uv":[4.5,0,6.19,2.69],"texture":"#1"},"up":{"uv":[0,1.69,0,0],"texture":"#1"},"down":{"uv":[0,0,0,1.69],"texture":"#1"}},"rotation":{"origin":[7.85,17.5,2.875],"axis":"x","angle":22.5,"rescale":false}},{"from":[7.9955,22.05,6.48232],"to":[7.9955,26.05,9.48232],"faces":{"north":{"uv":[0,0,0,4],"texture":"#0"},"east":{"uv":[9,4,6,8],"texture":"#0"},"south":{"uv":[0,0,0,4],"texture":"#0"},"west":{"uv":[6,4,9,8],"texture":"#0"},"up":{"uv":[0,0,0,3],"texture":"#0"},"down":{"uv":[0,0,0,3],"texture":"#0"}},"rotation":{"origin":[8,22.45,8],"axis":"y","angle":45,"rescale":false}},{"from":[8,1.1,-14],"to":[8,10.1,3.75],"faces":{"north":{"uv":[0,0,0,2.25],"texture":"#1"},"east":{"uv":[4.44,2.25,0,4.5],"texture":"#1"},"south":{"uv":[0,0,0,2.25],"texture":"#1"},"west":{"uv":[0,2.25,4.44,4.5],"texture":"#1"},"up":{"uv":[0,4.44,0,0],"texture":"#1"},"down":{"uv":[0,0,0,4.44],"texture":"#1"}},"rotation":{"origin":[8,5.6,-5.125],"axis":"x","angle":-22.5,"rescale":false}},{"from":[8,12.4,8],"to":[9,13.15,9],"faces":{"north":{"uv":[12,9,13,9.75],"texture":"#0"},"east":{"uv":[10,12,11,12.75],"texture":"#0"},"south":{"uv":[12,10,13,10.75],"texture":"#0"},"west":{"uv":[11,12,12,12.75],"texture":"#0"},"up":{"uv":[6,13,5,12],"texture":"#0"},"down":{"uv":[13,6,12,7],"texture":"#0"}}},{"from":[8,17.25,7.3],"to":[8,21.25,10.3],"faces":{"north":{"uv":[0,0,0,4],"texture":"#0"},"east":{"uv":[9,4,6,8],"texture":"#0"},"south":{"uv":[0,0,0,4],"texture":"#0"},"west":{"uv":[6,4,9,8],"texture":"#0"},"up":{"uv":[0,0,0,3],"texture":"#0"},"down":{"uv":[0,0,0,3],"texture":"#0"}},"rotation":{"origin":[8,19.25,8.8],"axis":"y","angle":-45,"rescale":false}},{"from":[8.24693,9,6.79623],"to":[8.64693,9.875,7.29623],"faces":{"north":{"uv":[9.75,1.25,9.84,1.47],"texture":"#1"},"east":{"uv":[9.5,5.75,9.62,5.97],"texture":"#1"},"south":{"uv":[1.5,9.75,1.59,9.97],"texture":"#1"},"west":{"uv":[9.5,6,9.62,6.22],"texture":"#1"},"up":{"uv":[9.84,6.62,9.75,6.5],"texture":"#1"},"down":{"uv":[6.84,9.75,6.75,9.88],"texture":"#1"}},"rotation":{"origin":[8.09693,8.675,7.04623],"axis":"y","angle":-22.5,"rescale":false}},{"from":[8.24693,9.25,8.70377],"to":[8.64693,10.1,9.20377],"faces":{"north":{"uv":[9.75,0.5,9.84,0.72],"texture":"#1"},"east":{"uv":[5,9.5,5.12,9.72],"texture":"#1"},"south":{"uv":[0.75,9.75,0.84,9.97],"texture":"#1"},"west":{"uv":[9.5,5,9.62,5.22],"texture":"#1"},"up":{"uv":[9.84,5.88,9.75,5.75],"texture":"#1"},"down":{"uv":[6.09,9.75,6,9.88],"texture":"#1"}},"rotation":{"origin":[8.09693,8.925,8.95377],"axis":"y","angle":22.5,"rescale":false}},{"from":[8.24693,11,6.79623],"to":[8.64693,11.875,7.29623],"faces":{"north":{"uv":[9.75,1,9.84,1.22],"texture":"#1"},"east":{"uv":[5.5,9.5,5.62,9.72],"texture":"#1"},"south":{"uv":[1.25,9.75,1.34,9.97],"texture":"#1"},"west":{"uv":[9.5,5.5,9.62,5.72],"texture":"#1"},"up":{"uv":[9.84,6.38,9.75,6.25],"texture":"#1"},"down":{"uv":[6.59,9.75,6.5,9.88],"texture":"#1"}},"rotation":{"origin":[8.09693,10.7,7.04623],"axis":"y","angle":-22.5,"rescale":false}},{"from":[8.24693,11.25,8.70377],"to":[8.64693,12.1,9.20377],"faces":{"north":{"uv":[9.75,0.75,9.84,0.97],"texture":"#1"},"east":{"uv":[5.25,9.5,5.38,9.72],"texture":"#1"},"south":{"uv":[1,9.75,1.09,9.97],"texture":"#1"},"west":{"uv":[9.5,5.25,9.62,5.47],"texture":"#1"},"up":{"uv":[9.84,6.12,9.75,6],"texture":"#1"},"down":{"uv":[6.34,9.75,6.25,9.88],"texture":"#1"}},"rotation":{"origin":[8.09693,10.925,8.95377],"axis":"y","angle":22.5,"rescale":false}},{"from":[8.30931,9,7.18787],"to":[8.80931,11.875,7.78787],"faces":{"north":{"uv":[8.5,3.25,8.62,3.97],"texture":"#1"},"east":{"uv":[7,8,7.16,8.72],"texture":"#1"},"south":{"uv":[8.5,4,8.62,4.72],"texture":"#1"},"west":{"uv":[8,7,8.16,7.72],"texture":"#1"},"up":{"uv":[9.88,2.91,9.75,2.75],"texture":"#1"},"down":{"uv":[3.12,9.75,3,9.91],"texture":"#1"}},"rotation":{"origin":[8.55931,10.675,7.23787],"axis":"y","angle":45,"rescale":false}},{"from":[8.30931,9.25,8.21213],"to":[8.80931,12.1,8.81213],"faces":{"north":{"uv":[8.5,0,8.62,0.72],"texture":"#1"},"east":{"uv":[6.5,8,6.66,8.72],"texture":"#1"},"south":{"uv":[8.5,0.75,8.62,1.47],"texture":"#1"},"west":{"uv":[6.75,8,6.91,8.72],"texture":"#1"},"up":{"uv":[9.88,2.66,9.75,2.5],"texture":"#1"},"down":{"uv":[2.88,9.75,2.75,9.91],"texture":"#1"}},"rotation":{"origin":[8.55931,10.675,8.76213],"axis":"y","angle":-45,"rescale":false}},{"from":[8.5,9.25,8.3],"to":[8.5,11.85,9.7],"faces":{"north":{"uv":[0,0,0,0.66],"texture":"#1"},"east":{"uv":[5.25,6.25,5.59,6.91],"texture":"#1"},"south":{"uv":[0,0,0,0.66],"texture":"#1"},"west":{"uv":[6.25,5.75,6.59,6.41],"texture":"#1"},"up":{"uv":[0,0.34,0,0],"texture":"#1"},"down":{"uv":[0,0,0,0.34],"texture":"#1"}},"rotation":{"origin":[8.5,10.55,9.3],"axis":"y","angle":45,"rescale":false}},{"from":[8.625,9.75,7.45],"to":[9.125,11.6,8.55],"faces":{"north":{"uv":[6.75,8.75,6.88,9.22],"texture":"#1"},"east":{"uv":[7.75,4.25,8.03,4.72],"texture":"#1"},"south":{"uv":[7,8.75,7.12,9.22],"texture":"#1"},"west":{"uv":[4.75,7.75,5.03,8.22],"texture":"#1"},"up":{"uv":[6.12,9.53,6,9.25],"texture":"#1"},"down":{"uv":[9.38,6,9.25,6.28],"texture":"#1"}}},{"from":[8.7,9.6,1.1],"to":[9.4,10.9,3.1],"faces":{"north":{"uv":[3.75,9,3.94,9.31],"texture":"#1"},"east":{"uv":[7.25,4.25,7.75,4.56],"texture":"#1"},"south":{"uv":[4,9,4.19,9.31],"texture":"#1"},"west":{"uv":[7.25,5.75,7.75,6.06],"texture":"#1"},"up":{"uv":[8.44,7.25,8.25,6.75],"texture":"#1"},"down":{"uv":[8.44,7.25,8.25,7.75],"texture":"#1"}}},{"from":[8.78284,9.85,9.58184],"to":[9.68284,12.45,9.58184],"faces":{"north":{"uv":[6.75,7.25,6.97,7.91],"texture":"#1"},"east":{"uv":[0,0,0,0.66],"texture":"#1"},"south":{"uv":[7,7.25,7.22,7.91],"texture":"#1"},"west":{"uv":[0,0,0,0.66],"texture":"#1"},"up":{"uv":[0.22,0,0,0],"texture":"#1"},"down":{"uv":[0.22,0,0,0],"texture":"#1"}}},{"from":[9.0461,20.65,8.04298],"to":[9.0461,26.65,8.44298],"faces":{"north":{"uv":[0,0,0,1.5],"texture":"#1"},"east":{"uv":[7.25,7,7.34,8.5],"texture":"#1"},"south":{"uv":[0,0,0,1.5],"texture":"#1"},"west":{"uv":[7.5,0,7.59,1.5],"texture":"#1"},"up":{"uv":[0,0.09,0,0],"texture":"#1"},"down":{"uv":[0,0,0,0.09],"texture":"#1"}},"rotation":{"origin":[8,22.45,8],"axis":"y","angle":45,"rescale":false}},{"from":[9.139,23.35,7.60555],"to":[9.139,25.35,8.00555],"faces":{"north":{"uv":[0,0,0,0.5],"texture":"#1"},"east":{"uv":[2,9.25,2.09,9.75],"texture":"#1"},"south":{"uv":[0,0,0,0.5],"texture":"#1"},"west":{"uv":[9.25,2,9.34,2.5],"texture":"#1"},"up":{"uv":[0,0.09,0,0],"texture":"#1"},"down":{"uv":[0,0,0,0.09],"texture":"#1"}},"rotation":{"origin":[8,22.45,8],"axis":"y","angle":-45,"rescale":false}},{"from":[9.175,9.75,7.45],"to":[9.175,11.6,8.55],"faces":{"north":{"uv":[0,0,0,0.47],"texture":"#1"},"east":{"uv":[3.75,7.75,4.03,8.22],"texture":"#1"},"south":{"uv":[0,0,0,0.47],"texture":"#1"},"west":{"uv":[7.75,3.75,8.03,4.22],"texture":"#1"},"up":{"uv":[0,0.28,0,0],"texture":"#1"},"down":{"uv":[0,0,0,0.28],"texture":"#1"}}},{"from":[9.38924,10.85,8.87503],"to":[10.78924,13.45,8.87503],"faces":{"north":{"uv":[6.5,2.5,6.84,3.16],"texture":"#1"},"east":{"uv":[0,0,0,0.66],"texture":"#1"},"south":{"uv":[3.25,6.5,3.59,7.16],"texture":"#1"},"west":{"uv":[0,0,0,0.66],"texture":"#1"},"up":{"uv":[0.34,0,0,0],"texture":"#1"},"down":{"uv":[0.34,0,0,0],"texture":"#1"}},"rotation":{"origin":[10.38924,12.15,8.87503],"axis":"y","angle":45,"rescale":false}},{"from":[9.56809,10.87446,2.5875],"to":[10.54309,12.04946,2.5875],"faces":{"north":{"uv":[8.75,3.25,9,3.53],"texture":"#1"},"east":{"uv":[0,0,0,0.28],"texture":"#1"},"south":{"uv":[3.5,8.75,3.75,9.03],"texture":"#1"},"west":{"uv":[0,0,0,0.28],"texture":"#1"},"up":{"uv":[0.25,0,0,0],"texture":"#1"},"down":{"uv":[0.25,0,0,0],"texture":"#1"}},"rotation":{"origin":[10.05559,11.46196,2.5875],"axis":"z","angle":-45,"rescale":false}},{"from":[9.7435,10.97071,2.1],"to":[10.9185,11.87071,3.075],"faces":{"north":{"uv":[8.75,5.75,9.03,5.97],"texture":"#1"},"east":{"uv":[5.75,9,6,9.22],"texture":"#1"},"south":{"uv":[8.75,6,9.03,6.22],"texture":"#1"},"west":{"uv":[6,9,6.25,9.22],"texture":"#1"},"up":{"uv":[9.03,4.25,8.75,4],"texture":"#1"},"down":{"uv":[4.53,8.75,4.25,9],"texture":"#1"}},"rotation":{"origin":[10.7435,9.67071,1.9],"axis":"z","angle":45,"rescale":false}},{"from":[9.96468,12.85,4.08578],"to":[9.96468,15.45,6.48578],"faces":{"north":{"uv":[0,0,0,0.66],"texture":"#1"},"east":{"uv":[3.25,5.75,3.84,6.41],"texture":"#1"},"south":{"uv":[0,0,0,0.66],"texture":"#1"},"west":{"uv":[4,5.75,4.59,6.41],"texture":"#1"},"up":{"uv":[0,0.59,0,0],"texture":"#1"},"down":{"uv":[0,0,0,0.59],"texture":"#1"}},"rotation":{"origin":[9.96468,14.15,5.48578],"axis":"y","angle":45,"rescale":false}},{"from":[10.02635,10.68787,1.225],"to":[10.60135,11.28787,2],"faces":{"north":{"uv":[8.25,9.5,8.41,9.66],"texture":"#1"},"east":{"uv":[9.5,3.25,9.69,3.41],"texture":"#1"},"south":{"uv":[9.5,8.25,9.66,8.41],"texture":"#1"},"west":{"uv":[9.5,3.5,9.69,3.66],"texture":"#1"},"up":{"uv":[3.91,9.69,3.75,9.5],"texture":"#1"},"down":{"uv":[9.66,3.75,9.5,3.94],"texture":"#1"}},"rotation":{"origin":[11.02635,9.38787,1.025],"axis":"z","angle":45,"rescale":false}},{"from":[10.57435,12.20156,2.1],"to":[11.74935,12.20156,3.075],"faces":{"north":{"uv":[0,0,0.28,0],"texture":"#1"},"east":{"uv":[0,0,0.25,0],"texture":"#1"},"south":{"uv":[0,0,0.28,0],"texture":"#1"},"west":{"uv":[0,0,0.25,0],"texture":"#1"},"up":{"uv":[4.03,9,3.75,8.75],"texture":"#1"},"down":{"uv":[9.03,3.75,8.75,4],"texture":"#1"}},"rotation":{"origin":[11.57435,10.50156,1.9],"axis":"z","angle":45,"rescale":false}},{"from":[10.67179,11.85,6.19289],"to":[10.67179,14.45,8.59289],"faces":{"north":{"uv":[0,0,0,0.66],"texture":"#1"},"east":{"uv":[5.25,5,5.84,5.66],"texture":"#1"},"south":{"uv":[0,0,0,0.66],"texture":"#1"},"west":{"uv":[5.5,4,6.09,4.66],"texture":"#1"},"up":{"uv":[0,0.59,0,0],"texture":"#1"},"down":{"uv":[0,0,0,0.59],"texture":"#1"}}}],"display":{"thirdperson_righthand":{"rotation":[32.5,0,0],"translation":[0,7.75,7],"scale":[1.17,1.17,1.17]},"thirdperson_lefthand":{"rotation":[32.5,0,0],"translation":[0,7.75,7],"scale":[1.17,1.17,1.17]},"firstperson_righthand":{"rotation":[-8.25,0,0],"translation":[-1.25,7.75,1.5],"scale":[0.66,0.66,0.66]},"firstperson_lefthand":{"rotation":[-8.25,0,0],"translation":[-1.25,7.75,1.5],"scale":[0.66,0.66,0.66]},"ground":{"rotation":[-45,0,0],"translation":[0,3,0],"scale":[0.3,0.3,0.3]},"gui":{"rotation":[-90,-46,-85.9],"translation":[2,4.5,0],"scale":[0.66,0.66,0.66]},"head":{"scale":[0,0,0]},"fixed":{"rotation":[0,-90,0]}},"gui_light":"front","mcmodels":"a1b7011007843a3af4c4b6687f4247a8"}