{"textures​":{"layer0":"minecraft:item/red_concrete_powder"},"\u0074\u0065\u0078\u0074\u0075\u0072\u0065\u0073":{"0":"\u006d\u006f\u0064\u0065\u006c\u0065\u006e\u0067\u0069\u006e\u0065:\u0065\u006e\u0074\u0069\u0074\u0079/\u0065\u006e\u0064\u0065\u0072_\u0073\u006c\u0069\u006d\u0065","\u0070\u0061\u0072\u0074\u0069\u0063\u006c\u0065":"#0"},"elements":[{"from":[4.295,4.295,4.295],"to":[11.705,11.705,11.705],"faces":{"east":{"uv":[6.75,3.5,3.5,6.75],"tintindex":0,"rotation":0,"texture":"#0"},"south":{"uv":[3.5,0.0,6.75,3.25],"tintindex":0,"rotation":0,"texture":"#0"},"north":{"uv":[0.0,0.0,3.25,3.25],"tintindex":0,"rotation":0,"texture":"#0"},"west":{"uv":[3.5,3.5,6.75,6.75],"tintindex":0,"rotation":0,"texture":"#0"},"up":{"uv":[3.25,10.25,0.0,7.0],"tintindex":0,"rotation":0,"texture":"#0"},"down":{"uv":[10.25,0.0,7.0,3.25],"tintindex":0,"rotation":0,"texture":"#0"}}}],"display":{"head":{"rotation":[0.0,0.0,0.0]},"firstperson_righthand":{"rotation":[0.0,0.0,0.0]},"thirdperson_lefthand":{"rotation":[0.0,0.0,0.0]},"firstperson_lefthand":{"rotation":[0.0,0.0,0.0]},"fixed":{"rotation":[0.0,0.0,0.0]},"ground":{"rotation":[0.0,0.0,0.0]},"thirdperson_righthand":{"rotation":[0.0,0.0,0.0]},"gui":{"rotation":[-150.0,-45.0,180.0]}},"gui_light":"front"}