{"credit":"Made with Blockbench by yungwilder","texture_size":[32,32],"textures":{"0":"enderdragonset:enderdragon_bow","1":"enderdragonset:ender_dust_animation","particle":"enderdragonset:enderdragon_bow"},"elements":[{"from":[7,3,7],"to":[9,9,9],"rotation":{"angle":0,"axis":"y","origin":[0,-5,0]},"faces":{"north":{"uv":[2.5,6.5,3.5,9.5],"texture":"#0"},"east":{"uv":[3.5,6.5,4.5,9.5],"texture":"#0"},"south":{"uv":[4.5,6.5,5.5,9.5],"texture":"#0"},"west":{"uv":[5.5,6.5,6.5,9.5],"texture":"#0"},"up":{"uv":[1,9.5,0,8.5],"texture":"#0"},"down":{"uv":[2,8.5,1,9.5],"texture":"#0"}}},{"from":[0.5,5.5,8],"to":[1.5,21.5,8],"rotation":{"angle":0,"axis":"y","origin":[0,-5,0]},"faces":{"north":{"uv":[6.5,0,7,8],"texture":"#0"},"east":{"uv":[0,0,0,8],"texture":"#0"},"south":{"uv":[6.5,0,7,8],"texture":"#0"},"west":{"uv":[0,0,0,8],"texture":"#0"},"up":{"uv":[0.5,0,0,0],"texture":"#0"},"down":{"uv":[0.5,0,0,0],"texture":"#0"}}},{"from":[8.86318,10.30329,7.125],"to":[10.86318,15.30329,8.875],"rotation":{"angle":-22.5,"axis":"z","origin":[7.16923,14.83507,8]},"faces":{"north":{"uv":[7,1.5,8,4],"texture":"#0"},"east":{"uv":[7,4,8,6.5],"texture":"#0"},"south":{"uv":[7,6.5,8,9],"texture":"#0"},"west":{"uv":[8,1.5,9,4],"texture":"#0"},"up":{"uv":[9.5,5,8.5,4],"texture":"#0"},"down":{"uv":[9.5,5,8.5,6],"texture":"#0"}}},{"from":[7.86318,11.30329,7.5],"to":[8.86318,15.30329,8.5],"rotation":{"angle":-22.5,"axis":"z","origin":[7.16923,14.83507,8]},"faces":{"north":{"uv":[8.5,6,9,8],"texture":"#0"},"east":{"uv":[8.5,8,9,10],"texture":"#0"},"south":{"uv":[9,0,9.5,2],"texture":"#0"},"west":{"uv":[9,2,9.5,4],"texture":"#0"},"up":{"uv":[11,6,10.5,5.5],"texture":"#0"},"down":{"uv":[6.5,10.5,6,11],"texture":"#0"}}},{"from":[1.91682,19.8001,7.0625],"to":[3.91682,21.8001,8.9375],"rotation":{"angle":22.5,"axis":"z","origin":[4.10432,21.9251,8]},"faces":{"north":{"uv":[9,6,10,7],"texture":"#0"},"east":{"uv":[7,9,8,10],"texture":"#0"},"south":{"uv":[9,7,10,8],"texture":"#0"},"west":{"uv":[9,8,10,9],"texture":"#0"},"up":{"uv":[10,10,9,9],"texture":"#0"},"down":{"uv":[1,9.5,0,10.5],"texture":"#0"}}},{"from":[2.91682,21.8001,7.5],"to":[3.91682,24.8001,8.5],"rotation":{"angle":22.5,"axis":"z","origin":[4.10432,21.9251,8]},"faces":{"north":{"uv":[10.5,0,11,1.5],"texture":"#0"},"east":{"uv":[10.5,1.5,11,3],"texture":"#0"},"south":{"uv":[2.5,10.5,3,12],"texture":"#0"},"west":{"uv":[3,10.5,3.5,12],"texture":"#0"},"up":{"uv":[11,7.5,10.5,7],"texture":"#0"},"down":{"uv":[11,7.5,10.5,8],"texture":"#0"}}},{"from":[4.85432,12.6751,7.0625],"to":[6.85432,14.6751,8.9375],"rotation":{"angle":22.5,"axis":"z","origin":[4.10432,21.9251,8]},"faces":{"north":{"uv":[9.5,0,10.5,1],"texture":"#0"},"east":{"uv":[1,9.5,2,10.5],"texture":"#0"},"south":{"uv":[9.5,1,10.5,2],"texture":"#0"},"west":{"uv":[9.5,2,10.5,3],"texture":"#0"},"up":{"uv":[3.5,10.5,2.5,9.5],"texture":"#0"},"down":{"uv":[10.5,3,9.5,4],"texture":"#0"}}},{"from":[5.85432,14.6751,7.5],"to":[6.85432,16.6751,8.5],"rotation":{"angle":22.5,"axis":"z","origin":[4.10432,21.9251,8]},"faces":{"north":{"uv":[10.5,3.5,11,4.5],"texture":"#0"},"east":{"uv":[10.5,4.5,11,5.5],"texture":"#0"},"south":{"uv":[5,10.5,5.5,11.5],"texture":"#0"},"west":{"uv":[5.5,10.5,6,11.5],"texture":"#0"},"up":{"uv":[11,8.5,10.5,8],"texture":"#0"},"down":{"uv":[11,8.5,10.5,9],"texture":"#0"}}},{"from":[4.63986,17.88957,7.0625],"to":[6.63986,19.88957,8.9375],"rotation":{"angle":0,"axis":"z","origin":[7.63986,18.38957,8]},"faces":{"north":{"uv":[3.5,9.5,4.5,10.5],"texture":"#0"},"east":{"uv":[9.5,4,10.5,5],"texture":"#0"},"south":{"uv":[4.5,9.5,5.5,10.5],"texture":"#0"},"west":{"uv":[9.5,5,10.5,6],"texture":"#0"},"up":{"uv":[6.5,10.5,5.5,9.5],"texture":"#0"},"down":{"uv":[11,6,10,7],"texture":"#0"}}},{"from":[5.63986,19.88957,7.5],"to":[6.63986,23.88957,8.5],"rotation":{"angle":0,"axis":"z","origin":[7.63986,18.38957,8]},"faces":{"north":{"uv":[7,10,7.5,12],"texture":"#0"},"east":{"uv":[10,7,10.5,9],"texture":"#0"},"south":{"uv":[7.5,10,8,12],"texture":"#0"},"west":{"uv":[8.5,10,9,12],"texture":"#0"},"up":{"uv":[10.5,11,10,10.5],"texture":"#0"},"down":{"uv":[11,10.5,10.5,11],"texture":"#0"}}},{"from":[7.01542,11.60148,7],"to":[9.01542,24.60148,9],"rotation":{"angle":45,"axis":"z","origin":[7.16923,14.83507,8]},"faces":{"north":{"uv":[2.5,0,3.5,6.5],"texture":"#0"},"east":{"uv":[3.5,0,4.5,6.5],"texture":"#0"},"south":{"uv":[4.5,0,5.5,6.5],"texture":"#0"},"west":{"uv":[5.5,0,6.5,6.5],"texture":"#0"},"up":{"uv":[10,11,9,10],"texture":"#0"},"down":{"uv":[11,9,10,10],"texture":"#0"}}},{"from":[6.01542,13.60148,7.5],"to":[7.01542,21.60148,8.5],"rotation":{"angle":45,"axis":"z","origin":[7.16923,14.83507,8]},"faces":{"north":{"uv":[2,7,2.5,11],"texture":"#0"},"east":{"uv":[8,4,8.5,8],"texture":"#0"},"south":{"uv":[6.5,8,7,12],"texture":"#0"},"west":{"uv":[8,8,8.5,12],"texture":"#0"},"up":{"uv":[0.5,11.5,0,11],"texture":"#0"},"down":{"uv":[11.5,0,11,0.5],"texture":"#0"}}},{"from":[0.83656,7.91469,8],"to":[5.83656,21.91469,8],"rotation":{"angle":45,"axis":"z","origin":[3.33656,14.91469,8]},"faces":{"north":{"uv":[0,0,2.5,7],"texture":"#0"},"east":{"uv":[0,0,0,7],"texture":"#0"},"south":{"uv":[2.5,0,0,7],"texture":"#0"},"west":{"uv":[0,0,0,7],"texture":"#0"},"up":{"uv":[2.5,0,0,0],"texture":"#0"},"down":{"uv":[2.5,0,0,0],"texture":"#0"}}},{"from":[6.5,9,6.5],"to":[10.5,10,9.5],"faces":{"north":{"uv":[10,10,12,10.5],"texture":"#0"},"east":{"uv":[10.5,3,12,3.5],"texture":"#0"},"south":{"uv":[0,10.5,2,11],"texture":"#0"},"west":{"uv":[3.5,10.5,5,11],"texture":"#0"},"up":{"uv":[2,8.5,0,7],"texture":"#0"},"down":{"uv":[9,0,7,1.5],"texture":"#0"}}},{"from":[6.5,2,6.5],"to":[10.5,3,9.5],"rotation":{"angle":0,"axis":"y","origin":[0,12,0]},"faces":{"north":{"uv":[10,10.5,12,10],"texture":"#0"},"east":{"uv":[10.5,3.5,12,3],"texture":"#0"},"south":{"uv":[0,11,2,10.5],"texture":"#0"},"west":{"uv":[3.5,11,5,10.5],"texture":"#0"},"up":{"uv":[9,1.5,7,0],"texture":"#0"},"down":{"uv":[2,7,0,8.5],"texture":"#0"}}},{"from":[8.86318,-3.30329,7.125],"to":[10.86318,1.69671,8.875],"rotation":{"angle":22.5,"axis":"z","origin":[7.16923,-2.83507,8]},"faces":{"north":{"uv":[7,4,8,1.5],"texture":"#0"},"east":{"uv":[7,6.5,8,4],"texture":"#0"},"south":{"uv":[7,9,8,6.5],"texture":"#0"},"west":{"uv":[8,4,9,1.5],"texture":"#0"},"up":{"uv":[9.5,6,8.5,5],"texture":"#0"},"down":{"uv":[9.5,4,8.5,5],"texture":"#0"}}},{"from":[7.01542,-12.60148,7],"to":[9.01542,0.39852,9],"rotation":{"angle":-45,"axis":"z","origin":[7.16923,-2.83507,8]},"faces":{"north":{"uv":[2.5,6.5,3.5,0],"texture":"#0"},"east":{"uv":[3.5,6.5,4.5,0],"texture":"#0"},"south":{"uv":[4.5,6.5,5.5,0],"texture":"#0"},"west":{"uv":[5.5,6.5,6.5,0],"texture":"#0"},"up":{"uv":[11,10,10,9],"texture":"#0"},"down":{"uv":[10,10,9,11],"texture":"#0"}}},{"from":[4.85432,-2.6751,7.0625],"to":[6.85432,-0.6751,8.9375],"rotation":{"angle":-22.5,"axis":"z","origin":[4.10432,-9.9251,8]},"faces":{"north":{"uv":[9.5,1,10.5,0],"texture":"#0"},"east":{"uv":[1,10.5,2,9.5],"texture":"#0"},"south":{"uv":[9.5,2,10.5,1],"texture":"#0"},"west":{"uv":[9.5,3,10.5,2],"texture":"#0"},"up":{"uv":[10.5,4,9.5,3],"texture":"#0"},"down":{"uv":[3.5,9.5,2.5,10.5],"texture":"#0"}}},{"from":[5.85432,-4.6751,7.5],"to":[6.85432,-2.6751,8.5],"rotation":{"angle":-22.5,"axis":"z","origin":[4.10432,-9.9251,8]},"faces":{"north":{"uv":[10.5,4.5,11,3.5],"texture":"#0"},"east":{"uv":[10.5,5.5,11,4.5],"texture":"#0"},"south":{"uv":[5,11.5,5.5,10.5],"texture":"#0"},"west":{"uv":[5.5,11.5,6,10.5],"texture":"#0"},"up":{"uv":[11,9,10.5,8.5],"texture":"#0"},"down":{"uv":[11,8,10.5,8.5],"texture":"#0"}}},{"from":[4.63986,-7.88957,7.0625],"to":[6.63986,-5.88957,8.9375],"rotation":{"angle":0,"axis":"z","origin":[7.63986,-6.38957,8]},"faces":{"north":{"uv":[3.5,10.5,4.5,9.5],"texture":"#0"},"east":{"uv":[9.5,5,10.5,4],"texture":"#0"},"south":{"uv":[4.5,10.5,5.5,9.5],"texture":"#0"},"west":{"uv":[9.5,6,10.5,5],"texture":"#0"},"up":{"uv":[11,7,10,6],"texture":"#0"},"down":{"uv":[6.5,9.5,5.5,10.5],"texture":"#0"}}},{"from":[5.63986,-11.88957,7.5],"to":[6.63986,-7.88957,8.5],"rotation":{"angle":0,"axis":"z","origin":[7.63986,-6.38957,8]},"faces":{"north":{"uv":[7,12,7.5,10],"texture":"#0"},"east":{"uv":[10,9,10.5,7],"texture":"#0"},"south":{"uv":[7.5,12,8,10],"texture":"#0"},"west":{"uv":[8.5,12,9,10],"texture":"#0"},"up":{"uv":[11,11,10.5,10.5],"texture":"#0"},"down":{"uv":[10.5,10.5,10,11],"texture":"#0"}}},{"from":[2.91682,-12.8001,7.5],"to":[3.91682,-9.8001,8.5],"rotation":{"angle":-22.5,"axis":"z","origin":[4.10432,-9.9251,8]},"faces":{"north":{"uv":[10.5,1.5,11,0],"texture":"#0"},"east":{"uv":[10.5,3,11,1.5],"texture":"#0"},"south":{"uv":[2.5,12,3,10.5],"texture":"#0"},"west":{"uv":[3,12,3.5,10.5],"texture":"#0"},"up":{"uv":[11,8,10.5,7.5],"texture":"#0"},"down":{"uv":[11,7,10.5,7.5],"texture":"#0"}}},{"from":[1.91682,-9.8001,7.0625],"to":[3.91682,-7.8001,8.9375],"rotation":{"angle":-22.5,"axis":"z","origin":[4.10432,-9.9251,8]},"faces":{"north":{"uv":[9,7,10,6],"texture":"#0"},"east":{"uv":[7,10,8,9],"texture":"#0"},"south":{"uv":[9,8,10,7],"texture":"#0"},"west":{"uv":[9,9,10,8],"texture":"#0"},"up":{"uv":[1,10.5,0,9.5],"texture":"#0"},"down":{"uv":[10,9,9,10],"texture":"#0"}}},{"from":[0.5,-9.5,8],"to":[1.5,6.5,8],"rotation":{"angle":0,"axis":"y","origin":[0,17,0]},"faces":{"north":{"uv":[6.5,8,7,0],"texture":"#0"},"east":{"uv":[0,8,0,0],"texture":"#0"},"south":{"uv":[6.5,8,7,0],"texture":"#0"},"west":{"uv":[0,8,0,0],"texture":"#0"},"up":{"uv":[0.5,0,0,0],"texture":"#0"},"down":{"uv":[0.5,0,0,0],"texture":"#0"}}},{"from":[2.01542,-12.60148,8],"to":[7.01542,1.39852,8],"rotation":{"angle":-45,"axis":"z","origin":[7.16923,-2.83507,8]},"faces":{"north":{"uv":[0,7,2.5,0],"texture":"#0"},"east":{"uv":[0,7,0,0],"texture":"#0"},"south":{"uv":[2.5,7,0,0],"texture":"#0"},"west":{"uv":[0,7,0,0],"texture":"#0"},"up":{"uv":[2.5,0,0,0],"texture":"#0"},"down":{"uv":[2.5,0,0,0],"texture":"#0"}}},{"from":[6.01542,-9.60148,7.5],"to":[7.01542,-1.60148,8.5],"rotation":{"angle":-45,"axis":"z","origin":[7.16923,-2.83507,8]},"faces":{"north":{"uv":[2,11,2.5,7],"texture":"#0"},"east":{"uv":[8,8,8.5,4],"texture":"#0"},"south":{"uv":[6.5,12,7,8],"texture":"#0"},"west":{"uv":[8,12,8.5,8],"texture":"#0"},"up":{"uv":[11.5,0.5,11,0],"texture":"#0"},"down":{"uv":[0.5,11,0,11.5],"texture":"#0"}}},{"from":[7.86318,-3.30329,7.5],"to":[8.86318,0.69671,8.5],"rotation":{"angle":22.5,"axis":"z","origin":[7.16923,-2.83507,8]},"faces":{"north":{"uv":[8.5,8,9,6],"texture":"#0"},"east":{"uv":[8.5,10,9,8],"texture":"#0"},"south":{"uv":[9,2,9.5,0],"texture":"#0"},"west":{"uv":[9,4,9.5,2],"texture":"#0"},"up":{"uv":[6.5,11,6,10.5],"texture":"#0"},"down":{"uv":[11,5.5,10.5,6],"texture":"#0"}}},{"from":[4.34696,13.51088,8],"to":[10.34696,27.51088,8],"rotation":{"angle":45,"axis":"z","origin":[9.34696,19.51088,7]},"faces":{"north":{"uv":[6,2,0,16],"texture":"#1"},"east":{"uv":[0,0,0.5,0.5],"texture":"#missing"},"south":{"uv":[0,2,6,16],"texture":"#1"},"west":{"uv":[0,0,0.5,0.5],"texture":"#missing"},"up":{"uv":[0,0,0.5,0.5],"texture":"#missing"},"down":{"uv":[0,0,0.5,0.5],"texture":"#missing"}}},{"from":[3.51854,-14.51088,8],"to":[9.51854,-0.51088,8],"rotation":{"angle":-45,"axis":"z","origin":[6.51854,-7.51088,8]},"faces":{"north":{"uv":[6,2,0,16],"texture":"#1"},"east":{"uv":[0,0.5,0.5,0],"texture":"#missing"},"south":{"uv":[0,2,6,16],"texture":"#1"},"west":{"uv":[0,0.5,0.5,0],"texture":"#missing"},"up":{"uv":[0,0.5,0.5,0],"texture":"#missing"},"down":{"uv":[0,0.5,0.5,0],"texture":"#missing"}}}],"gui_light":"front","display":{"thirdperson_righthand":{"rotation":[0,90,0],"translation":[0,-0.25,1],"scale":[0.85,0.85,0.85]},"thirdperson_lefthand":{"rotation":[0,-90,0],"translation":[0,-0.25,1],"scale":[0.85,0.85,0.85]},"firstperson_righthand":{"rotation":[25,115,0],"translation":[0,5,0],"scale":[0.45,0.45,0.45]},"firstperson_lefthand":{"rotation":[25,-65,0],"translation":[0,5,0],"scale":[0.45,0.45,0.45]},"ground":{"rotation":[65,0,0],"translation":[1,2,0],"scale":[0.35,0.35,0.35]},"gui":{"rotation":[25,-165,45],"translation":[-1,2,0],"scale":[0.5,0.5,0.5]},"head":{"rotation":[0,0,90],"translation":[-2,8,0]},"fixed":{"rotation":[0,0,45],"translation":[1.5,3,-1],"scale":[0.65,0.65,0.65]}}}