{"credit":"Made with Blockbench","texture_size":[128,128],"textures":{"1":"furnace_gearworks:chest","4":"furnace_gearworks:cog","5":"furnace_gearworks:piston","6":"furnace_gearworks:smoke","7":"furnace_gearworks:piston_1","particle":"furnace_gearworks:piston_1","main":"furnace_gearworks:big_cog"},"elements":[{"from":[0.5,2.25,2.75],"to":[15.5,11.25,13.25],"rotation":{"angle":0,"axis":"y","origin":[8,3,8]},"faces":{"north":{"uv":[4,3.75,5.875,4.875],"texture":"#1"},"east":{"uv":[4.75,1.25,6.0625,2.375],"texture":"#1"},"south":{"uv":[4.75,0,6.625,1.125],"texture":"#1"},"west":{"uv":[4.75,2.5,6.0625,3.625],"texture":"#1"},"up":{"uv":[1.875,5.0625,0,3.75],"texture":"#1"},"down":{"uv":[3.875,3.75,2,5.0625],"texture":"#1"}}},{"from":[6.875,5.25,0.5],"to":[9.125,9,2],"rotation":{"angle":0,"axis":"y","origin":[8,7.125,0.875]},"faces":{"north":{"uv":[7.25,0.75,7.5625,1.25],"texture":"#1"},"east":{"uv":[7.625,6.375,7.8125,6.875],"texture":"#1"},"south":{"uv":[7.25,1.375,7.5625,1.875],"texture":"#1"},"west":{"uv":[7.625,7,7.8125,7.5],"texture":"#1"},"up":{"uv":[7.9375,7.8125,7.625,7.625],"texture":"#1"},"down":{"uv":[8.0625,0.75,7.75,0.9375],"texture":"#1"}}},{"from":[6.25,3.25,0.975],"to":[9.75,7.75,0.975],"rotation":{"angle":0,"axis":"y","origin":[7.875,5.875,1.35]},"faces":{"north":{"uv":[6.375,4.75,6.8125,5.3125],"texture":"#1"},"east":{"uv":[5.5,6.5,5.5,7.0625],"texture":"#1"},"south":{"uv":[7.25,0,7.75,0.5625],"texture":"#1"},"west":{"uv":[7,4.75,7,5.3125],"texture":"#1"},"up":{"uv":[2.875,5.25,2.375,5.25],"texture":"#1"},"down":{"uv":[3.5,5.25,3,5.25],"texture":"#1"}}},{"from":[-1,0,1.25],"to":[17,2.25,14.75],"rotation":{"angle":0,"axis":"y","origin":[8,1.5,8]},"faces":{"north":{"uv":[4,5,6.25,5.3125],"texture":"#1"},"east":{"uv":[0,5.75,1.6875,6.0625],"texture":"#1"},"south":{"uv":[0,5.25,2.25,5.5625],"texture":"#1"},"west":{"uv":[1.875,6,3.5625,6.3125],"texture":"#1"},"up":{"uv":[2.25,1.6875,0,0],"texture":"#1"},"down":{"uv":[2.25,1.875,0,3.5625],"texture":"#1"}}},{"from":[-1,6,1.25],"to":[17,8.25,14.75],"rotation":{"angle":0,"axis":"y","origin":[8,7.5,8]},"faces":{"north":{"uv":[2.375,5.5,4.625,5.8125],"texture":"#1"},"east":{"uv":[3.75,6,5.4375,6.3125],"texture":"#1"},"south":{"uv":[4.75,5.5,7,5.8125],"texture":"#1"},"west":{"uv":[6,3.75,7.6875,4.0625],"texture":"#1"},"up":{"uv":[4.625,1.6875,2.375,0],"texture":"#1"},"down":{"uv":[4.625,1.875,2.375,3.5625],"texture":"#1"}}},{"from":[14,2.25,2],"to":[16.25,12,4.25],"rotation":{"angle":0,"axis":"y","origin":[8,5.25,8]},"faces":{"north":{"uv":[5.625,6,5.9375,7.25],"texture":"#1"},"east":{"uv":[6.125,6,6.4375,7.25],"texture":"#1"},"south":{"uv":[0,6.25,0.3125,7.5],"texture":"#1"},"west":{"uv":[0.5,6.25,0.8125,7.5],"texture":"#1"},"up":{"uv":[7.5625,2.3125,7.25,2],"texture":"#1"},"down":{"uv":[7.6875,2.5,7.375,2.8125],"texture":"#1"}}},{"from":[14,2.25,11.75],"to":[16.25,12,14],"rotation":{"angle":0,"axis":"y","origin":[15.125,7.125,12.875]},"faces":{"north":{"uv":[1,6.25,1.3125,7.5],"texture":"#1"},"east":{"uv":[6.25,1.25,6.5625,2.5],"texture":"#1"},"south":{"uv":[1.5,6.5,1.8125,7.75],"texture":"#1"},"west":{"uv":[2,6.5,2.3125,7.75],"texture":"#1"},"up":{"uv":[7.6875,3.3125,7.375,3],"texture":"#1"},"down":{"uv":[5.8125,7.375,5.5,7.6875],"texture":"#1"}}},{"from":[14,9.55,4.25],"to":[16.25,12,11.75],"rotation":{"angle":0,"axis":"x","origin":[15.125,10.875,6.875]},"faces":{"north":{"uv":[6,7.375,6.3125,7.6875],"texture":"#1"},"east":{"uv":[6,4.25,6.9375,4.5625],"texture":"#1"},"south":{"uv":[6.5,7.375,6.8125,7.6875],"texture":"#1"},"west":{"uv":[6.25,2.625,7.1875,2.9375],"texture":"#1"},"up":{"uv":[7.0625,2.3125,6.75,1.375],"texture":"#1"},"down":{"uv":[7.4375,4.25,7.125,5.1875],"texture":"#1"}}},{"from":[-0.25,9.55,4.25],"to":[2,12,11.75],"rotation":{"angle":0,"axis":"x","origin":[0.875,10.875,6.875]},"faces":{"north":{"uv":[0,7.625,0.3125,7.9375],"texture":"#1"},"east":{"uv":[6.25,3.125,7.1875,3.4375],"texture":"#1"},"south":{"uv":[0.5,7.625,0.8125,7.9375],"texture":"#1"},"west":{"uv":[7.125,5.375,8.0625,5.6875],"texture":"#1"},"up":{"uv":[7.4375,6.8125,7.125,5.875],"texture":"#1"},"down":{"uv":[7.4375,7,7.125,7.9375],"texture":"#1"}}},{"from":[-0.25,2.25,2],"to":[2,12,4.25],"rotation":{"angle":0,"axis":"y","origin":[-6.25,5.25,8]},"faces":{"north":{"uv":[2.5,6.5,2.8125,7.75],"texture":"#1"},"east":{"uv":[3,6.5,3.3125,7.75],"texture":"#1"},"south":{"uv":[3.5,6.5,3.8125,7.75],"texture":"#1"},"west":{"uv":[4,6.5,4.3125,7.75],"texture":"#1"},"up":{"uv":[1.3125,7.9375,1,7.625],"texture":"#1"},"down":{"uv":[7.9375,4.25,7.625,4.5625],"texture":"#1"}}},{"from":[-0.25,2.25,11.75],"to":[2,12,14],"rotation":{"angle":0,"axis":"y","origin":[0.875,7.125,12.875]},"faces":{"north":{"uv":[4.5,6.5,4.8125,7.75],"texture":"#1"},"east":{"uv":[5,6.5,5.3125,7.75],"texture":"#1"},"south":{"uv":[6.625,6,6.9375,7.25],"texture":"#1"},"west":{"uv":[6.75,0,7.0625,1.25],"texture":"#1"},"up":{"uv":[7.9375,5.0625,7.625,4.75],"texture":"#1"},"down":{"uv":[7.9375,5.875,7.625,6.1875],"texture":"#1"}}},{"from":[2,5.75,14.95],"to":[14,17.75,15.05],"rotation":{"angle":0,"axis":"y","origin":[8,11.76305,15]},"faces":{"north":{"uv":[0.375,0.375,3.75,3.75],"rotation":180,"texture":"#main"},"south":{"uv":[0.375,0.375,3.75,3.75],"rotation":180,"texture":"#main"}}},{"from":[2.00499,5.75099,14.95],"to":[14.00499,17.75099,15.05],"rotation":{"angle":-22.5,"axis":"z","origin":[8,11.76305,15]},"faces":{"north":{"uv":[4.375,0.375,7.75,3.75],"rotation":180,"texture":"#main"},"south":{"uv":[4.375,0.375,7.75,3.75],"rotation":180,"texture":"#main"}}},{"from":[2.00922,5.75382,14.95],"to":[14.00922,17.75382,15.05],"rotation":{"angle":-45,"axis":"z","origin":[8,11.76305,15]},"faces":{"north":{"uv":[8.375,0.375,11.75,3.75],"rotation":180,"texture":"#main"},"south":{"uv":[8.375,0.375,11.75,3.75],"rotation":180,"texture":"#main"}}},{"from":[1.99501,5.75099,14.95],"to":[13.99501,17.75099,15.05],"rotation":{"angle":22.5,"axis":"z","origin":[8,11.76305,15]},"faces":{"north":{"uv":[12.375,0.375,15.75,3.75],"rotation":90,"texture":"#main"},"south":{"uv":[12.375,0.375,15.75,3.75],"rotation":270,"texture":"#main"}}},{"from":[2,5.75,14.95],"to":[14,17.75,15.05],"rotation":{"angle":0,"axis":"y","origin":[8,11.76305,15]},"faces":{"north":{"uv":[0.375,4.375,3.75,7.75],"rotation":90,"texture":"#main"},"south":{"uv":[0.375,4.375,3.75,7.75],"rotation":270,"texture":"#main"}}},{"from":[2.00499,5.75099,14.95],"to":[14.00499,17.75099,15.05],"rotation":{"angle":-22.5,"axis":"z","origin":[8,11.76305,15]},"faces":{"north":{"uv":[4.375,4.375,7.75,7.75],"rotation":90,"texture":"#main"},"south":{"uv":[4.375,4.375,7.75,7.75],"rotation":270,"texture":"#main"}}},{"from":[2.00922,5.75382,14.95],"to":[14.00922,17.75382,15.05],"rotation":{"angle":-45,"axis":"z","origin":[8,11.76305,15]},"faces":{"north":{"uv":[8.375,4.375,11.75,7.75],"rotation":90,"texture":"#main"},"south":{"uv":[8.375,4.375,11.75,7.75],"rotation":270,"texture":"#main"}}},{"from":[1.99501,5.75099,14.95],"to":[13.99501,17.75099,15.05],"rotation":{"angle":22.5,"axis":"z","origin":[8,11.76305,15]},"faces":{"north":{"uv":[12.375,4.375,15.75,7.75],"texture":"#main"},"south":{"uv":[12.375,4.375,15.75,7.75],"texture":"#main"}}},{"from":[2,5.75,14.95],"to":[14,17.75,15.05],"rotation":{"angle":0,"axis":"y","origin":[8,11.76305,15]},"faces":{"north":{"uv":[0.375,8.375,3.75,11.75],"texture":"#main"},"south":{"uv":[0.375,8.375,3.75,11.75],"texture":"#main"}}},{"from":[2.00499,5.75099,14.95],"to":[14.00499,17.75099,15.05],"rotation":{"angle":-22.5,"axis":"z","origin":[8,11.76305,15]},"faces":{"north":{"uv":[4.375,8.375,7.75,11.75],"texture":"#main"},"south":{"uv":[4.375,8.375,7.75,11.75],"texture":"#main"}}},{"from":[2.00922,5.75382,14.95],"to":[14.00922,17.75382,15.05],"rotation":{"angle":-45,"axis":"z","origin":[8,11.76305,15]},"faces":{"north":{"uv":[8.375,8.375,11.75,11.75],"texture":"#main"},"south":{"uv":[8.375,8.375,11.75,11.75],"texture":"#main"}}},{"from":[1.99501,5.75099,14.95],"to":[13.99501,17.75099,15.05],"rotation":{"angle":22.5,"axis":"z","origin":[8,11.76305,15]},"faces":{"north":{"uv":[12.375,8.375,15.75,11.75],"rotation":270,"texture":"#main"},"south":{"uv":[12.375,8.375,15.75,11.75],"rotation":90,"texture":"#main"}}},{"from":[2,5.75,14.95],"to":[14,17.75,15.05],"rotation":{"angle":0,"axis":"y","origin":[8,11.76305,15]},"faces":{"north":{"uv":[0.375,12.375,3.75,15.75],"rotation":270,"texture":"#main"},"south":{"uv":[0.375,12.375,3.75,15.75],"rotation":90,"texture":"#main"}}},{"from":[2.00499,5.75099,14.95],"to":[14.00499,17.75099,15.05],"rotation":{"angle":-22.5,"axis":"z","origin":[8,11.76305,15]},"faces":{"north":{"uv":[4.375,12.375,7.75,15.75],"rotation":270,"texture":"#main"},"south":{"uv":[4.375,12.375,7.75,15.75],"rotation":90,"texture":"#main"}}},{"from":[2.00922,5.75382,14.95],"to":[14.00922,17.75382,15.05],"rotation":{"angle":-45,"axis":"z","origin":[8,11.76305,15]},"faces":{"north":{"uv":[8.375,12.375,11.75,15.75],"rotation":270,"texture":"#main"},"south":{"uv":[8.375,12.375,11.75,15.75],"rotation":90,"texture":"#main"}}},{"from":[1.99501,5.75099,14.95],"to":[13.99501,17.75099,15.05],"rotation":{"angle":22.5,"axis":"z","origin":[8,11.76305,15]},"faces":{"north":{"uv":[12.375,12.375,15.75,15.75],"rotation":180,"texture":"#main"},"south":{"uv":[12.375,12.375,15.75,15.75],"rotation":180,"texture":"#main"}}},{"from":[6.24078,10.02227,14.5],"to":[9.74078,13.52227,15.5],"rotation":{"angle":-45,"axis":"z","origin":[8,11.76305,15]},"faces":{"north":{"uv":[0,16,16,0],"rotation":90,"texture":"#4"},"south":{"uv":[0,0,16,16],"rotation":90,"texture":"#4"}}},{"from":[16.685,5.97609,3.225],"to":[16.765,15.57609,12.825],"rotation":{"angle":0,"axis":"y","origin":[16.725,10.76305,8]},"faces":{"east":{"uv":[3.75,0.375,0.375,3.75],"texture":"#main"},"west":{"uv":[3.75,0.375,0.375,3.75],"texture":"#main"}}},{"from":[16.685,5.98466,3.21811],"to":[16.765,15.58466,12.81811],"rotation":{"angle":22.5,"axis":"x","origin":[16.725,10.76305,8]},"faces":{"east":{"uv":[7.75,0.375,4.375,3.75],"texture":"#main"},"west":{"uv":[7.75,0.375,4.375,3.75],"texture":"#main"}}},{"from":[16.685,5.98995,3.20845],"to":[16.765,15.58995,12.80845],"rotation":{"angle":45,"axis":"x","origin":[16.725,10.76305,8]},"faces":{"east":{"uv":[11.75,0.375,8.375,3.75],"texture":"#main"},"west":{"uv":[11.75,0.375,8.375,3.75],"texture":"#main"}}},{"from":[16.685,5.96553,3.22809],"to":[16.765,15.56553,12.82809],"rotation":{"angle":-22.5,"axis":"x","origin":[16.725,10.76305,8]},"faces":{"east":{"uv":[12.375,3.75,15.75,0.375],"rotation":90,"texture":"#main"},"west":{"uv":[12.375,3.75,15.75,0.375],"rotation":270,"texture":"#main"}}},{"from":[16.685,5.97609,3.225],"to":[16.765,15.57609,12.825],"rotation":{"angle":0,"axis":"y","origin":[16.725,10.76305,8]},"faces":{"east":{"uv":[0.375,7.75,3.75,4.375],"rotation":90,"texture":"#main"},"west":{"uv":[0.375,7.75,3.75,4.375],"rotation":270,"texture":"#main"}}},{"from":[16.685,5.98466,3.21811],"to":[16.765,15.58466,12.81811],"rotation":{"angle":22.5,"axis":"x","origin":[16.725,10.76305,8]},"faces":{"east":{"uv":[4.375,7.75,7.75,4.375],"rotation":90,"texture":"#main"},"west":{"uv":[4.375,7.75,7.75,4.375],"rotation":270,"texture":"#main"}}},{"from":[16.685,5.98995,3.20845],"to":[16.765,15.58995,12.80845],"rotation":{"angle":45,"axis":"x","origin":[16.725,10.76305,8]},"faces":{"east":{"uv":[8.375,7.75,11.75,4.375],"rotation":90,"texture":"#main"},"west":{"uv":[8.375,7.75,11.75,4.375],"rotation":270,"texture":"#main"}}},{"from":[16.685,5.96553,3.22809],"to":[16.765,15.56553,12.82809],"rotation":{"angle":-22.5,"axis":"x","origin":[16.725,10.76305,8]},"faces":{"east":{"uv":[15.75,4.375,12.375,7.75],"rotation":180,"texture":"#main"},"west":{"uv":[15.75,4.375,12.375,7.75],"rotation":180,"texture":"#main"}}},{"from":[16.685,5.97609,3.225],"to":[16.765,15.57609,12.825],"rotation":{"angle":0,"axis":"y","origin":[16.725,10.76305,8]},"faces":{"east":{"uv":[3.75,8.375,0.375,11.75],"rotation":180,"texture":"#main"},"west":{"uv":[3.75,8.375,0.375,11.75],"rotation":180,"texture":"#main"}}},{"from":[16.685,5.98466,3.21811],"to":[16.765,15.58466,12.81811],"rotation":{"angle":22.5,"axis":"x","origin":[16.725,10.76305,8]},"faces":{"east":{"uv":[7.75,8.375,4.375,11.75],"rotation":180,"texture":"#main"},"west":{"uv":[7.75,8.375,4.375,11.75],"rotation":180,"texture":"#main"}}},{"from":[16.685,5.98995,3.20845],"to":[16.765,15.58995,12.80845],"rotation":{"angle":45,"axis":"x","origin":[16.725,10.76305,8]},"faces":{"east":{"uv":[11.75,8.375,8.375,11.75],"rotation":180,"texture":"#main"},"west":{"uv":[11.75,8.375,8.375,11.75],"rotation":180,"texture":"#main"}}},{"from":[16.685,5.96553,3.22809],"to":[16.765,15.56553,12.82809],"rotation":{"angle":-22.5,"axis":"x","origin":[16.725,10.76305,8]},"faces":{"east":{"uv":[12.375,11.75,15.75,8.375],"rotation":270,"texture":"#main"},"west":{"uv":[12.375,11.75,15.75,8.375],"rotation":90,"texture":"#main"}}},{"from":[16.685,5.97609,3.225],"to":[16.765,15.57609,12.825],"rotation":{"angle":0,"axis":"y","origin":[16.725,10.76305,8]},"faces":{"east":{"uv":[0.375,15.75,3.75,12.375],"rotation":270,"texture":"#main"},"west":{"uv":[0.375,15.75,3.75,12.375],"rotation":90,"texture":"#main"}}},{"from":[16.685,5.98466,3.21811],"to":[16.765,15.58466,12.81811],"rotation":{"angle":22.5,"axis":"x","origin":[16.725,10.76305,8]},"faces":{"east":{"uv":[4.375,15.75,7.75,12.375],"rotation":270,"texture":"#main"},"west":{"uv":[4.375,15.75,7.75,12.375],"rotation":90,"texture":"#main"}}},{"from":[16.685,5.98995,3.20845],"to":[16.765,15.58995,12.80845],"rotation":{"angle":45,"axis":"x","origin":[16.725,10.76305,8]},"faces":{"east":{"uv":[8.375,15.75,11.75,12.375],"rotation":270,"texture":"#main"},"west":{"uv":[8.375,15.75,11.75,12.375],"rotation":90,"texture":"#main"}}},{"from":[16.685,5.96553,3.22809],"to":[16.765,15.56553,12.82809],"rotation":{"angle":-22.5,"axis":"x","origin":[16.725,10.76305,8]},"faces":{"east":{"uv":[15.75,12.375,12.375,15.75],"texture":"#main"},"west":{"uv":[15.75,12.375,12.375,15.75],"texture":"#main"}}},{"from":[16.225,9.0215,6.2231],"to":[17.225,12.5215,9.7231],"rotation":{"angle":-45,"axis":"x","origin":[16.725,10.76305,8]},"faces":{"east":{"uv":[0,0,16,16],"rotation":270,"texture":"#4"},"west":{"uv":[0,16,16,0],"rotation":270,"texture":"#4"}}},{"from":[-0.765,5.97609,3.225],"to":[-0.685,15.57609,12.825],"rotation":{"angle":0,"axis":"y","origin":[-0.725,10.76305,8]},"faces":{"east":{"uv":[0.375,0.375,3.75,3.75],"texture":"#main"},"west":{"uv":[0.375,0.375,3.75,3.75],"texture":"#main"}}},{"from":[-0.765,5.98466,3.21811],"to":[-0.685,15.58466,12.81811],"rotation":{"angle":22.5,"axis":"x","origin":[-0.725,10.76305,8]},"faces":{"east":{"uv":[4.375,0.375,7.75,3.75],"texture":"#main"},"west":{"uv":[4.375,0.375,7.75,3.75],"texture":"#main"}}},{"from":[-0.765,5.98995,3.20845],"to":[-0.685,15.58995,12.80845],"rotation":{"angle":45,"axis":"x","origin":[-0.725,10.76305,8]},"faces":{"east":{"uv":[8.375,0.375,11.75,3.75],"texture":"#main"},"west":{"uv":[8.375,0.375,11.75,3.75],"texture":"#main"}}},{"from":[-0.765,5.96553,3.22809],"to":[-0.685,15.56553,12.82809],"rotation":{"angle":-22.5,"axis":"x","origin":[-0.725,10.76305,8]},"faces":{"east":{"uv":[12.375,0.375,15.75,3.75],"rotation":270,"texture":"#main"},"west":{"uv":[12.375,0.375,15.75,3.75],"rotation":90,"texture":"#main"}}},{"from":[-0.765,5.97609,3.225],"to":[-0.685,15.57609,12.825],"rotation":{"angle":0,"axis":"y","origin":[-0.725,10.76305,8]},"faces":{"east":{"uv":[0.375,4.375,3.75,7.75],"rotation":270,"texture":"#main"},"west":{"uv":[0.375,4.375,3.75,7.75],"rotation":90,"texture":"#main"}}},{"from":[-0.765,5.98466,3.21811],"to":[-0.685,15.58466,12.81811],"rotation":{"angle":22.5,"axis":"x","origin":[-0.725,10.76305,8]},"faces":{"east":{"uv":[4.375,4.375,7.75,7.75],"rotation":270,"texture":"#main"},"west":{"uv":[4.375,4.375,7.75,7.75],"rotation":90,"texture":"#main"}}},{"from":[-0.765,5.98995,3.20845],"to":[-0.685,15.58995,12.80845],"rotation":{"angle":45,"axis":"x","origin":[-0.725,10.76305,8]},"faces":{"east":{"uv":[8.375,4.375,11.75,7.75],"rotation":270,"texture":"#main"},"west":{"uv":[8.375,4.375,11.75,7.75],"rotation":90,"texture":"#main"}}},{"from":[-0.765,5.96553,3.22809],"to":[-0.685,15.56553,12.82809],"rotation":{"angle":-22.5,"axis":"x","origin":[-0.725,10.76305,8]},"faces":{"east":{"uv":[12.375,4.375,15.75,7.75],"rotation":180,"texture":"#main"},"west":{"uv":[12.375,4.375,15.75,7.75],"rotation":180,"texture":"#main"}}},{"from":[-0.765,5.97609,3.225],"to":[-0.685,15.57609,12.825],"rotation":{"angle":0,"axis":"y","origin":[-0.725,10.76305,8]},"faces":{"east":{"uv":[0.375,8.375,3.75,11.75],"rotation":180,"texture":"#main"},"west":{"uv":[0.375,8.375,3.75,11.75],"rotation":180,"texture":"#main"}}},{"from":[-0.765,5.98466,3.21811],"to":[-0.685,15.58466,12.81811],"rotation":{"angle":22.5,"axis":"x","origin":[-0.725,10.76305,8]},"faces":{"east":{"uv":[4.375,8.375,7.75,11.75],"rotation":180,"texture":"#main"},"west":{"uv":[4.375,8.375,7.75,11.75],"rotation":180,"texture":"#main"}}},{"from":[-0.765,5.98995,3.20845],"to":[-0.685,15.58995,12.80845],"rotation":{"angle":45,"axis":"x","origin":[-0.725,10.76305,8]},"faces":{"east":{"uv":[8.375,8.375,11.75,11.75],"rotation":180,"texture":"#main"},"west":{"uv":[8.375,8.375,11.75,11.75],"rotation":180,"texture":"#main"}}},{"from":[-0.765,5.96553,3.22809],"to":[-0.685,15.56553,12.82809],"rotation":{"angle":-22.5,"axis":"x","origin":[-0.725,10.76305,8]},"faces":{"east":{"uv":[12.375,8.375,15.75,11.75],"rotation":90,"texture":"#main"},"west":{"uv":[12.375,8.375,15.75,11.75],"rotation":270,"texture":"#main"}}},{"from":[-0.765,5.97609,3.225],"to":[-0.685,15.57609,12.825],"rotation":{"angle":0,"axis":"y","origin":[-0.725,10.76305,8]},"faces":{"east":{"uv":[0.375,12.375,3.75,15.75],"rotation":90,"texture":"#main"},"west":{"uv":[0.375,12.375,3.75,15.75],"rotation":270,"texture":"#main"}}},{"from":[-0.765,5.98466,3.21811],"to":[-0.685,15.58466,12.81811],"rotation":{"angle":22.5,"axis":"x","origin":[-0.725,10.76305,8]},"faces":{"east":{"uv":[4.375,12.375,7.75,15.75],"rotation":90,"texture":"#main"},"west":{"uv":[4.375,12.375,7.75,15.75],"rotation":270,"texture":"#main"}}},{"from":[-0.765,5.98995,3.20845],"to":[-0.685,15.58995,12.80845],"rotation":{"angle":45,"axis":"x","origin":[-0.725,10.76305,8]},"faces":{"east":{"uv":[8.375,12.375,11.75,15.75],"rotation":90,"texture":"#main"},"west":{"uv":[8.375,12.375,11.75,15.75],"rotation":270,"texture":"#main"}}},{"from":[-0.765,5.96553,3.22809],"to":[-0.685,15.56553,12.82809],"rotation":{"angle":-22.5,"axis":"x","origin":[-0.725,10.76305,8]},"faces":{"east":{"uv":[12.375,12.375,15.75,15.75],"texture":"#main"},"west":{"uv":[12.375,12.375,15.75,15.75],"texture":"#main"}}},{"from":[-1.225,9.0215,6.2231],"to":[-0.225,12.5215,9.7231],"rotation":{"angle":-45,"axis":"x","origin":[-0.725,10.76305,8]},"faces":{"east":{"uv":[0,0,16,16],"rotation":270,"texture":"#4"},"west":{"uv":[0,16,16,0],"rotation":270,"texture":"#4"}}},{"from":[10.08954,2.3031,2.35027],"to":[13.58954,5.8031,3.35027],"rotation":{"angle":0,"axis":"z","origin":[11.83954,4.0531,2.85027]},"faces":{"north":{"uv":[0,16,16,0],"rotation":270,"texture":"#4"},"south":{"uv":[0,0,16,16],"rotation":270,"texture":"#4"}}},{"from":[2.41046,2.3031,2.35027],"to":[5.91046,5.8031,3.35027],"rotation":{"angle":0,"axis":"z","origin":[4.16046,4.0531,2.85027]},"faces":{"north":{"uv":[0,0,16,16],"rotation":270,"texture":"#4"},"south":{"uv":[0,16,16,0],"rotation":270,"texture":"#4"}}},{"from":[11.16046,7.3031,2.10027],"to":[14.66046,10.8031,3.10027],"rotation":{"angle":45,"axis":"z","origin":[12.91046,9.0531,2.60027]},"faces":{"north":{"uv":[0,0,16,16],"rotation":180,"texture":"#4"},"south":{"uv":[0,16,16,0],"texture":"#4"}}},{"from":[1.33954,7.3031,2.10027],"to":[4.83954,10.8031,3.10027],"rotation":{"angle":-45,"axis":"z","origin":[3.08954,9.0531,2.60027]},"faces":{"north":{"uv":[16,0,0,16],"rotation":180,"texture":"#4"},"south":{"uv":[16,16,0,0],"texture":"#4"}}},{"from":[9.08954,7.42523,1.875],"to":[13.08954,11.42523,2.125],"rotation":{"angle":0,"axis":"y","origin":[11.08954,10.53057,2]},"faces":{"north":{"uv":[16,16,0,0.2],"rotation":180,"texture":"#7"},"south":{"uv":[0,16,16,0.2],"rotation":180,"texture":"#7"}}},{"from":[14.06046,9.69657,1.7],"to":[17.56046,13.19657,1.8],"rotation":{"angle":-22.5,"axis":"z","origin":[15.81046,10.34123,1.75]},"faces":{"north":{"uv":[0,16,16,0],"rotation":180,"texture":"#6"},"south":{"uv":[0,0,16,16],"texture":"#6"}}},{"from":[13.81046,7.23589,1.625],"to":[17.81046,11.23589,1.875],"rotation":{"angle":-22.5,"axis":"z","origin":[15.81046,10.34123,1.75]},"faces":{"north":{"uv":[16,0.2,0,16],"texture":"#5"},"south":{"uv":[0,0.2,16,16],"texture":"#5"}}},{"from":[2.91046,7.42523,1.875],"to":[6.91046,11.42523,2.125],"rotation":{"angle":0,"axis":"y","origin":[4.91046,10.53057,2]},"faces":{"north":{"uv":[0,16,16,0.2],"rotation":180,"texture":"#7"},"south":{"uv":[16,16,0,0.2],"rotation":180,"texture":"#7"}}},{"from":[-1.81046,7.23589,1.625],"to":[2.18954,11.23589,1.875],"rotation":{"angle":22.5,"axis":"z","origin":[0.18954,10.34123,1.75]},"faces":{"north":{"uv":[0,0.2,16,16],"texture":"#5"},"south":{"uv":[16,0.2,0,16],"texture":"#5"}}},{"from":[-1.56046,9.69657,1.7],"to":[1.93954,13.19657,1.8],"rotation":{"angle":22.5,"axis":"z","origin":[0.18954,10.34123,1.75]},"faces":{"north":{"uv":[16,16,0,0],"rotation":180,"texture":"#6"},"south":{"uv":[16,0,0,16],"texture":"#6"}}}],"gui_light":"front","display":{"thirdperson_righthand":{"rotation":[54.25,0,0],"translation":[0,1.25,0.25],"scale":[0.44,0.44,0.44]},"thirdperson_lefthand":{"rotation":[54.25,0,0],"translation":[0,1.25,0.25],"scale":[0.44,0.44,0.44]},"firstperson_righthand":{"translation":[0.25,1.25,0],"scale":[0.39,0.39,0.39]},"firstperson_lefthand":{"translation":[0.25,1.25,0],"scale":[0.39,0.39,0.39]},"ground":{"translation":[0,2,0],"scale":[0.65,0.65,0.65]},"gui":{"rotation":[15,154,0],"scale":[0.52,0.52,0.52]},"head":{"translation":[0,-25,0],"scale":[2.25,2.25,2.25]},"fixed":{"rotation":[-90,0,0],"translation":[0,0,-22],"scale":[3,3,3]}}}