{"textures​":{"layer0":"minecraft:item/warped_planks"},"credit":"Made with Blockbench","texture_size":[64,64],"\u0074\u0065\u0078\u0074\u0075\u0072\u0065\u0073":{"1":"\u0068\u0061\u0074\u0073_\u0065\u0078\u0070\u0061\u006e\u0073\u0069\u006f\u006e:\u0061\u0078\u006f\u006c\u006f\u0074\u006c_\u0068\u0061\u0074","\u0070\u0061\u0072\u0074\u0069\u0063\u006c\u0065":"\u0068\u0061\u0074\u0073_\u0065\u0078\u0070\u0061\u006e\u0073\u0069\u006f\u006e:\u0061\u0078\u006f\u006c\u006f\u0074\u006c_\u0068\u0061\u0074"},"elements":[{"name":"eyes","from":[4,0,4],"to":[12,6,12],"faces":{"north":{"uv":[6,0,8,1.5],"texture":"#1"},"east":{"uv":[6,1.5,8,3],"texture":"#1"},"south":{"uv":[2,6,4,7.5],"texture":"#1"},"west":{"uv":[6,3,8,4.5],"texture":"#1"},"up":{"uv":[2,6,0,4],"texture":"#1"},"down":{"uv":[4,4,2,6],"texture":"#1"}}},{"from":[4,0,4],"to":[12,6,12],"faces":{"north":{"uv":[4,6,6,7.5],"texture":"#1","tintindex":0},"east":{"uv":[6,4.5,8,6],"texture":"#1","tintindex":0},"south":{"uv":[6,6,8,7.5],"texture":"#1","tintindex":0},"west":{"uv":[2,7.5,4,9],"texture":"#1","tintindex":0},"up":{"uv":[6,6,4,4],"texture":"#1","tintindex":0},"down":{"uv":[2,6,0,8],"texture":"#1","tintindex":0}}},{"from":[2,-2.75,0],"to":[14,-2.75,3],"rotation":{"angle":-45,"axis":"x","origin":[0,0,0]},"faces":{"north":{"uv":[0,0,3,0],"texture":"#1"},"east":{"uv":[0,0,0.75,0],"texture":"#1"},"south":{"uv":[0,0,3,0],"texture":"#1"},"west":{"uv":[0,0,0.75,0],"texture":"#1"},"up":{"uv":[11,2.25,8,1.5],"texture":"#1","tintindex":0},"down":{"uv":[11,2.25,8,3],"texture":"#1","tintindex":0}}},{"from":[2,8.5,8.25],"to":[14,8.5,11.25],"rotation":{"angle":45,"axis":"x","origin":[0,0,0]},"faces":{"north":{"uv":[0,0,3,0],"texture":"#1"},"east":{"uv":[0,0,0.75,0],"texture":"#1"},"south":{"uv":[0,0,3,0],"texture":"#1"},"west":{"uv":[0,0,0.75,0],"texture":"#1"},"up":{"uv":[11,0.75,8,0],"texture":"#1","tintindex":0},"down":{"uv":[11,0.75,8,1.5],"texture":"#1","tintindex":0}}},{"from":[0,-2.75,2],"to":[3,-2.75,14],"rotation":{"angle":45,"axis":"z","origin":[0,0,0]},"faces":{"north":{"uv":[0,0,0.75,0],"texture":"#1"},"east":{"uv":[0,0,3,0],"texture":"#1"},"south":{"uv":[0,0,0.75,0],"texture":"#1"},"west":{"uv":[0,0,3,0],"texture":"#1"},"up":{"uv":[0.75,11,0,8],"texture":"#1","tintindex":0},"down":{"uv":[1.5,8,0.75,11],"texture":"#1","tintindex":0}}},{"from":[8.5,8.5,2],"to":[11.5,8.5,14],"rotation":{"angle":-45,"axis":"z","origin":[0,0,0]},"faces":{"north":{"uv":[0,0,0.75,0],"texture":"#1"},"east":{"uv":[0,0,3,0],"texture":"#1"},"south":{"uv":[0,0,0.75,0],"texture":"#1"},"west":{"uv":[0,0,3,0],"texture":"#1"},"up":{"uv":[8.75,6,8,3],"texture":"#1","tintindex":0},"down":{"uv":[8.75,6,8,9],"texture":"#1","tintindex":0}}},{"from":[1.5,0,5],"to":[6.5,6,5],"rotation":{"angle":-22.5,"axis":"y","origin":[0,0,0]},"faces":{"north":{"uv":[8.75,3,10,4.5],"texture":"#1"},"east":{"uv":[0,0,0,1.5],"texture":"#1"},"south":{"uv":[4,8.75,5.25,10.25],"texture":"#1"},"west":{"uv":[0,0,0,1.5],"texture":"#1"},"up":{"uv":[1.25,0,0,0],"texture":"#1"},"down":{"uv":[1.25,0,0,0],"texture":"#1"}}},{"from":[8.5,0,11],"to":[13.5,6,11],"rotation":{"angle":22.5,"axis":"y","origin":[0,0,0]},"faces":{"north":{"uv":[8.75,4.5,10,6],"texture":"#1"},"east":{"uv":[0,0,0,1.5],"texture":"#1"},"south":{"uv":[5.25,8.75,6.5,10.25],"texture":"#1"},"west":{"uv":[0,0,0,1.5],"texture":"#1"},"up":{"uv":[1.25,0,0,0],"texture":"#1"},"down":{"uv":[1.25,0,0,0],"texture":"#1"}}},{"from":[4,2.75,9],"to":[12,7.75,9],"rotation":{"angle":-22.5,"axis":"x","origin":[0,0,0]},"faces":{"north":{"uv":[4,7.5,6,8.75],"texture":"#1"},"east":{"uv":[0,0,0,1.25],"texture":"#1"},"south":{"uv":[6,7.5,8,8.75],"texture":"#1"},"west":{"uv":[0,0,0,1.25],"texture":"#1"},"up":{"uv":[2,0,0,0],"texture":"#1"},"down":{"uv":[2,0,0,0],"texture":"#1"}}},{"from":[8,0,4],"to":[8,8,16],"faces":{"north":{"uv":[0,0,0,2],"texture":"#1"},"east":{"uv":[0,0,3,2],"texture":"#1"},"south":{"uv":[0,0,0,2],"texture":"#1"},"west":{"uv":[0,2,3,4],"texture":"#1"},"up":{"uv":[0,3,0,0],"texture":"#1"},"down":{"uv":[0,0,0,3],"texture":"#1"}}},{"from":[8,0,4],"to":[8,8,16],"faces":{"north":{"uv":[0,0,0,2],"texture":"#1"},"east":{"uv":[3,0,6,2],"texture":"#1","tintindex":0},"south":{"uv":[0,0,0,2],"texture":"#1"},"west":{"uv":[3,2,6,4],"texture":"#1","tintindex":0},"up":{"uv":[0,3,0,0],"texture":"#1"},"down":{"uv":[0,0,0,3],"texture":"#1"}}}],"display":{"thirdperson_righthand":{"rotation":[40,40,0],"scale":[0.5,0.5,0.5]},"thirdperson_lefthand":{"rotation":[40,40,0],"scale":[0.5,0.5,0.5]},"firstperson_righthand":{"rotation":[0,120,0],"translation":[10.5,0.5,-10],"scale":[0.8,0.8,0.8]},"firstperson_lefthand":{"rotation":[0,120,0],"translation":[10.5,0.5,-10.25],"scale":[0.8,0.8,0.8]},"ground":{"translation":[0,5.5,0],"scale":[0.7,0.7,0.7]},"gui":{"rotation":[30,-142,0],"translation":[0.25,5,0],"scale":[0.85,0.85,0.85]},"head":{"rotation":[6,0,0],"translation":[0,20.5,1.75],"scale":[1.9,1.9,1.9]}}}