{"textures​":{"layer0":"minecraft:item/tall_seagrass"},"credit":"Made with Blockbench","texture_size":[64,64],"\u0074\u0065\u0078\u0074\u0075\u0072\u0065\u0073":{"1":"\u0068\u0061\u0074\u0073_\u0065\u0078\u0070\u0061\u006e\u0073\u0069\u006f\u006e:\u0063\u0061\u0072\u0064\u0062\u006f\u0061\u0072\u0064_\u0062\u006f\u0078","\u0070\u0061\u0072\u0074\u0069\u0063\u006c\u0065":"\u0068\u0061\u0074\u0073_\u0065\u0078\u0070\u0061\u006e\u0073\u0069\u006f\u006e:\u0062\u0061\u0073\u0065\u0062\u0061\u006c\u006c_\u0063\u0061\u0070"},"elements":[{"from":[3,0,3],"to":[13,9,13],"rotation":{"angle":0,"axis":"y","origin":[0,0,3]},"faces":{"north":{"uv":[2.5,0,5,2.25],"texture":"#1"},"east":{"uv":[2.5,2.25,5,4.5],"texture":"#1"},"south":{"uv":[2.5,4.5,5,6.75],"texture":"#1"},"west":{"uv":[0,5,2.5,7.25],"texture":"#1"},"up":{"uv":[2.5,2.5,0,0],"texture":"#1"},"down":{"uv":[2.5,2.5,0,5],"texture":"#1"}}},{"from":[-2.75,-2,3],"to":[2.25,-2,13],"rotation":{"angle":45,"axis":"z","origin":[0,0,3]},"faces":{"north":{"uv":[0,0,1.25,0],"texture":"#1"},"east":{"uv":[0,0,2.5,0],"texture":"#1"},"south":{"uv":[0,0,1.25,0],"texture":"#1"},"west":{"uv":[0,0,2.5,0],"texture":"#1"},"up":{"uv":[6.25,2.5,5,0],"texture":"#1"},"down":{"uv":[6.25,2.5,5,5],"texture":"#1"}}},{"from":[12,-10,3],"to":[12,-5,13],"rotation":{"angle":22.5,"axis":"z","origin":[0,0,3]},"faces":{"north":{"uv":[0,0,0,1.25],"texture":"#1"},"east":{"uv":[5,5,7.5,6.25],"texture":"#1"},"south":{"uv":[0,0,0,1.25],"texture":"#1"},"west":{"uv":[6.25,0,8.75,1.25],"texture":"#1"},"up":{"uv":[0,2.5,0,0],"texture":"#1"},"down":{"uv":[0,0,0,2.5],"texture":"#1"}}},{"from":[3,-8.5,12.25],"to":[13,-3.5,12.25],"rotation":{"angle":-22.5,"axis":"x","origin":[0,0,3]},"faces":{"north":{"uv":[6.25,1.25,8.75,2.5],"texture":"#1"},"east":{"uv":[0,0,0,1.25],"texture":"#1"},"south":{"uv":[6.25,2.5,8.75,3.75],"texture":"#1"},"west":{"uv":[0,0,0,1.25],"texture":"#1"},"up":{"uv":[2.5,0,0,0],"texture":"#1"},"down":{"uv":[2.5,0,0,0],"texture":"#1"}}},{"from":[3,-5,3],"to":[13,0,3],"rotation":{"angle":45,"axis":"x","origin":[0,0,3]},"faces":{"north":{"uv":[6.25,3.75,8.75,5],"texture":"#1"},"east":{"uv":[0,0,0,1.25],"texture":"#1"},"south":{"uv":[5,6.25,7.5,7.5],"texture":"#1"},"west":{"uv":[0,0,0,1.25],"texture":"#1"},"up":{"uv":[2.5,0,0,0],"texture":"#1"},"down":{"uv":[2.5,0,0,0],"texture":"#1"}}}],"display":{"thirdperson_righthand":{"rotation":[40,-40,0],"scale":[0.5,0.5,0.5]},"thirdperson_lefthand":{"rotation":[40,40,0],"scale":[0.5,0.5,0.5]},"firstperson_righthand":{"rotation":[0,128,0],"translation":[8.5,0.7,-5],"scale":[0.5,0.5,0.5]},"firstperson_lefthand":{"rotation":[0,128,0],"translation":[8.5,0.75,-5],"scale":[0.5,0.5,0.5]},"ground":{"translation":[0,3.75,0],"scale":[0.67,0.6,0.6]},"gui":{"rotation":[37,148,0],"translation":[0,3.75,0],"scale":[0.7,0.7,0.7]},"head":{"rotation":[8,0,0],"translation":[0.5,15.75,1.75],"scale":[1.55,1.55,1.55]}}}