{"textures​":{"0":"\u006d\u006f\u0064\u0065\u006c\u0065\u006e\u0067\u0069\u006e\u0065:\u0065\u006e\u0074\u0069\u0074\u0079/\u0076\u0068_\u006c_\u006d\u0069\u0073\u0073\u0069\u006c\u0065","\u0070\u0061\u0072\u0074\u0069\u0063\u006c\u0065":"#0"},"\u0074\u0065\u0078\u0074\u0075\u0072\u0065\u0073":{"0":"\u006d\u006f\u0064\u0065\u006c\u0065\u006e\u0067\u0069\u006e\u0065:\u0065\u006e\u0074\u0069\u0074\u0079/\u0076\u0068_\u006c_\u006d\u0069\u0073\u0073\u0069\u006c\u0065","\u0070\u0061\u0072\u0074\u0069\u0063\u006c\u0065":"#0"},"elements":[{"from":[9.5,9.5,9.5],"to":[6.5,6.5,6.5],"faces":{"east":{"uv":[8.3125,3.0,9.6875,4.375],"tintindex":0,"rotation":0,"texture":"#0"},"south":{"uv":[4.375,8.3125,5.75,9.6875],"tintindex":0,"rotation":0,"texture":"#0"},"north":{"uv":[3.0,8.3125,4.375,9.6875],"tintindex":0,"rotation":0,"texture":"#0"},"west":{"uv":[8.3125,4.375,9.6875,5.75],"tintindex":0,"rotation":0,"texture":"#0"},"up":{"uv":[9.6875,7.125,8.3125,5.75],"tintindex":0,"rotation":0,"texture":"#0"},"down":{"uv":[2.875,8.375,1.5,9.75],"tintindex":0,"rotation":0,"texture":"#0"}}},{"from":[9.875,9.875,9.875],"to":[6.125,6.125,6.125],"faces":{"east":{"uv":[6.8125,0.0,8.3125,1.5],"tintindex":0,"rotation":0,"texture":"#0"},"south":{"uv":[6.8125,3.125,8.3125,4.625],"tintindex":0,"rotation":0,"texture":"#0"},"north":{"uv":[0.0,6.8125,1.5,8.3125],"tintindex":0,"rotation":0,"texture":"#0"},"west":{"uv":[6.8125,4.625,8.3125,6.125],"tintindex":0,"rotation":0,"texture":"#0"},"up":{"uv":[6.5,8.3125,5.0,6.8125],"tintindex":0,"rotation":0,"texture":"#0"},"down":{"uv":[8.3125,6.125,6.8125,7.625],"tintindex":0,"rotation":0,"texture":"#0"}}}],"display":{"gui":{"rotation":[-150.0,-45.0,180.0]}},"gui_light":"front"}