{"credit":"MadewithBlockbench","texture_size":[128,128],"textures":{"0":"elitecreatures:zombie_apocalyptic_animated_weapon_set/zombie_texture_01","2":"elitecreatures:zombie_apocalyptic_animated_weapon_set/zombie_animation_02","3":"elitecreatures:zombie_apocalyptic_animated_weapon_set/zombie_animation_03","particle":"elitecreatures:zombie_apocalyptic_animated_weapon_set/zombie_texture_01"},"elements":[{"from":[7,-8,6.75],"to":[9,-1,9.25],"rotation":{"angle":0,"axis":"y","origin":[0,-8,0]},"faces":{"north":{"uv":[0.3125,3.5625,0.5625,4.4375],"texture":"#0"},"east":{"uv":[0.3125,3.5625,0,4.4375],"texture":"#0"},"south":{"uv":[0.5625,3.5625,0.8125,4.4375],"texture":"#0"},"west":{"uv":[0,3.5625,0.3125,4.4375],"texture":"#0"},"up":{"uv":[0.375,3.25,0.625,3.5625],"texture":"#0"},"down":{"uv":[0.375,3.25,0.625,3.5625],"texture":"#0"}}},{"from":[7.5,-4.3,11.5],"to":[7.5,3.7,15.5],"rotation":{"angle":-22.5,"axis":"x","origin":[0,0,0]},"faces":{"north":{"uv":[0,0,0,80],"texture":"#missing"},"east":{"uv":[2.25,2,1.75,1],"texture":"#0"},"south":{"uv":[0,0,0,80],"texture":"#missing"},"west":{"uv":[1.75,2,2.25,1],"texture":"#0"},"up":{"uv":[0,0,0,32],"texture":"#missing"},"down":{"uv":[0,0,0,32],"texture":"#missing"}}},{"from":[8.1,-1,4.75],"to":[11.1,6,10.25],"rotation":{"angle":-22.5,"axis":"x","origin":[9.5,7.5,9.5]},"faces":{"north":{"uv":[1.125,6.8125,1.5,7.6875],"texture":"#0"},"east":{"uv":[1.125,6.8125,0.4375,7.6875],"texture":"#0"},"south":{"uv":[1.125,6.8125,1.5,7.6875],"texture":"#0"},"west":{"uv":[1.125,6.8125,0.4375,7.6875],"texture":"#0"},"up":{"uv":[0.4375,7.6875,0.8125,8.375],"texture":"#0"},"down":{"uv":[0.4375,7.6875,0.8125,8.375],"texture":"#0"}}},{"from":[10.5,6,5.75],"to":[10.5,7.5,10.25],"rotation":{"angle":-22.5,"axis":"x","origin":[9.5,7.5,9.5]},"faces":{"north":{"uv":[1.125,6.8125,1.5,7.6875],"texture":"#0"},"east":{"uv":[1.375,7.875,0.8125,8.0625],"texture":"#0"},"south":{"uv":[1.125,6.8125,1.5,7.6875],"texture":"#0"},"west":{"uv":[0.8125,7.875,1.375,8.0625],"texture":"#0"},"up":{"uv":[0.4375,7.6875,0.8125,8.375],"texture":"#0"},"down":{"uv":[0.4375,7.6875,0.8125,8.375],"texture":"#0"}}},{"from":[8.7,6,5.75],"to":[8.7,7.5,10.25],"rotation":{"angle":-22.5,"axis":"x","origin":[9.5,7.5,9.5]},"faces":{"north":{"uv":[1.125,6.8125,1.5,7.6875],"texture":"#0"},"east":{"uv":[1.375,7.875,0.8125,8.0625],"texture":"#0"},"south":{"uv":[1.125,6.8125,1.5,7.6875],"texture":"#0"},"west":{"uv":[0.8125,7.875,1.375,8.0625],"texture":"#0"},"up":{"uv":[0.4375,7.6875,0.8125,8.375],"texture":"#0"},"down":{"uv":[0.4375,7.6875,0.8125,8.375],"texture":"#0"}}},{"from":[8.1,6,7.75],"to":[11.1,7.5,10.25],"rotation":{"angle":-22.5,"axis":"x","origin":[9.5,7.5,9.5]},"faces":{"north":{"uv":[1.125,6.8125,1.5,7],"texture":"#0"},"east":{"uv":[1.125,7.6875,0.8125,7.875],"texture":"#0"},"south":{"uv":[1.125,6.8125,1.5,7],"texture":"#0"},"west":{"uv":[1.125,7.6875,0.8125,7.875],"texture":"#0"},"up":{"uv":[0.4375,7.6875,0.8125,8],"texture":"#0"},"down":{"uv":[0.4375,7.6875,0.8125,8],"texture":"#0"}}},{"from":[7.25,-9,7],"to":[8.75,2,9],"rotation":{"angle":0,"axis":"y","origin":[0,-8,0]},"faces":{"north":{"uv":[0,4.4375,0.1875,5.8125],"texture":"#0"},"east":{"uv":[0,4.5625,0.25,5.9375],"texture":"#0"},"south":{"uv":[0,4.4375,0.1875,5.8125],"texture":"#0"},"west":{"uv":[0,4.5625,0.25,5.9375],"texture":"#0"},"up":{"uv":[0.625,3.1875,0.8125,3.4375],"texture":"#0"},"down":{"uv":[0.625,3.1875,0.8125,3.4375],"texture":"#0"}}},{"from":[8,-12,7],"to":[8,-9,9],"rotation":{"angle":0,"axis":"y","origin":[0,-8,0]},"faces":{"north":{"uv":[0,4.4375,0.1875,5.8125],"texture":"#0"},"east":{"uv":[1.3125,6.125,1.0625,6.5],"texture":"#0"},"south":{"uv":[0,4.4375,0.1875,5.8125],"texture":"#0"},"west":{"uv":[1.0625,6.125,1.3125,6.5],"texture":"#0"},"up":{"uv":[0.625,3.1875,0.8125,3.4375],"texture":"#0"},"down":{"uv":[0.625,3.1875,0.8125,3.4375],"texture":"#0"}}},{"from":[7,2,6],"to":[9,6,10],"rotation":{"angle":0,"axis":"y","origin":[8,4,8]},"faces":{"north":{"uv":[2.4375,3.125,2.6875,3.625],"texture":"#0"},"east":{"uv":[2.9375,3.625,2.4375,4.125],"texture":"#0"},"south":{"uv":[2.4375,3.125,2.6875,3.625],"texture":"#0"},"west":{"uv":[2.4375,3.625,2.9375,4.125],"texture":"#0"},"up":{"uv":[2.6875,3.125,2.9375,3.625],"texture":"#0"},"down":{"uv":[2.6875,3.125,2.9375,3.625],"texture":"#0"}}},{"from":[6.5,3.25,7.25],"to":[8.5,4.75,8.75],"rotation":{"angle":0,"axis":"y","origin":[8,11.75,7.75]},"faces":{"north":{"uv":[0.3125,3.0625,0.5625,3.25],"texture":"#0"},"east":{"uv":[0.4375,2.8125,0.625,3],"texture":"#0"},"south":{"uv":[0.3125,3.0625,0.5625,3.25],"texture":"#0"},"west":{"uv":[0.4375,2.8125,0.625,3],"texture":"#0"},"up":{"uv":[0.3125,3.0625,0.5625,3.25],"texture":"#0"},"down":{"uv":[0.3125,3.0625,0.5625,3.25],"texture":"#0"}}},{"from":[7.5,23.95,5.45],"to":[8.5,25.45,6.95],"rotation":{"angle":0,"axis":"y","origin":[8,11.75,7.75]},"faces":{"north":{"uv":[0.3125,3.0625,0.4375,3.25],"texture":"#0"},"east":{"uv":[0.4375,2.8125,0.625,3],"texture":"#0"},"south":{"uv":[0.3125,3.0625,0.4375,3.25],"texture":"#0"},"west":{"uv":[0.4375,2.8125,0.625,3],"texture":"#0"},"up":{"uv":[0.3125,3.0625,0.4375,3.25],"texture":"#0"},"down":{"uv":[0.3125,3.0625,0.4375,3.25],"texture":"#0"}}},{"from":[7.5,19.95,5.45],"to":[8.5,21.45,6.95],"rotation":{"angle":0,"axis":"y","origin":[8,11.75,7.75]},"faces":{"north":{"uv":[0.3125,3.0625,0.4375,3.25],"texture":"#0"},"east":{"uv":[0.4375,2.8125,0.625,3],"texture":"#0"},"south":{"uv":[0.3125,3.0625,0.4375,3.25],"texture":"#0"},"west":{"uv":[0.4375,2.8125,0.625,3],"texture":"#0"},"up":{"uv":[0.3125,3.0625,0.4375,3.25],"texture":"#0"},"down":{"uv":[0.3125,3.0625,0.4375,3.25],"texture":"#0"}}},{"from":[7.5,3.25,7.25],"to":[9.5,4.75,8.75],"rotation":{"angle":0,"axis":"y","origin":[8,11.75,7.75]},"faces":{"north":{"uv":[0.5625,3.0625,0.3125,3.25],"texture":"#0"},"east":{"uv":[0.625,2.8125,0.4375,3],"texture":"#0"},"south":{"uv":[0.5625,3.0625,0.3125,3.25],"texture":"#0"},"west":{"uv":[0.625,2.8125,0.4375,3],"texture":"#0"},"up":{"uv":[0.5625,3.0625,0.3125,3.25],"texture":"#0"},"down":{"uv":[0.5625,3.0625,0.3125,3.25],"texture":"#0"}}},{"from":[8,4,3.5],"to":[8,28,8.5],"rotation":{"angle":0,"axis":"y","origin":[0,-8,0]},"faces":{"north":{"uv":[0,0,0,4096],"texture":"#missing"},"east":{"uv":[3.5625,0,2.9375,3],"texture":"#0"},"south":{"uv":[0,0,0,4096],"texture":"#missing"},"west":{"uv":[2.9375,0,3.5625,3],"texture":"#0"},"up":{"uv":[0,0,0,2304],"texture":"#missing"},"down":{"uv":[0,0,0,2304],"texture":"#missing"}}},{"from":[7.75,-3.5,14.9],"to":[11.45,-2.5,17.1],"rotation":{"angle":-22.5,"axis":"x","origin":[0,-8,0]},"faces":{"north":{"uv":[1.0625,6,1.5,6.125],"texture":"#0"},"east":{"uv":[1.0625,6,1.3125,6.125],"texture":"#0"},"south":{"uv":[1.0625,6,1.5,6.125],"texture":"#0"},"west":{"uv":[1.0625,6,1.3125,6.125],"texture":"#0"},"up":{"uv":[1.0625,5.75,1.5,6],"texture":"#0"},"down":{"uv":[1.0625,5.75,1.5,6],"texture":"#0"}}},{"from":[7.75,-1,14.9],"to":[11.45,0,17.1],"rotation":{"angle":-22.5,"axis":"x","origin":[0,-8,0]},"faces":{"north":{"uv":[1.0625,6,1.5,6.125],"texture":"#0"},"east":{"uv":[1.0625,6,1.3125,6.125],"texture":"#0"},"south":{"uv":[1.0625,6,1.5,6.125],"texture":"#0"},"west":{"uv":[1.0625,6,1.3125,6.125],"texture":"#0"},"up":{"uv":[1.0625,5.75,1.5,6],"texture":"#0"},"down":{"uv":[1.0625,5.75,1.5,6],"texture":"#0"}}},{"from":[8.3,0.5,15.5],"to":[9.3,1.5,16.5],"rotation":{"angle":-22.5,"axis":"x","origin":[0,-8,0]},"faces":{"north":{"uv":[1.0625,4.3125,1.1875,4.4375],"texture":"#0"},"east":{"uv":[1.0625,4.3125,1.1875,4.4375],"texture":"#0"},"south":{"uv":[1.0625,4.3125,1.1875,4.4375],"texture":"#0"},"west":{"uv":[1.0625,4.3125,1.1875,4.4375],"texture":"#0"},"up":{"uv":[1.0625,4.3125,1.1875,4.4375],"texture":"#0"},"down":{"uv":[1.0625,4.3125,1.1875,4.4375],"texture":"#0"}}},{"from":[9.9,0.5,15.5],"to":[10.9,1.5,16.5],"rotation":{"angle":-22.5,"axis":"x","origin":[0,-8,0]},"faces":{"north":{"uv":[1.0625,4.3125,1.1875,4.4375],"texture":"#0"},"east":{"uv":[1.0625,4.3125,1.1875,4.4375],"texture":"#0"},"south":{"uv":[1.0625,4.3125,1.1875,4.4375],"texture":"#0"},"west":{"uv":[1.0625,4.3125,1.1875,4.4375],"texture":"#0"},"up":{"uv":[1.0625,4.3125,1.1875,4.4375],"texture":"#0"},"down":{"uv":[1.0625,4.3125,1.1875,4.4375],"texture":"#0"}}},{"from":[7.85,-4,15],"to":[11.35,1,17],"rotation":{"angle":-22.5,"axis":"x","origin":[0,-8,0]},"faces":{"north":{"uv":[0.375,5.9375,0.8125,6.5625],"texture":"#0"},"east":{"uv":[1.0625,5.9375,0.8125,6.5625],"texture":"#0"},"south":{"uv":[0.375,5.9375,0.8125,6.5625],"texture":"#0"},"west":{"uv":[0.8125,5.9375,1.0625,6.5625],"texture":"#0"},"up":{"uv":[0.375,6.5625,0.8125,6.8125],"texture":"#0"},"down":{"uv":[0.375,6.5625,0.8125,6.8125],"texture":"#0"}}},{"from":[7.25,3.5,7.5],"to":[8.75,14,9.5],"rotation":{"angle":0,"axis":"y","origin":[8,5,8]},"faces":{"north":{"uv":[0.4375,6.8125,0.25,8.125],"texture":"#0"},"east":{"uv":[0,6.8125,0.25,8.125],"texture":"#0"},"south":{"uv":[0.25,6.8125,0.4375,8.125],"texture":"#0"},"west":{"uv":[0,6.8125,0.25,8.125],"texture":"#0"},"up":{"uv":[0,6.8125,0.25,7],"rotation":90,"texture":"#0"},"down":{"uv":[0,6.8125,0.25,7],"rotation":90,"texture":"#0"}}},{"from":[8,12,9.5],"to":[8,15,12],"rotation":{"angle":0,"axis":"y","origin":[8,5,8]},"faces":{"north":{"uv":[0,0,0,4],"rotation":180,"texture":"#3"},"east":{"uv":[0,0,6,5],"rotation":270,"texture":"#3"},"south":{"uv":[0,4,0,0],"texture":"#3"},"west":{"uv":[0,0,6,5],"rotation":90,"texture":"#3"},"up":{"uv":[0,0,0,7],"rotation":180,"texture":"#3"},"down":{"uv":[0,0,0,7],"texture":"#3"}}},{"from":[8,8,9.5],"to":[8,11,12],"rotation":{"angle":0,"axis":"y","origin":[8,5,8]},"faces":{"north":{"uv":[0,0,0,4],"rotation":180,"texture":"#3"},"east":{"uv":[0,0,6,5],"rotation":270,"texture":"#3"},"south":{"uv":[0,4,0,0],"texture":"#3"},"west":{"uv":[0,0,6,5],"rotation":90,"texture":"#3"},"up":{"uv":[0,0,0,7],"rotation":180,"texture":"#3"},"down":{"uv":[0,0,0,7],"texture":"#3"}}},{"from":[7.2,6,7.8],"to":[7.2,12,9.3],"rotation":{"angle":0,"axis":"y","origin":[8,11.75,7.75]},"faces":{"north":{"uv":[0.3125,3.0625,0.5625,3.25],"texture":"#0"},"east":{"uv":[1.625,4.375,1.8125,5.125],"texture":"#0"},"south":{"uv":[0.3125,3.0625,0.5625,3.25],"texture":"#0"},"west":{"uv":[1.625,4.375,1.8125,5.125],"texture":"#0"},"up":{"uv":[0.3125,3.0625,0.5625,3.25],"texture":"#0"},"down":{"uv":[0.3125,3.0625,0.5625,3.25],"texture":"#0"}}},{"from":[7.1,6,7.8],"to":[7.1,12,9.3],"rotation":{"angle":0,"axis":"y","origin":[8,11.75,7.75]},"faces":{"north":{"uv":[0.3125,3.0625,0.5625,3.25],"texture":"#0"},"east":{"uv":[1.625,4.375,1.8125,5.125],"texture":"#0"},"south":{"uv":[0.3125,3.0625,0.5625,3.25],"texture":"#0"},"west":{"uv":[1.625,4.375,1.8125,5.125],"texture":"#0"},"up":{"uv":[0.3125,3.0625,0.5625,3.25],"texture":"#0"},"down":{"uv":[0.3125,3.0625,0.5625,3.25],"texture":"#0"}}},{"from":[8.8,6,7.8],"to":[8.8,12,9.3],"rotation":{"angle":0,"axis":"y","origin":[8,11.75,7.75]},"faces":{"north":{"uv":[0.5625,3.0625,0.3125,3.25],"texture":"#0"},"east":{"uv":[1.8125,4.375,1.625,5.125],"texture":"#0"},"south":{"uv":[0.5625,3.0625,0.3125,3.25],"texture":"#0"},"west":{"uv":[1.8125,4.375,1.625,5.125],"texture":"#0"},"up":{"uv":[0.5625,3.0625,0.3125,3.25],"texture":"#0"},"down":{"uv":[0.5625,3.0625,0.3125,3.25],"texture":"#0"}}},{"from":[8.2,-8,4.3],"to":[8.7,0,4.8],"rotation":{"angle":0,"axis":"y","origin":[0,-8,0]},"faces":{"north":{"uv":[1.5625,5.1875,1.625,6.1875],"texture":"#0"},"east":{"uv":[1.5625,5.1875,1.625,6.1875],"texture":"#0"},"south":{"uv":[1.5625,5.1875,1.625,6.1875],"texture":"#0"},"west":{"uv":[1.5625,5.1875,1.625,6.1875],"texture":"#0"},"up":{"uv":[0.625,3.1875,0.6875,3.25],"texture":"#0"},"down":{"uv":[0.625,3.1875,0.6875,3.25],"texture":"#0"}}},{"from":[7.3,-8,4.3],"to":[7.8,0,4.8],"rotation":{"angle":0,"axis":"y","origin":[16,-8,0]},"faces":{"north":{"uv":[1.625,5.1875,1.5625,6.1875],"texture":"#0"},"east":{"uv":[1.625,5.1875,1.5625,6.1875],"texture":"#0"},"south":{"uv":[1.625,5.1875,1.5625,6.1875],"texture":"#0"},"west":{"uv":[1.625,5.1875,1.5625,6.1875],"texture":"#0"},"up":{"uv":[0.6875,3.1875,0.625,3.25],"texture":"#0"},"down":{"uv":[0.6875,3.1875,0.625,3.25],"texture":"#0"}}},{"from":[7.6,-8.1,2.8],"to":[7.6,-0.7,4.3],"rotation":{"angle":0,"axis":"y","origin":[16,-8,0]},"faces":{"north":{"uv":[1.625,5.1875,1.5625,6.1875],"texture":"#0"},"east":{"uv":[2.5,2,2.6875,2.925],"texture":"#0"},"south":{"uv":[1.625,5.1875,1.5625,6.1875],"texture":"#0"},"west":{"uv":[2.6875,2,2.5,2.925],"texture":"#0"},"up":{"uv":[0.6875,3.1875,0.625,3.25],"texture":"#0"},"down":{"uv":[0.6875,3.1875,0.625,3.25],"texture":"#0"}}},{"from":[8.4,-8.1,2.8],"to":[8.4,-0.7,4.3],"rotation":{"angle":0,"axis":"y","origin":[0,-8,0]},"faces":{"north":{"uv":[1.5625,5.1875,1.625,6.1875],"texture":"#0"},"east":{"uv":[2.5,2,2.6875,2.925],"texture":"#0"},"south":{"uv":[1.5625,5.1875,1.625,6.1875],"texture":"#0"},"west":{"uv":[2.6875,2,2.5,2.925],"texture":"#0"},"up":{"uv":[0.625,3.1875,0.6875,3.25],"texture":"#0"},"down":{"uv":[0.625,3.1875,0.6875,3.25],"texture":"#0"}}},{"from":[7.3,1,3.1],"to":[7.8,6,3.6],"rotation":{"angle":0,"axis":"y","origin":[16,-8,0]},"faces":{"north":{"uv":[1.625,5.1875,1.5625,5.8125],"texture":"#0"},"east":{"uv":[1.625,5.1875,1.5625,5.8125],"texture":"#0"},"south":{"uv":[1.625,5.1875,1.5625,5.8125],"texture":"#0"},"west":{"uv":[1.625,5.1875,1.5625,5.8125],"texture":"#0"},"up":{"uv":[0.6875,3.1875,0.625,3.25],"texture":"#0"},"down":{"uv":[0.6875,3.1875,0.625,3.25],"texture":"#0"}}},{"from":[7.3,0.5,3.1],"to":[7.8,1,8.1],"rotation":{"angle":0,"axis":"y","origin":[7.55,3.5,3.35]},"faces":{"north":{"uv":[0.6875,3.1875,0.625,3.25],"rotation":180,"texture":"#0"},"east":{"uv":[1.625,5.1875,1.5625,5.8125],"rotation":270,"texture":"#0"},"south":{"uv":[0.6875,3.1875,0.625,3.25],"texture":"#0"},"west":{"uv":[1.625,5.1875,1.5625,5.8125],"rotation":90,"texture":"#0"},"up":{"uv":[1.625,5.1875,1.5625,5.8125],"rotation":180,"texture":"#0"},"down":{"uv":[1.625,5.1875,1.5625,5.8125],"texture":"#0"}}},{"from":[7.3,4,-7.7],"to":[7.8,12,-7.2],"rotation":{"angle":45,"axis":"x","origin":[16,-8,0]},"faces":{"north":{"uv":[1.625,5.1875,1.5625,6.1875],"texture":"#0"},"east":{"uv":[1.625,5.1875,1.5625,6.1875],"texture":"#0"},"south":{"uv":[1.625,5.1875,1.5625,6.1875],"texture":"#0"},"west":{"uv":[1.625,5.1875,1.5625,6.1875],"texture":"#0"},"up":{"uv":[0.6875,3.1875,0.625,3.25],"texture":"#0"},"down":{"uv":[0.6875,3.1875,0.625,3.25],"texture":"#0"}}},{"from":[8.2,0.5,3.1],"to":[8.7,1,8.1],"rotation":{"angle":0,"axis":"y","origin":[8.45,3.5,3.35]},"faces":{"north":{"uv":[0.625,3.1875,0.6875,3.25],"rotation":180,"texture":"#0"},"east":{"uv":[1.625,5.8125,1.5625,5.1875],"rotation":90,"texture":"#0"},"south":{"uv":[0.625,3.1875,0.6875,3.25],"texture":"#0"},"west":{"uv":[1.625,5.8125,1.5625,5.1875],"rotation":270,"texture":"#0"},"up":{"uv":[1.5625,5.1875,1.625,5.8125],"rotation":180,"texture":"#0"},"down":{"uv":[1.5625,5.1875,1.625,5.8125],"texture":"#0"}}},{"from":[8.2,1,3.1],"to":[8.7,6,3.6],"rotation":{"angle":0,"axis":"y","origin":[0,-8,0]},"faces":{"north":{"uv":[1.5625,5.1875,1.625,5.8125],"texture":"#0"},"east":{"uv":[1.5625,5.1875,1.625,5.8125],"texture":"#0"},"south":{"uv":[1.5625,5.1875,1.625,5.8125],"texture":"#0"},"west":{"uv":[1.5625,5.1875,1.625,5.8125],"texture":"#0"},"up":{"uv":[0.625,3.1875,0.6875,3.25],"texture":"#0"},"down":{"uv":[0.625,3.1875,0.6875,3.25],"texture":"#0"}}},{"from":[8.2,4,-7.7],"to":[8.7,12,-7.2],"rotation":{"angle":45,"axis":"x","origin":[0,-8,0]},"faces":{"north":{"uv":[1.5625,5.1875,1.625,6.1875],"texture":"#0"},"east":{"uv":[1.5625,5.1875,1.625,6.1875],"texture":"#0"},"south":{"uv":[1.5625,5.1875,1.625,6.1875],"texture":"#0"},"west":{"uv":[1.5625,5.1875,1.625,6.1875],"texture":"#0"},"up":{"uv":[0.625,3.1875,0.6875,3.25],"texture":"#0"},"down":{"uv":[0.625,3.1875,0.6875,3.25],"texture":"#0"}}},{"from":[8.2,-8.5,4.3],"to":[8.7,-8,8.3],"rotation":{"angle":0,"axis":"y","origin":[0,-8,0]},"faces":{"north":{"uv":[0.625,3.1875,0.6875,3.25],"rotation":180,"texture":"#0"},"east":{"uv":[1.5625,5.1875,1.625,5.6875],"rotation":270,"texture":"#0"},"south":{"uv":[0.625,3.1875,0.6875,3.25],"texture":"#0"},"west":{"uv":[1.5625,5.1875,1.625,5.6875],"rotation":90,"texture":"#0"},"up":{"uv":[1.5625,5.1875,1.625,5.6875],"rotation":180,"texture":"#0"},"down":{"uv":[1.5625,5.1875,1.625,5.6875],"texture":"#0"}}},{"from":[7.3,-8.5,4.3],"to":[7.8,-8,8.3],"rotation":{"angle":0,"axis":"y","origin":[16,-8,0]},"faces":{"north":{"uv":[0.6875,3.1875,0.625,3.25],"rotation":180,"texture":"#0"},"east":{"uv":[1.625,5.1875,1.5625,5.6875],"rotation":270,"texture":"#0"},"south":{"uv":[0.6875,3.1875,0.625,3.25],"texture":"#0"},"west":{"uv":[1.625,5.1875,1.5625,5.6875],"rotation":90,"texture":"#0"},"up":{"uv":[1.625,5.1875,1.5625,5.6875],"rotation":180,"texture":"#0"},"down":{"uv":[1.625,5.1875,1.5625,5.6875],"texture":"#0"}}},{"from":[9,1.5,7],"to":[10,2.5,8],"rotation":{"angle":-22.5,"axis":"x","origin":[0,0,0]},"faces":{"north":{"uv":[0,0,0.125,0.125],"texture":"#0"},"east":{"uv":[0,0,0.125,0.125],"texture":"#0"},"south":{"uv":[0,0,0.125,0.125],"texture":"#0"},"west":{"uv":[0,0,0.125,0.125],"texture":"#0"},"up":{"uv":[0,0,0.125,0.125],"texture":"#0"},"down":{"uv":[0,0,0.125,0.125],"texture":"#0"}}},{"from":[8,4,1.5],"to":[8,28,3.5],"faces":{"north":{"uv":[0,0,0,12],"texture":"#2"},"east":{"uv":[2,0,1,12],"texture":"#2"},"south":{"uv":[0,0,0,12],"texture":"#2"},"west":{"uv":[1,0,2,12],"texture":"#2"},"up":{"uv":[0,1,0,0],"texture":"#2"},"down":{"uv":[0,0,0,1],"texture":"#2"}}},{"from":[8,4,8.5],"to":[8,28,10.5],"rotation":{"angle":0,"axis":"y","origin":[0,0,16]},"faces":{"north":{"uv":[0,0,0,12],"texture":"#2"},"east":{"uv":[1,12,2,0],"texture":"#2"},"south":{"uv":[0,0,0,12],"texture":"#2"},"west":{"uv":[2,12,1,0],"texture":"#2"},"up":{"uv":[0,0,0,1],"texture":"#2"},"down":{"uv":[0,1,0,0],"texture":"#2"}}},{"from":[8,28,3.5],"to":[8,30,8.5],"faces":{"north":{"uv":[0,0,0,1],"rotation":180,"texture":"#2"},"east":{"uv":[1,2.75,2,0.25],"rotation":90,"texture":"#2"},"south":{"uv":[0,1,0,0],"texture":"#2"},"west":{"uv":[1,0.25,2,2.75],"rotation":90,"texture":"#2"},"up":{"uv":[0,0,0,12],"rotation":180,"texture":"#2"},"down":{"uv":[0,0,0,12],"texture":"#2"}}},{"from":[8,2,3.5],"to":[8,4,8.5],"rotation":{"angle":0,"axis":"y","origin":[0,16,0]},"faces":{"north":{"uv":[0,1,0,0],"rotation":180,"texture":"#2"},"east":{"uv":[2,0.25,1,2.75],"rotation":90,"texture":"#2"},"south":{"uv":[0,0,0,1],"texture":"#2"},"west":{"uv":[2,2.75,1,0.25],"rotation":90,"texture":"#2"},"up":{"uv":[0,12,0,0],"texture":"#2"},"down":{"uv":[0,12,0,0],"rotation":180,"texture":"#2"}}},{"from":[7.9,4.5,4.5],"to":[7.9,27,7.5],"rotation":{"angle":0,"axis":"y","origin":[0,-8,0]},"faces":{"north":{"uv":[0.5,0,0.625,2.8125],"texture":"#0"},"east":{"uv":[3.9375,0,3.5625,2.8125],"texture":"#0"},"south":{"uv":[0.375,0,0.5,2.8125],"texture":"#0"},"west":{"uv":[3.5625,0,3.9375,2.8125],"texture":"#0"},"up":{"uv":[0.375,0.1875,0.5,0.5625],"texture":"#0"},"down":{"uv":[0.375,0.1875,0.5,0.5625],"texture":"#0"}}},{"from":[7.7,4.5,4.5],"to":[7.7,27,7.5],"rotation":{"angle":0,"axis":"y","origin":[0,-8,0]},"faces":{"north":{"uv":[0.5,0,0.625,2.8125],"texture":"#0"},"east":{"uv":[3.9375,0,3.5625,2.8125],"texture":"#0"},"south":{"uv":[0.375,0,0.5,2.8125],"texture":"#0"},"west":{"uv":[3.5625,0,3.9375,2.8125],"texture":"#0"},"up":{"uv":[0.375,0.1875,0.5,0.5625],"texture":"#0"},"down":{"uv":[0.375,0.1875,0.5,0.5625],"texture":"#0"}}},{"from":[8.1,4.5,4.5],"to":[8.1,27,7.5],"rotation":{"angle":0,"axis":"y","origin":[16,-8,0]},"faces":{"north":{"uv":[0.625,0,0.5,2.8125],"texture":"#0"},"east":{"uv":[3.9375,0,3.5625,2.8125],"texture":"#0"},"south":{"uv":[0.5,0,0.375,2.8125],"texture":"#0"},"west":{"uv":[3.5625,0,3.9375,2.8125],"texture":"#0"},"up":{"uv":[0.5,0.1875,0.375,0.5625],"texture":"#0"},"down":{"uv":[0.5,0.1875,0.375,0.5625],"texture":"#0"}}},{"from":[8.3,4.5,4.5],"to":[8.3,27,7.5],"rotation":{"angle":0,"axis":"y","origin":[16,-8,0]},"faces":{"north":{"uv":[0.625,0,0.5,2.8125],"texture":"#0"},"east":{"uv":[3.9375,0,3.5625,2.8125],"texture":"#0"},"south":{"uv":[0.5,0,0.375,2.8125],"texture":"#0"},"west":{"uv":[3.5625,0,3.9375,2.8125],"texture":"#0"},"up":{"uv":[0.5,0.1875,0.375,0.5625],"texture":"#0"},"down":{"uv":[0.5,0.1875,0.375,0.5625],"texture":"#0"}}},{"from":[6.5,-0.5,5.1],"to":[9.5,2.5,10.1],"rotation":{"angle":0,"axis":"y","origin":[0,-8,0]},"faces":{"north":{"uv":[1.25,3.5625,1.625,3.9375],"texture":"#0"},"east":{"uv":[1.25,3.1875,0.625,3.5625],"texture":"#0"},"south":{"uv":[1.25,3.1875,1.625,3.5625],"texture":"#0"},"west":{"uv":[0.625,3.1875,1.25,3.5625],"texture":"#0"},"up":{"uv":[0.8125,3.5625,1.1875,4.1875],"texture":"#0"},"down":{"uv":[0.8125,4.1875,1.1875,3.5625],"texture":"#0"}}},{"from":[7,0,4.1],"to":[9,2,12.1],"rotation":{"angle":0,"axis":"y","origin":[0,-8,0]},"faces":{"north":{"uv":[0.8125,4.1875,1.0625,4.4375],"texture":"#0"},"east":{"uv":[1.25,4.4375,0.25,4.6875],"texture":"#0"},"south":{"uv":[0.8125,4.1875,1.0625,4.4375],"texture":"#0"},"west":{"uv":[0.25,4.4375,1.25,4.6875],"texture":"#0"},"up":{"uv":[0.25,4.6875,0.5,5.6875],"texture":"#0"},"down":{"uv":[0.25,5.6875,0.5,4.6875],"texture":"#0"}}}],"gui_light":"front","display":{"thirdperson_righthand":{"translation":[0,5.5,1.5],"scale":[0.6332,0.6332,0.6332]},"thirdperson_lefthand":{"translation":[0,5.5,1.5],"scale":[0.6332,0.6332,0.6332]},"firstperson_righthand":{"rotation":[4,0,0],"translation":[1.25,4.5,2.25],"scale":[0.30469,0.30469,0.30469]},"firstperson_lefthand":{"rotation":[4,0,0],"translation":[1.25,4.5,2.25],"scale":[0.30469,0.30469,0.30469]},"ground":{"rotation":[-45,0,0],"translation":[0,9,0],"scale":[0.5,0.5,0.5]},"gui":{"rotation":[-90,-45,-90],"translation":[-0.75,-0.25,0],"scale":[0.48203,0.48203,0.48203]},"head":{"scale":[0,0,0]},"fixed":{"rotation":[0,-90,0],"translation":[0.25,5,-1.75],"scale":[1.3,1.3,1.3]}}}