{"textures​":{"layer0":"minecraft:item/potted_open_eyeblossom"},"credit":"Made with Blockbench","\u0074\u0065\u0078\u0074\u0075\u0072\u0065\u0073":{"3":"\u0063\u0072\u0061\u0074\u0065\u00731:\u006c\u0076\u006c1_\u0063\u0072\u0061\u0074\u0065","\u0070\u0061\u0072\u0074\u0069\u0063\u006c\u0065":"#3"},"elements":[{"from":[-2,2,-1],"to":[1,4,2],"rotation":{"angle":0,"axis":"y","origin":[9,2,8]},"faces":{"north":{"uv":[8.5,0,8.875,0.25],"texture":"#3"},"east":{"uv":[0.25,8.5,0.625,8.75],"texture":"#3"},"south":{"uv":[8.5,0.25,8.875,0.5],"texture":"#3"},"west":{"uv":[8.5,0.5,8.875,0.75],"texture":"#3"},"up":{"uv":[8.375,3.375,8,3],"texture":"#3"},"down":{"uv":[3.875,8,3.5,8.375],"texture":"#3"}}},{"from":[-2,0,-1],"to":[20,2,17],"rotation":{"angle":0,"axis":"y","origin":[9,0,8]},"faces":{"north":{"uv":[7.5,4.75,10.25,5],"texture":"#3"},"east":{"uv":[7.5,5.75,9.75,6],"texture":"#3"},"south":{"uv":[7.5,5,10.25,5.25],"texture":"#3"},"west":{"uv":[7.5,6,9.75,6.25],"texture":"#3"},"up":{"uv":[2.75,2.25,0,0],"texture":"#3"},"down":{"uv":[2.75,2.25,0,4.5],"texture":"#3"}}},{"from":[-1,2,0],"to":[19,8,16],"rotation":{"angle":0,"axis":"y","origin":[9,0,8]},"faces":{"north":{"uv":[5.5,2,8,2.75],"texture":"#3"},"east":{"uv":[6.75,6.5,8.75,7.25],"texture":"#3"},"south":{"uv":[5.5,2.75,8,3.5],"texture":"#3"},"west":{"uv":[0,7.25,2,8],"texture":"#3"},"up":{"uv":[2.5,6.5,0,4.5],"texture":"#3"},"down":{"uv":[5,4.5,2.5,6.5],"texture":"#3"}}},{"from":[-1,10,0],"to":[19,14,16],"rotation":{"angle":0,"axis":"y","origin":[9,0,8]},"faces":{"north":{"uv":[2,7.25,4.5,7.75],"texture":"#3"},"east":{"uv":[7,7.25,9,7.75],"texture":"#3"},"south":{"uv":[4.5,7.25,7,7.75],"texture":"#3"},"west":{"uv":[7.5,4.25,9.5,4.75],"texture":"#3"},"up":{"uv":[7.5,6.5,5,4.5],"texture":"#3"},"down":{"uv":[8,0,5.5,2],"texture":"#3"}}},{"from":[-2,8,-1],"to":[20,10,17],"rotation":{"angle":0,"axis":"y","origin":[9,0,8]},"faces":{"north":{"uv":[7.5,5.25,10.25,5.5],"texture":"#3"},"east":{"uv":[7.5,6.25,9.75,6.5],"texture":"#3"},"south":{"uv":[7.5,5.5,10.25,5.75],"texture":"#3"},"west":{"uv":[3.5,7.75,5.75,8],"texture":"#3"},"up":{"uv":[5.5,2.25,2.75,0],"texture":"#3"},"down":{"uv":[5.5,2.25,2.75,4.5],"texture":"#3"}}},{"from":[-0.5,7,-2],"to":[3.5,11,0],"rotation":{"angle":-45,"axis":"z","origin":[1.5,9,-1]},"faces":{"north":{"uv":[0,8,0.5,8.5],"texture":"#3"},"east":{"uv":[8,8.125,8.25,8.625],"texture":"#3"},"south":{"uv":[8,0,8.5,0.5],"texture":"#3"},"west":{"uv":[5.75,8.25,6,8.75],"texture":"#3"},"up":{"uv":[7.5,4.5,7,4.25],"texture":"#3"},"down":{"uv":[8.25,4,7.75,4.25],"texture":"#3"}}},{"from":[14.5,7,-2],"to":[18.5,11,0],"rotation":{"angle":-45,"axis":"z","origin":[16.5,9,-1]},"faces":{"north":{"uv":[0.5,8,1,8.5],"texture":"#3"},"east":{"uv":[6,8.25,6.25,8.75],"texture":"#3"},"south":{"uv":[8,0.5,8.5,1],"texture":"#3"},"west":{"uv":[6.25,8.25,6.5,8.75],"texture":"#3"},"up":{"uv":[8.75,4.25,8.25,4],"texture":"#3"},"down":{"uv":[8.75,8.125,8.25,8.375],"texture":"#3"}}},{"from":[15,10,-1],"to":[18,16,17],"rotation":{"angle":0,"axis":"y","origin":[9,0,8]},"faces":{"north":{"uv":[6.5,7.75,6.875,8.5],"texture":"#3"},"east":{"uv":[5.5,3.5,7.75,4.25],"texture":"#3"},"south":{"uv":[6.875,7.75,7.25,8.5],"texture":"#3"},"west":{"uv":[0,6.5,2.25,7.25],"texture":"#3"},"up":{"uv":[2.375,10,2,7.75],"texture":"#3"},"down":{"uv":[2.75,7.75,2.375,10],"texture":"#3"}}},{"from":[0,10,-1],"to":[3,16,17],"rotation":{"angle":0,"axis":"y","origin":[9,0,8]},"faces":{"north":{"uv":[7.25,7.75,7.625,8.5],"texture":"#3"},"east":{"uv":[2.25,6.5,4.5,7.25],"texture":"#3"},"south":{"uv":[7.625,7.75,8,8.5],"texture":"#3"},"west":{"uv":[4.5,6.5,6.75,7.25],"texture":"#3"},"up":{"uv":[3.125,10,2.75,7.75],"texture":"#3"},"down":{"uv":[3.5,7.75,3.125,10],"texture":"#3"}}},{"from":[-0.5,7,16],"to":[3.5,11,18],"rotation":{"angle":0,"axis":"y","origin":[9.5,-3,9]},"faces":{"north":{"uv":[1,8,1.5,8.5],"texture":"#3"},"east":{"uv":[8.375,3,8.625,3.5],"texture":"#3"},"south":{"uv":[8,1,8.5,1.5],"texture":"#3"},"west":{"uv":[3.5,8.375,3.75,8.875],"texture":"#3"},"up":{"uv":[4.25,8.625,3.75,8.375],"texture":"#3"},"down":{"uv":[4.75,8.375,4.25,8.625],"texture":"#3"}}},{"from":[14.5,7,16],"to":[18.5,11,18],"rotation":{"angle":0,"axis":"y","origin":[8.5,-3,9]},"faces":{"north":{"uv":[1.5,8,2,8.5],"texture":"#3"},"east":{"uv":[4.75,8.375,5,8.875],"texture":"#3"},"south":{"uv":[8,1.5,8.5,2],"texture":"#3"},"west":{"uv":[5,8.375,5.25,8.875],"texture":"#3"},"up":{"uv":[5.75,8.625,5.25,8.375],"texture":"#3"},"down":{"uv":[8.875,7.75,8.375,8],"texture":"#3"}}},{"from":[6,7,16],"to":[12,11,18],"rotation":{"angle":0,"axis":"y","origin":[9,0,8]},"faces":{"north":{"uv":[7.75,3.5,8.5,4],"texture":"#3"},"east":{"uv":[8.25,8.375,8.5,8.875],"texture":"#3"},"south":{"uv":[5.75,7.75,6.5,8.25],"texture":"#3"},"west":{"uv":[0,8.5,0.25,9],"texture":"#3"},"up":{"uv":[6.25,4.5,5.5,4.25],"texture":"#3"},"down":{"uv":[7,4.25,6.25,4.5],"texture":"#3"}}},{"from":[6.5,3,-1],"to":[10.5,7,0],"rotation":{"angle":-45,"axis":"z","origin":[9,4.5,-0.5]},"faces":{"north":{"uv":[8,2,8.5,2.5],"texture":"#3"},"east":{"uv":[1.75,8.5,1.875,9],"texture":"#3"},"south":{"uv":[8,2.5,8.5,3],"texture":"#3"},"west":{"uv":[1.875,8.5,2,9],"texture":"#3"},"up":{"uv":[8.875,8.125,8.375,8],"texture":"#3"},"down":{"uv":[9,3.5,8.5,3.625],"texture":"#3"}}},{"from":[17,2,-1],"to":[20,4,2],"rotation":{"angle":0,"axis":"y","origin":[9,2,8]},"faces":{"north":{"uv":[0.625,8.5,1,8.75],"texture":"#3"},"east":{"uv":[8.5,0.75,8.875,1],"texture":"#3"},"south":{"uv":[1,8.5,1.375,8.75],"texture":"#3"},"west":{"uv":[8.5,1,8.875,1.25],"texture":"#3"},"up":{"uv":[4.25,8.375,3.875,8],"texture":"#3"},"down":{"uv":[4.625,8,4.25,8.375],"texture":"#3"}}},{"from":[-2,2,14],"to":[1,4,17],"rotation":{"angle":0,"axis":"y","origin":[9,2,8]},"faces":{"north":{"uv":[8.5,1.25,8.875,1.5],"texture":"#3"},"east":{"uv":[1.375,8.5,1.75,8.75],"texture":"#3"},"south":{"uv":[8.5,1.5,8.875,1.75],"texture":"#3"},"west":{"uv":[8.5,1.75,8.875,2],"texture":"#3"},"up":{"uv":[5,8.375,4.625,8],"texture":"#3"},"down":{"uv":[5.375,8,5,8.375],"texture":"#3"}}},{"from":[17,2,14],"to":[20,4,17],"rotation":{"angle":0,"axis":"y","origin":[9,2,8]},"faces":{"north":{"uv":[8.5,2,8.875,2.25],"texture":"#3"},"east":{"uv":[8.5,2.25,8.875,2.5],"texture":"#3"},"south":{"uv":[8.5,2.5,8.875,2.75],"texture":"#3"},"west":{"uv":[8.5,2.75,8.875,3],"texture":"#3"},"up":{"uv":[5.75,8.375,5.375,8],"texture":"#3"},"down":{"uv":[8.375,7.75,8,8.125],"texture":"#3"}}}],"display":{"thirdperson_righthand":{"scale":[0.3,0.3,0.3]},"thirdperson_lefthand":{"scale":[0.3,0.3,0.3]},"firstperson_righthand":{"translation":[1.5,1.25,0],"scale":[0.5,0.5,0.5]},"firstperson_lefthand":{"translation":[3,1.25,0],"scale":[0.5,0.5,0.5]},"ground":{"translation":[0,5,0],"scale":[0.5,0.5,0.5]},"gui":{"rotation":[35,130,0],"translation":[0.25,0,0],"scale":[0.4,0.4,0.4]},"head":{"rotation":[0,180,0],"translation":[1.5,-29,0],"scale":[1.75,1.75,1.75]},"fixed":{"rotation":[-90,0,0],"translation":[-1.5,0,-15.25],"scale":[1.88,1.88,1.88]}}}