{"textures":{"0":"modelengine:entity/dolphin","particle":"#0"},"elements":[{"from":[1.3839426,6.9960003,9.37104],"to":[3.487465,7.932508,13.125019],"faces":{"east":{"uv":[9.0,7.625,9.5,7.75],"tintindex":0,"rotation":0,"texture":"#0"},"south":{"uv":[3.375,9.125,3.625,9.25],"tintindex":0,"rotation":0,"texture":"#0"},"north":{"uv":[2.125,9.125,2.375,9.25],"tintindex":0,"rotation":0,"texture":"#0"},"west":{"uv":[9.0,7.75,9.5,7.875],"tintindex":0,"rotation":0,"texture":"#0"},"up":{"uv":[1.875,3.75,1.625,3.25],"tintindex":0,"rotation":0,"texture":"#0"},"down":{"uv":[3.375,3.75,3.125,4.25],"tintindex":0,"rotation":0,"texture":"#0"}}}],"display":{"head":{"rotation":[0.0,-25.0,0.0]},"firstperson_righthand":{"rotation":[0.0,-25.0,0.0]},"thirdperson_lefthand":{"rotation":[0.0,25.0,-0.0]},"firstperson_lefthand":{"rotation":[0.0,25.0,-0.0]},"fixed":{"rotation":[0.0,-25.0,0.0]},"ground":{"rotation":[0.0,-25.0,0.0]},"thirdperson_righthand":{"rotation":[0.0,-25.0,0.0]},"gui":{"rotation":[-150.0,-20.0,180.0]}}}