{"textures​":{"layer0":"minecraft:item/lime_candle"},"\u0074\u0065\u0078\u0074\u0075\u0072\u0065\u0073":{"0":"\u006d\u006f\u0064\u0065\u006c\u0065\u006e\u0067\u0069\u006e\u0065:\u0065\u006e\u0074\u0069\u0074\u0079/\u0076\u006f\u0069\u0064\u0073\u006c\u0069\u006e\u0067","\u0070\u0061\u0072\u0074\u0069\u0063\u006c\u0065":"#0"},"elements":[{"from":[12.0,12.0,12.0],"to":[4.0,4.0,4.0],"faces":{"east":{"uv":[8.5,6.375,9.25,7.125],"tintindex":0,"rotation":0,"texture":"#0"},"south":{"uv":[8.625,3.0,9.375,3.75],"tintindex":0,"rotation":0,"texture":"#0"},"north":{"uv":[8.25,8.375,9.0,9.125],"tintindex":0,"rotation":0,"texture":"#0"},"west":{"uv":[4.75,8.625,5.5,9.375],"tintindex":0,"rotation":0,"texture":"#0"},"up":{"uv":[9.375,6.0,8.625,5.25],"tintindex":0,"rotation":0,"texture":"#0"},"down":{"uv":[9.5,0.0,8.75,0.75],"tintindex":0,"rotation":0,"texture":"#0"}}},{"from":[11.75,11.75,11.75],"to":[4.25,4.25,4.25],"faces":{"east":{"uv":[8.25,4.5,9.0,5.25],"tintindex":0,"rotation":0,"texture":"#0"},"south":{"uv":[6.0,8.25,6.75,9.0],"tintindex":0,"rotation":0,"texture":"#0"},"north":{"uv":[8.25,3.75,9.0,4.5],"tintindex":0,"rotation":0,"texture":"#0"},"west":{"uv":[8.25,7.625,9.0,8.375],"tintindex":0,"rotation":0,"texture":"#0"},"up":{"uv":[7.5,9.125,6.75,8.375],"tintindex":0,"rotation":0,"texture":"#0"},"down":{"uv":[8.25,8.375,7.5,9.125],"tintindex":0,"rotation":0,"texture":"#0"}}},{"from":[11.25,11.25,11.25],"to":[4.75,4.75,4.75],"faces":{"east":{"uv":[7.5,4.875,8.25,5.625],"tintindex":0,"rotation":0,"texture":"#0"},"south":{"uv":[6.75,7.625,7.5,8.375],"tintindex":0,"rotation":0,"texture":"#0"},"north":{"uv":[7.5,4.125,8.25,4.875],"tintindex":0,"rotation":0,"texture":"#0"},"west":{"uv":[7.5,7.625,8.25,8.375],"tintindex":0,"rotation":0,"texture":"#0"},"up":{"uv":[8.625,3.75,7.875,3.0],"tintindex":0,"rotation":0,"texture":"#0"},"down":{"uv":[8.625,5.625,7.875,6.375],"tintindex":0,"rotation":0,"texture":"#0"}}},{"from":[11.5,11.5,11.5],"to":[4.5,4.5,4.5],"faces":{"east":{"uv":[8.0,2.25,8.75,3.0],"tintindex":0,"rotation":0,"texture":"#0"},"south":{"uv":[0.0,8.125,0.75,8.875],"tintindex":0,"rotation":0,"texture":"#0"},"north":{"uv":[8.0,1.5,8.75,2.25],"tintindex":0,"rotation":0,"texture":"#0"},"west":{"uv":[0.75,8.125,1.5,8.875],"tintindex":0,"rotation":0,"texture":"#0"},"up":{"uv":[2.25,9.0,1.5,8.25],"tintindex":0,"rotation":0,"texture":"#0"},"down":{"uv":[3.0,8.25,2.25,9.0],"tintindex":0,"rotation":0,"texture":"#0"}}},{"from":[5.0,5.0,5.0],"to":[11.0,11.0,11.0],"faces":{"east":{"uv":[7.25,2.25,8.0,3.0],"tintindex":0,"rotation":0,"texture":"#0"},"south":{"uv":[0.0,7.375,0.75,8.125],"tintindex":0,"rotation":0,"texture":"#0"},"north":{"uv":[7.25,1.5,8.0,2.25],"tintindex":0,"rotation":0,"texture":"#0"},"west":{"uv":[0.75,7.375,1.5,8.125],"tintindex":0,"rotation":0,"texture":"#0"},"up":{"uv":[2.25,8.25,1.5,7.5],"tintindex":0,"rotation":0,"texture":"#0"},"down":{"uv":[3.0,7.5,2.25,8.25],"tintindex":0,"rotation":0,"texture":"#0"}}}],"display":{"gui":{"rotation":[-150.0,-45.0,180.0]}},"gui_light":"front"}