{"textures​":{"layer0":"minecraft:item/miner_pottery_sherd"},"credit":"Made with Blockbench","texture_size":[256,256],"\u0074\u0065\u0078\u0074\u0075\u0072\u0065\u0073":{"2":"\u0063\u0072\u0061\u0074\u0065\u0073_\u0065\u0078\u0070\u0061\u006e\u0073\u0069\u006f\u006e:\u006c\u0065\u0067\u0065\u006e\u0064\u0061\u0072\u0079_\u0063\u0072\u0061\u0074\u0065","\u0070\u0061\u0072\u0074\u0069\u0063\u006c\u0065":"\u0063\u0072\u0061\u0074\u0065\u0073_\u0065\u0078\u0070\u0061\u006e\u0073\u0069\u006f\u006e:\u006c\u0065\u0067\u0065\u006e\u0064\u0061\u0072\u0079_\u0063\u0072\u0061\u0074\u0065"},"elements":[{"from":[23.01465,-4.00835,4.5],"to":[25.01465,3.99165,10.5],"rotation":{"angle":22.5,"axis":"z","origin":[9,8,17]},"faces":{"north":{"uv":[0.375,1.875,0.5,2.375],"texture":"#2"},"east":{"uv":[0,1.875,0.375,2.375],"texture":"#2"},"south":{"uv":[0.875,1.875,1,2.375],"texture":"#2"},"west":{"uv":[0.5,1.875,0.875,2.375],"texture":"#2"},"up":{"uv":[0.5,1.875,0.375,1.5],"texture":"#2"},"down":{"uv":[0.625,1.5,0.5,1.875],"texture":"#2"}}},{"from":[-6.86241,-3.77372,4.5],"to":[-4.86241,4.22628,10.5],"rotation":{"angle":-22.5,"axis":"z","origin":[9,8,17]},"faces":{"north":{"uv":[0.375,0.375,0.5,0.875],"texture":"#2"},"east":{"uv":[0,0.375,0.375,0.875],"texture":"#2"},"south":{"uv":[0.875,0.375,1,0.875],"texture":"#2"},"west":{"uv":[0.5,0.375,0.875,0.875],"texture":"#2"},"up":{"uv":[0.5,0.375,0.375,0],"texture":"#2"},"down":{"uv":[0.625,0,0.5,0.375],"texture":"#2"}}},{"from":[6,5,-4],"to":[12,10,0],"rotation":{"angle":0,"axis":"y","origin":[9,8,17]},"faces":{"north":{"uv":[6.625,3,7,3.3125],"texture":"#2"},"east":{"uv":[6.375,3,6.625,3.3125],"texture":"#2"},"south":{"uv":[7.25,3,7.625,3.3125],"texture":"#2"},"west":{"uv":[7,3,7.25,3.3125],"texture":"#2"},"up":{"uv":[7,3,6.625,2.75],"texture":"#2"},"down":{"uv":[7.375,2.75,7,3],"texture":"#2"}}},{"from":[5,-1.9,-3.2],"to":[13,9.1,-0.2],"rotation":{"angle":0,"axis":"y","origin":[9,8,17]},"faces":{"north":{"uv":[5.5625,5.8125,6.0625,6.5],"texture":"#2"},"east":{"uv":[5.375,5.8125,5.5625,6.5],"texture":"#2"},"south":{"uv":[6.25,5.8125,6.75,6.5],"texture":"#2"},"west":{"uv":[6.0625,5.8125,6.25,6.5],"texture":"#2"},"up":{"uv":[6.0625,5.8125,5.5625,5.625],"texture":"#2"},"down":{"uv":[6.5625,5.625,6.0625,5.8125],"texture":"#2"}}},{"from":[8,10,-4],"to":[10,12,-3],"rotation":{"angle":0,"axis":"y","origin":[9,8,17]},"faces":{"north":{"uv":[0.0625,0.0625,0.1875,0.1875],"texture":"#2"},"east":{"uv":[0,0.0625,0.0625,0.1875],"texture":"#2"},"south":{"uv":[0.25,0.0625,0.375,0.1875],"texture":"#2"},"west":{"uv":[0.1875,0.0625,0.25,0.1875],"texture":"#2"},"up":{"uv":[0.1875,0.0625,0.0625,0],"texture":"#2"},"down":{"uv":[0.3125,0,0.1875,0.0625],"texture":"#2"}}},{"from":[6,10,-4],"to":[7,11,-3],"rotation":{"angle":0,"axis":"y","origin":[9,8,17]},"faces":{"north":{"uv":[0.6875,0.0625,0.75,0.125],"texture":"#2"},"east":{"uv":[0.625,0.0625,0.6875,0.125],"texture":"#2"},"south":{"uv":[0.8125,0.0625,0.875,0.125],"texture":"#2"},"west":{"uv":[0.75,0.0625,0.8125,0.125],"texture":"#2"},"up":{"uv":[0.75,0.0625,0.6875,0],"texture":"#2"},"down":{"uv":[0.8125,0,0.75,0.0625],"texture":"#2"}}},{"from":[11,10,-4],"to":[12,11,-3],"rotation":{"angle":0,"axis":"y","origin":[9,8,17]},"faces":{"north":{"uv":[0.0625,0.25,0.125,0.3125],"texture":"#2"},"east":{"uv":[0,0.25,0.0625,0.3125],"texture":"#2"},"south":{"uv":[0.1875,0.25,0.25,0.3125],"texture":"#2"},"west":{"uv":[0.125,0.25,0.1875,0.3125],"texture":"#2"},"up":{"uv":[0.125,0.25,0.0625,0.1875],"texture":"#2"},"down":{"uv":[0.1875,0.1875,0.125,0.25],"texture":"#2"}}},{"from":[-4.2,8.8,-1.2],"to":[22.2,17.2,16.2],"rotation":{"angle":0,"axis":"y","origin":[9,8,17]},"faces":{"north":{"uv":[1.0625,4.0625,2.6875,4.5625],"texture":"#2"},"east":{"uv":[0,4.0625,1.0625,4.5625],"texture":"#2"},"south":{"uv":[3.75,4.0625,5.375,4.5625],"texture":"#2"},"west":{"uv":[2.6875,4.0625,3.75,4.5625],"texture":"#2"},"up":{"uv":[2.6875,4.0625,1.0625,3],"texture":"#2"},"down":{"uv":[4.3125,3,2.6875,4.0625],"texture":"#2"}}},{"from":[-4,9,-1],"to":[22,17,16],"rotation":{"angle":0,"axis":"y","origin":[9,8,17]},"faces":{"north":{"uv":[5.375,4.5625,7,5.0625],"texture":"#2"},"east":{"uv":[4.3125,4.5625,5.375,5.0625],"texture":"#2"},"south":{"uv":[8.0625,4.5625,9.6875,5.0625],"texture":"#2"},"west":{"uv":[7,4.5625,8.0625,5.0625],"texture":"#2"},"up":{"uv":[7,4.5625,5.375,3.5],"texture":"#2"},"down":{"uv":[8.625,3.5,7,4.5625],"texture":"#2"}}},{"from":[-4.3,17,3.4],"to":[22.1,18,11.4],"rotation":{"angle":0,"axis":"y","origin":[9,8,17]},"faces":{"north":{"uv":[4.8125,5.5625,6.4375,5.625],"texture":"#2"},"east":{"uv":[4.3125,5.5625,4.8125,5.625],"texture":"#2"},"south":{"uv":[6.9375,5.5625,8.5625,5.625],"texture":"#2"},"west":{"uv":[6.4375,5.5625,6.9375,5.625],"texture":"#2"},"up":{"uv":[6.4375,5.5625,4.8125,5.0625],"texture":"#2"},"down":{"uv":[8.0625,5.0625,6.4375,5.5625],"texture":"#2"}}},{"from":[-2.88535,12.69165,-2],"to":[0.11465,22.69165,1],"rotation":{"angle":22.5,"axis":"z","origin":[9,8,17]},"faces":{"north":{"uv":[0.1875,3.1875,0.375,3.8125],"texture":"#2"},"east":{"uv":[0,3.1875,0.1875,3.8125],"texture":"#2"},"south":{"uv":[0.5625,3.1875,0.75,3.8125],"texture":"#2"},"west":{"uv":[0.375,3.1875,0.5625,3.8125],"texture":"#2"},"up":{"uv":[0.375,3.1875,0.1875,3],"texture":"#2"},"down":{"uv":[0.5625,3,0.375,3.1875],"texture":"#2"}}},{"from":[-2.88535,19.69165,1],"to":[0.11465,22.69165,14],"rotation":{"angle":22.5,"axis":"z","origin":[9,8,17]},"faces":{"north":{"uv":[6.125,0.8125,6.3125,1],"texture":"#2"},"east":{"uv":[5.3125,0.8125,6.125,1],"texture":"#2"},"south":{"uv":[7.125,0.8125,7.3125,1],"texture":"#2"},"west":{"uv":[6.3125,0.8125,7.125,1],"texture":"#2"},"up":{"uv":[6.3125,0.8125,6.125,0],"texture":"#2"},"down":{"uv":[6.5,0,6.3125,0.8125],"texture":"#2"}}},{"from":[-3.08535,20.49165,13.8],"to":[0.31465,22.89165,17.2],"rotation":{"angle":22.5,"axis":"z","origin":[9,8,17]},"faces":{"north":{"uv":[0.1875,2.5625,0.375,2.6875],"texture":"#2"},"east":{"uv":[0,2.5625,0.1875,2.6875],"texture":"#2"},"south":{"uv":[0.5625,2.5625,0.75,2.6875],"texture":"#2"},"west":{"uv":[0.375,2.5625,0.5625,2.6875],"texture":"#2"},"up":{"uv":[0.375,2.5625,0.1875,2.375],"texture":"#2"},"down":{"uv":[0.5625,2.375,0.375,2.5625],"texture":"#2"}}},{"from":[-3.08535,20.49165,-2.2],"to":[0.31465,22.89165,1.2],"rotation":{"angle":22.5,"axis":"z","origin":[9,8,17]},"faces":{"north":{"uv":[0.75,2.6875,0.9375,2.8125],"texture":"#2"},"east":{"uv":[0.5625,2.6875,0.75,2.8125],"texture":"#2"},"south":{"uv":[1.125,2.6875,1.3125,2.8125],"texture":"#2"},"west":{"uv":[0.9375,2.6875,1.125,2.8125],"texture":"#2"},"up":{"uv":[0.9375,2.6875,0.75,2.5],"texture":"#2"},"down":{"uv":[1.125,2.5,0.9375,2.6875],"texture":"#2"}}},{"from":[17.43759,20.42628,-2.2],"to":[20.83759,22.82628,1.2],"rotation":{"angle":-22.5,"axis":"z","origin":[9,8,17]},"faces":{"north":{"uv":[0.1875,1.0625,0.375,1.1875],"texture":"#2"},"east":{"uv":[0,1.0625,0.1875,1.1875],"texture":"#2"},"south":{"uv":[0.5625,1.0625,0.75,1.1875],"texture":"#2"},"west":{"uv":[0.375,1.0625,0.5625,1.1875],"texture":"#2"},"up":{"uv":[0.375,1.0625,0.1875,0.875],"texture":"#2"},"down":{"uv":[0.5625,0.875,0.375,1.0625],"texture":"#2"}}},{"from":[17.63759,19.62628,1],"to":[20.63759,22.62628,14],"rotation":{"angle":-22.5,"axis":"z","origin":[9,8,17]},"faces":{"north":{"uv":[6.125,2.3125,6.3125,2.5],"texture":"#2"},"east":{"uv":[5.3125,2.3125,6.125,2.5],"texture":"#2"},"south":{"uv":[7.125,2.3125,7.3125,2.5],"texture":"#2"},"west":{"uv":[6.3125,2.3125,7.125,2.5],"texture":"#2"},"up":{"uv":[6.3125,2.3125,6.125,1.5],"texture":"#2"},"down":{"uv":[6.5,1.5,6.3125,2.3125],"texture":"#2"}}},{"from":[17.43759,20.42628,13.8],"to":[20.83759,22.82628,17.2],"rotation":{"angle":-22.5,"axis":"z","origin":[9,8,17]},"faces":{"north":{"uv":[0.75,1.1875,0.9375,1.3125],"texture":"#2"},"east":{"uv":[0.5625,1.1875,0.75,1.3125],"texture":"#2"},"south":{"uv":[1.125,1.1875,1.3125,1.3125],"texture":"#2"},"west":{"uv":[0.9375,1.1875,1.125,1.3125],"texture":"#2"},"up":{"uv":[0.9375,1.1875,0.75,1],"texture":"#2"},"down":{"uv":[1.125,1,0.9375,1.1875],"texture":"#2"}}},{"from":[17.63759,12.62628,-2],"to":[20.63759,22.62628,1],"rotation":{"angle":-22.5,"axis":"z","origin":[9,8,17]},"faces":{"north":{"uv":[5.5,0.1875,5.6875,0.8125],"texture":"#2"},"east":{"uv":[5.3125,0.1875,5.5,0.8125],"texture":"#2"},"south":{"uv":[5.875,0.1875,6.0625,0.8125],"texture":"#2"},"west":{"uv":[5.6875,0.1875,5.875,0.8125],"texture":"#2"},"up":{"uv":[5.6875,0.1875,5.5,0],"texture":"#2"},"down":{"uv":[5.875,0,5.6875,0.1875],"texture":"#2"}}},{"from":[17.63759,12.62628,14],"to":[20.63759,22.62628,17],"rotation":{"angle":-22.5,"axis":"z","origin":[9,8,17]},"faces":{"north":{"uv":[0.1875,4.75,0.375,5.375],"texture":"#2"},"east":{"uv":[0,4.75,0.1875,5.375],"texture":"#2"},"south":{"uv":[0.5625,4.75,0.75,5.375],"texture":"#2"},"west":{"uv":[0.375,4.75,0.5625,5.375],"texture":"#2"},"up":{"uv":[0.375,4.75,0.1875,4.5625],"texture":"#2"},"down":{"uv":[0.5625,4.5625,0.375,4.75],"texture":"#2"}}},{"from":[-7,6,-3],"to":[25,9,18],"rotation":{"angle":0,"axis":"y","origin":[9,8,17]},"faces":{"north":{"uv":[1.3125,2.8125,3.3125,3],"texture":"#2"},"east":{"uv":[0,2.8125,1.3125,3],"texture":"#2"},"south":{"uv":[4.625,2.8125,6.625,3],"texture":"#2"},"west":{"uv":[3.3125,2.8125,4.625,3],"texture":"#2"},"up":{"uv":[3.3125,2.8125,1.3125,1.5],"texture":"#2"},"down":{"uv":[5.3125,1.5,3.3125,2.8125],"texture":"#2"}}},{"from":[-2.88535,12.69165,14],"to":[0.11465,22.69165,17],"rotation":{"angle":22.5,"axis":"z","origin":[9,8,17]},"faces":{"north":{"uv":[4.5,3.1875,4.6875,3.8125],"texture":"#2"},"east":{"uv":[4.3125,3.1875,4.5,3.8125],"texture":"#2"},"south":{"uv":[4.875,3.1875,5.0625,3.8125],"texture":"#2"},"west":{"uv":[4.6875,3.1875,4.875,3.8125],"texture":"#2"},"up":{"uv":[4.6875,3.1875,4.5,3],"texture":"#2"},"down":{"uv":[4.875,3,4.6875,3.1875],"texture":"#2"}}},{"from":[-4,0,-1],"to":[22,7,16],"rotation":{"angle":0,"axis":"y","origin":[8,0,8]},"faces":{"north":{"uv":[1.0625,5.625,2.6875,6.0625],"texture":"#2"},"east":{"uv":[0,5.625,1.0625,6.0625],"texture":"#2"},"south":{"uv":[3.75,5.625,5.375,6.0625],"texture":"#2"},"west":{"uv":[2.6875,5.625,3.75,6.0625],"texture":"#2"},"up":{"uv":[2.6875,5.625,1.0625,4.5625],"texture":"#2"},"down":{"uv":[4.3125,4.5625,2.6875,5.625],"texture":"#2"}}},{"from":[-4.2,1.8,-1.2],"to":[22.2,8.2,16.2],"rotation":{"angle":0,"axis":"y","origin":[8,0,8]},"faces":{"north":{"uv":[1.0625,7.875,2.6875,8.25],"texture":"#2"},"east":{"uv":[0,7.875,1.0625,8.25],"texture":"#2"},"south":{"uv":[3.75,7.875,5.375,8.25],"texture":"#2"},"west":{"uv":[2.6875,7.875,3.75,8.25],"texture":"#2"},"up":{"uv":[2.6875,7.875,1.0625,6.8125],"texture":"#2"},"down":{"uv":[4.3125,6.8125,2.6875,7.875],"texture":"#2"}}},{"from":[20,0,14],"to":[23,8,17],"rotation":{"angle":0,"axis":"z","origin":[8,0,8]},"faces":{"north":{"uv":[5.5,1.6875,5.6875,2.1875],"texture":"#2"},"east":{"uv":[5.3125,1.6875,5.5,2.1875],"texture":"#2"},"south":{"uv":[5.875,1.6875,6.0625,2.1875],"texture":"#2"},"west":{"uv":[5.6875,1.6875,5.875,2.1875],"texture":"#2"},"up":{"uv":[5.6875,1.6875,5.5,1.5],"texture":"#2"},"down":{"uv":[5.875,1.5,5.6875,1.6875],"texture":"#2"}}},{"from":[-5,0,14],"to":[-2,8,17],"rotation":{"angle":0,"axis":"z","origin":[8,0,8]},"faces":{"north":{"uv":[6.6875,0.1875,6.875,0.6875],"texture":"#2"},"east":{"uv":[6.5,0.1875,6.6875,0.6875],"texture":"#2"},"south":{"uv":[7.0625,0.1875,7.25,0.6875],"texture":"#2"},"west":{"uv":[6.875,0.1875,7.0625,0.6875],"texture":"#2"},"up":{"uv":[6.875,0.1875,6.6875,0],"texture":"#2"},"down":{"uv":[7.0625,0,6.875,0.1875],"texture":"#2"}}},{"from":[20,0,-2],"to":[23,8,1],"rotation":{"angle":0,"axis":"z","origin":[8,0,8]},"faces":{"north":{"uv":[6.6875,1.5,6.875,2],"texture":"#2"},"east":{"uv":[6.5,1.5,6.6875,2],"texture":"#2"},"south":{"uv":[7.0625,1.5,7.25,2],"texture":"#2"},"west":{"uv":[6.875,1.5,7.0625,2],"texture":"#2"},"up":{"uv":[6.875,1.5,6.6875,1.3125],"texture":"#2"},"down":{"uv":[7.0625,1.3125,6.875,1.5],"texture":"#2"}}},{"from":[-5,0,-2],"to":[-2,8,1],"rotation":{"angle":0,"axis":"z","origin":[8,0,8]},"faces":{"north":{"uv":[5.6875,6.6875,5.875,7.1875],"texture":"#2"},"east":{"uv":[5.5,6.6875,5.6875,7.1875],"texture":"#2"},"south":{"uv":[6.0625,6.6875,6.25,7.1875],"texture":"#2"},"west":{"uv":[5.875,6.6875,6.0625,7.1875],"texture":"#2"},"up":{"uv":[5.875,6.6875,5.6875,6.5],"texture":"#2"},"down":{"uv":[6.0625,6.5,5.875,6.6875],"texture":"#2"}}},{"from":[15,-10.4,-2],"to":[20,-4.4,4],"rotation":{"angle":22.5,"axis":"z","origin":[8,0,8]},"faces":{"north":{"uv":[4.5,6.5,4.8125,6.875],"texture":"#2"},"east":{"uv":[4.125,6.5,4.5,6.875],"texture":"#2"},"south":{"uv":[5.1875,6.5,5.5,6.875],"texture":"#2"},"west":{"uv":[4.8125,6.5,5.1875,6.875],"texture":"#2"},"up":{"uv":[4.8125,6.5,4.5,6.125],"texture":"#2"},"down":{"uv":[5.125,6.125,4.8125,6.5],"texture":"#2"}}},{"from":[-3,-10,-2],"to":[2,-4,4],"rotation":{"angle":-22.5,"axis":"z","origin":[8,0,8]},"faces":{"north":{"uv":[3.125,6.4375,3.4375,6.8125],"texture":"#2"},"east":{"uv":[2.75,6.4375,3.125,6.8125],"texture":"#2"},"south":{"uv":[3.8125,6.4375,4.125,6.8125],"texture":"#2"},"west":{"uv":[3.4375,6.4375,3.8125,6.8125],"texture":"#2"},"up":{"uv":[3.4375,6.4375,3.125,6.0625],"texture":"#2"},"down":{"uv":[3.75,6.0625,3.4375,6.4375],"texture":"#2"}}},{"from":[-3,-10,11],"to":[2,-4,17],"rotation":{"angle":-22.5,"axis":"z","origin":[8,0,21]},"faces":{"north":{"uv":[0.375,6.4375,0.6875,6.8125],"texture":"#2"},"east":{"uv":[0,6.4375,0.375,6.8125],"texture":"#2"},"south":{"uv":[1.0625,6.4375,1.375,6.8125],"texture":"#2"},"west":{"uv":[0.6875,6.4375,1.0625,6.8125],"texture":"#2"},"up":{"uv":[0.6875,6.4375,0.375,6.0625],"texture":"#2"},"down":{"uv":[1,6.0625,0.6875,6.4375],"texture":"#2"}}},{"from":[15,-10.4,11],"to":[20,-4.4,17],"rotation":{"angle":22.5,"axis":"z","origin":[8,0,21]},"faces":{"north":{"uv":[1.75,6.4375,2.0625,6.8125],"texture":"#2"},"east":{"uv":[1.375,6.4375,1.75,6.8125],"texture":"#2"},"south":{"uv":[2.4375,6.4375,2.75,6.8125],"texture":"#2"},"west":{"uv":[2.0625,6.4375,2.4375,6.8125],"texture":"#2"},"up":{"uv":[2.0625,6.4375,1.75,6.0625],"texture":"#2"},"down":{"uv":[2.375,6.0625,2.0625,6.4375],"texture":"#2"}}},{"from":[-6.9,-0.9,-2.9],"to":[24.9,1.9,17.9],"rotation":{"angle":0,"axis":"y","origin":[8,0,8]},"faces":{"north":{"uv":[1.3125,1.3125,3.3125,1.5],"texture":"#2"},"east":{"uv":[0,1.3125,1.3125,1.5],"texture":"#2"},"south":{"uv":[4.625,1.3125,6.625,1.5],"texture":"#2"},"west":{"uv":[3.3125,1.3125,4.625,1.5],"texture":"#2"},"up":{"uv":[3.3125,1.3125,1.3125,0],"texture":"#2"},"down":{"uv":[5.3125,0,3.3125,1.3125],"texture":"#2"}}}],"display":{"thirdperson_righthand":{"rotation":[40,40,0],"scale":[0.2,0.2,0.2]},"thirdperson_lefthand":{"rotation":[40,40,0],"scale":[0.2,0.2,0.2]},"firstperson_righthand":{"scale":[0.4,0.4,0.4]},"firstperson_lefthand":{"scale":[0.4,0.4,0.4]},"ground":{"scale":[0.3,0.3,0.3]},"gui":{"rotation":[24,-145,0],"translation":[0.5,0,0],"scale":[0.35,0.35,0.35]},"head":{"translation":[0,-17,0],"scale":[1.75,1.75,1.75]},"fixed":{"rotation":[-90,0,0],"translation":[0,0,-25],"scale":[2,2,2]}},"gui_light":"front"}